<?xml version='1.0' encoding='utf-8'?>
<gpx xmlns="http://www.topografix.com/GPX/1/1" xmlns:gpxdata="http://www.cluetrust.com/XML/GPXDATA/1/0" version="1.1" creator="crawler">
  <wpt lat="46.8081131" lon="10.2429518">
    <ele>2156.7</ele>
    <time>2026-09-15T10:22:15Z</time>
    <name>1 km</name>
  </wpt>
  <wpt lat="46.8118010" lon="10.2426719">
    <ele>2336.8</ele>
    <time>2026-09-15T10:49:19Z</time>
    <name>2 km</name>
  </wpt>
  <wpt lat="46.8156929" lon="10.2443440">
    <ele>2518.2</ele>
    <time>2026-09-15T11:16:34Z</time>
    <name>3 km</name>
  </wpt>
  <wpt lat="46.8187059" lon="10.2437140">
    <ele>2716.9</ele>
    <time>2026-09-15T11:44:13Z</time>
    <name>4 km</name>
  </wpt>
  <wpt lat="46.8232339" lon="10.2396881">
    <ele>2642.4</ele>
    <time>2026-09-15T12:06:41Z</time>
    <name>5 km</name>
  </wpt>
  <wpt lat="46.8161289" lon="10.2379809">
    <ele>2487.4</ele>
    <time>2026-09-15T12:25:13Z</time>
    <name>6 km</name>
  </wpt>
  <wpt lat="46.8117650" lon="10.2297956">
    <ele>2486.0</ele>
    <time>2026-09-15T12:43:50Z</time>
    <name>7 km</name>
  </wpt>
  <wpt lat="46.8105511" lon="10.2223903">
    <ele>2348.8</ele>
    <time>2026-09-15T13:02:11Z</time>
    <name>8 km</name>
  </wpt>
  <wpt lat="46.8039131" lon="10.2218242">
    <ele>2208.1</ele>
    <time>2026-09-15T13:20:31Z</time>
    <name>9 km</name>
  </wpt>
  <wpt lat="46.8077150" lon="10.2316176">
    <ele>2204.9</ele>
    <time>2026-09-15T13:39:12Z</time>
    <name>10 km</name>
  </wpt>
  <wpt lat="46.8086920" lon="10.2424448">
    <ele>2152.9</ele>
    <time>2026-09-15T13:57:35Z</time>
    <name>11 km</name>
  </wpt>
  <trk>
    <name>660 Ftan - Ftan</name>
    <link href="https://schweizmobil.ch/fr/hiking-in-switzerland/route-660" />
    <type>hiking</type>
    <trkseg>
      <trkpt lat="46.8056612" lon="10.2500339">
        <ele>2065.3</ele>
        <time>2026-09-15T10:00:00Z</time>
        <extensions>
          <gpxdata:distance>0.00</gpxdata:distance>
          <gpxdata:speed>0.000</gpxdata:speed>
        </extensions>
      </trkpt>
      <trkpt lat="46.8057392" lon="10.2497889">
        <ele>2065.3</ele>
        <time>2026-09-15T10:00:20Z</time>
        <extensions>
          <gpxdata:distance>20.57</gpxdata:distance>
          <gpxdata:speed>1.006</gpxdata:speed>
        </extensions>
      </trkpt>
      <trkpt lat="46.8058462" lon="10.2494929">
        <ele>2065.4</ele>
        <time>2026-09-15T10:00:46Z</time>
        <extensions>
          <gpxdata:distance>46.04</gpxdata:distance>
          <gpxdata:speed>1.006</gpxdata:speed>
        </extensions>
      </trkpt>
      <trkpt lat="46.8058852" lon="10.2493509">
        <ele>2065.8</ele>
        <time>2026-09-15T10:00:57Z</time>
        <extensions>
          <gpxdata:distance>57.69</gpxdata:distance>
          <gpxdata:speed>1.006</gpxdata:speed>
        </extensions>
      </trkpt>
      <trkpt lat="46.8059062" lon="10.2492209">
        <ele>2066.0</ele>
        <time>2026-09-15T10:01:07Z</time>
        <extensions>
          <gpxdata:distance>67.85</gpxdata:distance>
          <gpxdata:speed>1.006</gpxdata:speed>
        </extensions>
      </trkpt>
      <trkpt lat="46.8059222" lon="10.2489469">
        <ele>2065.6</ele>
        <time>2026-09-15T10:01:28Z</time>
        <extensions>
          <gpxdata:distance>88.78</gpxdata:distance>
          <gpxdata:speed>1.006</gpxdata:speed>
        </extensions>
      </trkpt>
      <trkpt lat="46.8059172" lon="10.2487759">
        <ele>2065.2</ele>
        <time>2026-09-15T10:01:41Z</time>
        <extensions>
          <gpxdata:distance>101.81</gpxdata:distance>
          <gpxdata:speed>1.006</gpxdata:speed>
        </extensions>
      </trkpt>
      <trkpt lat="46.8059072" lon="10.2484739">
        <ele>2064.8</ele>
        <time>2026-09-15T10:02:04Z</time>
        <extensions>
          <gpxdata:distance>124.82</gpxdata:distance>
          <gpxdata:speed>1.006</gpxdata:speed>
        </extensions>
      </trkpt>
      <trkpt lat="46.8059092" lon="10.2483689">
        <ele>2064.8</ele>
        <time>2026-09-15T10:02:12Z</time>
        <extensions>
          <gpxdata:distance>132.82</gpxdata:distance>
          <gpxdata:speed>1.006</gpxdata:speed>
        </extensions>
      </trkpt>
      <trkpt lat="46.8059302" lon="10.2482659">
        <ele>2064.6</ele>
        <time>2026-09-15T10:02:20Z</time>
        <extensions>
          <gpxdata:distance>141.00</gpxdata:distance>
          <gpxdata:speed>1.006</gpxdata:speed>
        </extensions>
      </trkpt>
      <trkpt lat="46.8059512" lon="10.2481489">
        <ele>2064.2</ele>
        <time>2026-09-15T10:02:29Z</time>
        <extensions>
          <gpxdata:distance>150.20</gpxdata:distance>
          <gpxdata:speed>1.001</gpxdata:speed>
        </extensions>
      </trkpt>
      <trkpt lat="46.8059721" lon="10.2480319">
        <ele>2063.7</ele>
        <time>2026-09-15T10:02:39Z</time>
        <extensions>
          <gpxdata:distance>159.41</gpxdata:distance>
          <gpxdata:speed>0.993</gpxdata:speed>
        </extensions>
      </trkpt>
      <trkpt lat="46.8059831" lon="10.2479279">
        <ele>2063.8</ele>
        <time>2026-09-15T10:02:47Z</time>
        <extensions>
          <gpxdata:distance>167.42</gpxdata:distance>
          <gpxdata:speed>0.989</gpxdata:speed>
        </extensions>
      </trkpt>
      <trkpt lat="46.8060051" lon="10.2477839">
        <ele>2063.9</ele>
        <time>2026-09-15T10:02:58Z</time>
        <extensions>
          <gpxdata:distance>178.64</gpxdata:distance>
          <gpxdata:speed>0.988</gpxdata:speed>
        </extensions>
      </trkpt>
      <trkpt lat="46.8060351" lon="10.2476549">
        <ele>2064.0</ele>
        <time>2026-09-15T10:03:09Z</time>
        <extensions>
          <gpxdata:distance>189.01</gpxdata:distance>
          <gpxdata:speed>0.992</gpxdata:speed>
        </extensions>
      </trkpt>
      <trkpt lat="46.8060351" lon="10.2476549">
        <ele>2064.0</ele>
        <time>2026-09-15T10:03:09Z</time>
        <extensions>
          <gpxdata:distance>189.01</gpxdata:distance>
          <gpxdata:speed>0.000</gpxdata:speed>
        </extensions>
      </trkpt>
      <trkpt lat="46.8060461" lon="10.2475639">
        <ele>2063.8</ele>
        <time>2026-09-15T10:03:16Z</time>
        <extensions>
          <gpxdata:distance>196.05</gpxdata:distance>
          <gpxdata:speed>0.994</gpxdata:speed>
        </extensions>
      </trkpt>
      <trkpt lat="46.8060651" lon="10.2475249">
        <ele>2064.3</ele>
        <time>2026-09-15T10:03:19Z</time>
        <extensions>
          <gpxdata:distance>199.69</gpxdata:distance>
          <gpxdata:speed>1.003</gpxdata:speed>
        </extensions>
      </trkpt>
      <trkpt lat="46.8060941" lon="10.2474609">
        <ele>2065.5</ele>
        <time>2026-09-15T10:03:25Z</time>
        <extensions>
          <gpxdata:distance>205.53</gpxdata:distance>
          <gpxdata:speed>0.977</gpxdata:speed>
        </extensions>
      </trkpt>
      <trkpt lat="46.8061401" lon="10.2474109">
        <ele>2068.1</ele>
        <time>2026-09-15T10:03:33Z</time>
        <extensions>
          <gpxdata:distance>211.91</gpxdata:distance>
          <gpxdata:speed>0.851</gpxdata:speed>
        </extensions>
      </trkpt>
      <trkpt lat="46.8061861" lon="10.2473739">
        <ele>2069.8</ele>
        <time>2026-09-15T10:03:41Z</time>
        <extensions>
          <gpxdata:distance>217.75</gpxdata:distance>
          <gpxdata:speed>0.743</gpxdata:speed>
        </extensions>
      </trkpt>
      <trkpt lat="46.8062231" lon="10.2473369">
        <ele>2071.0</ele>
        <time>2026-09-15T10:03:48Z</time>
        <extensions>
          <gpxdata:distance>222.73</gpxdata:distance>
          <gpxdata:speed>0.679</gpxdata:speed>
        </extensions>
      </trkpt>
      <trkpt lat="46.8062511" lon="10.2472859">
        <ele>2072.1</ele>
        <time>2026-09-15T10:03:56Z</time>
        <extensions>
          <gpxdata:distance>227.71</gpxdata:distance>
          <gpxdata:speed>0.637</gpxdata:speed>
        </extensions>
      </trkpt>
      <trkpt lat="46.8062881" lon="10.2472219">
        <ele>2073.1</ele>
        <time>2026-09-15T10:04:06Z</time>
        <extensions>
          <gpxdata:distance>234.08</gpxdata:distance>
          <gpxdata:speed>0.642</gpxdata:speed>
        </extensions>
      </trkpt>
      <trkpt lat="46.8063261" lon="10.2471719">
        <ele>2073.2</ele>
        <time>2026-09-15T10:04:15Z</time>
        <extensions>
          <gpxdata:distance>239.77</gpxdata:distance>
          <gpxdata:speed>0.642</gpxdata:speed>
        </extensions>
      </trkpt>
      <trkpt lat="46.8063621" lon="10.2471479">
        <ele>2074.4</ele>
        <time>2026-09-15T10:04:22Z</time>
        <extensions>
          <gpxdata:distance>244.17</gpxdata:distance>
          <gpxdata:speed>0.573</gpxdata:speed>
        </extensions>
      </trkpt>
      <trkpt lat="46.8064081" lon="10.2471369">
        <ele>2075.0</ele>
        <time>2026-09-15T10:04:31Z</time>
        <extensions>
          <gpxdata:distance>249.35</gpxdata:distance>
          <gpxdata:speed>0.591</gpxdata:speed>
        </extensions>
      </trkpt>
      <trkpt lat="46.8064531" lon="10.2471389">
        <ele>2076.3</ele>
        <time>2026-09-15T10:04:40Z</time>
        <extensions>
          <gpxdata:distance>254.36</gpxdata:distance>
          <gpxdata:speed>0.569</gpxdata:speed>
        </extensions>
      </trkpt>
      <trkpt lat="46.8064891" lon="10.2471279">
        <ele>2076.3</ele>
        <time>2026-09-15T10:04:46Z</time>
        <extensions>
          <gpxdata:distance>258.45</gpxdata:distance>
          <gpxdata:speed>0.640</gpxdata:speed>
        </extensions>
      </trkpt>
      <trkpt lat="46.8065261" lon="10.2470909">
        <ele>2077.0</ele>
        <time>2026-09-15T10:04:54Z</time>
        <extensions>
          <gpxdata:distance>263.44</gpxdata:distance>
          <gpxdata:speed>0.633</gpxdata:speed>
        </extensions>
      </trkpt>
      <trkpt lat="46.8065541" lon="10.2470529">
        <ele>2077.1</ele>
        <time>2026-09-15T10:05:00Z</time>
        <extensions>
          <gpxdata:distance>267.68</gpxdata:distance>
          <gpxdata:speed>0.666</gpxdata:speed>
        </extensions>
      </trkpt>
      <trkpt lat="46.8065821" lon="10.2470019">
        <ele>2078.1</ele>
        <time>2026-09-15T10:05:08Z</time>
        <extensions>
          <gpxdata:distance>272.66</gpxdata:distance>
          <gpxdata:speed>0.671</gpxdata:speed>
        </extensions>
      </trkpt>
      <trkpt lat="46.8065831" lon="10.2469629">
        <ele>2078.7</ele>
        <time>2026-09-15T10:05:12Z</time>
        <extensions>
          <gpxdata:distance>275.63</gpxdata:distance>
          <gpxdata:speed>0.668</gpxdata:speed>
        </extensions>
      </trkpt>
      <trkpt lat="46.8066031" lon="10.2468979">
        <ele>2079.5</ele>
        <time>2026-09-15T10:05:21Z</time>
        <extensions>
          <gpxdata:distance>281.05</gpxdata:distance>
          <gpxdata:speed>0.631</gpxdata:speed>
        </extensions>
      </trkpt>
      <trkpt lat="46.8066121" lon="10.2468589">
        <ele>2079.6</ele>
        <time>2026-09-15T10:05:25Z</time>
        <extensions>
          <gpxdata:distance>284.19</gpxdata:distance>
          <gpxdata:speed>0.680</gpxdata:speed>
        </extensions>
      </trkpt>
      <trkpt lat="46.8066421" lon="10.2467559">
        <ele>2082.5</ele>
        <time>2026-09-15T10:05:39Z</time>
        <extensions>
          <gpxdata:distance>292.71</gpxdata:distance>
          <gpxdata:speed>0.639</gpxdata:speed>
        </extensions>
      </trkpt>
      <trkpt lat="46.8066901" lon="10.2466529">
        <ele>2084.8</ele>
        <time>2026-09-15T10:05:54Z</time>
        <extensions>
          <gpxdata:distance>302.19</gpxdata:distance>
          <gpxdata:speed>0.641</gpxdata:speed>
        </extensions>
      </trkpt>
      <trkpt lat="46.8067011" lon="10.2465489">
        <ele>2085.6</ele>
        <time>2026-09-15T10:06:06Z</time>
        <extensions>
          <gpxdata:distance>310.20</gpxdata:distance>
          <gpxdata:speed>0.641</gpxdata:speed>
        </extensions>
      </trkpt>
      <trkpt lat="46.8067041" lon="10.2464439">
        <ele>2085.3</ele>
        <time>2026-09-15T10:06:19Z</time>
        <extensions>
          <gpxdata:distance>318.20</gpxdata:distance>
          <gpxdata:speed>0.631</gpxdata:speed>
        </extensions>
      </trkpt>
      <trkpt lat="46.8067151" lon="10.2463659">
        <ele>2085.7</ele>
        <time>2026-09-15T10:06:28Z</time>
        <extensions>
          <gpxdata:distance>324.26</gpxdata:distance>
          <gpxdata:speed>0.631</gpxdata:speed>
        </extensions>
      </trkpt>
      <trkpt lat="46.8067251" lon="10.2463139">
        <ele>2086.0</ele>
        <time>2026-09-15T10:06:35Z</time>
        <extensions>
          <gpxdata:distance>328.37</gpxdata:distance>
          <gpxdata:speed>0.651</gpxdata:speed>
        </extensions>
      </trkpt>
      <trkpt lat="46.8067371" lon="10.2461709">
        <ele>2087.8</ele>
        <time>2026-09-15T10:06:52Z</time>
        <extensions>
          <gpxdata:distance>339.33</gpxdata:distance>
          <gpxdata:speed>0.648</gpxdata:speed>
        </extensions>
      </trkpt>
      <trkpt lat="46.8067401" lon="10.2460789">
        <ele>2088.1</ele>
        <time>2026-09-15T10:07:02Z</time>
        <extensions>
          <gpxdata:distance>346.34</gpxdata:distance>
          <gpxdata:speed>0.675</gpxdata:speed>
        </extensions>
      </trkpt>
      <trkpt lat="46.8067241" lon="10.2459739">
        <ele>2088.4</ele>
        <time>2026-09-15T10:07:14Z</time>
        <extensions>
          <gpxdata:distance>354.53</gpxdata:distance>
          <gpxdata:speed>0.692</gpxdata:speed>
        </extensions>
      </trkpt>
      <trkpt lat="46.8067001" lon="10.2458539">
        <ele>2088.0</ele>
        <time>2026-09-15T10:07:26Z</time>
        <extensions>
          <gpxdata:distance>364.05</gpxdata:distance>
          <gpxdata:speed>0.814</gpxdata:speed>
        </extensions>
      </trkpt>
      <trkpt lat="46.8066941" lon="10.2457489">
        <ele>2088.2</ele>
        <time>2026-09-15T10:07:35Z</time>
        <extensions>
          <gpxdata:distance>372.07</gpxdata:distance>
          <gpxdata:speed>0.889</gpxdata:speed>
        </extensions>
      </trkpt>
      <trkpt lat="46.8067061" lon="10.2456059">
        <ele>2089.2</ele>
        <time>2026-09-15T10:07:47Z</time>
        <extensions>
          <gpxdata:distance>383.03</gpxdata:distance>
          <gpxdata:speed>0.887</gpxdata:speed>
        </extensions>
      </trkpt>
      <trkpt lat="46.8067661" lon="10.2453859">
        <ele>2090.5</ele>
        <time>2026-09-15T10:08:08Z</time>
        <extensions>
          <gpxdata:distance>401.06</gpxdata:distance>
          <gpxdata:speed>0.852</gpxdata:speed>
        </extensions>
      </trkpt>
      <trkpt lat="46.8067581" lon="10.2453459">
        <ele>2090.9</ele>
        <time>2026-09-15T10:08:12Z</time>
        <extensions>
          <gpxdata:distance>404.23</gpxdata:distance>
          <gpxdata:speed>0.846</gpxdata:speed>
        </extensions>
      </trkpt>
      <trkpt lat="46.8067501" lon="10.2452799">
        <ele>2092.6</ele>
        <time>2026-09-15T10:08:18Z</time>
        <extensions>
          <gpxdata:distance>409.33</gpxdata:distance>
          <gpxdata:speed>0.802</gpxdata:speed>
        </extensions>
      </trkpt>
      <trkpt lat="46.8067081" lon="10.2451729">
        <ele>2093.0</ele>
        <time>2026-09-15T10:08:29Z</time>
        <extensions>
          <gpxdata:distance>418.72</gpxdata:distance>
          <gpxdata:speed>0.845</gpxdata:speed>
        </extensions>
      </trkpt>
      <trkpt lat="46.8067021" lon="10.2450419">
        <ele>2092.6</ele>
        <time>2026-09-15T10:08:41Z</time>
        <extensions>
          <gpxdata:distance>428.71</gpxdata:distance>
          <gpxdata:speed>0.873</gpxdata:speed>
        </extensions>
      </trkpt>
      <trkpt lat="46.8066861" lon="10.2449618">
        <ele>2093.0</ele>
        <time>2026-09-15T10:08:48Z</time>
        <extensions>
          <gpxdata:distance>435.06</gpxdata:distance>
          <gpxdata:speed>0.867</gpxdata:speed>
        </extensions>
      </trkpt>
      <trkpt lat="46.8066781" lon="10.2449088">
        <ele>2092.9</ele>
        <time>2026-09-15T10:08:53Z</time>
        <extensions>
          <gpxdata:distance>439.19</gpxdata:distance>
          <gpxdata:speed>0.845</gpxdata:speed>
        </extensions>
      </trkpt>
      <trkpt lat="46.8066981" lon="10.2448448">
        <ele>2093.5</ele>
        <time>2026-09-15T10:08:59Z</time>
        <extensions>
          <gpxdata:distance>444.54</gpxdata:distance>
          <gpxdata:speed>0.825</gpxdata:speed>
        </extensions>
      </trkpt>
      <trkpt lat="46.8067191" lon="10.2447148">
        <ele>2094.8</ele>
        <time>2026-09-15T10:09:12Z</time>
        <extensions>
          <gpxdata:distance>454.71</gpxdata:distance>
          <gpxdata:speed>0.811</gpxdata:speed>
        </extensions>
      </trkpt>
      <trkpt lat="46.8067341" lon="10.2444668">
        <ele>2099.5</ele>
        <time>2026-09-15T10:09:39Z</time>
        <extensions>
          <gpxdata:distance>473.66</gpxdata:distance>
          <gpxdata:speed>0.695</gpxdata:speed>
        </extensions>
      </trkpt>
      <trkpt lat="46.8067551" lon="10.2443498">
        <ele>2101.7</ele>
        <time>2026-09-15T10:09:53Z</time>
        <extensions>
          <gpxdata:distance>482.86</gpxdata:distance>
          <gpxdata:speed>0.662</gpxdata:speed>
        </extensions>
      </trkpt>
      <trkpt lat="46.8067671" lon="10.2442188">
        <ele>2103.4</ele>
        <time>2026-09-15T10:10:08Z</time>
        <extensions>
          <gpxdata:distance>492.92</gpxdata:distance>
          <gpxdata:speed>0.682</gpxdata:speed>
        </extensions>
      </trkpt>
      <trkpt lat="46.8067701" lon="10.2441278">
        <ele>2104.6</ele>
        <time>2026-09-15T10:10:19Z</time>
        <extensions>
          <gpxdata:distance>499.86</gpxdata:distance>
          <gpxdata:speed>0.648</gpxdata:speed>
        </extensions>
      </trkpt>
      <trkpt lat="46.8067801" lon="10.2440628">
        <ele>2105.9</ele>
        <time>2026-09-15T10:10:27Z</time>
        <extensions>
          <gpxdata:distance>504.93</gpxdata:distance>
          <gpxdata:speed>0.639</gpxdata:speed>
        </extensions>
      </trkpt>
      <trkpt lat="46.8067991" lon="10.2440238">
        <ele>2107.1</ele>
        <time>2026-09-15T10:10:32Z</time>
        <extensions>
          <gpxdata:distance>508.57</gpxdata:distance>
          <gpxdata:speed>0.646</gpxdata:speed>
        </extensions>
      </trkpt>
      <trkpt lat="46.8068001" lon="10.2439718">
        <ele>2107.5</ele>
        <time>2026-09-15T10:10:38Z</time>
        <extensions>
          <gpxdata:distance>512.53</gpxdata:distance>
          <gpxdata:speed>0.648</gpxdata:speed>
        </extensions>
      </trkpt>
      <trkpt lat="46.8068021" lon="10.2439188">
        <ele>2107.9</ele>
        <time>2026-09-15T10:10:45Z</time>
        <extensions>
          <gpxdata:distance>516.57</gpxdata:distance>
          <gpxdata:speed>0.649</gpxdata:speed>
        </extensions>
      </trkpt>
      <trkpt lat="46.8068021" lon="10.2438928">
        <ele>2108.5</ele>
        <time>2026-09-15T10:10:48Z</time>
        <extensions>
          <gpxdata:distance>518.55</gpxdata:distance>
          <gpxdata:speed>0.594</gpxdata:speed>
        </extensions>
      </trkpt>
      <trkpt lat="46.8068201" lon="10.2439068">
        <ele>2109.4</ele>
        <time>2026-09-15T10:10:52Z</time>
        <extensions>
          <gpxdata:distance>520.82</gpxdata:distance>
          <gpxdata:speed>0.612</gpxdata:speed>
        </extensions>
      </trkpt>
      <trkpt lat="46.8068551" lon="10.2439348">
        <ele>2111.2</ele>
        <time>2026-09-15T10:11:00Z</time>
        <extensions>
          <gpxdata:distance>525.25</gpxdata:distance>
          <gpxdata:speed>0.558</gpxdata:speed>
        </extensions>
      </trkpt>
      <trkpt lat="46.8068971" lon="10.2440558">
        <ele>2111.4</ele>
        <time>2026-09-15T10:11:16Z</time>
        <extensions>
          <gpxdata:distance>535.58</gpxdata:distance>
          <gpxdata:speed>0.644</gpxdata:speed>
        </extensions>
      </trkpt>
      <trkpt lat="46.8069141" lon="10.2441088">
        <ele>2111.9</ele>
        <time>2026-09-15T10:11:22Z</time>
        <extensions>
          <gpxdata:distance>540.03</gpxdata:distance>
          <gpxdata:speed>0.642</gpxdata:speed>
        </extensions>
      </trkpt>
      <trkpt lat="46.8069391" lon="10.2441758">
        <ele>2114.2</ele>
        <time>2026-09-15T10:11:32Z</time>
        <extensions>
          <gpxdata:distance>545.84</gpxdata:distance>
          <gpxdata:speed>0.638</gpxdata:speed>
        </extensions>
      </trkpt>
      <trkpt lat="46.8069551" lon="10.2442678">
        <ele>2116.3</ele>
        <time>2026-09-15T10:11:43Z</time>
        <extensions>
          <gpxdata:distance>553.07</gpxdata:distance>
          <gpxdata:speed>0.623</gpxdata:speed>
        </extensions>
      </trkpt>
      <trkpt lat="46.8069531" lon="10.2443468">
        <ele>2115.8</ele>
        <time>2026-09-15T10:11:53Z</time>
        <extensions>
          <gpxdata:distance>559.08</gpxdata:distance>
          <gpxdata:speed>0.641</gpxdata:speed>
        </extensions>
      </trkpt>
      <trkpt lat="46.8069511" lon="10.2444248">
        <ele>2116.8</ele>
        <time>2026-09-15T10:12:02Z</time>
        <extensions>
          <gpxdata:distance>565.02</gpxdata:distance>
          <gpxdata:speed>0.643</gpxdata:speed>
        </extensions>
      </trkpt>
      <trkpt lat="46.8069501" lon="10.2444648">
        <ele>2116.8</ele>
        <time>2026-09-15T10:12:07Z</time>
        <extensions>
          <gpxdata:distance>568.07</gpxdata:distance>
          <gpxdata:speed>0.637</gpxdata:speed>
        </extensions>
      </trkpt>
      <trkpt lat="46.8069671" lon="10.2445048">
        <ele>2117.3</ele>
        <time>2026-09-15T10:12:12Z</time>
        <extensions>
          <gpxdata:distance>571.65</gpxdata:distance>
          <gpxdata:speed>0.632</gpxdata:speed>
        </extensions>
      </trkpt>
      <trkpt lat="46.8070111" lon="10.2445728">
        <ele>2120.0</ele>
        <time>2026-09-15T10:12:23Z</time>
        <extensions>
          <gpxdata:distance>578.78</gpxdata:distance>
          <gpxdata:speed>0.636</gpxdata:speed>
        </extensions>
      </trkpt>
      <trkpt lat="46.8070371" lon="10.2446128">
        <ele>2121.1</ele>
        <time>2026-09-15T10:12:30Z</time>
        <extensions>
          <gpxdata:distance>582.97</gpxdata:distance>
          <gpxdata:speed>0.631</gpxdata:speed>
        </extensions>
      </trkpt>
      <trkpt lat="46.8070541" lon="10.2446538">
        <ele>2121.9</ele>
        <time>2026-09-15T10:12:36Z</time>
        <extensions>
          <gpxdata:distance>586.62</gpxdata:distance>
          <gpxdata:speed>0.594</gpxdata:speed>
        </extensions>
      </trkpt>
      <trkpt lat="46.8070801" lon="10.2446938">
        <ele>2123.1</ele>
        <time>2026-09-15T10:12:43Z</time>
        <extensions>
          <gpxdata:distance>590.82</gpxdata:distance>
          <gpxdata:speed>0.648</gpxdata:speed>
        </extensions>
      </trkpt>
      <trkpt lat="46.8070971" lon="10.2447348">
        <ele>2124.2</ele>
        <time>2026-09-15T10:12:48Z</time>
        <extensions>
          <gpxdata:distance>594.47</gpxdata:distance>
          <gpxdata:speed>0.645</gpxdata:speed>
        </extensions>
      </trkpt>
      <trkpt lat="46.8071231" lon="10.2447489">
        <ele>2125.1</ele>
        <time>2026-09-15T10:12:55Z</time>
        <extensions>
          <gpxdata:distance>597.55</gpxdata:distance>
          <gpxdata:speed>0.492</gpxdata:speed>
        </extensions>
      </trkpt>
      <trkpt lat="46.8071411" lon="10.2447759">
        <ele>2125.9</ele>
        <time>2026-09-15T10:13:01Z</time>
        <extensions>
          <gpxdata:distance>600.42</gpxdata:distance>
          <gpxdata:speed>0.461</gpxdata:speed>
        </extensions>
      </trkpt>
      <trkpt lat="46.8071481" lon="10.2448289">
        <ele>2126.6</ele>
        <time>2026-09-15T10:13:10Z</time>
        <extensions>
          <gpxdata:distance>604.53</gpxdata:distance>
          <gpxdata:speed>0.461</gpxdata:speed>
        </extensions>
      </trkpt>
      <trkpt lat="46.8071831" lon="10.2448829">
        <ele>2127.9</ele>
        <time>2026-09-15T10:13:22Z</time>
        <extensions>
          <gpxdata:distance>610.19</gpxdata:distance>
          <gpxdata:speed>0.461</gpxdata:speed>
        </extensions>
      </trkpt>
      <trkpt lat="46.8072071" lon="10.2450019">
        <ele>2129.9</ele>
        <time>2026-09-15T10:13:41Z</time>
        <extensions>
          <gpxdata:distance>619.63</gpxdata:distance>
          <gpxdata:speed>0.490</gpxdata:speed>
        </extensions>
      </trkpt>
      <trkpt lat="46.8072241" lon="10.2450689">
        <ele>2131.2</ele>
        <time>2026-09-15T10:13:52Z</time>
        <extensions>
          <gpxdata:distance>625.07</gpxdata:distance>
          <gpxdata:speed>0.499</gpxdata:speed>
        </extensions>
      </trkpt>
      <trkpt lat="46.8072491" lon="10.2451229">
        <ele>2131.8</ele>
        <time>2026-09-15T10:14:01Z</time>
        <extensions>
          <gpxdata:distance>630.03</gpxdata:distance>
          <gpxdata:speed>0.544</gpxdata:speed>
        </extensions>
      </trkpt>
      <trkpt lat="46.8072671" lon="10.2451369">
        <ele>2132.5</ele>
        <time>2026-09-15T10:14:05Z</time>
        <extensions>
          <gpxdata:distance>632.30</gpxdata:distance>
          <gpxdata:speed>0.549</gpxdata:speed>
        </extensions>
      </trkpt>
      <trkpt lat="46.8072761" lon="10.2451239">
        <ele>2133.1</ele>
        <time>2026-09-15T10:14:08Z</time>
        <extensions>
          <gpxdata:distance>633.71</gpxdata:distance>
          <gpxdata:speed>0.548</gpxdata:speed>
        </extensions>
      </trkpt>
      <trkpt lat="46.8072861" lon="10.2450849">
        <ele>2133.8</ele>
        <time>2026-09-15T10:14:14Z</time>
        <extensions>
          <gpxdata:distance>636.88</gpxdata:distance>
          <gpxdata:speed>0.569</gpxdata:speed>
        </extensions>
      </trkpt>
      <trkpt lat="46.8072971" lon="10.2450199">
        <ele>2135.2</ele>
        <time>2026-09-15T10:14:23Z</time>
        <extensions>
          <gpxdata:distance>641.97</gpxdata:distance>
          <gpxdata:speed>0.560</gpxdata:speed>
        </extensions>
      </trkpt>
      <trkpt lat="46.8072901" lon="10.2449409">
        <ele>2136.0</ele>
        <time>2026-09-15T10:14:33Z</time>
        <extensions>
          <gpxdata:distance>648.03</gpxdata:distance>
          <gpxdata:speed>0.589</gpxdata:speed>
        </extensions>
      </trkpt>
      <trkpt lat="46.8072901" lon="10.2449149">
        <ele>2136.5</ele>
        <time>2026-09-15T10:14:36Z</time>
        <extensions>
          <gpxdata:distance>650.01</gpxdata:distance>
          <gpxdata:speed>0.589</gpxdata:speed>
        </extensions>
      </trkpt>
      <trkpt lat="46.8072991" lon="10.2449149">
        <ele>2136.9</ele>
        <time>2026-09-15T10:14:38Z</time>
        <extensions>
          <gpxdata:distance>651.01</gpxdata:distance>
          <gpxdata:speed>0.562</gpxdata:speed>
        </extensions>
      </trkpt>
      <trkpt lat="46.8073081" lon="10.2449419">
        <ele>2137.1</ele>
        <time>2026-09-15T10:14:42Z</time>
        <extensions>
          <gpxdata:distance>653.30</gpxdata:distance>
          <gpxdata:speed>0.615</gpxdata:speed>
        </extensions>
      </trkpt>
      <trkpt lat="46.8073161" lon="10.2449689">
        <ele>2137.2</ele>
        <time>2026-09-15T10:14:46Z</time>
        <extensions>
          <gpxdata:distance>655.54</gpxdata:distance>
          <gpxdata:speed>0.605</gpxdata:speed>
        </extensions>
      </trkpt>
      <trkpt lat="46.8073341" lon="10.2449699">
        <ele>2137.8</ele>
        <time>2026-09-15T10:14:49Z</time>
        <extensions>
          <gpxdata:distance>657.54</gpxdata:distance>
          <gpxdata:speed>0.611</gpxdata:speed>
        </extensions>
      </trkpt>
      <trkpt lat="46.8073451" lon="10.2449049">
        <ele>2139.8</ele>
        <time>2026-09-15T10:14:58Z</time>
        <extensions>
          <gpxdata:distance>662.64</gpxdata:distance>
          <gpxdata:speed>0.530</gpxdata:speed>
        </extensions>
      </trkpt>
      <trkpt lat="46.8073551" lon="10.2448659">
        <ele>2140.0</ele>
        <time>2026-09-15T10:15:04Z</time>
        <extensions>
          <gpxdata:distance>665.81</gpxdata:distance>
          <gpxdata:speed>0.595</gpxdata:speed>
        </extensions>
      </trkpt>
      <trkpt lat="46.8073481" lon="10.2447739">
        <ele>2141.3</ele>
        <time>2026-09-15T10:15:15Z</time>
        <extensions>
          <gpxdata:distance>672.85</gpxdata:distance>
          <gpxdata:speed>0.648</gpxdata:speed>
        </extensions>
      </trkpt>
      <trkpt lat="46.8073601" lon="10.2446559">
        <ele>2143.4</ele>
        <time>2026-09-15T10:15:30Z</time>
        <extensions>
          <gpxdata:distance>681.93</gpxdata:distance>
          <gpxdata:speed>0.580</gpxdata:speed>
        </extensions>
      </trkpt>
      <trkpt lat="46.8073701" lon="10.2445908">
        <ele>2144.0</ele>
        <time>2026-09-15T10:15:38Z</time>
        <extensions>
          <gpxdata:distance>687.01</gpxdata:distance>
          <gpxdata:speed>0.639</gpxdata:speed>
        </extensions>
      </trkpt>
      <trkpt lat="46.8073911" lon="10.2445008">
        <ele>2144.2</ele>
        <time>2026-09-15T10:15:50Z</time>
        <extensions>
          <gpxdata:distance>694.25</gpxdata:distance>
          <gpxdata:speed>0.637</gpxdata:speed>
        </extensions>
      </trkpt>
      <trkpt lat="46.8074191" lon="10.2444238">
        <ele>2145.3</ele>
        <time>2026-09-15T10:16:00Z</time>
        <extensions>
          <gpxdata:distance>700.88</gpxdata:distance>
          <gpxdata:speed>0.639</gpxdata:speed>
        </extensions>
      </trkpt>
      <trkpt lat="46.8074471" lon="10.2443988">
        <ele>2145.6</ele>
        <time>2026-09-15T10:16:06Z</time>
        <extensions>
          <gpxdata:distance>704.53</gpxdata:distance>
          <gpxdata:speed>0.638</gpxdata:speed>
        </extensions>
      </trkpt>
      <trkpt lat="46.8074471" lon="10.2443988">
        <ele>2145.6</ele>
        <time>2026-09-15T10:16:06Z</time>
        <extensions>
          <gpxdata:distance>704.53</gpxdata:distance>
          <gpxdata:speed>0.000</gpxdata:speed>
        </extensions>
      </trkpt>
      <trkpt lat="46.8074411" lon="10.2442808">
        <ele>2144.7</ele>
        <time>2026-09-15T10:16:17Z</time>
        <extensions>
          <gpxdata:distance>713.54</gpxdata:distance>
          <gpxdata:speed>0.764</gpxdata:speed>
        </extensions>
      </trkpt>
      <trkpt lat="46.8074481" lon="10.2439918">
        <ele>2142.2</ele>
        <time>2026-09-15T10:16:41Z</time>
        <extensions>
          <gpxdata:distance>735.55</gpxdata:distance>
          <gpxdata:speed>0.932</gpxdata:speed>
        </extensions>
      </trkpt>
      <trkpt lat="46.8074501" lon="10.2439138">
        <ele>2141.6</ele>
        <time>2026-09-15T10:16:47Z</time>
        <extensions>
          <gpxdata:distance>741.49</gpxdata:distance>
          <gpxdata:speed>1.001</gpxdata:speed>
        </extensions>
      </trkpt>
      <trkpt lat="46.8074351" lon="10.2438078">
        <ele>2140.8</ele>
        <time>2026-09-15T10:16:56Z</time>
        <extensions>
          <gpxdata:distance>749.72</gpxdata:distance>
          <gpxdata:speed>0.963</gpxdata:speed>
        </extensions>
      </trkpt>
      <trkpt lat="46.8074191" lon="10.2437158">
        <ele>2140.1</ele>
        <time>2026-09-15T10:17:03Z</time>
        <extensions>
          <gpxdata:distance>756.95</gpxdata:distance>
          <gpxdata:speed>0.942</gpxdata:speed>
        </extensions>
      </trkpt>
      <trkpt lat="46.8074131" lon="10.2435968">
        <ele>2139.2</ele>
        <time>2026-09-15T10:17:13Z</time>
        <extensions>
          <gpxdata:distance>766.03</gpxdata:distance>
          <gpxdata:speed>0.927</gpxdata:speed>
        </extensions>
      </trkpt>
      <trkpt lat="46.8074031" lon="10.2432428">
        <ele>2136.1</ele>
        <time>2026-09-15T10:17:43Z</time>
        <extensions>
          <gpxdata:distance>793.00</gpxdata:distance>
          <gpxdata:speed>0.894</gpxdata:speed>
        </extensions>
      </trkpt>
      <trkpt lat="46.8073891" lon="10.2430848">
        <ele>2134.9</ele>
        <time>2026-09-15T10:17:57Z</time>
        <extensions>
          <gpxdata:distance>805.12</gpxdata:distance>
          <gpxdata:speed>0.900</gpxdata:speed>
        </extensions>
      </trkpt>
      <trkpt lat="46.8073921" lon="10.2429668">
        <ele>2133.9</ele>
        <time>2026-09-15T10:18:07Z</time>
        <extensions>
          <gpxdata:distance>814.11</gpxdata:distance>
          <gpxdata:speed>0.901</gpxdata:speed>
        </extensions>
      </trkpt>
      <trkpt lat="46.8074031" lon="10.2428758">
        <ele>2133.4</ele>
        <time>2026-09-15T10:18:14Z</time>
        <extensions>
          <gpxdata:distance>821.14</gpxdata:distance>
          <gpxdata:speed>0.899</gpxdata:speed>
        </extensions>
      </trkpt>
      <trkpt lat="46.8074231" lon="10.2427978">
        <ele>2133.0</ele>
        <time>2026-09-15T10:18:22Z</time>
        <extensions>
          <gpxdata:distance>827.48</gpxdata:distance>
          <gpxdata:speed>0.894</gpxdata:speed>
        </extensions>
      </trkpt>
      <trkpt lat="46.8074231" lon="10.2427978">
        <ele>2133.0</ele>
        <time>2026-09-15T10:18:22Z</time>
        <extensions>
          <gpxdata:distance>827.48</gpxdata:distance>
          <gpxdata:speed>0.000</gpxdata:speed>
        </extensions>
      </trkpt>
      <trkpt lat="46.8074671" lon="10.2428528">
        <ele>2133.9</ele>
        <time>2026-09-15T10:18:29Z</time>
        <extensions>
          <gpxdata:distance>833.92</gpxdata:distance>
          <gpxdata:speed>0.914</gpxdata:speed>
        </extensions>
      </trkpt>
      <trkpt lat="46.8075031" lon="10.2428678">
        <ele>2134.4</ele>
        <time>2026-09-15T10:18:33Z</time>
        <extensions>
          <gpxdata:distance>838.08</gpxdata:distance>
          <gpxdata:speed>0.926</gpxdata:speed>
        </extensions>
      </trkpt>
      <trkpt lat="46.8075391" lon="10.2428568">
        <ele>2134.9</ele>
        <time>2026-09-15T10:18:37Z</time>
        <extensions>
          <gpxdata:distance>842.17</gpxdata:distance>
          <gpxdata:speed>0.941</gpxdata:speed>
        </extensions>
      </trkpt>
      <trkpt lat="46.8075671" lon="10.2428188">
        <ele>2135.2</ele>
        <time>2026-09-15T10:18:42Z</time>
        <extensions>
          <gpxdata:distance>846.42</gpxdata:distance>
          <gpxdata:speed>0.991</gpxdata:speed>
        </extensions>
      </trkpt>
      <trkpt lat="46.8075961" lon="10.2427288">
        <ele>2135.7</ele>
        <time>2026-09-15T10:18:50Z</time>
        <extensions>
          <gpxdata:distance>853.99</gpxdata:distance>
          <gpxdata:speed>0.971</gpxdata:speed>
        </extensions>
      </trkpt>
      <trkpt lat="46.8076431" lon="10.2426518">
        <ele>2136.3</ele>
        <time>2026-09-15T10:18:58Z</time>
        <extensions>
          <gpxdata:distance>861.84</gpxdata:distance>
          <gpxdata:speed>0.885</gpxdata:speed>
        </extensions>
      </trkpt>
      <trkpt lat="46.8076981" lon="10.2426028">
        <ele>2136.7</ele>
        <time>2026-09-15T10:19:07Z</time>
        <extensions>
          <gpxdata:distance>869.01</gpxdata:distance>
          <gpxdata:speed>0.836</gpxdata:speed>
        </extensions>
      </trkpt>
      <trkpt lat="46.8078091" lon="10.2425038">
        <ele>2137.6</ele>
        <time>2026-09-15T10:19:25Z</time>
        <extensions>
          <gpxdata:distance>883.47</gpxdata:distance>
          <gpxdata:speed>0.801</gpxdata:speed>
        </extensions>
      </trkpt>
      <trkpt lat="46.8078371" lon="10.2424658">
        <ele>2137.7</ele>
        <time>2026-09-15T10:19:30Z</time>
        <extensions>
          <gpxdata:distance>887.72</gpxdata:distance>
          <gpxdata:speed>0.812</gpxdata:speed>
        </extensions>
      </trkpt>
      <trkpt lat="46.8078371" lon="10.2424658">
        <ele>2137.7</ele>
        <time>2026-09-15T10:19:30Z</time>
        <extensions>
          <gpxdata:distance>887.72</gpxdata:distance>
          <gpxdata:speed>0.000</gpxdata:speed>
        </extensions>
      </trkpt>
      <trkpt lat="46.8078991" lon="10.2424688">
        <ele>2139.1</ele>
        <time>2026-09-15T10:19:39Z</time>
        <extensions>
          <gpxdata:distance>894.61</gpxdata:distance>
          <gpxdata:speed>0.798</gpxdata:speed>
        </extensions>
      </trkpt>
      <trkpt lat="46.8079361" lon="10.2424578">
        <ele>2140.5</ele>
        <time>2026-09-15T10:19:44Z</time>
        <extensions>
          <gpxdata:distance>898.81</gpxdata:distance>
          <gpxdata:speed>0.757</gpxdata:speed>
        </extensions>
      </trkpt>
      <trkpt lat="46.8079621" lon="10.2424718">
        <ele>2141.6</ele>
        <time>2026-09-15T10:19:49Z</time>
        <extensions>
          <gpxdata:distance>901.89</gpxdata:distance>
          <gpxdata:speed>0.716</gpxdata:speed>
        </extensions>
      </trkpt>
      <trkpt lat="46.8079901" lon="10.2424608">
        <ele>2142.5</ele>
        <time>2026-09-15T10:19:54Z</time>
        <extensions>
          <gpxdata:distance>905.12</gpxdata:distance>
          <gpxdata:speed>0.672</gpxdata:speed>
        </extensions>
      </trkpt>
      <trkpt lat="46.8080541" lon="10.2424248">
        <ele>2143.8</ele>
        <time>2026-09-15T10:20:06Z</time>
        <extensions>
          <gpxdata:distance>912.74</gpxdata:distance>
          <gpxdata:speed>0.637</gpxdata:speed>
        </extensions>
      </trkpt>
      <trkpt lat="46.8080811" lon="10.2424128">
        <ele>2144.2</ele>
        <time>2026-09-15T10:20:10Z</time>
        <extensions>
          <gpxdata:distance>915.88</gpxdata:distance>
          <gpxdata:speed>0.634</gpxdata:speed>
        </extensions>
      </trkpt>
      <trkpt lat="46.8081351" lon="10.2424288">
        <ele>2145.0</ele>
        <time>2026-09-15T10:20:20Z</time>
        <extensions>
          <gpxdata:distance>922.01</gpxdata:distance>
          <gpxdata:speed>0.646</gpxdata:speed>
        </extensions>
      </trkpt>
      <trkpt lat="46.8081531" lon="10.2424168">
        <ele>2145.3</ele>
        <time>2026-09-15T10:20:24Z</time>
        <extensions>
          <gpxdata:distance>924.21</gpxdata:distance>
          <gpxdata:speed>0.618</gpxdata:speed>
        </extensions>
      </trkpt>
      <trkpt lat="46.8081881" lon="10.2424318">
        <ele>2146.1</ele>
        <time>2026-09-15T10:20:30Z</time>
        <extensions>
          <gpxdata:distance>928.26</gpxdata:distance>
          <gpxdata:speed>0.622</gpxdata:speed>
        </extensions>
      </trkpt>
      <trkpt lat="46.8082151" lon="10.2424458">
        <ele>2146.5</ele>
        <time>2026-09-15T10:20:35Z</time>
        <extensions>
          <gpxdata:distance>931.45</gpxdata:distance>
          <gpxdata:speed>0.645</gpxdata:speed>
        </extensions>
      </trkpt>
      <trkpt lat="46.8082421" lon="10.2424608">
        <ele>2146.9</ele>
        <time>2026-09-15T10:20:40Z</time>
        <extensions>
          <gpxdata:distance>934.66</gpxdata:distance>
          <gpxdata:speed>0.641</gpxdata:speed>
        </extensions>
      </trkpt>
      <trkpt lat="46.8082691" lon="10.2424618">
        <ele>2147.4</ele>
        <time>2026-09-15T10:20:45Z</time>
        <extensions>
          <gpxdata:distance>937.67</gpxdata:distance>
          <gpxdata:speed>0.635</gpxdata:speed>
        </extensions>
      </trkpt>
      <trkpt lat="46.8083131" lon="10.2425038">
        <ele>2148.5</ele>
        <time>2026-09-15T10:20:54Z</time>
        <extensions>
          <gpxdata:distance>943.51</gpxdata:distance>
          <gpxdata:speed>0.633</gpxdata:speed>
        </extensions>
      </trkpt>
      <trkpt lat="46.8083391" lon="10.2425178">
        <ele>2149.2</ele>
        <time>2026-09-15T10:20:59Z</time>
        <extensions>
          <gpxdata:distance>946.59</gpxdata:distance>
          <gpxdata:speed>0.634</gpxdata:speed>
        </extensions>
      </trkpt>
      <trkpt lat="46.8083481" lon="10.2425188">
        <ele>2149.4</ele>
        <time>2026-09-15T10:21:00Z</time>
        <extensions>
          <gpxdata:distance>947.59</gpxdata:distance>
          <gpxdata:speed>0.635</gpxdata:speed>
        </extensions>
      </trkpt>
      <trkpt lat="46.8083661" lon="10.2425198">
        <ele>2149.6</ele>
        <time>2026-09-15T10:21:04Z</time>
        <extensions>
          <gpxdata:distance>949.60</gpxdata:distance>
          <gpxdata:speed>0.636</gpxdata:speed>
        </extensions>
      </trkpt>
      <trkpt lat="46.8083661" lon="10.2425198">
        <ele>2149.6</ele>
        <time>2026-09-15T10:21:04Z</time>
        <extensions>
          <gpxdata:distance>949.60</gpxdata:distance>
          <gpxdata:speed>0.000</gpxdata:speed>
        </extensions>
      </trkpt>
      <trkpt lat="46.8083751" lon="10.2425328">
        <ele>2149.6</ele>
        <time>2026-09-15T10:21:06Z</time>
        <extensions>
          <gpxdata:distance>951.00</gpxdata:distance>
          <gpxdata:speed>0.632</gpxdata:speed>
        </extensions>
      </trkpt>
      <trkpt lat="46.8083741" lon="10.2425588">
        <ele>2149.8</ele>
        <time>2026-09-15T10:21:09Z</time>
        <extensions>
          <gpxdata:distance>952.99</gpxdata:distance>
          <gpxdata:speed>0.631</gpxdata:speed>
        </extensions>
      </trkpt>
      <trkpt lat="46.8083641" lon="10.2425978">
        <ele>2150.3</ele>
        <time>2026-09-15T10:21:14Z</time>
        <extensions>
          <gpxdata:distance>956.16</gpxdata:distance>
          <gpxdata:speed>0.633</gpxdata:speed>
        </extensions>
      </trkpt>
      <trkpt lat="46.8083361" lon="10.2426358">
        <ele>2151.0</ele>
        <time>2026-09-15T10:21:21Z</time>
        <extensions>
          <gpxdata:distance>960.41</gpxdata:distance>
          <gpxdata:speed>0.633</gpxdata:speed>
        </extensions>
      </trkpt>
      <trkpt lat="46.8083001" lon="10.2426728">
        <ele>2151.9</ele>
        <time>2026-09-15T10:21:28Z</time>
        <extensions>
          <gpxdata:distance>965.30</gpxdata:distance>
          <gpxdata:speed>0.633</gpxdata:speed>
        </extensions>
      </trkpt>
      <trkpt lat="46.8082721" lon="10.2426978">
        <ele>2152.5</ele>
        <time>2026-09-15T10:21:34Z</time>
        <extensions>
          <gpxdata:distance>968.95</gpxdata:distance>
          <gpxdata:speed>0.636</gpxdata:speed>
        </extensions>
      </trkpt>
      <trkpt lat="46.8082351" lon="10.2427488">
        <ele>2153.7</ele>
        <time>2026-09-15T10:21:43Z</time>
        <extensions>
          <gpxdata:distance>974.60</gpxdata:distance>
          <gpxdata:speed>0.634</gpxdata:speed>
        </extensions>
      </trkpt>
      <trkpt lat="46.8081601" lon="10.2428758">
        <ele>2155.6</ele>
        <time>2026-09-15T10:22:03Z</time>
        <extensions>
          <gpxdata:distance>987.37</gpxdata:distance>
          <gpxdata:speed>0.634</gpxdata:speed>
        </extensions>
      </trkpt>
      <trkpt lat="46.8081131" lon="10.2429518">
        <ele>2156.7</ele>
        <time>2026-09-15T10:22:15Z</time>
        <extensions>
          <gpxdata:distance>995.17</gpxdata:distance>
          <gpxdata:speed>0.632</gpxdata:speed>
        </extensions>
      </trkpt>
      <trkpt lat="46.8080101" lon="10.2430908">
        <ele>2159.7</ele>
        <time>2026-09-15T10:22:40Z</time>
        <extensions>
          <gpxdata:distance>1010.76</gpxdata:distance>
          <gpxdata:speed>0.637</gpxdata:speed>
        </extensions>
      </trkpt>
      <trkpt lat="46.8079911" lon="10.2431288">
        <ele>2160.4</ele>
        <time>2026-09-15T10:22:46Z</time>
        <extensions>
          <gpxdata:distance>1014.34</gpxdata:distance>
          <gpxdata:speed>0.639</gpxdata:speed>
        </extensions>
      </trkpt>
      <trkpt lat="46.8079631" lon="10.2431798">
        <ele>2161.3</ele>
        <time>2026-09-15T10:22:53Z</time>
        <extensions>
          <gpxdata:distance>1019.31</gpxdata:distance>
          <gpxdata:speed>0.639</gpxdata:speed>
        </extensions>
      </trkpt>
      <trkpt lat="46.8079341" lon="10.2432568">
        <ele>2162.3</ele>
        <time>2026-09-15T10:23:04Z</time>
        <extensions>
          <gpxdata:distance>1026.00</gpxdata:distance>
          <gpxdata:speed>0.639</gpxdata:speed>
        </extensions>
      </trkpt>
      <trkpt lat="46.8079051" lon="10.2433478">
        <ele>2163.5</ele>
        <time>2026-09-15T10:23:16Z</time>
        <extensions>
          <gpxdata:distance>1033.64</gpxdata:distance>
          <gpxdata:speed>0.638</gpxdata:speed>
        </extensions>
      </trkpt>
      <trkpt lat="46.8078851" lon="10.2434378">
        <ele>2165.1</ele>
        <time>2026-09-15T10:23:27Z</time>
        <extensions>
          <gpxdata:distance>1040.84</gpxdata:distance>
          <gpxdata:speed>0.640</gpxdata:speed>
        </extensions>
      </trkpt>
      <trkpt lat="46.8078731" lon="10.2435298">
        <ele>2165.9</ele>
        <time>2026-09-15T10:23:38Z</time>
        <extensions>
          <gpxdata:distance>1047.97</gpxdata:distance>
          <gpxdata:speed>0.636</gpxdata:speed>
        </extensions>
      </trkpt>
      <trkpt lat="46.8078411" lon="10.2437638">
        <ele>2168.8</ele>
        <time>2026-09-15T10:24:07Z</time>
        <extensions>
          <gpxdata:distance>1066.13</gpxdata:distance>
          <gpxdata:speed>0.637</gpxdata:speed>
        </extensions>
      </trkpt>
      <trkpt lat="46.8078381" lon="10.2438688">
        <ele>2170.4</ele>
        <time>2026-09-15T10:24:19Z</time>
        <extensions>
          <gpxdata:distance>1074.13</gpxdata:distance>
          <gpxdata:speed>0.639</gpxdata:speed>
        </extensions>
      </trkpt>
      <trkpt lat="46.8078271" lon="10.2439468">
        <ele>2172.0</ele>
        <time>2026-09-15T10:24:29Z</time>
        <extensions>
          <gpxdata:distance>1080.19</gpxdata:distance>
          <gpxdata:speed>0.640</gpxdata:speed>
        </extensions>
      </trkpt>
      <trkpt lat="46.8078261" lon="10.2440118">
        <ele>2173.0</ele>
        <time>2026-09-15T10:24:36Z</time>
        <extensions>
          <gpxdata:distance>1085.14</gpxdata:distance>
          <gpxdata:speed>0.641</gpxdata:speed>
        </extensions>
      </trkpt>
      <trkpt lat="46.8078331" lon="10.2440648">
        <ele>2173.4</ele>
        <time>2026-09-15T10:24:43Z</time>
        <extensions>
          <gpxdata:distance>1089.25</gpxdata:distance>
          <gpxdata:speed>0.639</gpxdata:speed>
        </extensions>
      </trkpt>
      <trkpt lat="46.8078591" lon="10.2441058">
        <ele>2173.9</ele>
        <time>2026-09-15T10:24:50Z</time>
        <extensions>
          <gpxdata:distance>1093.50</gpxdata:distance>
          <gpxdata:speed>0.638</gpxdata:speed>
        </extensions>
      </trkpt>
      <trkpt lat="46.8078951" lon="10.2441078">
        <ele>2174.5</ele>
        <time>2026-09-15T10:24:56Z</time>
        <extensions>
          <gpxdata:distance>1097.51</gpxdata:distance>
          <gpxdata:speed>0.639</gpxdata:speed>
        </extensions>
      </trkpt>
      <trkpt lat="46.8079141" lon="10.2440818">
        <ele>2175.6</ele>
        <time>2026-09-15T10:25:00Z</time>
        <extensions>
          <gpxdata:distance>1100.40</gpxdata:distance>
          <gpxdata:speed>0.640</gpxdata:speed>
        </extensions>
      </trkpt>
      <trkpt lat="46.8079311" lon="10.2441088">
        <ele>2175.8</ele>
        <time>2026-09-15T10:25:05Z</time>
        <extensions>
          <gpxdata:distance>1103.20</gpxdata:distance>
          <gpxdata:speed>0.641</gpxdata:speed>
        </extensions>
      </trkpt>
      <trkpt lat="46.8079391" lon="10.2441488">
        <ele>2175.8</ele>
        <time>2026-09-15T10:25:10Z</time>
        <extensions>
          <gpxdata:distance>1106.37</gpxdata:distance>
          <gpxdata:speed>0.639</gpxdata:speed>
        </extensions>
      </trkpt>
      <trkpt lat="46.8080091" lon="10.2442309">
        <ele>2177.7</ele>
        <time>2026-09-15T10:25:25Z</time>
        <extensions>
          <gpxdata:distance>1116.35</gpxdata:distance>
          <gpxdata:speed>0.639</gpxdata:speed>
        </extensions>
      </trkpt>
      <trkpt lat="46.8080431" lon="10.2443119">
        <ele>2179.3</ele>
        <time>2026-09-15T10:25:37Z</time>
        <extensions>
          <gpxdata:distance>1123.58</gpxdata:distance>
          <gpxdata:speed>0.637</gpxdata:speed>
        </extensions>
      </trkpt>
      <trkpt lat="46.8080681" lon="10.2443919">
        <ele>2180.2</ele>
        <time>2026-09-15T10:25:47Z</time>
        <extensions>
          <gpxdata:distance>1130.27</gpxdata:distance>
          <gpxdata:speed>0.634</gpxdata:speed>
        </extensions>
      </trkpt>
      <trkpt lat="46.8080931" lon="10.2444849">
        <ele>2181.3</ele>
        <time>2026-09-15T10:25:59Z</time>
        <extensions>
          <gpxdata:distance>1137.88</gpxdata:distance>
          <gpxdata:speed>0.635</gpxdata:speed>
        </extensions>
      </trkpt>
      <trkpt lat="46.8081061" lon="10.2446949">
        <ele>2184.4</ele>
        <time>2026-09-15T10:26:24Z</time>
        <extensions>
          <gpxdata:distance>1153.93</gpxdata:distance>
          <gpxdata:speed>0.639</gpxdata:speed>
        </extensions>
      </trkpt>
      <trkpt lat="46.8081291" lon="10.2448539">
        <ele>2186.9</ele>
        <time>2026-09-15T10:26:44Z</time>
        <extensions>
          <gpxdata:distance>1166.29</gpxdata:distance>
          <gpxdata:speed>0.642</gpxdata:speed>
        </extensions>
      </trkpt>
      <trkpt lat="46.8081271" lon="10.2449319">
        <ele>2187.6</ele>
        <time>2026-09-15T10:26:53Z</time>
        <extensions>
          <gpxdata:distance>1172.23</gpxdata:distance>
          <gpxdata:speed>0.637</gpxdata:speed>
        </extensions>
      </trkpt>
      <trkpt lat="46.8081351" lon="10.2449849">
        <ele>2187.5</ele>
        <time>2026-09-15T10:26:59Z</time>
        <extensions>
          <gpxdata:distance>1176.36</gpxdata:distance>
          <gpxdata:speed>0.634</gpxdata:speed>
        </extensions>
      </trkpt>
      <trkpt lat="46.8081521" lon="10.2450249">
        <ele>2188.4</ele>
        <time>2026-09-15T10:27:05Z</time>
        <extensions>
          <gpxdata:distance>1179.95</gpxdata:distance>
          <gpxdata:speed>0.638</gpxdata:speed>
        </extensions>
      </trkpt>
      <trkpt lat="46.8081681" lon="10.2450789">
        <ele>2189.1</ele>
        <time>2026-09-15T10:27:12Z</time>
        <extensions>
          <gpxdata:distance>1184.43</gpxdata:distance>
          <gpxdata:speed>0.637</gpxdata:speed>
        </extensions>
      </trkpt>
      <trkpt lat="46.8081671" lon="10.2451309">
        <ele>2189.7</ele>
        <time>2026-09-15T10:27:18Z</time>
        <extensions>
          <gpxdata:distance>1188.39</gpxdata:distance>
          <gpxdata:speed>0.634</gpxdata:speed>
        </extensions>
      </trkpt>
      <trkpt lat="46.8081571" lon="10.2451959">
        <ele>2190.5</ele>
        <time>2026-09-15T10:27:26Z</time>
        <extensions>
          <gpxdata:distance>1193.46</gpxdata:distance>
          <gpxdata:speed>0.635</gpxdata:speed>
        </extensions>
      </trkpt>
      <trkpt lat="46.8081561" lon="10.2452349">
        <ele>2190.7</ele>
        <time>2026-09-15T10:27:31Z</time>
        <extensions>
          <gpxdata:distance>1196.43</gpxdata:distance>
          <gpxdata:speed>0.634</gpxdata:speed>
        </extensions>
      </trkpt>
      <trkpt lat="46.8081811" lon="10.2452889">
        <ele>2191.2</ele>
        <time>2026-09-15T10:27:39Z</time>
        <extensions>
          <gpxdata:distance>1201.39</gpxdata:distance>
          <gpxdata:speed>0.647</gpxdata:speed>
        </extensions>
      </trkpt>
      <trkpt lat="46.8082081" lon="10.2453169">
        <ele>2192.2</ele>
        <time>2026-09-15T10:27:44Z</time>
        <extensions>
          <gpxdata:distance>1205.07</gpxdata:distance>
          <gpxdata:speed>0.663</gpxdata:speed>
        </extensions>
      </trkpt>
      <trkpt lat="46.8082261" lon="10.2452919">
        <ele>2193.3</ele>
        <time>2026-09-15T10:27:49Z</time>
        <extensions>
          <gpxdata:distance>1207.83</gpxdata:distance>
          <gpxdata:speed>0.634</gpxdata:speed>
        </extensions>
      </trkpt>
      <trkpt lat="46.8082771" lon="10.2450449">
        <ele>2195.4</ele>
        <time>2026-09-15T10:28:20Z</time>
        <extensions>
          <gpxdata:distance>1227.47</gpxdata:distance>
          <gpxdata:speed>0.632</gpxdata:speed>
        </extensions>
      </trkpt>
      <trkpt lat="46.8082791" lon="10.2449669">
        <ele>2196.2</ele>
        <time>2026-09-15T10:28:29Z</time>
        <extensions>
          <gpxdata:distance>1233.41</gpxdata:distance>
          <gpxdata:speed>0.640</gpxdata:speed>
        </extensions>
      </trkpt>
      <trkpt lat="46.8082981" lon="10.2449149">
        <ele>2197.4</ele>
        <time>2026-09-15T10:28:36Z</time>
        <extensions>
          <gpxdata:distance>1237.89</gpxdata:distance>
          <gpxdata:speed>0.632</gpxdata:speed>
        </extensions>
      </trkpt>
      <trkpt lat="46.8083441" lon="10.2448779">
        <ele>2198.6</ele>
        <time>2026-09-15T10:28:45Z</time>
        <extensions>
          <gpxdata:distance>1243.73</gpxdata:distance>
          <gpxdata:speed>0.634</gpxdata:speed>
        </extensions>
      </trkpt>
      <trkpt lat="46.8083911" lon="10.2448279">
        <ele>2199.4</ele>
        <time>2026-09-15T10:28:55Z</time>
        <extensions>
          <gpxdata:distance>1250.20</gpxdata:distance>
          <gpxdata:speed>0.633</gpxdata:speed>
        </extensions>
      </trkpt>
      <trkpt lat="46.8084101" lon="10.2447769">
        <ele>2200.1</ele>
        <time>2026-09-15T10:29:02Z</time>
        <extensions>
          <gpxdata:distance>1254.62</gpxdata:distance>
          <gpxdata:speed>0.635</gpxdata:speed>
        </extensions>
      </trkpt>
      <trkpt lat="46.8084291" lon="10.2447119">
        <ele>2200.8</ele>
        <time>2026-09-15T10:29:11Z</time>
        <extensions>
          <gpxdata:distance>1259.99</gpxdata:distance>
          <gpxdata:speed>0.635</gpxdata:speed>
        </extensions>
      </trkpt>
      <trkpt lat="46.8084401" lon="10.2446469">
        <ele>2201.4</ele>
        <time>2026-09-15T10:29:19Z</time>
        <extensions>
          <gpxdata:distance>1265.09</gpxdata:distance>
          <gpxdata:speed>0.632</gpxdata:speed>
        </extensions>
      </trkpt>
      <trkpt lat="46.8084411" lon="10.2445949">
        <ele>2202.6</ele>
        <time>2026-09-15T10:29:25Z</time>
        <extensions>
          <gpxdata:distance>1269.05</gpxdata:distance>
          <gpxdata:speed>0.631</gpxdata:speed>
        </extensions>
      </trkpt>
      <trkpt lat="46.8084341" lon="10.2445159">
        <ele>2203.1</ele>
        <time>2026-09-15T10:29:35Z</time>
        <extensions>
          <gpxdata:distance>1275.11</gpxdata:distance>
          <gpxdata:speed>0.635</gpxdata:speed>
        </extensions>
      </trkpt>
      <trkpt lat="46.8084311" lon="10.2442929">
        <ele>2206.0</ele>
        <time>2026-09-15T10:30:01Z</time>
        <extensions>
          <gpxdata:distance>1292.09</gpxdata:distance>
          <gpxdata:speed>0.637</gpxdata:speed>
        </extensions>
      </trkpt>
      <trkpt lat="46.8084341" lon="10.2441489">
        <ele>2208.6</ele>
        <time>2026-09-15T10:30:19Z</time>
        <extensions>
          <gpxdata:distance>1303.05</gpxdata:distance>
          <gpxdata:speed>0.638</gpxdata:speed>
        </extensions>
      </trkpt>
      <trkpt lat="46.8084381" lon="10.2440049">
        <ele>2209.7</ele>
        <time>2026-09-15T10:30:36Z</time>
        <extensions>
          <gpxdata:distance>1314.02</gpxdata:distance>
          <gpxdata:speed>0.633</gpxdata:speed>
        </extensions>
      </trkpt>
      <trkpt lat="46.8084581" lon="10.2439139">
        <ele>2211.0</ele>
        <time>2026-09-15T10:30:47Z</time>
        <extensions>
          <gpxdata:distance>1321.29</gpxdata:distance>
          <gpxdata:speed>0.635</gpxdata:speed>
        </extensions>
      </trkpt>
      <trkpt lat="46.8084861" lon="10.2438759">
        <ele>2211.9</ele>
        <time>2026-09-15T10:30:54Z</time>
        <extensions>
          <gpxdata:distance>1325.54</gpxdata:distance>
          <gpxdata:speed>0.636</gpxdata:speed>
        </extensions>
      </trkpt>
      <trkpt lat="46.8085501" lon="10.2438399">
        <ele>2213.5</ele>
        <time>2026-09-15T10:31:06Z</time>
        <extensions>
          <gpxdata:distance>1333.17</gpxdata:distance>
          <gpxdata:speed>0.639</gpxdata:speed>
        </extensions>
      </trkpt>
      <trkpt lat="46.8085501" lon="10.2438399">
        <ele>2213.5</ele>
        <time>2026-09-15T10:31:06Z</time>
        <extensions>
          <gpxdata:distance>1333.17</gpxdata:distance>
          <gpxdata:speed>0.000</gpxdata:speed>
        </extensions>
      </trkpt>
      <trkpt lat="46.8085591" lon="10.2438539">
        <ele>2214.0</ele>
        <time>2026-09-15T10:31:08Z</time>
        <extensions>
          <gpxdata:distance>1334.63</gpxdata:distance>
          <gpxdata:speed>0.639</gpxdata:speed>
        </extensions>
      </trkpt>
      <trkpt lat="46.8085671" lon="10.2438799">
        <ele>2215.2</ele>
        <time>2026-09-15T10:31:12Z</time>
        <extensions>
          <gpxdata:distance>1336.80</gpxdata:distance>
          <gpxdata:speed>0.647</gpxdata:speed>
        </extensions>
      </trkpt>
      <trkpt lat="46.8085941" lon="10.2438949">
        <ele>2216.6</ele>
        <time>2026-09-15T10:31:17Z</time>
        <extensions>
          <gpxdata:distance>1340.01</gpxdata:distance>
          <gpxdata:speed>0.569</gpxdata:speed>
        </extensions>
      </trkpt>
      <trkpt lat="46.8086380" lon="10.2439229">
        <ele>2218.4</ele>
        <time>2026-09-15T10:31:27Z</time>
        <extensions>
          <gpxdata:distance>1345.34</gpxdata:distance>
          <gpxdata:speed>0.530</gpxdata:speed>
        </extensions>
      </trkpt>
      <trkpt lat="46.8086640" lon="10.2439509">
        <ele>2220.0</ele>
        <time>2026-09-15T10:31:35Z</time>
        <extensions>
          <gpxdata:distance>1348.93</gpxdata:distance>
          <gpxdata:speed>0.461</gpxdata:speed>
        </extensions>
      </trkpt>
      <trkpt lat="46.8087170" lon="10.2439929">
        <ele>2221.7</ele>
        <time>2026-09-15T10:31:50Z</time>
        <extensions>
          <gpxdata:distance>1355.63</gpxdata:distance>
          <gpxdata:speed>0.461</gpxdata:speed>
        </extensions>
      </trkpt>
      <trkpt lat="46.8087430" lon="10.2440339">
        <ele>2224.2</ele>
        <time>2026-09-15T10:31:59Z</time>
        <extensions>
          <gpxdata:distance>1359.89</gpxdata:distance>
          <gpxdata:speed>0.461</gpxdata:speed>
        </extensions>
      </trkpt>
      <trkpt lat="46.8088300" lon="10.2441559">
        <ele>2228.4</ele>
        <time>2026-09-15T10:32:28Z</time>
        <extensions>
          <gpxdata:distance>1373.30</gpxdata:distance>
          <gpxdata:speed>0.461</gpxdata:speed>
        </extensions>
      </trkpt>
      <trkpt lat="46.8088650" lon="10.2441839">
        <ele>2228.8</ele>
        <time>2026-09-15T10:32:38Z</time>
        <extensions>
          <gpxdata:distance>1377.73</gpxdata:distance>
          <gpxdata:speed>0.461</gpxdata:speed>
        </extensions>
      </trkpt>
      <trkpt lat="46.8089790" lon="10.2443339">
        <ele>2233.4</ele>
        <time>2026-09-15T10:33:14Z</time>
        <extensions>
          <gpxdata:distance>1394.79</gpxdata:distance>
          <gpxdata:speed>0.461</gpxdata:speed>
        </extensions>
      </trkpt>
      <trkpt lat="46.8090400" lon="10.2443899">
        <ele>2235.2</ele>
        <time>2026-09-15T10:33:32Z</time>
        <extensions>
          <gpxdata:distance>1402.80</gpxdata:distance>
          <gpxdata:speed>0.461</gpxdata:speed>
        </extensions>
      </trkpt>
      <trkpt lat="46.8091200" lon="10.2444469">
        <ele>2236.7</ele>
        <time>2026-09-15T10:33:53Z</time>
        <extensions>
          <gpxdata:distance>1412.70</gpxdata:distance>
          <gpxdata:speed>0.461</gpxdata:speed>
        </extensions>
      </trkpt>
      <trkpt lat="46.8092350" lon="10.2445439">
        <ele>2239.2</ele>
        <time>2026-09-15T10:34:25Z</time>
        <extensions>
          <gpxdata:distance>1427.47</gpxdata:distance>
          <gpxdata:speed>0.461</gpxdata:speed>
        </extensions>
      </trkpt>
      <trkpt lat="46.8092880" lon="10.2445599">
        <ele>2240.4</ele>
        <time>2026-09-15T10:34:37Z</time>
        <extensions>
          <gpxdata:distance>1433.48</gpxdata:distance>
          <gpxdata:speed>0.494</gpxdata:speed>
        </extensions>
      </trkpt>
      <trkpt lat="46.8093140" lon="10.2446009">
        <ele>2241.3</ele>
        <time>2026-09-15T10:34:46Z</time>
        <extensions>
          <gpxdata:distance>1437.74</gpxdata:distance>
          <gpxdata:speed>0.504</gpxdata:speed>
        </extensions>
      </trkpt>
      <trkpt lat="46.8093320" lon="10.2446019">
        <ele>2241.6</ele>
        <time>2026-09-15T10:34:49Z</time>
        <extensions>
          <gpxdata:distance>1439.74</gpxdata:distance>
          <gpxdata:speed>0.582</gpxdata:speed>
        </extensions>
      </trkpt>
      <trkpt lat="46.8093320" lon="10.2446019">
        <ele>2241.6</ele>
        <time>2026-09-15T10:34:49Z</time>
        <extensions>
          <gpxdata:distance>1439.74</gpxdata:distance>
          <gpxdata:speed>0.000</gpxdata:speed>
        </extensions>
      </trkpt>
      <trkpt lat="46.8093680" lon="10.2446039">
        <ele>2242.2</ele>
        <time>2026-09-15T10:34:56Z</time>
        <extensions>
          <gpxdata:distance>1443.75</gpxdata:distance>
          <gpxdata:speed>0.638</gpxdata:speed>
        </extensions>
      </trkpt>
      <trkpt lat="46.8093860" lon="10.2446049">
        <ele>2242.8</ele>
        <time>2026-09-15T10:34:59Z</time>
        <extensions>
          <gpxdata:distance>1445.75</gpxdata:distance>
          <gpxdata:speed>0.643</gpxdata:speed>
        </extensions>
      </trkpt>
      <trkpt lat="46.8094050" lon="10.2445659">
        <ele>2243.4</ele>
        <time>2026-09-15T10:35:04Z</time>
        <extensions>
          <gpxdata:distance>1449.39</gpxdata:distance>
          <gpxdata:speed>0.640</gpxdata:speed>
        </extensions>
      </trkpt>
      <trkpt lat="46.8094320" lon="10.2445679">
        <ele>2244.3</ele>
        <time>2026-09-15T10:35:09Z</time>
        <extensions>
          <gpxdata:distance>1452.40</gpxdata:distance>
          <gpxdata:speed>0.646</gpxdata:speed>
        </extensions>
      </trkpt>
      <trkpt lat="46.8094590" lon="10.2445819">
        <ele>2245.0</ele>
        <time>2026-09-15T10:35:14Z</time>
        <extensions>
          <gpxdata:distance>1455.58</gpxdata:distance>
          <gpxdata:speed>0.625</gpxdata:speed>
        </extensions>
      </trkpt>
      <trkpt lat="46.8095210" lon="10.2445989">
        <ele>2246.0</ele>
        <time>2026-09-15T10:35:25Z</time>
        <extensions>
          <gpxdata:distance>1462.60</gpxdata:distance>
          <gpxdata:speed>0.646</gpxdata:speed>
        </extensions>
      </trkpt>
      <trkpt lat="46.8095660" lon="10.2446009">
        <ele>2247.0</ele>
        <time>2026-09-15T10:35:33Z</time>
        <extensions>
          <gpxdata:distance>1467.60</gpxdata:distance>
          <gpxdata:speed>0.645</gpxdata:speed>
        </extensions>
      </trkpt>
      <trkpt lat="46.8096030" lon="10.2445769">
        <ele>2247.6</ele>
        <time>2026-09-15T10:35:40Z</time>
        <extensions>
          <gpxdata:distance>1472.11</gpxdata:distance>
          <gpxdata:speed>0.643</gpxdata:speed>
        </extensions>
      </trkpt>
      <trkpt lat="46.8097200" lon="10.2445829">
        <ele>2249.9</ele>
        <time>2026-09-15T10:36:00Z</time>
        <extensions>
          <gpxdata:distance>1485.12</gpxdata:distance>
          <gpxdata:speed>0.642</gpxdata:speed>
        </extensions>
      </trkpt>
      <trkpt lat="46.8097650" lon="10.2445719">
        <ele>2250.5</ele>
        <time>2026-09-15T10:36:08Z</time>
        <extensions>
          <gpxdata:distance>1490.20</gpxdata:distance>
          <gpxdata:speed>0.641</gpxdata:speed>
        </extensions>
      </trkpt>
      <trkpt lat="46.8098650" lon="10.2445249">
        <ele>2252.6</ele>
        <time>2026-09-15T10:36:26Z</time>
        <extensions>
          <gpxdata:distance>1501.88</gpxdata:distance>
          <gpxdata:speed>0.639</gpxdata:speed>
        </extensions>
      </trkpt>
      <trkpt lat="46.8099930" lon="10.2444399">
        <ele>2255.2</ele>
        <time>2026-09-15T10:36:51Z</time>
        <extensions>
          <gpxdata:distance>1517.51</gpxdata:distance>
          <gpxdata:speed>0.639</gpxdata:speed>
        </extensions>
      </trkpt>
      <trkpt lat="46.8100110" lon="10.2444409">
        <ele>2255.7</ele>
        <time>2026-09-15T10:36:54Z</time>
        <extensions>
          <gpxdata:distance>1519.51</gpxdata:distance>
          <gpxdata:speed>0.638</gpxdata:speed>
        </extensions>
      </trkpt>
      <trkpt lat="46.8100380" lon="10.2444679">
        <ele>2256.6</ele>
        <time>2026-09-15T10:37:00Z</time>
        <extensions>
          <gpxdata:distance>1523.15</gpxdata:distance>
          <gpxdata:speed>0.638</gpxdata:speed>
        </extensions>
      </trkpt>
      <trkpt lat="46.8100650" lon="10.2444429">
        <ele>2257.3</ele>
        <time>2026-09-15T10:37:05Z</time>
        <extensions>
          <gpxdata:distance>1526.71</gpxdata:distance>
          <gpxdata:speed>0.640</gpxdata:speed>
        </extensions>
      </trkpt>
      <trkpt lat="46.8101730" lon="10.2444359">
        <ele>2259.4</ele>
        <time>2026-09-15T10:37:24Z</time>
        <extensions>
          <gpxdata:distance>1538.73</gpxdata:distance>
          <gpxdata:speed>0.639</gpxdata:speed>
        </extensions>
      </trkpt>
      <trkpt lat="46.8102830" lon="10.2443889">
        <ele>2261.1</ele>
        <time>2026-09-15T10:37:44Z</time>
        <extensions>
          <gpxdata:distance>1551.47</gpxdata:distance>
          <gpxdata:speed>0.638</gpxdata:speed>
        </extensions>
      </trkpt>
      <trkpt lat="46.8103560" lon="10.2443539">
        <ele>2262.3</ele>
        <time>2026-09-15T10:37:57Z</time>
        <extensions>
          <gpxdata:distance>1560.01</gpxdata:distance>
          <gpxdata:speed>0.636</gpxdata:speed>
        </extensions>
      </trkpt>
      <trkpt lat="46.8104020" lon="10.2442909">
        <ele>2263.2</ele>
        <time>2026-09-15T10:38:08Z</time>
        <extensions>
          <gpxdata:distance>1567.03</gpxdata:distance>
          <gpxdata:speed>0.636</gpxdata:speed>
        </extensions>
      </trkpt>
      <trkpt lat="46.8105050" lon="10.2441389">
        <ele>2265.3</ele>
        <time>2026-09-15T10:38:34Z</time>
        <extensions>
          <gpxdata:distance>1583.30</gpxdata:distance>
          <gpxdata:speed>0.633</gpxdata:speed>
        </extensions>
      </trkpt>
      <trkpt lat="46.8105790" lon="10.2440379">
        <ele>2267.4</ele>
        <time>2026-09-15T10:38:52Z</time>
        <extensions>
          <gpxdata:distance>1594.56</gpxdata:distance>
          <gpxdata:speed>0.633</gpxdata:speed>
        </extensions>
      </trkpt>
      <trkpt lat="46.8106640" lon="10.2438979">
        <ele>2269.8</ele>
        <time>2026-09-15T10:39:14Z</time>
        <extensions>
          <gpxdata:distance>1608.81</gpxdata:distance>
          <gpxdata:speed>0.633</gpxdata:speed>
        </extensions>
      </trkpt>
      <trkpt lat="46.8106670" lon="10.2437799">
        <ele>2271.4</ele>
        <time>2026-09-15T10:39:29Z</time>
        <extensions>
          <gpxdata:distance>1617.79</gpxdata:distance>
          <gpxdata:speed>0.633</gpxdata:speed>
        </extensions>
      </trkpt>
      <trkpt lat="46.8106970" lon="10.2436639">
        <ele>2272.2</ele>
        <time>2026-09-15T10:39:43Z</time>
        <extensions>
          <gpxdata:distance>1627.23</gpxdata:distance>
          <gpxdata:speed>0.635</gpxdata:speed>
        </extensions>
      </trkpt>
      <trkpt lat="46.8107320" lon="10.2433249">
        <ele>2277.0</ele>
        <time>2026-09-15T10:40:25Z</time>
        <extensions>
          <gpxdata:distance>1653.32</gpxdata:distance>
          <gpxdata:speed>0.632</gpxdata:speed>
        </extensions>
      </trkpt>
      <trkpt lat="46.8107320" lon="10.2432979">
        <ele>2277.1</ele>
        <time>2026-09-15T10:40:28Z</time>
        <extensions>
          <gpxdata:distance>1655.38</gpxdata:distance>
          <gpxdata:speed>0.632</gpxdata:speed>
        </extensions>
      </trkpt>
      <trkpt lat="46.8107160" lon="10.2432449">
        <ele>2277.5</ele>
        <time>2026-09-15T10:40:35Z</time>
        <extensions>
          <gpxdata:distance>1659.78</gpxdata:distance>
          <gpxdata:speed>0.631</gpxdata:speed>
        </extensions>
      </trkpt>
      <trkpt lat="46.8106940" lon="10.2430469">
        <ele>2281.1</ele>
        <time>2026-09-15T10:40:59Z</time>
        <extensions>
          <gpxdata:distance>1675.05</gpxdata:distance>
          <gpxdata:speed>0.636</gpxdata:speed>
        </extensions>
      </trkpt>
      <trkpt lat="46.8106770" lon="10.2429939">
        <ele>2282.0</ele>
        <time>2026-09-15T10:41:06Z</time>
        <extensions>
          <gpxdata:distance>1679.50</gpxdata:distance>
          <gpxdata:speed>0.639</gpxdata:speed>
        </extensions>
      </trkpt>
      <trkpt lat="46.8106690" lon="10.2429539">
        <ele>2283.1</ele>
        <time>2026-09-15T10:41:11Z</time>
        <extensions>
          <gpxdata:distance>1682.68</gpxdata:distance>
          <gpxdata:speed>0.641</gpxdata:speed>
        </extensions>
      </trkpt>
      <trkpt lat="46.8106440" lon="10.2428869">
        <ele>2283.4</ele>
        <time>2026-09-15T10:41:20Z</time>
        <extensions>
          <gpxdata:distance>1688.48</gpxdata:distance>
          <gpxdata:speed>0.638</gpxdata:speed>
        </extensions>
      </trkpt>
      <trkpt lat="46.8106630" lon="10.2428229">
        <ele>2283.5</ele>
        <time>2026-09-15T10:41:28Z</time>
        <extensions>
          <gpxdata:distance>1693.79</gpxdata:distance>
          <gpxdata:speed>0.634</gpxdata:speed>
        </extensions>
      </trkpt>
      <trkpt lat="46.8107090" lon="10.2427729">
        <ele>2285.2</ele>
        <time>2026-09-15T10:41:38Z</time>
        <extensions>
          <gpxdata:distance>1700.17</gpxdata:distance>
          <gpxdata:speed>0.641</gpxdata:speed>
        </extensions>
      </trkpt>
      <trkpt lat="46.8107660" lon="10.2426709">
        <ele>2286.4</ele>
        <time>2026-09-15T10:41:54Z</time>
        <extensions>
          <gpxdata:distance>1710.19</gpxdata:distance>
          <gpxdata:speed>0.636</gpxdata:speed>
        </extensions>
      </trkpt>
      <trkpt lat="46.8108330" lon="10.2425039">
        <ele>2289.3</ele>
        <time>2026-09-15T10:42:17Z</time>
        <extensions>
          <gpxdata:distance>1724.92</gpxdata:distance>
          <gpxdata:speed>0.640</gpxdata:speed>
        </extensions>
      </trkpt>
      <trkpt lat="46.8108510" lon="10.2425179">
        <ele>2290.1</ele>
        <time>2026-09-15T10:42:21Z</time>
        <extensions>
          <gpxdata:distance>1727.19</gpxdata:distance>
          <gpxdata:speed>0.644</gpxdata:speed>
        </extensions>
      </trkpt>
      <trkpt lat="46.8108490" lon="10.2429499">
        <ele>2295.1</ele>
        <time>2026-09-15T10:43:12Z</time>
        <extensions>
          <gpxdata:distance>1760.07</gpxdata:distance>
          <gpxdata:speed>0.636</gpxdata:speed>
        </extensions>
      </trkpt>
      <trkpt lat="46.8108670" lon="10.2429639">
        <ele>2295.8</ele>
        <time>2026-09-15T10:43:16Z</time>
        <extensions>
          <gpxdata:distance>1762.33</gpxdata:distance>
          <gpxdata:speed>0.636</gpxdata:speed>
        </extensions>
      </trkpt>
      <trkpt lat="46.8109150" lon="10.2428229">
        <ele>2297.8</ele>
        <time>2026-09-15T10:43:35Z</time>
        <extensions>
          <gpxdata:distance>1774.32</gpxdata:distance>
          <gpxdata:speed>0.634</gpxdata:speed>
        </extensions>
      </trkpt>
      <trkpt lat="46.8110280" lon="10.2426189">
        <ele>2301.1</ele>
        <time>2026-09-15T10:44:06Z</time>
        <extensions>
          <gpxdata:distance>1794.29</gpxdata:distance>
          <gpxdata:speed>0.637</gpxdata:speed>
        </extensions>
      </trkpt>
      <trkpt lat="46.8110470" lon="10.2425809">
        <ele>2301.5</ele>
        <time>2026-09-15T10:44:12Z</time>
        <extensions>
          <gpxdata:distance>1797.87</gpxdata:distance>
          <gpxdata:speed>0.639</gpxdata:speed>
        </extensions>
      </trkpt>
      <trkpt lat="46.8110650" lon="10.2425679">
        <ele>2302.4</ele>
        <time>2026-09-15T10:44:15Z</time>
        <extensions>
          <gpxdata:distance>1800.10</gpxdata:distance>
          <gpxdata:speed>0.638</gpxdata:speed>
        </extensions>
      </trkpt>
      <trkpt lat="46.8110610" lon="10.2427519">
        <ele>2304.7</ele>
        <time>2026-09-15T10:44:37Z</time>
        <extensions>
          <gpxdata:distance>1814.11</gpxdata:distance>
          <gpxdata:speed>0.640</gpxdata:speed>
        </extensions>
      </trkpt>
      <trkpt lat="46.8110390" lon="10.2428949">
        <ele>2306.5</ele>
        <time>2026-09-15T10:44:55Z</time>
        <extensions>
          <gpxdata:distance>1825.27</gpxdata:distance>
          <gpxdata:speed>0.638</gpxdata:speed>
        </extensions>
      </trkpt>
      <trkpt lat="46.8110460" lon="10.2429999">
        <ele>2307.5</ele>
        <time>2026-09-15T10:45:07Z</time>
        <extensions>
          <gpxdata:distance>1833.30</gpxdata:distance>
          <gpxdata:speed>0.635</gpxdata:speed>
        </extensions>
      </trkpt>
      <trkpt lat="46.8110640" lon="10.2429749">
        <ele>2308.5</ele>
        <time>2026-09-15T10:45:12Z</time>
        <extensions>
          <gpxdata:distance>1836.06</gpxdata:distance>
          <gpxdata:speed>0.640</gpxdata:speed>
        </extensions>
      </trkpt>
      <trkpt lat="46.8111220" lon="10.2428469">
        <ele>2310.2</ele>
        <time>2026-09-15T10:45:30Z</time>
        <extensions>
          <gpxdata:distance>1847.74</gpxdata:distance>
          <gpxdata:speed>0.637</gpxdata:speed>
        </extensions>
      </trkpt>
      <trkpt lat="46.8111860" lon="10.2427839">
        <ele>2312.0</ele>
        <time>2026-09-15T10:45:43Z</time>
        <extensions>
          <gpxdata:distance>1856.32</gpxdata:distance>
          <gpxdata:speed>0.639</gpxdata:speed>
        </extensions>
      </trkpt>
      <trkpt lat="46.8112710" lon="10.2426449">
        <ele>2314.1</ele>
        <time>2026-09-15T10:46:06Z</time>
        <extensions>
          <gpxdata:distance>1870.51</gpxdata:distance>
          <gpxdata:speed>0.638</gpxdata:speed>
        </extensions>
      </trkpt>
      <trkpt lat="46.8112880" lon="10.2426589">
        <ele>2314.8</ele>
        <time>2026-09-15T10:46:09Z</time>
        <extensions>
          <gpxdata:distance>1872.68</gpxdata:distance>
          <gpxdata:speed>0.641</gpxdata:speed>
        </extensions>
      </trkpt>
      <trkpt lat="46.8112580" lon="10.2427749">
        <ele>2316.0</ele>
        <time>2026-09-15T10:46:24Z</time>
        <extensions>
          <gpxdata:distance>1882.11</gpxdata:distance>
          <gpxdata:speed>0.636</gpxdata:speed>
        </extensions>
      </trkpt>
      <trkpt lat="46.8112540" lon="10.2429719">
        <ele>2318.5</ele>
        <time>2026-09-15T10:46:47Z</time>
        <extensions>
          <gpxdata:distance>1897.11</gpxdata:distance>
          <gpxdata:speed>0.636</gpxdata:speed>
        </extensions>
      </trkpt>
      <trkpt lat="46.8112710" lon="10.2429859">
        <ele>2319.0</ele>
        <time>2026-09-15T10:46:51Z</time>
        <extensions>
          <gpxdata:distance>1899.28</gpxdata:distance>
          <gpxdata:speed>0.637</gpxdata:speed>
        </extensions>
      </trkpt>
      <trkpt lat="46.8112900" lon="10.2429469">
        <ele>2319.9</ele>
        <time>2026-09-15T10:46:56Z</time>
        <extensions>
          <gpxdata:distance>1902.93</gpxdata:distance>
          <gpxdata:speed>0.641</gpxdata:speed>
        </extensions>
      </trkpt>
      <trkpt lat="46.8113470" lon="10.2428189">
        <ele>2321.5</ele>
        <time>2026-09-15T10:47:15Z</time>
        <extensions>
          <gpxdata:distance>1914.55</gpxdata:distance>
          <gpxdata:speed>0.636</gpxdata:speed>
        </extensions>
      </trkpt>
      <trkpt lat="46.8114220" lon="10.2427179">
        <ele>2323.6</ele>
        <time>2026-09-15T10:47:33Z</time>
        <extensions>
          <gpxdata:distance>1925.89</gpxdata:distance>
          <gpxdata:speed>0.638</gpxdata:speed>
        </extensions>
      </trkpt>
      <trkpt lat="46.8114500" lon="10.2426669">
        <ele>2324.2</ele>
        <time>2026-09-15T10:47:40Z</time>
        <extensions>
          <gpxdata:distance>1930.86</gpxdata:distance>
          <gpxdata:speed>0.635</gpxdata:speed>
        </extensions>
      </trkpt>
      <trkpt lat="46.8114590" lon="10.2426679">
        <ele>2324.6</ele>
        <time>2026-09-15T10:47:42Z</time>
        <extensions>
          <gpxdata:distance>1931.87</gpxdata:distance>
          <gpxdata:speed>0.638</gpxdata:speed>
        </extensions>
      </trkpt>
      <trkpt lat="46.8114670" lon="10.2427069">
        <ele>2325.5</ele>
        <time>2026-09-15T10:47:47Z</time>
        <extensions>
          <gpxdata:distance>1934.97</gpxdata:distance>
          <gpxdata:speed>0.638</gpxdata:speed>
        </extensions>
      </trkpt>
      <trkpt lat="46.8114660" lon="10.2427329">
        <ele>2326.3</ele>
        <time>2026-09-15T10:47:50Z</time>
        <extensions>
          <gpxdata:distance>1936.95</gpxdata:distance>
          <gpxdata:speed>0.644</gpxdata:speed>
        </extensions>
      </trkpt>
      <trkpt lat="46.8114710" lon="10.2429039">
        <ele>2328.7</ele>
        <time>2026-09-15T10:48:10Z</time>
        <extensions>
          <gpxdata:distance>1949.97</gpxdata:distance>
          <gpxdata:speed>0.646</gpxdata:speed>
        </extensions>
      </trkpt>
      <trkpt lat="46.8115570" lon="10.2427249">
        <ele>2331.7</ele>
        <time>2026-09-15T10:48:36Z</time>
        <extensions>
          <gpxdata:distance>1966.62</gpxdata:distance>
          <gpxdata:speed>0.645</gpxdata:speed>
        </extensions>
      </trkpt>
      <trkpt lat="46.8115930" lon="10.2427139">
        <ele>2332.6</ele>
        <time>2026-09-15T10:48:42Z</time>
        <extensions>
          <gpxdata:distance>1970.71</gpxdata:distance>
          <gpxdata:speed>0.644</gpxdata:speed>
        </extensions>
      </trkpt>
      <trkpt lat="46.8116470" lon="10.2427169">
        <ele>2333.9</ele>
        <time>2026-09-15T10:48:51Z</time>
        <extensions>
          <gpxdata:distance>1976.72</gpxdata:distance>
          <gpxdata:speed>0.649</gpxdata:speed>
        </extensions>
      </trkpt>
      <trkpt lat="46.8117370" lon="10.2426949">
        <ele>2335.3</ele>
        <time>2026-09-15T10:49:07Z</time>
        <extensions>
          <gpxdata:distance>1986.86</gpxdata:distance>
          <gpxdata:speed>0.646</gpxdata:speed>
        </extensions>
      </trkpt>
      <trkpt lat="46.8117830" lon="10.2426709">
        <ele>2336.3</ele>
        <time>2026-09-15T10:49:16Z</time>
        <extensions>
          <gpxdata:distance>1992.29</gpxdata:distance>
          <gpxdata:speed>0.648</gpxdata:speed>
        </extensions>
      </trkpt>
      <trkpt lat="46.8118010" lon="10.2426719">
        <ele>2336.8</ele>
        <time>2026-09-15T10:49:19Z</time>
        <extensions>
          <gpxdata:distance>1994.30</gpxdata:distance>
          <gpxdata:speed>0.647</gpxdata:speed>
        </extensions>
      </trkpt>
      <trkpt lat="46.8116720" lon="10.2428099">
        <ele>2339.9</ele>
        <time>2026-09-15T10:49:46Z</time>
        <extensions>
          <gpxdata:distance>2012.07</gpxdata:distance>
          <gpxdata:speed>0.644</gpxdata:speed>
        </extensions>
      </trkpt>
      <trkpt lat="46.8118340" lon="10.2427789">
        <ele>2342.6</ele>
        <time>2026-09-15T10:50:15Z</time>
        <extensions>
          <gpxdata:distance>2030.24</gpxdata:distance>
          <gpxdata:speed>0.639</gpxdata:speed>
        </extensions>
      </trkpt>
      <trkpt lat="46.8118620" lon="10.2427409">
        <ele>2343.4</ele>
        <time>2026-09-15T10:50:21Z</time>
        <extensions>
          <gpxdata:distance>2034.49</gpxdata:distance>
          <gpxdata:speed>0.639</gpxdata:speed>
        </extensions>
      </trkpt>
      <trkpt lat="46.8118810" lon="10.2427029">
        <ele>2343.5</ele>
        <time>2026-09-15T10:50:27Z</time>
        <extensions>
          <gpxdata:distance>2038.07</gpxdata:distance>
          <gpxdata:speed>0.636</gpxdata:speed>
        </extensions>
      </trkpt>
      <trkpt lat="46.8119180" lon="10.2426649">
        <ele>2344.4</ele>
        <time>2026-09-15T10:50:35Z</time>
        <extensions>
          <gpxdata:distance>2043.10</gpxdata:distance>
          <gpxdata:speed>0.635</gpxdata:speed>
        </extensions>
      </trkpt>
      <trkpt lat="46.8120000" lon="10.2426299">
        <ele>2345.9</ele>
        <time>2026-09-15T10:50:50Z</time>
        <extensions>
          <gpxdata:distance>2052.60</gpxdata:distance>
          <gpxdata:speed>0.633</gpxdata:speed>
        </extensions>
      </trkpt>
      <trkpt lat="46.8119720" lon="10.2426809">
        <ele>2347.1</ele>
        <time>2026-09-15T10:50:58Z</time>
        <extensions>
          <gpxdata:distance>2057.58</gpxdata:distance>
          <gpxdata:speed>0.637</gpxdata:speed>
        </extensions>
      </trkpt>
      <trkpt lat="46.8119350" lon="10.2427319">
        <ele>2348.0</ele>
        <time>2026-09-15T10:51:07Z</time>
        <extensions>
          <gpxdata:distance>2063.23</gpxdata:distance>
          <gpxdata:speed>0.636</gpxdata:speed>
        </extensions>
      </trkpt>
      <trkpt lat="46.8118940" lon="10.2429259">
        <ele>2350.8</ele>
        <time>2026-09-15T10:51:31Z</time>
        <extensions>
          <gpxdata:distance>2078.68</gpxdata:distance>
          <gpxdata:speed>0.636</gpxdata:speed>
        </extensions>
      </trkpt>
      <trkpt lat="46.8119100" lon="10.2429799">
        <ele>2351.6</ele>
        <time>2026-09-15T10:51:38Z</time>
        <extensions>
          <gpxdata:distance>2083.16</gpxdata:distance>
          <gpxdata:speed>0.636</gpxdata:speed>
        </extensions>
      </trkpt>
      <trkpt lat="46.8119360" lon="10.2430199">
        <ele>2352.7</ele>
        <time>2026-09-15T10:51:44Z</time>
        <extensions>
          <gpxdata:distance>2087.36</gpxdata:distance>
          <gpxdata:speed>0.640</gpxdata:speed>
        </extensions>
      </trkpt>
      <trkpt lat="46.8119380" lon="10.2429549">
        <ele>2353.4</ele>
        <time>2026-09-15T10:51:52Z</time>
        <extensions>
          <gpxdata:distance>2092.31</gpxdata:distance>
          <gpxdata:speed>0.639</gpxdata:speed>
        </extensions>
      </trkpt>
      <trkpt lat="46.8119750" lon="10.2429299">
        <ele>2354.7</ele>
        <time>2026-09-15T10:51:59Z</time>
        <extensions>
          <gpxdata:distance>2096.84</gpxdata:distance>
          <gpxdata:speed>0.645</gpxdata:speed>
        </extensions>
      </trkpt>
      <trkpt lat="46.8120310" lon="10.2428549">
        <ele>2355.6</ele>
        <time>2026-09-15T10:52:12Z</time>
        <extensions>
          <gpxdata:distance>2105.29</gpxdata:distance>
          <gpxdata:speed>0.641</gpxdata:speed>
        </extensions>
      </trkpt>
      <trkpt lat="46.8121320" lon="10.2427679">
        <ele>2357.7</ele>
        <time>2026-09-15T10:52:33Z</time>
        <extensions>
          <gpxdata:distance>2118.33</gpxdata:distance>
          <gpxdata:speed>0.641</gpxdata:speed>
        </extensions>
      </trkpt>
      <trkpt lat="46.8122060" lon="10.2426799">
        <ele>2359.0</ele>
        <time>2026-09-15T10:52:49Z</time>
        <extensions>
          <gpxdata:distance>2128.94</gpxdata:distance>
          <gpxdata:speed>0.637</gpxdata:speed>
        </extensions>
      </trkpt>
      <trkpt lat="46.8122600" lon="10.2426569">
        <ele>2360.2</ele>
        <time>2026-09-15T10:52:59Z</time>
        <extensions>
          <gpxdata:distance>2135.19</gpxdata:distance>
          <gpxdata:speed>0.638</gpxdata:speed>
        </extensions>
      </trkpt>
      <trkpt lat="46.8122790" lon="10.2426319">
        <ele>2360.2</ele>
        <time>2026-09-15T10:53:04Z</time>
        <extensions>
          <gpxdata:distance>2138.03</gpxdata:distance>
          <gpxdata:speed>0.633</gpxdata:speed>
        </extensions>
      </trkpt>
      <trkpt lat="46.8123340" lon="10.2426079">
        <ele>2362.1</ele>
        <time>2026-09-15T10:53:14Z</time>
        <extensions>
          <gpxdata:distance>2144.42</gpxdata:distance>
          <gpxdata:speed>0.638</gpxdata:speed>
        </extensions>
      </trkpt>
      <trkpt lat="46.8123710" lon="10.2425579">
        <ele>2362.8</ele>
        <time>2026-09-15T10:53:23Z</time>
        <extensions>
          <gpxdata:distance>2150.02</gpxdata:distance>
          <gpxdata:speed>0.634</gpxdata:speed>
        </extensions>
      </trkpt>
      <trkpt lat="46.8123880" lon="10.2425849">
        <ele>2364.0</ele>
        <time>2026-09-15T10:53:27Z</time>
        <extensions>
          <gpxdata:distance>2152.81</gpxdata:distance>
          <gpxdata:speed>0.640</gpxdata:speed>
        </extensions>
      </trkpt>
      <trkpt lat="46.8123600" lon="10.2426359">
        <ele>2364.6</ele>
        <time>2026-09-15T10:53:35Z</time>
        <extensions>
          <gpxdata:distance>2157.79</gpxdata:distance>
          <gpxdata:speed>0.635</gpxdata:speed>
        </extensions>
      </trkpt>
      <trkpt lat="46.8123500" lon="10.2426879">
        <ele>2366.0</ele>
        <time>2026-09-15T10:53:41Z</time>
        <extensions>
          <gpxdata:distance>2161.90</gpxdata:distance>
          <gpxdata:speed>0.643</gpxdata:speed>
        </extensions>
      </trkpt>
      <trkpt lat="46.8123030" lon="10.2427379">
        <ele>2365.9</ele>
        <time>2026-09-15T10:53:51Z</time>
        <extensions>
          <gpxdata:distance>2168.36</gpxdata:distance>
          <gpxdata:speed>0.635</gpxdata:speed>
        </extensions>
      </trkpt>
      <trkpt lat="46.8122930" lon="10.2427769">
        <ele>2366.4</ele>
        <time>2026-09-15T10:53:56Z</time>
        <extensions>
          <gpxdata:distance>2171.53</gpxdata:distance>
          <gpxdata:speed>0.639</gpxdata:speed>
        </extensions>
      </trkpt>
      <trkpt lat="46.8122920" lon="10.2428419">
        <ele>2368.2</ele>
        <time>2026-09-15T10:54:04Z</time>
        <extensions>
          <gpxdata:distance>2176.48</gpxdata:distance>
          <gpxdata:speed>0.647</gpxdata:speed>
        </extensions>
      </trkpt>
      <trkpt lat="46.8122970" lon="10.2430129">
        <ele>2370.3</ele>
        <time>2026-09-15T10:54:24Z</time>
        <extensions>
          <gpxdata:distance>2189.51</gpxdata:distance>
          <gpxdata:speed>0.647</gpxdata:speed>
        </extensions>
      </trkpt>
      <trkpt lat="46.8123210" lon="10.2431319">
        <ele>2372.0</ele>
        <time>2026-09-15T10:54:39Z</time>
        <extensions>
          <gpxdata:distance>2198.95</gpxdata:distance>
          <gpxdata:speed>0.642</gpxdata:speed>
        </extensions>
      </trkpt>
      <trkpt lat="46.8123720" lon="10.2432399">
        <ele>2373.7</ele>
        <time>2026-09-15T10:54:54Z</time>
        <extensions>
          <gpxdata:distance>2208.93</gpxdata:distance>
          <gpxdata:speed>0.643</gpxdata:speed>
        </extensions>
      </trkpt>
      <trkpt lat="46.8123800" lon="10.2432789">
        <ele>2373.9</ele>
        <time>2026-09-15T10:54:59Z</time>
        <extensions>
          <gpxdata:distance>2212.03</gpxdata:distance>
          <gpxdata:speed>0.637</gpxdata:speed>
        </extensions>
      </trkpt>
      <trkpt lat="46.8123980" lon="10.2432799">
        <ele>2374.4</ele>
        <time>2026-09-15T10:55:02Z</time>
        <extensions>
          <gpxdata:distance>2214.03</gpxdata:distance>
          <gpxdata:speed>0.639</gpxdata:speed>
        </extensions>
      </trkpt>
      <trkpt lat="46.8123990" lon="10.2432539">
        <ele>2375.4</ele>
        <time>2026-09-15T10:55:05Z</time>
        <extensions>
          <gpxdata:distance>2216.02</gpxdata:distance>
          <gpxdata:speed>0.639</gpxdata:speed>
        </extensions>
      </trkpt>
      <trkpt lat="46.8123910" lon="10.2432009">
        <ele>2376.2</ele>
        <time>2026-09-15T10:55:12Z</time>
        <extensions>
          <gpxdata:distance>2220.15</gpxdata:distance>
          <gpxdata:speed>0.648</gpxdata:speed>
        </extensions>
      </trkpt>
      <trkpt lat="46.8123930" lon="10.2431359">
        <ele>2376.6</ele>
        <time>2026-09-15T10:55:19Z</time>
        <extensions>
          <gpxdata:distance>2225.10</gpxdata:distance>
          <gpxdata:speed>0.645</gpxdata:speed>
        </extensions>
      </trkpt>
      <trkpt lat="46.8124770" lon="10.2429829">
        <ele>2379.2</ele>
        <time>2026-09-15T10:55:43Z</time>
        <extensions>
          <gpxdata:distance>2240.02</gpxdata:distance>
          <gpxdata:speed>0.639</gpxdata:speed>
        </extensions>
      </trkpt>
      <trkpt lat="46.8124970" lon="10.2429179">
        <ele>2379.6</ele>
        <time>2026-09-15T10:55:51Z</time>
        <extensions>
          <gpxdata:distance>2245.45</gpxdata:distance>
          <gpxdata:speed>0.636</gpxdata:speed>
        </extensions>
      </trkpt>
      <trkpt lat="46.8125250" lon="10.2428669">
        <ele>2380.3</ele>
        <time>2026-09-15T10:55:59Z</time>
        <extensions>
          <gpxdata:distance>2250.42</gpxdata:distance>
          <gpxdata:speed>0.634</gpxdata:speed>
        </extensions>
      </trkpt>
      <trkpt lat="46.8125530" lon="10.2428559">
        <ele>2381.0</ele>
        <time>2026-09-15T10:56:04Z</time>
        <extensions>
          <gpxdata:distance>2253.65</gpxdata:distance>
          <gpxdata:speed>0.635</gpxdata:speed>
        </extensions>
      </trkpt>
      <trkpt lat="46.8126060" lon="10.2428719">
        <ele>2383.5</ele>
        <time>2026-09-15T10:56:14Z</time>
        <extensions>
          <gpxdata:distance>2259.67</gpxdata:distance>
          <gpxdata:speed>0.643</gpxdata:speed>
        </extensions>
      </trkpt>
      <trkpt lat="46.8126340" lon="10.2428469">
        <ele>2384.4</ele>
        <time>2026-09-15T10:56:19Z</time>
        <extensions>
          <gpxdata:distance>2263.31</gpxdata:distance>
          <gpxdata:speed>0.638</gpxdata:speed>
        </extensions>
      </trkpt>
      <trkpt lat="46.8126610" lon="10.2428479">
        <ele>2385.3</ele>
        <time>2026-09-15T10:56:24Z</time>
        <extensions>
          <gpxdata:distance>2266.32</gpxdata:distance>
          <gpxdata:speed>0.648</gpxdata:speed>
        </extensions>
      </trkpt>
      <trkpt lat="46.8126870" lon="10.2428759">
        <ele>2387.2</ele>
        <time>2026-09-15T10:56:30Z</time>
        <extensions>
          <gpxdata:distance>2269.91</gpxdata:distance>
          <gpxdata:speed>0.570</gpxdata:speed>
        </extensions>
      </trkpt>
      <trkpt lat="46.8127320" lon="10.2428779">
        <ele>2389.6</ele>
        <time>2026-09-15T10:56:41Z</time>
        <extensions>
          <gpxdata:distance>2274.91</gpxdata:distance>
          <gpxdata:speed>0.461</gpxdata:speed>
        </extensions>
      </trkpt>
      <trkpt lat="46.8127290" lon="10.2430219">
        <ele>2391.9</ele>
        <time>2026-09-15T10:57:05Z</time>
        <extensions>
          <gpxdata:distance>2285.88</gpxdata:distance>
          <gpxdata:speed>0.461</gpxdata:speed>
        </extensions>
      </trkpt>
      <trkpt lat="46.8127540" lon="10.2430889">
        <ele>2393.5</ele>
        <time>2026-09-15T10:57:17Z</time>
        <extensions>
          <gpxdata:distance>2291.69</gpxdata:distance>
          <gpxdata:speed>0.461</gpxdata:speed>
        </extensions>
      </trkpt>
      <trkpt lat="46.8127520" lon="10.2431539">
        <ele>2393.9</ele>
        <time>2026-09-15T10:57:28Z</time>
        <extensions>
          <gpxdata:distance>2296.64</gpxdata:distance>
          <gpxdata:speed>0.461</gpxdata:speed>
        </extensions>
      </trkpt>
      <trkpt lat="46.8127960" lon="10.2432219">
        <ele>2395.0</ele>
        <time>2026-09-15T10:57:44Z</time>
        <extensions>
          <gpxdata:distance>2303.76</gpxdata:distance>
          <gpxdata:speed>0.461</gpxdata:speed>
        </extensions>
      </trkpt>
      <trkpt lat="46.8128120" lon="10.2432759">
        <ele>2395.2</ele>
        <time>2026-09-15T10:57:53Z</time>
        <extensions>
          <gpxdata:distance>2308.24</gpxdata:distance>
          <gpxdata:speed>0.496</gpxdata:speed>
        </extensions>
      </trkpt>
      <trkpt lat="46.8128300" lon="10.2433029">
        <ele>2395.8</ele>
        <time>2026-09-15T10:57:58Z</time>
        <extensions>
          <gpxdata:distance>2311.11</gpxdata:distance>
          <gpxdata:speed>0.504</gpxdata:speed>
        </extensions>
      </trkpt>
      <trkpt lat="46.8128480" lon="10.2432909">
        <ele>2396.9</ele>
        <time>2026-09-15T10:58:03Z</time>
        <extensions>
          <gpxdata:distance>2313.31</gpxdata:distance>
          <gpxdata:speed>0.473</gpxdata:speed>
        </extensions>
      </trkpt>
      <trkpt lat="46.8128690" lon="10.2431739">
        <ele>2398.7</ele>
        <time>2026-09-15T10:58:19Z</time>
        <extensions>
          <gpxdata:distance>2322.51</gpxdata:distance>
          <gpxdata:speed>0.579</gpxdata:speed>
        </extensions>
      </trkpt>
      <trkpt lat="46.8128990" lon="10.2430569">
        <ele>2400.1</ele>
        <time>2026-09-15T10:58:34Z</time>
        <extensions>
          <gpxdata:distance>2332.02</gpxdata:distance>
          <gpxdata:speed>0.643</gpxdata:speed>
        </extensions>
      </trkpt>
      <trkpt lat="46.8129090" lon="10.2430049">
        <ele>2400.8</ele>
        <time>2026-09-15T10:58:40Z</time>
        <extensions>
          <gpxdata:distance>2336.13</gpxdata:distance>
          <gpxdata:speed>0.640</gpxdata:speed>
        </extensions>
      </trkpt>
      <trkpt lat="46.8129260" lon="10.2430319">
        <ele>2401.7</ele>
        <time>2026-09-15T10:58:44Z</time>
        <extensions>
          <gpxdata:distance>2338.92</gpxdata:distance>
          <gpxdata:speed>0.639</gpxdata:speed>
        </extensions>
      </trkpt>
      <trkpt lat="46.8129870" lon="10.2431139">
        <ele>2404.9</ele>
        <time>2026-09-15T10:59:00Z</time>
        <extensions>
          <gpxdata:distance>2348.14</gpxdata:distance>
          <gpxdata:speed>0.598</gpxdata:speed>
        </extensions>
      </trkpt>
      <trkpt lat="46.8130230" lon="10.2431159">
        <ele>2406.5</ele>
        <time>2026-09-15T10:59:08Z</time>
        <extensions>
          <gpxdata:distance>2352.14</gpxdata:distance>
          <gpxdata:speed>0.508</gpxdata:speed>
        </extensions>
      </trkpt>
      <trkpt lat="46.8130330" lon="10.2430899">
        <ele>2407.5</ele>
        <time>2026-09-15T10:59:13Z</time>
        <extensions>
          <gpxdata:distance>2354.41</gpxdata:distance>
          <gpxdata:speed>0.461</gpxdata:speed>
        </extensions>
      </trkpt>
      <trkpt lat="46.8130430" lon="10.2430389">
        <ele>2408.2</ele>
        <time>2026-09-15T10:59:21Z</time>
        <extensions>
          <gpxdata:distance>2358.45</gpxdata:distance>
          <gpxdata:speed>0.461</gpxdata:speed>
        </extensions>
      </trkpt>
      <trkpt lat="46.8130990" lon="10.2429629">
        <ele>2411.1</ele>
        <time>2026-09-15T10:59:40Z</time>
        <extensions>
          <gpxdata:distance>2366.95</gpxdata:distance>
          <gpxdata:speed>0.461</gpxdata:speed>
        </extensions>
      </trkpt>
      <trkpt lat="46.8131930" lon="10.2431769">
        <ele>2415.0</ele>
        <time>2026-09-15T11:00:22Z</time>
        <extensions>
          <gpxdata:distance>2386.30</gpxdata:distance>
          <gpxdata:speed>0.461</gpxdata:speed>
        </extensions>
      </trkpt>
      <trkpt lat="46.8132020" lon="10.2431779">
        <ele>2415.3</ele>
        <time>2026-09-15T11:00:24Z</time>
        <extensions>
          <gpxdata:distance>2387.30</gpxdata:distance>
          <gpxdata:speed>0.461</gpxdata:speed>
        </extensions>
      </trkpt>
      <trkpt lat="46.8132079" lon="10.2429419">
        <ele>2418.0</ele>
        <time>2026-09-15T11:01:02Z</time>
        <extensions>
          <gpxdata:distance>2405.27</gpxdata:distance>
          <gpxdata:speed>0.466</gpxdata:speed>
        </extensions>
      </trkpt>
      <trkpt lat="46.8132619" lon="10.2429059">
        <ele>2419.1</ele>
        <time>2026-09-15T11:01:16Z</time>
        <extensions>
          <gpxdata:distance>2411.87</gpxdata:distance>
          <gpxdata:speed>0.505</gpxdata:speed>
        </extensions>
      </trkpt>
      <trkpt lat="46.8132989" lon="10.2428939">
        <ele>2419.8</ele>
        <time>2026-09-15T11:01:23Z</time>
        <extensions>
          <gpxdata:distance>2416.09</gpxdata:distance>
          <gpxdata:speed>0.577</gpxdata:speed>
        </extensions>
      </trkpt>
      <trkpt lat="46.8133269" lon="10.2428569">
        <ele>2420.3</ele>
        <time>2026-09-15T11:01:29Z</time>
        <extensions>
          <gpxdata:distance>2420.29</gpxdata:distance>
          <gpxdata:speed>0.639</gpxdata:speed>
        </extensions>
      </trkpt>
      <trkpt lat="46.8133549" lon="10.2428189">
        <ele>2420.6</ele>
        <time>2026-09-15T11:01:36Z</time>
        <extensions>
          <gpxdata:distance>2424.54</gpxdata:distance>
          <gpxdata:speed>0.644</gpxdata:speed>
        </extensions>
      </trkpt>
      <trkpt lat="46.8134179" lon="10.2428089">
        <ele>2422.0</ele>
        <time>2026-09-15T11:01:47Z</time>
        <extensions>
          <gpxdata:distance>2431.58</gpxdata:distance>
          <gpxdata:speed>0.645</gpxdata:speed>
        </extensions>
      </trkpt>
      <trkpt lat="46.8134729" lon="10.2427719">
        <ele>2423.2</ele>
        <time>2026-09-15T11:01:58Z</time>
        <extensions>
          <gpxdata:distance>2438.32</gpxdata:distance>
          <gpxdata:speed>0.638</gpxdata:speed>
        </extensions>
      </trkpt>
      <trkpt lat="46.8135269" lon="10.2427619">
        <ele>2424.9</ele>
        <time>2026-09-15T11:02:07Z</time>
        <extensions>
          <gpxdata:distance>2444.37</gpxdata:distance>
          <gpxdata:speed>0.638</gpxdata:speed>
        </extensions>
      </trkpt>
      <trkpt lat="46.8135039" lon="10.2429839">
        <ele>2427.5</ele>
        <time>2026-09-15T11:02:34Z</time>
        <extensions>
          <gpxdata:distance>2461.45</gpxdata:distance>
          <gpxdata:speed>0.636</gpxdata:speed>
        </extensions>
      </trkpt>
      <trkpt lat="46.8135029" lon="10.2430099">
        <ele>2428.0</ele>
        <time>2026-09-15T11:02:37Z</time>
        <extensions>
          <gpxdata:distance>2463.44</gpxdata:distance>
          <gpxdata:speed>0.638</gpxdata:speed>
        </extensions>
      </trkpt>
      <trkpt lat="46.8135199" lon="10.2430369">
        <ele>2428.6</ele>
        <time>2026-09-15T11:02:41Z</time>
        <extensions>
          <gpxdata:distance>2466.23</gpxdata:distance>
          <gpxdata:speed>0.639</gpxdata:speed>
        </extensions>
      </trkpt>
      <trkpt lat="46.8135649" lon="10.2430529">
        <ele>2429.6</ele>
        <time>2026-09-15T11:02:49Z</time>
        <extensions>
          <gpxdata:distance>2471.38</gpxdata:distance>
          <gpxdata:speed>0.640</gpxdata:speed>
        </extensions>
      </trkpt>
      <trkpt lat="46.8136089" lon="10.2431069">
        <ele>2430.8</ele>
        <time>2026-09-15T11:02:59Z</time>
        <extensions>
          <gpxdata:distance>2477.77</gpxdata:distance>
          <gpxdata:speed>0.642</gpxdata:speed>
        </extensions>
      </trkpt>
      <trkpt lat="46.8136869" lon="10.2432029">
        <ele>2433.1</ele>
        <time>2026-09-15T11:03:17Z</time>
        <extensions>
          <gpxdata:distance>2489.11</gpxdata:distance>
          <gpxdata:speed>0.646</gpxdata:speed>
        </extensions>
      </trkpt>
      <trkpt lat="46.8137259" lon="10.2430739">
        <ele>2434.6</ele>
        <time>2026-09-15T11:03:34Z</time>
        <extensions>
          <gpxdata:distance>2499.84</gpxdata:distance>
          <gpxdata:speed>0.643</gpxdata:speed>
        </extensions>
      </trkpt>
      <trkpt lat="46.8137659" lon="10.2429189">
        <ele>2437.5</ele>
        <time>2026-09-15T11:03:53Z</time>
        <extensions>
          <gpxdata:distance>2512.44</gpxdata:distance>
          <gpxdata:speed>0.646</gpxdata:speed>
        </extensions>
      </trkpt>
      <trkpt lat="46.8137939" lon="10.2428939">
        <ele>2437.9</ele>
        <time>2026-09-15T11:03:59Z</time>
        <extensions>
          <gpxdata:distance>2516.09</gpxdata:distance>
          <gpxdata:speed>0.642</gpxdata:speed>
        </extensions>
      </trkpt>
      <trkpt lat="46.8138109" lon="10.2429079">
        <ele>2438.6</ele>
        <time>2026-09-15T11:04:02Z</time>
        <extensions>
          <gpxdata:distance>2518.26</gpxdata:distance>
          <gpxdata:speed>0.647</gpxdata:speed>
        </extensions>
      </trkpt>
      <trkpt lat="46.8139199" lon="10.2428739">
        <ele>2441.0</ele>
        <time>2026-09-15T11:04:21Z</time>
        <extensions>
          <gpxdata:distance>2530.66</gpxdata:distance>
          <gpxdata:speed>0.646</gpxdata:speed>
        </extensions>
      </trkpt>
      <trkpt lat="46.8139819" lon="10.2429299">
        <ele>2442.7</ele>
        <time>2026-09-15T11:04:34Z</time>
        <extensions>
          <gpxdata:distance>2538.76</gpxdata:distance>
          <gpxdata:speed>0.647</gpxdata:speed>
        </extensions>
      </trkpt>
      <trkpt lat="46.8140719" lon="10.2429219">
        <ele>2444.5</ele>
        <time>2026-09-15T11:04:49Z</time>
        <extensions>
          <gpxdata:distance>2548.79</gpxdata:distance>
          <gpxdata:speed>0.646</gpxdata:speed>
        </extensions>
      </trkpt>
      <trkpt lat="46.8141169" lon="10.2429109">
        <ele>2445.5</ele>
        <time>2026-09-15T11:04:57Z</time>
        <extensions>
          <gpxdata:distance>2553.86</gpxdata:distance>
          <gpxdata:speed>0.646</gpxdata:speed>
        </extensions>
      </trkpt>
      <trkpt lat="46.8141439" lon="10.2429389">
        <ele>2445.9</ele>
        <time>2026-09-15T11:05:03Z</time>
        <extensions>
          <gpxdata:distance>2557.54</gpxdata:distance>
          <gpxdata:speed>0.644</gpxdata:speed>
        </extensions>
      </trkpt>
      <trkpt lat="46.8141519" lon="10.2429779">
        <ele>2446.4</ele>
        <time>2026-09-15T11:05:08Z</time>
        <extensions>
          <gpxdata:distance>2560.64</gpxdata:distance>
          <gpxdata:speed>0.647</gpxdata:speed>
        </extensions>
      </trkpt>
      <trkpt lat="46.8142319" lon="10.2429959">
        <ele>2448.2</ele>
        <time>2026-09-15T11:05:22Z</time>
        <extensions>
          <gpxdata:distance>2569.64</gpxdata:distance>
          <gpxdata:speed>0.644</gpxdata:speed>
        </extensions>
      </trkpt>
      <trkpt lat="46.8143669" lon="10.2430029">
        <ele>2450.9</ele>
        <time>2026-09-15T11:05:45Z</time>
        <extensions>
          <gpxdata:distance>2584.66</gpxdata:distance>
          <gpxdata:speed>0.645</gpxdata:speed>
        </extensions>
      </trkpt>
      <trkpt lat="46.8144209" lon="10.2429919">
        <ele>2451.9</ele>
        <time>2026-09-15T11:05:54Z</time>
        <extensions>
          <gpxdata:distance>2590.72</gpxdata:distance>
          <gpxdata:speed>0.643</gpxdata:speed>
        </extensions>
      </trkpt>
      <trkpt lat="46.8144579" lon="10.2429679">
        <ele>2452.1</ele>
        <time>2026-09-15T11:06:01Z</time>
        <extensions>
          <gpxdata:distance>2595.23</gpxdata:distance>
          <gpxdata:speed>0.638</gpxdata:speed>
        </extensions>
      </trkpt>
      <trkpt lat="46.8144939" lon="10.2429829">
        <ele>2452.6</ele>
        <time>2026-09-15T11:06:08Z</time>
        <extensions>
          <gpxdata:distance>2599.39</gpxdata:distance>
          <gpxdata:speed>0.635</gpxdata:speed>
        </extensions>
      </trkpt>
      <trkpt lat="46.8145379" lon="10.2429979">
        <ele>2453.5</ele>
        <time>2026-09-15T11:06:16Z</time>
        <extensions>
          <gpxdata:distance>2604.41</gpxdata:distance>
          <gpxdata:speed>0.635</gpxdata:speed>
        </extensions>
      </trkpt>
      <trkpt lat="46.8146379" lon="10.2429899">
        <ele>2455.0</ele>
        <time>2026-09-15T11:06:34Z</time>
        <extensions>
          <gpxdata:distance>2615.55</gpxdata:distance>
          <gpxdata:speed>0.632</gpxdata:speed>
        </extensions>
      </trkpt>
      <trkpt lat="46.8147889" lon="10.2430380">
        <ele>2456.4</ele>
        <time>2026-09-15T11:07:00Z</time>
        <extensions>
          <gpxdata:distance>2632.73</gpxdata:distance>
          <gpxdata:speed>0.656</gpxdata:speed>
        </extensions>
      </trkpt>
      <trkpt lat="46.8147889" lon="10.2430380">
        <ele>2456.4</ele>
        <time>2026-09-15T11:07:00Z</time>
        <extensions>
          <gpxdata:distance>2632.73</gpxdata:distance>
          <gpxdata:speed>0.000</gpxdata:speed>
        </extensions>
      </trkpt>
      <trkpt lat="46.8148509" lon="10.2430800">
        <ele>2457.8</ele>
        <time>2026-09-15T11:07:11Z</time>
        <extensions>
          <gpxdata:distance>2640.33</gpxdata:distance>
          <gpxdata:speed>0.665</gpxdata:speed>
        </extensions>
      </trkpt>
      <trkpt lat="46.8148759" lon="10.2431600">
        <ele>2458.3</ele>
        <time>2026-09-15T11:07:21Z</time>
        <extensions>
          <gpxdata:distance>2647.02</gpxdata:distance>
          <gpxdata:speed>0.708</gpxdata:speed>
        </extensions>
      </trkpt>
      <trkpt lat="46.8148729" lon="10.2433040">
        <ele>2460.3</ele>
        <time>2026-09-15T11:07:36Z</time>
        <extensions>
          <gpxdata:distance>2657.99</gpxdata:distance>
          <gpxdata:speed>0.692</gpxdata:speed>
        </extensions>
      </trkpt>
      <trkpt lat="46.8148699" lon="10.2434090">
        <ele>2461.9</ele>
        <time>2026-09-15T11:07:49Z</time>
        <extensions>
          <gpxdata:distance>2665.99</gpxdata:distance>
          <gpxdata:speed>0.659</gpxdata:speed>
        </extensions>
      </trkpt>
      <trkpt lat="46.8148859" lon="10.2435150">
        <ele>2463.4</ele>
        <time>2026-09-15T11:08:01Z</time>
        <extensions>
          <gpxdata:distance>2674.25</gpxdata:distance>
          <gpxdata:speed>0.644</gpxdata:speed>
        </extensions>
      </trkpt>
      <trkpt lat="46.8148909" lon="10.2436590">
        <ele>2465.6</ele>
        <time>2026-09-15T11:08:19Z</time>
        <extensions>
          <gpxdata:distance>2685.22</gpxdata:distance>
          <gpxdata:speed>0.631</gpxdata:speed>
        </extensions>
      </trkpt>
      <trkpt lat="46.8148969" lon="10.2437780">
        <ele>2466.5</ele>
        <time>2026-09-15T11:08:33Z</time>
        <extensions>
          <gpxdata:distance>2694.30</gpxdata:distance>
          <gpxdata:speed>0.640</gpxdata:speed>
        </extensions>
      </trkpt>
      <trkpt lat="46.8149169" lon="10.2437130">
        <ele>2467.4</ele>
        <time>2026-09-15T11:08:42Z</time>
        <extensions>
          <gpxdata:distance>2699.72</gpxdata:distance>
          <gpxdata:speed>0.636</gpxdata:speed>
        </extensions>
      </trkpt>
      <trkpt lat="46.8149659" lon="10.2435450">
        <ele>2469.6</ele>
        <time>2026-09-15T11:09:03Z</time>
        <extensions>
          <gpxdata:distance>2713.62</gpxdata:distance>
          <gpxdata:speed>0.635</gpxdata:speed>
        </extensions>
      </trkpt>
      <trkpt lat="46.8150229" lon="10.2434040">
        <ele>2471.6</ele>
        <time>2026-09-15T11:09:23Z</time>
        <extensions>
          <gpxdata:distance>2726.08</gpxdata:distance>
          <gpxdata:speed>0.634</gpxdata:speed>
        </extensions>
      </trkpt>
      <trkpt lat="46.8150619" lon="10.2433010">
        <ele>2472.8</ele>
        <time>2026-09-15T11:09:37Z</time>
        <extensions>
          <gpxdata:distance>2735.04</gpxdata:distance>
          <gpxdata:speed>0.636</gpxdata:speed>
        </extensions>
      </trkpt>
      <trkpt lat="46.8150909" lon="10.2432370">
        <ele>2474.1</ele>
        <time>2026-09-15T11:09:46Z</time>
        <extensions>
          <gpxdata:distance>2740.88</gpxdata:distance>
          <gpxdata:speed>0.636</gpxdata:speed>
        </extensions>
      </trkpt>
      <trkpt lat="46.8151189" lon="10.2431600">
        <ele>2475.2</ele>
        <time>2026-09-15T11:09:57Z</time>
        <extensions>
          <gpxdata:distance>2747.51</gpxdata:distance>
          <gpxdata:speed>0.635</gpxdata:speed>
        </extensions>
      </trkpt>
      <trkpt lat="46.8151569" lon="10.2430830">
        <ele>2475.8</ele>
        <time>2026-09-15T11:10:08Z</time>
        <extensions>
          <gpxdata:distance>2754.74</gpxdata:distance>
          <gpxdata:speed>0.632</gpxdata:speed>
        </extensions>
      </trkpt>
      <trkpt lat="46.8151569" lon="10.2431090">
        <ele>2476.6</ele>
        <time>2026-09-15T11:10:11Z</time>
        <extensions>
          <gpxdata:distance>2756.72</gpxdata:distance>
          <gpxdata:speed>0.632</gpxdata:speed>
        </extensions>
      </trkpt>
      <trkpt lat="46.8151449" lon="10.2432000">
        <ele>2478.3</ele>
        <time>2026-09-15T11:10:22Z</time>
        <extensions>
          <gpxdata:distance>2763.77</gpxdata:distance>
          <gpxdata:speed>0.638</gpxdata:speed>
        </extensions>
      </trkpt>
      <trkpt lat="46.8151429" lon="10.2432920">
        <ele>2479.8</ele>
        <time>2026-09-15T11:10:33Z</time>
        <extensions>
          <gpxdata:distance>2770.77</gpxdata:distance>
          <gpxdata:speed>0.639</gpxdata:speed>
        </extensions>
      </trkpt>
      <trkpt lat="46.8151469" lon="10.2435150">
        <ele>2482.6</ele>
        <time>2026-09-15T11:11:00Z</time>
        <extensions>
          <gpxdata:distance>2787.75</gpxdata:distance>
          <gpxdata:speed>0.640</gpxdata:speed>
        </extensions>
      </trkpt>
      <trkpt lat="46.8151499" lon="10.2437380">
        <ele>2485.4</ele>
        <time>2026-09-15T11:11:26Z</time>
        <extensions>
          <gpxdata:distance>2804.72</gpxdata:distance>
          <gpxdata:speed>0.640</gpxdata:speed>
        </extensions>
      </trkpt>
      <trkpt lat="46.8151449" lon="10.2439350">
        <ele>2488.1</ele>
        <time>2026-09-15T11:11:50Z</time>
        <extensions>
          <gpxdata:distance>2819.72</gpxdata:distance>
          <gpxdata:speed>0.642</gpxdata:speed>
        </extensions>
      </trkpt>
      <trkpt lat="46.8151419" lon="10.2440790">
        <ele>2489.7</ele>
        <time>2026-09-15T11:12:07Z</time>
        <extensions>
          <gpxdata:distance>2830.69</gpxdata:distance>
          <gpxdata:speed>0.639</gpxdata:speed>
        </extensions>
      </trkpt>
      <trkpt lat="46.8151399" lon="10.2441440">
        <ele>2490.3</ele>
        <time>2026-09-15T11:12:15Z</time>
        <extensions>
          <gpxdata:distance>2835.64</gpxdata:distance>
          <gpxdata:speed>0.638</gpxdata:speed>
        </extensions>
      </trkpt>
      <trkpt lat="46.8151489" lon="10.2441580">
        <ele>2491.1</ele>
        <time>2026-09-15T11:12:17Z</time>
        <extensions>
          <gpxdata:distance>2837.10</gpxdata:distance>
          <gpxdata:speed>0.644</gpxdata:speed>
        </extensions>
      </trkpt>
      <trkpt lat="46.8151829" lon="10.2442250">
        <ele>2492.2</ele>
        <time>2026-09-15T11:12:27Z</time>
        <extensions>
          <gpxdata:distance>2843.45</gpxdata:distance>
          <gpxdata:speed>0.641</gpxdata:speed>
        </extensions>
      </trkpt>
      <trkpt lat="46.8152089" lon="10.2442660">
        <ele>2492.6</ele>
        <time>2026-09-15T11:12:34Z</time>
        <extensions>
          <gpxdata:distance>2847.70</gpxdata:distance>
          <gpxdata:speed>0.638</gpxdata:speed>
        </extensions>
      </trkpt>
      <trkpt lat="46.8152909" lon="10.2442310">
        <ele>2494.0</ele>
        <time>2026-09-15T11:12:48Z</time>
        <extensions>
          <gpxdata:distance>2857.20</gpxdata:distance>
          <gpxdata:speed>0.636</gpxdata:speed>
        </extensions>
      </trkpt>
      <trkpt lat="46.8153479" lon="10.2441030">
        <ele>2496.3</ele>
        <time>2026-09-15T11:13:07Z</time>
        <extensions>
          <gpxdata:distance>2868.82</gpxdata:distance>
          <gpxdata:speed>0.637</gpxdata:speed>
        </extensions>
      </trkpt>
      <trkpt lat="46.8154079" lon="10.2438830">
        <ele>2499.2</ele>
        <time>2026-09-15T11:13:35Z</time>
        <extensions>
          <gpxdata:distance>2886.84</gpxdata:distance>
          <gpxdata:speed>0.637</gpxdata:speed>
        </extensions>
      </trkpt>
      <trkpt lat="46.8154699" lon="10.2435320">
        <ele>2503.7</ele>
        <time>2026-09-15T11:14:18Z</time>
        <extensions>
          <gpxdata:distance>2914.43</gpxdata:distance>
          <gpxdata:speed>0.636</gpxdata:speed>
        </extensions>
      </trkpt>
      <trkpt lat="46.8154899" lon="10.2434810">
        <ele>2504.7</ele>
        <time>2026-09-15T11:14:25Z</time>
        <extensions>
          <gpxdata:distance>2918.90</gpxdata:distance>
          <gpxdata:speed>0.638</gpxdata:speed>
        </extensions>
      </trkpt>
      <trkpt lat="46.8154989" lon="10.2434810">
        <ele>2505.0</ele>
        <time>2026-09-15T11:14:27Z</time>
        <extensions>
          <gpxdata:distance>2919.90</gpxdata:distance>
          <gpxdata:speed>0.639</gpxdata:speed>
        </extensions>
      </trkpt>
      <trkpt lat="46.8155049" lon="10.2435730">
        <ele>2506.3</ele>
        <time>2026-09-15T11:14:38Z</time>
        <extensions>
          <gpxdata:distance>2926.93</gpxdata:distance>
          <gpxdata:speed>0.637</gpxdata:speed>
        </extensions>
      </trkpt>
      <trkpt lat="46.8155129" lon="10.2436260">
        <ele>2506.7</ele>
        <time>2026-09-15T11:14:45Z</time>
        <extensions>
          <gpxdata:distance>2931.06</gpxdata:distance>
          <gpxdata:speed>0.636</gpxdata:speed>
        </extensions>
      </trkpt>
      <trkpt lat="46.8155199" lon="10.2437180">
        <ele>2507.6</ele>
        <time>2026-09-15T11:14:56Z</time>
        <extensions>
          <gpxdata:distance>2938.11</gpxdata:distance>
          <gpxdata:speed>0.636</gpxdata:speed>
        </extensions>
      </trkpt>
      <trkpt lat="46.8155269" lon="10.2437710">
        <ele>2508.1</ele>
        <time>2026-09-15T11:15:02Z</time>
        <extensions>
          <gpxdata:distance>2942.21</gpxdata:distance>
          <gpxdata:speed>0.636</gpxdata:speed>
        </extensions>
      </trkpt>
      <trkpt lat="46.8155349" lon="10.2438240">
        <ele>2508.8</ele>
        <time>2026-09-15T11:15:09Z</time>
        <extensions>
          <gpxdata:distance>2946.34</gpxdata:distance>
          <gpxdata:speed>0.634</gpxdata:speed>
        </extensions>
      </trkpt>
      <trkpt lat="46.8155429" lon="10.2438640">
        <ele>2509.6</ele>
        <time>2026-09-15T11:15:14Z</time>
        <extensions>
          <gpxdata:distance>2949.51</gpxdata:distance>
          <gpxdata:speed>0.636</gpxdata:speed>
        </extensions>
      </trkpt>
      <trkpt lat="46.8155589" lon="10.2439560">
        <ele>2511.1</ele>
        <time>2026-09-15T11:15:25Z</time>
        <extensions>
          <gpxdata:distance>2956.74</gpxdata:distance>
          <gpxdata:speed>0.640</gpxdata:speed>
        </extensions>
      </trkpt>
      <trkpt lat="46.8155749" lon="10.2440360">
        <ele>2512.2</ele>
        <time>2026-09-15T11:15:35Z</time>
        <extensions>
          <gpxdata:distance>2963.08</gpxdata:distance>
          <gpxdata:speed>0.638</gpxdata:speed>
        </extensions>
      </trkpt>
      <trkpt lat="46.8155729" lon="10.2441010">
        <ele>2512.7</ele>
        <time>2026-09-15T11:15:43Z</time>
        <extensions>
          <gpxdata:distance>2968.03</gpxdata:distance>
          <gpxdata:speed>0.634</gpxdata:speed>
        </extensions>
      </trkpt>
      <trkpt lat="46.8155909" lon="10.2441280">
        <ele>2513.4</ele>
        <time>2026-09-15T11:15:47Z</time>
        <extensions>
          <gpxdata:distance>2970.90</gpxdata:distance>
          <gpxdata:speed>0.635</gpxdata:speed>
        </extensions>
      </trkpt>
      <trkpt lat="46.8156069" lon="10.2441820">
        <ele>2514.1</ele>
        <time>2026-09-15T11:15:54Z</time>
        <extensions>
          <gpxdata:distance>2975.38</gpxdata:distance>
          <gpxdata:speed>0.637</gpxdata:speed>
        </extensions>
      </trkpt>
      <trkpt lat="46.8156239" lon="10.2442480">
        <ele>2514.6</ele>
        <time>2026-09-15T11:16:03Z</time>
        <extensions>
          <gpxdata:distance>2980.74</gpxdata:distance>
          <gpxdata:speed>0.636</gpxdata:speed>
        </extensions>
      </trkpt>
      <trkpt lat="46.8156399" lon="10.2443150">
        <ele>2515.2</ele>
        <time>2026-09-15T11:16:11Z</time>
        <extensions>
          <gpxdata:distance>2986.14</gpxdata:distance>
          <gpxdata:speed>0.635</gpxdata:speed>
        </extensions>
      </trkpt>
      <trkpt lat="46.8156739" lon="10.2443820">
        <ele>2515.8</ele>
        <time>2026-09-15T11:16:21Z</time>
        <extensions>
          <gpxdata:distance>2992.49</gpxdata:distance>
          <gpxdata:speed>0.631</gpxdata:speed>
        </extensions>
      </trkpt>
      <trkpt lat="46.8156829" lon="10.2444090">
        <ele>2515.9</ele>
        <time>2026-09-15T11:16:25Z</time>
        <extensions>
          <gpxdata:distance>2994.78</gpxdata:distance>
          <gpxdata:speed>0.657</gpxdata:speed>
        </extensions>
      </trkpt>
      <trkpt lat="46.8156919" lon="10.2444090">
        <ele>2516.3</ele>
        <time>2026-09-15T11:16:26Z</time>
        <extensions>
          <gpxdata:distance>2995.78</gpxdata:distance>
          <gpxdata:speed>0.672</gpxdata:speed>
        </extensions>
      </trkpt>
      <trkpt lat="46.8156919" lon="10.2443830">
        <ele>2516.8</ele>
        <time>2026-09-15T11:16:29Z</time>
        <extensions>
          <gpxdata:distance>2997.76</gpxdata:distance>
          <gpxdata:speed>0.673</gpxdata:speed>
        </extensions>
      </trkpt>
      <trkpt lat="46.8156929" lon="10.2443440">
        <ele>2518.2</ele>
        <time>2026-09-15T11:16:34Z</time>
        <extensions>
          <gpxdata:distance>3000.73</gpxdata:distance>
          <gpxdata:speed>0.637</gpxdata:speed>
        </extensions>
      </trkpt>
      <trkpt lat="46.8156939" lon="10.2443040">
        <ele>2518.9</ele>
        <time>2026-09-15T11:16:39Z</time>
        <extensions>
          <gpxdata:distance>3003.77</gpxdata:distance>
          <gpxdata:speed>0.637</gpxdata:speed>
        </extensions>
      </trkpt>
      <trkpt lat="46.8156769" lon="10.2442640">
        <ele>2519.0</ele>
        <time>2026-09-15T11:16:44Z</time>
        <extensions>
          <gpxdata:distance>3007.35</gpxdata:distance>
          <gpxdata:speed>0.631</gpxdata:speed>
        </extensions>
      </trkpt>
      <trkpt lat="46.8156779" lon="10.2442510">
        <ele>2519.2</ele>
        <time>2026-09-15T11:16:46Z</time>
        <extensions>
          <gpxdata:distance>3008.35</gpxdata:distance>
          <gpxdata:speed>0.636</gpxdata:speed>
        </extensions>
      </trkpt>
      <trkpt lat="46.8156789" lon="10.2442120">
        <ele>2519.6</ele>
        <time>2026-09-15T11:16:50Z</time>
        <extensions>
          <gpxdata:distance>3011.32</gpxdata:distance>
          <gpxdata:speed>0.639</gpxdata:speed>
        </extensions>
      </trkpt>
      <trkpt lat="46.8156889" lon="10.2441730">
        <ele>2520.2</ele>
        <time>2026-09-15T11:16:55Z</time>
        <extensions>
          <gpxdata:distance>3014.49</gpxdata:distance>
          <gpxdata:speed>0.649</gpxdata:speed>
        </extensions>
      </trkpt>
      <trkpt lat="46.8156989" lon="10.2441210">
        <ele>2521.0</ele>
        <time>2026-09-15T11:17:02Z</time>
        <extensions>
          <gpxdata:distance>3018.60</gpxdata:distance>
          <gpxdata:speed>0.596</gpxdata:speed>
        </extensions>
      </trkpt>
      <trkpt lat="46.8157099" lon="10.2440170">
        <ele>2522.1</ele>
        <time>2026-09-15T11:17:15Z</time>
        <extensions>
          <gpxdata:distance>3026.61</gpxdata:distance>
          <gpxdata:speed>0.644</gpxdata:speed>
        </extensions>
      </trkpt>
      <trkpt lat="46.8157299" lon="10.2439520">
        <ele>2523.4</ele>
        <time>2026-09-15T11:17:23Z</time>
        <extensions>
          <gpxdata:distance>3032.03</gpxdata:distance>
          <gpxdata:speed>0.646</gpxdata:speed>
        </extensions>
      </trkpt>
      <trkpt lat="46.8157399" lon="10.2439130">
        <ele>2523.9</ele>
        <time>2026-09-15T11:17:28Z</time>
        <extensions>
          <gpxdata:distance>3035.20</gpxdata:distance>
          <gpxdata:speed>0.636</gpxdata:speed>
        </extensions>
      </trkpt>
      <trkpt lat="46.8157409" lon="10.2438870">
        <ele>2524.0</ele>
        <time>2026-09-15T11:17:31Z</time>
        <extensions>
          <gpxdata:distance>3037.18</gpxdata:distance>
          <gpxdata:speed>0.631</gpxdata:speed>
        </extensions>
      </trkpt>
      <trkpt lat="46.8157499" lon="10.2438610">
        <ele>2524.5</ele>
        <time>2026-09-15T11:17:35Z</time>
        <extensions>
          <gpxdata:distance>3039.40</gpxdata:distance>
          <gpxdata:speed>0.638</gpxdata:speed>
        </extensions>
      </trkpt>
      <trkpt lat="46.8157699" lon="10.2438100">
        <ele>2525.3</ele>
        <time>2026-09-15T11:17:42Z</time>
        <extensions>
          <gpxdata:distance>3043.87</gpxdata:distance>
          <gpxdata:speed>0.638</gpxdata:speed>
        </extensions>
      </trkpt>
      <trkpt lat="46.8157709" lon="10.2437710">
        <ele>2525.5</ele>
        <time>2026-09-15T11:17:46Z</time>
        <extensions>
          <gpxdata:distance>3046.84</gpxdata:distance>
          <gpxdata:speed>0.636</gpxdata:speed>
        </extensions>
      </trkpt>
      <trkpt lat="46.8157799" lon="10.2437450">
        <ele>2525.8</ele>
        <time>2026-09-15T11:17:50Z</time>
        <extensions>
          <gpxdata:distance>3049.06</gpxdata:distance>
          <gpxdata:speed>0.635</gpxdata:speed>
        </extensions>
      </trkpt>
      <trkpt lat="46.8157809" lon="10.2437060">
        <ele>2526.3</ele>
        <time>2026-09-15T11:17:54Z</time>
        <extensions>
          <gpxdata:distance>3052.03</gpxdata:distance>
          <gpxdata:speed>0.633</gpxdata:speed>
        </extensions>
      </trkpt>
      <trkpt lat="46.8157909" lon="10.2436670">
        <ele>2526.7</ele>
        <time>2026-09-15T11:17:59Z</time>
        <extensions>
          <gpxdata:distance>3055.20</gpxdata:distance>
          <gpxdata:speed>0.634</gpxdata:speed>
        </extensions>
      </trkpt>
      <trkpt lat="46.8158099" lon="10.2436280">
        <ele>2527.2</ele>
        <time>2026-09-15T11:18:05Z</time>
        <extensions>
          <gpxdata:distance>3058.84</gpxdata:distance>
          <gpxdata:speed>0.651</gpxdata:speed>
        </extensions>
      </trkpt>
      <trkpt lat="46.8158479" lon="10.2435520">
        <ele>2528.5</ele>
        <time>2026-09-15T11:18:16Z</time>
        <extensions>
          <gpxdata:distance>3066.00</gpxdata:distance>
          <gpxdata:speed>0.632</gpxdata:speed>
        </extensions>
      </trkpt>
      <trkpt lat="46.8158759" lon="10.2434880">
        <ele>2529.3</ele>
        <time>2026-09-15T11:18:26Z</time>
        <extensions>
          <gpxdata:distance>3071.78</gpxdata:distance>
          <gpxdata:speed>0.631</gpxdata:speed>
        </extensions>
      </trkpt>
      <trkpt lat="46.8159689" lon="10.2434010">
        <ele>2532.2</ele>
        <time>2026-09-15T11:18:45Z</time>
        <extensions>
          <gpxdata:distance>3084.06</gpxdata:distance>
          <gpxdata:speed>0.639</gpxdata:speed>
        </extensions>
      </trkpt>
      <trkpt lat="46.8159969" lon="10.2433630">
        <ele>2532.5</ele>
        <time>2026-09-15T11:18:51Z</time>
        <extensions>
          <gpxdata:distance>3088.31</gpxdata:distance>
          <gpxdata:speed>0.635</gpxdata:speed>
        </extensions>
      </trkpt>
      <trkpt lat="46.8160059" lon="10.2433500">
        <ele>2532.6</ele>
        <time>2026-09-15T11:18:54Z</time>
        <extensions>
          <gpxdata:distance>3089.72</gpxdata:distance>
          <gpxdata:speed>0.636</gpxdata:speed>
        </extensions>
      </trkpt>
      <trkpt lat="46.8160239" lon="10.2433380">
        <ele>2532.7</ele>
        <time>2026-09-15T11:18:57Z</time>
        <extensions>
          <gpxdata:distance>3091.92</gpxdata:distance>
          <gpxdata:speed>0.634</gpxdata:speed>
        </extensions>
      </trkpt>
      <trkpt lat="46.8160889" lon="10.2432760">
        <ele>2533.5</ele>
        <time>2026-09-15T11:19:11Z</time>
        <extensions>
          <gpxdata:distance>3100.55</gpxdata:distance>
          <gpxdata:speed>0.634</gpxdata:speed>
        </extensions>
      </trkpt>
      <trkpt lat="46.8161619" lon="10.2432270">
        <ele>2535.3</ele>
        <time>2026-09-15T11:19:25Z</time>
        <extensions>
          <gpxdata:distance>3109.48</gpxdata:distance>
          <gpxdata:speed>0.633</gpxdata:speed>
        </extensions>
      </trkpt>
      <trkpt lat="46.8161509" lon="10.2433050">
        <ele>2537.2</ele>
        <time>2026-09-15T11:19:34Z</time>
        <extensions>
          <gpxdata:distance>3115.54</gpxdata:distance>
          <gpxdata:speed>0.640</gpxdata:speed>
        </extensions>
      </trkpt>
      <trkpt lat="46.8160849" lon="10.2434070">
        <ele>2538.8</ele>
        <time>2026-09-15T11:19:51Z</time>
        <extensions>
          <gpxdata:distance>3126.22</gpxdata:distance>
          <gpxdata:speed>0.638</gpxdata:speed>
        </extensions>
      </trkpt>
      <trkpt lat="46.8160099" lon="10.2435600">
        <ele>2540.8</ele>
        <time>2026-09-15T11:20:14Z</time>
        <extensions>
          <gpxdata:distance>3140.55</gpxdata:distance>
          <gpxdata:speed>0.637</gpxdata:speed>
        </extensions>
      </trkpt>
      <trkpt lat="46.8159799" lon="10.2436500">
        <ele>2542.1</ele>
        <time>2026-09-15T11:20:26Z</time>
        <extensions>
          <gpxdata:distance>3148.16</gpxdata:distance>
          <gpxdata:speed>0.632</gpxdata:speed>
        </extensions>
      </trkpt>
      <trkpt lat="46.8159889" lon="10.2436770">
        <ele>2542.5</ele>
        <time>2026-09-15T11:20:29Z</time>
        <extensions>
          <gpxdata:distance>3150.45</gpxdata:distance>
          <gpxdata:speed>0.634</gpxdata:speed>
        </extensions>
      </trkpt>
      <trkpt lat="46.8159869" lon="10.2437560">
        <ele>2543.3</ele>
        <time>2026-09-15T11:20:39Z</time>
        <extensions>
          <gpxdata:distance>3156.46</gpxdata:distance>
          <gpxdata:speed>0.634</gpxdata:speed>
        </extensions>
      </trkpt>
      <trkpt lat="46.8159859" lon="10.2437950">
        <ele>2543.6</ele>
        <time>2026-09-15T11:20:43Z</time>
        <extensions>
          <gpxdata:distance>3159.43</gpxdata:distance>
          <gpxdata:speed>0.635</gpxdata:speed>
        </extensions>
      </trkpt>
      <trkpt lat="46.8159829" lon="10.2439000">
        <ele>2544.8</ele>
        <time>2026-09-15T11:20:56Z</time>
        <extensions>
          <gpxdata:distance>3167.43</gpxdata:distance>
          <gpxdata:speed>0.637</gpxdata:speed>
        </extensions>
      </trkpt>
      <trkpt lat="46.8159909" lon="10.2439660">
        <ele>2545.8</ele>
        <time>2026-09-15T11:21:04Z</time>
        <extensions>
          <gpxdata:distance>3172.53</gpxdata:distance>
          <gpxdata:speed>0.636</gpxdata:speed>
        </extensions>
      </trkpt>
      <trkpt lat="46.8159789" lon="10.2440960">
        <ele>2548.0</ele>
        <time>2026-09-15T11:21:20Z</time>
        <extensions>
          <gpxdata:distance>3182.51</gpxdata:distance>
          <gpxdata:speed>0.634</gpxdata:speed>
        </extensions>
      </trkpt>
      <trkpt lat="46.8159939" lon="10.2441890">
        <ele>2549.4</ele>
        <time>2026-09-15T11:21:31Z</time>
        <extensions>
          <gpxdata:distance>3189.78</gpxdata:distance>
          <gpxdata:speed>0.637</gpxdata:speed>
        </extensions>
      </trkpt>
      <trkpt lat="46.8160099" lon="10.2442680">
        <ele>2549.6</ele>
        <time>2026-09-15T11:21:41Z</time>
        <extensions>
          <gpxdata:distance>3196.05</gpxdata:distance>
          <gpxdata:speed>0.633</gpxdata:speed>
        </extensions>
      </trkpt>
      <trkpt lat="46.8160209" lon="10.2441900">
        <ele>2551.0</ele>
        <time>2026-09-15T11:21:51Z</time>
        <extensions>
          <gpxdata:distance>3202.11</gpxdata:distance>
          <gpxdata:speed>0.636</gpxdata:speed>
        </extensions>
      </trkpt>
      <trkpt lat="46.8160409" lon="10.2441390">
        <ele>2552.6</ele>
        <time>2026-09-15T11:21:57Z</time>
        <extensions>
          <gpxdata:distance>3206.59</gpxdata:distance>
          <gpxdata:speed>0.641</gpxdata:speed>
        </extensions>
      </trkpt>
      <trkpt lat="46.8160689" lon="10.2440750">
        <ele>2553.7</ele>
        <time>2026-09-15T11:22:06Z</time>
        <extensions>
          <gpxdata:distance>3212.37</gpxdata:distance>
          <gpxdata:speed>0.644</gpxdata:speed>
        </extensions>
      </trkpt>
      <trkpt lat="46.8161549" lon="10.2438560">
        <ele>2556.5</ele>
        <time>2026-09-15T11:22:36Z</time>
        <extensions>
          <gpxdata:distance>3231.58</gpxdata:distance>
          <gpxdata:speed>0.641</gpxdata:speed>
        </extensions>
      </trkpt>
      <trkpt lat="46.8161689" lon="10.2440270">
        <ele>2559.4</ele>
        <time>2026-09-15T11:22:57Z</time>
        <extensions>
          <gpxdata:distance>3244.69</gpxdata:distance>
          <gpxdata:speed>0.645</gpxdata:speed>
        </extensions>
      </trkpt>
      <trkpt lat="46.8161659" lon="10.2441710">
        <ele>2560.2</ele>
        <time>2026-09-15T11:23:14Z</time>
        <extensions>
          <gpxdata:distance>3255.65</gpxdata:distance>
          <gpxdata:speed>0.639</gpxdata:speed>
        </extensions>
      </trkpt>
      <trkpt lat="46.8162509" lon="10.2443590">
        <ele>2563.9</ele>
        <time>2026-09-15T11:23:41Z</time>
        <extensions>
          <gpxdata:distance>3272.79</gpxdata:distance>
          <gpxdata:speed>0.640</gpxdata:speed>
        </extensions>
      </trkpt>
      <trkpt lat="46.8163019" lon="10.2444670">
        <ele>2564.5</ele>
        <time>2026-09-15T11:23:56Z</time>
        <extensions>
          <gpxdata:distance>3282.78</gpxdata:distance>
          <gpxdata:speed>0.635</gpxdata:speed>
        </extensions>
      </trkpt>
      <trkpt lat="46.8163979" lon="10.2446160">
        <ele>2565.8</ele>
        <time>2026-09-15T11:24:21Z</time>
        <extensions>
          <gpxdata:distance>3298.35</gpxdata:distance>
          <gpxdata:speed>0.633</gpxdata:speed>
        </extensions>
      </trkpt>
      <trkpt lat="46.8165629" lon="10.2448350">
        <ele>2570.9</ele>
        <time>2026-09-15T11:25:00Z</time>
        <extensions>
          <gpxdata:distance>3323.14</gpxdata:distance>
          <gpxdata:speed>0.636</gpxdata:speed>
        </extensions>
      </trkpt>
      <trkpt lat="46.8165409" lon="10.2446630">
        <ele>2572.4</ele>
        <time>2026-09-15T11:25:21Z</time>
        <extensions>
          <gpxdata:distance>3336.45</gpxdata:distance>
          <gpxdata:speed>0.631</gpxdata:speed>
        </extensions>
      </trkpt>
      <trkpt lat="46.8165169" lon="10.2445440">
        <ele>2574.4</ele>
        <time>2026-09-15T11:25:36Z</time>
        <extensions>
          <gpxdata:distance>3345.89</gpxdata:distance>
          <gpxdata:speed>0.632</gpxdata:speed>
        </extensions>
      </trkpt>
      <trkpt lat="46.8165089" lon="10.2444780">
        <ele>2575.1</ele>
        <time>2026-09-15T11:25:44Z</time>
        <extensions>
          <gpxdata:distance>3350.99</gpxdata:distance>
          <gpxdata:speed>0.632</gpxdata:speed>
        </extensions>
      </trkpt>
      <trkpt lat="46.8165029" lon="10.2443590">
        <ele>2576.8</ele>
        <time>2026-09-15T11:25:59Z</time>
        <extensions>
          <gpxdata:distance>3360.07</gpxdata:distance>
          <gpxdata:speed>0.631</gpxdata:speed>
        </extensions>
      </trkpt>
      <trkpt lat="46.8164989" lon="10.2441760">
        <ele>2580.6</ele>
        <time>2026-09-15T11:26:20Z</time>
        <extensions>
          <gpxdata:distance>3374.01</gpxdata:distance>
          <gpxdata:speed>0.639</gpxdata:speed>
        </extensions>
      </trkpt>
      <trkpt lat="46.8164819" lon="10.2441220">
        <ele>2580.9</ele>
        <time>2026-09-15T11:26:27Z</time>
        <extensions>
          <gpxdata:distance>3378.53</gpxdata:distance>
          <gpxdata:speed>0.634</gpxdata:speed>
        </extensions>
      </trkpt>
      <trkpt lat="46.8164919" lon="10.2440970">
        <ele>2581.1</ele>
        <time>2026-09-15T11:26:31Z</time>
        <extensions>
          <gpxdata:distance>3380.73</gpxdata:distance>
          <gpxdata:speed>0.638</gpxdata:speed>
        </extensions>
      </trkpt>
      <trkpt lat="46.8165109" lon="10.2440580">
        <ele>2581.4</ele>
        <time>2026-09-15T11:26:37Z</time>
        <extensions>
          <gpxdata:distance>3384.38</gpxdata:distance>
          <gpxdata:speed>0.642</gpxdata:speed>
        </extensions>
      </trkpt>
      <trkpt lat="46.8165389" lon="10.2439940">
        <ele>2582.4</ele>
        <time>2026-09-15T11:26:46Z</time>
        <extensions>
          <gpxdata:distance>3390.16</gpxdata:distance>
          <gpxdata:speed>0.638</gpxdata:speed>
        </extensions>
      </trkpt>
      <trkpt lat="46.8165949" lon="10.2439180">
        <ele>2584.3</ele>
        <time>2026-09-15T11:26:59Z</time>
        <extensions>
          <gpxdata:distance>3398.65</gpxdata:distance>
          <gpxdata:speed>0.646</gpxdata:speed>
        </extensions>
      </trkpt>
      <trkpt lat="46.8166329" lon="10.2438290">
        <ele>2585.6</ele>
        <time>2026-09-15T11:27:11Z</time>
        <extensions>
          <gpxdata:distance>3406.64</gpxdata:distance>
          <gpxdata:speed>0.643</gpxdata:speed>
        </extensions>
      </trkpt>
      <trkpt lat="46.8167979" lon="10.2437190">
        <ele>2588.8</ele>
        <time>2026-09-15T11:27:43Z</time>
        <extensions>
          <gpxdata:distance>3426.80</gpxdata:distance>
          <gpxdata:speed>0.642</gpxdata:speed>
        </extensions>
      </trkpt>
      <trkpt lat="46.8168439" lon="10.2436690">
        <ele>2590.0</ele>
        <time>2026-09-15T11:27:53Z</time>
        <extensions>
          <gpxdata:distance>3433.18</gpxdata:distance>
          <gpxdata:speed>0.642</gpxdata:speed>
        </extensions>
      </trkpt>
      <trkpt lat="46.8168639" lon="10.2435920">
        <ele>2590.4</ele>
        <time>2026-09-15T11:28:03Z</time>
        <extensions>
          <gpxdata:distance>3439.44</gpxdata:distance>
          <gpxdata:speed>0.631</gpxdata:speed>
        </extensions>
      </trkpt>
      <trkpt lat="46.8168709" lon="10.2436840">
        <ele>2592.4</ele>
        <time>2026-09-15T11:28:14Z</time>
        <extensions>
          <gpxdata:distance>3446.49</gpxdata:distance>
          <gpxdata:speed>0.637</gpxdata:speed>
        </extensions>
      </trkpt>
      <trkpt lat="46.8168599" lon="10.2437620">
        <ele>2593.4</ele>
        <time>2026-09-15T11:28:23Z</time>
        <extensions>
          <gpxdata:distance>3452.55</gpxdata:distance>
          <gpxdata:speed>0.638</gpxdata:speed>
        </extensions>
      </trkpt>
      <trkpt lat="46.8168319" lon="10.2438130">
        <ele>2594.1</ele>
        <time>2026-09-15T11:28:31Z</time>
        <extensions>
          <gpxdata:distance>3457.52</gpxdata:distance>
          <gpxdata:speed>0.639</gpxdata:speed>
        </extensions>
      </trkpt>
      <trkpt lat="46.8167819" lon="10.2439810">
        <ele>2596.7</ele>
        <time>2026-09-15T11:28:53Z</time>
        <extensions>
          <gpxdata:distance>3471.46</gpxdata:distance>
          <gpxdata:speed>0.640</gpxdata:speed>
        </extensions>
      </trkpt>
      <trkpt lat="46.8167719" lon="10.2440460">
        <ele>2597.5</ele>
        <time>2026-09-15T11:29:01Z</time>
        <extensions>
          <gpxdata:distance>3476.53</gpxdata:distance>
          <gpxdata:speed>0.638</gpxdata:speed>
        </extensions>
      </trkpt>
      <trkpt lat="46.8167869" lon="10.2441780">
        <ele>2599.5</ele>
        <time>2026-09-15T11:29:17Z</time>
        <extensions>
          <gpxdata:distance>3486.72</gpxdata:distance>
          <gpxdata:speed>0.639</gpxdata:speed>
        </extensions>
      </trkpt>
      <trkpt lat="46.8168119" lon="10.2442580">
        <ele>2600.2</ele>
        <time>2026-09-15T11:29:27Z</time>
        <extensions>
          <gpxdata:distance>3493.41</gpxdata:distance>
          <gpxdata:speed>0.638</gpxdata:speed>
        </extensions>
      </trkpt>
      <trkpt lat="46.8168289" lon="10.2442850">
        <ele>2600.7</ele>
        <time>2026-09-15T11:29:31Z</time>
        <extensions>
          <gpxdata:distance>3496.20</gpxdata:distance>
          <gpxdata:speed>0.638</gpxdata:speed>
        </extensions>
      </trkpt>
      <trkpt lat="46.8168819" lon="10.2443400">
        <ele>2602.6</ele>
        <time>2026-09-15T11:29:43Z</time>
        <extensions>
          <gpxdata:distance>3503.43</gpxdata:distance>
          <gpxdata:speed>0.645</gpxdata:speed>
        </extensions>
      </trkpt>
      <trkpt lat="46.8169699" lon="10.2444230">
        <ele>2604.5</ele>
        <time>2026-09-15T11:30:01Z</time>
        <extensions>
          <gpxdata:distance>3515.07</gpxdata:distance>
          <gpxdata:speed>0.640</gpxdata:speed>
        </extensions>
      </trkpt>
      <trkpt lat="46.8169869" lon="10.2444370">
        <ele>2605.0</ele>
        <time>2026-09-15T11:30:04Z</time>
        <extensions>
          <gpxdata:distance>3517.24</gpxdata:distance>
          <gpxdata:speed>0.641</gpxdata:speed>
        </extensions>
      </trkpt>
      <trkpt lat="46.8169529" lon="10.2443570">
        <ele>2606.1</ele>
        <time>2026-09-15T11:30:15Z</time>
        <extensions>
          <gpxdata:distance>3524.41</gpxdata:distance>
          <gpxdata:speed>0.641</gpxdata:speed>
        </extensions>
      </trkpt>
      <trkpt lat="46.8169369" lon="10.2443030">
        <ele>2606.5</ele>
        <time>2026-09-15T11:30:22Z</time>
        <extensions>
          <gpxdata:distance>3528.89</gpxdata:distance>
          <gpxdata:speed>0.638</gpxdata:speed>
        </extensions>
      </trkpt>
      <trkpt lat="46.8169379" lon="10.2442640">
        <ele>2607.0</ele>
        <time>2026-09-15T11:30:27Z</time>
        <extensions>
          <gpxdata:distance>3531.86</gpxdata:distance>
          <gpxdata:speed>0.638</gpxdata:speed>
        </extensions>
      </trkpt>
      <trkpt lat="46.8169479" lon="10.2442250">
        <ele>2607.6</ele>
        <time>2026-09-15T11:30:32Z</time>
        <extensions>
          <gpxdata:distance>3535.03</gpxdata:distance>
          <gpxdata:speed>0.637</gpxdata:speed>
        </extensions>
      </trkpt>
      <trkpt lat="46.8169759" lon="10.2441480">
        <ele>2608.4</ele>
        <time>2026-09-15T11:30:42Z</time>
        <extensions>
          <gpxdata:distance>3541.66</gpxdata:distance>
          <gpxdata:speed>0.638</gpxdata:speed>
        </extensions>
      </trkpt>
      <trkpt lat="46.8170049" lon="10.2440970">
        <ele>2608.8</ele>
        <time>2026-09-15T11:30:50Z</time>
        <extensions>
          <gpxdata:distance>3546.71</gpxdata:distance>
          <gpxdata:speed>0.634</gpxdata:speed>
        </extensions>
      </trkpt>
      <trkpt lat="46.8170239" lon="10.2440590">
        <ele>2609.3</ele>
        <time>2026-09-15T11:30:56Z</time>
        <extensions>
          <gpxdata:distance>3550.29</gpxdata:distance>
          <gpxdata:speed>0.648</gpxdata:speed>
        </extensions>
      </trkpt>
      <trkpt lat="46.8170429" lon="10.2439940">
        <ele>2610.1</ele>
        <time>2026-09-15T11:31:04Z</time>
        <extensions>
          <gpxdata:distance>3555.67</gpxdata:distance>
          <gpxdata:speed>0.660</gpxdata:speed>
        </extensions>
      </trkpt>
      <trkpt lat="46.8170809" lon="10.2439180">
        <ele>2611.5</ele>
        <time>2026-09-15T11:31:15Z</time>
        <extensions>
          <gpxdata:distance>3562.83</gpxdata:distance>
          <gpxdata:speed>0.649</gpxdata:speed>
        </extensions>
      </trkpt>
      <trkpt lat="46.8170909" lon="10.2438790">
        <ele>2612.1</ele>
        <time>2026-09-15T11:31:20Z</time>
        <extensions>
          <gpxdata:distance>3566.00</gpxdata:distance>
          <gpxdata:speed>0.644</gpxdata:speed>
        </extensions>
      </trkpt>
      <trkpt lat="46.8170999" lon="10.2438660">
        <ele>2612.2</ele>
        <time>2026-09-15T11:31:22Z</time>
        <extensions>
          <gpxdata:distance>3567.41</gpxdata:distance>
          <gpxdata:speed>0.635</gpxdata:speed>
        </extensions>
      </trkpt>
      <trkpt lat="46.8171089" lon="10.2438670">
        <ele>2612.7</ele>
        <time>2026-09-15T11:31:24Z</time>
        <extensions>
          <gpxdata:distance>3568.41</gpxdata:distance>
          <gpxdata:speed>0.633</gpxdata:speed>
        </extensions>
      </trkpt>
      <trkpt lat="46.8171069" lon="10.2439450">
        <ele>2613.9</ele>
        <time>2026-09-15T11:31:33Z</time>
        <extensions>
          <gpxdata:distance>3574.35</gpxdata:distance>
          <gpxdata:speed>0.634</gpxdata:speed>
        </extensions>
      </trkpt>
      <trkpt lat="46.8171239" lon="10.2440120">
        <ele>2614.8</ele>
        <time>2026-09-15T11:31:42Z</time>
        <extensions>
          <gpxdata:distance>3579.79</gpxdata:distance>
          <gpxdata:speed>0.637</gpxdata:speed>
        </extensions>
      </trkpt>
      <trkpt lat="46.8171399" lon="10.2440650">
        <ele>2615.3</ele>
        <time>2026-09-15T11:31:49Z</time>
        <extensions>
          <gpxdata:distance>3584.19</gpxdata:distance>
          <gpxdata:speed>0.639</gpxdata:speed>
        </extensions>
      </trkpt>
      <trkpt lat="46.8171759" lon="10.2440930">
        <ele>2615.8</ele>
        <time>2026-09-15T11:31:56Z</time>
        <extensions>
          <gpxdata:distance>3588.73</gpxdata:distance>
          <gpxdata:speed>0.637</gpxdata:speed>
        </extensions>
      </trkpt>
      <trkpt lat="46.8172019" lon="10.2441070">
        <ele>2616.2</ele>
        <time>2026-09-15T11:32:01Z</time>
        <extensions>
          <gpxdata:distance>3591.81</gpxdata:distance>
          <gpxdata:speed>0.637</gpxdata:speed>
        </extensions>
      </trkpt>
      <trkpt lat="46.8172029" lon="10.2440940">
        <ele>2616.7</ele>
        <time>2026-09-15T11:32:02Z</time>
        <extensions>
          <gpxdata:distance>3592.81</gpxdata:distance>
          <gpxdata:speed>0.639</gpxdata:speed>
        </extensions>
      </trkpt>
      <trkpt lat="46.8171869" lon="10.2440150">
        <ele>2618.1</ele>
        <time>2026-09-15T11:32:12Z</time>
        <extensions>
          <gpxdata:distance>3599.08</gpxdata:distance>
          <gpxdata:speed>0.642</gpxdata:speed>
        </extensions>
      </trkpt>
      <trkpt lat="46.8171789" lon="10.2439620">
        <ele>2618.8</ele>
        <time>2026-09-15T11:32:18Z</time>
        <extensions>
          <gpxdata:distance>3603.21</gpxdata:distance>
          <gpxdata:speed>0.643</gpxdata:speed>
        </extensions>
      </trkpt>
      <trkpt lat="46.8171799" lon="10.2439100">
        <ele>2619.2</ele>
        <time>2026-09-15T11:32:25Z</time>
        <extensions>
          <gpxdata:distance>3607.16</gpxdata:distance>
          <gpxdata:speed>0.637</gpxdata:speed>
        </extensions>
      </trkpt>
      <trkpt lat="46.8172319" lon="10.2440040">
        <ele>2620.8</ele>
        <time>2026-09-15T11:32:39Z</time>
        <extensions>
          <gpxdata:distance>3616.36</gpxdata:distance>
          <gpxdata:speed>0.636</gpxdata:speed>
        </extensions>
      </trkpt>
      <trkpt lat="46.8172929" lon="10.2440730">
        <ele>2622.5</ele>
        <time>2026-09-15T11:32:52Z</time>
        <extensions>
          <gpxdata:distance>3624.94</gpxdata:distance>
          <gpxdata:speed>0.638</gpxdata:speed>
        </extensions>
      </trkpt>
      <trkpt lat="46.8173019" lon="10.2440730">
        <ele>2622.8</ele>
        <time>2026-09-15T11:32:54Z</time>
        <extensions>
          <gpxdata:distance>3625.94</gpxdata:distance>
          <gpxdata:speed>0.641</gpxdata:speed>
        </extensions>
      </trkpt>
      <trkpt lat="46.8172859" lon="10.2440200">
        <ele>2623.6</ele>
        <time>2026-09-15T11:33:01Z</time>
        <extensions>
          <gpxdata:distance>3630.35</gpxdata:distance>
          <gpxdata:speed>0.644</gpxdata:speed>
        </extensions>
      </trkpt>
      <trkpt lat="46.8172609" lon="10.2439400">
        <ele>2624.0</ele>
        <time>2026-09-15T11:33:11Z</time>
        <extensions>
          <gpxdata:distance>3637.04</gpxdata:distance>
          <gpxdata:speed>0.639</gpxdata:speed>
        </extensions>
      </trkpt>
      <trkpt lat="46.8172529" lon="10.2438870">
        <ele>2624.8</ele>
        <time>2026-09-15T11:33:18Z</time>
        <extensions>
          <gpxdata:distance>3641.17</gpxdata:distance>
          <gpxdata:speed>0.637</gpxdata:speed>
        </extensions>
      </trkpt>
      <trkpt lat="46.8172629" lon="10.2438480">
        <ele>2625.1</ele>
        <time>2026-09-15T11:33:23Z</time>
        <extensions>
          <gpxdata:distance>3644.34</gpxdata:distance>
          <gpxdata:speed>0.632</gpxdata:speed>
        </extensions>
      </trkpt>
      <trkpt lat="46.8172819" lon="10.2438100">
        <ele>2625.8</ele>
        <time>2026-09-15T11:33:28Z</time>
        <extensions>
          <gpxdata:distance>3647.92</gpxdata:distance>
          <gpxdata:speed>0.633</gpxdata:speed>
        </extensions>
      </trkpt>
      <trkpt lat="46.8173129" lon="10.2436540">
        <ele>2628.2</ele>
        <time>2026-09-15T11:33:48Z</time>
        <extensions>
          <gpxdata:distance>3660.28</gpxdata:distance>
          <gpxdata:speed>0.637</gpxdata:speed>
        </extensions>
      </trkpt>
      <trkpt lat="46.8173509" lon="10.2435380">
        <ele>2629.6</ele>
        <time>2026-09-15T11:34:03Z</time>
        <extensions>
          <gpxdata:distance>3670.07</gpxdata:distance>
          <gpxdata:speed>0.635</gpxdata:speed>
        </extensions>
      </trkpt>
      <trkpt lat="46.8173979" lon="10.2434620">
        <ele>2631.1</ele>
        <time>2026-09-15T11:34:16Z</time>
        <extensions>
          <gpxdata:distance>3677.86</gpxdata:distance>
          <gpxdata:speed>0.635</gpxdata:speed>
        </extensions>
      </trkpt>
      <trkpt lat="46.8174349" lon="10.2434510">
        <ele>2631.6</ele>
        <time>2026-09-15T11:34:22Z</time>
        <extensions>
          <gpxdata:distance>3682.06</gpxdata:distance>
          <gpxdata:speed>0.633</gpxdata:speed>
        </extensions>
      </trkpt>
      <trkpt lat="46.8175379" lon="10.2432600">
        <ele>2634.8</ele>
        <time>2026-09-15T11:34:51Z</time>
        <extensions>
          <gpxdata:distance>3700.56</gpxdata:distance>
          <gpxdata:speed>0.634</gpxdata:speed>
        </extensions>
      </trkpt>
      <trkpt lat="46.8176139" lon="10.2431190">
        <ele>2636.9</ele>
        <time>2026-09-15T11:35:13Z</time>
        <extensions>
          <gpxdata:distance>3714.22</gpxdata:distance>
          <gpxdata:speed>0.637</gpxdata:speed>
        </extensions>
      </trkpt>
      <trkpt lat="46.8176779" lon="10.2430570">
        <ele>2638.4</ele>
        <time>2026-09-15T11:35:26Z</time>
        <extensions>
          <gpxdata:distance>3722.76</gpxdata:distance>
          <gpxdata:speed>0.636</gpxdata:speed>
        </extensions>
      </trkpt>
      <trkpt lat="46.8176479" lon="10.2431740">
        <ele>2640.3</ele>
        <time>2026-09-15T11:35:41Z</time>
        <extensions>
          <gpxdata:distance>3732.27</gpxdata:distance>
          <gpxdata:speed>0.639</gpxdata:speed>
        </extensions>
      </trkpt>
      <trkpt lat="46.8176269" lon="10.2433040">
        <ele>2641.7</ele>
        <time>2026-09-15T11:35:57Z</time>
        <extensions>
          <gpxdata:distance>3742.43</gpxdata:distance>
          <gpxdata:speed>0.637</gpxdata:speed>
        </extensions>
      </trkpt>
      <trkpt lat="46.8176169" lon="10.2433690">
        <ele>2642.8</ele>
        <time>2026-09-15T11:36:05Z</time>
        <extensions>
          <gpxdata:distance>3747.50</gpxdata:distance>
          <gpxdata:speed>0.637</gpxdata:speed>
        </extensions>
      </trkpt>
      <trkpt lat="46.8176159" lon="10.2433950">
        <ele>2643.2</ele>
        <time>2026-09-15T11:36:08Z</time>
        <extensions>
          <gpxdata:distance>3749.48</gpxdata:distance>
          <gpxdata:speed>0.638</gpxdata:speed>
        </extensions>
      </trkpt>
      <trkpt lat="46.8176409" lon="10.2434750">
        <ele>2644.9</ele>
        <time>2026-09-15T11:36:19Z</time>
        <extensions>
          <gpxdata:distance>3756.17</gpxdata:distance>
          <gpxdata:speed>0.640</gpxdata:speed>
        </extensions>
      </trkpt>
      <trkpt lat="46.8176659" lon="10.2435550">
        <ele>2646.4</ele>
        <time>2026-09-15T11:36:29Z</time>
        <extensions>
          <gpxdata:distance>3762.87</gpxdata:distance>
          <gpxdata:speed>0.643</gpxdata:speed>
        </extensions>
      </trkpt>
      <trkpt lat="46.8176749" lon="10.2435550">
        <ele>2646.8</ele>
        <time>2026-09-15T11:36:31Z</time>
        <extensions>
          <gpxdata:distance>3763.87</gpxdata:distance>
          <gpxdata:speed>0.645</gpxdata:speed>
        </extensions>
      </trkpt>
      <trkpt lat="46.8176849" lon="10.2435290">
        <ele>2647.2</ele>
        <time>2026-09-15T11:36:34Z</time>
        <extensions>
          <gpxdata:distance>3766.14</gpxdata:distance>
          <gpxdata:speed>0.648</gpxdata:speed>
        </extensions>
      </trkpt>
      <trkpt lat="46.8177129" lon="10.2434780">
        <ele>2648.8</ele>
        <time>2026-09-15T11:36:42Z</time>
        <extensions>
          <gpxdata:distance>3771.11</gpxdata:distance>
          <gpxdata:speed>0.592</gpxdata:speed>
        </extensions>
      </trkpt>
      <trkpt lat="46.8177599" lon="10.2433760">
        <ele>2650.5</ele>
        <time>2026-09-15T11:36:58Z</time>
        <extensions>
          <gpxdata:distance>3780.47</gpxdata:distance>
          <gpxdata:speed>0.605</gpxdata:speed>
        </extensions>
      </trkpt>
      <trkpt lat="46.8177609" lon="10.2433370">
        <ele>2650.9</ele>
        <time>2026-09-15T11:37:03Z</time>
        <extensions>
          <gpxdata:distance>3783.44</gpxdata:distance>
          <gpxdata:speed>0.558</gpxdata:speed>
        </extensions>
      </trkpt>
      <trkpt lat="46.8177709" lon="10.2433240">
        <ele>2651.4</ele>
        <time>2026-09-15T11:37:06Z</time>
        <extensions>
          <gpxdata:distance>3784.93</gpxdata:distance>
          <gpxdata:speed>0.537</gpxdata:speed>
        </extensions>
      </trkpt>
      <trkpt lat="46.8177779" lon="10.2434030">
        <ele>2652.5</ele>
        <time>2026-09-15T11:37:17Z</time>
        <extensions>
          <gpxdata:distance>3790.99</gpxdata:distance>
          <gpxdata:speed>0.559</gpxdata:speed>
        </extensions>
      </trkpt>
      <trkpt lat="46.8177849" lon="10.2434690">
        <ele>2653.6</ele>
        <time>2026-09-15T11:37:26Z</time>
        <extensions>
          <gpxdata:distance>3796.07</gpxdata:distance>
          <gpxdata:speed>0.581</gpxdata:speed>
        </extensions>
      </trkpt>
      <trkpt lat="46.8177929" lon="10.2435350">
        <ele>2654.7</ele>
        <time>2026-09-15T11:37:34Z</time>
        <extensions>
          <gpxdata:distance>3801.17</gpxdata:distance>
          <gpxdata:speed>0.586</gpxdata:speed>
        </extensions>
      </trkpt>
      <trkpt lat="46.8178009" lon="10.2435750">
        <ele>2655.1</ele>
        <time>2026-09-15T11:37:39Z</time>
        <extensions>
          <gpxdata:distance>3804.34</gpxdata:distance>
          <gpxdata:speed>0.630</gpxdata:speed>
        </extensions>
      </trkpt>
      <trkpt lat="46.8178299" lon="10.2434850">
        <ele>2657.2</ele>
        <time>2026-09-15T11:37:52Z</time>
        <extensions>
          <gpxdata:distance>3811.91</gpxdata:distance>
          <gpxdata:speed>0.580</gpxdata:speed>
        </extensions>
      </trkpt>
      <trkpt lat="46.8178779" lon="10.2433430">
        <ele>2659.2</ele>
        <time>2026-09-15T11:38:11Z</time>
        <extensions>
          <gpxdata:distance>3823.96</gpxdata:distance>
          <gpxdata:speed>0.648</gpxdata:speed>
        </extensions>
      </trkpt>
      <trkpt lat="46.8178879" lon="10.2433300">
        <ele>2659.9</ele>
        <time>2026-09-15T11:38:13Z</time>
        <extensions>
          <gpxdata:distance>3825.45</gpxdata:distance>
          <gpxdata:speed>0.615</gpxdata:speed>
        </extensions>
      </trkpt>
      <trkpt lat="46.8178939" lon="10.2434350">
        <ele>2661.5</ele>
        <time>2026-09-15T11:38:27Z</time>
        <extensions>
          <gpxdata:distance>3833.47</gpxdata:distance>
          <gpxdata:speed>0.604</gpxdata:speed>
        </extensions>
      </trkpt>
      <trkpt lat="46.8178929" lon="10.2434750">
        <ele>2662.1</ele>
        <time>2026-09-15T11:38:32Z</time>
        <extensions>
          <gpxdata:distance>3836.52</gpxdata:distance>
          <gpxdata:speed>0.621</gpxdata:speed>
        </extensions>
      </trkpt>
      <trkpt lat="46.8179029" lon="10.2434490">
        <ele>2662.8</ele>
        <time>2026-09-15T11:38:35Z</time>
        <extensions>
          <gpxdata:distance>3838.78</gpxdata:distance>
          <gpxdata:speed>0.591</gpxdata:speed>
        </extensions>
      </trkpt>
      <trkpt lat="46.8179309" lon="10.2433980">
        <ele>2663.9</ele>
        <time>2026-09-15T11:38:44Z</time>
        <extensions>
          <gpxdata:distance>3843.76</gpxdata:distance>
          <gpxdata:speed>0.589</gpxdata:speed>
        </extensions>
      </trkpt>
      <trkpt lat="46.8179399" lon="10.2434120">
        <ele>2665.0</ele>
        <time>2026-09-15T11:38:47Z</time>
        <extensions>
          <gpxdata:distance>3845.22</gpxdata:distance>
          <gpxdata:speed>0.522</gpxdata:speed>
        </extensions>
      </trkpt>
      <trkpt lat="46.8179459" lon="10.2435040">
        <ele>2666.7</ele>
        <time>2026-09-15T11:39:01Z</time>
        <extensions>
          <gpxdata:distance>3852.25</gpxdata:distance>
          <gpxdata:speed>0.491</gpxdata:speed>
        </extensions>
      </trkpt>
      <trkpt lat="46.8179549" lon="10.2435170">
        <ele>2667.2</ele>
        <time>2026-09-15T11:39:04Z</time>
        <extensions>
          <gpxdata:distance>3853.66</gpxdata:distance>
          <gpxdata:speed>0.501</gpxdata:speed>
        </extensions>
      </trkpt>
      <trkpt lat="46.8179739" lon="10.2434660">
        <ele>2668.4</ele>
        <time>2026-09-15T11:39:13Z</time>
        <extensions>
          <gpxdata:distance>3858.08</gpxdata:distance>
          <gpxdata:speed>0.461</gpxdata:speed>
        </extensions>
      </trkpt>
      <trkpt lat="46.8179999" lon="10.2435200">
        <ele>2670.8</ele>
        <time>2026-09-15T11:39:24Z</time>
        <extensions>
          <gpxdata:distance>3863.10</gpxdata:distance>
          <gpxdata:speed>0.461</gpxdata:speed>
        </extensions>
      </trkpt>
      <trkpt lat="46.8180079" lon="10.2435730">
        <ele>2672.0</ele>
        <time>2026-09-15T11:39:33Z</time>
        <extensions>
          <gpxdata:distance>3867.23</gpxdata:distance>
          <gpxdata:speed>0.461</gpxdata:speed>
        </extensions>
      </trkpt>
      <trkpt lat="46.8180169" lon="10.2435470">
        <ele>2673.1</ele>
        <time>2026-09-15T11:39:38Z</time>
        <extensions>
          <gpxdata:distance>3869.45</gpxdata:distance>
          <gpxdata:speed>0.461</gpxdata:speed>
        </extensions>
      </trkpt>
      <trkpt lat="46.8180349" lon="10.2435610">
        <ele>2674.4</ele>
        <time>2026-09-15T11:39:43Z</time>
        <extensions>
          <gpxdata:distance>3871.72</gpxdata:distance>
          <gpxdata:speed>0.461</gpxdata:speed>
        </extensions>
      </trkpt>
      <trkpt lat="46.8180339" lon="10.2435870">
        <ele>2674.6</ele>
        <time>2026-09-15T11:39:47Z</time>
        <extensions>
          <gpxdata:distance>3873.70</gpxdata:distance>
          <gpxdata:speed>0.461</gpxdata:speed>
        </extensions>
      </trkpt>
      <trkpt lat="46.8180789" lon="10.2435890">
        <ele>2677.4</ele>
        <time>2026-09-15T11:39:58Z</time>
        <extensions>
          <gpxdata:distance>3878.71</gpxdata:distance>
          <gpxdata:speed>0.461</gpxdata:speed>
        </extensions>
      </trkpt>
      <trkpt lat="46.8180879" lon="10.2436160">
        <ele>2678.3</ele>
        <time>2026-09-15T11:40:03Z</time>
        <extensions>
          <gpxdata:distance>3880.99</gpxdata:distance>
          <gpxdata:speed>0.461</gpxdata:speed>
        </extensions>
      </trkpt>
      <trkpt lat="46.8181029" lon="10.2437220">
        <ele>2679.7</ele>
        <time>2026-09-15T11:40:21Z</time>
        <extensions>
          <gpxdata:distance>3889.23</gpxdata:distance>
          <gpxdata:speed>0.461</gpxdata:speed>
        </extensions>
      </trkpt>
      <trkpt lat="46.8181289" lon="10.2437620">
        <ele>2680.7</ele>
        <time>2026-09-15T11:40:30Z</time>
        <extensions>
          <gpxdata:distance>3893.43</gpxdata:distance>
          <gpxdata:speed>0.461</gpxdata:speed>
        </extensions>
      </trkpt>
      <trkpt lat="46.8181389" lon="10.2437240">
        <ele>2682.2</ele>
        <time>2026-09-15T11:40:37Z</time>
        <extensions>
          <gpxdata:distance>3896.52</gpxdata:distance>
          <gpxdata:speed>0.461</gpxdata:speed>
        </extensions>
      </trkpt>
      <trkpt lat="46.8181409" lon="10.2436580">
        <ele>2683.3</ele>
        <time>2026-09-15T11:40:48Z</time>
        <extensions>
          <gpxdata:distance>3901.55</gpxdata:distance>
          <gpxdata:speed>0.461</gpxdata:speed>
        </extensions>
      </trkpt>
      <trkpt lat="46.8181579" lon="10.2436980">
        <ele>2684.6</ele>
        <time>2026-09-15T11:40:55Z</time>
        <extensions>
          <gpxdata:distance>3905.13</gpxdata:distance>
          <gpxdata:speed>0.461</gpxdata:speed>
        </extensions>
      </trkpt>
      <trkpt lat="46.8181679" lon="10.2436600">
        <ele>2685.5</ele>
        <time>2026-09-15T11:41:02Z</time>
        <extensions>
          <gpxdata:distance>3908.23</gpxdata:distance>
          <gpxdata:speed>0.461</gpxdata:speed>
        </extensions>
      </trkpt>
      <trkpt lat="46.8181759" lon="10.2436730">
        <ele>2686.0</ele>
        <time>2026-09-15T11:41:05Z</time>
        <extensions>
          <gpxdata:distance>3909.56</gpxdata:distance>
          <gpxdata:speed>0.461</gpxdata:speed>
        </extensions>
      </trkpt>
      <trkpt lat="46.8181959" lon="10.2436090">
        <ele>2687.6</ele>
        <time>2026-09-15T11:41:17Z</time>
        <extensions>
          <gpxdata:distance>3914.92</gpxdata:distance>
          <gpxdata:speed>0.461</gpxdata:speed>
        </extensions>
      </trkpt>
      <trkpt lat="46.8182469" lon="10.2437030">
        <ele>2691.3</ele>
        <time>2026-09-15T11:41:36Z</time>
        <extensions>
          <gpxdata:distance>3924.04</gpxdata:distance>
          <gpxdata:speed>0.461</gpxdata:speed>
        </extensions>
      </trkpt>
      <trkpt lat="46.8182569" lon="10.2436640">
        <ele>2692.8</ele>
        <time>2026-09-15T11:41:43Z</time>
        <extensions>
          <gpxdata:distance>3927.21</gpxdata:distance>
          <gpxdata:speed>0.461</gpxdata:speed>
        </extensions>
      </trkpt>
      <trkpt lat="46.8182829" lon="10.2437050">
        <ele>2694.2</ele>
        <time>2026-09-15T11:41:52Z</time>
        <extensions>
          <gpxdata:distance>3931.47</gpxdata:distance>
          <gpxdata:speed>0.461</gpxdata:speed>
        </extensions>
      </trkpt>
      <trkpt lat="46.8183189" lon="10.2437200">
        <ele>2696.3</ele>
        <time>2026-09-15T11:42:01Z</time>
        <extensions>
          <gpxdata:distance>3935.63</gpxdata:distance>
          <gpxdata:speed>0.461</gpxdata:speed>
        </extensions>
      </trkpt>
      <trkpt lat="46.8183289" lon="10.2436810">
        <ele>2697.3</ele>
        <time>2026-09-15T11:42:08Z</time>
        <extensions>
          <gpxdata:distance>3938.80</gpxdata:distance>
          <gpxdata:speed>0.461</gpxdata:speed>
        </extensions>
      </trkpt>
      <trkpt lat="46.8183299" lon="10.2436420">
        <ele>2698.1</ele>
        <time>2026-09-15T11:42:15Z</time>
        <extensions>
          <gpxdata:distance>3941.77</gpxdata:distance>
          <gpxdata:speed>0.461</gpxdata:speed>
        </extensions>
      </trkpt>
      <trkpt lat="46.8183569" lon="10.2436560">
        <ele>2699.5</ele>
        <time>2026-09-15T11:42:22Z</time>
        <extensions>
          <gpxdata:distance>3944.95</gpxdata:distance>
          <gpxdata:speed>0.461</gpxdata:speed>
        </extensions>
      </trkpt>
      <trkpt lat="46.8183559" lon="10.2436820">
        <ele>2699.6</ele>
        <time>2026-09-15T11:42:26Z</time>
        <extensions>
          <gpxdata:distance>3946.93</gpxdata:distance>
          <gpxdata:speed>0.461</gpxdata:speed>
        </extensions>
      </trkpt>
      <trkpt lat="46.8183899" lon="10.2437630">
        <ele>2702.2</ele>
        <time>2026-09-15T11:42:42Z</time>
        <extensions>
          <gpxdata:distance>3954.16</gpxdata:distance>
          <gpxdata:speed>0.461</gpxdata:speed>
        </extensions>
      </trkpt>
      <trkpt lat="46.8183989" lon="10.2437500">
        <ele>2703.2</ele>
        <time>2026-09-15T11:42:45Z</time>
        <extensions>
          <gpxdata:distance>3955.57</gpxdata:distance>
          <gpxdata:speed>0.461</gpxdata:speed>
        </extensions>
      </trkpt>
      <trkpt lat="46.8183999" lon="10.2437240">
        <ele>2704.0</ele>
        <time>2026-09-15T11:42:49Z</time>
        <extensions>
          <gpxdata:distance>3957.55</gpxdata:distance>
          <gpxdata:speed>0.461</gpxdata:speed>
        </extensions>
      </trkpt>
      <trkpt lat="46.8184189" lon="10.2436730">
        <ele>2705.4</ele>
        <time>2026-09-15T11:42:59Z</time>
        <extensions>
          <gpxdata:distance>3961.97</gpxdata:distance>
          <gpxdata:speed>0.461</gpxdata:speed>
        </extensions>
      </trkpt>
      <trkpt lat="46.8184459" lon="10.2436870">
        <ele>2706.6</ele>
        <time>2026-09-15T11:43:05Z</time>
        <extensions>
          <gpxdata:distance>3965.16</gpxdata:distance>
          <gpxdata:speed>0.461</gpxdata:speed>
        </extensions>
      </trkpt>
      <trkpt lat="46.8184639" lon="10.2436880">
        <ele>2707.4</ele>
        <time>2026-09-15T11:43:10Z</time>
        <extensions>
          <gpxdata:distance>3967.16</gpxdata:distance>
          <gpxdata:speed>0.461</gpxdata:speed>
        </extensions>
      </trkpt>
      <trkpt lat="46.8184999" lon="10.2436640">
        <ele>2708.6</ele>
        <time>2026-09-15T11:43:19Z</time>
        <extensions>
          <gpxdata:distance>3971.56</gpxdata:distance>
          <gpxdata:speed>0.461</gpxdata:speed>
        </extensions>
      </trkpt>
      <trkpt lat="46.8185449" lon="10.2436920">
        <ele>2710.4</ele>
        <time>2026-09-15T11:43:31Z</time>
        <extensions>
          <gpxdata:distance>3977.00</gpxdata:distance>
          <gpxdata:speed>0.461</gpxdata:speed>
        </extensions>
      </trkpt>
      <trkpt lat="46.8186179" lon="10.2436570">
        <ele>2713.6</ele>
        <time>2026-09-15T11:43:50Z</time>
        <extensions>
          <gpxdata:distance>3985.54</gpxdata:distance>
          <gpxdata:speed>0.461</gpxdata:speed>
        </extensions>
      </trkpt>
      <trkpt lat="46.8186439" lon="10.2436840">
        <ele>2714.9</ele>
        <time>2026-09-15T11:43:57Z</time>
        <extensions>
          <gpxdata:distance>3989.09</gpxdata:distance>
          <gpxdata:speed>0.461</gpxdata:speed>
        </extensions>
      </trkpt>
      <trkpt lat="46.8187059" lon="10.2437140">
        <ele>2716.9</ele>
        <time>2026-09-15T11:44:13Z</time>
        <extensions>
          <gpxdata:distance>3996.35</gpxdata:distance>
          <gpxdata:speed>0.461</gpxdata:speed>
        </extensions>
      </trkpt>
      <trkpt lat="46.8187769" lon="10.2437700">
        <ele>2717.9</ele>
        <time>2026-09-15T11:44:32Z</time>
        <extensions>
          <gpxdata:distance>4005.32</gpxdata:distance>
          <gpxdata:speed>0.461</gpxdata:speed>
        </extensions>
      </trkpt>
      <trkpt lat="46.8188749" lon="10.2438270">
        <ele>2719.6</ele>
        <time>2026-09-15T11:44:58Z</time>
        <extensions>
          <gpxdata:distance>4017.05</gpxdata:distance>
          <gpxdata:speed>0.461</gpxdata:speed>
        </extensions>
      </trkpt>
      <trkpt lat="46.8190079" lon="10.2439000">
        <ele>2723.2</ele>
        <time>2026-09-15T11:45:31Z</time>
        <extensions>
          <gpxdata:distance>4032.85</gpxdata:distance>
          <gpxdata:speed>0.479</gpxdata:speed>
        </extensions>
      </trkpt>
      <trkpt lat="46.8190699" lon="10.2439430">
        <ele>2725.1</ele>
        <time>2026-09-15T11:45:46Z</time>
        <extensions>
          <gpxdata:distance>4040.48</gpxdata:distance>
          <gpxdata:speed>0.494</gpxdata:speed>
        </extensions>
      </trkpt>
      <trkpt lat="46.8192909" lon="10.2440850">
        <ele>2732.5</ele>
        <time>2026-09-15T11:46:44Z</time>
        <extensions>
          <gpxdata:distance>4067.32</gpxdata:distance>
          <gpxdata:speed>0.463</gpxdata:speed>
        </extensions>
      </trkpt>
      <trkpt lat="46.8193439" lon="10.2441270">
        <ele>2735.1</ele>
        <time>2026-09-15T11:46:59Z</time>
        <extensions>
          <gpxdata:distance>4074.03</gpxdata:distance>
          <gpxdata:speed>0.461</gpxdata:speed>
        </extensions>
      </trkpt>
      <trkpt lat="46.8193629" lon="10.2441150">
        <ele>2735.8</ele>
        <time>2026-09-15T11:47:04Z</time>
        <extensions>
          <gpxdata:distance>4076.33</gpxdata:distance>
          <gpxdata:speed>0.482</gpxdata:speed>
        </extensions>
      </trkpt>
      <trkpt lat="46.8193809" lon="10.2441030">
        <ele>2736.6</ele>
        <time>2026-09-15T11:47:08Z</time>
        <extensions>
          <gpxdata:distance>4078.53</gpxdata:distance>
          <gpxdata:speed>0.489</gpxdata:speed>
        </extensions>
      </trkpt>
      <trkpt lat="46.8193989" lon="10.2440910">
        <ele>2737.2</ele>
        <time>2026-09-15T11:47:13Z</time>
        <extensions>
          <gpxdata:distance>4080.73</gpxdata:distance>
          <gpxdata:speed>0.497</gpxdata:speed>
        </extensions>
      </trkpt>
      <trkpt lat="46.8193979" lon="10.2441300">
        <ele>2738.2</ele>
        <time>2026-09-15T11:47:19Z</time>
        <extensions>
          <gpxdata:distance>4083.70</gpxdata:distance>
          <gpxdata:speed>0.461</gpxdata:speed>
        </extensions>
      </trkpt>
      <trkpt lat="46.8194069" lon="10.2441440">
        <ele>2738.7</ele>
        <time>2026-09-15T11:47:22Z</time>
        <extensions>
          <gpxdata:distance>4085.16</gpxdata:distance>
          <gpxdata:speed>0.461</gpxdata:speed>
        </extensions>
      </trkpt>
      <trkpt lat="46.8194159" lon="10.2441440">
        <ele>2739.1</ele>
        <time>2026-09-15T11:47:24Z</time>
        <extensions>
          <gpxdata:distance>4086.16</gpxdata:distance>
          <gpxdata:speed>0.461</gpxdata:speed>
        </extensions>
      </trkpt>
      <trkpt lat="46.8194439" lon="10.2441060">
        <ele>2740.1</ele>
        <time>2026-09-15T11:47:34Z</time>
        <extensions>
          <gpxdata:distance>4090.41</gpxdata:distance>
          <gpxdata:speed>0.461</gpxdata:speed>
        </extensions>
      </trkpt>
      <trkpt lat="46.8194799" lon="10.2440820">
        <ele>2741.6</ele>
        <time>2026-09-15T11:47:43Z</time>
        <extensions>
          <gpxdata:distance>4094.81</gpxdata:distance>
          <gpxdata:speed>0.461</gpxdata:speed>
        </extensions>
      </trkpt>
      <trkpt lat="46.8195349" lon="10.2440720">
        <ele>2744.4</ele>
        <time>2026-09-15T11:47:56Z</time>
        <extensions>
          <gpxdata:distance>4100.97</gpxdata:distance>
          <gpxdata:speed>0.461</gpxdata:speed>
        </extensions>
      </trkpt>
      <trkpt lat="46.8195339" lon="10.2440980">
        <ele>2745.0</ele>
        <time>2026-09-15T11:48:01Z</time>
        <extensions>
          <gpxdata:distance>4102.95</gpxdata:distance>
          <gpxdata:speed>0.461</gpxdata:speed>
        </extensions>
      </trkpt>
      <trkpt lat="46.8195239" lon="10.2441240">
        <ele>2745.7</ele>
        <time>2026-09-15T11:48:06Z</time>
        <extensions>
          <gpxdata:distance>4105.22</gpxdata:distance>
          <gpxdata:speed>0.461</gpxdata:speed>
        </extensions>
      </trkpt>
      <trkpt lat="46.8195239" lon="10.2441500">
        <ele>2746.5</ele>
        <time>2026-09-15T11:48:10Z</time>
        <extensions>
          <gpxdata:distance>4107.20</gpxdata:distance>
          <gpxdata:speed>0.461</gpxdata:speed>
        </extensions>
      </trkpt>
      <trkpt lat="46.8195319" lon="10.2441760">
        <ele>2747.5</ele>
        <time>2026-09-15T11:48:15Z</time>
        <extensions>
          <gpxdata:distance>4109.37</gpxdata:distance>
          <gpxdata:speed>0.461</gpxdata:speed>
        </extensions>
      </trkpt>
      <trkpt lat="46.8195499" lon="10.2441640">
        <ele>2748.2</ele>
        <time>2026-09-15T11:48:19Z</time>
        <extensions>
          <gpxdata:distance>4111.57</gpxdata:distance>
          <gpxdata:speed>0.461</gpxdata:speed>
        </extensions>
      </trkpt>
      <trkpt lat="46.8195869" lon="10.2441400">
        <ele>2750.1</ele>
        <time>2026-09-15T11:48:29Z</time>
        <extensions>
          <gpxdata:distance>4116.07</gpxdata:distance>
          <gpxdata:speed>0.461</gpxdata:speed>
        </extensions>
      </trkpt>
      <trkpt lat="46.8196139" lon="10.2441410">
        <ele>2751.0</ele>
        <time>2026-09-15T11:48:36Z</time>
        <extensions>
          <gpxdata:distance>4119.08</gpxdata:distance>
          <gpxdata:speed>0.461</gpxdata:speed>
        </extensions>
      </trkpt>
      <trkpt lat="46.8196499" lon="10.2441560">
        <ele>2753.7</ele>
        <time>2026-09-15T11:48:45Z</time>
        <extensions>
          <gpxdata:distance>4123.24</gpxdata:distance>
          <gpxdata:speed>0.461</gpxdata:speed>
        </extensions>
      </trkpt>
      <trkpt lat="46.8196939" lon="10.2441590">
        <ele>2756.0</ele>
        <time>2026-09-15T11:48:55Z</time>
        <extensions>
          <gpxdata:distance>4128.14</gpxdata:distance>
          <gpxdata:speed>0.461</gpxdata:speed>
        </extensions>
      </trkpt>
      <trkpt lat="46.8197029" lon="10.2441720">
        <ele>2756.9</ele>
        <time>2026-09-15T11:48:58Z</time>
        <extensions>
          <gpxdata:distance>4129.54</gpxdata:distance>
          <gpxdata:speed>0.461</gpxdata:speed>
        </extensions>
      </trkpt>
      <trkpt lat="46.8197209" lon="10.2441600">
        <ele>2757.5</ele>
        <time>2026-09-15T11:49:03Z</time>
        <extensions>
          <gpxdata:distance>4131.74</gpxdata:distance>
          <gpxdata:speed>0.461</gpxdata:speed>
        </extensions>
      </trkpt>
      <trkpt lat="46.8197299" lon="10.2441610">
        <ele>2758.1</ele>
        <time>2026-09-15T11:49:05Z</time>
        <extensions>
          <gpxdata:distance>4132.75</gpxdata:distance>
          <gpxdata:speed>0.461</gpxdata:speed>
        </extensions>
      </trkpt>
      <trkpt lat="46.8197389" lon="10.2441870">
        <ele>2758.7</ele>
        <time>2026-09-15T11:49:10Z</time>
        <extensions>
          <gpxdata:distance>4134.96</gpxdata:distance>
          <gpxdata:speed>0.461</gpxdata:speed>
        </extensions>
      </trkpt>
      <trkpt lat="46.8197289" lon="10.2442130">
        <ele>2760.1</ele>
        <time>2026-09-15T11:49:15Z</time>
        <extensions>
          <gpxdata:distance>4137.23</gpxdata:distance>
          <gpxdata:speed>0.461</gpxdata:speed>
        </extensions>
      </trkpt>
      <trkpt lat="46.8197289" lon="10.2442260">
        <ele>2761.2</ele>
        <time>2026-09-15T11:49:17Z</time>
        <extensions>
          <gpxdata:distance>4138.22</gpxdata:distance>
          <gpxdata:speed>0.461</gpxdata:speed>
        </extensions>
      </trkpt>
      <trkpt lat="46.8197459" lon="10.2442400">
        <ele>2762.4</ele>
        <time>2026-09-15T11:49:22Z</time>
        <extensions>
          <gpxdata:distance>4140.39</gpxdata:distance>
          <gpxdata:speed>0.461</gpxdata:speed>
        </extensions>
      </trkpt>
      <trkpt lat="46.8197639" lon="10.2442410">
        <ele>2763.2</ele>
        <time>2026-09-15T11:49:26Z</time>
        <extensions>
          <gpxdata:distance>4142.40</gpxdata:distance>
          <gpxdata:speed>0.461</gpxdata:speed>
        </extensions>
      </trkpt>
      <trkpt lat="46.8197909" lon="10.2442420">
        <ele>2764.6</ele>
        <time>2026-09-15T11:49:33Z</time>
        <extensions>
          <gpxdata:distance>4145.40</gpxdata:distance>
          <gpxdata:speed>0.461</gpxdata:speed>
        </extensions>
      </trkpt>
      <trkpt lat="46.8197999" lon="10.2442430">
        <ele>2765.1</ele>
        <time>2026-09-15T11:49:35Z</time>
        <extensions>
          <gpxdata:distance>4146.40</gpxdata:distance>
          <gpxdata:speed>0.461</gpxdata:speed>
        </extensions>
      </trkpt>
      <trkpt lat="46.8197989" lon="10.2442820">
        <ele>2766.2</ele>
        <time>2026-09-15T11:49:41Z</time>
        <extensions>
          <gpxdata:distance>4149.37</gpxdata:distance>
          <gpxdata:speed>0.461</gpxdata:speed>
        </extensions>
      </trkpt>
      <trkpt lat="46.8197989" lon="10.2443080">
        <ele>2766.8</ele>
        <time>2026-09-15T11:49:46Z</time>
        <extensions>
          <gpxdata:distance>4151.35</gpxdata:distance>
          <gpxdata:speed>0.461</gpxdata:speed>
        </extensions>
      </trkpt>
      <trkpt lat="46.8197979" lon="10.2443210">
        <ele>2767.5</ele>
        <time>2026-09-15T11:49:48Z</time>
        <extensions>
          <gpxdata:distance>4152.35</gpxdata:distance>
          <gpxdata:speed>0.461</gpxdata:speed>
        </extensions>
      </trkpt>
      <trkpt lat="46.8198069" lon="10.2443350">
        <ele>2768.0</ele>
        <time>2026-09-15T11:49:51Z</time>
        <extensions>
          <gpxdata:distance>4153.81</gpxdata:distance>
          <gpxdata:speed>0.461</gpxdata:speed>
        </extensions>
      </trkpt>
      <trkpt lat="46.8198249" lon="10.2443230">
        <ele>2768.4</ele>
        <time>2026-09-15T11:49:56Z</time>
        <extensions>
          <gpxdata:distance>4156.01</gpxdata:distance>
          <gpxdata:speed>0.461</gpxdata:speed>
        </extensions>
      </trkpt>
      <trkpt lat="46.8198339" lon="10.2443360">
        <ele>2768.7</ele>
        <time>2026-09-15T11:49:59Z</time>
        <extensions>
          <gpxdata:distance>4157.41</gpxdata:distance>
          <gpxdata:speed>0.461</gpxdata:speed>
        </extensions>
      </trkpt>
      <trkpt lat="46.8198329" lon="10.2443760">
        <ele>2769.6</ele>
        <time>2026-09-15T11:50:05Z</time>
        <extensions>
          <gpxdata:distance>4160.46</gpxdata:distance>
          <gpxdata:speed>0.461</gpxdata:speed>
        </extensions>
      </trkpt>
      <trkpt lat="46.8198419" lon="10.2443760">
        <ele>2770.3</ele>
        <time>2026-09-15T11:50:07Z</time>
        <extensions>
          <gpxdata:distance>4161.46</gpxdata:distance>
          <gpxdata:speed>0.461</gpxdata:speed>
        </extensions>
      </trkpt>
      <trkpt lat="46.8198509" lon="10.2443770">
        <ele>2771.0</ele>
        <time>2026-09-15T11:50:10Z</time>
        <extensions>
          <gpxdata:distance>4162.46</gpxdata:distance>
          <gpxdata:speed>0.461</gpxdata:speed>
        </extensions>
      </trkpt>
      <trkpt lat="46.8198589" lon="10.2444030">
        <ele>2771.7</ele>
        <time>2026-09-15T11:50:14Z</time>
        <extensions>
          <gpxdata:distance>4164.63</gpxdata:distance>
          <gpxdata:speed>0.461</gpxdata:speed>
        </extensions>
      </trkpt>
      <trkpt lat="46.8198769" lon="10.2444440">
        <ele>2773.2</ele>
        <time>2026-09-15T11:50:22Z</time>
        <extensions>
          <gpxdata:distance>4168.34</gpxdata:distance>
          <gpxdata:speed>0.461</gpxdata:speed>
        </extensions>
      </trkpt>
      <trkpt lat="46.8198949" lon="10.2444310">
        <ele>2774.6</ele>
        <time>2026-09-15T11:50:27Z</time>
        <extensions>
          <gpxdata:distance>4170.57</gpxdata:distance>
          <gpxdata:speed>0.461</gpxdata:speed>
        </extensions>
      </trkpt>
      <trkpt lat="46.8199039" lon="10.2444060">
        <ele>2775.3</ele>
        <time>2026-09-15T11:50:32Z</time>
        <extensions>
          <gpxdata:distance>4172.72</gpxdata:distance>
          <gpxdata:speed>0.461</gpxdata:speed>
        </extensions>
      </trkpt>
      <trkpt lat="46.8199129" lon="10.2444060">
        <ele>2775.9</ele>
        <time>2026-09-15T11:50:34Z</time>
        <extensions>
          <gpxdata:distance>4173.72</gpxdata:distance>
          <gpxdata:speed>0.461</gpxdata:speed>
        </extensions>
      </trkpt>
      <trkpt lat="46.8199309" lon="10.2444070">
        <ele>2776.4</ele>
        <time>2026-09-15T11:50:38Z</time>
        <extensions>
          <gpxdata:distance>4175.73</gpxdata:distance>
          <gpxdata:speed>0.461</gpxdata:speed>
        </extensions>
      </trkpt>
      <trkpt lat="46.8199579" lon="10.2444220">
        <ele>2777.6</ele>
        <time>2026-09-15T11:50:45Z</time>
        <extensions>
          <gpxdata:distance>4178.94</gpxdata:distance>
          <gpxdata:speed>0.461</gpxdata:speed>
        </extensions>
      </trkpt>
      <trkpt lat="46.8199669" lon="10.2444220">
        <ele>2778.6</ele>
        <time>2026-09-15T11:50:48Z</time>
        <extensions>
          <gpxdata:distance>4179.94</gpxdata:distance>
          <gpxdata:speed>0.461</gpxdata:speed>
        </extensions>
      </trkpt>
      <trkpt lat="46.8200029" lon="10.2444240">
        <ele>2781.1</ele>
        <time>2026-09-15T11:50:56Z</time>
        <extensions>
          <gpxdata:distance>4183.94</gpxdata:distance>
          <gpxdata:speed>0.461</gpxdata:speed>
        </extensions>
      </trkpt>
      <trkpt lat="46.8200119" lon="10.2444370">
        <ele>2781.8</ele>
        <time>2026-09-15T11:50:59Z</time>
        <extensions>
          <gpxdata:distance>4185.35</gpxdata:distance>
          <gpxdata:speed>0.461</gpxdata:speed>
        </extensions>
      </trkpt>
      <trkpt lat="46.8200109" lon="10.2444510">
        <ele>2782.2</ele>
        <time>2026-09-15T11:51:02Z</time>
        <extensions>
          <gpxdata:distance>4186.42</gpxdata:distance>
          <gpxdata:speed>0.461</gpxdata:speed>
        </extensions>
      </trkpt>
      <trkpt lat="46.8200099" lon="10.2444900">
        <ele>2783.4</ele>
        <time>2026-09-15T11:51:08Z</time>
        <extensions>
          <gpxdata:distance>4189.39</gpxdata:distance>
          <gpxdata:speed>0.461</gpxdata:speed>
        </extensions>
      </trkpt>
      <trkpt lat="46.8200189" lon="10.2444900">
        <ele>2783.6</ele>
        <time>2026-09-15T11:51:10Z</time>
        <extensions>
          <gpxdata:distance>4190.39</gpxdata:distance>
          <gpxdata:speed>0.461</gpxdata:speed>
        </extensions>
      </trkpt>
      <trkpt lat="46.8200459" lon="10.2444920">
        <ele>2784.3</ele>
        <time>2026-09-15T11:51:17Z</time>
        <extensions>
          <gpxdata:distance>4193.40</gpxdata:distance>
          <gpxdata:speed>0.461</gpxdata:speed>
        </extensions>
      </trkpt>
      <trkpt lat="46.8200459" lon="10.2445050">
        <ele>2784.6</ele>
        <time>2026-09-15T11:51:19Z</time>
        <extensions>
          <gpxdata:distance>4194.39</gpxdata:distance>
          <gpxdata:speed>0.461</gpxdata:speed>
        </extensions>
      </trkpt>
      <trkpt lat="46.8200539" lon="10.2445580">
        <ele>2785.1</ele>
        <time>2026-09-15T11:51:28Z</time>
        <extensions>
          <gpxdata:distance>4198.52</gpxdata:distance>
          <gpxdata:speed>0.461</gpxdata:speed>
        </extensions>
      </trkpt>
      <trkpt lat="46.8200619" lon="10.2445710">
        <ele>2785.2</ele>
        <time>2026-09-15T11:51:31Z</time>
        <extensions>
          <gpxdata:distance>4199.85</gpxdata:distance>
          <gpxdata:speed>0.461</gpxdata:speed>
        </extensions>
      </trkpt>
      <trkpt lat="46.8200809" lon="10.2445590">
        <ele>2785.2</ele>
        <time>2026-09-15T11:51:35Z</time>
        <extensions>
          <gpxdata:distance>4202.15</gpxdata:distance>
          <gpxdata:speed>0.554</gpxdata:speed>
        </extensions>
      </trkpt>
      <trkpt lat="46.8201079" lon="10.2445340">
        <ele>2785.7</ele>
        <time>2026-09-15T11:51:40Z</time>
        <extensions>
          <gpxdata:distance>4205.70</gpxdata:distance>
          <gpxdata:speed>0.646</gpxdata:speed>
        </extensions>
      </trkpt>
      <trkpt lat="46.8201269" lon="10.2445220">
        <ele>2786.0</ele>
        <time>2026-09-15T11:51:44Z</time>
        <extensions>
          <gpxdata:distance>4208.01</gpxdata:distance>
          <gpxdata:speed>0.640</gpxdata:speed>
        </extensions>
      </trkpt>
      <trkpt lat="46.8201709" lon="10.2445381">
        <ele>2786.3</ele>
        <time>2026-09-15T11:51:51Z</time>
        <extensions>
          <gpxdata:distance>4213.05</gpxdata:distance>
          <gpxdata:speed>0.698</gpxdata:speed>
        </extensions>
      </trkpt>
      <trkpt lat="46.8202789" lon="10.2445561">
        <ele>2787.1</ele>
        <time>2026-09-15T11:52:07Z</time>
        <extensions>
          <gpxdata:distance>4225.14</gpxdata:distance>
          <gpxdata:speed>0.752</gpxdata:speed>
        </extensions>
      </trkpt>
      <trkpt lat="46.8203329" lon="10.2445461">
        <ele>2787.5</ele>
        <time>2026-09-15T11:52:15Z</time>
        <extensions>
          <gpxdata:distance>4231.19</gpxdata:distance>
          <gpxdata:speed>0.794</gpxdata:speed>
        </extensions>
      </trkpt>
      <trkpt lat="46.8204689" lon="10.2445271">
        <ele>2788.7</ele>
        <time>2026-09-15T11:52:34Z</time>
        <extensions>
          <gpxdata:distance>4246.38</gpxdata:distance>
          <gpxdata:speed>0.809</gpxdata:speed>
        </extensions>
      </trkpt>
      <trkpt lat="46.8204959" lon="10.2445021">
        <ele>2789.2</ele>
        <time>2026-09-15T11:52:38Z</time>
        <extensions>
          <gpxdata:distance>4249.93</gpxdata:distance>
          <gpxdata:speed>0.807</gpxdata:speed>
        </extensions>
      </trkpt>
      <trkpt lat="46.8205329" lon="10.2444781">
        <ele>2789.9</ele>
        <time>2026-09-15T11:52:44Z</time>
        <extensions>
          <gpxdata:distance>4254.44</gpxdata:distance>
          <gpxdata:speed>0.790</gpxdata:speed>
        </extensions>
      </trkpt>
      <trkpt lat="46.8205699" lon="10.2444141">
        <ele>2790.7</ele>
        <time>2026-09-15T11:52:52Z</time>
        <extensions>
          <gpxdata:distance>4260.81</gpxdata:distance>
          <gpxdata:speed>0.770</gpxdata:speed>
        </extensions>
      </trkpt>
      <trkpt lat="46.8206069" lon="10.2443901">
        <ele>2790.8</ele>
        <time>2026-09-15T11:52:58Z</time>
        <extensions>
          <gpxdata:distance>4265.31</gpxdata:distance>
          <gpxdata:speed>0.792</gpxdata:speed>
        </extensions>
      </trkpt>
      <trkpt lat="46.8206339" lon="10.2443781">
        <ele>2791.1</ele>
        <time>2026-09-15T11:53:02Z</time>
        <extensions>
          <gpxdata:distance>4268.45</gpxdata:distance>
          <gpxdata:speed>0.795</gpxdata:speed>
        </extensions>
      </trkpt>
      <trkpt lat="46.8207069" lon="10.2443431">
        <ele>2791.1</ele>
        <time>2026-09-15T11:53:12Z</time>
        <extensions>
          <gpxdata:distance>4276.99</gpxdata:distance>
          <gpxdata:speed>0.819</gpxdata:speed>
        </extensions>
      </trkpt>
      <trkpt lat="46.8207609" lon="10.2443321">
        <ele>2792.1</ele>
        <time>2026-09-15T11:53:20Z</time>
        <extensions>
          <gpxdata:distance>4283.06</gpxdata:distance>
          <gpxdata:speed>0.790</gpxdata:speed>
        </extensions>
      </trkpt>
      <trkpt lat="46.8207889" lon="10.2443081">
        <ele>2791.7</ele>
        <time>2026-09-15T11:53:24Z</time>
        <extensions>
          <gpxdata:distance>4286.66</gpxdata:distance>
          <gpxdata:speed>0.818</gpxdata:speed>
        </extensions>
      </trkpt>
      <trkpt lat="46.8207889" lon="10.2443081">
        <ele>2791.7</ele>
        <time>2026-09-15T11:53:24Z</time>
        <extensions>
          <gpxdata:distance>4286.66</gpxdata:distance>
          <gpxdata:speed>0.000</gpxdata:speed>
        </extensions>
      </trkpt>
      <trkpt lat="46.8208799" lon="10.2442731">
        <ele>2790.7</ele>
        <time>2026-09-15T11:53:35Z</time>
        <extensions>
          <gpxdata:distance>4297.13</gpxdata:distance>
          <gpxdata:speed>0.932</gpxdata:speed>
        </extensions>
      </trkpt>
      <trkpt lat="46.8209259" lon="10.2442361">
        <ele>2790.2</ele>
        <time>2026-09-15T11:53:41Z</time>
        <extensions>
          <gpxdata:distance>4302.97</gpxdata:distance>
          <gpxdata:speed>0.997</gpxdata:speed>
        </extensions>
      </trkpt>
      <trkpt lat="46.8209709" lon="10.2442251">
        <ele>2789.8</ele>
        <time>2026-09-15T11:53:46Z</time>
        <extensions>
          <gpxdata:distance>4308.04</gpxdata:distance>
          <gpxdata:speed>0.988</gpxdata:speed>
        </extensions>
      </trkpt>
      <trkpt lat="46.8209979" lon="10.2442271">
        <ele>2789.4</ele>
        <time>2026-09-15T11:53:49Z</time>
        <extensions>
          <gpxdata:distance>4311.05</gpxdata:distance>
          <gpxdata:speed>0.973</gpxdata:speed>
        </extensions>
      </trkpt>
      <trkpt lat="46.8210249" lon="10.2442281">
        <ele>2789.1</ele>
        <time>2026-09-15T11:53:53Z</time>
        <extensions>
          <gpxdata:distance>4314.05</gpxdata:distance>
          <gpxdata:speed>0.956</gpxdata:speed>
        </extensions>
      </trkpt>
      <trkpt lat="46.8210519" lon="10.2442291">
        <ele>2788.5</ele>
        <time>2026-09-15T11:53:56Z</time>
        <extensions>
          <gpxdata:distance>4317.05</gpxdata:distance>
          <gpxdata:speed>0.932</gpxdata:speed>
        </extensions>
      </trkpt>
      <trkpt lat="46.8210879" lon="10.2442181">
        <ele>2787.7</ele>
        <time>2026-09-15T11:54:00Z</time>
        <extensions>
          <gpxdata:distance>4321.14</gpxdata:distance>
          <gpxdata:speed>0.909</gpxdata:speed>
        </extensions>
      </trkpt>
      <trkpt lat="46.8211059" lon="10.2442061">
        <ele>2787.4</ele>
        <time>2026-09-15T11:54:03Z</time>
        <extensions>
          <gpxdata:distance>4323.34</gpxdata:distance>
          <gpxdata:speed>0.910</gpxdata:speed>
        </extensions>
      </trkpt>
      <trkpt lat="46.8211239" lon="10.2442201">
        <ele>2787.0</ele>
        <time>2026-09-15T11:54:05Z</time>
        <extensions>
          <gpxdata:distance>4325.61</gpxdata:distance>
          <gpxdata:speed>0.913</gpxdata:speed>
        </extensions>
      </trkpt>
      <trkpt lat="46.8211239" lon="10.2442201">
        <ele>2786.2</ele>
        <time>2026-09-15T11:54:05Z</time>
        <extensions>
          <gpxdata:distance>4325.61</gpxdata:distance>
          <gpxdata:speed>0.000</gpxdata:speed>
        </extensions>
      </trkpt>
      <trkpt lat="46.8211329" lon="10.2442211">
        <ele>2785.5</ele>
        <time>2026-09-15T11:54:06Z</time>
        <extensions>
          <gpxdata:distance>4326.61</gpxdata:distance>
          <gpxdata:speed>0.874</gpxdata:speed>
        </extensions>
      </trkpt>
      <trkpt lat="46.8211429" lon="10.2441821">
        <ele>2784.9</ele>
        <time>2026-09-15T11:54:10Z</time>
        <extensions>
          <gpxdata:distance>4329.78</gpxdata:distance>
          <gpxdata:speed>0.872</gpxdata:speed>
        </extensions>
      </trkpt>
      <trkpt lat="46.8211519" lon="10.2441821">
        <ele>2784.4</ele>
        <time>2026-09-15T11:54:11Z</time>
        <extensions>
          <gpxdata:distance>4330.78</gpxdata:distance>
          <gpxdata:speed>0.872</gpxdata:speed>
        </extensions>
      </trkpt>
      <trkpt lat="46.8211609" lon="10.2441961">
        <ele>2783.7</ele>
        <time>2026-09-15T11:54:13Z</time>
        <extensions>
          <gpxdata:distance>4332.24</gpxdata:distance>
          <gpxdata:speed>0.872</gpxdata:speed>
        </extensions>
      </trkpt>
      <trkpt lat="46.8211609" lon="10.2441961">
        <ele>2782.6</ele>
        <time>2026-09-15T11:54:13Z</time>
        <extensions>
          <gpxdata:distance>4332.24</gpxdata:distance>
          <gpxdata:speed>0.000</gpxdata:speed>
        </extensions>
      </trkpt>
      <trkpt lat="46.8211689" lon="10.2442221">
        <ele>2782.1</ele>
        <time>2026-09-15T11:54:15Z</time>
        <extensions>
          <gpxdata:distance>4334.41</gpxdata:distance>
          <gpxdata:speed>0.872</gpxdata:speed>
        </extensions>
      </trkpt>
      <trkpt lat="46.8211869" lon="10.2442231">
        <ele>2781.2</ele>
        <time>2026-09-15T11:54:18Z</time>
        <extensions>
          <gpxdata:distance>4336.42</gpxdata:distance>
          <gpxdata:speed>0.872</gpxdata:speed>
        </extensions>
      </trkpt>
      <trkpt lat="46.8212049" lon="10.2442111">
        <ele>2780.1</ele>
        <time>2026-09-15T11:54:20Z</time>
        <extensions>
          <gpxdata:distance>4338.62</gpxdata:distance>
          <gpxdata:speed>0.872</gpxdata:speed>
        </extensions>
      </trkpt>
      <trkpt lat="46.8212139" lon="10.2442121">
        <ele>2779.7</ele>
        <time>2026-09-15T11:54:21Z</time>
        <extensions>
          <gpxdata:distance>4339.62</gpxdata:distance>
          <gpxdata:speed>0.872</gpxdata:speed>
        </extensions>
      </trkpt>
      <trkpt lat="46.8212239" lon="10.2441861">
        <ele>2778.9</ele>
        <time>2026-09-15T11:54:24Z</time>
        <extensions>
          <gpxdata:distance>4341.89</gpxdata:distance>
          <gpxdata:speed>0.872</gpxdata:speed>
        </extensions>
      </trkpt>
      <trkpt lat="46.8212329" lon="10.2441861">
        <ele>2778.4</ele>
        <time>2026-09-15T11:54:25Z</time>
        <extensions>
          <gpxdata:distance>4342.89</gpxdata:distance>
          <gpxdata:speed>0.872</gpxdata:speed>
        </extensions>
      </trkpt>
      <trkpt lat="46.8212419" lon="10.2442001">
        <ele>2777.6</ele>
        <time>2026-09-15T11:54:27Z</time>
        <extensions>
          <gpxdata:distance>4344.35</gpxdata:distance>
          <gpxdata:speed>0.872</gpxdata:speed>
        </extensions>
      </trkpt>
      <trkpt lat="46.8212589" lon="10.2442141">
        <ele>2776.4</ele>
        <time>2026-09-15T11:54:29Z</time>
        <extensions>
          <gpxdata:distance>4346.52</gpxdata:distance>
          <gpxdata:speed>0.872</gpxdata:speed>
        </extensions>
      </trkpt>
      <trkpt lat="46.8212679" lon="10.2442281">
        <ele>2775.9</ele>
        <time>2026-09-15T11:54:31Z</time>
        <extensions>
          <gpxdata:distance>4347.98</gpxdata:distance>
          <gpxdata:speed>0.872</gpxdata:speed>
        </extensions>
      </trkpt>
      <trkpt lat="46.8212769" lon="10.2442151">
        <ele>2775.6</ele>
        <time>2026-09-15T11:54:32Z</time>
        <extensions>
          <gpxdata:distance>4349.39</gpxdata:distance>
          <gpxdata:speed>0.872</gpxdata:speed>
        </extensions>
      </trkpt>
      <trkpt lat="46.8212869" lon="10.2441891">
        <ele>2775.0</ele>
        <time>2026-09-15T11:54:35Z</time>
        <extensions>
          <gpxdata:distance>4351.66</gpxdata:distance>
          <gpxdata:speed>0.872</gpxdata:speed>
        </extensions>
      </trkpt>
      <trkpt lat="46.8213059" lon="10.2441381">
        <ele>2773.9</ele>
        <time>2026-09-15T11:54:40Z</time>
        <extensions>
          <gpxdata:distance>4356.08</gpxdata:distance>
          <gpxdata:speed>0.872</gpxdata:speed>
        </extensions>
      </trkpt>
      <trkpt lat="46.8213159" lon="10.2441251">
        <ele>2773.3</ele>
        <time>2026-09-15T11:54:42Z</time>
        <extensions>
          <gpxdata:distance>4357.57</gpxdata:distance>
          <gpxdata:speed>0.872</gpxdata:speed>
        </extensions>
      </trkpt>
      <trkpt lat="46.8213239" lon="10.2441391">
        <ele>2773.0</ele>
        <time>2026-09-15T11:54:43Z</time>
        <extensions>
          <gpxdata:distance>4358.95</gpxdata:distance>
          <gpxdata:speed>0.872</gpxdata:speed>
        </extensions>
      </trkpt>
      <trkpt lat="46.8213409" lon="10.2441791">
        <ele>2772.7</ele>
        <time>2026-09-15T11:54:48Z</time>
        <extensions>
          <gpxdata:distance>4362.54</gpxdata:distance>
          <gpxdata:speed>0.872</gpxdata:speed>
        </extensions>
      </trkpt>
      <trkpt lat="46.8213589" lon="10.2441931">
        <ele>2772.4</ele>
        <time>2026-09-15T11:54:50Z</time>
        <extensions>
          <gpxdata:distance>4364.80</gpxdata:distance>
          <gpxdata:speed>0.872</gpxdata:speed>
        </extensions>
      </trkpt>
      <trkpt lat="46.8213769" lon="10.2441941">
        <ele>2772.0</ele>
        <time>2026-09-15T11:54:52Z</time>
        <extensions>
          <gpxdata:distance>4366.81</gpxdata:distance>
          <gpxdata:speed>0.872</gpxdata:speed>
        </extensions>
      </trkpt>
      <trkpt lat="46.8214039" lon="10.2441691">
        <ele>2771.5</ele>
        <time>2026-09-15T11:54:57Z</time>
        <extensions>
          <gpxdata:distance>4370.36</gpxdata:distance>
          <gpxdata:speed>0.876</gpxdata:speed>
        </extensions>
      </trkpt>
      <trkpt lat="46.8214319" lon="10.2441571">
        <ele>2770.7</ele>
        <time>2026-09-15T11:55:00Z</time>
        <extensions>
          <gpxdata:distance>4373.61</gpxdata:distance>
          <gpxdata:speed>0.872</gpxdata:speed>
        </extensions>
      </trkpt>
      <trkpt lat="46.8214589" lon="10.2441591">
        <ele>2769.6</ele>
        <time>2026-09-15T11:55:04Z</time>
        <extensions>
          <gpxdata:distance>4376.61</gpxdata:distance>
          <gpxdata:speed>0.872</gpxdata:speed>
        </extensions>
      </trkpt>
      <trkpt lat="46.8214949" lon="10.2441611">
        <ele>2768.5</ele>
        <time>2026-09-15T11:55:08Z</time>
        <extensions>
          <gpxdata:distance>4380.62</gpxdata:distance>
          <gpxdata:speed>0.872</gpxdata:speed>
        </extensions>
      </trkpt>
      <trkpt lat="46.8215299" lon="10.2442021">
        <ele>2767.4</ele>
        <time>2026-09-15T11:55:14Z</time>
        <extensions>
          <gpxdata:distance>4385.61</gpxdata:distance>
          <gpxdata:speed>0.872</gpxdata:speed>
        </extensions>
      </trkpt>
      <trkpt lat="46.8215479" lon="10.2442031">
        <ele>2766.9</ele>
        <time>2026-09-15T11:55:16Z</time>
        <extensions>
          <gpxdata:distance>4387.61</gpxdata:distance>
          <gpxdata:speed>0.872</gpxdata:speed>
        </extensions>
      </trkpt>
      <trkpt lat="46.8215569" lon="10.2441901">
        <ele>2766.6</ele>
        <time>2026-09-15T11:55:18Z</time>
        <extensions>
          <gpxdata:distance>4389.02</gpxdata:distance>
          <gpxdata:speed>0.872</gpxdata:speed>
        </extensions>
      </trkpt>
      <trkpt lat="46.8215669" lon="10.2441641">
        <ele>2766.0</ele>
        <time>2026-09-15T11:55:21Z</time>
        <extensions>
          <gpxdata:distance>4391.29</gpxdata:distance>
          <gpxdata:speed>0.872</gpxdata:speed>
        </extensions>
      </trkpt>
      <trkpt lat="46.8215859" lon="10.2441261">
        <ele>2764.8</ele>
        <time>2026-09-15T11:55:25Z</time>
        <extensions>
          <gpxdata:distance>4394.87</gpxdata:distance>
          <gpxdata:speed>0.872</gpxdata:speed>
        </extensions>
      </trkpt>
      <trkpt lat="46.8216039" lon="10.2441141">
        <ele>2764.1</ele>
        <time>2026-09-15T11:55:27Z</time>
        <extensions>
          <gpxdata:distance>4397.07</gpxdata:distance>
          <gpxdata:speed>0.872</gpxdata:speed>
        </extensions>
      </trkpt>
      <trkpt lat="46.8216209" lon="10.2441281">
        <ele>2763.8</ele>
        <time>2026-09-15T11:55:30Z</time>
        <extensions>
          <gpxdata:distance>4399.24</gpxdata:distance>
          <gpxdata:speed>0.872</gpxdata:speed>
        </extensions>
      </trkpt>
      <trkpt lat="46.8216639" lon="10.2442091">
        <ele>2762.4</ele>
        <time>2026-09-15T11:55:39Z</time>
        <extensions>
          <gpxdata:distance>4407.04</gpxdata:distance>
          <gpxdata:speed>0.872</gpxdata:speed>
        </extensions>
      </trkpt>
      <trkpt lat="46.8216819" lon="10.2442491">
        <ele>2762.1</ele>
        <time>2026-09-15T11:55:43Z</time>
        <extensions>
          <gpxdata:distance>4410.68</gpxdata:distance>
          <gpxdata:speed>0.872</gpxdata:speed>
        </extensions>
      </trkpt>
      <trkpt lat="46.8216809" lon="10.2442881">
        <ele>2762.2</ele>
        <time>2026-09-15T11:55:46Z</time>
        <extensions>
          <gpxdata:distance>4413.65</gpxdata:distance>
          <gpxdata:speed>0.892</gpxdata:speed>
        </extensions>
      </trkpt>
      <trkpt lat="46.8216709" lon="10.2443271">
        <ele>2762.7</ele>
        <time>2026-09-15T11:55:49Z</time>
        <extensions>
          <gpxdata:distance>4416.82</gpxdata:distance>
          <gpxdata:speed>0.934</gpxdata:speed>
        </extensions>
      </trkpt>
      <trkpt lat="46.8216789" lon="10.2443541">
        <ele>2762.6</ele>
        <time>2026-09-15T11:55:52Z</time>
        <extensions>
          <gpxdata:distance>4419.06</gpxdata:distance>
          <gpxdata:speed>0.925</gpxdata:speed>
        </extensions>
      </trkpt>
      <trkpt lat="46.8216969" lon="10.2443681">
        <ele>2762.0</ele>
        <time>2026-09-15T11:55:54Z</time>
        <extensions>
          <gpxdata:distance>4421.32</gpxdata:distance>
          <gpxdata:speed>0.925</gpxdata:speed>
        </extensions>
      </trkpt>
      <trkpt lat="46.8217149" lon="10.2443431">
        <ele>2761.4</ele>
        <time>2026-09-15T11:55:57Z</time>
        <extensions>
          <gpxdata:distance>4424.08</gpxdata:distance>
          <gpxdata:speed>0.909</gpxdata:speed>
        </extensions>
      </trkpt>
      <trkpt lat="46.8217249" lon="10.2443301">
        <ele>2760.9</ele>
        <time>2026-09-15T11:55:59Z</time>
        <extensions>
          <gpxdata:distance>4425.57</gpxdata:distance>
          <gpxdata:speed>0.906</gpxdata:speed>
        </extensions>
      </trkpt>
      <trkpt lat="46.8217349" lon="10.2442781">
        <ele>2760.4</ele>
        <time>2026-09-15T11:56:04Z</time>
        <extensions>
          <gpxdata:distance>4429.68</gpxdata:distance>
          <gpxdata:speed>0.905</gpxdata:speed>
        </extensions>
      </trkpt>
      <trkpt lat="46.8217349" lon="10.2442521">
        <ele>2760.0</ele>
        <time>2026-09-15T11:56:06Z</time>
        <extensions>
          <gpxdata:distance>4431.66</gpxdata:distance>
          <gpxdata:speed>0.897</gpxdata:speed>
        </extensions>
      </trkpt>
      <trkpt lat="46.8217459" lon="10.2441741">
        <ele>2759.2</ele>
        <time>2026-09-15T11:56:12Z</time>
        <extensions>
          <gpxdata:distance>4437.72</gpxdata:distance>
          <gpxdata:speed>0.901</gpxdata:speed>
        </extensions>
      </trkpt>
      <trkpt lat="46.8217469" lon="10.2441351">
        <ele>2759.1</ele>
        <time>2026-09-15T11:56:16Z</time>
        <extensions>
          <gpxdata:distance>4440.69</gpxdata:distance>
          <gpxdata:speed>0.908</gpxdata:speed>
        </extensions>
      </trkpt>
      <trkpt lat="46.8217659" lon="10.2440961">
        <ele>2758.3</ele>
        <time>2026-09-15T11:56:20Z</time>
        <extensions>
          <gpxdata:distance>4444.33</gpxdata:distance>
          <gpxdata:speed>0.927</gpxdata:speed>
        </extensions>
      </trkpt>
      <trkpt lat="46.8217669" lon="10.2440571">
        <ele>2757.9</ele>
        <time>2026-09-15T11:56:23Z</time>
        <extensions>
          <gpxdata:distance>4447.30</gpxdata:distance>
          <gpxdata:speed>0.918</gpxdata:speed>
        </extensions>
      </trkpt>
      <trkpt lat="46.8217779" lon="10.2440051">
        <ele>2757.0</ele>
        <time>2026-09-15T11:56:27Z</time>
        <extensions>
          <gpxdata:distance>4451.44</gpxdata:distance>
          <gpxdata:speed>0.918</gpxdata:speed>
        </extensions>
      </trkpt>
      <trkpt lat="46.8217789" lon="10.2439531">
        <ele>2756.4</ele>
        <time>2026-09-15T11:56:32Z</time>
        <extensions>
          <gpxdata:distance>4455.40</gpxdata:distance>
          <gpxdata:speed>0.927</gpxdata:speed>
        </extensions>
      </trkpt>
      <trkpt lat="46.8217709" lon="10.2439001">
        <ele>2756.0</ele>
        <time>2026-09-15T11:56:36Z</time>
        <extensions>
          <gpxdata:distance>4459.53</gpxdata:distance>
          <gpxdata:speed>0.935</gpxdata:speed>
        </extensions>
      </trkpt>
      <trkpt lat="46.8217719" lon="10.2438741">
        <ele>2755.6</ele>
        <time>2026-09-15T11:56:38Z</time>
        <extensions>
          <gpxdata:distance>4461.51</gpxdata:distance>
          <gpxdata:speed>0.939</gpxdata:speed>
        </extensions>
      </trkpt>
      <trkpt lat="46.8217899" lon="10.2438611">
        <ele>2755.1</ele>
        <time>2026-09-15T11:56:41Z</time>
        <extensions>
          <gpxdata:distance>4463.74</gpxdata:distance>
          <gpxdata:speed>0.936</gpxdata:speed>
        </extensions>
      </trkpt>
      <trkpt lat="46.8218079" lon="10.2438621">
        <ele>2754.7</ele>
        <time>2026-09-15T11:56:43Z</time>
        <extensions>
          <gpxdata:distance>4465.75</gpxdata:distance>
          <gpxdata:speed>0.926</gpxdata:speed>
        </extensions>
      </trkpt>
      <trkpt lat="46.8218349" lon="10.2438771">
        <ele>2754.0</ele>
        <time>2026-09-15T11:56:46Z</time>
        <extensions>
          <gpxdata:distance>4468.96</gpxdata:distance>
          <gpxdata:speed>0.899</gpxdata:speed>
        </extensions>
      </trkpt>
      <trkpt lat="46.8218519" lon="10.2438911">
        <ele>2753.6</ele>
        <time>2026-09-15T11:56:49Z</time>
        <extensions>
          <gpxdata:distance>4471.13</gpxdata:distance>
          <gpxdata:speed>0.905</gpxdata:speed>
        </extensions>
      </trkpt>
      <trkpt lat="46.8218699" lon="10.2439181">
        <ele>2753.0</ele>
        <time>2026-09-15T11:56:52Z</time>
        <extensions>
          <gpxdata:distance>4474.00</gpxdata:distance>
          <gpxdata:speed>0.894</gpxdata:speed>
        </extensions>
      </trkpt>
      <trkpt lat="46.8218869" lon="10.2439581">
        <ele>2752.7</ele>
        <time>2026-09-15T11:56:56Z</time>
        <extensions>
          <gpxdata:distance>4477.58</gpxdata:distance>
          <gpxdata:speed>0.920</gpxdata:speed>
        </extensions>
      </trkpt>
      <trkpt lat="46.8219039" lon="10.2439721">
        <ele>2752.4</ele>
        <time>2026-09-15T11:56:58Z</time>
        <extensions>
          <gpxdata:distance>4479.75</gpxdata:distance>
          <gpxdata:speed>0.921</gpxdata:speed>
        </extensions>
      </trkpt>
      <trkpt lat="46.8219129" lon="10.2439731">
        <ele>2752.0</ele>
        <time>2026-09-15T11:56:59Z</time>
        <extensions>
          <gpxdata:distance>4480.75</gpxdata:distance>
          <gpxdata:speed>0.888</gpxdata:speed>
        </extensions>
      </trkpt>
      <trkpt lat="46.8219229" lon="10.2439601">
        <ele>2751.8</ele>
        <time>2026-09-15T11:57:01Z</time>
        <extensions>
          <gpxdata:distance>4482.24</gpxdata:distance>
          <gpxdata:speed>0.895</gpxdata:speed>
        </extensions>
      </trkpt>
      <trkpt lat="46.8219159" lon="10.2438681">
        <ele>2751.0</ele>
        <time>2026-09-15T11:57:09Z</time>
        <extensions>
          <gpxdata:distance>4489.29</gpxdata:distance>
          <gpxdata:speed>0.926</gpxdata:speed>
        </extensions>
      </trkpt>
      <trkpt lat="46.8219259" lon="10.2438291">
        <ele>2750.3</ele>
        <time>2026-09-15T11:57:12Z</time>
        <extensions>
          <gpxdata:distance>4492.45</gpxdata:distance>
          <gpxdata:speed>0.920</gpxdata:speed>
        </extensions>
      </trkpt>
      <trkpt lat="46.8219449" lon="10.2437781">
        <ele>2748.9</ele>
        <time>2026-09-15T11:57:17Z</time>
        <extensions>
          <gpxdata:distance>4496.87</gpxdata:distance>
          <gpxdata:speed>0.895</gpxdata:speed>
        </extensions>
      </trkpt>
      <trkpt lat="46.8219639" lon="10.2437521">
        <ele>2748.1</ele>
        <time>2026-09-15T11:57:20Z</time>
        <extensions>
          <gpxdata:distance>4499.77</gpxdata:distance>
          <gpxdata:speed>0.883</gpxdata:speed>
        </extensions>
      </trkpt>
      <trkpt lat="46.8219729" lon="10.2437531">
        <ele>2747.8</ele>
        <time>2026-09-15T11:57:21Z</time>
        <extensions>
          <gpxdata:distance>4500.77</gpxdata:distance>
          <gpxdata:speed>0.880</gpxdata:speed>
        </extensions>
      </trkpt>
      <trkpt lat="46.8219809" lon="10.2437661">
        <ele>2747.5</ele>
        <time>2026-09-15T11:57:23Z</time>
        <extensions>
          <gpxdata:distance>4502.10</gpxdata:distance>
          <gpxdata:speed>0.872</gpxdata:speed>
        </extensions>
      </trkpt>
      <trkpt lat="46.8220159" lon="10.2438081">
        <ele>2747.1</ele>
        <time>2026-09-15T11:57:29Z</time>
        <extensions>
          <gpxdata:distance>4507.14</gpxdata:distance>
          <gpxdata:speed>0.881</gpxdata:speed>
        </extensions>
      </trkpt>
      <trkpt lat="46.8220249" lon="10.2438081">
        <ele>2746.6</ele>
        <time>2026-09-15T11:57:30Z</time>
        <extensions>
          <gpxdata:distance>4508.14</gpxdata:distance>
          <gpxdata:speed>0.876</gpxdata:speed>
        </extensions>
      </trkpt>
      <trkpt lat="46.8220429" lon="10.2438091">
        <ele>2746.3</ele>
        <time>2026-09-15T11:57:32Z</time>
        <extensions>
          <gpxdata:distance>4510.14</gpxdata:distance>
          <gpxdata:speed>0.876</gpxdata:speed>
        </extensions>
      </trkpt>
      <trkpt lat="46.8220439" lon="10.2437701">
        <ele>2746.0</ele>
        <time>2026-09-15T11:57:35Z</time>
        <extensions>
          <gpxdata:distance>4513.11</gpxdata:distance>
          <gpxdata:speed>0.872</gpxdata:speed>
        </extensions>
      </trkpt>
      <trkpt lat="46.8220539" lon="10.2437441">
        <ele>2745.1</ele>
        <time>2026-09-15T11:57:38Z</time>
        <extensions>
          <gpxdata:distance>4515.38</gpxdata:distance>
          <gpxdata:speed>0.872</gpxdata:speed>
        </extensions>
      </trkpt>
      <trkpt lat="46.8220649" lon="10.2436531">
        <ele>2743.4</ele>
        <time>2026-09-15T11:57:46Z</time>
        <extensions>
          <gpxdata:distance>4522.41</gpxdata:distance>
          <gpxdata:speed>0.872</gpxdata:speed>
        </extensions>
      </trkpt>
      <trkpt lat="46.8220829" lon="10.2436541">
        <ele>2742.9</ele>
        <time>2026-09-15T11:57:48Z</time>
        <extensions>
          <gpxdata:distance>4524.41</gpxdata:distance>
          <gpxdata:speed>0.872</gpxdata:speed>
        </extensions>
      </trkpt>
      <trkpt lat="46.8220919" lon="10.2436671">
        <ele>2742.6</ele>
        <time>2026-09-15T11:57:50Z</time>
        <extensions>
          <gpxdata:distance>4525.82</gpxdata:distance>
          <gpxdata:speed>0.872</gpxdata:speed>
        </extensions>
      </trkpt>
      <trkpt lat="46.8221009" lon="10.2436811">
        <ele>2742.9</ele>
        <time>2026-09-15T11:57:52Z</time>
        <extensions>
          <gpxdata:distance>4527.28</gpxdata:distance>
          <gpxdata:speed>0.895</gpxdata:speed>
        </extensions>
      </trkpt>
      <trkpt lat="46.8221089" lon="10.2436941">
        <ele>2742.6</ele>
        <time>2026-09-15T11:57:53Z</time>
        <extensions>
          <gpxdata:distance>4528.61</gpxdata:distance>
          <gpxdata:speed>0.872</gpxdata:speed>
        </extensions>
      </trkpt>
      <trkpt lat="46.8221179" lon="10.2436821">
        <ele>2742.1</ele>
        <time>2026-09-15T11:57:55Z</time>
        <extensions>
          <gpxdata:distance>4529.97</gpxdata:distance>
          <gpxdata:speed>0.872</gpxdata:speed>
        </extensions>
      </trkpt>
      <trkpt lat="46.8221299" lon="10.2435911">
        <ele>2740.2</ele>
        <time>2026-09-15T11:58:03Z</time>
        <extensions>
          <gpxdata:distance>4537.02</gpxdata:distance>
          <gpxdata:speed>0.872</gpxdata:speed>
        </extensions>
      </trkpt>
      <trkpt lat="46.8221569" lon="10.2435791">
        <ele>2739.3</ele>
        <time>2026-09-15T11:58:06Z</time>
        <extensions>
          <gpxdata:distance>4540.16</gpxdata:distance>
          <gpxdata:speed>0.872</gpxdata:speed>
        </extensions>
      </trkpt>
      <trkpt lat="46.8221659" lon="10.2435791">
        <ele>2738.8</ele>
        <time>2026-09-15T11:58:08Z</time>
        <extensions>
          <gpxdata:distance>4541.16</gpxdata:distance>
          <gpxdata:speed>0.872</gpxdata:speed>
        </extensions>
      </trkpt>
      <trkpt lat="46.8221739" lon="10.2436061">
        <ele>2738.7</ele>
        <time>2026-09-15T11:58:10Z</time>
        <extensions>
          <gpxdata:distance>4543.40</gpxdata:distance>
          <gpxdata:speed>0.872</gpxdata:speed>
        </extensions>
      </trkpt>
      <trkpt lat="46.8221919" lon="10.2436201">
        <ele>2738.4</ele>
        <time>2026-09-15T11:58:13Z</time>
        <extensions>
          <gpxdata:distance>4545.66</gpxdata:distance>
          <gpxdata:speed>0.872</gpxdata:speed>
        </extensions>
      </trkpt>
      <trkpt lat="46.8222099" lon="10.2436211">
        <ele>2737.7</ele>
        <time>2026-09-15T11:58:15Z</time>
        <extensions>
          <gpxdata:distance>4547.67</gpxdata:distance>
          <gpxdata:speed>0.872</gpxdata:speed>
        </extensions>
      </trkpt>
      <trkpt lat="46.8222199" lon="10.2435951">
        <ele>2737.0</ele>
        <time>2026-09-15T11:58:18Z</time>
        <extensions>
          <gpxdata:distance>4549.93</gpxdata:distance>
          <gpxdata:speed>0.872</gpxdata:speed>
        </extensions>
      </trkpt>
      <trkpt lat="46.8222289" lon="10.2435701">
        <ele>2736.6</ele>
        <time>2026-09-15T11:58:20Z</time>
        <extensions>
          <gpxdata:distance>4552.08</gpxdata:distance>
          <gpxdata:speed>0.872</gpxdata:speed>
        </extensions>
      </trkpt>
      <trkpt lat="46.8222299" lon="10.2435301">
        <ele>2735.9</ele>
        <time>2026-09-15T11:58:24Z</time>
        <extensions>
          <gpxdata:distance>4555.13</gpxdata:distance>
          <gpxdata:speed>0.872</gpxdata:speed>
        </extensions>
      </trkpt>
      <trkpt lat="46.8222229" lon="10.2434641">
        <ele>2735.9</ele>
        <time>2026-09-15T11:58:29Z</time>
        <extensions>
          <gpxdata:distance>4560.21</gpxdata:distance>
          <gpxdata:speed>0.892</gpxdata:speed>
        </extensions>
      </trkpt>
      <trkpt lat="46.8222319" lon="10.2434521">
        <ele>2735.3</ele>
        <time>2026-09-15T11:58:31Z</time>
        <extensions>
          <gpxdata:distance>4561.57</gpxdata:distance>
          <gpxdata:speed>0.890</gpxdata:speed>
        </extensions>
      </trkpt>
      <trkpt lat="46.8222499" lon="10.2434531">
        <ele>2734.8</ele>
        <time>2026-09-15T11:58:33Z</time>
        <extensions>
          <gpxdata:distance>4563.57</gpxdata:distance>
          <gpxdata:speed>0.901</gpxdata:speed>
        </extensions>
      </trkpt>
      <trkpt lat="46.8222669" lon="10.2434801">
        <ele>2734.1</ele>
        <time>2026-09-15T11:58:36Z</time>
        <extensions>
          <gpxdata:distance>4566.36</gpxdata:distance>
          <gpxdata:speed>0.872</gpxdata:speed>
        </extensions>
      </trkpt>
      <trkpt lat="46.8222849" lon="10.2435071">
        <ele>2734.0</ele>
        <time>2026-09-15T11:58:40Z</time>
        <extensions>
          <gpxdata:distance>4569.23</gpxdata:distance>
          <gpxdata:speed>0.890</gpxdata:speed>
        </extensions>
      </trkpt>
      <trkpt lat="46.8222929" lon="10.2435341">
        <ele>2733.6</ele>
        <time>2026-09-15T11:58:42Z</time>
        <extensions>
          <gpxdata:distance>4571.47</gpxdata:distance>
          <gpxdata:speed>0.910</gpxdata:speed>
        </extensions>
      </trkpt>
      <trkpt lat="46.8223109" lon="10.2435211">
        <ele>2733.0</ele>
        <time>2026-09-15T11:58:44Z</time>
        <extensions>
          <gpxdata:distance>4573.70</gpxdata:distance>
          <gpxdata:speed>0.915</gpxdata:speed>
        </extensions>
      </trkpt>
      <trkpt lat="46.8223299" lon="10.2435091">
        <ele>2732.4</ele>
        <time>2026-09-15T11:58:47Z</time>
        <extensions>
          <gpxdata:distance>4576.00</gpxdata:distance>
          <gpxdata:speed>0.905</gpxdata:speed>
        </extensions>
      </trkpt>
      <trkpt lat="46.8223309" lon="10.2434441">
        <ele>2731.4</ele>
        <time>2026-09-15T11:58:52Z</time>
        <extensions>
          <gpxdata:distance>4580.95</gpxdata:distance>
          <gpxdata:speed>0.907</gpxdata:speed>
        </extensions>
      </trkpt>
      <trkpt lat="46.8223409" lon="10.2434311">
        <ele>2730.8</ele>
        <time>2026-09-15T11:58:54Z</time>
        <extensions>
          <gpxdata:distance>4582.44</gpxdata:distance>
          <gpxdata:speed>0.872</gpxdata:speed>
        </extensions>
      </trkpt>
      <trkpt lat="46.8223589" lon="10.2434321">
        <ele>2730.2</ele>
        <time>2026-09-15T11:58:56Z</time>
        <extensions>
          <gpxdata:distance>4584.44</gpxdata:distance>
          <gpxdata:speed>0.872</gpxdata:speed>
        </extensions>
      </trkpt>
      <trkpt lat="46.8224039" lon="10.2434341">
        <ele>2728.7</ele>
        <time>2026-09-15T11:59:02Z</time>
        <extensions>
          <gpxdata:distance>4589.45</gpxdata:distance>
          <gpxdata:speed>0.872</gpxdata:speed>
        </extensions>
      </trkpt>
      <trkpt lat="46.8224569" lon="10.2434631">
        <ele>2727.0</ele>
        <time>2026-09-15T11:59:09Z</time>
        <extensions>
          <gpxdata:distance>4595.74</gpxdata:distance>
          <gpxdata:speed>0.872</gpxdata:speed>
        </extensions>
      </trkpt>
      <trkpt lat="46.8225019" lon="10.2434791">
        <ele>2725.8</ele>
        <time>2026-09-15T11:59:15Z</time>
        <extensions>
          <gpxdata:distance>4600.89</gpxdata:distance>
          <gpxdata:speed>0.872</gpxdata:speed>
        </extensions>
      </trkpt>
      <trkpt lat="46.8225379" lon="10.2434681">
        <ele>2724.2</ele>
        <time>2026-09-15T11:59:20Z</time>
        <extensions>
          <gpxdata:distance>4604.98</gpxdata:distance>
          <gpxdata:speed>0.872</gpxdata:speed>
        </extensions>
      </trkpt>
      <trkpt lat="46.8225469" lon="10.2434551">
        <ele>2723.7</ele>
        <time>2026-09-15T11:59:22Z</time>
        <extensions>
          <gpxdata:distance>4606.39</gpxdata:distance>
          <gpxdata:speed>0.872</gpxdata:speed>
        </extensions>
      </trkpt>
      <trkpt lat="46.8225559" lon="10.2434421">
        <ele>2723.3</ele>
        <time>2026-09-15T11:59:23Z</time>
        <extensions>
          <gpxdata:distance>4607.79</gpxdata:distance>
          <gpxdata:speed>0.872</gpxdata:speed>
        </extensions>
      </trkpt>
      <trkpt lat="46.8225659" lon="10.2434301">
        <ele>2723.0</ele>
        <time>2026-09-15T11:59:25Z</time>
        <extensions>
          <gpxdata:distance>4609.23</gpxdata:distance>
          <gpxdata:speed>0.872</gpxdata:speed>
        </extensions>
      </trkpt>
      <trkpt lat="46.8225749" lon="10.2434301">
        <ele>2722.6</ele>
        <time>2026-09-15T11:59:26Z</time>
        <extensions>
          <gpxdata:distance>4610.23</gpxdata:distance>
          <gpxdata:speed>0.872</gpxdata:speed>
        </extensions>
      </trkpt>
      <trkpt lat="46.8226099" lon="10.2434451">
        <ele>2721.6</ele>
        <time>2026-09-15T11:59:31Z</time>
        <extensions>
          <gpxdata:distance>4614.29</gpxdata:distance>
          <gpxdata:speed>0.872</gpxdata:speed>
        </extensions>
      </trkpt>
      <trkpt lat="46.8226289" lon="10.2434331">
        <ele>2721.1</ele>
        <time>2026-09-15T11:59:33Z</time>
        <extensions>
          <gpxdata:distance>4616.59</gpxdata:distance>
          <gpxdata:speed>0.872</gpxdata:speed>
        </extensions>
      </trkpt>
      <trkpt lat="46.8226479" lon="10.2433691">
        <ele>2719.3</ele>
        <time>2026-09-15T11:59:39Z</time>
        <extensions>
          <gpxdata:distance>4621.90</gpxdata:distance>
          <gpxdata:speed>0.872</gpxdata:speed>
        </extensions>
      </trkpt>
      <trkpt lat="46.8226579" lon="10.2433431">
        <ele>2718.4</ele>
        <time>2026-09-15T11:59:42Z</time>
        <extensions>
          <gpxdata:distance>4624.17</gpxdata:distance>
          <gpxdata:speed>0.872</gpxdata:speed>
        </extensions>
      </trkpt>
      <trkpt lat="46.8226589" lon="10.2433031">
        <ele>2717.4</ele>
        <time>2026-09-15T11:59:45Z</time>
        <extensions>
          <gpxdata:distance>4627.21</gpxdata:distance>
          <gpxdata:speed>0.872</gpxdata:speed>
        </extensions>
      </trkpt>
      <trkpt lat="46.8226679" lon="10.2432911">
        <ele>2716.7</ele>
        <time>2026-09-15T11:59:47Z</time>
        <extensions>
          <gpxdata:distance>4628.57</gpxdata:distance>
          <gpxdata:speed>0.872</gpxdata:speed>
        </extensions>
      </trkpt>
      <trkpt lat="46.8226859" lon="10.2432921">
        <ele>2715.9</ele>
        <time>2026-09-15T11:59:49Z</time>
        <extensions>
          <gpxdata:distance>4630.57</gpxdata:distance>
          <gpxdata:speed>0.872</gpxdata:speed>
        </extensions>
      </trkpt>
      <trkpt lat="46.8226949" lon="10.2432791">
        <ele>2715.5</ele>
        <time>2026-09-15T11:59:51Z</time>
        <extensions>
          <gpxdata:distance>4631.98</gpxdata:distance>
          <gpxdata:speed>0.872</gpxdata:speed>
        </extensions>
      </trkpt>
      <trkpt lat="46.8226969" lon="10.2432271">
        <ele>2714.5</ele>
        <time>2026-09-15T11:59:55Z</time>
        <extensions>
          <gpxdata:distance>4635.94</gpxdata:distance>
          <gpxdata:speed>0.872</gpxdata:speed>
        </extensions>
      </trkpt>
      <trkpt lat="46.8227059" lon="10.2432271">
        <ele>2714.0</ele>
        <time>2026-09-15T11:59:57Z</time>
        <extensions>
          <gpxdata:distance>4636.94</gpxdata:distance>
          <gpxdata:speed>0.872</gpxdata:speed>
        </extensions>
      </trkpt>
      <trkpt lat="46.8227239" lon="10.2432281">
        <ele>2713.0</ele>
        <time>2026-09-15T11:59:59Z</time>
        <extensions>
          <gpxdata:distance>4638.94</gpxdata:distance>
          <gpxdata:speed>0.872</gpxdata:speed>
        </extensions>
      </trkpt>
      <trkpt lat="46.8227329" lon="10.2432291">
        <ele>2713.0</ele>
        <time>2026-09-15T12:00:00Z</time>
        <extensions>
          <gpxdata:distance>4639.95</gpxdata:distance>
          <gpxdata:speed>0.872</gpxdata:speed>
        </extensions>
      </trkpt>
      <trkpt lat="46.8227599" lon="10.2432301">
        <ele>2712.1</ele>
        <time>2026-09-15T12:00:04Z</time>
        <extensions>
          <gpxdata:distance>4642.95</gpxdata:distance>
          <gpxdata:speed>0.872</gpxdata:speed>
        </extensions>
      </trkpt>
      <trkpt lat="46.8227689" lon="10.2432311">
        <ele>2711.1</ele>
        <time>2026-09-15T12:00:05Z</time>
        <extensions>
          <gpxdata:distance>4643.95</gpxdata:distance>
          <gpxdata:speed>0.872</gpxdata:speed>
        </extensions>
      </trkpt>
      <trkpt lat="46.8227779" lon="10.2432181">
        <ele>2710.7</ele>
        <time>2026-09-15T12:00:06Z</time>
        <extensions>
          <gpxdata:distance>4645.36</gpxdata:distance>
          <gpxdata:speed>0.872</gpxdata:speed>
        </extensions>
      </trkpt>
      <trkpt lat="46.8227879" lon="10.2431661">
        <ele>2709.2</ele>
        <time>2026-09-15T12:00:11Z</time>
        <extensions>
          <gpxdata:distance>4649.47</gpxdata:distance>
          <gpxdata:speed>0.872</gpxdata:speed>
        </extensions>
      </trkpt>
      <trkpt lat="46.8228069" lon="10.2431541">
        <ele>2708.4</ele>
        <time>2026-09-15T12:00:14Z</time>
        <extensions>
          <gpxdata:distance>4651.77</gpxdata:distance>
          <gpxdata:speed>0.872</gpxdata:speed>
        </extensions>
      </trkpt>
      <trkpt lat="46.8228249" lon="10.2431291">
        <ele>2707.4</ele>
        <time>2026-09-15T12:00:17Z</time>
        <extensions>
          <gpxdata:distance>4654.53</gpxdata:distance>
          <gpxdata:speed>0.872</gpxdata:speed>
        </extensions>
      </trkpt>
      <trkpt lat="46.8228609" lon="10.2431301">
        <ele>2706.4</ele>
        <time>2026-09-15T12:00:21Z</time>
        <extensions>
          <gpxdata:distance>4658.54</gpxdata:distance>
          <gpxdata:speed>0.872</gpxdata:speed>
        </extensions>
      </trkpt>
      <trkpt lat="46.8229059" lon="10.2431331">
        <ele>2704.9</ele>
        <time>2026-09-15T12:00:27Z</time>
        <extensions>
          <gpxdata:distance>4663.55</gpxdata:distance>
          <gpxdata:speed>0.872</gpxdata:speed>
        </extensions>
      </trkpt>
      <trkpt lat="46.8229149" lon="10.2431201">
        <ele>2704.6</ele>
        <time>2026-09-15T12:00:29Z</time>
        <extensions>
          <gpxdata:distance>4664.95</gpxdata:distance>
          <gpxdata:speed>0.872</gpxdata:speed>
        </extensions>
      </trkpt>
      <trkpt lat="46.8229249" lon="10.2431081">
        <ele>2704.2</ele>
        <time>2026-09-15T12:00:30Z</time>
        <extensions>
          <gpxdata:distance>4666.39</gpxdata:distance>
          <gpxdata:speed>0.872</gpxdata:speed>
        </extensions>
      </trkpt>
      <trkpt lat="46.8229339" lon="10.2430951">
        <ele>2703.6</ele>
        <time>2026-09-15T12:00:32Z</time>
        <extensions>
          <gpxdata:distance>4667.80</gpxdata:distance>
          <gpxdata:speed>0.872</gpxdata:speed>
        </extensions>
      </trkpt>
      <trkpt lat="46.8229259" lon="10.2430681">
        <ele>2702.9</ele>
        <time>2026-09-15T12:00:35Z</time>
        <extensions>
          <gpxdata:distance>4670.04</gpxdata:distance>
          <gpxdata:speed>0.872</gpxdata:speed>
        </extensions>
      </trkpt>
      <trkpt lat="46.8229439" lon="10.2430431">
        <ele>2702.2</ele>
        <time>2026-09-15T12:00:38Z</time>
        <extensions>
          <gpxdata:distance>4672.80</gpxdata:distance>
          <gpxdata:speed>0.872</gpxdata:speed>
        </extensions>
      </trkpt>
      <trkpt lat="46.8229539" lon="10.2430301">
        <ele>2701.6</ele>
        <time>2026-09-15T12:00:39Z</time>
        <extensions>
          <gpxdata:distance>4674.29</gpxdata:distance>
          <gpxdata:speed>0.872</gpxdata:speed>
        </extensions>
      </trkpt>
      <trkpt lat="46.8229729" lon="10.2429921">
        <ele>2700.4</ele>
        <time>2026-09-15T12:00:44Z</time>
        <extensions>
          <gpxdata:distance>4677.87</gpxdata:distance>
          <gpxdata:speed>0.872</gpxdata:speed>
        </extensions>
      </trkpt>
      <trkpt lat="46.8229999" lon="10.2429801">
        <ele>2699.9</ele>
        <time>2026-09-15T12:00:47Z</time>
        <extensions>
          <gpxdata:distance>4681.01</gpxdata:distance>
          <gpxdata:speed>0.872</gpxdata:speed>
        </extensions>
      </trkpt>
      <trkpt lat="46.8230269" lon="10.2429821">
        <ele>2700.0</ele>
        <time>2026-09-15T12:00:51Z</time>
        <extensions>
          <gpxdata:distance>4684.01</gpxdata:distance>
          <gpxdata:speed>0.872</gpxdata:speed>
        </extensions>
      </trkpt>
      <trkpt lat="46.8230449" lon="10.2429701">
        <ele>2699.6</ele>
        <time>2026-09-15T12:00:53Z</time>
        <extensions>
          <gpxdata:distance>4686.21</gpxdata:distance>
          <gpxdata:speed>0.872</gpxdata:speed>
        </extensions>
      </trkpt>
      <trkpt lat="46.8230549" lon="10.2429441">
        <ele>2699.0</ele>
        <time>2026-09-15T12:00:56Z</time>
        <extensions>
          <gpxdata:distance>4688.48</gpxdata:distance>
          <gpxdata:speed>0.872</gpxdata:speed>
        </extensions>
      </trkpt>
      <trkpt lat="46.8230639" lon="10.2429311">
        <ele>2698.5</ele>
        <time>2026-09-15T12:00:57Z</time>
        <extensions>
          <gpxdata:distance>4689.89</gpxdata:distance>
          <gpxdata:speed>0.872</gpxdata:speed>
        </extensions>
      </trkpt>
      <trkpt lat="46.8230819" lon="10.2429321">
        <ele>2698.3</ele>
        <time>2026-09-15T12:01:00Z</time>
        <extensions>
          <gpxdata:distance>4691.89</gpxdata:distance>
          <gpxdata:speed>0.872</gpxdata:speed>
        </extensions>
      </trkpt>
      <trkpt lat="46.8230919" lon="10.2429061">
        <ele>2697.5</ele>
        <time>2026-09-15T12:01:02Z</time>
        <extensions>
          <gpxdata:distance>4694.16</gpxdata:distance>
          <gpxdata:speed>0.872</gpxdata:speed>
        </extensions>
      </trkpt>
      <trkpt lat="46.8230829" lon="10.2428931">
        <ele>2697.1</ele>
        <time>2026-09-15T12:01:04Z</time>
        <extensions>
          <gpxdata:distance>4695.57</gpxdata:distance>
          <gpxdata:speed>0.872</gpxdata:speed>
        </extensions>
      </trkpt>
      <trkpt lat="46.8230739" lon="10.2428791">
        <ele>2696.7</ele>
        <time>2026-09-15T12:01:06Z</time>
        <extensions>
          <gpxdata:distance>4697.03</gpxdata:distance>
          <gpxdata:speed>0.881</gpxdata:speed>
        </extensions>
      </trkpt>
      <trkpt lat="46.8230479" lon="10.2428651">
        <ele>2696.1</ele>
        <time>2026-09-15T12:01:09Z</time>
        <extensions>
          <gpxdata:distance>4700.11</gpxdata:distance>
          <gpxdata:speed>0.873</gpxdata:speed>
        </extensions>
      </trkpt>
      <trkpt lat="46.8230209" lon="10.2428371">
        <ele>2695.0</ele>
        <time>2026-09-15T12:01:13Z</time>
        <extensions>
          <gpxdata:distance>4703.79</gpxdata:distance>
          <gpxdata:speed>0.872</gpxdata:speed>
        </extensions>
      </trkpt>
      <trkpt lat="46.8230029" lon="10.2428361">
        <ele>2694.1</ele>
        <time>2026-09-15T12:01:16Z</time>
        <extensions>
          <gpxdata:distance>4705.79</gpxdata:distance>
          <gpxdata:speed>0.872</gpxdata:speed>
        </extensions>
      </trkpt>
      <trkpt lat="46.8229949" lon="10.2427971">
        <ele>2693.1</ele>
        <time>2026-09-15T12:01:19Z</time>
        <extensions>
          <gpxdata:distance>4708.89</gpxdata:distance>
          <gpxdata:speed>0.872</gpxdata:speed>
        </extensions>
      </trkpt>
      <trkpt lat="46.8230229" lon="10.2427721">
        <ele>2692.1</ele>
        <time>2026-09-15T12:01:23Z</time>
        <extensions>
          <gpxdata:distance>4712.54</gpxdata:distance>
          <gpxdata:speed>0.872</gpxdata:speed>
        </extensions>
      </trkpt>
      <trkpt lat="46.8230519" lon="10.2427081">
        <ele>2689.8</ele>
        <time>2026-09-15T12:01:30Z</time>
        <extensions>
          <gpxdata:distance>4718.38</gpxdata:distance>
          <gpxdata:speed>0.872</gpxdata:speed>
        </extensions>
      </trkpt>
      <trkpt lat="46.8230789" lon="10.2426831">
        <ele>2688.8</ele>
        <time>2026-09-15T12:01:34Z</time>
        <extensions>
          <gpxdata:distance>4721.94</gpxdata:distance>
          <gpxdata:speed>0.872</gpxdata:speed>
        </extensions>
      </trkpt>
      <trkpt lat="46.8230969" lon="10.2426711">
        <ele>2688.0</ele>
        <time>2026-09-15T12:01:37Z</time>
        <extensions>
          <gpxdata:distance>4724.14</gpxdata:distance>
          <gpxdata:speed>0.872</gpxdata:speed>
        </extensions>
      </trkpt>
      <trkpt lat="46.8231069" lon="10.2426581">
        <ele>2687.3</ele>
        <time>2026-09-15T12:01:38Z</time>
        <extensions>
          <gpxdata:distance>4725.62</gpxdata:distance>
          <gpxdata:speed>0.872</gpxdata:speed>
        </extensions>
      </trkpt>
      <trkpt lat="46.8231169" lon="10.2426191">
        <ele>2686.0</ele>
        <time>2026-09-15T12:01:42Z</time>
        <extensions>
          <gpxdata:distance>4728.79</gpxdata:distance>
          <gpxdata:speed>0.872</gpxdata:speed>
        </extensions>
      </trkpt>
      <trkpt lat="46.8231259" lon="10.2425941">
        <ele>2684.8</ele>
        <time>2026-09-15T12:01:44Z</time>
        <extensions>
          <gpxdata:distance>4730.94</gpxdata:distance>
          <gpxdata:speed>0.872</gpxdata:speed>
        </extensions>
      </trkpt>
      <trkpt lat="46.8231539" lon="10.2425821">
        <ele>2683.8</ele>
        <time>2026-09-15T12:01:48Z</time>
        <extensions>
          <gpxdata:distance>4734.19</gpxdata:distance>
          <gpxdata:speed>0.872</gpxdata:speed>
        </extensions>
      </trkpt>
      <trkpt lat="46.8231629" lon="10.2425691">
        <ele>2683.3</ele>
        <time>2026-09-15T12:01:50Z</time>
        <extensions>
          <gpxdata:distance>4735.59</gpxdata:distance>
          <gpxdata:speed>0.872</gpxdata:speed>
        </extensions>
      </trkpt>
      <trkpt lat="46.8231639" lon="10.2425171">
        <ele>2682.0</ele>
        <time>2026-09-15T12:01:54Z</time>
        <extensions>
          <gpxdata:distance>4739.55</gpxdata:distance>
          <gpxdata:speed>0.872</gpxdata:speed>
        </extensions>
      </trkpt>
      <trkpt lat="46.8231829" lon="10.2425051">
        <ele>2681.4</ele>
        <time>2026-09-15T12:01:57Z</time>
        <extensions>
          <gpxdata:distance>4741.85</gpxdata:distance>
          <gpxdata:speed>0.872</gpxdata:speed>
        </extensions>
      </trkpt>
      <trkpt lat="46.8231829" lon="10.2424651">
        <ele>2680.2</ele>
        <time>2026-09-15T12:02:00Z</time>
        <extensions>
          <gpxdata:distance>4744.90</gpxdata:distance>
          <gpxdata:speed>0.872</gpxdata:speed>
        </extensions>
      </trkpt>
      <trkpt lat="46.8231749" lon="10.2424391">
        <ele>2679.3</ele>
        <time>2026-09-15T12:02:03Z</time>
        <extensions>
          <gpxdata:distance>4747.07</gpxdata:distance>
          <gpxdata:speed>0.872</gpxdata:speed>
        </extensions>
      </trkpt>
      <trkpt lat="46.8231849" lon="10.2424131">
        <ele>2678.5</ele>
        <time>2026-09-15T12:02:06Z</time>
        <extensions>
          <gpxdata:distance>4749.33</gpxdata:distance>
          <gpxdata:speed>0.872</gpxdata:speed>
        </extensions>
      </trkpt>
      <trkpt lat="46.8232029" lon="10.2423881">
        <ele>2677.7</ele>
        <time>2026-09-15T12:02:09Z</time>
        <extensions>
          <gpxdata:distance>4752.10</gpxdata:distance>
          <gpxdata:speed>0.872</gpxdata:speed>
        </extensions>
      </trkpt>
      <trkpt lat="46.8232219" lon="10.2423621">
        <ele>2676.1</ele>
        <time>2026-09-15T12:02:12Z</time>
        <extensions>
          <gpxdata:distance>4754.99</gpxdata:distance>
          <gpxdata:speed>0.872</gpxdata:speed>
        </extensions>
      </trkpt>
      <trkpt lat="46.8232329" lon="10.2422971">
        <ele>2674.2</ele>
        <time>2026-09-15T12:02:18Z</time>
        <extensions>
          <gpxdata:distance>4760.08</gpxdata:distance>
          <gpxdata:speed>0.872</gpxdata:speed>
        </extensions>
      </trkpt>
      <trkpt lat="46.8232349" lon="10.2421931">
        <ele>2671.7</ele>
        <time>2026-09-15T12:02:27Z</time>
        <extensions>
          <gpxdata:distance>4768.00</gpxdata:distance>
          <gpxdata:speed>0.872</gpxdata:speed>
        </extensions>
      </trkpt>
      <trkpt lat="46.8232269" lon="10.2421401">
        <ele>2670.8</ele>
        <time>2026-09-15T12:02:32Z</time>
        <extensions>
          <gpxdata:distance>4772.13</gpxdata:distance>
          <gpxdata:speed>0.872</gpxdata:speed>
        </extensions>
      </trkpt>
      <trkpt lat="46.8232019" lon="10.2420861">
        <ele>2669.7</ele>
        <time>2026-09-15T12:02:37Z</time>
        <extensions>
          <gpxdata:distance>4777.09</gpxdata:distance>
          <gpxdata:speed>0.872</gpxdata:speed>
        </extensions>
      </trkpt>
      <trkpt lat="46.8232019" lon="10.2420731">
        <ele>2669.0</ele>
        <time>2026-09-15T12:02:39Z</time>
        <extensions>
          <gpxdata:distance>4778.08</gpxdata:distance>
          <gpxdata:speed>0.872</gpxdata:speed>
        </extensions>
      </trkpt>
      <trkpt lat="46.8232109" lon="10.2420601">
        <ele>2668.6</ele>
        <time>2026-09-15T12:02:40Z</time>
        <extensions>
          <gpxdata:distance>4779.49</gpxdata:distance>
          <gpxdata:speed>0.872</gpxdata:speed>
        </extensions>
      </trkpt>
      <trkpt lat="46.8232299" lon="10.2420351">
        <ele>2667.8</ele>
        <time>2026-09-15T12:02:43Z</time>
        <extensions>
          <gpxdata:distance>4782.33</gpxdata:distance>
          <gpxdata:speed>0.872</gpxdata:speed>
        </extensions>
      </trkpt>
      <trkpt lat="46.8232389" lon="10.2420221">
        <ele>2667.2</ele>
        <time>2026-09-15T12:02:45Z</time>
        <extensions>
          <gpxdata:distance>4783.74</gpxdata:distance>
          <gpxdata:speed>0.872</gpxdata:speed>
        </extensions>
      </trkpt>
      <trkpt lat="46.8232239" lon="10.2419301">
        <ele>2665.4</ele>
        <time>2026-09-15T12:02:53Z</time>
        <extensions>
          <gpxdata:distance>4790.93</gpxdata:distance>
          <gpxdata:speed>0.872</gpxdata:speed>
        </extensions>
      </trkpt>
      <trkpt lat="46.8232329" lon="10.2419171">
        <ele>2664.6</ele>
        <time>2026-09-15T12:02:55Z</time>
        <extensions>
          <gpxdata:distance>4792.34</gpxdata:distance>
          <gpxdata:speed>0.872</gpxdata:speed>
        </extensions>
      </trkpt>
      <trkpt lat="46.8232419" lon="10.2419051">
        <ele>2663.9</ele>
        <time>2026-09-15T12:02:56Z</time>
        <extensions>
          <gpxdata:distance>4793.69</gpxdata:distance>
          <gpxdata:speed>0.872</gpxdata:speed>
        </extensions>
      </trkpt>
      <trkpt lat="46.8232519" lon="10.2418921">
        <ele>2663.3</ele>
        <time>2026-09-15T12:02:58Z</time>
        <extensions>
          <gpxdata:distance>4795.18</gpxdata:distance>
          <gpxdata:speed>0.872</gpxdata:speed>
        </extensions>
      </trkpt>
      <trkpt lat="46.8232609" lon="10.2418661">
        <ele>2662.5</ele>
        <time>2026-09-15T12:03:01Z</time>
        <extensions>
          <gpxdata:distance>4797.40</gpxdata:distance>
          <gpxdata:speed>0.872</gpxdata:speed>
        </extensions>
      </trkpt>
      <trkpt lat="46.8232439" lon="10.2418261">
        <ele>2661.6</ele>
        <time>2026-09-15T12:03:05Z</time>
        <extensions>
          <gpxdata:distance>4800.98</gpxdata:distance>
          <gpxdata:speed>0.872</gpxdata:speed>
        </extensions>
      </trkpt>
      <trkpt lat="46.8232529" lon="10.2418131">
        <ele>2660.9</ele>
        <time>2026-09-15T12:03:06Z</time>
        <extensions>
          <gpxdata:distance>4802.39</gpxdata:distance>
          <gpxdata:speed>0.872</gpxdata:speed>
        </extensions>
      </trkpt>
      <trkpt lat="46.8232719" lon="10.2418011">
        <ele>2660.3</ele>
        <time>2026-09-15T12:03:09Z</time>
        <extensions>
          <gpxdata:distance>4804.69</gpxdata:distance>
          <gpxdata:speed>0.872</gpxdata:speed>
        </extensions>
      </trkpt>
      <trkpt lat="46.8232979" lon="10.2418161">
        <ele>2660.1</ele>
        <time>2026-09-15T12:03:13Z</time>
        <extensions>
          <gpxdata:distance>4807.80</gpxdata:distance>
          <gpxdata:speed>0.872</gpxdata:speed>
        </extensions>
      </trkpt>
      <trkpt lat="46.8233159" lon="10.2418301">
        <ele>2659.8</ele>
        <time>2026-09-15T12:03:15Z</time>
        <extensions>
          <gpxdata:distance>4810.07</gpxdata:distance>
          <gpxdata:speed>0.872</gpxdata:speed>
        </extensions>
      </trkpt>
      <trkpt lat="46.8233519" lon="10.2418451">
        <ele>2658.9</ele>
        <time>2026-09-15T12:03:20Z</time>
        <extensions>
          <gpxdata:distance>4814.23</gpxdata:distance>
          <gpxdata:speed>0.872</gpxdata:speed>
        </extensions>
      </trkpt>
      <trkpt lat="46.8233609" lon="10.2418321">
        <ele>2658.1</ele>
        <time>2026-09-15T12:03:22Z</time>
        <extensions>
          <gpxdata:distance>4815.64</gpxdata:distance>
          <gpxdata:speed>0.872</gpxdata:speed>
        </extensions>
      </trkpt>
      <trkpt lat="46.8233709" lon="10.2418061">
        <ele>2657.5</ele>
        <time>2026-09-15T12:03:24Z</time>
        <extensions>
          <gpxdata:distance>4817.91</gpxdata:distance>
          <gpxdata:speed>0.872</gpxdata:speed>
        </extensions>
      </trkpt>
      <trkpt lat="46.8233619" lon="10.2417801">
        <ele>2657.0</ele>
        <time>2026-09-15T12:03:27Z</time>
        <extensions>
          <gpxdata:distance>4820.12</gpxdata:distance>
          <gpxdata:speed>0.872</gpxdata:speed>
        </extensions>
      </trkpt>
      <trkpt lat="46.8233359" lon="10.2417521">
        <ele>2656.7</ele>
        <time>2026-09-15T12:03:31Z</time>
        <extensions>
          <gpxdata:distance>4823.71</gpxdata:distance>
          <gpxdata:speed>0.872</gpxdata:speed>
        </extensions>
      </trkpt>
      <trkpt lat="46.8233289" lon="10.2416861">
        <ele>2654.7</ele>
        <time>2026-09-15T12:03:37Z</time>
        <extensions>
          <gpxdata:distance>4828.79</gpxdata:distance>
          <gpxdata:speed>0.872</gpxdata:speed>
        </extensions>
      </trkpt>
      <trkpt lat="46.8233109" lon="10.2416591">
        <ele>2653.8</ele>
        <time>2026-09-15T12:03:40Z</time>
        <extensions>
          <gpxdata:distance>4831.66</gpxdata:distance>
          <gpxdata:speed>0.872</gpxdata:speed>
        </extensions>
      </trkpt>
      <trkpt lat="46.8233029" lon="10.2416191">
        <ele>2652.5</ele>
        <time>2026-09-15T12:03:44Z</time>
        <extensions>
          <gpxdata:distance>4834.83</gpxdata:distance>
          <gpxdata:speed>0.872</gpxdata:speed>
        </extensions>
      </trkpt>
      <trkpt lat="46.8232859" lon="10.2415921">
        <ele>2651.9</ele>
        <time>2026-09-15T12:03:47Z</time>
        <extensions>
          <gpxdata:distance>4837.63</gpxdata:distance>
          <gpxdata:speed>0.872</gpxdata:speed>
        </extensions>
      </trkpt>
      <trkpt lat="46.8232779" lon="10.2415651">
        <ele>2651.5</ele>
        <time>2026-09-15T12:03:49Z</time>
        <extensions>
          <gpxdata:distance>4839.86</gpxdata:distance>
          <gpxdata:speed>0.872</gpxdata:speed>
        </extensions>
      </trkpt>
      <trkpt lat="46.8232789" lon="10.2415131">
        <ele>2651.4</ele>
        <time>2026-09-15T12:03:54Z</time>
        <extensions>
          <gpxdata:distance>4843.82</gpxdata:distance>
          <gpxdata:speed>0.872</gpxdata:speed>
        </extensions>
      </trkpt>
      <trkpt lat="46.8232799" lon="10.2414741">
        <ele>2651.1</ele>
        <time>2026-09-15T12:03:57Z</time>
        <extensions>
          <gpxdata:distance>4846.79</gpxdata:distance>
          <gpxdata:speed>0.872</gpxdata:speed>
        </extensions>
      </trkpt>
      <trkpt lat="46.8232629" lon="10.2414341">
        <ele>2650.4</ele>
        <time>2026-09-15T12:04:01Z</time>
        <extensions>
          <gpxdata:distance>4850.37</gpxdata:distance>
          <gpxdata:speed>0.872</gpxdata:speed>
        </extensions>
      </trkpt>
      <trkpt lat="46.8232549" lon="10.2413811">
        <ele>2650.2</ele>
        <time>2026-09-15T12:04:06Z</time>
        <extensions>
          <gpxdata:distance>4854.50</gpxdata:distance>
          <gpxdata:speed>0.872</gpxdata:speed>
        </extensions>
      </trkpt>
      <trkpt lat="46.8232659" lon="10.2412891">
        <ele>2650.6</ele>
        <time>2026-09-15T12:04:14Z</time>
        <extensions>
          <gpxdata:distance>4861.61</gpxdata:distance>
          <gpxdata:speed>0.917</gpxdata:speed>
        </extensions>
      </trkpt>
      <trkpt lat="46.8232859" lon="10.2412381">
        <ele>2650.5</ele>
        <time>2026-09-15T12:04:19Z</time>
        <extensions>
          <gpxdata:distance>4866.08</gpxdata:distance>
          <gpxdata:speed>0.899</gpxdata:speed>
        </extensions>
      </trkpt>
      <trkpt lat="46.8232699" lon="10.2411591">
        <ele>2651.2</ele>
        <time>2026-09-15T12:04:25Z</time>
        <extensions>
          <gpxdata:distance>4872.35</gpxdata:distance>
          <gpxdata:speed>0.968</gpxdata:speed>
        </extensions>
      </trkpt>
      <trkpt lat="46.8232809" lon="10.2410671">
        <ele>2651.7</ele>
        <time>2026-09-15T12:04:32Z</time>
        <extensions>
          <gpxdata:distance>4879.46</gpxdata:distance>
          <gpxdata:speed>1.006</gpxdata:speed>
        </extensions>
      </trkpt>
      <trkpt lat="46.8233099" lon="10.2409901">
        <ele>2651.5</ele>
        <time>2026-09-15T12:04:39Z</time>
        <extensions>
          <gpxdata:distance>4886.14</gpxdata:distance>
          <gpxdata:speed>1.012</gpxdata:speed>
        </extensions>
      </trkpt>
      <trkpt lat="46.8233309" lon="10.2408731">
        <ele>2651.4</ele>
        <time>2026-09-15T12:04:48Z</time>
        <extensions>
          <gpxdata:distance>4895.35</gpxdata:distance>
          <gpxdata:speed>1.012</gpxdata:speed>
        </extensions>
      </trkpt>
      <trkpt lat="46.8233609" lon="10.2407311">
        <ele>2652.2</ele>
        <time>2026-09-15T12:05:00Z</time>
        <extensions>
          <gpxdata:distance>4906.65</gpxdata:distance>
          <gpxdata:speed>0.966</gpxdata:speed>
        </extensions>
      </trkpt>
      <trkpt lat="46.8233449" lon="10.2406641">
        <ele>2652.1</ele>
        <time>2026-09-15T12:05:06Z</time>
        <extensions>
          <gpxdata:distance>4912.05</gpxdata:distance>
          <gpxdata:speed>0.942</gpxdata:speed>
        </extensions>
      </trkpt>
      <trkpt lat="46.8233369" lon="10.2406111">
        <ele>2651.2</ele>
        <time>2026-09-15T12:05:10Z</time>
        <extensions>
          <gpxdata:distance>4916.18</gpxdata:distance>
          <gpxdata:speed>0.971</gpxdata:speed>
        </extensions>
      </trkpt>
      <trkpt lat="46.8232849" lon="10.2405171">
        <ele>2649.6</ele>
        <time>2026-09-15T12:05:19Z</time>
        <extensions>
          <gpxdata:distance>4925.38</gpxdata:distance>
          <gpxdata:speed>0.992</gpxdata:speed>
        </extensions>
      </trkpt>
      <trkpt lat="46.8232869" lon="10.2404511">
        <ele>2648.8</ele>
        <time>2026-09-15T12:05:24Z</time>
        <extensions>
          <gpxdata:distance>4930.41</gpxdata:distance>
          <gpxdata:speed>0.978</gpxdata:speed>
        </extensions>
      </trkpt>
      <trkpt lat="46.8232629" lon="10.2403321">
        <ele>2648.0</ele>
        <time>2026-09-15T12:05:34Z</time>
        <extensions>
          <gpxdata:distance>4939.85</gpxdata:distance>
          <gpxdata:speed>0.951</gpxdata:speed>
        </extensions>
      </trkpt>
      <trkpt lat="46.8232639" lon="10.2402801">
        <ele>2648.1</ele>
        <time>2026-09-15T12:05:38Z</time>
        <extensions>
          <gpxdata:distance>4943.80</gpxdata:distance>
          <gpxdata:speed>0.942</gpxdata:speed>
        </extensions>
      </trkpt>
      <trkpt lat="46.8232559" lon="10.2402401">
        <ele>2648.6</ele>
        <time>2026-09-15T12:05:42Z</time>
        <extensions>
          <gpxdata:distance>4946.97</gpxdata:distance>
          <gpxdata:speed>0.951</gpxdata:speed>
        </extensions>
      </trkpt>
      <trkpt lat="46.8232299" lon="10.2401861">
        <ele>2648.2</ele>
        <time>2026-09-15T12:05:47Z</time>
        <extensions>
          <gpxdata:distance>4952.00</gpxdata:distance>
          <gpxdata:speed>0.941</gpxdata:speed>
        </extensions>
      </trkpt>
      <trkpt lat="46.8231859" lon="10.2401581">
        <ele>2647.7</ele>
        <time>2026-09-15T12:05:53Z</time>
        <extensions>
          <gpxdata:distance>4957.33</gpxdata:distance>
          <gpxdata:speed>0.906</gpxdata:speed>
        </extensions>
      </trkpt>
      <trkpt lat="46.8231599" lon="10.2401171">
        <ele>2647.2</ele>
        <time>2026-09-15T12:05:58Z</time>
        <extensions>
          <gpxdata:distance>4961.59</gpxdata:distance>
          <gpxdata:speed>0.896</gpxdata:speed>
        </extensions>
      </trkpt>
      <trkpt lat="46.8231519" lon="10.2400641">
        <ele>2646.3</ele>
        <time>2026-09-15T12:06:02Z</time>
        <extensions>
          <gpxdata:distance>4965.72</gpxdata:distance>
          <gpxdata:speed>0.896</gpxdata:speed>
        </extensions>
      </trkpt>
      <trkpt lat="46.8231799" lon="10.2400261">
        <ele>2645.0</ele>
        <time>2026-09-15T12:06:07Z</time>
        <extensions>
          <gpxdata:distance>4969.97</gpxdata:distance>
          <gpxdata:speed>0.897</gpxdata:speed>
        </extensions>
      </trkpt>
      <trkpt lat="46.8231999" lon="10.2399751">
        <ele>2644.4</ele>
        <time>2026-09-15T12:06:12Z</time>
        <extensions>
          <gpxdata:distance>4974.44</gpxdata:distance>
          <gpxdata:speed>0.894</gpxdata:speed>
        </extensions>
      </trkpt>
      <trkpt lat="46.8231929" lon="10.2398961">
        <ele>2644.4</ele>
        <time>2026-09-15T12:06:19Z</time>
        <extensions>
          <gpxdata:distance>4980.50</gpxdata:distance>
          <gpxdata:speed>0.907</gpxdata:speed>
        </extensions>
      </trkpt>
      <trkpt lat="46.8231769" lon="10.2398031">
        <ele>2644.5</ele>
        <time>2026-09-15T12:06:27Z</time>
        <extensions>
          <gpxdata:distance>4987.80</gpxdata:distance>
          <gpxdata:speed>0.914</gpxdata:speed>
        </extensions>
      </trkpt>
      <trkpt lat="46.8231689" lon="10.2397501">
        <ele>2644.0</ele>
        <time>2026-09-15T12:06:31Z</time>
        <extensions>
          <gpxdata:distance>4991.93</gpxdata:distance>
          <gpxdata:speed>0.896</gpxdata:speed>
        </extensions>
      </trkpt>
      <trkpt lat="46.8231879" lon="10.2397251">
        <ele>2643.5</ele>
        <time>2026-09-15T12:06:34Z</time>
        <extensions>
          <gpxdata:distance>4994.77</gpxdata:distance>
          <gpxdata:speed>0.903</gpxdata:speed>
        </extensions>
      </trkpt>
      <trkpt lat="46.8232339" lon="10.2396881">
        <ele>2642.4</ele>
        <time>2026-09-15T12:06:41Z</time>
        <extensions>
          <gpxdata:distance>5000.61</gpxdata:distance>
          <gpxdata:speed>0.915</gpxdata:speed>
        </extensions>
      </trkpt>
      <trkpt lat="46.8232339" lon="10.2396881">
        <ele>2642.4</ele>
        <time>2026-09-15T12:06:41Z</time>
        <extensions>
          <gpxdata:distance>5000.61</gpxdata:distance>
          <gpxdata:speed>0.000</gpxdata:speed>
        </extensions>
      </trkpt>
      <trkpt lat="46.8231989" lon="10.2396341">
        <ele>2640.9</ele>
        <time>2026-09-15T12:06:47Z</time>
        <extensions>
          <gpxdata:distance>5006.27</gpxdata:distance>
          <gpxdata:speed>0.925</gpxdata:speed>
        </extensions>
      </trkpt>
      <trkpt lat="46.8231549" lon="10.2395921">
        <ele>2639.9</ele>
        <time>2026-09-15T12:06:53Z</time>
        <extensions>
          <gpxdata:distance>5012.11</gpxdata:distance>
          <gpxdata:speed>0.914</gpxdata:speed>
        </extensions>
      </trkpt>
      <trkpt lat="46.8231479" lon="10.2395261">
        <ele>2638.5</ele>
        <time>2026-09-15T12:06:59Z</time>
        <extensions>
          <gpxdata:distance>5017.19</gpxdata:distance>
          <gpxdata:speed>0.929</gpxdata:speed>
        </extensions>
      </trkpt>
      <trkpt lat="46.8230869" lon="10.2394311">
        <ele>2635.9</ele>
        <time>2026-09-15T12:07:10Z</time>
        <extensions>
          <gpxdata:distance>5027.10</gpxdata:distance>
          <gpxdata:speed>0.896</gpxdata:speed>
        </extensions>
      </trkpt>
      <trkpt lat="46.8230349" lon="10.2393631">
        <ele>2633.8</ele>
        <time>2026-09-15T12:07:19Z</time>
        <extensions>
          <gpxdata:distance>5034.86</gpxdata:distance>
          <gpxdata:speed>0.872</gpxdata:speed>
        </extensions>
      </trkpt>
      <trkpt lat="46.8229809" lon="10.2393471">
        <ele>2631.8</ele>
        <time>2026-09-15T12:07:26Z</time>
        <extensions>
          <gpxdata:distance>5040.99</gpxdata:distance>
          <gpxdata:speed>0.872</gpxdata:speed>
        </extensions>
      </trkpt>
      <trkpt lat="46.8229629" lon="10.2393331">
        <ele>2631.2</ele>
        <time>2026-09-15T12:07:28Z</time>
        <extensions>
          <gpxdata:distance>5043.26</gpxdata:distance>
          <gpxdata:speed>0.872</gpxdata:speed>
        </extensions>
      </trkpt>
      <trkpt lat="46.8229729" lon="10.2392941">
        <ele>2630.1</ele>
        <time>2026-09-15T12:07:32Z</time>
        <extensions>
          <gpxdata:distance>5046.43</gpxdata:distance>
          <gpxdata:speed>0.872</gpxdata:speed>
        </extensions>
      </trkpt>
      <trkpt lat="46.8229739" lon="10.2392551">
        <ele>2629.3</ele>
        <time>2026-09-15T12:07:35Z</time>
        <extensions>
          <gpxdata:distance>5049.39</gpxdata:distance>
          <gpxdata:speed>0.872</gpxdata:speed>
        </extensions>
      </trkpt>
      <trkpt lat="46.8229659" lon="10.2392281">
        <ele>2628.8</ele>
        <time>2026-09-15T12:07:38Z</time>
        <extensions>
          <gpxdata:distance>5051.63</gpxdata:distance>
          <gpxdata:speed>0.872</gpxdata:speed>
        </extensions>
      </trkpt>
      <trkpt lat="46.8229039" lon="10.2391991">
        <ele>2627.5</ele>
        <time>2026-09-15T12:07:46Z</time>
        <extensions>
          <gpxdata:distance>5058.87</gpxdata:distance>
          <gpxdata:speed>0.872</gpxdata:speed>
        </extensions>
      </trkpt>
      <trkpt lat="46.8227899" lon="10.2390751">
        <ele>2624.6</ele>
        <time>2026-09-15T12:08:04Z</time>
        <extensions>
          <gpxdata:distance>5074.67</gpxdata:distance>
          <gpxdata:speed>0.872</gpxdata:speed>
        </extensions>
      </trkpt>
      <trkpt lat="46.8227189" lon="10.2390321">
        <ele>2622.4</ele>
        <time>2026-09-15T12:08:14Z</time>
        <extensions>
          <gpxdata:distance>5083.22</gpxdata:distance>
          <gpxdata:speed>0.872</gpxdata:speed>
        </extensions>
      </trkpt>
      <trkpt lat="46.8226579" lon="10.2389501">
        <ele>2620.7</ele>
        <time>2026-09-15T12:08:25Z</time>
        <extensions>
          <gpxdata:distance>5092.44</gpxdata:distance>
          <gpxdata:speed>0.872</gpxdata:speed>
        </extensions>
      </trkpt>
      <trkpt lat="46.8226129" lon="10.2389211">
        <ele>2619.3</ele>
        <time>2026-09-15T12:08:31Z</time>
        <extensions>
          <gpxdata:distance>5097.90</gpxdata:distance>
          <gpxdata:speed>0.872</gpxdata:speed>
        </extensions>
      </trkpt>
      <trkpt lat="46.8225329" lon="10.2388911">
        <ele>2615.9</ele>
        <time>2026-09-15T12:08:42Z</time>
        <extensions>
          <gpxdata:distance>5107.09</gpxdata:distance>
          <gpxdata:speed>0.872</gpxdata:speed>
        </extensions>
      </trkpt>
      <trkpt lat="46.8224629" lon="10.2387961">
        <ele>2612.3</ele>
        <time>2026-09-15T12:08:54Z</time>
        <extensions>
          <gpxdata:distance>5117.71</gpxdata:distance>
          <gpxdata:speed>0.872</gpxdata:speed>
        </extensions>
      </trkpt>
      <trkpt lat="46.8224199" lon="10.2387411">
        <ele>2610.5</ele>
        <time>2026-09-15T12:09:01Z</time>
        <extensions>
          <gpxdata:distance>5124.06</gpxdata:distance>
          <gpxdata:speed>0.872</gpxdata:speed>
        </extensions>
      </trkpt>
      <trkpt lat="46.8223769" lon="10.2386341">
        <ele>2609.8</ele>
        <time>2026-09-15T12:09:12Z</time>
        <extensions>
          <gpxdata:distance>5133.51</gpxdata:distance>
          <gpxdata:speed>0.872</gpxdata:speed>
        </extensions>
      </trkpt>
      <trkpt lat="46.8223169" lon="10.2385260">
        <ele>2608.7</ele>
        <time>2026-09-15T12:09:24Z</time>
        <extensions>
          <gpxdata:distance>5144.10</gpxdata:distance>
          <gpxdata:speed>0.872</gpxdata:speed>
        </extensions>
      </trkpt>
      <trkpt lat="46.8222489" lon="10.2383780">
        <ele>2608.1</ele>
        <time>2026-09-15T12:09:40Z</time>
        <extensions>
          <gpxdata:distance>5157.66</gpxdata:distance>
          <gpxdata:speed>0.873</gpxdata:speed>
        </extensions>
      </trkpt>
      <trkpt lat="46.8221959" lon="10.2383230">
        <ele>2607.7</ele>
        <time>2026-09-15T12:09:48Z</time>
        <extensions>
          <gpxdata:distance>5164.89</gpxdata:distance>
          <gpxdata:speed>0.899</gpxdata:speed>
        </extensions>
      </trkpt>
      <trkpt lat="46.8220719" lon="10.2382510">
        <ele>2607.0</ele>
        <time>2026-09-15T12:10:04Z</time>
        <extensions>
          <gpxdata:distance>5179.72</gpxdata:distance>
          <gpxdata:speed>0.931</gpxdata:speed>
        </extensions>
      </trkpt>
      <trkpt lat="46.8220089" lon="10.2382210">
        <ele>2606.8</ele>
        <time>2026-09-15T12:10:11Z</time>
        <extensions>
          <gpxdata:distance>5187.09</gpxdata:distance>
          <gpxdata:speed>0.931</gpxdata:speed>
        </extensions>
      </trkpt>
      <trkpt lat="46.8218649" lon="10.2382270">
        <ele>2606.8</ele>
        <time>2026-09-15T12:10:29Z</time>
        <extensions>
          <gpxdata:distance>5203.11</gpxdata:distance>
          <gpxdata:speed>0.900</gpxdata:speed>
        </extensions>
      </trkpt>
      <trkpt lat="46.8218289" lon="10.2382250">
        <ele>2607.0</ele>
        <time>2026-09-15T12:10:34Z</time>
        <extensions>
          <gpxdata:distance>5207.12</gpxdata:distance>
          <gpxdata:speed>0.938</gpxdata:speed>
        </extensions>
      </trkpt>
      <trkpt lat="46.8217419" lon="10.2381020">
        <ele>2605.8</ele>
        <time>2026-09-15T12:10:48Z</time>
        <extensions>
          <gpxdata:distance>5220.58</gpxdata:distance>
          <gpxdata:speed>0.950</gpxdata:speed>
        </extensions>
      </trkpt>
      <trkpt lat="46.8216279" lon="10.2380050">
        <ele>2604.4</ele>
        <time>2026-09-15T12:11:03Z</time>
        <extensions>
          <gpxdata:distance>5235.25</gpxdata:distance>
          <gpxdata:speed>0.945</gpxdata:speed>
        </extensions>
      </trkpt>
      <trkpt lat="46.8215839" lon="10.2379370">
        <ele>2602.9</ele>
        <time>2026-09-15T12:11:11Z</time>
        <extensions>
          <gpxdata:distance>5242.37</gpxdata:distance>
          <gpxdata:speed>0.938</gpxdata:speed>
        </extensions>
      </trkpt>
      <trkpt lat="46.8215499" lon="10.2378830">
        <ele>2601.4</ele>
        <time>2026-09-15T12:11:17Z</time>
        <extensions>
          <gpxdata:distance>5247.95</gpxdata:distance>
          <gpxdata:speed>0.922</gpxdata:speed>
        </extensions>
      </trkpt>
      <trkpt lat="46.8215329" lon="10.2378160">
        <ele>2599.7</ele>
        <time>2026-09-15T12:11:23Z</time>
        <extensions>
          <gpxdata:distance>5253.39</gpxdata:distance>
          <gpxdata:speed>0.905</gpxdata:speed>
        </extensions>
      </trkpt>
      <trkpt lat="46.8215159" lon="10.2377760">
        <ele>2598.6</ele>
        <time>2026-09-15T12:11:27Z</time>
        <extensions>
          <gpxdata:distance>5256.97</gpxdata:distance>
          <gpxdata:speed>0.902</gpxdata:speed>
        </extensions>
      </trkpt>
      <trkpt lat="46.8214999" lon="10.2376960">
        <ele>2597.1</ele>
        <time>2026-09-15T12:11:34Z</time>
        <extensions>
          <gpxdata:distance>5263.31</gpxdata:distance>
          <gpxdata:speed>0.919</gpxdata:speed>
        </extensions>
      </trkpt>
      <trkpt lat="46.8215019" lon="10.2376180">
        <ele>2596.0</ele>
        <time>2026-09-15T12:11:40Z</time>
        <extensions>
          <gpxdata:distance>5269.25</gpxdata:distance>
          <gpxdata:speed>0.922</gpxdata:speed>
        </extensions>
      </trkpt>
      <trkpt lat="46.8215039" lon="10.2375390">
        <ele>2595.2</ele>
        <time>2026-09-15T12:11:47Z</time>
        <extensions>
          <gpxdata:distance>5275.27</gpxdata:distance>
          <gpxdata:speed>0.908</gpxdata:speed>
        </extensions>
      </trkpt>
      <trkpt lat="46.8215039" lon="10.2375390">
        <ele>2595.2</ele>
        <time>2026-09-15T12:11:47Z</time>
        <extensions>
          <gpxdata:distance>5275.27</gpxdata:distance>
          <gpxdata:speed>0.000</gpxdata:speed>
        </extensions>
      </trkpt>
      <trkpt lat="46.8214859" lon="10.2375380">
        <ele>2594.7</ele>
        <time>2026-09-15T12:11:49Z</time>
        <extensions>
          <gpxdata:distance>5277.27</gpxdata:distance>
          <gpxdata:speed>0.872</gpxdata:speed>
        </extensions>
      </trkpt>
      <trkpt lat="46.8214589" lon="10.2375370">
        <ele>2593.7</ele>
        <time>2026-09-15T12:11:53Z</time>
        <extensions>
          <gpxdata:distance>5280.27</gpxdata:distance>
          <gpxdata:speed>0.872</gpxdata:speed>
        </extensions>
      </trkpt>
      <trkpt lat="46.8214509" lon="10.2375100">
        <ele>2593.1</ele>
        <time>2026-09-15T12:11:55Z</time>
        <extensions>
          <gpxdata:distance>5282.51</gpxdata:distance>
          <gpxdata:speed>0.872</gpxdata:speed>
        </extensions>
      </trkpt>
      <trkpt lat="46.8214149" lon="10.2374950">
        <ele>2592.1</ele>
        <time>2026-09-15T12:12:00Z</time>
        <extensions>
          <gpxdata:distance>5286.67</gpxdata:distance>
          <gpxdata:speed>0.872</gpxdata:speed>
        </extensions>
      </trkpt>
      <trkpt lat="46.8213789" lon="10.2375200">
        <ele>2591.2</ele>
        <time>2026-09-15T12:12:05Z</time>
        <extensions>
          <gpxdata:distance>5291.10</gpxdata:distance>
          <gpxdata:speed>0.872</gpxdata:speed>
        </extensions>
      </trkpt>
      <trkpt lat="46.8213429" lon="10.2375050">
        <ele>2589.9</ele>
        <time>2026-09-15T12:12:10Z</time>
        <extensions>
          <gpxdata:distance>5295.27</gpxdata:distance>
          <gpxdata:speed>0.872</gpxdata:speed>
        </extensions>
      </trkpt>
      <trkpt lat="46.8213069" lon="10.2375160">
        <ele>2589.0</ele>
        <time>2026-09-15T12:12:14Z</time>
        <extensions>
          <gpxdata:distance>5299.36</gpxdata:distance>
          <gpxdata:speed>0.872</gpxdata:speed>
        </extensions>
      </trkpt>
      <trkpt lat="46.8212889" lon="10.2375150">
        <ele>2588.6</ele>
        <time>2026-09-15T12:12:17Z</time>
        <extensions>
          <gpxdata:distance>5301.36</gpxdata:distance>
          <gpxdata:speed>0.872</gpxdata:speed>
        </extensions>
      </trkpt>
      <trkpt lat="46.8212529" lon="10.2374870">
        <ele>2588.3</ele>
        <time>2026-09-15T12:12:22Z</time>
        <extensions>
          <gpxdata:distance>5305.89</gpxdata:distance>
          <gpxdata:speed>0.872</gpxdata:speed>
        </extensions>
      </trkpt>
      <trkpt lat="46.8212349" lon="10.2374990">
        <ele>2587.9</ele>
        <time>2026-09-15T12:12:24Z</time>
        <extensions>
          <gpxdata:distance>5308.09</gpxdata:distance>
          <gpxdata:speed>0.872</gpxdata:speed>
        </extensions>
      </trkpt>
      <trkpt lat="46.8212069" lon="10.2375240">
        <ele>2586.6</ele>
        <time>2026-09-15T12:12:29Z</time>
        <extensions>
          <gpxdata:distance>5311.74</gpxdata:distance>
          <gpxdata:speed>0.872</gpxdata:speed>
        </extensions>
      </trkpt>
      <trkpt lat="46.8211799" lon="10.2375220">
        <ele>2586.0</ele>
        <time>2026-09-15T12:12:32Z</time>
        <extensions>
          <gpxdata:distance>5314.75</gpxdata:distance>
          <gpxdata:speed>0.872</gpxdata:speed>
        </extensions>
      </trkpt>
      <trkpt lat="46.8211619" lon="10.2375210">
        <ele>2585.7</ele>
        <time>2026-09-15T12:12:34Z</time>
        <extensions>
          <gpxdata:distance>5316.75</gpxdata:distance>
          <gpxdata:speed>0.872</gpxdata:speed>
        </extensions>
      </trkpt>
      <trkpt lat="46.8211009" lon="10.2374660">
        <ele>2584.1</ele>
        <time>2026-09-15T12:12:44Z</time>
        <extensions>
          <gpxdata:distance>5324.72</gpxdata:distance>
          <gpxdata:speed>0.872</gpxdata:speed>
        </extensions>
      </trkpt>
      <trkpt lat="46.8210659" lon="10.2373980">
        <ele>2583.6</ele>
        <time>2026-09-15T12:12:51Z</time>
        <extensions>
          <gpxdata:distance>5331.20</gpxdata:distance>
          <gpxdata:speed>0.905</gpxdata:speed>
        </extensions>
      </trkpt>
      <trkpt lat="46.8210489" lon="10.2373580">
        <ele>2583.2</ele>
        <time>2026-09-15T12:12:55Z</time>
        <extensions>
          <gpxdata:distance>5334.78</gpxdata:distance>
          <gpxdata:speed>0.921</gpxdata:speed>
        </extensions>
      </trkpt>
      <trkpt lat="46.8210139" lon="10.2373430">
        <ele>2582.8</ele>
        <time>2026-09-15T12:12:59Z</time>
        <extensions>
          <gpxdata:distance>5338.83</gpxdata:distance>
          <gpxdata:speed>0.934</gpxdata:speed>
        </extensions>
      </trkpt>
      <trkpt lat="46.8209869" lon="10.2373160">
        <ele>2582.6</ele>
        <time>2026-09-15T12:13:03Z</time>
        <extensions>
          <gpxdata:distance>5342.47</gpxdata:distance>
          <gpxdata:speed>0.932</gpxdata:speed>
        </extensions>
      </trkpt>
      <trkpt lat="46.8209529" lon="10.2372480">
        <ele>2582.7</ele>
        <time>2026-09-15T12:13:10Z</time>
        <extensions>
          <gpxdata:distance>5348.88</gpxdata:distance>
          <gpxdata:speed>0.920</gpxdata:speed>
        </extensions>
      </trkpt>
      <trkpt lat="46.8209269" lon="10.2372210">
        <ele>2582.0</ele>
        <time>2026-09-15T12:13:14Z</time>
        <extensions>
          <gpxdata:distance>5352.43</gpxdata:distance>
          <gpxdata:speed>0.906</gpxdata:speed>
        </extensions>
      </trkpt>
      <trkpt lat="46.8208899" lon="10.2372450">
        <ele>2580.7</ele>
        <time>2026-09-15T12:13:19Z</time>
        <extensions>
          <gpxdata:distance>5356.93</gpxdata:distance>
          <gpxdata:speed>0.918</gpxdata:speed>
        </extensions>
      </trkpt>
      <trkpt lat="46.8208099" lon="10.2372280">
        <ele>2579.7</ele>
        <time>2026-09-15T12:13:28Z</time>
        <extensions>
          <gpxdata:distance>5365.92</gpxdata:distance>
          <gpxdata:speed>0.915</gpxdata:speed>
        </extensions>
      </trkpt>
      <trkpt lat="46.8207199" lon="10.2372230">
        <ele>2576.9</ele>
        <time>2026-09-15T12:13:39Z</time>
        <extensions>
          <gpxdata:distance>5375.93</gpxdata:distance>
          <gpxdata:speed>0.931</gpxdata:speed>
        </extensions>
      </trkpt>
      <trkpt lat="46.8206119" lon="10.2372310">
        <ele>2574.6</ele>
        <time>2026-09-15T12:13:52Z</time>
        <extensions>
          <gpxdata:distance>5387.96</gpxdata:distance>
          <gpxdata:speed>0.928</gpxdata:speed>
        </extensions>
      </trkpt>
      <trkpt lat="46.8205669" lon="10.2372280">
        <ele>2573.2</ele>
        <time>2026-09-15T12:13:58Z</time>
        <extensions>
          <gpxdata:distance>5392.97</gpxdata:distance>
          <gpxdata:speed>0.910</gpxdata:speed>
        </extensions>
      </trkpt>
      <trkpt lat="46.8205029" lon="10.2372380">
        <ele>2571.0</ele>
        <time>2026-09-15T12:14:06Z</time>
        <extensions>
          <gpxdata:distance>5400.12</gpxdata:distance>
          <gpxdata:speed>0.882</gpxdata:speed>
        </extensions>
      </trkpt>
      <trkpt lat="46.8204589" lon="10.2372230">
        <ele>2569.7</ele>
        <time>2026-09-15T12:14:12Z</time>
        <extensions>
          <gpxdata:distance>5405.15</gpxdata:distance>
          <gpxdata:speed>0.872</gpxdata:speed>
        </extensions>
      </trkpt>
      <trkpt lat="46.8204489" lon="10.2372610">
        <ele>2568.3</ele>
        <time>2026-09-15T12:14:15Z</time>
        <extensions>
          <gpxdata:distance>5408.24</gpxdata:distance>
          <gpxdata:speed>0.872</gpxdata:speed>
        </extensions>
      </trkpt>
      <trkpt lat="46.8203929" lon="10.2373240">
        <ele>2564.8</ele>
        <time>2026-09-15T12:14:24Z</time>
        <extensions>
          <gpxdata:distance>5416.10</gpxdata:distance>
          <gpxdata:speed>0.872</gpxdata:speed>
        </extensions>
      </trkpt>
      <trkpt lat="46.8203729" lon="10.2374020">
        <ele>2562.6</ele>
        <time>2026-09-15T12:14:31Z</time>
        <extensions>
          <gpxdata:distance>5422.44</gpxdata:distance>
          <gpxdata:speed>0.872</gpxdata:speed>
        </extensions>
      </trkpt>
      <trkpt lat="46.8203349" lon="10.2374780">
        <ele>2560.5</ele>
        <time>2026-09-15T12:14:40Z</time>
        <extensions>
          <gpxdata:distance>5429.60</gpxdata:distance>
          <gpxdata:speed>0.872</gpxdata:speed>
        </extensions>
      </trkpt>
      <trkpt lat="46.8203249" lon="10.2375430">
        <ele>2559.7</ele>
        <time>2026-09-15T12:14:45Z</time>
        <extensions>
          <gpxdata:distance>5434.67</gpxdata:distance>
          <gpxdata:speed>0.872</gpxdata:speed>
        </extensions>
      </trkpt>
      <trkpt lat="46.8202749" lon="10.2377240">
        <ele>2556.6</ele>
        <time>2026-09-15T12:15:02Z</time>
        <extensions>
          <gpxdata:distance>5449.52</gpxdata:distance>
          <gpxdata:speed>0.872</gpxdata:speed>
        </extensions>
      </trkpt>
      <trkpt lat="46.8202469" lon="10.2377890">
        <ele>2555.8</ele>
        <time>2026-09-15T12:15:09Z</time>
        <extensions>
          <gpxdata:distance>5455.37</gpxdata:distance>
          <gpxdata:speed>0.872</gpxdata:speed>
        </extensions>
      </trkpt>
      <trkpt lat="46.8201919" lon="10.2378120">
        <ele>2555.9</ele>
        <time>2026-09-15T12:15:16Z</time>
        <extensions>
          <gpxdata:distance>5461.73</gpxdata:distance>
          <gpxdata:speed>0.872</gpxdata:speed>
        </extensions>
      </trkpt>
      <trkpt lat="46.8200469" lon="10.2378440">
        <ele>2555.8</ele>
        <time>2026-09-15T12:15:35Z</time>
        <extensions>
          <gpxdata:distance>5478.04</gpxdata:distance>
          <gpxdata:speed>0.885</gpxdata:speed>
        </extensions>
      </trkpt>
      <trkpt lat="46.8200019" lon="10.2378810">
        <ele>2555.4</ele>
        <time>2026-09-15T12:15:41Z</time>
        <extensions>
          <gpxdata:distance>5483.78</gpxdata:distance>
          <gpxdata:speed>0.912</gpxdata:speed>
        </extensions>
      </trkpt>
      <trkpt lat="46.8199569" lon="10.2378780">
        <ele>2555.1</ele>
        <time>2026-09-15T12:15:47Z</time>
        <extensions>
          <gpxdata:distance>5488.79</gpxdata:distance>
          <gpxdata:speed>0.925</gpxdata:speed>
        </extensions>
      </trkpt>
      <trkpt lat="46.8198929" lon="10.2379140">
        <ele>2554.9</ele>
        <time>2026-09-15T12:15:55Z</time>
        <extensions>
          <gpxdata:distance>5496.41</gpxdata:distance>
          <gpxdata:speed>0.898</gpxdata:speed>
        </extensions>
      </trkpt>
      <trkpt lat="46.8196769" lon="10.2379030">
        <ele>2553.0</ele>
        <time>2026-09-15T12:16:21Z</time>
        <extensions>
          <gpxdata:distance>5520.44</gpxdata:distance>
          <gpxdata:speed>0.913</gpxdata:speed>
        </extensions>
      </trkpt>
      <trkpt lat="46.8195059" lon="10.2379070">
        <ele>2551.5</ele>
        <time>2026-09-15T12:16:42Z</time>
        <extensions>
          <gpxdata:distance>5539.46</gpxdata:distance>
          <gpxdata:speed>0.918</gpxdata:speed>
        </extensions>
      </trkpt>
      <trkpt lat="46.8194169" lon="10.2378630">
        <ele>2550.3</ele>
        <time>2026-09-15T12:16:53Z</time>
        <extensions>
          <gpxdata:distance>5549.91</gpxdata:distance>
          <gpxdata:speed>0.934</gpxdata:speed>
        </extensions>
      </trkpt>
      <trkpt lat="46.8193449" lon="10.2378600">
        <ele>2549.1</ele>
        <time>2026-09-15T12:17:02Z</time>
        <extensions>
          <gpxdata:distance>5557.92</gpxdata:distance>
          <gpxdata:speed>0.932</gpxdata:speed>
        </extensions>
      </trkpt>
      <trkpt lat="46.8192629" lon="10.2378820">
        <ele>2547.5</ele>
        <time>2026-09-15T12:17:12Z</time>
        <extensions>
          <gpxdata:distance>5567.19</gpxdata:distance>
          <gpxdata:speed>0.916</gpxdata:speed>
        </extensions>
      </trkpt>
      <trkpt lat="46.8192449" lon="10.2379070">
        <ele>2546.8</ele>
        <time>2026-09-15T12:17:15Z</time>
        <extensions>
          <gpxdata:distance>5569.95</gpxdata:distance>
          <gpxdata:speed>0.897</gpxdata:speed>
        </extensions>
      </trkpt>
      <trkpt lat="46.8192089" lon="10.2379050">
        <ele>2545.6</ele>
        <time>2026-09-15T12:17:20Z</time>
        <extensions>
          <gpxdata:distance>5573.96</gpxdata:distance>
          <gpxdata:speed>0.902</gpxdata:speed>
        </extensions>
      </trkpt>
      <trkpt lat="46.8191179" lon="10.2379270">
        <ele>2545.0</ele>
        <time>2026-09-15T12:17:31Z</time>
        <extensions>
          <gpxdata:distance>5584.21</gpxdata:distance>
          <gpxdata:speed>0.900</gpxdata:speed>
        </extensions>
      </trkpt>
      <trkpt lat="46.8189409" lon="10.2378119">
        <ele>2542.8</ele>
        <time>2026-09-15T12:17:55Z</time>
        <extensions>
          <gpxdata:distance>5605.75</gpxdata:distance>
          <gpxdata:speed>0.904</gpxdata:speed>
        </extensions>
      </trkpt>
      <trkpt lat="46.8188879" lon="10.2377699">
        <ele>2541.1</ele>
        <time>2026-09-15T12:18:02Z</time>
        <extensions>
          <gpxdata:distance>5612.46</gpxdata:distance>
          <gpxdata:speed>0.921</gpxdata:speed>
        </extensions>
      </trkpt>
      <trkpt lat="46.8188249" lon="10.2377669">
        <ele>2540.0</ele>
        <time>2026-09-15T12:18:10Z</time>
        <extensions>
          <gpxdata:distance>5619.47</gpxdata:distance>
          <gpxdata:speed>0.934</gpxdata:speed>
        </extensions>
      </trkpt>
      <trkpt lat="46.8187719" lon="10.2377249">
        <ele>2539.4</ele>
        <time>2026-09-15T12:18:17Z</time>
        <extensions>
          <gpxdata:distance>5626.17</gpxdata:distance>
          <gpxdata:speed>0.934</gpxdata:speed>
        </extensions>
      </trkpt>
      <trkpt lat="46.8186839" lon="10.2376419">
        <ele>2538.9</ele>
        <time>2026-09-15T12:18:29Z</time>
        <extensions>
          <gpxdata:distance>5637.82</gpxdata:distance>
          <gpxdata:speed>0.920</gpxdata:speed>
        </extensions>
      </trkpt>
      <trkpt lat="46.8186399" lon="10.2376129">
        <ele>2538.3</ele>
        <time>2026-09-15T12:18:35Z</time>
        <extensions>
          <gpxdata:distance>5643.18</gpxdata:distance>
          <gpxdata:speed>0.914</gpxdata:speed>
        </extensions>
      </trkpt>
      <trkpt lat="46.8185419" lon="10.2375559">
        <ele>2536.6</ele>
        <time>2026-09-15T12:18:48Z</time>
        <extensions>
          <gpxdata:distance>5654.91</gpxdata:distance>
          <gpxdata:speed>0.913</gpxdata:speed>
        </extensions>
      </trkpt>
      <trkpt lat="46.8185239" lon="10.2375549">
        <ele>2536.2</ele>
        <time>2026-09-15T12:18:50Z</time>
        <extensions>
          <gpxdata:distance>5656.92</gpxdata:distance>
          <gpxdata:speed>0.907</gpxdata:speed>
        </extensions>
      </trkpt>
      <trkpt lat="46.8184609" lon="10.2375509">
        <ele>2534.6</ele>
        <time>2026-09-15T12:18:58Z</time>
        <extensions>
          <gpxdata:distance>5663.93</gpxdata:distance>
          <gpxdata:speed>0.922</gpxdata:speed>
        </extensions>
      </trkpt>
      <trkpt lat="46.8184339" lon="10.2375629">
        <ele>2534.1</ele>
        <time>2026-09-15T12:19:01Z</time>
        <extensions>
          <gpxdata:distance>5667.07</gpxdata:distance>
          <gpxdata:speed>0.933</gpxdata:speed>
        </extensions>
      </trkpt>
      <trkpt lat="46.8182999" lon="10.2375299">
        <ele>2531.2</ele>
        <time>2026-09-15T12:19:17Z</time>
        <extensions>
          <gpxdata:distance>5682.18</gpxdata:distance>
          <gpxdata:speed>0.933</gpxdata:speed>
        </extensions>
      </trkpt>
      <trkpt lat="46.8182359" lon="10.2375529">
        <ele>2530.0</ele>
        <time>2026-09-15T12:19:25Z</time>
        <extensions>
          <gpxdata:distance>5689.50</gpxdata:distance>
          <gpxdata:speed>0.933</gpxdata:speed>
        </extensions>
      </trkpt>
      <trkpt lat="46.8181279" lon="10.2375599">
        <ele>2525.3</ele>
        <time>2026-09-15T12:19:39Z</time>
        <extensions>
          <gpxdata:distance>5701.53</gpxdata:distance>
          <gpxdata:speed>0.889</gpxdata:speed>
        </extensions>
      </trkpt>
      <trkpt lat="46.8180469" lon="10.2375819">
        <ele>2522.7</ele>
        <time>2026-09-15T12:19:49Z</time>
        <extensions>
          <gpxdata:distance>5710.69</gpxdata:distance>
          <gpxdata:speed>0.872</gpxdata:speed>
        </extensions>
      </trkpt>
      <trkpt lat="46.8179359" lon="10.2377079">
        <ele>2518.9</ele>
        <time>2026-09-15T12:20:07Z</time>
        <extensions>
          <gpxdata:distance>5726.32</gpxdata:distance>
          <gpxdata:speed>0.872</gpxdata:speed>
        </extensions>
      </trkpt>
      <trkpt lat="46.8178799" lon="10.2377569">
        <ele>2517.4</ele>
        <time>2026-09-15T12:20:16Z</time>
        <extensions>
          <gpxdata:distance>5733.57</gpxdata:distance>
          <gpxdata:speed>0.872</gpxdata:speed>
        </extensions>
      </trkpt>
      <trkpt lat="46.8177969" lon="10.2378319">
        <ele>2515.3</ele>
        <time>2026-09-15T12:20:28Z</time>
        <extensions>
          <gpxdata:distance>5744.42</gpxdata:distance>
          <gpxdata:speed>0.872</gpxdata:speed>
        </extensions>
      </trkpt>
      <trkpt lat="46.8176879" lon="10.2378779">
        <ele>2512.8</ele>
        <time>2026-09-15T12:20:43Z</time>
        <extensions>
          <gpxdata:distance>5757.04</gpxdata:distance>
          <gpxdata:speed>0.872</gpxdata:speed>
        </extensions>
      </trkpt>
      <trkpt lat="46.8176329" lon="10.2379409">
        <ele>2511.7</ele>
        <time>2026-09-15T12:20:51Z</time>
        <extensions>
          <gpxdata:distance>5764.81</gpxdata:distance>
          <gpxdata:speed>0.872</gpxdata:speed>
        </extensions>
      </trkpt>
      <trkpt lat="46.8175679" lon="10.2380289">
        <ele>2510.6</ele>
        <time>2026-09-15T12:21:03Z</time>
        <extensions>
          <gpxdata:distance>5774.66</gpxdata:distance>
          <gpxdata:speed>0.872</gpxdata:speed>
        </extensions>
      </trkpt>
      <trkpt lat="46.8175209" lon="10.2381059">
        <ele>2510.0</ele>
        <time>2026-09-15T12:21:12Z</time>
        <extensions>
          <gpxdata:distance>5782.51</gpxdata:distance>
          <gpxdata:speed>0.872</gpxdata:speed>
        </extensions>
      </trkpt>
      <trkpt lat="46.8174839" lon="10.2381429">
        <ele>2509.0</ele>
        <time>2026-09-15T12:21:17Z</time>
        <extensions>
          <gpxdata:distance>5787.50</gpxdata:distance>
          <gpxdata:speed>0.886</gpxdata:speed>
        </extensions>
      </trkpt>
      <trkpt lat="46.8174199" lon="10.2381659">
        <ele>2507.7</ele>
        <time>2026-09-15T12:21:25Z</time>
        <extensions>
          <gpxdata:distance>5794.83</gpxdata:distance>
          <gpxdata:speed>0.901</gpxdata:speed>
        </extensions>
      </trkpt>
      <trkpt lat="46.8173929" lon="10.2381649">
        <ele>2506.9</ele>
        <time>2026-09-15T12:21:29Z</time>
        <extensions>
          <gpxdata:distance>5797.83</gpxdata:distance>
          <gpxdata:speed>0.916</gpxdata:speed>
        </extensions>
      </trkpt>
      <trkpt lat="46.8173309" lon="10.2381479">
        <ele>2505.0</ele>
        <time>2026-09-15T12:21:37Z</time>
        <extensions>
          <gpxdata:distance>5804.85</gpxdata:distance>
          <gpxdata:speed>0.907</gpxdata:speed>
        </extensions>
      </trkpt>
      <trkpt lat="46.8171059" lon="10.2381499">
        <ele>2500.7</ele>
        <time>2026-09-15T12:22:04Z</time>
        <extensions>
          <gpxdata:distance>5829.87</gpxdata:distance>
          <gpxdata:speed>0.912</gpxdata:speed>
        </extensions>
      </trkpt>
      <trkpt lat="46.8169619" lon="10.2381289">
        <ele>2498.9</ele>
        <time>2026-09-15T12:22:21Z</time>
        <extensions>
          <gpxdata:distance>5845.96</gpxdata:distance>
          <gpxdata:speed>0.931</gpxdata:speed>
        </extensions>
      </trkpt>
      <trkpt lat="46.8168629" lon="10.2381109">
        <ele>2497.1</ele>
        <time>2026-09-15T12:22:33Z</time>
        <extensions>
          <gpxdata:distance>5857.05</gpxdata:distance>
          <gpxdata:speed>0.929</gpxdata:speed>
        </extensions>
      </trkpt>
      <trkpt lat="46.8168099" lon="10.2380949">
        <ele>2496.0</ele>
        <time>2026-09-15T12:22:40Z</time>
        <extensions>
          <gpxdata:distance>5863.07</gpxdata:distance>
          <gpxdata:speed>0.919</gpxdata:speed>
        </extensions>
      </trkpt>
      <trkpt lat="46.8167569" lon="10.2380659">
        <ele>2494.9</ele>
        <time>2026-09-15T12:22:47Z</time>
        <extensions>
          <gpxdata:distance>5869.36</gpxdata:distance>
          <gpxdata:speed>0.907</gpxdata:speed>
        </extensions>
      </trkpt>
      <trkpt lat="46.8167209" lon="10.2380379">
        <ele>2493.9</ele>
        <time>2026-09-15T12:22:52Z</time>
        <extensions>
          <gpxdata:distance>5873.90</gpxdata:distance>
          <gpxdata:speed>0.906</gpxdata:speed>
        </extensions>
      </trkpt>
      <trkpt lat="46.8166939" lon="10.2380359">
        <ele>2492.9</ele>
        <time>2026-09-15T12:22:55Z</time>
        <extensions>
          <gpxdata:distance>5876.90</gpxdata:distance>
          <gpxdata:speed>0.899</gpxdata:speed>
        </extensions>
      </trkpt>
      <trkpt lat="46.8166759" lon="10.2380489">
        <ele>2492.3</ele>
        <time>2026-09-15T12:22:57Z</time>
        <extensions>
          <gpxdata:distance>5879.13</gpxdata:distance>
          <gpxdata:speed>0.900</gpxdata:speed>
        </extensions>
      </trkpt>
      <trkpt lat="46.8166839" lon="10.2381019">
        <ele>2492.3</ele>
        <time>2026-09-15T12:23:02Z</time>
        <extensions>
          <gpxdata:distance>5883.26</gpxdata:distance>
          <gpxdata:speed>0.924</gpxdata:speed>
        </extensions>
      </trkpt>
      <trkpt lat="46.8166829" lon="10.2381279">
        <ele>2492.1</ele>
        <time>2026-09-15T12:23:04Z</time>
        <extensions>
          <gpxdata:distance>5885.25</gpxdata:distance>
          <gpxdata:speed>0.933</gpxdata:speed>
        </extensions>
      </trkpt>
      <trkpt lat="46.8166449" lon="10.2382169">
        <ele>2491.4</ele>
        <time>2026-09-15T12:23:13Z</time>
        <extensions>
          <gpxdata:distance>5893.23</gpxdata:distance>
          <gpxdata:speed>0.928</gpxdata:speed>
        </extensions>
      </trkpt>
      <trkpt lat="46.8165789" lon="10.2383319">
        <ele>2489.8</ele>
        <time>2026-09-15T12:23:25Z</time>
        <extensions>
          <gpxdata:distance>5904.65</gpxdata:distance>
          <gpxdata:speed>0.935</gpxdata:speed>
        </extensions>
      </trkpt>
      <trkpt lat="46.8165219" lon="10.2384469">
        <ele>2489.0</ele>
        <time>2026-09-15T12:23:37Z</time>
        <extensions>
          <gpxdata:distance>5915.45</gpxdata:distance>
          <gpxdata:speed>0.925</gpxdata:speed>
        </extensions>
      </trkpt>
      <trkpt lat="46.8165019" lon="10.2385249">
        <ele>2489.1</ele>
        <time>2026-09-15T12:23:44Z</time>
        <extensions>
          <gpxdata:distance>5921.79</gpxdata:distance>
          <gpxdata:speed>0.904</gpxdata:speed>
        </extensions>
      </trkpt>
      <trkpt lat="46.8164649" lon="10.2385879">
        <ele>2488.3</ele>
        <time>2026-09-15T12:23:51Z</time>
        <extensions>
          <gpxdata:distance>5928.11</gpxdata:distance>
          <gpxdata:speed>0.897</gpxdata:speed>
        </extensions>
      </trkpt>
      <trkpt lat="46.8164459" lon="10.2386009">
        <ele>2488.1</ele>
        <time>2026-09-15T12:23:53Z</time>
        <extensions>
          <gpxdata:distance>5930.44</gpxdata:distance>
          <gpxdata:speed>0.905</gpxdata:speed>
        </extensions>
      </trkpt>
      <trkpt lat="46.8163309" lon="10.2385549">
        <ele>2486.2</ele>
        <time>2026-09-15T12:24:08Z</time>
        <extensions>
          <gpxdata:distance>5943.70</gpxdata:distance>
          <gpxdata:speed>0.900</gpxdata:speed>
        </extensions>
      </trkpt>
      <trkpt lat="46.8162849" lon="10.2385659">
        <ele>2485.6</ele>
        <time>2026-09-15T12:24:14Z</time>
        <extensions>
          <gpxdata:distance>5948.88</gpxdata:distance>
          <gpxdata:speed>0.896</gpxdata:speed>
        </extensions>
      </trkpt>
      <trkpt lat="46.8162319" lon="10.2385369">
        <ele>2484.7</ele>
        <time>2026-09-15T12:24:21Z</time>
        <extensions>
          <gpxdata:distance>5955.18</gpxdata:distance>
          <gpxdata:speed>0.900</gpxdata:speed>
        </extensions>
      </trkpt>
      <trkpt lat="46.8161779" lon="10.2385209">
        <ele>2483.8</ele>
        <time>2026-09-15T12:24:27Z</time>
        <extensions>
          <gpxdata:distance>5961.30</gpxdata:distance>
          <gpxdata:speed>0.905</gpxdata:speed>
        </extensions>
      </trkpt>
      <trkpt lat="46.8161779" lon="10.2385209">
        <ele>2483.8</ele>
        <time>2026-09-15T12:24:27Z</time>
        <extensions>
          <gpxdata:distance>5961.30</gpxdata:distance>
          <gpxdata:speed>0.000</gpxdata:speed>
        </extensions>
      </trkpt>
      <trkpt lat="46.8161799" lon="10.2384689">
        <ele>2484.0</ele>
        <time>2026-09-15T12:24:32Z</time>
        <extensions>
          <gpxdata:distance>5965.27</gpxdata:distance>
          <gpxdata:speed>0.895</gpxdata:speed>
        </extensions>
      </trkpt>
      <trkpt lat="46.8161809" lon="10.2384289">
        <ele>2484.0</ele>
        <time>2026-09-15T12:24:35Z</time>
        <extensions>
          <gpxdata:distance>5968.31</gpxdata:distance>
          <gpxdata:speed>0.903</gpxdata:speed>
        </extensions>
      </trkpt>
      <trkpt lat="46.8161549" lon="10.2383619">
        <ele>2484.1</ele>
        <time>2026-09-15T12:24:42Z</time>
        <extensions>
          <gpxdata:distance>5974.17</gpxdata:distance>
          <gpxdata:speed>0.904</gpxdata:speed>
        </extensions>
      </trkpt>
      <trkpt lat="46.8161479" lon="10.2383099">
        <ele>2484.3</ele>
        <time>2026-09-15T12:24:46Z</time>
        <extensions>
          <gpxdata:distance>5978.21</gpxdata:distance>
          <gpxdata:speed>0.916</gpxdata:speed>
        </extensions>
      </trkpt>
      <trkpt lat="46.8161319" lon="10.2381909">
        <ele>2485.4</ele>
        <time>2026-09-15T12:24:55Z</time>
        <extensions>
          <gpxdata:distance>5987.44</gpxdata:distance>
          <gpxdata:speed>0.989</gpxdata:speed>
        </extensions>
      </trkpt>
      <trkpt lat="46.8161289" lon="10.2379809">
        <ele>2487.4</ele>
        <time>2026-09-15T12:25:13Z</time>
        <extensions>
          <gpxdata:distance>6003.42</gpxdata:distance>
          <gpxdata:speed>0.929</gpxdata:speed>
        </extensions>
      </trkpt>
      <trkpt lat="46.8161319" lon="10.2378239">
        <ele>2488.3</ele>
        <time>2026-09-15T12:25:27Z</time>
        <extensions>
          <gpxdata:distance>6015.37</gpxdata:distance>
          <gpxdata:speed>0.860</gpxdata:speed>
        </extensions>
      </trkpt>
      <trkpt lat="46.8161479" lon="10.2375619">
        <ele>2488.9</ele>
        <time>2026-09-15T12:25:51Z</time>
        <extensions>
          <gpxdata:distance>6035.39</gpxdata:distance>
          <gpxdata:speed>0.836</gpxdata:speed>
        </extensions>
      </trkpt>
      <trkpt lat="46.8161709" lon="10.2373539">
        <ele>2489.1</ele>
        <time>2026-09-15T12:26:09Z</time>
        <extensions>
          <gpxdata:distance>6051.42</gpxdata:distance>
          <gpxdata:speed>0.862</gpxdata:speed>
        </extensions>
      </trkpt>
      <trkpt lat="46.8161829" lon="10.2372489">
        <ele>2489.3</ele>
        <time>2026-09-15T12:26:18Z</time>
        <extensions>
          <gpxdata:distance>6059.52</gpxdata:distance>
          <gpxdata:speed>0.869</gpxdata:speed>
        </extensions>
      </trkpt>
      <trkpt lat="46.8161839" lon="10.2371969">
        <ele>2489.3</ele>
        <time>2026-09-15T12:26:23Z</time>
        <extensions>
          <gpxdata:distance>6063.48</gpxdata:distance>
          <gpxdata:speed>0.870</gpxdata:speed>
        </extensions>
      </trkpt>
      <trkpt lat="46.8161669" lon="10.2371569">
        <ele>2489.5</ele>
        <time>2026-09-15T12:26:27Z</time>
        <extensions>
          <gpxdata:distance>6067.06</gpxdata:distance>
          <gpxdata:speed>0.864</gpxdata:speed>
        </extensions>
      </trkpt>
      <trkpt lat="46.8161489" lon="10.2371299">
        <ele>2489.6</ele>
        <time>2026-09-15T12:26:30Z</time>
        <extensions>
          <gpxdata:distance>6069.93</gpxdata:distance>
          <gpxdata:speed>0.865</gpxdata:speed>
        </extensions>
      </trkpt>
      <trkpt lat="46.8160959" lon="10.2370879">
        <ele>2489.7</ele>
        <time>2026-09-15T12:26:38Z</time>
        <extensions>
          <gpxdata:distance>6076.63</gpxdata:distance>
          <gpxdata:speed>0.890</gpxdata:speed>
        </extensions>
      </trkpt>
      <trkpt lat="46.8160349" lon="10.2370448">
        <ele>2489.9</ele>
        <time>2026-09-15T12:26:46Z</time>
        <extensions>
          <gpxdata:distance>6084.17</gpxdata:distance>
          <gpxdata:speed>0.934</gpxdata:speed>
        </extensions>
      </trkpt>
      <trkpt lat="46.8159809" lon="10.2370158">
        <ele>2490.1</ele>
        <time>2026-09-15T12:26:53Z</time>
        <extensions>
          <gpxdata:distance>6090.57</gpxdata:distance>
          <gpxdata:speed>0.952</gpxdata:speed>
        </extensions>
      </trkpt>
      <trkpt lat="46.8159549" lon="10.2369748">
        <ele>2490.3</ele>
        <time>2026-09-15T12:26:57Z</time>
        <extensions>
          <gpxdata:distance>6094.82</gpxdata:distance>
          <gpxdata:speed>0.953</gpxdata:speed>
        </extensions>
      </trkpt>
      <trkpt lat="46.8159129" lon="10.2368808">
        <ele>2491.3</ele>
        <time>2026-09-15T12:27:07Z</time>
        <extensions>
          <gpxdata:distance>6103.36</gpxdata:distance>
          <gpxdata:speed>0.905</gpxdata:speed>
        </extensions>
      </trkpt>
      <trkpt lat="46.8158699" lon="10.2367608">
        <ele>2492.9</ele>
        <time>2026-09-15T12:27:19Z</time>
        <extensions>
          <gpxdata:distance>6113.67</gpxdata:distance>
          <gpxdata:speed>0.842</gpxdata:speed>
        </extensions>
      </trkpt>
      <trkpt lat="46.8158699" lon="10.2367608">
        <ele>2492.9</ele>
        <time>2026-09-15T12:27:19Z</time>
        <extensions>
          <gpxdata:distance>6113.67</gpxdata:distance>
          <gpxdata:speed>0.000</gpxdata:speed>
        </extensions>
      </trkpt>
      <trkpt lat="46.8158279" lon="10.2366538">
        <ele>2494.4</ele>
        <time>2026-09-15T12:27:31Z</time>
        <extensions>
          <gpxdata:distance>6123.06</gpxdata:distance>
          <gpxdata:speed>0.787</gpxdata:speed>
        </extensions>
      </trkpt>
      <trkpt lat="46.8157759" lon="10.2365598">
        <ele>2495.7</ele>
        <time>2026-09-15T12:27:43Z</time>
        <extensions>
          <gpxdata:distance>6132.25</gpxdata:distance>
          <gpxdata:speed>0.759</gpxdata:speed>
        </extensions>
      </trkpt>
      <trkpt lat="46.8157419" lon="10.2364918">
        <ele>2496.4</ele>
        <time>2026-09-15T12:27:52Z</time>
        <extensions>
          <gpxdata:distance>6138.66</gpxdata:distance>
          <gpxdata:speed>0.734</gpxdata:speed>
        </extensions>
      </trkpt>
      <trkpt lat="46.8157169" lon="10.2364248">
        <ele>2497.1</ele>
        <time>2026-09-15T12:28:00Z</time>
        <extensions>
          <gpxdata:distance>6144.47</gpxdata:distance>
          <gpxdata:speed>0.706</gpxdata:speed>
        </extensions>
      </trkpt>
      <trkpt lat="46.8156649" lon="10.2363438">
        <ele>2498.0</ele>
        <time>2026-09-15T12:28:12Z</time>
        <extensions>
          <gpxdata:distance>6152.92</gpxdata:distance>
          <gpxdata:speed>0.688</gpxdata:speed>
        </extensions>
      </trkpt>
      <trkpt lat="46.8156049" lon="10.2362098">
        <ele>2498.8</ele>
        <time>2026-09-15T12:28:30Z</time>
        <extensions>
          <gpxdata:distance>6165.11</gpxdata:distance>
          <gpxdata:speed>0.702</gpxdata:speed>
        </extensions>
      </trkpt>
      <trkpt lat="46.8155799" lon="10.2361168">
        <ele>2499.2</ele>
        <time>2026-09-15T12:28:40Z</time>
        <extensions>
          <gpxdata:distance>6172.71</gpxdata:distance>
          <gpxdata:speed>0.719</gpxdata:speed>
        </extensions>
      </trkpt>
      <trkpt lat="46.8155639" lon="10.2360238">
        <ele>2499.1</ele>
        <time>2026-09-15T12:28:50Z</time>
        <extensions>
          <gpxdata:distance>6180.01</gpxdata:distance>
          <gpxdata:speed>0.771</gpxdata:speed>
        </extensions>
      </trkpt>
      <trkpt lat="46.8155669" lon="10.2359318">
        <ele>2498.9</ele>
        <time>2026-09-15T12:28:58Z</time>
        <extensions>
          <gpxdata:distance>6187.02</gpxdata:distance>
          <gpxdata:speed>0.802</gpxdata:speed>
        </extensions>
      </trkpt>
      <trkpt lat="46.8155689" lon="10.2358408">
        <ele>2498.8</ele>
        <time>2026-09-15T12:29:06Z</time>
        <extensions>
          <gpxdata:distance>6193.94</gpxdata:distance>
          <gpxdata:speed>0.854</gpxdata:speed>
        </extensions>
      </trkpt>
      <trkpt lat="46.8155619" lon="10.2357618">
        <ele>2498.7</ele>
        <time>2026-09-15T12:29:13Z</time>
        <extensions>
          <gpxdata:distance>6200.01</gpxdata:distance>
          <gpxdata:speed>0.900</gpxdata:speed>
        </extensions>
      </trkpt>
      <trkpt lat="46.8155629" lon="10.2357218">
        <ele>2498.5</ele>
        <time>2026-09-15T12:29:16Z</time>
        <extensions>
          <gpxdata:distance>6203.05</gpxdata:distance>
          <gpxdata:speed>0.930</gpxdata:speed>
        </extensions>
      </trkpt>
      <trkpt lat="46.8155289" lon="10.2356288">
        <ele>2498.3</ele>
        <time>2026-09-15T12:29:25Z</time>
        <extensions>
          <gpxdata:distance>6211.07</gpxdata:distance>
          <gpxdata:speed>0.967</gpxdata:speed>
        </extensions>
      </trkpt>
      <trkpt lat="46.8154949" lon="10.2355348">
        <ele>2498.2</ele>
        <time>2026-09-15T12:29:33Z</time>
        <extensions>
          <gpxdata:distance>6219.17</gpxdata:distance>
          <gpxdata:speed>1.005</gpxdata:speed>
        </extensions>
      </trkpt>
      <trkpt lat="46.8154009" lon="10.2353338">
        <ele>2500.1</ele>
        <time>2026-09-15T12:29:52Z</time>
        <extensions>
          <gpxdata:distance>6237.69</gpxdata:distance>
          <gpxdata:speed>0.967</gpxdata:speed>
        </extensions>
      </trkpt>
      <trkpt lat="46.8153849" lon="10.2352808">
        <ele>2500.3</ele>
        <time>2026-09-15T12:29:57Z</time>
        <extensions>
          <gpxdata:distance>6242.10</gpxdata:distance>
          <gpxdata:speed>0.972</gpxdata:speed>
        </extensions>
      </trkpt>
      <trkpt lat="46.8153699" lon="10.2351618">
        <ele>2499.9</ele>
        <time>2026-09-15T12:30:06Z</time>
        <extensions>
          <gpxdata:distance>6251.31</gpxdata:distance>
          <gpxdata:speed>0.984</gpxdata:speed>
        </extensions>
      </trkpt>
      <trkpt lat="46.8153539" lon="10.2350558">
        <ele>2499.8</ele>
        <time>2026-09-15T12:30:14Z</time>
        <extensions>
          <gpxdata:distance>6259.57</gpxdata:distance>
          <gpxdata:speed>0.981</gpxdata:speed>
        </extensions>
      </trkpt>
      <trkpt lat="46.8153299" lon="10.2349368">
        <ele>2500.0</ele>
        <time>2026-09-15T12:30:24Z</time>
        <extensions>
          <gpxdata:distance>6269.01</gpxdata:distance>
          <gpxdata:speed>0.972</gpxdata:speed>
        </extensions>
      </trkpt>
      <trkpt lat="46.8153149" lon="10.2348178">
        <ele>2500.5</ele>
        <time>2026-09-15T12:30:34Z</time>
        <extensions>
          <gpxdata:distance>6278.22</gpxdata:distance>
          <gpxdata:speed>0.954</gpxdata:speed>
        </extensions>
      </trkpt>
      <trkpt lat="46.8153079" lon="10.2347518">
        <ele>2501.0</ele>
        <time>2026-09-15T12:30:39Z</time>
        <extensions>
          <gpxdata:distance>6283.30</gpxdata:distance>
          <gpxdata:speed>0.933</gpxdata:speed>
        </extensions>
      </trkpt>
      <trkpt lat="46.8152849" lon="10.2345798">
        <ele>2500.9</ele>
        <time>2026-09-15T12:30:53Z</time>
        <extensions>
          <gpxdata:distance>6296.63</gpxdata:distance>
          <gpxdata:speed>0.935</gpxdata:speed>
        </extensions>
      </trkpt>
      <trkpt lat="46.8152729" lon="10.2343438">
        <ele>2501.7</ele>
        <time>2026-09-15T12:31:13Z</time>
        <extensions>
          <gpxdata:distance>6314.64</gpxdata:distance>
          <gpxdata:speed>0.919</gpxdata:speed>
        </extensions>
      </trkpt>
      <trkpt lat="46.8152569" lon="10.2342508">
        <ele>2501.8</ele>
        <time>2026-09-15T12:31:21Z</time>
        <extensions>
          <gpxdata:distance>6321.94</gpxdata:distance>
          <gpxdata:speed>0.961</gpxdata:speed>
        </extensions>
      </trkpt>
      <trkpt lat="46.8151899" lon="10.2340377">
        <ele>2502.0</ele>
        <time>2026-09-15T12:31:39Z</time>
        <extensions>
          <gpxdata:distance>6339.78</gpxdata:distance>
          <gpxdata:speed>0.968</gpxdata:speed>
        </extensions>
      </trkpt>
      <trkpt lat="46.8151749" lon="10.2339057">
        <ele>2502.1</ele>
        <time>2026-09-15T12:31:50Z</time>
        <extensions>
          <gpxdata:distance>6349.97</gpxdata:distance>
          <gpxdata:speed>0.956</gpxdata:speed>
        </extensions>
      </trkpt>
      <trkpt lat="46.8151679" lon="10.2338397">
        <ele>2502.0</ele>
        <time>2026-09-15T12:31:55Z</time>
        <extensions>
          <gpxdata:distance>6355.05</gpxdata:distance>
          <gpxdata:speed>0.954</gpxdata:speed>
        </extensions>
      </trkpt>
      <trkpt lat="46.8151609" lon="10.2337347">
        <ele>2501.8</ele>
        <time>2026-09-15T12:32:03Z</time>
        <extensions>
          <gpxdata:distance>6363.08</gpxdata:distance>
          <gpxdata:speed>0.964</gpxdata:speed>
        </extensions>
      </trkpt>
      <trkpt lat="46.8151629" lon="10.2336827">
        <ele>2501.6</ele>
        <time>2026-09-15T12:32:07Z</time>
        <extensions>
          <gpxdata:distance>6367.04</gpxdata:distance>
          <gpxdata:speed>0.981</gpxdata:speed>
        </extensions>
      </trkpt>
      <trkpt lat="46.8151549" lon="10.2336297">
        <ele>2501.8</ele>
        <time>2026-09-15T12:32:12Z</time>
        <extensions>
          <gpxdata:distance>6371.17</gpxdata:distance>
          <gpxdata:speed>0.989</gpxdata:speed>
        </extensions>
      </trkpt>
      <trkpt lat="46.8151129" lon="10.2335097">
        <ele>2502.9</ele>
        <time>2026-09-15T12:32:22Z</time>
        <extensions>
          <gpxdata:distance>6381.43</gpxdata:distance>
          <gpxdata:speed>0.953</gpxdata:speed>
        </extensions>
      </trkpt>
      <trkpt lat="46.8150869" lon="10.2334557">
        <ele>2502.8</ele>
        <time>2026-09-15T12:32:27Z</time>
        <extensions>
          <gpxdata:distance>6386.45</gpxdata:distance>
          <gpxdata:speed>0.974</gpxdata:speed>
        </extensions>
      </trkpt>
      <trkpt lat="46.8150439" lon="10.2334007">
        <ele>2502.8</ele>
        <time>2026-09-15T12:32:34Z</time>
        <extensions>
          <gpxdata:distance>6392.81</gpxdata:distance>
          <gpxdata:speed>0.977</gpxdata:speed>
        </extensions>
      </trkpt>
      <trkpt lat="46.8150439" lon="10.2334007">
        <ele>2502.8</ele>
        <time>2026-09-15T12:32:34Z</time>
        <extensions>
          <gpxdata:distance>6392.81</gpxdata:distance>
          <gpxdata:speed>0.000</gpxdata:speed>
        </extensions>
      </trkpt>
      <trkpt lat="46.8150159" lon="10.2334387">
        <ele>2502.5</ele>
        <time>2026-09-15T12:32:38Z</time>
        <extensions>
          <gpxdata:distance>6397.06</gpxdata:distance>
          <gpxdata:speed>0.991</gpxdata:speed>
        </extensions>
      </trkpt>
      <trkpt lat="46.8149789" lon="10.2334757">
        <ele>2502.7</ele>
        <time>2026-09-15T12:32:43Z</time>
        <extensions>
          <gpxdata:distance>6402.04</gpxdata:distance>
          <gpxdata:speed>0.975</gpxdata:speed>
        </extensions>
      </trkpt>
      <trkpt lat="46.8148979" lon="10.2334847">
        <ele>2503.2</ele>
        <time>2026-09-15T12:32:53Z</time>
        <extensions>
          <gpxdata:distance>6411.07</gpxdata:distance>
          <gpxdata:speed>0.938</gpxdata:speed>
        </extensions>
      </trkpt>
      <trkpt lat="46.8147189" lon="10.2334097">
        <ele>2505.1</ele>
        <time>2026-09-15T12:33:17Z</time>
        <extensions>
          <gpxdata:distance>6431.78</gpxdata:distance>
          <gpxdata:speed>0.875</gpxdata:speed>
        </extensions>
      </trkpt>
      <trkpt lat="46.8146129" lon="10.2333517">
        <ele>2506.6</ele>
        <time>2026-09-15T12:33:32Z</time>
        <extensions>
          <gpxdata:distance>6444.37</gpxdata:distance>
          <gpxdata:speed>0.844</gpxdata:speed>
        </extensions>
      </trkpt>
      <trkpt lat="46.8145239" lon="10.2332947">
        <ele>2507.5</ele>
        <time>2026-09-15T12:33:44Z</time>
        <extensions>
          <gpxdata:distance>6455.17</gpxdata:distance>
          <gpxdata:speed>0.853</gpxdata:speed>
        </extensions>
      </trkpt>
      <trkpt lat="46.8144339" lon="10.2332907">
        <ele>2506.7</ele>
        <time>2026-09-15T12:33:56Z</time>
        <extensions>
          <gpxdata:distance>6465.18</gpxdata:distance>
          <gpxdata:speed>0.887</gpxdata:speed>
        </extensions>
      </trkpt>
      <trkpt lat="46.8143449" lon="10.2332727">
        <ele>2505.6</ele>
        <time>2026-09-15T12:34:06Z</time>
        <extensions>
          <gpxdata:distance>6475.17</gpxdata:distance>
          <gpxdata:speed>0.926</gpxdata:speed>
        </extensions>
      </trkpt>
      <trkpt lat="46.8142989" lon="10.2333097">
        <ele>2505.0</ele>
        <time>2026-09-15T12:34:12Z</time>
        <extensions>
          <gpxdata:distance>6481.01</gpxdata:distance>
          <gpxdata:speed>0.949</gpxdata:speed>
        </extensions>
      </trkpt>
      <trkpt lat="46.8142539" lon="10.2333077">
        <ele>2504.9</ele>
        <time>2026-09-15T12:34:18Z</time>
        <extensions>
          <gpxdata:distance>6486.02</gpxdata:distance>
          <gpxdata:speed>0.944</gpxdata:speed>
        </extensions>
      </trkpt>
      <trkpt lat="46.8141999" lon="10.2332787">
        <ele>2505.2</ele>
        <time>2026-09-15T12:34:25Z</time>
        <extensions>
          <gpxdata:distance>6492.42</gpxdata:distance>
          <gpxdata:speed>0.942</gpxdata:speed>
        </extensions>
      </trkpt>
      <trkpt lat="46.8141479" lon="10.2332097">
        <ele>2504.8</ele>
        <time>2026-09-15T12:34:33Z</time>
        <extensions>
          <gpxdata:distance>6500.23</gpxdata:distance>
          <gpxdata:speed>0.967</gpxdata:speed>
        </extensions>
      </trkpt>
      <trkpt lat="46.8141049" lon="10.2331427">
        <ele>2504.7</ele>
        <time>2026-09-15T12:34:40Z</time>
        <extensions>
          <gpxdata:distance>6507.22</gpxdata:distance>
          <gpxdata:speed>1.006</gpxdata:speed>
        </extensions>
      </trkpt>
      <trkpt lat="46.8140959" lon="10.2331287">
        <ele>2504.7</ele>
        <time>2026-09-15T12:34:41Z</time>
        <extensions>
          <gpxdata:distance>6508.68</gpxdata:distance>
          <gpxdata:speed>0.974</gpxdata:speed>
        </extensions>
      </trkpt>
      <trkpt lat="46.8140969" lon="10.2330767">
        <ele>2504.5</ele>
        <time>2026-09-15T12:34:45Z</time>
        <extensions>
          <gpxdata:distance>6512.64</gpxdata:distance>
          <gpxdata:speed>0.946</gpxdata:speed>
        </extensions>
      </trkpt>
      <trkpt lat="46.8140819" lon="10.2329837">
        <ele>2503.9</ele>
        <time>2026-09-15T12:34:53Z</time>
        <extensions>
          <gpxdata:distance>6519.91</gpxdata:distance>
          <gpxdata:speed>0.947</gpxdata:speed>
        </extensions>
      </trkpt>
      <trkpt lat="46.8140929" lon="10.2328927">
        <ele>2503.3</ele>
        <time>2026-09-15T12:35:00Z</time>
        <extensions>
          <gpxdata:distance>6526.94</gpxdata:distance>
          <gpxdata:speed>0.955</gpxdata:speed>
        </extensions>
      </trkpt>
      <trkpt lat="46.8140859" lon="10.2328137">
        <ele>2503.0</ele>
        <time>2026-09-15T12:35:07Z</time>
        <extensions>
          <gpxdata:distance>6533.00</gpxdata:distance>
          <gpxdata:speed>0.963</gpxdata:speed>
        </extensions>
      </trkpt>
      <trkpt lat="46.8140689" lon="10.2327467">
        <ele>2502.3</ele>
        <time>2026-09-15T12:35:12Z</time>
        <extensions>
          <gpxdata:distance>6538.44</gpxdata:distance>
          <gpxdata:speed>0.949</gpxdata:speed>
        </extensions>
      </trkpt>
      <trkpt lat="46.8140539" lon="10.2326547">
        <ele>2501.6</ele>
        <time>2026-09-15T12:35:20Z</time>
        <extensions>
          <gpxdata:distance>6545.64</gpxdata:distance>
          <gpxdata:speed>0.929</gpxdata:speed>
        </extensions>
      </trkpt>
      <trkpt lat="46.8140639" lon="10.2326027">
        <ele>2501.3</ele>
        <time>2026-09-15T12:35:25Z</time>
        <extensions>
          <gpxdata:distance>6549.75</gpxdata:distance>
          <gpxdata:speed>0.926</gpxdata:speed>
        </extensions>
      </trkpt>
      <trkpt lat="46.8140479" lon="10.2325097">
        <ele>2500.4</ele>
        <time>2026-09-15T12:35:33Z</time>
        <extensions>
          <gpxdata:distance>6557.04</gpxdata:distance>
          <gpxdata:speed>0.909</gpxdata:speed>
        </extensions>
      </trkpt>
      <trkpt lat="46.8140509" lon="10.2324187">
        <ele>2500.4</ele>
        <time>2026-09-15T12:35:40Z</time>
        <extensions>
          <gpxdata:distance>6563.98</gpxdata:distance>
          <gpxdata:speed>0.918</gpxdata:speed>
        </extensions>
      </trkpt>
      <trkpt lat="46.8140419" lon="10.2323787">
        <ele>2500.0</ele>
        <time>2026-09-15T12:35:44Z</time>
        <extensions>
          <gpxdata:distance>6567.18</gpxdata:distance>
          <gpxdata:speed>0.913</gpxdata:speed>
        </extensions>
      </trkpt>
      <trkpt lat="46.8140419" lon="10.2323787">
        <ele>2500.0</ele>
        <time>2026-09-15T12:35:44Z</time>
        <extensions>
          <gpxdata:distance>6567.18</gpxdata:distance>
          <gpxdata:speed>0.000</gpxdata:speed>
        </extensions>
      </trkpt>
      <trkpt lat="46.8140259" lon="10.2322987">
        <ele>2499.8</ele>
        <time>2026-09-15T12:35:50Z</time>
        <extensions>
          <gpxdata:distance>6573.52</gpxdata:distance>
          <gpxdata:speed>0.921</gpxdata:speed>
        </extensions>
      </trkpt>
      <trkpt lat="46.8139779" lon="10.2320867">
        <ele>2499.0</ele>
        <time>2026-09-15T12:36:09Z</time>
        <extensions>
          <gpxdata:distance>6590.52</gpxdata:distance>
          <gpxdata:speed>0.927</gpxdata:speed>
        </extensions>
      </trkpt>
      <trkpt lat="46.8139179" lon="10.2319527">
        <ele>2498.0</ele>
        <time>2026-09-15T12:36:22Z</time>
        <extensions>
          <gpxdata:distance>6602.70</gpxdata:distance>
          <gpxdata:speed>0.930</gpxdata:speed>
        </extensions>
      </trkpt>
      <trkpt lat="46.8138309" lon="10.2318167">
        <ele>2497.1</ele>
        <time>2026-09-15T12:36:37Z</time>
        <extensions>
          <gpxdata:distance>6616.87</gpxdata:distance>
          <gpxdata:speed>0.934</gpxdata:speed>
        </extensions>
      </trkpt>
      <trkpt lat="46.8137269" lon="10.2316537">
        <ele>2496.5</ele>
        <time>2026-09-15T12:36:55Z</time>
        <extensions>
          <gpxdata:distance>6633.83</gpxdata:distance>
          <gpxdata:speed>0.941</gpxdata:speed>
        </extensions>
      </trkpt>
      <trkpt lat="46.8136659" lon="10.2315596">
        <ele>2496.3</ele>
        <time>2026-09-15T12:37:05Z</time>
        <extensions>
          <gpxdata:distance>6643.69</gpxdata:distance>
          <gpxdata:speed>0.952</gpxdata:speed>
        </extensions>
      </trkpt>
      <trkpt lat="46.8136489" lon="10.2315456">
        <ele>2496.3</ele>
        <time>2026-09-15T12:37:08Z</time>
        <extensions>
          <gpxdata:distance>6645.86</gpxdata:distance>
          <gpxdata:speed>0.948</gpxdata:speed>
        </extensions>
      </trkpt>
      <trkpt lat="46.8136219" lon="10.2315306">
        <ele>2496.3</ele>
        <time>2026-09-15T12:37:11Z</time>
        <extensions>
          <gpxdata:distance>6649.07</gpxdata:distance>
          <gpxdata:speed>0.954</gpxdata:speed>
        </extensions>
      </trkpt>
      <trkpt lat="46.8135769" lon="10.2315286">
        <ele>2496.3</ele>
        <time>2026-09-15T12:37:16Z</time>
        <extensions>
          <gpxdata:distance>6654.08</gpxdata:distance>
          <gpxdata:speed>0.958</gpxdata:speed>
        </extensions>
      </trkpt>
      <trkpt lat="46.8134969" lon="10.2315106">
        <ele>2496.3</ele>
        <time>2026-09-15T12:37:26Z</time>
        <extensions>
          <gpxdata:distance>6663.08</gpxdata:distance>
          <gpxdata:speed>0.962</gpxdata:speed>
        </extensions>
      </trkpt>
      <trkpt lat="46.8134249" lon="10.2314946">
        <ele>2496.3</ele>
        <time>2026-09-15T12:37:34Z</time>
        <extensions>
          <gpxdata:distance>6671.18</gpxdata:distance>
          <gpxdata:speed>0.969</gpxdata:speed>
        </extensions>
      </trkpt>
      <trkpt lat="46.8133979" lon="10.2314796">
        <ele>2496.3</ele>
        <time>2026-09-15T12:37:37Z</time>
        <extensions>
          <gpxdata:distance>6674.39</gpxdata:distance>
          <gpxdata:speed>0.982</gpxdata:speed>
        </extensions>
      </trkpt>
      <trkpt lat="46.8133979" lon="10.2314796">
        <ele>2496.3</ele>
        <time>2026-09-15T12:37:37Z</time>
        <extensions>
          <gpxdata:distance>6674.39</gpxdata:distance>
          <gpxdata:speed>0.000</gpxdata:speed>
        </extensions>
      </trkpt>
      <trkpt lat="46.8133539" lon="10.2314376">
        <ele>2495.9</ele>
        <time>2026-09-15T12:37:43Z</time>
        <extensions>
          <gpxdata:distance>6680.23</gpxdata:distance>
          <gpxdata:speed>0.996</gpxdata:speed>
        </extensions>
      </trkpt>
      <trkpt lat="46.8133279" lon="10.2313976">
        <ele>2496.1</ele>
        <time>2026-09-15T12:37:47Z</time>
        <extensions>
          <gpxdata:distance>6684.43</gpxdata:distance>
          <gpxdata:speed>1.006</gpxdata:speed>
        </extensions>
      </trkpt>
      <trkpt lat="46.8132939" lon="10.2313296">
        <ele>2496.5</ele>
        <time>2026-09-15T12:37:54Z</time>
        <extensions>
          <gpxdata:distance>6690.84</gpxdata:distance>
          <gpxdata:speed>1.001</gpxdata:speed>
        </extensions>
      </trkpt>
      <trkpt lat="46.8132869" lon="10.2312646">
        <ele>2497.0</ele>
        <time>2026-09-15T12:37:59Z</time>
        <extensions>
          <gpxdata:distance>6695.85</gpxdata:distance>
          <gpxdata:speed>0.974</gpxdata:speed>
        </extensions>
      </trkpt>
      <trkpt lat="46.8132899" lon="10.2311066">
        <ele>2498.3</ele>
        <time>2026-09-15T12:38:12Z</time>
        <extensions>
          <gpxdata:distance>6707.88</gpxdata:distance>
          <gpxdata:speed>0.918</gpxdata:speed>
        </extensions>
      </trkpt>
      <trkpt lat="46.8132819" lon="10.2310806">
        <ele>2498.6</ele>
        <time>2026-09-15T12:38:14Z</time>
        <extensions>
          <gpxdata:distance>6710.04</gpxdata:distance>
          <gpxdata:speed>0.888</gpxdata:speed>
        </extensions>
      </trkpt>
      <trkpt lat="46.8132559" lon="10.2310526">
        <ele>2499.0</ele>
        <time>2026-09-15T12:38:19Z</time>
        <extensions>
          <gpxdata:distance>6713.64</gpxdata:distance>
          <gpxdata:speed>0.850</gpxdata:speed>
        </extensions>
      </trkpt>
      <trkpt lat="46.8132469" lon="10.2310396">
        <ele>2499.4</ele>
        <time>2026-09-15T12:38:20Z</time>
        <extensions>
          <gpxdata:distance>6715.04</gpxdata:distance>
          <gpxdata:speed>0.816</gpxdata:speed>
        </extensions>
      </trkpt>
      <trkpt lat="46.8132379" lon="10.2310256">
        <ele>2499.6</ele>
        <time>2026-09-15T12:38:22Z</time>
        <extensions>
          <gpxdata:distance>6716.51</gpxdata:distance>
          <gpxdata:speed>0.811</gpxdata:speed>
        </extensions>
      </trkpt>
      <trkpt lat="46.8132209" lon="10.2309986">
        <ele>2500.1</ele>
        <time>2026-09-15T12:38:26Z</time>
        <extensions>
          <gpxdata:distance>6719.30</gpxdata:distance>
          <gpxdata:speed>0.735</gpxdata:speed>
        </extensions>
      </trkpt>
      <trkpt lat="46.8132129" lon="10.2309716">
        <ele>2500.4</ele>
        <time>2026-09-15T12:38:29Z</time>
        <extensions>
          <gpxdata:distance>6721.54</gpxdata:distance>
          <gpxdata:speed>0.715</gpxdata:speed>
        </extensions>
      </trkpt>
      <trkpt lat="46.8131869" lon="10.2309176">
        <ele>2501.2</ele>
        <time>2026-09-15T12:38:37Z</time>
        <extensions>
          <gpxdata:distance>6726.56</gpxdata:distance>
          <gpxdata:speed>0.676</gpxdata:speed>
        </extensions>
      </trkpt>
      <trkpt lat="46.8131779" lon="10.2309046">
        <ele>2501.5</ele>
        <time>2026-09-15T12:38:39Z</time>
        <extensions>
          <gpxdata:distance>6727.97</gpxdata:distance>
          <gpxdata:speed>0.655</gpxdata:speed>
        </extensions>
      </trkpt>
      <trkpt lat="46.8131339" lon="10.2308896">
        <ele>2502.0</ele>
        <time>2026-09-15T12:38:47Z</time>
        <extensions>
          <gpxdata:distance>6732.99</gpxdata:distance>
          <gpxdata:speed>0.637</gpxdata:speed>
        </extensions>
      </trkpt>
      <trkpt lat="46.8131249" lon="10.2308756">
        <ele>2502.0</ele>
        <time>2026-09-15T12:38:49Z</time>
        <extensions>
          <gpxdata:distance>6734.45</gpxdata:distance>
          <gpxdata:speed>0.657</gpxdata:speed>
        </extensions>
      </trkpt>
      <trkpt lat="46.8131079" lon="10.2308486">
        <ele>2501.9</ele>
        <time>2026-09-15T12:38:53Z</time>
        <extensions>
          <gpxdata:distance>6737.25</gpxdata:distance>
          <gpxdata:speed>0.697</gpxdata:speed>
        </extensions>
      </trkpt>
      <trkpt lat="46.8130899" lon="10.2308216">
        <ele>2501.9</ele>
        <time>2026-09-15T12:38:57Z</time>
        <extensions>
          <gpxdata:distance>6740.11</gpxdata:distance>
          <gpxdata:speed>0.755</gpxdata:speed>
        </extensions>
      </trkpt>
      <trkpt lat="46.8130379" lon="10.2307396">
        <ele>2502.2</ele>
        <time>2026-09-15T12:39:07Z</time>
        <extensions>
          <gpxdata:distance>6748.62</gpxdata:distance>
          <gpxdata:speed>0.804</gpxdata:speed>
        </extensions>
      </trkpt>
      <trkpt lat="46.8129859" lon="10.2306716">
        <ele>2502.9</ele>
        <time>2026-09-15T12:39:17Z</time>
        <extensions>
          <gpxdata:distance>6756.38</gpxdata:distance>
          <gpxdata:speed>0.818</gpxdata:speed>
        </extensions>
      </trkpt>
      <trkpt lat="46.8129599" lon="10.2306306">
        <ele>2503.5</ele>
        <time>2026-09-15T12:39:22Z</time>
        <extensions>
          <gpxdata:distance>6760.63</gpxdata:distance>
          <gpxdata:speed>0.808</gpxdata:speed>
        </extensions>
      </trkpt>
      <trkpt lat="46.8129339" lon="10.2306036">
        <ele>2503.7</ele>
        <time>2026-09-15T12:39:26Z</time>
        <extensions>
          <gpxdata:distance>6764.18</gpxdata:distance>
          <gpxdata:speed>0.842</gpxdata:speed>
        </extensions>
      </trkpt>
      <trkpt lat="46.8129159" lon="10.2305766">
        <ele>2503.6</ele>
        <time>2026-09-15T12:39:29Z</time>
        <extensions>
          <gpxdata:distance>6767.05</gpxdata:distance>
          <gpxdata:speed>0.876</gpxdata:speed>
        </extensions>
      </trkpt>
      <trkpt lat="46.8128999" lon="10.2305226">
        <ele>2504.2</ele>
        <time>2026-09-15T12:39:35Z</time>
        <extensions>
          <gpxdata:distance>6771.53</gpxdata:distance>
          <gpxdata:speed>0.867</gpxdata:speed>
        </extensions>
      </trkpt>
      <trkpt lat="46.8128819" lon="10.2304956">
        <ele>2504.4</ele>
        <time>2026-09-15T12:39:38Z</time>
        <extensions>
          <gpxdata:distance>6774.40</gpxdata:distance>
          <gpxdata:speed>0.859</gpxdata:speed>
        </extensions>
      </trkpt>
      <trkpt lat="46.8128649" lon="10.2304556">
        <ele>2504.4</ele>
        <time>2026-09-15T12:39:42Z</time>
        <extensions>
          <gpxdata:distance>6777.98</gpxdata:distance>
          <gpxdata:speed>0.856</gpxdata:speed>
        </extensions>
      </trkpt>
      <trkpt lat="46.8128489" lon="10.2304026">
        <ele>2504.5</ele>
        <time>2026-09-15T12:39:47Z</time>
        <extensions>
          <gpxdata:distance>6782.39</gpxdata:distance>
          <gpxdata:speed>0.855</gpxdata:speed>
        </extensions>
      </trkpt>
      <trkpt lat="46.8128319" lon="10.2303626">
        <ele>2504.9</ele>
        <time>2026-09-15T12:39:52Z</time>
        <extensions>
          <gpxdata:distance>6785.97</gpxdata:distance>
          <gpxdata:speed>0.827</gpxdata:speed>
        </extensions>
      </trkpt>
      <trkpt lat="46.8127709" lon="10.2302676">
        <ele>2505.6</ele>
        <time>2026-09-15T12:40:04Z</time>
        <extensions>
          <gpxdata:distance>6795.88</gpxdata:distance>
          <gpxdata:speed>0.837</gpxdata:speed>
        </extensions>
      </trkpt>
      <trkpt lat="46.8127189" lon="10.2301856">
        <ele>2505.9</ele>
        <time>2026-09-15T12:40:13Z</time>
        <extensions>
          <gpxdata:distance>6804.39</gpxdata:distance>
          <gpxdata:speed>0.873</gpxdata:speed>
        </extensions>
      </trkpt>
      <trkpt lat="46.8127009" lon="10.2301716">
        <ele>2506.0</ele>
        <time>2026-09-15T12:40:16Z</time>
        <extensions>
          <gpxdata:distance>6806.66</gpxdata:distance>
          <gpxdata:speed>0.875</gpxdata:speed>
        </extensions>
      </trkpt>
      <trkpt lat="46.8126749" lon="10.2301576">
        <ele>2506.0</ele>
        <time>2026-09-15T12:40:19Z</time>
        <extensions>
          <gpxdata:distance>6809.74</gpxdata:distance>
          <gpxdata:speed>0.869</gpxdata:speed>
        </extensions>
      </trkpt>
      <trkpt lat="46.8126469" lon="10.2301826">
        <ele>2506.0</ele>
        <time>2026-09-15T12:40:23Z</time>
        <extensions>
          <gpxdata:distance>6813.39</gpxdata:distance>
          <gpxdata:speed>0.903</gpxdata:speed>
        </extensions>
      </trkpt>
      <trkpt lat="46.8125909" lon="10.2302446">
        <ele>2506.3</ele>
        <time>2026-09-15T12:40:32Z</time>
        <extensions>
          <gpxdata:distance>6821.20</gpxdata:distance>
          <gpxdata:speed>0.909</gpxdata:speed>
        </extensions>
      </trkpt>
      <trkpt lat="46.8125549" lon="10.2302826">
        <ele>2506.5</ele>
        <time>2026-09-15T12:40:37Z</time>
        <extensions>
          <gpxdata:distance>6826.14</gpxdata:distance>
          <gpxdata:speed>0.902</gpxdata:speed>
        </extensions>
      </trkpt>
      <trkpt lat="46.8125089" lon="10.2303196">
        <ele>2507.5</ele>
        <time>2026-09-15T12:40:44Z</time>
        <extensions>
          <gpxdata:distance>6831.98</gpxdata:distance>
          <gpxdata:speed>0.858</gpxdata:speed>
        </extensions>
      </trkpt>
      <trkpt lat="46.8124809" lon="10.2303566">
        <ele>2507.4</ele>
        <time>2026-09-15T12:40:49Z</time>
        <extensions>
          <gpxdata:distance>6836.18</gpxdata:distance>
          <gpxdata:speed>0.886</gpxdata:speed>
        </extensions>
      </trkpt>
      <trkpt lat="46.8124609" lon="10.2304086">
        <ele>2508.1</ele>
        <time>2026-09-15T12:40:54Z</time>
        <extensions>
          <gpxdata:distance>6840.72</gpxdata:distance>
          <gpxdata:speed>0.870</gpxdata:speed>
        </extensions>
      </trkpt>
      <trkpt lat="46.8124239" lon="10.2304586">
        <ele>2508.8</ele>
        <time>2026-09-15T12:41:01Z</time>
        <extensions>
          <gpxdata:distance>6846.32</gpxdata:distance>
          <gpxdata:speed>0.835</gpxdata:speed>
        </extensions>
      </trkpt>
      <trkpt lat="46.8123969" lon="10.2304706">
        <ele>2508.9</ele>
        <time>2026-09-15T12:41:05Z</time>
        <extensions>
          <gpxdata:distance>6849.46</gpxdata:distance>
          <gpxdata:speed>0.839</gpxdata:speed>
        </extensions>
      </trkpt>
      <trkpt lat="46.8123519" lon="10.2304686">
        <ele>2509.1</ele>
        <time>2026-09-15T12:41:11Z</time>
        <extensions>
          <gpxdata:distance>6854.46</gpxdata:distance>
          <gpxdata:speed>0.835</gpxdata:speed>
        </extensions>
      </trkpt>
      <trkpt lat="46.8123249" lon="10.2304536">
        <ele>2508.9</ele>
        <time>2026-09-15T12:41:15Z</time>
        <extensions>
          <gpxdata:distance>6857.68</gpxdata:distance>
          <gpxdata:speed>0.845</gpxdata:speed>
        </extensions>
      </trkpt>
      <trkpt lat="46.8122909" lon="10.2303866">
        <ele>2507.8</ele>
        <time>2026-09-15T12:41:21Z</time>
        <extensions>
          <gpxdata:distance>6864.02</gpxdata:distance>
          <gpxdata:speed>0.923</gpxdata:speed>
        </extensions>
      </trkpt>
      <trkpt lat="46.8122649" lon="10.2303326">
        <ele>2506.7</ele>
        <time>2026-09-15T12:41:26Z</time>
        <extensions>
          <gpxdata:distance>6869.05</gpxdata:distance>
          <gpxdata:speed>1.001</gpxdata:speed>
        </extensions>
      </trkpt>
      <trkpt lat="46.8122479" lon="10.2303186">
        <ele>2506.3</ele>
        <time>2026-09-15T12:41:29Z</time>
        <extensions>
          <gpxdata:distance>6871.22</gpxdata:distance>
          <gpxdata:speed>0.973</gpxdata:speed>
        </extensions>
      </trkpt>
      <trkpt lat="46.8122389" lon="10.2303056">
        <ele>2506.1</ele>
        <time>2026-09-15T12:41:30Z</time>
        <extensions>
          <gpxdata:distance>6872.62</gpxdata:distance>
          <gpxdata:speed>0.967</gpxdata:speed>
        </extensions>
      </trkpt>
      <trkpt lat="46.8121739" lon="10.2303676">
        <ele>2505.1</ele>
        <time>2026-09-15T12:41:39Z</time>
        <extensions>
          <gpxdata:distance>6881.26</gpxdata:distance>
          <gpxdata:speed>0.922</gpxdata:speed>
        </extensions>
      </trkpt>
      <trkpt lat="46.8121559" lon="10.2303666">
        <ele>2504.6</ele>
        <time>2026-09-15T12:41:42Z</time>
        <extensions>
          <gpxdata:distance>6883.26</gpxdata:distance>
          <gpxdata:speed>0.907</gpxdata:speed>
        </extensions>
      </trkpt>
      <trkpt lat="46.8121299" lon="10.2303516">
        <ele>2503.6</ele>
        <time>2026-09-15T12:41:45Z</time>
        <extensions>
          <gpxdata:distance>6886.37</gpxdata:distance>
          <gpxdata:speed>0.934</gpxdata:speed>
        </extensions>
      </trkpt>
      <trkpt lat="46.8121309" lon="10.2302996">
        <ele>2502.6</ele>
        <time>2026-09-15T12:41:49Z</time>
        <extensions>
          <gpxdata:distance>6890.33</gpxdata:distance>
          <gpxdata:speed>0.897</gpxdata:speed>
        </extensions>
      </trkpt>
      <trkpt lat="46.8121239" lon="10.2302076">
        <ele>2501.7</ele>
        <time>2026-09-15T12:41:57Z</time>
        <extensions>
          <gpxdata:distance>6897.37</gpxdata:distance>
          <gpxdata:speed>0.897</gpxdata:speed>
        </extensions>
      </trkpt>
      <trkpt lat="46.8121350" lon="10.2301426">
        <ele>2501.1</ele>
        <time>2026-09-15T12:42:03Z</time>
        <extensions>
          <gpxdata:distance>6902.47</gpxdata:distance>
          <gpxdata:speed>0.907</gpxdata:speed>
        </extensions>
      </trkpt>
      <trkpt lat="46.8121550" lon="10.2300776">
        <ele>2500.9</ele>
        <time>2026-09-15T12:42:09Z</time>
        <extensions>
          <gpxdata:distance>6907.89</gpxdata:distance>
          <gpxdata:speed>0.939</gpxdata:speed>
        </extensions>
      </trkpt>
      <trkpt lat="46.8121740" lon="10.2300136">
        <ele>2500.0</ele>
        <time>2026-09-15T12:42:14Z</time>
        <extensions>
          <gpxdata:distance>6913.20</gpxdata:distance>
          <gpxdata:speed>0.940</gpxdata:speed>
        </extensions>
      </trkpt>
      <trkpt lat="46.8121750" lon="10.2299876">
        <ele>2499.6</ele>
        <time>2026-09-15T12:42:16Z</time>
        <extensions>
          <gpxdata:distance>6915.18</gpxdata:distance>
          <gpxdata:speed>0.936</gpxdata:speed>
        </extensions>
      </trkpt>
      <trkpt lat="46.8121660" lon="10.2299606">
        <ele>2499.6</ele>
        <time>2026-09-15T12:42:19Z</time>
        <extensions>
          <gpxdata:distance>6917.47</gpxdata:distance>
          <gpxdata:speed>0.938</gpxdata:speed>
        </extensions>
      </trkpt>
      <trkpt lat="46.8121580" lon="10.2299336">
        <ele>2499.0</ele>
        <time>2026-09-15T12:42:21Z</time>
        <extensions>
          <gpxdata:distance>6919.71</gpxdata:distance>
          <gpxdata:speed>0.935</gpxdata:speed>
        </extensions>
      </trkpt>
      <trkpt lat="46.8121310" lon="10.2299456">
        <ele>2498.6</ele>
        <time>2026-09-15T12:42:25Z</time>
        <extensions>
          <gpxdata:distance>6922.85</gpxdata:distance>
          <gpxdata:speed>0.928</gpxdata:speed>
        </extensions>
      </trkpt>
      <trkpt lat="46.8121030" lon="10.2299836">
        <ele>2497.9</ele>
        <time>2026-09-15T12:42:29Z</time>
        <extensions>
          <gpxdata:distance>6927.09</gpxdata:distance>
          <gpxdata:speed>0.920</gpxdata:speed>
        </extensions>
      </trkpt>
      <trkpt lat="46.8120560" lon="10.2300466">
        <ele>2497.0</ele>
        <time>2026-09-15T12:42:37Z</time>
        <extensions>
          <gpxdata:distance>6934.19</gpxdata:distance>
          <gpxdata:speed>0.920</gpxdata:speed>
        </extensions>
      </trkpt>
      <trkpt lat="46.8120290" lon="10.2300456">
        <ele>2496.4</ele>
        <time>2026-09-15T12:42:40Z</time>
        <extensions>
          <gpxdata:distance>6937.19</gpxdata:distance>
          <gpxdata:speed>0.927</gpxdata:speed>
        </extensions>
      </trkpt>
      <trkpt lat="46.8120210" lon="10.2300056">
        <ele>2495.6</ele>
        <time>2026-09-15T12:42:44Z</time>
        <extensions>
          <gpxdata:distance>6940.36</gpxdata:distance>
          <gpxdata:speed>0.922</gpxdata:speed>
        </extensions>
      </trkpt>
      <trkpt lat="46.8120140" lon="10.2299526">
        <ele>2495.2</ele>
        <time>2026-09-15T12:42:48Z</time>
        <extensions>
          <gpxdata:distance>6944.47</gpxdata:distance>
          <gpxdata:speed>0.935</gpxdata:speed>
        </extensions>
      </trkpt>
      <trkpt lat="46.8119870" lon="10.2299386">
        <ele>2494.5</ele>
        <time>2026-09-15T12:42:51Z</time>
        <extensions>
          <gpxdata:distance>6947.65</gpxdata:distance>
          <gpxdata:speed>0.930</gpxdata:speed>
        </extensions>
      </trkpt>
      <trkpt lat="46.8119590" lon="10.2299756">
        <ele>2494.0</ele>
        <time>2026-09-15T12:42:56Z</time>
        <extensions>
          <gpxdata:distance>6951.85</gpxdata:distance>
          <gpxdata:speed>0.923</gpxdata:speed>
        </extensions>
      </trkpt>
      <trkpt lat="46.8119400" lon="10.2300146">
        <ele>2493.8</ele>
        <time>2026-09-15T12:43:00Z</time>
        <extensions>
          <gpxdata:distance>6955.50</gpxdata:distance>
          <gpxdata:speed>0.936</gpxdata:speed>
        </extensions>
      </trkpt>
      <trkpt lat="46.8119220" lon="10.2300136">
        <ele>2493.3</ele>
        <time>2026-09-15T12:43:02Z</time>
        <extensions>
          <gpxdata:distance>6957.50</gpxdata:distance>
          <gpxdata:speed>0.936</gpxdata:speed>
        </extensions>
      </trkpt>
      <trkpt lat="46.8119050" lon="10.2299736">
        <ele>2492.5</ele>
        <time>2026-09-15T12:43:06Z</time>
        <extensions>
          <gpxdata:distance>6961.08</gpxdata:distance>
          <gpxdata:speed>0.928</gpxdata:speed>
        </extensions>
      </trkpt>
      <trkpt lat="46.8118710" lon="10.2298796">
        <ele>2490.1</ele>
        <time>2026-09-15T12:43:15Z</time>
        <extensions>
          <gpxdata:distance>6969.17</gpxdata:distance>
          <gpxdata:speed>0.876</gpxdata:speed>
        </extensions>
      </trkpt>
      <trkpt lat="46.8118640" lon="10.2298266">
        <ele>2489.5</ele>
        <time>2026-09-15T12:43:20Z</time>
        <extensions>
          <gpxdata:distance>6973.28</gpxdata:distance>
          <gpxdata:speed>0.884</gpxdata:speed>
        </extensions>
      </trkpt>
      <trkpt lat="46.8118570" lon="10.2297086">
        <ele>2488.7</ele>
        <time>2026-09-15T12:43:30Z</time>
        <extensions>
          <gpxdata:distance>6982.29</gpxdata:distance>
          <gpxdata:speed>0.920</gpxdata:speed>
        </extensions>
      </trkpt>
      <trkpt lat="46.8118490" lon="10.2296816">
        <ele>2488.1</ele>
        <time>2026-09-15T12:43:32Z</time>
        <extensions>
          <gpxdata:distance>6984.53</gpxdata:distance>
          <gpxdata:speed>0.903</gpxdata:speed>
        </extensions>
      </trkpt>
      <trkpt lat="46.8118410" lon="10.2296556">
        <ele>2487.8</ele>
        <time>2026-09-15T12:43:34Z</time>
        <extensions>
          <gpxdata:distance>6986.70</gpxdata:distance>
          <gpxdata:speed>0.911</gpxdata:speed>
        </extensions>
      </trkpt>
      <trkpt lat="46.8118320" lon="10.2296546">
        <ele>2487.5</ele>
        <time>2026-09-15T12:43:36Z</time>
        <extensions>
          <gpxdata:distance>6987.71</gpxdata:distance>
          <gpxdata:speed>0.897</gpxdata:speed>
        </extensions>
      </trkpt>
      <trkpt lat="46.8118130" lon="10.2296926">
        <ele>2486.9</ele>
        <time>2026-09-15T12:43:40Z</time>
        <extensions>
          <gpxdata:distance>6991.29</gpxdata:distance>
          <gpxdata:speed>0.882</gpxdata:speed>
        </extensions>
      </trkpt>
      <trkpt lat="46.8117750" lon="10.2297696">
        <ele>2486.2</ele>
        <time>2026-09-15T12:43:48Z</time>
        <extensions>
          <gpxdata:distance>6998.51</gpxdata:distance>
          <gpxdata:speed>0.909</gpxdata:speed>
        </extensions>
      </trkpt>
      <trkpt lat="46.8117650" lon="10.2297956">
        <ele>2486.0</ele>
        <time>2026-09-15T12:43:50Z</time>
        <extensions>
          <gpxdata:distance>7000.78</gpxdata:distance>
          <gpxdata:speed>0.921</gpxdata:speed>
        </extensions>
      </trkpt>
      <trkpt lat="46.8117470" lon="10.2297946">
        <ele>2485.1</ele>
        <time>2026-09-15T12:43:52Z</time>
        <extensions>
          <gpxdata:distance>7002.78</gpxdata:distance>
          <gpxdata:speed>0.939</gpxdata:speed>
        </extensions>
      </trkpt>
      <trkpt lat="46.8117400" lon="10.2297416">
        <ele>2484.6</ele>
        <time>2026-09-15T12:43:57Z</time>
        <extensions>
          <gpxdata:distance>7006.89</gpxdata:distance>
          <gpxdata:speed>0.936</gpxdata:speed>
        </extensions>
      </trkpt>
      <trkpt lat="46.8117240" lon="10.2296495">
        <ele>2483.9</ele>
        <time>2026-09-15T12:44:04Z</time>
        <extensions>
          <gpxdata:distance>7014.12</gpxdata:distance>
          <gpxdata:speed>0.939</gpxdata:speed>
        </extensions>
      </trkpt>
      <trkpt lat="46.8117170" lon="10.2295705">
        <ele>2483.3</ele>
        <time>2026-09-15T12:44:11Z</time>
        <extensions>
          <gpxdata:distance>7020.19</gpxdata:distance>
          <gpxdata:speed>0.926</gpxdata:speed>
        </extensions>
      </trkpt>
      <trkpt lat="46.8116820" lon="10.2295155">
        <ele>2483.0</ele>
        <time>2026-09-15T12:44:17Z</time>
        <extensions>
          <gpxdata:distance>7025.90</gpxdata:distance>
          <gpxdata:speed>0.915</gpxdata:speed>
        </extensions>
      </trkpt>
      <trkpt lat="46.8116470" lon="10.2294875">
        <ele>2482.7</ele>
        <time>2026-09-15T12:44:22Z</time>
        <extensions>
          <gpxdata:distance>7030.34</gpxdata:distance>
          <gpxdata:speed>0.906</gpxdata:speed>
        </extensions>
      </trkpt>
      <trkpt lat="46.8116380" lon="10.2294745">
        <ele>2482.8</ele>
        <time>2026-09-15T12:44:24Z</time>
        <extensions>
          <gpxdata:distance>7031.75</gpxdata:distance>
          <gpxdata:speed>0.896</gpxdata:speed>
        </extensions>
      </trkpt>
      <trkpt lat="46.8116300" lon="10.2294345">
        <ele>2482.7</ele>
        <time>2026-09-15T12:44:27Z</time>
        <extensions>
          <gpxdata:distance>7034.92</gpxdata:distance>
          <gpxdata:speed>0.899</gpxdata:speed>
        </extensions>
      </trkpt>
      <trkpt lat="46.8116330" lon="10.2293295">
        <ele>2481.3</ele>
        <time>2026-09-15T12:44:36Z</time>
        <extensions>
          <gpxdata:distance>7042.91</gpxdata:distance>
          <gpxdata:speed>0.905</gpxdata:speed>
        </extensions>
      </trkpt>
      <trkpt lat="46.8116250" lon="10.2292765">
        <ele>2480.9</ele>
        <time>2026-09-15T12:44:40Z</time>
        <extensions>
          <gpxdata:distance>7047.05</gpxdata:distance>
          <gpxdata:speed>0.900</gpxdata:speed>
        </extensions>
      </trkpt>
      <trkpt lat="46.8115990" lon="10.2292495">
        <ele>2479.9</ele>
        <time>2026-09-15T12:44:44Z</time>
        <extensions>
          <gpxdata:distance>7050.59</gpxdata:distance>
          <gpxdata:speed>0.901</gpxdata:speed>
        </extensions>
      </trkpt>
      <trkpt lat="46.8115550" lon="10.2291815">
        <ele>2479.5</ele>
        <time>2026-09-15T12:44:52Z</time>
        <extensions>
          <gpxdata:distance>7057.71</gpxdata:distance>
          <gpxdata:speed>0.895</gpxdata:speed>
        </extensions>
      </trkpt>
      <trkpt lat="46.8114940" lon="10.2291255">
        <ele>2478.6</ele>
        <time>2026-09-15T12:45:01Z</time>
        <extensions>
          <gpxdata:distance>7065.72</gpxdata:distance>
          <gpxdata:speed>0.897</gpxdata:speed>
        </extensions>
      </trkpt>
      <trkpt lat="46.8114410" lon="10.2290705">
        <ele>2477.2</ele>
        <time>2026-09-15T12:45:09Z</time>
        <extensions>
          <gpxdata:distance>7072.95</gpxdata:distance>
          <gpxdata:speed>0.916</gpxdata:speed>
        </extensions>
      </trkpt>
      <trkpt lat="46.8113980" lon="10.2289895">
        <ele>2475.4</ele>
        <time>2026-09-15T12:45:18Z</time>
        <extensions>
          <gpxdata:distance>7080.75</gpxdata:distance>
          <gpxdata:speed>0.935</gpxdata:speed>
        </extensions>
      </trkpt>
      <trkpt lat="46.8113820" lon="10.2289105">
        <ele>2474.1</ele>
        <time>2026-09-15T12:45:24Z</time>
        <extensions>
          <gpxdata:distance>7087.02</gpxdata:distance>
          <gpxdata:speed>0.930</gpxdata:speed>
        </extensions>
      </trkpt>
      <trkpt lat="46.8113930" lon="10.2288055">
        <ele>2473.5</ele>
        <time>2026-09-15T12:45:33Z</time>
        <extensions>
          <gpxdata:distance>7095.11</gpxdata:distance>
          <gpxdata:speed>0.936</gpxdata:speed>
        </extensions>
      </trkpt>
      <trkpt lat="46.8113870" lon="10.2287135">
        <ele>2473.2</ele>
        <time>2026-09-15T12:45:40Z</time>
        <extensions>
          <gpxdata:distance>7102.14</gpxdata:distance>
          <gpxdata:speed>0.928</gpxdata:speed>
        </extensions>
      </trkpt>
      <trkpt lat="46.8113710" lon="10.2286345">
        <ele>2473.1</ele>
        <time>2026-09-15T12:45:47Z</time>
        <extensions>
          <gpxdata:distance>7108.41</gpxdata:distance>
          <gpxdata:speed>0.919</gpxdata:speed>
        </extensions>
      </trkpt>
      <trkpt lat="46.8113540" lon="10.2285815">
        <ele>2473.0</ele>
        <time>2026-09-15T12:45:52Z</time>
        <extensions>
          <gpxdata:distance>7112.86</gpxdata:distance>
          <gpxdata:speed>0.904</gpxdata:speed>
        </extensions>
      </trkpt>
      <trkpt lat="46.8113290" lon="10.2285015">
        <ele>2472.5</ele>
        <time>2026-09-15T12:46:00Z</time>
        <extensions>
          <gpxdata:distance>7119.56</gpxdata:distance>
          <gpxdata:speed>0.906</gpxdata:speed>
        </extensions>
      </trkpt>
      <trkpt lat="46.8113130" lon="10.2284215">
        <ele>2471.9</ele>
        <time>2026-09-15T12:46:07Z</time>
        <extensions>
          <gpxdata:distance>7125.90</gpxdata:distance>
          <gpxdata:speed>0.905</gpxdata:speed>
        </extensions>
      </trkpt>
      <trkpt lat="46.8113230" lon="10.2283565">
        <ele>2471.4</ele>
        <time>2026-09-15T12:46:12Z</time>
        <extensions>
          <gpxdata:distance>7130.97</gpxdata:distance>
          <gpxdata:speed>0.894</gpxdata:speed>
        </extensions>
      </trkpt>
      <trkpt lat="46.8113420" lon="10.2283185">
        <ele>2471.0</ele>
        <time>2026-09-15T12:46:16Z</time>
        <extensions>
          <gpxdata:distance>7134.55</gpxdata:distance>
          <gpxdata:speed>0.914</gpxdata:speed>
        </extensions>
      </trkpt>
      <trkpt lat="46.8113530" lon="10.2282405">
        <ele>2470.5</ele>
        <time>2026-09-15T12:46:23Z</time>
        <extensions>
          <gpxdata:distance>7140.61</gpxdata:distance>
          <gpxdata:speed>0.930</gpxdata:speed>
        </extensions>
      </trkpt>
      <trkpt lat="46.8113820" lon="10.2281765">
        <ele>2470.0</ele>
        <time>2026-09-15T12:46:29Z</time>
        <extensions>
          <gpxdata:distance>7146.45</gpxdata:distance>
          <gpxdata:speed>0.929</gpxdata:speed>
        </extensions>
      </trkpt>
      <trkpt lat="46.8114310" lon="10.2280085">
        <ele>2469.5</ele>
        <time>2026-09-15T12:46:44Z</time>
        <extensions>
          <gpxdata:distance>7160.35</gpxdata:distance>
          <gpxdata:speed>0.934</gpxdata:speed>
        </extensions>
      </trkpt>
      <trkpt lat="46.8114690" lon="10.2279185">
        <ele>2469.2</ele>
        <time>2026-09-15T12:46:53Z</time>
        <extensions>
          <gpxdata:distance>7168.40</gpxdata:distance>
          <gpxdata:speed>0.932</gpxdata:speed>
        </extensions>
      </trkpt>
      <trkpt lat="46.8115160" lon="10.2278295">
        <ele>2468.5</ele>
        <time>2026-09-15T12:47:02Z</time>
        <extensions>
          <gpxdata:distance>7176.95</gpxdata:distance>
          <gpxdata:speed>0.926</gpxdata:speed>
        </extensions>
      </trkpt>
      <trkpt lat="46.8115630" lon="10.2277525">
        <ele>2467.4</ele>
        <time>2026-09-15T12:47:10Z</time>
        <extensions>
          <gpxdata:distance>7184.81</gpxdata:distance>
          <gpxdata:speed>0.918</gpxdata:speed>
        </extensions>
      </trkpt>
      <trkpt lat="46.8115730" lon="10.2277145">
        <ele>2467.3</ele>
        <time>2026-09-15T12:47:14Z</time>
        <extensions>
          <gpxdata:distance>7187.90</gpxdata:distance>
          <gpxdata:speed>0.922</gpxdata:speed>
        </extensions>
      </trkpt>
      <trkpt lat="46.8115830" lon="10.2276755">
        <ele>2466.8</ele>
        <time>2026-09-15T12:47:17Z</time>
        <extensions>
          <gpxdata:distance>7191.07</gpxdata:distance>
          <gpxdata:speed>0.920</gpxdata:speed>
        </extensions>
      </trkpt>
      <trkpt lat="46.8116030" lon="10.2276105">
        <ele>2465.8</ele>
        <time>2026-09-15T12:47:23Z</time>
        <extensions>
          <gpxdata:distance>7196.50</gpxdata:distance>
          <gpxdata:speed>0.912</gpxdata:speed>
        </extensions>
      </trkpt>
      <trkpt lat="46.8116320" lon="10.2275205">
        <ele>2464.6</ele>
        <time>2026-09-15T12:47:31Z</time>
        <extensions>
          <gpxdata:distance>7204.07</gpxdata:distance>
          <gpxdata:speed>0.902</gpxdata:speed>
        </extensions>
      </trkpt>
      <trkpt lat="46.8116430" lon="10.2274425">
        <ele>2463.0</ele>
        <time>2026-09-15T12:47:38Z</time>
        <extensions>
          <gpxdata:distance>7210.13</gpxdata:distance>
          <gpxdata:speed>0.903</gpxdata:speed>
        </extensions>
      </trkpt>
      <trkpt lat="46.8116350" lon="10.2273895">
        <ele>2462.4</ele>
        <time>2026-09-15T12:47:43Z</time>
        <extensions>
          <gpxdata:distance>7214.26</gpxdata:distance>
          <gpxdata:speed>0.923</gpxdata:speed>
        </extensions>
      </trkpt>
      <trkpt lat="46.8116100" lon="10.2273225">
        <ele>2461.2</ele>
        <time>2026-09-15T12:47:49Z</time>
        <extensions>
          <gpxdata:distance>7220.07</gpxdata:distance>
          <gpxdata:speed>0.933</gpxdata:speed>
        </extensions>
      </trkpt>
      <trkpt lat="46.8115840" lon="10.2272815">
        <ele>2460.8</ele>
        <time>2026-09-15T12:47:53Z</time>
        <extensions>
          <gpxdata:distance>7224.32</gpxdata:distance>
          <gpxdata:speed>0.923</gpxdata:speed>
        </extensions>
      </trkpt>
      <trkpt lat="46.8115300" lon="10.2272525">
        <ele>2460.5</ele>
        <time>2026-09-15T12:48:00Z</time>
        <extensions>
          <gpxdata:distance>7230.72</gpxdata:distance>
          <gpxdata:speed>0.940</gpxdata:speed>
        </extensions>
      </trkpt>
      <trkpt lat="46.8114150" lon="10.2271945">
        <ele>2460.6</ele>
        <time>2026-09-15T12:48:15Z</time>
        <extensions>
          <gpxdata:distance>7244.24</gpxdata:distance>
          <gpxdata:speed>0.912</gpxdata:speed>
        </extensions>
      </trkpt>
      <trkpt lat="46.8113970" lon="10.2271935">
        <ele>2460.6</ele>
        <time>2026-09-15T12:48:17Z</time>
        <extensions>
          <gpxdata:distance>7246.25</gpxdata:distance>
          <gpxdata:speed>0.906</gpxdata:speed>
        </extensions>
      </trkpt>
      <trkpt lat="46.8113890" lon="10.2271665">
        <ele>2460.6</ele>
        <time>2026-09-15T12:48:20Z</time>
        <extensions>
          <gpxdata:distance>7248.49</gpxdata:distance>
          <gpxdata:speed>0.894</gpxdata:speed>
        </extensions>
      </trkpt>
      <trkpt lat="46.8113900" lon="10.2271015">
        <ele>2460.4</ele>
        <time>2026-09-15T12:48:25Z</time>
        <extensions>
          <gpxdata:distance>7253.43</gpxdata:distance>
          <gpxdata:speed>0.910</gpxdata:speed>
        </extensions>
      </trkpt>
      <trkpt lat="46.8113820" lon="10.2270745">
        <ele>2459.5</ele>
        <time>2026-09-15T12:48:28Z</time>
        <extensions>
          <gpxdata:distance>7255.67</gpxdata:distance>
          <gpxdata:speed>0.919</gpxdata:speed>
        </extensions>
      </trkpt>
      <trkpt lat="46.8113830" lon="10.2270225">
        <ele>2458.6</ele>
        <time>2026-09-15T12:48:32Z</time>
        <extensions>
          <gpxdata:distance>7259.63</gpxdata:distance>
          <gpxdata:speed>0.912</gpxdata:speed>
        </extensions>
      </trkpt>
      <trkpt lat="46.8113940" lon="10.2269575">
        <ele>2458.0</ele>
        <time>2026-09-15T12:48:38Z</time>
        <extensions>
          <gpxdata:distance>7264.73</gpxdata:distance>
          <gpxdata:speed>0.925</gpxdata:speed>
        </extensions>
      </trkpt>
      <trkpt lat="46.8113950" lon="10.2269055">
        <ele>2457.3</ele>
        <time>2026-09-15T12:48:42Z</time>
        <extensions>
          <gpxdata:distance>7268.69</gpxdata:distance>
          <gpxdata:speed>0.917</gpxdata:speed>
        </extensions>
      </trkpt>
      <trkpt lat="46.8113970" lon="10.2268395">
        <ele>2456.8</ele>
        <time>2026-09-15T12:48:47Z</time>
        <extensions>
          <gpxdata:distance>7273.71</gpxdata:distance>
          <gpxdata:speed>0.909</gpxdata:speed>
        </extensions>
      </trkpt>
      <trkpt lat="46.8113800" lon="10.2267735">
        <ele>2456.0</ele>
        <time>2026-09-15T12:48:53Z</time>
        <extensions>
          <gpxdata:distance>7279.08</gpxdata:distance>
          <gpxdata:speed>0.924</gpxdata:speed>
        </extensions>
      </trkpt>
      <trkpt lat="46.8113540" lon="10.2267455">
        <ele>2455.2</ele>
        <time>2026-09-15T12:48:57Z</time>
        <extensions>
          <gpxdata:distance>7282.67</gpxdata:distance>
          <gpxdata:speed>0.938</gpxdata:speed>
        </extensions>
      </trkpt>
      <trkpt lat="46.8113090" lon="10.2267305">
        <ele>2454.8</ele>
        <time>2026-09-15T12:49:03Z</time>
        <extensions>
          <gpxdata:distance>7287.80</gpxdata:distance>
          <gpxdata:speed>0.938</gpxdata:speed>
        </extensions>
      </trkpt>
      <trkpt lat="46.8112910" lon="10.2267295">
        <ele>2454.6</ele>
        <time>2026-09-15T12:49:05Z</time>
        <extensions>
          <gpxdata:distance>7289.81</gpxdata:distance>
          <gpxdata:speed>0.927</gpxdata:speed>
        </extensions>
      </trkpt>
      <trkpt lat="46.8112460" lon="10.2267535">
        <ele>2454.0</ele>
        <time>2026-09-15T12:49:10Z</time>
        <extensions>
          <gpxdata:distance>7295.13</gpxdata:distance>
          <gpxdata:speed>0.930</gpxdata:speed>
        </extensions>
      </trkpt>
      <trkpt lat="46.8111910" lon="10.2267895">
        <ele>2452.6</ele>
        <time>2026-09-15T12:49:18Z</time>
        <extensions>
          <gpxdata:distance>7301.84</gpxdata:distance>
          <gpxdata:speed>0.933</gpxdata:speed>
        </extensions>
      </trkpt>
      <trkpt lat="46.8111550" lon="10.2267875">
        <ele>2451.7</ele>
        <time>2026-09-15T12:49:22Z</time>
        <extensions>
          <gpxdata:distance>7305.84</gpxdata:distance>
          <gpxdata:speed>0.936</gpxdata:speed>
        </extensions>
      </trkpt>
      <trkpt lat="46.8111190" lon="10.2267725">
        <ele>2451.3</ele>
        <time>2026-09-15T12:49:26Z</time>
        <extensions>
          <gpxdata:distance>7310.00</gpxdata:distance>
          <gpxdata:speed>0.936</gpxdata:speed>
        </extensions>
      </trkpt>
      <trkpt lat="46.8110920" lon="10.2267715">
        <ele>2450.8</ele>
        <time>2026-09-15T12:49:30Z</time>
        <extensions>
          <gpxdata:distance>7313.01</gpxdata:distance>
          <gpxdata:speed>0.936</gpxdata:speed>
        </extensions>
      </trkpt>
      <trkpt lat="46.8110730" lon="10.2268095">
        <ele>2450.1</ele>
        <time>2026-09-15T12:49:33Z</time>
        <extensions>
          <gpxdata:distance>7316.59</gpxdata:distance>
          <gpxdata:speed>0.930</gpxdata:speed>
        </extensions>
      </trkpt>
      <trkpt lat="46.8110720" lon="10.2268755">
        <ele>2449.0</ele>
        <time>2026-09-15T12:49:39Z</time>
        <extensions>
          <gpxdata:distance>7321.61</gpxdata:distance>
          <gpxdata:speed>0.928</gpxdata:speed>
        </extensions>
      </trkpt>
      <trkpt lat="46.8110790" lon="10.2269545">
        <ele>2447.7</ele>
        <time>2026-09-15T12:49:46Z</time>
        <extensions>
          <gpxdata:distance>7327.68</gpxdata:distance>
          <gpxdata:speed>0.902</gpxdata:speed>
        </extensions>
      </trkpt>
      <trkpt lat="46.8110940" lon="10.2270725">
        <ele>2447.2</ele>
        <time>2026-09-15T12:49:55Z</time>
        <extensions>
          <gpxdata:distance>7336.81</gpxdata:distance>
          <gpxdata:speed>0.930</gpxdata:speed>
        </extensions>
      </trkpt>
      <trkpt lat="46.8110930" lon="10.2270995">
        <ele>2447.0</ele>
        <time>2026-09-15T12:49:58Z</time>
        <extensions>
          <gpxdata:distance>7338.87</gpxdata:distance>
          <gpxdata:speed>0.926</gpxdata:speed>
        </extensions>
      </trkpt>
      <trkpt lat="46.8110840" lon="10.2271115">
        <ele>2446.6</ele>
        <time>2026-09-15T12:49:59Z</time>
        <extensions>
          <gpxdata:distance>7340.22</gpxdata:distance>
          <gpxdata:speed>0.931</gpxdata:speed>
        </extensions>
      </trkpt>
      <trkpt lat="46.8110410" lon="10.2270305">
        <ele>2445.2</ele>
        <time>2026-09-15T12:50:07Z</time>
        <extensions>
          <gpxdata:distance>7348.02</gpxdata:distance>
          <gpxdata:speed>0.934</gpxdata:speed>
        </extensions>
      </trkpt>
      <trkpt lat="46.8110230" lon="10.2270165">
        <ele>2444.8</ele>
        <time>2026-09-15T12:50:10Z</time>
        <extensions>
          <gpxdata:distance>7350.29</gpxdata:distance>
          <gpxdata:speed>0.925</gpxdata:speed>
        </extensions>
      </trkpt>
      <trkpt lat="46.8109960" lon="10.2270025">
        <ele>2444.2</ele>
        <time>2026-09-15T12:50:13Z</time>
        <extensions>
          <gpxdata:distance>7353.48</gpxdata:distance>
          <gpxdata:speed>0.922</gpxdata:speed>
        </extensions>
      </trkpt>
      <trkpt lat="46.8109790" lon="10.2269885">
        <ele>2444.0</ele>
        <time>2026-09-15T12:50:16Z</time>
        <extensions>
          <gpxdata:distance>7355.65</gpxdata:distance>
          <gpxdata:speed>0.932</gpxdata:speed>
        </extensions>
      </trkpt>
      <trkpt lat="46.8109700" lon="10.2269615">
        <ele>2443.8</ele>
        <time>2026-09-15T12:50:18Z</time>
        <extensions>
          <gpxdata:distance>7357.93</gpxdata:distance>
          <gpxdata:speed>0.934</gpxdata:speed>
        </extensions>
      </trkpt>
      <trkpt lat="46.8109540" lon="10.2269085">
        <ele>2443.4</ele>
        <time>2026-09-15T12:50:23Z</time>
        <extensions>
          <gpxdata:distance>7362.34</gpxdata:distance>
          <gpxdata:speed>0.916</gpxdata:speed>
        </extensions>
      </trkpt>
      <trkpt lat="46.8109470" lon="10.2268165">
        <ele>2443.4</ele>
        <time>2026-09-15T12:50:31Z</time>
        <extensions>
          <gpxdata:distance>7369.38</gpxdata:distance>
          <gpxdata:speed>0.910</gpxdata:speed>
        </extensions>
      </trkpt>
      <trkpt lat="46.8109600" lon="10.2266335">
        <ele>2442.5</ele>
        <time>2026-09-15T12:50:46Z</time>
        <extensions>
          <gpxdata:distance>7383.39</gpxdata:distance>
          <gpxdata:speed>0.895</gpxdata:speed>
        </extensions>
      </trkpt>
      <trkpt lat="46.8109720" lon="10.2265424">
        <ele>2441.9</ele>
        <time>2026-09-15T12:50:54Z</time>
        <extensions>
          <gpxdata:distance>7390.45</gpxdata:distance>
          <gpxdata:speed>0.901</gpxdata:speed>
        </extensions>
      </trkpt>
      <trkpt lat="46.8109830" lon="10.2264374">
        <ele>2441.1</ele>
        <time>2026-09-15T12:51:03Z</time>
        <extensions>
          <gpxdata:distance>7398.53</gpxdata:distance>
          <gpxdata:speed>0.915</gpxdata:speed>
        </extensions>
      </trkpt>
      <trkpt lat="46.8109850" lon="10.2263724">
        <ele>2440.7</ele>
        <time>2026-09-15T12:51:08Z</time>
        <extensions>
          <gpxdata:distance>7403.48</gpxdata:distance>
          <gpxdata:speed>0.919</gpxdata:speed>
        </extensions>
      </trkpt>
      <trkpt lat="46.8109680" lon="10.2263064">
        <ele>2439.5</ele>
        <time>2026-09-15T12:51:14Z</time>
        <extensions>
          <gpxdata:distance>7408.85</gpxdata:distance>
          <gpxdata:speed>0.911</gpxdata:speed>
        </extensions>
      </trkpt>
      <trkpt lat="46.8109700" lon="10.2262534">
        <ele>2438.9</ele>
        <time>2026-09-15T12:51:19Z</time>
        <extensions>
          <gpxdata:distance>7412.89</gpxdata:distance>
          <gpxdata:speed>0.906</gpxdata:speed>
        </extensions>
      </trkpt>
      <trkpt lat="46.8109810" lon="10.2261624">
        <ele>2437.7</ele>
        <time>2026-09-15T12:51:27Z</time>
        <extensions>
          <gpxdata:distance>7419.92</gpxdata:distance>
          <gpxdata:speed>0.896</gpxdata:speed>
        </extensions>
      </trkpt>
      <trkpt lat="46.8109820" lon="10.2261234">
        <ele>2437.1</ele>
        <time>2026-09-15T12:51:30Z</time>
        <extensions>
          <gpxdata:distance>7422.89</gpxdata:distance>
          <gpxdata:speed>0.898</gpxdata:speed>
        </extensions>
      </trkpt>
      <trkpt lat="46.8109560" lon="10.2260954">
        <ele>2435.9</ele>
        <time>2026-09-15T12:51:34Z</time>
        <extensions>
          <gpxdata:distance>7426.48</gpxdata:distance>
          <gpxdata:speed>0.923</gpxdata:speed>
        </extensions>
      </trkpt>
      <trkpt lat="46.8109470" lon="10.2260694">
        <ele>2435.4</ele>
        <time>2026-09-15T12:51:36Z</time>
        <extensions>
          <gpxdata:distance>7428.70</gpxdata:distance>
          <gpxdata:speed>0.931</gpxdata:speed>
        </extensions>
      </trkpt>
      <trkpt lat="46.8109580" lon="10.2260044">
        <ele>2433.7</ele>
        <time>2026-09-15T12:51:42Z</time>
        <extensions>
          <gpxdata:distance>7433.80</gpxdata:distance>
          <gpxdata:speed>0.887</gpxdata:speed>
        </extensions>
      </trkpt>
      <trkpt lat="46.8109500" lon="10.2259644">
        <ele>2433.0</ele>
        <time>2026-09-15T12:51:45Z</time>
        <extensions>
          <gpxdata:distance>7436.97</gpxdata:distance>
          <gpxdata:speed>0.872</gpxdata:speed>
        </extensions>
      </trkpt>
      <trkpt lat="46.8109330" lon="10.2259244">
        <ele>2432.3</ele>
        <time>2026-09-15T12:51:50Z</time>
        <extensions>
          <gpxdata:distance>7440.55</gpxdata:distance>
          <gpxdata:speed>0.872</gpxdata:speed>
        </extensions>
      </trkpt>
      <trkpt lat="46.8108890" lon="10.2258694">
        <ele>2432.0</ele>
        <time>2026-09-15T12:51:57Z</time>
        <extensions>
          <gpxdata:distance>7446.99</gpxdata:distance>
          <gpxdata:speed>0.876</gpxdata:speed>
        </extensions>
      </trkpt>
      <trkpt lat="46.8108360" lon="10.2258534">
        <ele>2431.9</ele>
        <time>2026-09-15T12:52:04Z</time>
        <extensions>
          <gpxdata:distance>7453.01</gpxdata:distance>
          <gpxdata:speed>0.907</gpxdata:speed>
        </extensions>
      </trkpt>
      <trkpt lat="46.8108080" lon="10.2258784">
        <ele>2432.0</ele>
        <time>2026-09-15T12:52:07Z</time>
        <extensions>
          <gpxdata:distance>7456.65</gpxdata:distance>
          <gpxdata:speed>0.933</gpxdata:speed>
        </extensions>
      </trkpt>
      <trkpt lat="46.8107710" lon="10.2259284">
        <ele>2431.8</ele>
        <time>2026-09-15T12:52:14Z</time>
        <extensions>
          <gpxdata:distance>7462.26</gpxdata:distance>
          <gpxdata:speed>0.926</gpxdata:speed>
        </extensions>
      </trkpt>
      <trkpt lat="46.8107330" lon="10.2259794">
        <ele>2431.1</ele>
        <time>2026-09-15T12:52:20Z</time>
        <extensions>
          <gpxdata:distance>7468.00</gpxdata:distance>
          <gpxdata:speed>0.909</gpxdata:speed>
        </extensions>
      </trkpt>
      <trkpt lat="46.8107060" lon="10.2260044">
        <ele>2430.6</ele>
        <time>2026-09-15T12:52:24Z</time>
        <extensions>
          <gpxdata:distance>7471.55</gpxdata:distance>
          <gpxdata:speed>0.905</gpxdata:speed>
        </extensions>
      </trkpt>
      <trkpt lat="46.8106960" lon="10.2260294">
        <ele>2430.4</ele>
        <time>2026-09-15T12:52:26Z</time>
        <extensions>
          <gpxdata:distance>7473.75</gpxdata:distance>
          <gpxdata:speed>0.913</gpxdata:speed>
        </extensions>
      </trkpt>
      <trkpt lat="46.8106950" lon="10.2260694">
        <ele>2430.4</ele>
        <time>2026-09-15T12:52:29Z</time>
        <extensions>
          <gpxdata:distance>7476.80</gpxdata:distance>
          <gpxdata:speed>0.932</gpxdata:speed>
        </extensions>
      </trkpt>
      <trkpt lat="46.8106950" lon="10.2260824">
        <ele>2430.6</ele>
        <time>2026-09-15T12:52:30Z</time>
        <extensions>
          <gpxdata:distance>7477.79</gpxdata:distance>
          <gpxdata:speed>0.954</gpxdata:speed>
        </extensions>
      </trkpt>
      <trkpt lat="46.8106860" lon="10.2260944">
        <ele>2430.6</ele>
        <time>2026-09-15T12:52:32Z</time>
        <extensions>
          <gpxdata:distance>7479.14</gpxdata:distance>
          <gpxdata:speed>0.956</gpxdata:speed>
        </extensions>
      </trkpt>
      <trkpt lat="46.8106680" lon="10.2260934">
        <ele>2430.3</ele>
        <time>2026-09-15T12:52:34Z</time>
        <extensions>
          <gpxdata:distance>7481.15</gpxdata:distance>
          <gpxdata:speed>0.941</gpxdata:speed>
        </extensions>
      </trkpt>
      <trkpt lat="46.8106600" lon="10.2260544">
        <ele>2429.6</ele>
        <time>2026-09-15T12:52:37Z</time>
        <extensions>
          <gpxdata:distance>7484.25</gpxdata:distance>
          <gpxdata:speed>0.908</gpxdata:speed>
        </extensions>
      </trkpt>
      <trkpt lat="46.8106160" lon="10.2259994">
        <ele>2428.1</ele>
        <time>2026-09-15T12:52:44Z</time>
        <extensions>
          <gpxdata:distance>7490.68</gpxdata:distance>
          <gpxdata:speed>0.922</gpxdata:speed>
        </extensions>
      </trkpt>
      <trkpt lat="46.8105990" lon="10.2259464">
        <ele>2427.6</ele>
        <time>2026-09-15T12:52:49Z</time>
        <extensions>
          <gpxdata:distance>7495.14</gpxdata:distance>
          <gpxdata:speed>0.921</gpxdata:speed>
        </extensions>
      </trkpt>
      <trkpt lat="46.8105920" lon="10.2258804">
        <ele>2427.6</ele>
        <time>2026-09-15T12:52:55Z</time>
        <extensions>
          <gpxdata:distance>7500.22</gpxdata:distance>
          <gpxdata:speed>0.899</gpxdata:speed>
        </extensions>
      </trkpt>
      <trkpt lat="46.8106020" lon="10.2258414">
        <ele>2427.0</ele>
        <time>2026-09-15T12:52:58Z</time>
        <extensions>
          <gpxdata:distance>7503.39</gpxdata:distance>
          <gpxdata:speed>0.908</gpxdata:speed>
        </extensions>
      </trkpt>
      <trkpt lat="46.8106120" lon="10.2258024">
        <ele>2427.0</ele>
        <time>2026-09-15T12:53:02Z</time>
        <extensions>
          <gpxdata:distance>7506.56</gpxdata:distance>
          <gpxdata:speed>0.907</gpxdata:speed>
        </extensions>
      </trkpt>
      <trkpt lat="46.8106130" lon="10.2257504">
        <ele>2427.0</ele>
        <time>2026-09-15T12:53:06Z</time>
        <extensions>
          <gpxdata:distance>7510.52</gpxdata:distance>
          <gpxdata:speed>0.903</gpxdata:speed>
        </extensions>
      </trkpt>
      <trkpt lat="46.8105970" lon="10.2256574">
        <ele>2425.3</ele>
        <time>2026-09-15T12:53:14Z</time>
        <extensions>
          <gpxdata:distance>7517.82</gpxdata:distance>
          <gpxdata:speed>0.928</gpxdata:speed>
        </extensions>
      </trkpt>
      <trkpt lat="46.8105980" lon="10.2256184">
        <ele>2424.9</ele>
        <time>2026-09-15T12:53:17Z</time>
        <extensions>
          <gpxdata:distance>7520.79</gpxdata:distance>
          <gpxdata:speed>0.927</gpxdata:speed>
        </extensions>
      </trkpt>
      <trkpt lat="46.8106080" lon="10.2255794">
        <ele>2424.7</ele>
        <time>2026-09-15T12:53:21Z</time>
        <extensions>
          <gpxdata:distance>7523.96</gpxdata:distance>
          <gpxdata:speed>0.916</gpxdata:speed>
        </extensions>
      </trkpt>
      <trkpt lat="46.8106200" lon="10.2254754">
        <ele>2423.8</ele>
        <time>2026-09-15T12:53:30Z</time>
        <extensions>
          <gpxdata:distance>7531.98</gpxdata:distance>
          <gpxdata:speed>0.898</gpxdata:speed>
        </extensions>
      </trkpt>
      <trkpt lat="46.8106110" lon="10.2254614">
        <ele>2423.5</ele>
        <time>2026-09-15T12:53:31Z</time>
        <extensions>
          <gpxdata:distance>7533.45</gpxdata:distance>
          <gpxdata:speed>0.901</gpxdata:speed>
        </extensions>
      </trkpt>
      <trkpt lat="46.8106020" lon="10.2254614">
        <ele>2423.1</ele>
        <time>2026-09-15T12:53:32Z</time>
        <extensions>
          <gpxdata:distance>7534.45</gpxdata:distance>
          <gpxdata:speed>0.923</gpxdata:speed>
        </extensions>
      </trkpt>
      <trkpt lat="46.8105840" lon="10.2254734">
        <ele>2422.9</ele>
        <time>2026-09-15T12:53:35Z</time>
        <extensions>
          <gpxdata:distance>7536.65</gpxdata:distance>
          <gpxdata:speed>0.916</gpxdata:speed>
        </extensions>
      </trkpt>
      <trkpt lat="46.8105650" lon="10.2254854">
        <ele>2422.6</ele>
        <time>2026-09-15T12:53:37Z</time>
        <extensions>
          <gpxdata:distance>7538.95</gpxdata:distance>
          <gpxdata:speed>0.927</gpxdata:speed>
        </extensions>
      </trkpt>
      <trkpt lat="46.8105480" lon="10.2254584">
        <ele>2422.2</ele>
        <time>2026-09-15T12:53:40Z</time>
        <extensions>
          <gpxdata:distance>7541.74</gpxdata:distance>
          <gpxdata:speed>0.935</gpxdata:speed>
        </extensions>
      </trkpt>
      <trkpt lat="46.8105220" lon="10.2254174">
        <ele>2421.6</ele>
        <time>2026-09-15T12:53:45Z</time>
        <extensions>
          <gpxdata:distance>7545.99</gpxdata:distance>
          <gpxdata:speed>0.923</gpxdata:speed>
        </extensions>
      </trkpt>
      <trkpt lat="46.8105050" lon="10.2253904">
        <ele>2420.5</ele>
        <time>2026-09-15T12:53:48Z</time>
        <extensions>
          <gpxdata:distance>7548.79</gpxdata:distance>
          <gpxdata:speed>0.930</gpxdata:speed>
        </extensions>
      </trkpt>
      <trkpt lat="46.8104870" lon="10.2253764">
        <ele>2420.5</ele>
        <time>2026-09-15T12:53:50Z</time>
        <extensions>
          <gpxdata:distance>7551.05</gpxdata:distance>
          <gpxdata:speed>0.933</gpxdata:speed>
        </extensions>
      </trkpt>
      <trkpt lat="46.8104790" lon="10.2253494">
        <ele>2420.1</ele>
        <time>2026-09-15T12:53:53Z</time>
        <extensions>
          <gpxdata:distance>7553.29</gpxdata:distance>
          <gpxdata:speed>0.908</gpxdata:speed>
        </extensions>
      </trkpt>
      <trkpt lat="46.8104790" lon="10.2253234">
        <ele>2419.8</ele>
        <time>2026-09-15T12:53:55Z</time>
        <extensions>
          <gpxdata:distance>7555.27</gpxdata:distance>
          <gpxdata:speed>0.913</gpxdata:speed>
        </extensions>
      </trkpt>
      <trkpt lat="46.8105250" lon="10.2252864">
        <ele>2419.5</ele>
        <time>2026-09-15T12:54:01Z</time>
        <extensions>
          <gpxdata:distance>7561.11</gpxdata:distance>
          <gpxdata:speed>0.926</gpxdata:speed>
        </extensions>
      </trkpt>
      <trkpt lat="46.8105800" lon="10.2252504">
        <ele>2418.9</ele>
        <time>2026-09-15T12:54:09Z</time>
        <extensions>
          <gpxdata:distance>7567.81</gpxdata:distance>
          <gpxdata:speed>0.920</gpxdata:speed>
        </extensions>
      </trkpt>
      <trkpt lat="46.8106080" lon="10.2252254">
        <ele>2418.5</ele>
        <time>2026-09-15T12:54:13Z</time>
        <extensions>
          <gpxdata:distance>7571.46</gpxdata:distance>
          <gpxdata:speed>0.918</gpxdata:speed>
        </extensions>
      </trkpt>
      <trkpt lat="46.8106090" lon="10.2251864">
        <ele>2417.9</ele>
        <time>2026-09-15T12:54:16Z</time>
        <extensions>
          <gpxdata:distance>7574.43</gpxdata:distance>
          <gpxdata:speed>0.923</gpxdata:speed>
        </extensions>
      </trkpt>
      <trkpt lat="46.8106000" lon="10.2251724">
        <ele>2417.1</ele>
        <time>2026-09-15T12:54:17Z</time>
        <extensions>
          <gpxdata:distance>7575.89</gpxdata:distance>
          <gpxdata:speed>0.939</gpxdata:speed>
        </extensions>
      </trkpt>
      <trkpt lat="46.8105730" lon="10.2251584">
        <ele>2416.9</ele>
        <time>2026-09-15T12:54:21Z</time>
        <extensions>
          <gpxdata:distance>7579.08</gpxdata:distance>
          <gpxdata:speed>0.912</gpxdata:speed>
        </extensions>
      </trkpt>
      <trkpt lat="46.8105470" lon="10.2251174">
        <ele>2416.4</ele>
        <time>2026-09-15T12:54:25Z</time>
        <extensions>
          <gpxdata:distance>7583.33</gpxdata:distance>
          <gpxdata:speed>0.919</gpxdata:speed>
        </extensions>
      </trkpt>
      <trkpt lat="46.8105300" lon="10.2250904">
        <ele>2415.7</ele>
        <time>2026-09-15T12:54:28Z</time>
        <extensions>
          <gpxdata:distance>7586.12</gpxdata:distance>
          <gpxdata:speed>0.925</gpxdata:speed>
        </extensions>
      </trkpt>
      <trkpt lat="46.8105120" lon="10.2250894">
        <ele>2415.7</ele>
        <time>2026-09-15T12:54:31Z</time>
        <extensions>
          <gpxdata:distance>7588.13</gpxdata:distance>
          <gpxdata:speed>0.917</gpxdata:speed>
        </extensions>
      </trkpt>
      <trkpt lat="46.8104940" lon="10.2250754">
        <ele>2415.3</ele>
        <time>2026-09-15T12:54:33Z</time>
        <extensions>
          <gpxdata:distance>7590.39</gpxdata:distance>
          <gpxdata:speed>0.934</gpxdata:speed>
        </extensions>
      </trkpt>
      <trkpt lat="46.8104950" lon="10.2250494">
        <ele>2414.8</ele>
        <time>2026-09-15T12:54:35Z</time>
        <extensions>
          <gpxdata:distance>7592.38</gpxdata:distance>
          <gpxdata:speed>0.917</gpxdata:speed>
        </extensions>
      </trkpt>
      <trkpt lat="46.8105140" lon="10.2250234">
        <ele>2413.9</ele>
        <time>2026-09-15T12:54:39Z</time>
        <extensions>
          <gpxdata:distance>7595.27</gpxdata:distance>
          <gpxdata:speed>0.881</gpxdata:speed>
        </extensions>
      </trkpt>
      <trkpt lat="46.8105510" lon="10.2249864">
        <ele>2412.8</ele>
        <time>2026-09-15T12:54:44Z</time>
        <extensions>
          <gpxdata:distance>7600.26</gpxdata:distance>
          <gpxdata:speed>0.875</gpxdata:speed>
        </extensions>
      </trkpt>
      <trkpt lat="46.8105870" lon="10.2249884">
        <ele>2412.2</ele>
        <time>2026-09-15T12:54:49Z</time>
        <extensions>
          <gpxdata:distance>7604.26</gpxdata:distance>
          <gpxdata:speed>0.909</gpxdata:speed>
        </extensions>
      </trkpt>
      <trkpt lat="46.8106590" lon="10.2249524">
        <ele>2410.7</ele>
        <time>2026-09-15T12:54:58Z</time>
        <extensions>
          <gpxdata:distance>7612.72</gpxdata:distance>
          <gpxdata:speed>0.893</gpxdata:speed>
        </extensions>
      </trkpt>
      <trkpt lat="46.8107320" lon="10.2249174">
        <ele>2409.6</ele>
        <time>2026-09-15T12:55:08Z</time>
        <extensions>
          <gpxdata:distance>7621.27</gpxdata:distance>
          <gpxdata:speed>0.900</gpxdata:speed>
        </extensions>
      </trkpt>
      <trkpt lat="46.8107510" lon="10.2248924">
        <ele>2409.4</ele>
        <time>2026-09-15T12:55:11Z</time>
        <extensions>
          <gpxdata:distance>7624.11</gpxdata:distance>
          <gpxdata:speed>0.918</gpxdata:speed>
        </extensions>
      </trkpt>
      <trkpt lat="46.8107610" lon="10.2248664">
        <ele>2408.9</ele>
        <time>2026-09-15T12:55:13Z</time>
        <extensions>
          <gpxdata:distance>7626.38</gpxdata:distance>
          <gpxdata:speed>0.902</gpxdata:speed>
        </extensions>
      </trkpt>
      <trkpt lat="46.8107520" lon="10.2248394">
        <ele>2408.1</ele>
        <time>2026-09-15T12:55:16Z</time>
        <extensions>
          <gpxdata:distance>7628.66</gpxdata:distance>
          <gpxdata:speed>0.888</gpxdata:speed>
        </extensions>
      </trkpt>
      <trkpt lat="46.8107440" lon="10.2248264">
        <ele>2407.5</ele>
        <time>2026-09-15T12:55:17Z</time>
        <extensions>
          <gpxdata:distance>7630.00</gpxdata:distance>
          <gpxdata:speed>0.880</gpxdata:speed>
        </extensions>
      </trkpt>
      <trkpt lat="46.8107180" lon="10.2247724">
        <ele>2406.5</ele>
        <time>2026-09-15T12:55:23Z</time>
        <extensions>
          <gpxdata:distance>7635.02</gpxdata:distance>
          <gpxdata:speed>0.891</gpxdata:speed>
        </extensions>
      </trkpt>
      <trkpt lat="46.8107090" lon="10.2247584">
        <ele>2406.1</ele>
        <time>2026-09-15T12:55:25Z</time>
        <extensions>
          <gpxdata:distance>7636.48</gpxdata:distance>
          <gpxdata:speed>0.892</gpxdata:speed>
        </extensions>
      </trkpt>
      <trkpt lat="46.8106730" lon="10.2247564">
        <ele>2405.7</ele>
        <time>2026-09-15T12:55:29Z</time>
        <extensions>
          <gpxdata:distance>7640.49</gpxdata:distance>
          <gpxdata:speed>0.900</gpxdata:speed>
        </extensions>
      </trkpt>
      <trkpt lat="46.8106650" lon="10.2247304">
        <ele>2405.2</ele>
        <time>2026-09-15T12:55:31Z</time>
        <extensions>
          <gpxdata:distance>7642.66</gpxdata:distance>
          <gpxdata:speed>0.894</gpxdata:speed>
        </extensions>
      </trkpt>
      <trkpt lat="46.8106570" lon="10.2246904">
        <ele>2404.3</ele>
        <time>2026-09-15T12:55:35Z</time>
        <extensions>
          <gpxdata:distance>7645.83</gpxdata:distance>
          <gpxdata:speed>0.872</gpxdata:speed>
        </extensions>
      </trkpt>
      <trkpt lat="46.8106751" lon="10.2246654">
        <ele>2403.9</ele>
        <time>2026-09-15T12:55:38Z</time>
        <extensions>
          <gpxdata:distance>7648.60</gpxdata:distance>
          <gpxdata:speed>0.872</gpxdata:speed>
        </extensions>
      </trkpt>
      <trkpt lat="46.8107031" lon="10.2246404">
        <ele>2403.3</ele>
        <time>2026-09-15T12:55:42Z</time>
        <extensions>
          <gpxdata:distance>7652.25</gpxdata:distance>
          <gpxdata:speed>0.872</gpxdata:speed>
        </extensions>
      </trkpt>
      <trkpt lat="46.8107761" lon="10.2246184">
        <ele>2402.5</ele>
        <time>2026-09-15T12:55:52Z</time>
        <extensions>
          <gpxdata:distance>7660.53</gpxdata:distance>
          <gpxdata:speed>0.905</gpxdata:speed>
        </extensions>
      </trkpt>
      <trkpt lat="46.8108031" lon="10.2246194">
        <ele>2402.9</ele>
        <time>2026-09-15T12:55:55Z</time>
        <extensions>
          <gpxdata:distance>7663.54</gpxdata:distance>
          <gpxdata:speed>0.928</gpxdata:speed>
        </extensions>
      </trkpt>
      <trkpt lat="46.8108301" lon="10.2246204">
        <ele>2402.6</ele>
        <time>2026-09-15T12:55:58Z</time>
        <extensions>
          <gpxdata:distance>7666.54</gpxdata:distance>
          <gpxdata:speed>0.916</gpxdata:speed>
        </extensions>
      </trkpt>
      <trkpt lat="46.8108841" lon="10.2245844">
        <ele>2401.7</ele>
        <time>2026-09-15T12:56:05Z</time>
        <extensions>
          <gpxdata:distance>7673.14</gpxdata:distance>
          <gpxdata:speed>0.913</gpxdata:speed>
        </extensions>
      </trkpt>
      <trkpt lat="46.8109211" lon="10.2245734">
        <ele>2401.5</ele>
        <time>2026-09-15T12:56:10Z</time>
        <extensions>
          <gpxdata:distance>7677.34</gpxdata:distance>
          <gpxdata:speed>0.907</gpxdata:speed>
        </extensions>
      </trkpt>
      <trkpt lat="46.8109571" lon="10.2245484">
        <ele>2402.0</ele>
        <time>2026-09-15T12:56:15Z</time>
        <extensions>
          <gpxdata:distance>7681.77</gpxdata:distance>
          <gpxdata:speed>0.914</gpxdata:speed>
        </extensions>
      </trkpt>
      <trkpt lat="46.8109671" lon="10.2245364">
        <ele>2401.3</ele>
        <time>2026-09-15T12:56:16Z</time>
        <extensions>
          <gpxdata:distance>7683.21</gpxdata:distance>
          <gpxdata:speed>0.916</gpxdata:speed>
        </extensions>
      </trkpt>
      <trkpt lat="46.8109581" lon="10.2245224">
        <ele>2401.0</ele>
        <time>2026-09-15T12:56:18Z</time>
        <extensions>
          <gpxdata:distance>7684.67</gpxdata:distance>
          <gpxdata:speed>0.915</gpxdata:speed>
        </extensions>
      </trkpt>
      <trkpt lat="46.8109491" lon="10.2245094">
        <ele>2400.7</ele>
        <time>2026-09-15T12:56:20Z</time>
        <extensions>
          <gpxdata:distance>7686.08</gpxdata:distance>
          <gpxdata:speed>0.919</gpxdata:speed>
        </extensions>
      </trkpt>
      <trkpt lat="46.8109141" lon="10.2244944">
        <ele>2399.7</ele>
        <time>2026-09-15T12:56:24Z</time>
        <extensions>
          <gpxdata:distance>7690.14</gpxdata:distance>
          <gpxdata:speed>0.900</gpxdata:speed>
        </extensions>
      </trkpt>
      <trkpt lat="46.8109141" lon="10.2244804">
        <ele>2399.3</ele>
        <time>2026-09-15T12:56:25Z</time>
        <extensions>
          <gpxdata:distance>7691.20</gpxdata:distance>
          <gpxdata:speed>0.922</gpxdata:speed>
        </extensions>
      </trkpt>
      <trkpt lat="46.8109331" lon="10.2244554">
        <ele>2398.7</ele>
        <time>2026-09-15T12:56:28Z</time>
        <extensions>
          <gpxdata:distance>7694.04</gpxdata:distance>
          <gpxdata:speed>0.933</gpxdata:speed>
        </extensions>
      </trkpt>
      <trkpt lat="46.8110611" lon="10.2243574">
        <ele>2397.7</ele>
        <time>2026-09-15T12:56:46Z</time>
        <extensions>
          <gpxdata:distance>7710.11</gpxdata:distance>
          <gpxdata:speed>0.902</gpxdata:speed>
        </extensions>
      </trkpt>
      <trkpt lat="46.8111071" lon="10.2243204">
        <ele>2397.1</ele>
        <time>2026-09-15T12:56:53Z</time>
        <extensions>
          <gpxdata:distance>7715.95</gpxdata:distance>
          <gpxdata:speed>0.907</gpxdata:speed>
        </extensions>
      </trkpt>
      <trkpt lat="46.8111531" lon="10.2242964">
        <ele>2396.3</ele>
        <time>2026-09-15T12:56:58Z</time>
        <extensions>
          <gpxdata:distance>7721.38</gpxdata:distance>
          <gpxdata:speed>0.935</gpxdata:speed>
        </extensions>
      </trkpt>
      <trkpt lat="46.8111981" lon="10.2242724">
        <ele>2395.5</ele>
        <time>2026-09-15T12:57:04Z</time>
        <extensions>
          <gpxdata:distance>7726.71</gpxdata:distance>
          <gpxdata:speed>0.925</gpxdata:speed>
        </extensions>
      </trkpt>
      <trkpt lat="46.8112251" lon="10.2242614">
        <ele>2395.1</ele>
        <time>2026-09-15T12:57:07Z</time>
        <extensions>
          <gpxdata:distance>7729.83</gpxdata:distance>
          <gpxdata:speed>0.922</gpxdata:speed>
        </extensions>
      </trkpt>
      <trkpt lat="46.8112701" lon="10.2242634">
        <ele>2394.8</ele>
        <time>2026-09-15T12:57:13Z</time>
        <extensions>
          <gpxdata:distance>7734.83</gpxdata:distance>
          <gpxdata:speed>0.914</gpxdata:speed>
        </extensions>
      </trkpt>
      <trkpt lat="46.8112971" lon="10.2242644">
        <ele>2394.4</ele>
        <time>2026-09-15T12:57:16Z</time>
        <extensions>
          <gpxdata:distance>7737.84</gpxdata:distance>
          <gpxdata:speed>0.905</gpxdata:speed>
        </extensions>
      </trkpt>
      <trkpt lat="46.8113071" lon="10.2242524">
        <ele>2394.1</ele>
        <time>2026-09-15T12:57:18Z</time>
        <extensions>
          <gpxdata:distance>7739.27</gpxdata:distance>
          <gpxdata:speed>0.902</gpxdata:speed>
        </extensions>
      </trkpt>
      <trkpt lat="46.8113531" lon="10.2242024">
        <ele>2392.9</ele>
        <time>2026-09-15T12:57:25Z</time>
        <extensions>
          <gpxdata:distance>7745.65</gpxdata:distance>
          <gpxdata:speed>0.906</gpxdata:speed>
        </extensions>
      </trkpt>
      <trkpt lat="46.8113531" lon="10.2241754">
        <ele>2392.6</ele>
        <time>2026-09-15T12:57:27Z</time>
        <extensions>
          <gpxdata:distance>7747.70</gpxdata:distance>
          <gpxdata:speed>0.927</gpxdata:speed>
        </extensions>
      </trkpt>
      <trkpt lat="46.8113541" lon="10.2241624">
        <ele>2392.6</ele>
        <time>2026-09-15T12:57:28Z</time>
        <extensions>
          <gpxdata:distance>7748.70</gpxdata:distance>
          <gpxdata:speed>0.929</gpxdata:speed>
        </extensions>
      </trkpt>
      <trkpt lat="46.8113451" lon="10.2241624">
        <ele>2392.4</ele>
        <time>2026-09-15T12:57:29Z</time>
        <extensions>
          <gpxdata:distance>7749.70</gpxdata:distance>
          <gpxdata:speed>0.929</gpxdata:speed>
        </extensions>
      </trkpt>
      <trkpt lat="46.8113271" lon="10.2241614">
        <ele>2391.9</ele>
        <time>2026-09-15T12:57:31Z</time>
        <extensions>
          <gpxdata:distance>7751.70</gpxdata:distance>
          <gpxdata:speed>0.935</gpxdata:speed>
        </extensions>
      </trkpt>
      <trkpt lat="46.8112821" lon="10.2241464">
        <ele>2391.6</ele>
        <time>2026-09-15T12:57:37Z</time>
        <extensions>
          <gpxdata:distance>7756.84</gpxdata:distance>
          <gpxdata:speed>0.921</gpxdata:speed>
        </extensions>
      </trkpt>
      <trkpt lat="46.8112651" lon="10.2241324">
        <ele>2391.4</ele>
        <time>2026-09-15T12:57:39Z</time>
        <extensions>
          <gpxdata:distance>7759.01</gpxdata:distance>
          <gpxdata:speed>0.932</gpxdata:speed>
        </extensions>
      </trkpt>
      <trkpt lat="46.8112661" lon="10.2240794">
        <ele>2390.3</ele>
        <time>2026-09-15T12:57:44Z</time>
        <extensions>
          <gpxdata:distance>7763.04</gpxdata:distance>
          <gpxdata:speed>0.923</gpxdata:speed>
        </extensions>
      </trkpt>
      <trkpt lat="46.8112841" lon="10.2240544">
        <ele>2389.2</ele>
        <time>2026-09-15T12:57:47Z</time>
        <extensions>
          <gpxdata:distance>7765.80</gpxdata:distance>
          <gpxdata:speed>0.893</gpxdata:speed>
        </extensions>
      </trkpt>
      <trkpt lat="46.8113031" lon="10.2240164">
        <ele>2388.8</ele>
        <time>2026-09-15T12:57:51Z</time>
        <extensions>
          <gpxdata:distance>7769.38</gpxdata:distance>
          <gpxdata:speed>0.909</gpxdata:speed>
        </extensions>
      </trkpt>
      <trkpt lat="46.8113041" lon="10.2239764">
        <ele>2388.3</ele>
        <time>2026-09-15T12:57:54Z</time>
        <extensions>
          <gpxdata:distance>7772.43</gpxdata:distance>
          <gpxdata:speed>0.907</gpxdata:speed>
        </extensions>
      </trkpt>
      <trkpt lat="46.8113321" lon="10.2239384">
        <ele>2388.1</ele>
        <time>2026-09-15T12:57:59Z</time>
        <extensions>
          <gpxdata:distance>7776.68</gpxdata:distance>
          <gpxdata:speed>0.925</gpxdata:speed>
        </extensions>
      </trkpt>
      <trkpt lat="46.8113331" lon="10.2239124">
        <ele>2387.9</ele>
        <time>2026-09-15T12:58:01Z</time>
        <extensions>
          <gpxdata:distance>7778.66</gpxdata:distance>
          <gpxdata:speed>0.933</gpxdata:speed>
        </extensions>
      </trkpt>
      <trkpt lat="46.8113161" lon="10.2238854">
        <ele>2387.3</ele>
        <time>2026-09-15T12:58:04Z</time>
        <extensions>
          <gpxdata:distance>7781.45</gpxdata:distance>
          <gpxdata:speed>0.934</gpxdata:speed>
        </extensions>
      </trkpt>
      <trkpt lat="46.8112981" lon="10.2238584">
        <ele>2387.0</ele>
        <time>2026-09-15T12:58:07Z</time>
        <extensions>
          <gpxdata:distance>7784.32</gpxdata:distance>
          <gpxdata:speed>0.916</gpxdata:speed>
        </extensions>
      </trkpt>
      <trkpt lat="46.8112811" lon="10.2238444">
        <ele>2386.2</ele>
        <time>2026-09-15T12:58:09Z</time>
        <extensions>
          <gpxdata:distance>7786.49</gpxdata:distance>
          <gpxdata:speed>0.887</gpxdata:speed>
        </extensions>
      </trkpt>
      <trkpt lat="46.8112541" lon="10.2238164">
        <ele>2385.6</ele>
        <time>2026-09-15T12:58:13Z</time>
        <extensions>
          <gpxdata:distance>7790.17</gpxdata:distance>
          <gpxdata:speed>0.908</gpxdata:speed>
        </extensions>
      </trkpt>
      <trkpt lat="46.8112461" lon="10.2237904">
        <ele>2385.2</ele>
        <time>2026-09-15T12:58:16Z</time>
        <extensions>
          <gpxdata:distance>7792.34</gpxdata:distance>
          <gpxdata:speed>0.939</gpxdata:speed>
        </extensions>
      </trkpt>
      <trkpt lat="46.8112551" lon="10.2237904">
        <ele>2384.6</ele>
        <time>2026-09-15T12:58:17Z</time>
        <extensions>
          <gpxdata:distance>7793.34</gpxdata:distance>
          <gpxdata:speed>0.906</gpxdata:speed>
        </extensions>
      </trkpt>
      <trkpt lat="46.8112641" lon="10.2237784">
        <ele>2384.0</ele>
        <time>2026-09-15T12:58:18Z</time>
        <extensions>
          <gpxdata:distance>7794.70</gpxdata:distance>
          <gpxdata:speed>0.881</gpxdata:speed>
        </extensions>
      </trkpt>
      <trkpt lat="46.8113271" lon="10.2237684">
        <ele>2382.9</ele>
        <time>2026-09-15T12:58:26Z</time>
        <extensions>
          <gpxdata:distance>7801.74</gpxdata:distance>
          <gpxdata:speed>0.872</gpxdata:speed>
        </extensions>
      </trkpt>
      <trkpt lat="46.8113371" lon="10.2237554">
        <ele>2382.3</ele>
        <time>2026-09-15T12:58:28Z</time>
        <extensions>
          <gpxdata:distance>7803.23</gpxdata:distance>
          <gpxdata:speed>0.872</gpxdata:speed>
        </extensions>
      </trkpt>
      <trkpt lat="46.8113371" lon="10.2237424">
        <ele>2382.1</ele>
        <time>2026-09-15T12:58:29Z</time>
        <extensions>
          <gpxdata:distance>7804.22</gpxdata:distance>
          <gpxdata:speed>0.872</gpxdata:speed>
        </extensions>
      </trkpt>
      <trkpt lat="46.8113281" lon="10.2237284">
        <ele>2381.7</ele>
        <time>2026-09-15T12:58:31Z</time>
        <extensions>
          <gpxdata:distance>7805.68</gpxdata:distance>
          <gpxdata:speed>0.872</gpxdata:speed>
        </extensions>
      </trkpt>
      <trkpt lat="46.8112311" lon="10.2236714">
        <ele>2380.8</ele>
        <time>2026-09-15T12:58:44Z</time>
        <extensions>
          <gpxdata:distance>7817.31</gpxdata:distance>
          <gpxdata:speed>0.906</gpxdata:speed>
        </extensions>
      </trkpt>
      <trkpt lat="46.8112131" lon="10.2236444">
        <ele>2380.6</ele>
        <time>2026-09-15T12:58:47Z</time>
        <extensions>
          <gpxdata:distance>7820.18</gpxdata:distance>
          <gpxdata:speed>0.917</gpxdata:speed>
        </extensions>
      </trkpt>
      <trkpt lat="46.8111961" lon="10.2236174">
        <ele>2379.6</ele>
        <time>2026-09-15T12:58:50Z</time>
        <extensions>
          <gpxdata:distance>7822.97</gpxdata:distance>
          <gpxdata:speed>0.895</gpxdata:speed>
        </extensions>
      </trkpt>
      <trkpt lat="46.8111791" lon="10.2235904">
        <ele>2378.5</ele>
        <time>2026-09-15T12:58:53Z</time>
        <extensions>
          <gpxdata:distance>7825.76</gpxdata:distance>
          <gpxdata:speed>0.888</gpxdata:speed>
        </extensions>
      </trkpt>
      <trkpt lat="46.8111611" lon="10.2235764">
        <ele>2378.0</ele>
        <time>2026-09-15T12:58:56Z</time>
        <extensions>
          <gpxdata:distance>7828.03</gpxdata:distance>
          <gpxdata:speed>0.899</gpxdata:speed>
        </extensions>
      </trkpt>
      <trkpt lat="46.8111531" lon="10.2235494">
        <ele>2377.6</ele>
        <time>2026-09-15T12:58:58Z</time>
        <extensions>
          <gpxdata:distance>7830.27</gpxdata:distance>
          <gpxdata:speed>0.891</gpxdata:speed>
        </extensions>
      </trkpt>
      <trkpt lat="46.8111531" lon="10.2235234">
        <ele>2376.3</ele>
        <time>2026-09-15T12:59:00Z</time>
        <extensions>
          <gpxdata:distance>7832.25</gpxdata:distance>
          <gpxdata:speed>0.872</gpxdata:speed>
        </extensions>
      </trkpt>
      <trkpt lat="46.8111631" lon="10.2234974">
        <ele>2375.8</ele>
        <time>2026-09-15T12:59:03Z</time>
        <extensions>
          <gpxdata:distance>7834.52</gpxdata:distance>
          <gpxdata:speed>0.872</gpxdata:speed>
        </extensions>
      </trkpt>
      <trkpt lat="46.8111731" lon="10.2234714">
        <ele>2375.5</ele>
        <time>2026-09-15T12:59:06Z</time>
        <extensions>
          <gpxdata:distance>7836.79</gpxdata:distance>
          <gpxdata:speed>0.873</gpxdata:speed>
        </extensions>
      </trkpt>
      <trkpt lat="46.8112001" lon="10.2234464">
        <ele>2375.2</ele>
        <time>2026-09-15T12:59:10Z</time>
        <extensions>
          <gpxdata:distance>7840.34</gpxdata:distance>
          <gpxdata:speed>0.872</gpxdata:speed>
        </extensions>
      </trkpt>
      <trkpt lat="46.8112101" lon="10.2234214">
        <ele>2375.0</ele>
        <time>2026-09-15T12:59:12Z</time>
        <extensions>
          <gpxdata:distance>7842.54</gpxdata:distance>
          <gpxdata:speed>0.872</gpxdata:speed>
        </extensions>
      </trkpt>
      <trkpt lat="46.8112101" lon="10.2234084">
        <ele>2374.5</ele>
        <time>2026-09-15T12:59:13Z</time>
        <extensions>
          <gpxdata:distance>7843.53</gpxdata:distance>
          <gpxdata:speed>0.872</gpxdata:speed>
        </extensions>
      </trkpt>
      <trkpt lat="46.8112021" lon="10.2233814">
        <ele>2373.9</ele>
        <time>2026-09-15T12:59:16Z</time>
        <extensions>
          <gpxdata:distance>7845.77</gpxdata:distance>
          <gpxdata:speed>0.872</gpxdata:speed>
        </extensions>
      </trkpt>
      <trkpt lat="46.8111841" lon="10.2233674">
        <ele>2373.1</ele>
        <time>2026-09-15T12:59:19Z</time>
        <extensions>
          <gpxdata:distance>7848.04</gpxdata:distance>
          <gpxdata:speed>0.872</gpxdata:speed>
        </extensions>
      </trkpt>
      <trkpt lat="46.8111401" lon="10.2233524">
        <ele>2372.4</ele>
        <time>2026-09-15T12:59:24Z</time>
        <extensions>
          <gpxdata:distance>7853.06</gpxdata:distance>
          <gpxdata:speed>0.872</gpxdata:speed>
        </extensions>
      </trkpt>
      <trkpt lat="46.8111041" lon="10.2233504">
        <ele>2372.6</ele>
        <time>2026-09-15T12:59:29Z</time>
        <extensions>
          <gpxdata:distance>7857.07</gpxdata:distance>
          <gpxdata:speed>0.939</gpxdata:speed>
        </extensions>
      </trkpt>
      <trkpt lat="46.8110951" lon="10.2233494">
        <ele>2372.5</ele>
        <time>2026-09-15T12:59:30Z</time>
        <extensions>
          <gpxdata:distance>7858.07</gpxdata:distance>
          <gpxdata:speed>0.931</gpxdata:speed>
        </extensions>
      </trkpt>
      <trkpt lat="46.8110951" lon="10.2233364">
        <ele>2372.0</ele>
        <time>2026-09-15T12:59:31Z</time>
        <extensions>
          <gpxdata:distance>7859.06</gpxdata:distance>
          <gpxdata:speed>0.930</gpxdata:speed>
        </extensions>
      </trkpt>
      <trkpt lat="46.8111051" lon="10.2233104">
        <ele>2371.7</ele>
        <time>2026-09-15T12:59:33Z</time>
        <extensions>
          <gpxdata:distance>7861.33</gpxdata:distance>
          <gpxdata:speed>0.917</gpxdata:speed>
        </extensions>
      </trkpt>
      <trkpt lat="46.8111511" lon="10.2232474">
        <ele>2370.8</ele>
        <time>2026-09-15T12:59:41Z</time>
        <extensions>
          <gpxdata:distance>7868.34</gpxdata:distance>
          <gpxdata:speed>0.923</gpxdata:speed>
        </extensions>
      </trkpt>
      <trkpt lat="46.8111691" lon="10.2232354">
        <ele>2370.8</ele>
        <time>2026-09-15T12:59:43Z</time>
        <extensions>
          <gpxdata:distance>7870.54</gpxdata:distance>
          <gpxdata:speed>0.928</gpxdata:speed>
        </extensions>
      </trkpt>
      <trkpt lat="46.8111701" lon="10.2232094">
        <ele>2370.5</ele>
        <time>2026-09-15T12:59:45Z</time>
        <extensions>
          <gpxdata:distance>7872.53</gpxdata:distance>
          <gpxdata:speed>0.919</gpxdata:speed>
        </extensions>
      </trkpt>
      <trkpt lat="46.8111701" lon="10.2231964">
        <ele>2370.4</ele>
        <time>2026-09-15T12:59:46Z</time>
        <extensions>
          <gpxdata:distance>7873.51</gpxdata:distance>
          <gpxdata:speed>0.900</gpxdata:speed>
        </extensions>
      </trkpt>
      <trkpt lat="46.8111521" lon="10.2231954">
        <ele>2370.1</ele>
        <time>2026-09-15T12:59:49Z</time>
        <extensions>
          <gpxdata:distance>7875.52</gpxdata:distance>
          <gpxdata:speed>0.897</gpxdata:speed>
        </extensions>
      </trkpt>
      <trkpt lat="46.8110991" lon="10.2231794">
        <ele>2369.3</ele>
        <time>2026-09-15T12:59:55Z</time>
        <extensions>
          <gpxdata:distance>7881.54</gpxdata:distance>
          <gpxdata:speed>0.926</gpxdata:speed>
        </extensions>
      </trkpt>
      <trkpt lat="46.8110901" lon="10.2231524">
        <ele>2368.9</ele>
        <time>2026-09-15T12:59:58Z</time>
        <extensions>
          <gpxdata:distance>7883.82</gpxdata:distance>
          <gpxdata:speed>0.931</gpxdata:speed>
        </extensions>
      </trkpt>
      <trkpt lat="46.8110911" lon="10.2231394">
        <ele>2368.4</ele>
        <time>2026-09-15T12:59:59Z</time>
        <extensions>
          <gpxdata:distance>7884.82</gpxdata:distance>
          <gpxdata:speed>0.931</gpxdata:speed>
        </extensions>
      </trkpt>
      <trkpt lat="46.8111091" lon="10.2231144">
        <ele>2368.4</ele>
        <time>2026-09-15T13:00:02Z</time>
        <extensions>
          <gpxdata:distance>7887.58</gpxdata:distance>
          <gpxdata:speed>0.918</gpxdata:speed>
        </extensions>
      </trkpt>
      <trkpt lat="46.8111191" lon="10.2230884">
        <ele>2367.9</ele>
        <time>2026-09-15T13:00:04Z</time>
        <extensions>
          <gpxdata:distance>7889.85</gpxdata:distance>
          <gpxdata:speed>0.926</gpxdata:speed>
        </extensions>
      </trkpt>
      <trkpt lat="46.8111191" lon="10.2230754">
        <ele>2367.4</ele>
        <time>2026-09-15T13:00:05Z</time>
        <extensions>
          <gpxdata:distance>7890.84</gpxdata:distance>
          <gpxdata:speed>0.916</gpxdata:speed>
        </extensions>
      </trkpt>
      <trkpt lat="46.8111111" lon="10.2230494">
        <ele>2367.2</ele>
        <time>2026-09-15T13:00:08Z</time>
        <extensions>
          <gpxdata:distance>7893.01</gpxdata:distance>
          <gpxdata:speed>0.925</gpxdata:speed>
        </extensions>
      </trkpt>
      <trkpt lat="46.8110841" lon="10.2230344">
        <ele>2366.8</ele>
        <time>2026-09-15T13:00:11Z</time>
        <extensions>
          <gpxdata:distance>7896.22</gpxdata:distance>
          <gpxdata:speed>0.928</gpxdata:speed>
        </extensions>
      </trkpt>
      <trkpt lat="46.8110221" lon="10.2230054">
        <ele>2365.4</ele>
        <time>2026-09-15T13:00:19Z</time>
        <extensions>
          <gpxdata:distance>7903.46</gpxdata:distance>
          <gpxdata:speed>0.915</gpxdata:speed>
        </extensions>
      </trkpt>
      <trkpt lat="46.8109871" lon="10.2229774">
        <ele>2364.4</ele>
        <time>2026-09-15T13:00:24Z</time>
        <extensions>
          <gpxdata:distance>7907.89</gpxdata:distance>
          <gpxdata:speed>0.891</gpxdata:speed>
        </extensions>
      </trkpt>
      <trkpt lat="46.8109421" lon="10.2229484">
        <ele>2363.2</ele>
        <time>2026-09-15T13:00:30Z</time>
        <extensions>
          <gpxdata:distance>7913.36</gpxdata:distance>
          <gpxdata:speed>0.881</gpxdata:speed>
        </extensions>
      </trkpt>
      <trkpt lat="46.8109251" lon="10.2229344">
        <ele>2362.9</ele>
        <time>2026-09-15T13:00:33Z</time>
        <extensions>
          <gpxdata:distance>7915.53</gpxdata:distance>
          <gpxdata:speed>0.900</gpxdata:speed>
        </extensions>
      </trkpt>
      <trkpt lat="46.8109071" lon="10.2229204">
        <ele>2362.2</ele>
        <time>2026-09-15T13:00:35Z</time>
        <extensions>
          <gpxdata:distance>7917.80</gpxdata:distance>
          <gpxdata:speed>0.872</gpxdata:speed>
        </extensions>
      </trkpt>
      <trkpt lat="46.8109071" lon="10.2229074">
        <ele>2362.2</ele>
        <time>2026-09-15T13:00:36Z</time>
        <extensions>
          <gpxdata:distance>7918.79</gpxdata:distance>
          <gpxdata:speed>0.876</gpxdata:speed>
        </extensions>
      </trkpt>
      <trkpt lat="46.8109081" lon="10.2228944">
        <ele>2361.7</ele>
        <time>2026-09-15T13:00:37Z</time>
        <extensions>
          <gpxdata:distance>7919.78</gpxdata:distance>
          <gpxdata:speed>0.876</gpxdata:speed>
        </extensions>
      </trkpt>
      <trkpt lat="46.8109451" lon="10.2228434">
        <ele>2361.8</ele>
        <time>2026-09-15T13:00:44Z</time>
        <extensions>
          <gpxdata:distance>7925.44</gpxdata:distance>
          <gpxdata:speed>0.918</gpxdata:speed>
        </extensions>
      </trkpt>
      <trkpt lat="46.8109551" lon="10.2228044">
        <ele>2361.4</ele>
        <time>2026-09-15T13:00:47Z</time>
        <extensions>
          <gpxdata:distance>7928.61</gpxdata:distance>
          <gpxdata:speed>0.917</gpxdata:speed>
        </extensions>
      </trkpt>
      <trkpt lat="46.8109471" lon="10.2227784">
        <ele>2360.8</ele>
        <time>2026-09-15T13:00:49Z</time>
        <extensions>
          <gpxdata:distance>7930.78</gpxdata:distance>
          <gpxdata:speed>0.915</gpxdata:speed>
        </extensions>
      </trkpt>
      <trkpt lat="46.8109381" lon="10.2227644">
        <ele>2360.7</ele>
        <time>2026-09-15T13:00:51Z</time>
        <extensions>
          <gpxdata:distance>7932.24</gpxdata:distance>
          <gpxdata:speed>0.937</gpxdata:speed>
        </extensions>
      </trkpt>
      <trkpt lat="46.8109291" lon="10.2227514">
        <ele>2360.3</ele>
        <time>2026-09-15T13:00:52Z</time>
        <extensions>
          <gpxdata:distance>7933.65</gpxdata:distance>
          <gpxdata:speed>0.934</gpxdata:speed>
        </extensions>
      </trkpt>
      <trkpt lat="46.8109021" lon="10.2227494">
        <ele>2359.5</ele>
        <time>2026-09-15T13:00:56Z</time>
        <extensions>
          <gpxdata:distance>7936.65</gpxdata:distance>
          <gpxdata:speed>0.925</gpxdata:speed>
        </extensions>
      </trkpt>
      <trkpt lat="46.8108661" lon="10.2227474">
        <ele>2358.8</ele>
        <time>2026-09-15T13:01:00Z</time>
        <extensions>
          <gpxdata:distance>7940.66</gpxdata:distance>
          <gpxdata:speed>0.939</gpxdata:speed>
        </extensions>
      </trkpt>
      <trkpt lat="46.8108311" lon="10.2227324">
        <ele>2358.2</ele>
        <time>2026-09-15T13:01:04Z</time>
        <extensions>
          <gpxdata:distance>7944.72</gpxdata:distance>
          <gpxdata:speed>0.934</gpxdata:speed>
        </extensions>
      </trkpt>
      <trkpt lat="46.8108311" lon="10.2227194">
        <ele>2358.0</ele>
        <time>2026-09-15T13:01:05Z</time>
        <extensions>
          <gpxdata:distance>7945.71</gpxdata:distance>
          <gpxdata:speed>0.933</gpxdata:speed>
        </extensions>
      </trkpt>
      <trkpt lat="46.8108311" lon="10.2227064">
        <ele>2357.5</ele>
        <time>2026-09-15T13:01:07Z</time>
        <extensions>
          <gpxdata:distance>7946.70</gpxdata:distance>
          <gpxdata:speed>0.872</gpxdata:speed>
        </extensions>
      </trkpt>
      <trkpt lat="46.8108411" lon="10.2226814">
        <ele>2357.3</ele>
        <time>2026-09-15T13:01:09Z</time>
        <extensions>
          <gpxdata:distance>7948.90</gpxdata:distance>
          <gpxdata:speed>0.872</gpxdata:speed>
        </extensions>
      </trkpt>
      <trkpt lat="46.8108681" lon="10.2226564">
        <ele>2357.2</ele>
        <time>2026-09-15T13:01:13Z</time>
        <extensions>
          <gpxdata:distance>7952.45</gpxdata:distance>
          <gpxdata:speed>0.918</gpxdata:speed>
        </extensions>
      </trkpt>
      <trkpt lat="46.8108961" lon="10.2226314">
        <ele>2356.6</ele>
        <time>2026-09-15T13:01:17Z</time>
        <extensions>
          <gpxdata:distance>7956.10</gpxdata:distance>
          <gpxdata:speed>0.910</gpxdata:speed>
        </extensions>
      </trkpt>
      <trkpt lat="46.8109051" lon="10.2226184">
        <ele>2356.0</ele>
        <time>2026-09-15T13:01:19Z</time>
        <extensions>
          <gpxdata:distance>7957.51</gpxdata:distance>
          <gpxdata:speed>0.899</gpxdata:speed>
        </extensions>
      </trkpt>
      <trkpt lat="46.8109061" lon="10.2225924">
        <ele>2355.5</ele>
        <time>2026-09-15T13:01:21Z</time>
        <extensions>
          <gpxdata:distance>7959.49</gpxdata:distance>
          <gpxdata:speed>0.906</gpxdata:speed>
        </extensions>
      </trkpt>
      <trkpt lat="46.8109071" lon="10.2225533">
        <ele>2355.2</ele>
        <time>2026-09-15T13:01:24Z</time>
        <extensions>
          <gpxdata:distance>7962.47</gpxdata:distance>
          <gpxdata:speed>0.920</gpxdata:speed>
        </extensions>
      </trkpt>
      <trkpt lat="46.8108991" lon="10.2225263">
        <ele>2354.9</ele>
        <time>2026-09-15T13:01:26Z</time>
        <extensions>
          <gpxdata:distance>7964.71</gpxdata:distance>
          <gpxdata:speed>0.920</gpxdata:speed>
        </extensions>
      </trkpt>
      <trkpt lat="46.8108991" lon="10.2225263">
        <ele>2354.9</ele>
        <time>2026-09-15T13:01:26Z</time>
        <extensions>
          <gpxdata:distance>7964.71</gpxdata:distance>
          <gpxdata:speed>0.000</gpxdata:speed>
        </extensions>
      </trkpt>
      <trkpt lat="46.8108721" lon="10.2224993">
        <ele>2354.1</ele>
        <time>2026-09-15T13:01:30Z</time>
        <extensions>
          <gpxdata:distance>7968.35</gpxdata:distance>
          <gpxdata:speed>0.930</gpxdata:speed>
        </extensions>
      </trkpt>
      <trkpt lat="46.8108461" lon="10.2224843">
        <ele>2353.2</ele>
        <time>2026-09-15T13:01:34Z</time>
        <extensions>
          <gpxdata:distance>7971.45</gpxdata:distance>
          <gpxdata:speed>0.897</gpxdata:speed>
        </extensions>
      </trkpt>
      <trkpt lat="46.8107661" lon="10.2224413">
        <ele>2352.0</ele>
        <time>2026-09-15T13:01:44Z</time>
        <extensions>
          <gpxdata:distance>7980.93</gpxdata:distance>
          <gpxdata:speed>0.896</gpxdata:speed>
        </extensions>
      </trkpt>
      <trkpt lat="46.8106941" lon="10.2224113">
        <ele>2350.8</ele>
        <time>2026-09-15T13:01:54Z</time>
        <extensions>
          <gpxdata:distance>7989.26</gpxdata:distance>
          <gpxdata:speed>0.906</gpxdata:speed>
        </extensions>
      </trkpt>
      <trkpt lat="46.8106491" lon="10.2224083">
        <ele>2350.3</ele>
        <time>2026-09-15T13:01:59Z</time>
        <extensions>
          <gpxdata:distance>7994.27</gpxdata:distance>
          <gpxdata:speed>0.933</gpxdata:speed>
        </extensions>
      </trkpt>
      <trkpt lat="46.8105511" lon="10.2223903">
        <ele>2348.8</ele>
        <time>2026-09-15T13:02:11Z</time>
        <extensions>
          <gpxdata:distance>8005.25</gpxdata:distance>
          <gpxdata:speed>0.937</gpxdata:speed>
        </extensions>
      </trkpt>
      <trkpt lat="46.8104881" lon="10.2223743">
        <ele>2347.7</ele>
        <time>2026-09-15T13:02:18Z</time>
        <extensions>
          <gpxdata:distance>8012.36</gpxdata:distance>
          <gpxdata:speed>0.940</gpxdata:speed>
        </extensions>
      </trkpt>
      <trkpt lat="46.8104521" lon="10.2223853">
        <ele>2347.2</ele>
        <time>2026-09-15T13:02:23Z</time>
        <extensions>
          <gpxdata:distance>8016.45</gpxdata:distance>
          <gpxdata:speed>0.939</gpxdata:speed>
        </extensions>
      </trkpt>
      <trkpt lat="46.8104251" lon="10.2223713">
        <ele>2346.8</ele>
        <time>2026-09-15T13:02:26Z</time>
        <extensions>
          <gpxdata:distance>8019.64</gpxdata:distance>
          <gpxdata:speed>0.938</gpxdata:speed>
        </extensions>
      </trkpt>
      <trkpt lat="46.8103711" lon="10.2223943">
        <ele>2345.6</ele>
        <time>2026-09-15T13:02:33Z</time>
        <extensions>
          <gpxdata:distance>8025.89</gpxdata:distance>
          <gpxdata:speed>0.938</gpxdata:speed>
        </extensions>
      </trkpt>
      <trkpt lat="46.8103171" lon="10.2224043">
        <ele>2344.5</ele>
        <time>2026-09-15T13:02:39Z</time>
        <extensions>
          <gpxdata:distance>8031.94</gpxdata:distance>
          <gpxdata:speed>0.934</gpxdata:speed>
        </extensions>
      </trkpt>
      <trkpt lat="46.8102621" lon="10.2224153">
        <ele>2343.8</ele>
        <time>2026-09-15T13:02:46Z</time>
        <extensions>
          <gpxdata:distance>8038.12</gpxdata:distance>
          <gpxdata:speed>0.934</gpxdata:speed>
        </extensions>
      </trkpt>
      <trkpt lat="46.8102261" lon="10.2224263">
        <ele>2343.1</ele>
        <time>2026-09-15T13:02:50Z</time>
        <extensions>
          <gpxdata:distance>8042.20</gpxdata:distance>
          <gpxdata:speed>0.936</gpxdata:speed>
        </extensions>
      </trkpt>
      <trkpt lat="46.8101901" lon="10.2224373">
        <ele>2342.2</ele>
        <time>2026-09-15T13:02:54Z</time>
        <extensions>
          <gpxdata:distance>8046.29</gpxdata:distance>
          <gpxdata:speed>0.932</gpxdata:speed>
        </extensions>
      </trkpt>
      <trkpt lat="46.8101721" lon="10.2224363">
        <ele>2341.8</ele>
        <time>2026-09-15T13:02:57Z</time>
        <extensions>
          <gpxdata:distance>8048.30</gpxdata:distance>
          <gpxdata:speed>0.923</gpxdata:speed>
        </extensions>
      </trkpt>
      <trkpt lat="46.8101361" lon="10.2224213">
        <ele>2341.2</ele>
        <time>2026-09-15T13:03:01Z</time>
        <extensions>
          <gpxdata:distance>8052.46</gpxdata:distance>
          <gpxdata:speed>0.924</gpxdata:speed>
        </extensions>
      </trkpt>
      <trkpt lat="46.8101001" lon="10.2224333">
        <ele>2340.5</ele>
        <time>2026-09-15T13:03:06Z</time>
        <extensions>
          <gpxdata:distance>8056.57</gpxdata:distance>
          <gpxdata:speed>0.917</gpxdata:speed>
        </extensions>
      </trkpt>
      <trkpt lat="46.8100731" lon="10.2224313">
        <ele>2339.9</ele>
        <time>2026-09-15T13:03:09Z</time>
        <extensions>
          <gpxdata:distance>8059.57</gpxdata:distance>
          <gpxdata:speed>0.909</gpxdata:speed>
        </extensions>
      </trkpt>
      <trkpt lat="46.8100011" lon="10.2224143">
        <ele>2338.4</ele>
        <time>2026-09-15T13:03:18Z</time>
        <extensions>
          <gpxdata:distance>8067.68</gpxdata:distance>
          <gpxdata:speed>0.910</gpxdata:speed>
        </extensions>
      </trkpt>
      <trkpt lat="46.8099291" lon="10.2224113">
        <ele>2337.2</ele>
        <time>2026-09-15T13:03:27Z</time>
        <extensions>
          <gpxdata:distance>8075.69</gpxdata:distance>
          <gpxdata:speed>0.917</gpxdata:speed>
        </extensions>
      </trkpt>
      <trkpt lat="46.8098931" lon="10.2224223">
        <ele>2336.3</ele>
        <time>2026-09-15T13:03:31Z</time>
        <extensions>
          <gpxdata:distance>8079.78</gpxdata:distance>
          <gpxdata:speed>0.899</gpxdata:speed>
        </extensions>
      </trkpt>
      <trkpt lat="46.8098301" lon="10.2224323">
        <ele>2335.3</ele>
        <time>2026-09-15T13:03:39Z</time>
        <extensions>
          <gpxdata:distance>8086.83</gpxdata:distance>
          <gpxdata:speed>0.906</gpxdata:speed>
        </extensions>
      </trkpt>
      <trkpt lat="46.8097021" lon="10.2224913">
        <ele>2332.4</ele>
        <time>2026-09-15T13:03:55Z</time>
        <extensions>
          <gpxdata:distance>8101.75</gpxdata:distance>
          <gpxdata:speed>0.904</gpxdata:speed>
        </extensions>
      </trkpt>
      <trkpt lat="46.8096661" lon="10.2225023">
        <ele>2331.6</ele>
        <time>2026-09-15T13:04:00Z</time>
        <extensions>
          <gpxdata:distance>8105.84</gpxdata:distance>
          <gpxdata:speed>0.903</gpxdata:speed>
        </extensions>
      </trkpt>
      <trkpt lat="46.8096291" lon="10.2225393">
        <ele>2331.0</ele>
        <time>2026-09-15T13:04:05Z</time>
        <extensions>
          <gpxdata:distance>8110.83</gpxdata:distance>
          <gpxdata:speed>0.906</gpxdata:speed>
        </extensions>
      </trkpt>
      <trkpt lat="46.8095381" lon="10.2225873">
        <ele>2328.7</ele>
        <time>2026-09-15T13:04:17Z</time>
        <extensions>
          <gpxdata:distance>8121.58</gpxdata:distance>
          <gpxdata:speed>0.897</gpxdata:speed>
        </extensions>
      </trkpt>
      <trkpt lat="46.8095021" lon="10.2225983">
        <ele>2327.8</ele>
        <time>2026-09-15T13:04:22Z</time>
        <extensions>
          <gpxdata:distance>8125.67</gpxdata:distance>
          <gpxdata:speed>0.895</gpxdata:speed>
        </extensions>
      </trkpt>
      <trkpt lat="46.8094291" lon="10.2226213">
        <ele>2326.3</ele>
        <time>2026-09-15T13:04:31Z</time>
        <extensions>
          <gpxdata:distance>8133.98</gpxdata:distance>
          <gpxdata:speed>0.896</gpxdata:speed>
        </extensions>
      </trkpt>
      <trkpt lat="46.8093931" lon="10.2226193">
        <ele>2325.7</ele>
        <time>2026-09-15T13:04:36Z</time>
        <extensions>
          <gpxdata:distance>8137.98</gpxdata:distance>
          <gpxdata:speed>0.893</gpxdata:speed>
        </extensions>
      </trkpt>
      <trkpt lat="46.8093481" lon="10.2226173">
        <ele>2325.2</ele>
        <time>2026-09-15T13:04:41Z</time>
        <extensions>
          <gpxdata:distance>8142.99</gpxdata:distance>
          <gpxdata:speed>0.905</gpxdata:speed>
        </extensions>
      </trkpt>
      <trkpt lat="46.8093131" lon="10.2226023">
        <ele>2324.9</ele>
        <time>2026-09-15T13:04:46Z</time>
        <extensions>
          <gpxdata:distance>8147.05</gpxdata:distance>
          <gpxdata:speed>0.909</gpxdata:speed>
        </extensions>
      </trkpt>
      <trkpt lat="46.8092771" lon="10.2225743">
        <ele>2324.6</ele>
        <time>2026-09-15T13:04:51Z</time>
        <extensions>
          <gpxdata:distance>8151.58</gpxdata:distance>
          <gpxdata:speed>0.931</gpxdata:speed>
        </extensions>
      </trkpt>
      <trkpt lat="46.8092521" lon="10.2225203">
        <ele>2324.3</ele>
        <time>2026-09-15T13:04:56Z</time>
        <extensions>
          <gpxdata:distance>8156.54</gpxdata:distance>
          <gpxdata:speed>0.935</gpxdata:speed>
        </extensions>
      </trkpt>
      <trkpt lat="46.8092261" lon="10.2224663">
        <ele>2323.8</ele>
        <time>2026-09-15T13:05:01Z</time>
        <extensions>
          <gpxdata:distance>8161.57</gpxdata:distance>
          <gpxdata:speed>0.933</gpxdata:speed>
        </extensions>
      </trkpt>
      <trkpt lat="46.8091931" lon="10.2223333">
        <ele>2322.9</ele>
        <time>2026-09-15T13:05:13Z</time>
        <extensions>
          <gpxdata:distance>8172.33</gpxdata:distance>
          <gpxdata:speed>0.907</gpxdata:speed>
        </extensions>
      </trkpt>
      <trkpt lat="46.8091761" lon="10.2222933">
        <ele>2322.4</ele>
        <time>2026-09-15T13:05:17Z</time>
        <extensions>
          <gpxdata:distance>8175.92</gpxdata:distance>
          <gpxdata:speed>0.901</gpxdata:speed>
        </extensions>
      </trkpt>
      <trkpt lat="46.8091161" lon="10.2221723">
        <ele>2321.5</ele>
        <time>2026-09-15T13:05:30Z</time>
        <extensions>
          <gpxdata:distance>8187.29</gpxdata:distance>
          <gpxdata:speed>0.905</gpxdata:speed>
        </extensions>
      </trkpt>
      <trkpt lat="46.8091081" lon="10.2221323">
        <ele>2320.9</ele>
        <time>2026-09-15T13:05:33Z</time>
        <extensions>
          <gpxdata:distance>8190.46</gpxdata:distance>
          <gpxdata:speed>0.904</gpxdata:speed>
        </extensions>
      </trkpt>
      <trkpt lat="46.8091001" lon="10.2220793">
        <ele>2320.4</ele>
        <time>2026-09-15T13:05:38Z</time>
        <extensions>
          <gpxdata:distance>8194.59</gpxdata:distance>
          <gpxdata:speed>0.902</gpxdata:speed>
        </extensions>
      </trkpt>
      <trkpt lat="46.8090921" lon="10.2220403">
        <ele>2319.9</ele>
        <time>2026-09-15T13:05:41Z</time>
        <extensions>
          <gpxdata:distance>8197.69</gpxdata:distance>
          <gpxdata:speed>0.896</gpxdata:speed>
        </extensions>
      </trkpt>
      <trkpt lat="46.8090661" lon="10.2220253">
        <ele>2319.8</ele>
        <time>2026-09-15T13:05:45Z</time>
        <extensions>
          <gpxdata:distance>8200.80</gpxdata:distance>
          <gpxdata:speed>0.897</gpxdata:speed>
        </extensions>
      </trkpt>
      <trkpt lat="46.8090381" lon="10.2220373">
        <ele>2319.9</ele>
        <time>2026-09-15T13:05:48Z</time>
        <extensions>
          <gpxdata:distance>8204.04</gpxdata:distance>
          <gpxdata:speed>0.902</gpxdata:speed>
        </extensions>
      </trkpt>
      <trkpt lat="46.8090111" lon="10.2220483">
        <ele>2319.5</ele>
        <time>2026-09-15T13:05:52Z</time>
        <extensions>
          <gpxdata:distance>8207.16</gpxdata:distance>
          <gpxdata:speed>0.900</gpxdata:speed>
        </extensions>
      </trkpt>
      <trkpt lat="46.8089931" lon="10.2220343">
        <ele>2319.4</ele>
        <time>2026-09-15T13:05:54Z</time>
        <extensions>
          <gpxdata:distance>8209.43</gpxdata:distance>
          <gpxdata:speed>0.900</gpxdata:speed>
        </extensions>
      </trkpt>
      <trkpt lat="46.8089761" lon="10.2219943">
        <ele>2319.2</ele>
        <time>2026-09-15T13:05:58Z</time>
        <extensions>
          <gpxdata:distance>8213.01</gpxdata:distance>
          <gpxdata:speed>0.909</gpxdata:speed>
        </extensions>
      </trkpt>
      <trkpt lat="46.8089501" lon="10.2219543">
        <ele>2318.8</ele>
        <time>2026-09-15T13:06:03Z</time>
        <extensions>
          <gpxdata:distance>8217.21</gpxdata:distance>
          <gpxdata:speed>0.905</gpxdata:speed>
        </extensions>
      </trkpt>
      <trkpt lat="46.8088891" lon="10.2218853">
        <ele>2317.6</ele>
        <time>2026-09-15T13:06:12Z</time>
        <extensions>
          <gpxdata:distance>8225.79</gpxdata:distance>
          <gpxdata:speed>0.901</gpxdata:speed>
        </extensions>
      </trkpt>
      <trkpt lat="46.8088811" lon="10.2218583">
        <ele>2317.3</ele>
        <time>2026-09-15T13:06:15Z</time>
        <extensions>
          <gpxdata:distance>8228.03</gpxdata:distance>
          <gpxdata:speed>0.902</gpxdata:speed>
        </extensions>
      </trkpt>
      <trkpt lat="46.8088811" lon="10.2218323">
        <ele>2316.9</ele>
        <time>2026-09-15T13:06:17Z</time>
        <extensions>
          <gpxdata:distance>8230.00</gpxdata:distance>
          <gpxdata:speed>0.902</gpxdata:speed>
        </extensions>
      </trkpt>
      <trkpt lat="46.8088821" lon="10.2217933">
        <ele>2316.4</ele>
        <time>2026-09-15T13:06:20Z</time>
        <extensions>
          <gpxdata:distance>8232.97</gpxdata:distance>
          <gpxdata:speed>0.900</gpxdata:speed>
        </extensions>
      </trkpt>
      <trkpt lat="46.8088741" lon="10.2217793">
        <ele>2316.1</ele>
        <time>2026-09-15T13:06:22Z</time>
        <extensions>
          <gpxdata:distance>8234.36</gpxdata:distance>
          <gpxdata:speed>0.918</gpxdata:speed>
        </extensions>
      </trkpt>
      <trkpt lat="46.8088651" lon="10.2217663">
        <ele>2315.6</ele>
        <time>2026-09-15T13:06:23Z</time>
        <extensions>
          <gpxdata:distance>8235.77</gpxdata:distance>
          <gpxdata:speed>0.928</gpxdata:speed>
        </extensions>
      </trkpt>
      <trkpt lat="46.8088471" lon="10.2217523">
        <ele>2315.1</ele>
        <time>2026-09-15T13:06:26Z</time>
        <extensions>
          <gpxdata:distance>8238.04</gpxdata:distance>
          <gpxdata:speed>0.940</gpxdata:speed>
        </extensions>
      </trkpt>
      <trkpt lat="46.8087851" lon="10.2217353">
        <ele>2313.7</ele>
        <time>2026-09-15T13:06:34Z</time>
        <extensions>
          <gpxdata:distance>8245.05</gpxdata:distance>
          <gpxdata:speed>0.911</gpxdata:speed>
        </extensions>
      </trkpt>
      <trkpt lat="46.8087311" lon="10.2217193">
        <ele>2312.8</ele>
        <time>2026-09-15T13:06:40Z</time>
        <extensions>
          <gpxdata:distance>8251.18</gpxdata:distance>
          <gpxdata:speed>0.904</gpxdata:speed>
        </extensions>
      </trkpt>
      <trkpt lat="46.8087221" lon="10.2217193">
        <ele>2312.6</ele>
        <time>2026-09-15T13:06:41Z</time>
        <extensions>
          <gpxdata:distance>8252.18</gpxdata:distance>
          <gpxdata:speed>0.886</gpxdata:speed>
        </extensions>
      </trkpt>
      <trkpt lat="46.8087131" lon="10.2217183">
        <ele>2312.3</ele>
        <time>2026-09-15T13:06:43Z</time>
        <extensions>
          <gpxdata:distance>8253.18</gpxdata:distance>
          <gpxdata:speed>0.874</gpxdata:speed>
        </extensions>
      </trkpt>
      <trkpt lat="46.8086951" lon="10.2217313">
        <ele>2312.0</ele>
        <time>2026-09-15T13:06:45Z</time>
        <extensions>
          <gpxdata:distance>8255.42</gpxdata:distance>
          <gpxdata:speed>0.882</gpxdata:speed>
        </extensions>
      </trkpt>
      <trkpt lat="46.8086761" lon="10.2217563">
        <ele>2311.6</ele>
        <time>2026-09-15T13:06:48Z</time>
        <extensions>
          <gpxdata:distance>8258.26</gpxdata:distance>
          <gpxdata:speed>0.886</gpxdata:speed>
        </extensions>
      </trkpt>
      <trkpt lat="46.8086491" lon="10.2217813">
        <ele>2310.7</ele>
        <time>2026-09-15T13:06:52Z</time>
        <extensions>
          <gpxdata:distance>8261.81</gpxdata:distance>
          <gpxdata:speed>0.876</gpxdata:speed>
        </extensions>
      </trkpt>
      <trkpt lat="46.8086031" lon="10.2217913">
        <ele>2310.2</ele>
        <time>2026-09-15T13:06:58Z</time>
        <extensions>
          <gpxdata:distance>8266.98</gpxdata:distance>
          <gpxdata:speed>0.909</gpxdata:speed>
        </extensions>
      </trkpt>
      <trkpt lat="46.8085581" lon="10.2218023">
        <ele>2309.9</ele>
        <time>2026-09-15T13:07:03Z</time>
        <extensions>
          <gpxdata:distance>8272.06</gpxdata:distance>
          <gpxdata:speed>0.936</gpxdata:speed>
        </extensions>
      </trkpt>
      <trkpt lat="46.8085311" lon="10.2218143">
        <ele>2309.5</ele>
        <time>2026-09-15T13:07:07Z</time>
        <extensions>
          <gpxdata:distance>8275.20</gpxdata:distance>
          <gpxdata:speed>0.930</gpxdata:speed>
        </extensions>
      </trkpt>
      <trkpt lat="46.8085121" lon="10.2218263">
        <ele>2309.3</ele>
        <time>2026-09-15T13:07:09Z</time>
        <extensions>
          <gpxdata:distance>8277.50</gpxdata:distance>
          <gpxdata:speed>0.925</gpxdata:speed>
        </extensions>
      </trkpt>
      <trkpt lat="46.8084851" lon="10.2218383">
        <ele>2308.9</ele>
        <time>2026-09-15T13:07:13Z</time>
        <extensions>
          <gpxdata:distance>8280.64</gpxdata:distance>
          <gpxdata:speed>0.922</gpxdata:speed>
        </extensions>
      </trkpt>
      <trkpt lat="46.8084581" lon="10.2218493">
        <ele>2308.4</ele>
        <time>2026-09-15T13:07:16Z</time>
        <extensions>
          <gpxdata:distance>8283.75</gpxdata:distance>
          <gpxdata:speed>0.920</gpxdata:speed>
        </extensions>
      </trkpt>
      <trkpt lat="46.8083221" lon="10.2218953">
        <ele>2306.5</ele>
        <time>2026-09-15T13:07:33Z</time>
        <extensions>
          <gpxdata:distance>8299.27</gpxdata:distance>
          <gpxdata:speed>0.918</gpxdata:speed>
        </extensions>
      </trkpt>
      <trkpt lat="46.8082851" lon="10.2219063">
        <ele>2305.9</ele>
        <time>2026-09-15T13:07:38Z</time>
        <extensions>
          <gpxdata:distance>8303.47</gpxdata:distance>
          <gpxdata:speed>0.918</gpxdata:speed>
        </extensions>
      </trkpt>
      <trkpt lat="46.8082041" lon="10.2219283">
        <ele>2305.0</ele>
        <time>2026-09-15T13:07:48Z</time>
        <extensions>
          <gpxdata:distance>8312.63</gpxdata:distance>
          <gpxdata:speed>0.905</gpxdata:speed>
        </extensions>
      </trkpt>
      <trkpt lat="46.8081761" lon="10.2219533">
        <ele>2304.7</ele>
        <time>2026-09-15T13:07:52Z</time>
        <extensions>
          <gpxdata:distance>8316.28</gpxdata:distance>
          <gpxdata:speed>0.905</gpxdata:speed>
        </extensions>
      </trkpt>
      <trkpt lat="46.8081211" lon="10.2219893">
        <ele>2304.1</ele>
        <time>2026-09-15T13:07:59Z</time>
        <extensions>
          <gpxdata:distance>8322.98</gpxdata:distance>
          <gpxdata:speed>0.907</gpxdata:speed>
        </extensions>
      </trkpt>
      <trkpt lat="46.8080941" lon="10.2220143">
        <ele>2304.0</ele>
        <time>2026-09-15T13:08:03Z</time>
        <extensions>
          <gpxdata:distance>8326.54</gpxdata:distance>
          <gpxdata:speed>0.901</gpxdata:speed>
        </extensions>
      </trkpt>
      <trkpt lat="46.8080391" lon="10.2220643">
        <ele>2303.5</ele>
        <time>2026-09-15T13:08:11Z</time>
        <extensions>
          <gpxdata:distance>8333.74</gpxdata:distance>
          <gpxdata:speed>0.897</gpxdata:speed>
        </extensions>
      </trkpt>
      <trkpt lat="46.8079201" lon="10.2221363">
        <ele>2302.4</ele>
        <time>2026-09-15T13:08:27Z</time>
        <extensions>
          <gpxdata:distance>8348.06</gpxdata:distance>
          <gpxdata:speed>0.898</gpxdata:speed>
        </extensions>
      </trkpt>
      <trkpt lat="46.8078281" lon="10.2221973">
        <ele>2301.2</ele>
        <time>2026-09-15T13:08:40Z</time>
        <extensions>
          <gpxdata:distance>8359.30</gpxdata:distance>
          <gpxdata:speed>0.899</gpxdata:speed>
        </extensions>
      </trkpt>
      <trkpt lat="46.8077641" lon="10.2222463">
        <ele>2300.6</ele>
        <time>2026-09-15T13:08:48Z</time>
        <extensions>
          <gpxdata:distance>8367.33</gpxdata:distance>
          <gpxdata:speed>0.909</gpxdata:speed>
        </extensions>
      </trkpt>
      <trkpt lat="46.8076641" lon="10.2222933">
        <ele>2299.8</ele>
        <time>2026-09-15T13:09:01Z</time>
        <extensions>
          <gpxdata:distance>8379.01</gpxdata:distance>
          <gpxdata:speed>0.915</gpxdata:speed>
        </extensions>
      </trkpt>
      <trkpt lat="46.8076281" lon="10.2223053">
        <ele>2299.5</ele>
        <time>2026-09-15T13:09:06Z</time>
        <extensions>
          <gpxdata:distance>8383.12</gpxdata:distance>
          <gpxdata:speed>0.918</gpxdata:speed>
        </extensions>
      </trkpt>
      <trkpt lat="46.8075551" lon="10.2223273">
        <ele>2298.9</ele>
        <time>2026-09-15T13:09:15Z</time>
        <extensions>
          <gpxdata:distance>8391.41</gpxdata:distance>
          <gpxdata:speed>0.919</gpxdata:speed>
        </extensions>
      </trkpt>
      <trkpt lat="46.8075011" lon="10.2223243">
        <ele>2298.3</ele>
        <time>2026-09-15T13:09:21Z</time>
        <extensions>
          <gpxdata:distance>8397.42</gpxdata:distance>
          <gpxdata:speed>0.918</gpxdata:speed>
        </extensions>
      </trkpt>
      <trkpt lat="46.8074471" lon="10.2223223">
        <ele>2297.4</ele>
        <time>2026-09-15T13:09:28Z</time>
        <extensions>
          <gpxdata:distance>8403.42</gpxdata:distance>
          <gpxdata:speed>0.910</gpxdata:speed>
        </extensions>
      </trkpt>
      <trkpt lat="46.8073751" lon="10.2223183">
        <ele>2296.7</ele>
        <time>2026-09-15T13:09:37Z</time>
        <extensions>
          <gpxdata:distance>8411.43</gpxdata:distance>
          <gpxdata:speed>0.908</gpxdata:speed>
        </extensions>
      </trkpt>
      <trkpt lat="46.8073311" lon="10.2223023">
        <ele>2296.4</ele>
        <time>2026-09-15T13:09:42Z</time>
        <extensions>
          <gpxdata:distance>8416.48</gpxdata:distance>
          <gpxdata:speed>0.908</gpxdata:speed>
        </extensions>
      </trkpt>
      <trkpt lat="46.8072951" lon="10.2222743">
        <ele>2296.1</ele>
        <time>2026-09-15T13:09:47Z</time>
        <extensions>
          <gpxdata:distance>8421.01</gpxdata:distance>
          <gpxdata:speed>0.913</gpxdata:speed>
        </extensions>
      </trkpt>
      <trkpt lat="46.8072071" lon="10.2222043">
        <ele>2295.6</ele>
        <time>2026-09-15T13:09:59Z</time>
        <extensions>
          <gpxdata:distance>8432.15</gpxdata:distance>
          <gpxdata:speed>0.919</gpxdata:speed>
        </extensions>
      </trkpt>
      <trkpt lat="46.8071891" lon="10.2222033">
        <ele>2295.4</ele>
        <time>2026-09-15T13:10:01Z</time>
        <extensions>
          <gpxdata:distance>8434.15</gpxdata:distance>
          <gpxdata:speed>0.916</gpxdata:speed>
        </extensions>
      </trkpt>
      <trkpt lat="46.8071801" lon="10.2222033">
        <ele>2295.0</ele>
        <time>2026-09-15T13:10:03Z</time>
        <extensions>
          <gpxdata:distance>8435.16</gpxdata:distance>
          <gpxdata:speed>0.909</gpxdata:speed>
        </extensions>
      </trkpt>
      <trkpt lat="46.8071621" lon="10.2222153">
        <ele>2294.4</ele>
        <time>2026-09-15T13:10:05Z</time>
        <extensions>
          <gpxdata:distance>8437.36</gpxdata:distance>
          <gpxdata:speed>0.897</gpxdata:speed>
        </extensions>
      </trkpt>
      <trkpt lat="46.8071521" lon="10.2222413">
        <ele>2293.8</ele>
        <time>2026-09-15T13:10:08Z</time>
        <extensions>
          <gpxdata:distance>8439.63</gpxdata:distance>
          <gpxdata:speed>0.900</gpxdata:speed>
        </extensions>
      </trkpt>
      <trkpt lat="46.8071431" lon="10.2222663">
        <ele>2293.1</ele>
        <time>2026-09-15T13:10:10Z</time>
        <extensions>
          <gpxdata:distance>8441.78</gpxdata:distance>
          <gpxdata:speed>0.905</gpxdata:speed>
        </extensions>
      </trkpt>
      <trkpt lat="46.8071241" lon="10.2222923">
        <ele>2292.8</ele>
        <time>2026-09-15T13:10:13Z</time>
        <extensions>
          <gpxdata:distance>8444.67</gpxdata:distance>
          <gpxdata:speed>0.910</gpxdata:speed>
        </extensions>
      </trkpt>
      <trkpt lat="46.8071151" lon="10.2223043">
        <ele>2292.5</ele>
        <time>2026-09-15T13:10:15Z</time>
        <extensions>
          <gpxdata:distance>8446.02</gpxdata:distance>
          <gpxdata:speed>0.924</gpxdata:speed>
        </extensions>
      </trkpt>
      <trkpt lat="46.8071141" lon="10.2223313">
        <ele>2292.3</ele>
        <time>2026-09-15T13:10:17Z</time>
        <extensions>
          <gpxdata:distance>8448.08</gpxdata:distance>
          <gpxdata:speed>0.931</gpxdata:speed>
        </extensions>
      </trkpt>
      <trkpt lat="46.8071131" lon="10.2223573">
        <ele>2292.2</ele>
        <time>2026-09-15T13:10:19Z</time>
        <extensions>
          <gpxdata:distance>8450.06</gpxdata:distance>
          <gpxdata:speed>0.886</gpxdata:speed>
        </extensions>
      </trkpt>
      <trkpt lat="46.8071041" lon="10.2223693">
        <ele>2292.0</ele>
        <time>2026-09-15T13:10:21Z</time>
        <extensions>
          <gpxdata:distance>8451.42</gpxdata:distance>
          <gpxdata:speed>0.876</gpxdata:speed>
        </extensions>
      </trkpt>
      <trkpt lat="46.8071031" lon="10.2223963">
        <ele>2291.6</ele>
        <time>2026-09-15T13:10:23Z</time>
        <extensions>
          <gpxdata:distance>8453.48</gpxdata:distance>
          <gpxdata:speed>0.892</gpxdata:speed>
        </extensions>
      </trkpt>
      <trkpt lat="46.8070941" lon="10.2223953">
        <ele>2291.3</ele>
        <time>2026-09-15T13:10:24Z</time>
        <extensions>
          <gpxdata:distance>8454.48</gpxdata:distance>
          <gpxdata:speed>0.898</gpxdata:speed>
        </extensions>
      </trkpt>
      <trkpt lat="46.8070851" lon="10.2223953">
        <ele>2291.0</ele>
        <time>2026-09-15T13:10:25Z</time>
        <extensions>
          <gpxdata:distance>8455.48</gpxdata:distance>
          <gpxdata:speed>0.904</gpxdata:speed>
        </extensions>
      </trkpt>
      <trkpt lat="46.8070761" lon="10.2223943">
        <ele>2290.8</ele>
        <time>2026-09-15T13:10:26Z</time>
        <extensions>
          <gpxdata:distance>8456.49</gpxdata:distance>
          <gpxdata:speed>0.931</gpxdata:speed>
        </extensions>
      </trkpt>
      <trkpt lat="46.8070681" lon="10.2223813">
        <ele>2290.6</ele>
        <time>2026-09-15T13:10:28Z</time>
        <extensions>
          <gpxdata:distance>8457.82</gpxdata:distance>
          <gpxdata:speed>0.916</gpxdata:speed>
        </extensions>
      </trkpt>
      <trkpt lat="46.8070591" lon="10.2223543">
        <ele>2290.3</ele>
        <time>2026-09-15T13:10:30Z</time>
        <extensions>
          <gpxdata:distance>8460.10</gpxdata:distance>
          <gpxdata:speed>0.932</gpxdata:speed>
        </extensions>
      </trkpt>
      <trkpt lat="46.8070591" lon="10.2223543">
        <ele>2290.3</ele>
        <time>2026-09-15T13:10:30Z</time>
        <extensions>
          <gpxdata:distance>8460.10</gpxdata:distance>
          <gpxdata:speed>0.000</gpxdata:speed>
        </extensions>
      </trkpt>
      <trkpt lat="46.8070501" lon="10.2223673">
        <ele>2289.9</ele>
        <time>2026-09-15T13:10:32Z</time>
        <extensions>
          <gpxdata:distance>8461.51</gpxdata:distance>
          <gpxdata:speed>0.872</gpxdata:speed>
        </extensions>
      </trkpt>
      <trkpt lat="46.8070411" lon="10.2223663">
        <ele>2289.5</ele>
        <time>2026-09-15T13:10:33Z</time>
        <extensions>
          <gpxdata:distance>8462.51</gpxdata:distance>
          <gpxdata:speed>0.872</gpxdata:speed>
        </extensions>
      </trkpt>
      <trkpt lat="46.8070221" lon="10.2224043">
        <ele>2288.5</ele>
        <time>2026-09-15T13:10:37Z</time>
        <extensions>
          <gpxdata:distance>8466.09</gpxdata:distance>
          <gpxdata:speed>0.872</gpxdata:speed>
        </extensions>
      </trkpt>
      <trkpt lat="46.8070121" lon="10.2224433">
        <ele>2287.6</ele>
        <time>2026-09-15T13:10:41Z</time>
        <extensions>
          <gpxdata:distance>8469.26</gpxdata:distance>
          <gpxdata:speed>0.872</gpxdata:speed>
        </extensions>
      </trkpt>
      <trkpt lat="46.8070031" lon="10.2224563">
        <ele>2287.2</ele>
        <time>2026-09-15T13:10:42Z</time>
        <extensions>
          <gpxdata:distance>8470.67</gpxdata:distance>
          <gpxdata:speed>0.872</gpxdata:speed>
        </extensions>
      </trkpt>
      <trkpt lat="46.8069941" lon="10.2224553">
        <ele>2286.9</ele>
        <time>2026-09-15T13:10:43Z</time>
        <extensions>
          <gpxdata:distance>8471.67</gpxdata:distance>
          <gpxdata:speed>0.872</gpxdata:speed>
        </extensions>
      </trkpt>
      <trkpt lat="46.8069851" lon="10.2224553">
        <ele>2286.6</ele>
        <time>2026-09-15T13:10:45Z</time>
        <extensions>
          <gpxdata:distance>8472.68</gpxdata:distance>
          <gpxdata:speed>0.872</gpxdata:speed>
        </extensions>
      </trkpt>
      <trkpt lat="46.8069681" lon="10.2224153">
        <ele>2285.6</ele>
        <time>2026-09-15T13:10:49Z</time>
        <extensions>
          <gpxdata:distance>8476.26</gpxdata:distance>
          <gpxdata:speed>0.872</gpxdata:speed>
        </extensions>
      </trkpt>
      <trkpt lat="46.8069421" lon="10.2223743">
        <ele>2284.5</ele>
        <time>2026-09-15T13:10:54Z</time>
        <extensions>
          <gpxdata:distance>8480.51</gpxdata:distance>
          <gpxdata:speed>0.872</gpxdata:speed>
        </extensions>
      </trkpt>
      <trkpt lat="46.8068981" lon="10.2223463">
        <ele>2283.3</ele>
        <time>2026-09-15T13:11:00Z</time>
        <extensions>
          <gpxdata:distance>8485.85</gpxdata:distance>
          <gpxdata:speed>0.872</gpxdata:speed>
        </extensions>
      </trkpt>
      <trkpt lat="46.8068361" lon="10.2223033">
        <ele>2281.1</ele>
        <time>2026-09-15T13:11:08Z</time>
        <extensions>
          <gpxdata:distance>8493.48</gpxdata:distance>
          <gpxdata:speed>0.872</gpxdata:speed>
        </extensions>
      </trkpt>
      <trkpt lat="46.8068181" lon="10.2222893">
        <ele>2280.4</ele>
        <time>2026-09-15T13:11:11Z</time>
        <extensions>
          <gpxdata:distance>8495.75</gpxdata:distance>
          <gpxdata:speed>0.872</gpxdata:speed>
        </extensions>
      </trkpt>
      <trkpt lat="46.8068001" lon="10.2222883">
        <ele>2279.9</ele>
        <time>2026-09-15T13:11:13Z</time>
        <extensions>
          <gpxdata:distance>8497.75</gpxdata:distance>
          <gpxdata:speed>0.872</gpxdata:speed>
        </extensions>
      </trkpt>
      <trkpt lat="46.8067641" lon="10.2222733">
        <ele>2278.8</ele>
        <time>2026-09-15T13:11:18Z</time>
        <extensions>
          <gpxdata:distance>8501.91</gpxdata:distance>
          <gpxdata:speed>0.872</gpxdata:speed>
        </extensions>
      </trkpt>
      <trkpt lat="46.8067371" lon="10.2222723">
        <ele>2278.2</ele>
        <time>2026-09-15T13:11:21Z</time>
        <extensions>
          <gpxdata:distance>8504.92</gpxdata:distance>
          <gpxdata:speed>0.872</gpxdata:speed>
        </extensions>
      </trkpt>
      <trkpt lat="46.8066661" lon="10.2222553">
        <ele>2276.3</ele>
        <time>2026-09-15T13:11:31Z</time>
        <extensions>
          <gpxdata:distance>8512.92</gpxdata:distance>
          <gpxdata:speed>0.872</gpxdata:speed>
        </extensions>
      </trkpt>
      <trkpt lat="46.8066391" lon="10.2222543">
        <ele>2275.7</ele>
        <time>2026-09-15T13:11:34Z</time>
        <extensions>
          <gpxdata:distance>8515.92</gpxdata:distance>
          <gpxdata:speed>0.872</gpxdata:speed>
        </extensions>
      </trkpt>
      <trkpt lat="46.8066301" lon="10.2222533">
        <ele>2275.3</ele>
        <time>2026-09-15T13:11:35Z</time>
        <extensions>
          <gpxdata:distance>8516.92</gpxdata:distance>
          <gpxdata:speed>0.872</gpxdata:speed>
        </extensions>
      </trkpt>
      <trkpt lat="46.8065681" lon="10.2222113">
        <ele>2273.6</ele>
        <time>2026-09-15T13:11:44Z</time>
        <extensions>
          <gpxdata:distance>8524.52</gpxdata:distance>
          <gpxdata:speed>0.872</gpxdata:speed>
        </extensions>
      </trkpt>
      <trkpt lat="46.8065231" lon="10.2221953">
        <ele>2272.5</ele>
        <time>2026-09-15T13:11:50Z</time>
        <extensions>
          <gpxdata:distance>8529.67</gpxdata:distance>
          <gpxdata:speed>0.872</gpxdata:speed>
        </extensions>
      </trkpt>
      <trkpt lat="46.8064971" lon="10.2221683">
        <ele>2271.8</ele>
        <time>2026-09-15T13:11:54Z</time>
        <extensions>
          <gpxdata:distance>8533.22</gpxdata:distance>
          <gpxdata:speed>0.872</gpxdata:speed>
        </extensions>
      </trkpt>
      <trkpt lat="46.8064521" lon="10.2221523">
        <ele>2270.7</ele>
        <time>2026-09-15T13:12:00Z</time>
        <extensions>
          <gpxdata:distance>8538.37</gpxdata:distance>
          <gpxdata:speed>0.872</gpxdata:speed>
        </extensions>
      </trkpt>
      <trkpt lat="46.8063461" lon="10.2220943">
        <ele>2267.6</ele>
        <time>2026-09-15T13:12:14Z</time>
        <extensions>
          <gpxdata:distance>8550.96</gpxdata:distance>
          <gpxdata:speed>0.872</gpxdata:speed>
        </extensions>
      </trkpt>
      <trkpt lat="46.8063101" lon="10.2220793">
        <ele>2266.4</ele>
        <time>2026-09-15T13:12:19Z</time>
        <extensions>
          <gpxdata:distance>8555.12</gpxdata:distance>
          <gpxdata:speed>0.872</gpxdata:speed>
        </extensions>
      </trkpt>
      <trkpt lat="46.8063101" lon="10.2220793">
        <ele>2266.4</ele>
        <time>2026-09-15T13:12:19Z</time>
        <extensions>
          <gpxdata:distance>8555.12</gpxdata:distance>
          <gpxdata:speed>0.000</gpxdata:speed>
        </extensions>
      </trkpt>
      <trkpt lat="46.8062911" lon="10.2221043">
        <ele>2265.9</ele>
        <time>2026-09-15T13:12:22Z</time>
        <extensions>
          <gpxdata:distance>8557.96</gpxdata:distance>
          <gpxdata:speed>0.872</gpxdata:speed>
        </extensions>
      </trkpt>
      <trkpt lat="46.8062541" lon="10.2221553">
        <ele>2265.0</ele>
        <time>2026-09-15T13:12:29Z</time>
        <extensions>
          <gpxdata:distance>8563.62</gpxdata:distance>
          <gpxdata:speed>0.872</gpxdata:speed>
        </extensions>
      </trkpt>
      <trkpt lat="46.8062451" lon="10.2221683">
        <ele>2265.2</ele>
        <time>2026-09-15T13:12:30Z</time>
        <extensions>
          <gpxdata:distance>8565.03</gpxdata:distance>
          <gpxdata:speed>0.872</gpxdata:speed>
        </extensions>
      </trkpt>
      <trkpt lat="46.8062261" lon="10.2222063">
        <ele>2265.5</ele>
        <time>2026-09-15T13:12:34Z</time>
        <extensions>
          <gpxdata:distance>8568.61</gpxdata:distance>
          <gpxdata:speed>0.899</gpxdata:speed>
        </extensions>
      </trkpt>
      <trkpt lat="46.8061971" lon="10.2222703">
        <ele>2265.4</ele>
        <time>2026-09-15T13:12:41Z</time>
        <extensions>
          <gpxdata:distance>8574.45</gpxdata:distance>
          <gpxdata:speed>0.933</gpxdata:speed>
        </extensions>
      </trkpt>
      <trkpt lat="46.8061881" lon="10.2222833">
        <ele>2265.2</ele>
        <time>2026-09-15T13:12:42Z</time>
        <extensions>
          <gpxdata:distance>8575.86</gpxdata:distance>
          <gpxdata:speed>0.937</gpxdata:speed>
        </extensions>
      </trkpt>
      <trkpt lat="46.8061701" lon="10.2222953">
        <ele>2264.8</ele>
        <time>2026-09-15T13:12:45Z</time>
        <extensions>
          <gpxdata:distance>8578.06</gpxdata:distance>
          <gpxdata:speed>0.897</gpxdata:speed>
        </extensions>
      </trkpt>
      <trkpt lat="46.8061511" lon="10.2223073">
        <ele>2264.7</ele>
        <time>2026-09-15T13:12:47Z</time>
        <extensions>
          <gpxdata:distance>8580.36</gpxdata:distance>
          <gpxdata:speed>0.929</gpxdata:speed>
        </extensions>
      </trkpt>
      <trkpt lat="46.8061511" lon="10.2223203">
        <ele>2264.7</ele>
        <time>2026-09-15T13:12:48Z</time>
        <extensions>
          <gpxdata:distance>8581.35</gpxdata:distance>
          <gpxdata:speed>0.932</gpxdata:speed>
        </extensions>
      </trkpt>
      <trkpt lat="46.8061411" lon="10.2223593">
        <ele>2264.7</ele>
        <time>2026-09-15T13:12:51Z</time>
        <extensions>
          <gpxdata:distance>8584.52</gpxdata:distance>
          <gpxdata:speed>0.954</gpxdata:speed>
        </extensions>
      </trkpt>
      <trkpt lat="46.8061491" lon="10.2223993">
        <ele>2264.7</ele>
        <time>2026-09-15T13:12:55Z</time>
        <extensions>
          <gpxdata:distance>8587.69</gpxdata:distance>
          <gpxdata:speed>0.996</gpxdata:speed>
        </extensions>
      </trkpt>
      <trkpt lat="46.8061661" lon="10.2224393">
        <ele>2264.8</ele>
        <time>2026-09-15T13:12:58Z</time>
        <extensions>
          <gpxdata:distance>8591.27</gpxdata:distance>
          <gpxdata:speed>0.993</gpxdata:speed>
        </extensions>
      </trkpt>
      <trkpt lat="46.8061741" lon="10.2224793">
        <ele>2264.9</ele>
        <time>2026-09-15T13:13:02Z</time>
        <extensions>
          <gpxdata:distance>8594.44</gpxdata:distance>
          <gpxdata:speed>0.983</gpxdata:speed>
        </extensions>
      </trkpt>
      <trkpt lat="46.8061741" lon="10.2225053">
        <ele>2264.7</ele>
        <time>2026-09-15T13:13:04Z</time>
        <extensions>
          <gpxdata:distance>8596.42</gpxdata:distance>
          <gpxdata:speed>0.971</gpxdata:speed>
        </extensions>
      </trkpt>
      <trkpt lat="46.8061641" lon="10.2225313">
        <ele>2264.5</ele>
        <time>2026-09-15T13:13:06Z</time>
        <extensions>
          <gpxdata:distance>8598.69</gpxdata:distance>
          <gpxdata:speed>0.973</gpxdata:speed>
        </extensions>
      </trkpt>
      <trkpt lat="46.8061541" lon="10.2225563">
        <ele>2264.0</ele>
        <time>2026-09-15T13:13:08Z</time>
        <extensions>
          <gpxdata:distance>8600.90</gpxdata:distance>
          <gpxdata:speed>0.967</gpxdata:speed>
        </extensions>
      </trkpt>
      <trkpt lat="46.8061361" lon="10.2225813">
        <ele>2263.6</ele>
        <time>2026-09-15T13:13:11Z</time>
        <extensions>
          <gpxdata:distance>8603.66</gpxdata:distance>
          <gpxdata:speed>0.952</gpxdata:speed>
        </extensions>
      </trkpt>
      <trkpt lat="46.8061261" lon="10.2226073">
        <ele>2263.3</ele>
        <time>2026-09-15T13:13:13Z</time>
        <extensions>
          <gpxdata:distance>8605.93</gpxdata:distance>
          <gpxdata:speed>0.941</gpxdata:speed>
        </extensions>
      </trkpt>
      <trkpt lat="46.8061251" lon="10.2226603">
        <ele>2263.4</ele>
        <time>2026-09-15T13:13:18Z</time>
        <extensions>
          <gpxdata:distance>8609.96</gpxdata:distance>
          <gpxdata:speed>0.947</gpxdata:speed>
        </extensions>
      </trkpt>
      <trkpt lat="46.8061151" lon="10.2226853">
        <ele>2263.3</ele>
        <time>2026-09-15T13:13:20Z</time>
        <extensions>
          <gpxdata:distance>8612.17</gpxdata:distance>
          <gpxdata:speed>0.940</gpxdata:speed>
        </extensions>
      </trkpt>
      <trkpt lat="46.8060971" lon="10.2226973">
        <ele>2262.9</ele>
        <time>2026-09-15T13:13:22Z</time>
        <extensions>
          <gpxdata:distance>8614.37</gpxdata:distance>
          <gpxdata:speed>0.913</gpxdata:speed>
        </extensions>
      </trkpt>
      <trkpt lat="46.8060871" lon="10.2227233">
        <ele>2262.5</ele>
        <time>2026-09-15T13:13:25Z</time>
        <extensions>
          <gpxdata:distance>8616.64</gpxdata:distance>
          <gpxdata:speed>0.902</gpxdata:speed>
        </extensions>
      </trkpt>
      <trkpt lat="46.8060871" lon="10.2227363">
        <ele>2262.3</ele>
        <time>2026-09-15T13:13:26Z</time>
        <extensions>
          <gpxdata:distance>8617.63</gpxdata:distance>
          <gpxdata:speed>0.906</gpxdata:speed>
        </extensions>
      </trkpt>
      <trkpt lat="46.8060871" lon="10.2227363">
        <ele>2262.3</ele>
        <time>2026-09-15T13:13:26Z</time>
        <extensions>
          <gpxdata:distance>8617.63</gpxdata:distance>
          <gpxdata:speed>0.000</gpxdata:speed>
        </extensions>
      </trkpt>
      <trkpt lat="46.8060691" lon="10.2227353">
        <ele>2262.0</ele>
        <time>2026-09-15T13:13:28Z</time>
        <extensions>
          <gpxdata:distance>8619.63</gpxdata:distance>
          <gpxdata:speed>0.901</gpxdata:speed>
        </extensions>
      </trkpt>
      <trkpt lat="46.8060511" lon="10.2227343">
        <ele>2261.6</ele>
        <time>2026-09-15T13:13:31Z</time>
        <extensions>
          <gpxdata:distance>8621.63</gpxdata:distance>
          <gpxdata:speed>0.905</gpxdata:speed>
        </extensions>
      </trkpt>
      <trkpt lat="46.8060421" lon="10.2227343">
        <ele>2261.3</ele>
        <time>2026-09-15T13:13:32Z</time>
        <extensions>
          <gpxdata:distance>8622.63</gpxdata:distance>
          <gpxdata:speed>0.912</gpxdata:speed>
        </extensions>
      </trkpt>
      <trkpt lat="46.8060241" lon="10.2227203">
        <ele>2261.0</ele>
        <time>2026-09-15T13:13:34Z</time>
        <extensions>
          <gpxdata:distance>8624.90</gpxdata:distance>
          <gpxdata:speed>0.926</gpxdata:speed>
        </extensions>
      </trkpt>
      <trkpt lat="46.8060161" lon="10.2227063">
        <ele>2260.7</ele>
        <time>2026-09-15T13:13:36Z</time>
        <extensions>
          <gpxdata:distance>8626.29</gpxdata:distance>
          <gpxdata:speed>0.894</gpxdata:speed>
        </extensions>
      </trkpt>
      <trkpt lat="46.8060081" lon="10.2226673">
        <ele>2260.2</ele>
        <time>2026-09-15T13:13:39Z</time>
        <extensions>
          <gpxdata:distance>8629.39</gpxdata:distance>
          <gpxdata:speed>0.899</gpxdata:speed>
        </extensions>
      </trkpt>
      <trkpt lat="46.8059841" lon="10.2225343">
        <ele>2258.9</ele>
        <time>2026-09-15T13:13:50Z</time>
        <extensions>
          <gpxdata:distance>8639.86</gpxdata:distance>
          <gpxdata:speed>0.933</gpxdata:speed>
        </extensions>
      </trkpt>
      <trkpt lat="46.8059761" lon="10.2224813">
        <ele>2258.5</ele>
        <time>2026-09-15T13:13:55Z</time>
        <extensions>
          <gpxdata:distance>8643.99</gpxdata:distance>
          <gpxdata:speed>0.935</gpxdata:speed>
        </extensions>
      </trkpt>
      <trkpt lat="46.8059431" lon="10.2223623">
        <ele>2257.3</ele>
        <time>2026-09-15T13:14:05Z</time>
        <extensions>
          <gpxdata:distance>8653.76</gpxdata:distance>
          <gpxdata:speed>0.929</gpxdata:speed>
        </extensions>
      </trkpt>
      <trkpt lat="46.8059281" lon="10.2222303">
        <ele>2256.2</ele>
        <time>2026-09-15T13:14:16Z</time>
        <extensions>
          <gpxdata:distance>8663.94</gpxdata:distance>
          <gpxdata:speed>0.923</gpxdata:speed>
        </extensions>
      </trkpt>
      <trkpt lat="46.8059291" lon="10.2221912">
        <ele>2255.8</ele>
        <time>2026-09-15T13:14:20Z</time>
        <extensions>
          <gpxdata:distance>8666.92</gpxdata:distance>
          <gpxdata:speed>0.920</gpxdata:speed>
        </extensions>
      </trkpt>
      <trkpt lat="46.8059241" lon="10.2220202">
        <ele>2254.6</ele>
        <time>2026-09-15T13:14:34Z</time>
        <extensions>
          <gpxdata:distance>8679.95</gpxdata:distance>
          <gpxdata:speed>0.910</gpxdata:speed>
        </extensions>
      </trkpt>
      <trkpt lat="46.8059291" lon="10.2218502">
        <ele>2253.0</ele>
        <time>2026-09-15T13:14:48Z</time>
        <extensions>
          <gpxdata:distance>8692.90</gpxdata:distance>
          <gpxdata:speed>0.911</gpxdata:speed>
        </extensions>
      </trkpt>
      <trkpt lat="46.8059291" lon="10.2218502">
        <ele>2253.0</ele>
        <time>2026-09-15T13:14:48Z</time>
        <extensions>
          <gpxdata:distance>8692.90</gpxdata:distance>
          <gpxdata:speed>0.000</gpxdata:speed>
        </extensions>
      </trkpt>
      <trkpt lat="46.8059201" lon="10.2218362">
        <ele>2252.4</ele>
        <time>2026-09-15T13:14:50Z</time>
        <extensions>
          <gpxdata:distance>8694.36</gpxdata:distance>
          <gpxdata:speed>0.913</gpxdata:speed>
        </extensions>
      </trkpt>
      <trkpt lat="46.8059121" lon="10.2217962">
        <ele>2251.6</ele>
        <time>2026-09-15T13:14:53Z</time>
        <extensions>
          <gpxdata:distance>8697.53</gpxdata:distance>
          <gpxdata:speed>0.919</gpxdata:speed>
        </extensions>
      </trkpt>
      <trkpt lat="46.8059031" lon="10.2217702">
        <ele>2250.9</ele>
        <time>2026-09-15T13:14:56Z</time>
        <extensions>
          <gpxdata:distance>8699.75</gpxdata:distance>
          <gpxdata:speed>0.928</gpxdata:speed>
        </extensions>
      </trkpt>
      <trkpt lat="46.8058951" lon="10.2217302">
        <ele>2250.4</ele>
        <time>2026-09-15T13:14:59Z</time>
        <extensions>
          <gpxdata:distance>8702.92</gpxdata:distance>
          <gpxdata:speed>0.931</gpxdata:speed>
        </extensions>
      </trkpt>
      <trkpt lat="46.8058701" lon="10.2216502">
        <ele>2248.6</ele>
        <time>2026-09-15T13:15:06Z</time>
        <extensions>
          <gpxdata:distance>8709.61</gpxdata:distance>
          <gpxdata:speed>0.918</gpxdata:speed>
        </extensions>
      </trkpt>
      <trkpt lat="46.8058541" lon="10.2215972">
        <ele>2247.6</ele>
        <time>2026-09-15T13:15:11Z</time>
        <extensions>
          <gpxdata:distance>8714.02</gpxdata:distance>
          <gpxdata:speed>0.907</gpxdata:speed>
        </extensions>
      </trkpt>
      <trkpt lat="46.8058461" lon="10.2215572">
        <ele>2246.5</ele>
        <time>2026-09-15T13:15:15Z</time>
        <extensions>
          <gpxdata:distance>8717.19</gpxdata:distance>
          <gpxdata:speed>0.872</gpxdata:speed>
        </extensions>
      </trkpt>
      <trkpt lat="46.8058291" lon="10.2215172">
        <ele>2245.8</ele>
        <time>2026-09-15T13:15:19Z</time>
        <extensions>
          <gpxdata:distance>8720.78</gpxdata:distance>
          <gpxdata:speed>0.872</gpxdata:speed>
        </extensions>
      </trkpt>
      <trkpt lat="46.8058041" lon="10.2214112">
        <ele>2243.2</ele>
        <time>2026-09-15T13:15:29Z</time>
        <extensions>
          <gpxdata:distance>8729.31</gpxdata:distance>
          <gpxdata:speed>0.872</gpxdata:speed>
        </extensions>
      </trkpt>
      <trkpt lat="46.8057961" lon="10.2213712">
        <ele>2242.2</ele>
        <time>2026-09-15T13:15:32Z</time>
        <extensions>
          <gpxdata:distance>8732.48</gpxdata:distance>
          <gpxdata:speed>0.872</gpxdata:speed>
        </extensions>
      </trkpt>
      <trkpt lat="46.8057701" lon="10.2213302">
        <ele>2241.0</ele>
        <time>2026-09-15T13:15:37Z</time>
        <extensions>
          <gpxdata:distance>8736.74</gpxdata:distance>
          <gpxdata:speed>0.872</gpxdata:speed>
        </extensions>
      </trkpt>
      <trkpt lat="46.8057621" lon="10.2212912">
        <ele>2240.0</ele>
        <time>2026-09-15T13:15:41Z</time>
        <extensions>
          <gpxdata:distance>8739.84</gpxdata:distance>
          <gpxdata:speed>0.872</gpxdata:speed>
        </extensions>
      </trkpt>
      <trkpt lat="46.8057371" lon="10.2212112">
        <ele>2238.7</ele>
        <time>2026-09-15T13:15:48Z</time>
        <extensions>
          <gpxdata:distance>8746.53</gpxdata:distance>
          <gpxdata:speed>0.872</gpxdata:speed>
        </extensions>
      </trkpt>
      <trkpt lat="46.8057291" lon="10.2211712">
        <ele>2238.1</ele>
        <time>2026-09-15T13:15:52Z</time>
        <extensions>
          <gpxdata:distance>8749.70</gpxdata:distance>
          <gpxdata:speed>0.872</gpxdata:speed>
        </extensions>
      </trkpt>
      <trkpt lat="46.8057211" lon="10.2211182">
        <ele>2237.4</ele>
        <time>2026-09-15T13:15:57Z</time>
        <extensions>
          <gpxdata:distance>8753.83</gpxdata:distance>
          <gpxdata:speed>0.872</gpxdata:speed>
        </extensions>
      </trkpt>
      <trkpt lat="46.8057041" lon="10.2210782">
        <ele>2236.4</ele>
        <time>2026-09-15T13:16:01Z</time>
        <extensions>
          <gpxdata:distance>8757.41</gpxdata:distance>
          <gpxdata:speed>0.872</gpxdata:speed>
        </extensions>
      </trkpt>
      <trkpt lat="46.8056971" lon="10.2210252">
        <ele>2235.5</ele>
        <time>2026-09-15T13:16:06Z</time>
        <extensions>
          <gpxdata:distance>8761.52</gpxdata:distance>
          <gpxdata:speed>0.872</gpxdata:speed>
        </extensions>
      </trkpt>
      <trkpt lat="46.8056791" lon="10.2209982">
        <ele>2234.8</ele>
        <time>2026-09-15T13:16:09Z</time>
        <extensions>
          <gpxdata:distance>8764.39</gpxdata:distance>
          <gpxdata:speed>0.872</gpxdata:speed>
        </extensions>
      </trkpt>
      <trkpt lat="46.8056451" lon="10.2209312">
        <ele>2232.9</ele>
        <time>2026-09-15T13:16:16Z</time>
        <extensions>
          <gpxdata:distance>8770.74</gpxdata:distance>
          <gpxdata:speed>0.872</gpxdata:speed>
        </extensions>
      </trkpt>
      <trkpt lat="46.8056191" lon="10.2208772">
        <ele>2231.6</ele>
        <time>2026-09-15T13:16:22Z</time>
        <extensions>
          <gpxdata:distance>8775.76</gpxdata:distance>
          <gpxdata:speed>0.872</gpxdata:speed>
        </extensions>
      </trkpt>
      <trkpt lat="46.8056111" lon="10.2208632">
        <ele>2231.0</ele>
        <time>2026-09-15T13:16:23Z</time>
        <extensions>
          <gpxdata:distance>8777.15</gpxdata:distance>
          <gpxdata:speed>0.872</gpxdata:speed>
        </extensions>
      </trkpt>
      <trkpt lat="46.8055841" lon="10.2208622">
        <ele>2230.3</ele>
        <time>2026-09-15T13:16:27Z</time>
        <extensions>
          <gpxdata:distance>8780.16</gpxdata:distance>
          <gpxdata:speed>0.872</gpxdata:speed>
        </extensions>
      </trkpt>
      <trkpt lat="46.8055561" lon="10.2208742">
        <ele>2229.8</ele>
        <time>2026-09-15T13:16:31Z</time>
        <extensions>
          <gpxdata:distance>8783.40</gpxdata:distance>
          <gpxdata:speed>0.872</gpxdata:speed>
        </extensions>
      </trkpt>
      <trkpt lat="46.8055561" lon="10.2208742">
        <ele>2229.8</ele>
        <time>2026-09-15T13:16:31Z</time>
        <extensions>
          <gpxdata:distance>8783.40</gpxdata:distance>
          <gpxdata:speed>0.000</gpxdata:speed>
        </extensions>
      </trkpt>
      <trkpt lat="46.8055281" lon="10.2209112">
        <ele>2229.2</ele>
        <time>2026-09-15T13:16:35Z</time>
        <extensions>
          <gpxdata:distance>8787.60</gpxdata:distance>
          <gpxdata:speed>0.872</gpxdata:speed>
        </extensions>
      </trkpt>
      <trkpt lat="46.8052371" lon="10.2210412">
        <ele>2226.2</ele>
        <time>2026-09-15T13:17:12Z</time>
        <extensions>
          <gpxdata:distance>8821.44</gpxdata:distance>
          <gpxdata:speed>0.933</gpxdata:speed>
        </extensions>
      </trkpt>
      <trkpt lat="46.8051741" lon="10.2210642">
        <ele>2225.9</ele>
        <time>2026-09-15T13:17:19Z</time>
        <extensions>
          <gpxdata:distance>8828.66</gpxdata:distance>
          <gpxdata:speed>0.930</gpxdata:speed>
        </extensions>
      </trkpt>
      <trkpt lat="46.8051111" lon="10.2210602">
        <ele>2225.3</ele>
        <time>2026-09-15T13:17:27Z</time>
        <extensions>
          <gpxdata:distance>8835.67</gpxdata:distance>
          <gpxdata:speed>0.910</gpxdata:speed>
        </extensions>
      </trkpt>
      <trkpt lat="46.8050661" lon="10.2210452">
        <ele>2224.7</ele>
        <time>2026-09-15T13:17:33Z</time>
        <extensions>
          <gpxdata:distance>8840.80</gpxdata:distance>
          <gpxdata:speed>0.900</gpxdata:speed>
        </extensions>
      </trkpt>
      <trkpt lat="46.8050121" lon="10.2210292">
        <ele>2224.1</ele>
        <time>2026-09-15T13:17:40Z</time>
        <extensions>
          <gpxdata:distance>8846.93</gpxdata:distance>
          <gpxdata:speed>0.896</gpxdata:speed>
        </extensions>
      </trkpt>
      <trkpt lat="46.8049771" lon="10.2210142">
        <ele>2223.5</ele>
        <time>2026-09-15T13:17:44Z</time>
        <extensions>
          <gpxdata:distance>8850.98</gpxdata:distance>
          <gpxdata:speed>0.899</gpxdata:speed>
        </extensions>
      </trkpt>
      <trkpt lat="46.8049321" lon="10.2210252">
        <ele>2222.8</ele>
        <time>2026-09-15T13:17:50Z</time>
        <extensions>
          <gpxdata:distance>8856.06</gpxdata:distance>
          <gpxdata:speed>0.898</gpxdata:speed>
        </extensions>
      </trkpt>
      <trkpt lat="46.8048861" lon="10.2210362">
        <ele>2222.2</ele>
        <time>2026-09-15T13:17:56Z</time>
        <extensions>
          <gpxdata:distance>8861.24</gpxdata:distance>
          <gpxdata:speed>0.897</gpxdata:speed>
        </extensions>
      </trkpt>
      <trkpt lat="46.8048401" lon="10.2210732">
        <ele>2221.4</ele>
        <time>2026-09-15T13:18:02Z</time>
        <extensions>
          <gpxdata:distance>8867.08</gpxdata:distance>
          <gpxdata:speed>0.896</gpxdata:speed>
        </extensions>
      </trkpt>
      <trkpt lat="46.8047941" lon="10.2211362">
        <ele>2220.6</ele>
        <time>2026-09-15T13:18:10Z</time>
        <extensions>
          <gpxdata:distance>8874.09</gpxdata:distance>
          <gpxdata:speed>0.900</gpxdata:speed>
        </extensions>
      </trkpt>
      <trkpt lat="46.8047571" lon="10.2211602">
        <ele>2220.0</ele>
        <time>2026-09-15T13:18:15Z</time>
        <extensions>
          <gpxdata:distance>8878.59</gpxdata:distance>
          <gpxdata:speed>0.911</gpxdata:speed>
        </extensions>
      </trkpt>
      <trkpt lat="46.8047211" lon="10.2211712">
        <ele>2219.6</ele>
        <time>2026-09-15T13:18:19Z</time>
        <extensions>
          <gpxdata:distance>8882.68</gpxdata:distance>
          <gpxdata:speed>0.914</gpxdata:speed>
        </extensions>
      </trkpt>
      <trkpt lat="46.8046671" lon="10.2211552">
        <ele>2218.9</ele>
        <time>2026-09-15T13:18:26Z</time>
        <extensions>
          <gpxdata:distance>8888.81</gpxdata:distance>
          <gpxdata:speed>0.913</gpxdata:speed>
        </extensions>
      </trkpt>
      <trkpt lat="46.8046141" lon="10.2211392">
        <ele>2218.2</ele>
        <time>2026-09-15T13:18:33Z</time>
        <extensions>
          <gpxdata:distance>8894.82</gpxdata:distance>
          <gpxdata:speed>0.916</gpxdata:speed>
        </extensions>
      </trkpt>
      <trkpt lat="46.8045511" lon="10.2211102">
        <ele>2217.4</ele>
        <time>2026-09-15T13:18:41Z</time>
        <extensions>
          <gpxdata:distance>8902.17</gpxdata:distance>
          <gpxdata:speed>0.912</gpxdata:speed>
        </extensions>
      </trkpt>
      <trkpt lat="46.8044891" lon="10.2210812">
        <ele>2216.6</ele>
        <time>2026-09-15T13:18:49Z</time>
        <extensions>
          <gpxdata:distance>8909.41</gpxdata:distance>
          <gpxdata:speed>0.909</gpxdata:speed>
        </extensions>
      </trkpt>
      <trkpt lat="46.8044361" lon="10.2210652">
        <ele>2216.0</ele>
        <time>2026-09-15T13:18:55Z</time>
        <extensions>
          <gpxdata:distance>8915.43</gpxdata:distance>
          <gpxdata:speed>0.908</gpxdata:speed>
        </extensions>
      </trkpt>
      <trkpt lat="46.8043901" lon="10.2210752">
        <ele>2215.6</ele>
        <time>2026-09-15T13:19:01Z</time>
        <extensions>
          <gpxdata:distance>8920.60</gpxdata:distance>
          <gpxdata:speed>0.902</gpxdata:speed>
        </extensions>
      </trkpt>
      <trkpt lat="46.8043451" lon="10.2210862">
        <ele>2215.1</ele>
        <time>2026-09-15T13:19:07Z</time>
        <extensions>
          <gpxdata:distance>8925.67</gpxdata:distance>
          <gpxdata:speed>0.900</gpxdata:speed>
        </extensions>
      </trkpt>
      <trkpt lat="46.8043081" lon="10.2211112">
        <ele>2214.6</ele>
        <time>2026-09-15T13:19:12Z</time>
        <extensions>
          <gpxdata:distance>8930.20</gpxdata:distance>
          <gpxdata:speed>0.899</gpxdata:speed>
        </extensions>
      </trkpt>
      <trkpt lat="46.8042811" lon="10.2211352">
        <ele>2214.4</ele>
        <time>2026-09-15T13:19:16Z</time>
        <extensions>
          <gpxdata:distance>8933.72</gpxdata:distance>
          <gpxdata:speed>0.896</gpxdata:speed>
        </extensions>
      </trkpt>
      <trkpt lat="46.8042621" lon="10.2211872">
        <ele>2214.2</ele>
        <time>2026-09-15T13:19:21Z</time>
        <extensions>
          <gpxdata:distance>8938.20</gpxdata:distance>
          <gpxdata:speed>0.900</gpxdata:speed>
        </extensions>
      </trkpt>
      <trkpt lat="46.8042511" lon="10.2212522">
        <ele>2213.9</ele>
        <time>2026-09-15T13:19:26Z</time>
        <extensions>
          <gpxdata:distance>8943.30</gpxdata:distance>
          <gpxdata:speed>0.907</gpxdata:speed>
        </extensions>
      </trkpt>
      <trkpt lat="46.8042311" lon="10.2213432">
        <ele>2213.4</ele>
        <time>2026-09-15T13:19:34Z</time>
        <extensions>
          <gpxdata:distance>8950.58</gpxdata:distance>
          <gpxdata:speed>0.913</gpxdata:speed>
        </extensions>
      </trkpt>
      <trkpt lat="46.8042111" lon="10.2214072">
        <ele>2213.0</ele>
        <time>2026-09-15T13:19:40Z</time>
        <extensions>
          <gpxdata:distance>8955.93</gpxdata:distance>
          <gpxdata:speed>0.919</gpxdata:speed>
        </extensions>
      </trkpt>
      <trkpt lat="46.8041641" lon="10.2214832">
        <ele>2211.9</ele>
        <time>2026-09-15T13:19:49Z</time>
        <extensions>
          <gpxdata:distance>8963.73</gpxdata:distance>
          <gpxdata:speed>0.911</gpxdata:speed>
        </extensions>
      </trkpt>
      <trkpt lat="46.8041361" lon="10.2215342">
        <ele>2211.4</ele>
        <time>2026-09-15T13:19:54Z</time>
        <extensions>
          <gpxdata:distance>8968.70</gpxdata:distance>
          <gpxdata:speed>0.908</gpxdata:speed>
        </extensions>
      </trkpt>
      <trkpt lat="46.8040901" lon="10.2215842">
        <ele>2210.8</ele>
        <time>2026-09-15T13:20:01Z</time>
        <extensions>
          <gpxdata:distance>8975.08</gpxdata:distance>
          <gpxdata:speed>0.908</gpxdata:speed>
        </extensions>
      </trkpt>
      <trkpt lat="46.8040531" lon="10.2216222">
        <ele>2210.2</ele>
        <time>2026-09-15T13:20:07Z</time>
        <extensions>
          <gpxdata:distance>8980.11</gpxdata:distance>
          <gpxdata:speed>0.907</gpxdata:speed>
        </extensions>
      </trkpt>
      <trkpt lat="46.8040161" lon="10.2216722">
        <ele>2209.7</ele>
        <time>2026-09-15T13:20:13Z</time>
        <extensions>
          <gpxdata:distance>8985.71</gpxdata:distance>
          <gpxdata:speed>0.905</gpxdata:speed>
        </extensions>
      </trkpt>
      <trkpt lat="46.8039781" lon="10.2217232">
        <ele>2209.1</ele>
        <time>2026-09-15T13:20:19Z</time>
        <extensions>
          <gpxdata:distance>8991.45</gpxdata:distance>
          <gpxdata:speed>0.899</gpxdata:speed>
        </extensions>
      </trkpt>
      <trkpt lat="46.8039411" lon="10.2217732">
        <ele>2208.5</ele>
        <time>2026-09-15T13:20:26Z</time>
        <extensions>
          <gpxdata:distance>8997.05</gpxdata:distance>
          <gpxdata:speed>0.895</gpxdata:speed>
        </extensions>
      </trkpt>
      <trkpt lat="46.8039131" lon="10.2218242">
        <ele>2208.1</ele>
        <time>2026-09-15T13:20:31Z</time>
        <extensions>
          <gpxdata:distance>9002.03</gpxdata:distance>
          <gpxdata:speed>0.897</gpxdata:speed>
        </extensions>
      </trkpt>
      <trkpt lat="46.8038941" lon="10.2218632">
        <ele>2207.6</ele>
        <time>2026-09-15T13:20:35Z</time>
        <extensions>
          <gpxdata:distance>9005.67</gpxdata:distance>
          <gpxdata:speed>0.902</gpxdata:speed>
        </extensions>
      </trkpt>
      <trkpt lat="46.8038671" lon="10.2218742">
        <ele>2207.2</ele>
        <time>2026-09-15T13:20:39Z</time>
        <extensions>
          <gpxdata:distance>9008.79</gpxdata:distance>
          <gpxdata:speed>0.898</gpxdata:speed>
        </extensions>
      </trkpt>
      <trkpt lat="46.8038391" lon="10.2218992">
        <ele>2206.6</ele>
        <time>2026-09-15T13:20:43Z</time>
        <extensions>
          <gpxdata:distance>9012.44</gpxdata:distance>
          <gpxdata:speed>0.903</gpxdata:speed>
        </extensions>
      </trkpt>
      <trkpt lat="46.8038031" lon="10.2219102">
        <ele>2206.2</ele>
        <time>2026-09-15T13:20:47Z</time>
        <extensions>
          <gpxdata:distance>9016.53</gpxdata:distance>
          <gpxdata:speed>0.904</gpxdata:speed>
        </extensions>
      </trkpt>
      <trkpt lat="46.8038031" lon="10.2219102">
        <ele>2206.2</ele>
        <time>2026-09-15T13:20:47Z</time>
        <extensions>
          <gpxdata:distance>9016.53</gpxdata:distance>
          <gpxdata:speed>0.000</gpxdata:speed>
        </extensions>
      </trkpt>
      <trkpt lat="46.8038271" lon="10.2220302">
        <ele>2206.9</ele>
        <time>2026-09-15T13:20:57Z</time>
        <extensions>
          <gpxdata:distance>9026.04</gpxdata:distance>
          <gpxdata:speed>0.927</gpxdata:speed>
        </extensions>
      </trkpt>
      <trkpt lat="46.8038431" lon="10.2221092">
        <ele>2207.2</ele>
        <time>2026-09-15T13:21:04Z</time>
        <extensions>
          <gpxdata:distance>9032.31</gpxdata:distance>
          <gpxdata:speed>0.953</gpxdata:speed>
        </extensions>
      </trkpt>
      <trkpt lat="46.8038831" lon="10.2222952">
        <ele>2207.2</ele>
        <time>2026-09-15T13:21:19Z</time>
        <extensions>
          <gpxdata:distance>9047.15</gpxdata:distance>
          <gpxdata:speed>0.979</gpxdata:speed>
        </extensions>
      </trkpt>
      <trkpt lat="46.8038911" lon="10.2223472">
        <ele>2207.1</ele>
        <time>2026-09-15T13:21:23Z</time>
        <extensions>
          <gpxdata:distance>9051.21</gpxdata:distance>
          <gpxdata:speed>0.986</gpxdata:speed>
        </extensions>
      </trkpt>
      <trkpt lat="46.8039071" lon="10.2224402">
        <ele>2207.5</ele>
        <time>2026-09-15T13:21:30Z</time>
        <extensions>
          <gpxdata:distance>9058.51</gpxdata:distance>
          <gpxdata:speed>1.010</gpxdata:speed>
        </extensions>
      </trkpt>
      <trkpt lat="46.8039151" lon="10.2224802">
        <ele>2207.7</ele>
        <time>2026-09-15T13:21:34Z</time>
        <extensions>
          <gpxdata:distance>9061.68</gpxdata:distance>
          <gpxdata:speed>0.988</gpxdata:speed>
        </extensions>
      </trkpt>
      <trkpt lat="46.8039411" lon="10.2225342">
        <ele>2208.4</ele>
        <time>2026-09-15T13:21:39Z</time>
        <extensions>
          <gpxdata:distance>9066.71</gpxdata:distance>
          <gpxdata:speed>0.928</gpxdata:speed>
        </extensions>
      </trkpt>
      <trkpt lat="46.8039571" lon="10.2225872">
        <ele>2208.9</ele>
        <time>2026-09-15T13:21:44Z</time>
        <extensions>
          <gpxdata:distance>9071.11</gpxdata:distance>
          <gpxdata:speed>0.887</gpxdata:speed>
        </extensions>
      </trkpt>
      <trkpt lat="46.8039651" lon="10.2226402">
        <ele>2209.4</ele>
        <time>2026-09-15T13:21:49Z</time>
        <extensions>
          <gpxdata:distance>9075.24</gpxdata:distance>
          <gpxdata:speed>0.874</gpxdata:speed>
        </extensions>
      </trkpt>
      <trkpt lat="46.8039991" lon="10.2227332">
        <ele>2210.3</ele>
        <time>2026-09-15T13:21:58Z</time>
        <extensions>
          <gpxdata:distance>9083.27</gpxdata:distance>
          <gpxdata:speed>0.861</gpxdata:speed>
        </extensions>
      </trkpt>
      <trkpt lat="46.8040051" lon="10.2228382">
        <ele>2210.6</ele>
        <time>2026-09-15T13:22:07Z</time>
        <extensions>
          <gpxdata:distance>9091.29</gpxdata:distance>
          <gpxdata:speed>0.865</gpxdata:speed>
        </extensions>
      </trkpt>
      <trkpt lat="46.8040191" lon="10.2230232">
        <ele>2211.3</ele>
        <time>2026-09-15T13:22:24Z</time>
        <extensions>
          <gpxdata:distance>9105.46</gpxdata:distance>
          <gpxdata:speed>0.832</gpxdata:speed>
        </extensions>
      </trkpt>
      <trkpt lat="46.8040341" lon="10.2231542">
        <ele>2211.9</ele>
        <time>2026-09-15T13:22:37Z</time>
        <extensions>
          <gpxdata:distance>9115.57</gpxdata:distance>
          <gpxdata:speed>0.821</gpxdata:speed>
        </extensions>
      </trkpt>
      <trkpt lat="46.8040381" lon="10.2233512">
        <ele>2211.9</ele>
        <time>2026-09-15T13:22:54Z</time>
        <extensions>
          <gpxdata:distance>9130.57</gpxdata:distance>
          <gpxdata:speed>0.856</gpxdata:speed>
        </extensions>
      </trkpt>
      <trkpt lat="46.8040621" lon="10.2234843">
        <ele>2212.1</ele>
        <time>2026-09-15T13:23:06Z</time>
        <extensions>
          <gpxdata:distance>9141.04</gpxdata:distance>
          <gpxdata:speed>0.871</gpxdata:speed>
        </extensions>
      </trkpt>
      <trkpt lat="46.8040951" lon="10.2235773">
        <ele>2212.6</ele>
        <time>2026-09-15T13:23:15Z</time>
        <extensions>
          <gpxdata:distance>9149.02</gpxdata:distance>
          <gpxdata:speed>0.883</gpxdata:speed>
        </extensions>
      </trkpt>
      <trkpt lat="46.8041381" lon="10.2236843">
        <ele>2213.4</ele>
        <time>2026-09-15T13:23:26Z</time>
        <extensions>
          <gpxdata:distance>9158.46</gpxdata:distance>
          <gpxdata:speed>0.881</gpxdata:speed>
        </extensions>
      </trkpt>
      <trkpt lat="46.8042061" lon="10.2238193">
        <ele>2214.9</ele>
        <time>2026-09-15T13:23:41Z</time>
        <extensions>
          <gpxdata:distance>9171.22</gpxdata:distance>
          <gpxdata:speed>0.866</gpxdata:speed>
        </extensions>
      </trkpt>
      <trkpt lat="46.8042331" lon="10.2238333">
        <ele>2215.4</ele>
        <time>2026-09-15T13:23:44Z</time>
        <extensions>
          <gpxdata:distance>9174.40</gpxdata:distance>
          <gpxdata:speed>0.870</gpxdata:speed>
        </extensions>
      </trkpt>
      <trkpt lat="46.8042601" lon="10.2238353">
        <ele>2215.8</ele>
        <time>2026-09-15T13:23:48Z</time>
        <extensions>
          <gpxdata:distance>9177.41</gpxdata:distance>
          <gpxdata:speed>0.858</gpxdata:speed>
        </extensions>
      </trkpt>
      <trkpt lat="46.8042871" lon="10.2238233">
        <ele>2216.2</ele>
        <time>2026-09-15T13:23:52Z</time>
        <extensions>
          <gpxdata:distance>9180.55</gpxdata:distance>
          <gpxdata:speed>0.845</gpxdata:speed>
        </extensions>
      </trkpt>
      <trkpt lat="46.8043331" lon="10.2237863">
        <ele>2216.5</ele>
        <time>2026-09-15T13:23:59Z</time>
        <extensions>
          <gpxdata:distance>9186.39</gpxdata:distance>
          <gpxdata:speed>0.846</gpxdata:speed>
        </extensions>
      </trkpt>
      <trkpt lat="46.8043701" lon="10.2237363">
        <ele>2217.3</ele>
        <time>2026-09-15T13:24:06Z</time>
        <extensions>
          <gpxdata:distance>9191.99</gpxdata:distance>
          <gpxdata:speed>0.786</gpxdata:speed>
        </extensions>
      </trkpt>
      <trkpt lat="46.8044721" lon="10.2236493">
        <ele>2217.6</ele>
        <time>2026-09-15T13:24:22Z</time>
        <extensions>
          <gpxdata:distance>9205.12</gpxdata:distance>
          <gpxdata:speed>0.791</gpxdata:speed>
        </extensions>
      </trkpt>
      <trkpt lat="46.8045261" lon="10.2236133">
        <ele>2217.5</ele>
        <time>2026-09-15T13:24:30Z</time>
        <extensions>
          <gpxdata:distance>9211.72</gpxdata:distance>
          <gpxdata:speed>0.811</gpxdata:speed>
        </extensions>
      </trkpt>
      <trkpt lat="46.8045911" lon="10.2235503">
        <ele>2217.4</ele>
        <time>2026-09-15T13:24:41Z</time>
        <extensions>
          <gpxdata:distance>9220.40</gpxdata:distance>
          <gpxdata:speed>0.847</gpxdata:speed>
        </extensions>
      </trkpt>
      <trkpt lat="46.8046091" lon="10.2235383">
        <ele>2217.2</ele>
        <time>2026-09-15T13:24:43Z</time>
        <extensions>
          <gpxdata:distance>9222.60</gpxdata:distance>
          <gpxdata:speed>0.899</gpxdata:speed>
        </extensions>
      </trkpt>
      <trkpt lat="46.8046461" lon="10.2235273">
        <ele>2216.9</ele>
        <time>2026-09-15T13:24:48Z</time>
        <extensions>
          <gpxdata:distance>9226.80</gpxdata:distance>
          <gpxdata:speed>0.940</gpxdata:speed>
        </extensions>
      </trkpt>
      <trkpt lat="46.8046921" lon="10.2234643">
        <ele>2216.7</ele>
        <time>2026-09-15T13:24:55Z</time>
        <extensions>
          <gpxdata:distance>9233.81</gpxdata:distance>
          <gpxdata:speed>0.972</gpxdata:speed>
        </extensions>
      </trkpt>
      <trkpt lat="46.8047291" lon="10.2234393">
        <ele>2216.4</ele>
        <time>2026-09-15T13:24:59Z</time>
        <extensions>
          <gpxdata:distance>9238.34</gpxdata:distance>
          <gpxdata:speed>1.004</gpxdata:speed>
        </extensions>
      </trkpt>
      <trkpt lat="46.8047651" lon="10.2234283">
        <ele>2216.3</ele>
        <time>2026-09-15T13:25:03Z</time>
        <extensions>
          <gpxdata:distance>9242.43</gpxdata:distance>
          <gpxdata:speed>1.008</gpxdata:speed>
        </extensions>
      </trkpt>
      <trkpt lat="46.8048011" lon="10.2234303">
        <ele>2216.3</ele>
        <time>2026-09-15T13:25:07Z</time>
        <extensions>
          <gpxdata:distance>9246.44</gpxdata:distance>
          <gpxdata:speed>0.989</gpxdata:speed>
        </extensions>
      </trkpt>
      <trkpt lat="46.8048271" lon="10.2234583">
        <ele>2216.7</ele>
        <time>2026-09-15T13:25:11Z</time>
        <extensions>
          <gpxdata:distance>9250.03</gpxdata:distance>
          <gpxdata:speed>0.987</gpxdata:speed>
        </extensions>
      </trkpt>
      <trkpt lat="46.8048441" lon="10.2235113">
        <ele>2217.8</ele>
        <time>2026-09-15T13:25:16Z</time>
        <extensions>
          <gpxdata:distance>9254.48</gpxdata:distance>
          <gpxdata:speed>0.995</gpxdata:speed>
        </extensions>
      </trkpt>
      <trkpt lat="46.8048691" lon="10.2235783">
        <ele>2219.3</ele>
        <time>2026-09-15T13:25:22Z</time>
        <extensions>
          <gpxdata:distance>9260.29</gpxdata:distance>
          <gpxdata:speed>0.891</gpxdata:speed>
        </extensions>
      </trkpt>
      <trkpt lat="46.8049461" lon="10.2237393">
        <ele>2221.3</ele>
        <time>2026-09-15T13:25:40Z</time>
        <extensions>
          <gpxdata:distance>9275.24</gpxdata:distance>
          <gpxdata:speed>0.812</gpxdata:speed>
        </extensions>
      </trkpt>
      <trkpt lat="46.8049901" lon="10.2238073">
        <ele>2222.5</ele>
        <time>2026-09-15T13:25:50Z</time>
        <extensions>
          <gpxdata:distance>9282.36</gpxdata:distance>
          <gpxdata:speed>0.752</gpxdata:speed>
        </extensions>
      </trkpt>
      <trkpt lat="46.8050161" lon="10.2238343">
        <ele>2223.5</ele>
        <time>2026-09-15T13:25:55Z</time>
        <extensions>
          <gpxdata:distance>9285.91</gpxdata:distance>
          <gpxdata:speed>0.678</gpxdata:speed>
        </extensions>
      </trkpt>
      <trkpt lat="46.8050331" lon="10.2238623">
        <ele>2224.3</ele>
        <time>2026-09-15T13:26:00Z</time>
        <extensions>
          <gpxdata:distance>9288.76</gpxdata:distance>
          <gpxdata:speed>0.633</gpxdata:speed>
        </extensions>
      </trkpt>
      <trkpt lat="46.8050501" lon="10.2239023">
        <ele>2224.7</ele>
        <time>2026-09-15T13:26:05Z</time>
        <extensions>
          <gpxdata:distance>9292.34</gpxdata:distance>
          <gpxdata:speed>0.637</gpxdata:speed>
        </extensions>
      </trkpt>
      <trkpt lat="46.8050761" lon="10.2239693">
        <ele>2225.3</ele>
        <time>2026-09-15T13:26:14Z</time>
        <extensions>
          <gpxdata:distance>9298.20</gpxdata:distance>
          <gpxdata:speed>0.639</gpxdata:speed>
        </extensions>
      </trkpt>
      <trkpt lat="46.8051101" lon="10.2240363">
        <ele>2225.9</ele>
        <time>2026-09-15T13:26:24Z</time>
        <extensions>
          <gpxdata:distance>9304.55</gpxdata:distance>
          <gpxdata:speed>0.637</gpxdata:speed>
        </extensions>
      </trkpt>
      <trkpt lat="46.8051621" lon="10.2241043">
        <ele>2226.7</ele>
        <time>2026-09-15T13:26:37Z</time>
        <extensions>
          <gpxdata:distance>9312.31</gpxdata:distance>
          <gpxdata:speed>0.632</gpxdata:speed>
        </extensions>
      </trkpt>
      <trkpt lat="46.8052331" lon="10.2241733">
        <ele>2227.3</ele>
        <time>2026-09-15T13:26:51Z</time>
        <extensions>
          <gpxdata:distance>9321.79</gpxdata:distance>
          <gpxdata:speed>0.680</gpxdata:speed>
        </extensions>
      </trkpt>
      <trkpt lat="46.8052681" lon="10.2242013">
        <ele>2227.6</ele>
        <time>2026-09-15T13:26:57Z</time>
        <extensions>
          <gpxdata:distance>9326.23</gpxdata:distance>
          <gpxdata:speed>0.696</gpxdata:speed>
        </extensions>
      </trkpt>
      <trkpt lat="46.8053301" lon="10.2242313">
        <ele>2227.0</ele>
        <time>2026-09-15T13:27:06Z</time>
        <extensions>
          <gpxdata:distance>9333.49</gpxdata:distance>
          <gpxdata:speed>0.785</gpxdata:speed>
        </extensions>
      </trkpt>
      <trkpt lat="46.8053751" lon="10.2242593">
        <ele>2226.9</ele>
        <time>2026-09-15T13:27:13Z</time>
        <extensions>
          <gpxdata:distance>9338.93</gpxdata:distance>
          <gpxdata:speed>0.848</gpxdata:speed>
        </extensions>
      </trkpt>
      <trkpt lat="46.8054091" lon="10.2243273">
        <ele>2227.5</ele>
        <time>2026-09-15T13:27:20Z</time>
        <extensions>
          <gpxdata:distance>9345.34</gpxdata:distance>
          <gpxdata:speed>0.868</gpxdata:speed>
        </extensions>
      </trkpt>
      <trkpt lat="46.8054851" lon="10.2245403">
        <ele>2226.7</ele>
        <time>2026-09-15T13:27:39Z</time>
        <extensions>
          <gpxdata:distance>9363.62</gpxdata:distance>
          <gpxdata:speed>0.941</gpxdata:speed>
        </extensions>
      </trkpt>
      <trkpt lat="46.8055101" lon="10.2246073">
        <ele>2226.6</ele>
        <time>2026-09-15T13:27:45Z</time>
        <extensions>
          <gpxdata:distance>9369.43</gpxdata:distance>
          <gpxdata:speed>0.966</gpxdata:speed>
        </extensions>
      </trkpt>
      <trkpt lat="46.8056401" lon="10.2248243">
        <ele>2226.5</ele>
        <time>2026-09-15T13:28:08Z</time>
        <extensions>
          <gpxdata:distance>9391.38</gpxdata:distance>
          <gpxdata:speed>0.995</gpxdata:speed>
        </extensions>
      </trkpt>
      <trkpt lat="46.8057511" lon="10.2250783">
        <ele>2227.2</ele>
        <time>2026-09-15T13:28:30Z</time>
        <extensions>
          <gpxdata:distance>9414.31</gpxdata:distance>
          <gpxdata:speed>1.000</gpxdata:speed>
        </extensions>
      </trkpt>
      <trkpt lat="46.8057761" lon="10.2251583">
        <ele>2227.1</ele>
        <time>2026-09-15T13:28:37Z</time>
        <extensions>
          <gpxdata:distance>9421.01</gpxdata:distance>
          <gpxdata:speed>1.010</gpxdata:speed>
        </extensions>
      </trkpt>
      <trkpt lat="46.8058001" lon="10.2252783">
        <ele>2227.1</ele>
        <time>2026-09-15T13:28:47Z</time>
        <extensions>
          <gpxdata:distance>9430.52</gpxdata:distance>
          <gpxdata:speed>1.006</gpxdata:speed>
        </extensions>
      </trkpt>
      <trkpt lat="46.8058241" lon="10.2253973">
        <ele>2227.1</ele>
        <time>2026-09-15T13:28:56Z</time>
        <extensions>
          <gpxdata:distance>9439.96</gpxdata:distance>
          <gpxdata:speed>1.010</gpxdata:speed>
        </extensions>
      </trkpt>
      <trkpt lat="46.8058371" lon="10.2256204">
        <ele>2226.4</ele>
        <time>2026-09-15T13:29:13Z</time>
        <extensions>
          <gpxdata:distance>9457.01</gpxdata:distance>
          <gpxdata:speed>1.007</gpxdata:speed>
        </extensions>
      </trkpt>
      <trkpt lat="46.8058621" lon="10.2257004">
        <ele>2226.4</ele>
        <time>2026-09-15T13:29:20Z</time>
        <extensions>
          <gpxdata:distance>9463.70</gpxdata:distance>
          <gpxdata:speed>1.000</gpxdata:speed>
        </extensions>
      </trkpt>
      <trkpt lat="46.8058781" lon="10.2257804">
        <ele>2226.4</ele>
        <time>2026-09-15T13:29:26Z</time>
        <extensions>
          <gpxdata:distance>9470.04</gpxdata:distance>
          <gpxdata:speed>1.009</gpxdata:speed>
        </extensions>
      </trkpt>
      <trkpt lat="46.8058921" lon="10.2259124">
        <ele>2227.7</ele>
        <time>2026-09-15T13:29:36Z</time>
        <extensions>
          <gpxdata:distance>9480.21</gpxdata:distance>
          <gpxdata:speed>0.987</gpxdata:speed>
        </extensions>
      </trkpt>
      <trkpt lat="46.8059061" lon="10.2261094">
        <ele>2228.6</ele>
        <time>2026-09-15T13:29:52Z</time>
        <extensions>
          <gpxdata:distance>9495.28</gpxdata:distance>
          <gpxdata:speed>0.961</gpxdata:speed>
        </extensions>
      </trkpt>
      <trkpt lat="46.8059131" lon="10.2261754">
        <ele>2228.5</ele>
        <time>2026-09-15T13:29:57Z</time>
        <extensions>
          <gpxdata:distance>9500.37</gpxdata:distance>
          <gpxdata:speed>0.974</gpxdata:speed>
        </extensions>
      </trkpt>
      <trkpt lat="46.8059121" lon="10.2262144">
        <ele>2228.5</ele>
        <time>2026-09-15T13:30:00Z</time>
        <extensions>
          <gpxdata:distance>9503.34</gpxdata:distance>
          <gpxdata:speed>0.969</gpxdata:speed>
        </extensions>
      </trkpt>
      <trkpt lat="46.8059111" lon="10.2262534">
        <ele>2228.5</ele>
        <time>2026-09-15T13:30:03Z</time>
        <extensions>
          <gpxdata:distance>9506.31</gpxdata:distance>
          <gpxdata:speed>0.965</gpxdata:speed>
        </extensions>
      </trkpt>
      <trkpt lat="46.8059181" lon="10.2263464">
        <ele>2229.9</ele>
        <time>2026-09-15T13:30:11Z</time>
        <extensions>
          <gpxdata:distance>9513.43</gpxdata:distance>
          <gpxdata:speed>0.916</gpxdata:speed>
        </extensions>
      </trkpt>
      <trkpt lat="46.8059251" lon="10.2264254">
        <ele>2229.9</ele>
        <time>2026-09-15T13:30:18Z</time>
        <extensions>
          <gpxdata:distance>9519.49</gpxdata:distance>
          <gpxdata:speed>0.870</gpxdata:speed>
        </extensions>
      </trkpt>
      <trkpt lat="46.8059311" lon="10.2265304">
        <ele>2230.2</ele>
        <time>2026-09-15T13:30:27Z</time>
        <extensions>
          <gpxdata:distance>9527.51</gpxdata:distance>
          <gpxdata:speed>0.860</gpxdata:speed>
        </extensions>
      </trkpt>
      <trkpt lat="46.8059551" lon="10.2266754">
        <ele>2231.5</ele>
        <time>2026-09-15T13:30:41Z</time>
        <extensions>
          <gpxdata:distance>9538.86</gpxdata:distance>
          <gpxdata:speed>0.822</gpxdata:speed>
        </extensions>
      </trkpt>
      <trkpt lat="46.8059891" lon="10.2267694">
        <ele>2232.4</ele>
        <time>2026-09-15T13:30:51Z</time>
        <extensions>
          <gpxdata:distance>9546.96</gpxdata:distance>
          <gpxdata:speed>0.832</gpxdata:speed>
        </extensions>
      </trkpt>
      <trkpt lat="46.8060141" lon="10.2268234">
        <ele>2232.1</ele>
        <time>2026-09-15T13:30:57Z</time>
        <extensions>
          <gpxdata:distance>9551.92</gpxdata:distance>
          <gpxdata:speed>0.854</gpxdata:speed>
        </extensions>
      </trkpt>
      <trkpt lat="46.8060311" lon="10.2268764">
        <ele>2232.9</ele>
        <time>2026-09-15T13:31:02Z</time>
        <extensions>
          <gpxdata:distance>9556.37</gpxdata:distance>
          <gpxdata:speed>0.810</gpxdata:speed>
        </extensions>
      </trkpt>
      <trkpt lat="46.8060471" lon="10.2269554">
        <ele>2233.1</ele>
        <time>2026-09-15T13:31:10Z</time>
        <extensions>
          <gpxdata:distance>9562.64</gpxdata:distance>
          <gpxdata:speed>0.813</gpxdata:speed>
        </extensions>
      </trkpt>
      <trkpt lat="46.8060641" lon="10.2270094">
        <ele>2233.6</ele>
        <time>2026-09-15T13:31:15Z</time>
        <extensions>
          <gpxdata:distance>9567.17</gpxdata:distance>
          <gpxdata:speed>0.796</gpxdata:speed>
        </extensions>
      </trkpt>
      <trkpt lat="46.8060811" lon="10.2270364">
        <ele>2234.1</ele>
        <time>2026-09-15T13:31:19Z</time>
        <extensions>
          <gpxdata:distance>9569.96</gpxdata:distance>
          <gpxdata:speed>0.822</gpxdata:speed>
        </extensions>
      </trkpt>
      <trkpt lat="46.8060991" lon="10.2270504">
        <ele>2234.5</ele>
        <time>2026-09-15T13:31:22Z</time>
        <extensions>
          <gpxdata:distance>9572.23</gpxdata:distance>
          <gpxdata:speed>0.787</gpxdata:speed>
        </extensions>
      </trkpt>
      <trkpt lat="46.8061071" lon="10.2270894">
        <ele>2234.9</ele>
        <time>2026-09-15T13:31:26Z</time>
        <extensions>
          <gpxdata:distance>9575.32</gpxdata:distance>
          <gpxdata:speed>0.758</gpxdata:speed>
        </extensions>
      </trkpt>
      <trkpt lat="46.8061061" lon="10.2271294">
        <ele>2234.9</ele>
        <time>2026-09-15T13:31:30Z</time>
        <extensions>
          <gpxdata:distance>9578.37</gpxdata:distance>
          <gpxdata:speed>0.791</gpxdata:speed>
        </extensions>
      </trkpt>
      <trkpt lat="46.8061051" lon="10.2271814">
        <ele>2234.9</ele>
        <time>2026-09-15T13:31:34Z</time>
        <extensions>
          <gpxdata:distance>9582.33</gpxdata:distance>
          <gpxdata:speed>0.831</gpxdata:speed>
        </extensions>
      </trkpt>
      <trkpt lat="46.8061211" lon="10.2272484">
        <ele>2234.9</ele>
        <time>2026-09-15T13:31:41Z</time>
        <extensions>
          <gpxdata:distance>9587.73</gpxdata:distance>
          <gpxdata:speed>0.811</gpxdata:speed>
        </extensions>
      </trkpt>
      <trkpt lat="46.8061461" lon="10.2273144">
        <ele>2234.5</ele>
        <time>2026-09-15T13:31:47Z</time>
        <extensions>
          <gpxdata:distance>9593.47</gpxdata:distance>
          <gpxdata:speed>0.903</gpxdata:speed>
        </extensions>
      </trkpt>
      <trkpt lat="46.8061721" lon="10.2273554">
        <ele>2234.4</ele>
        <time>2026-09-15T13:31:52Z</time>
        <extensions>
          <gpxdata:distance>9597.73</gpxdata:distance>
          <gpxdata:speed>0.918</gpxdata:speed>
        </extensions>
      </trkpt>
      <trkpt lat="46.8062071" lon="10.2273964">
        <ele>2234.7</ele>
        <time>2026-09-15T13:31:57Z</time>
        <extensions>
          <gpxdata:distance>9602.71</gpxdata:distance>
          <gpxdata:speed>0.934</gpxdata:speed>
        </extensions>
      </trkpt>
      <trkpt lat="46.8062331" lon="10.2274374">
        <ele>2234.8</ele>
        <time>2026-09-15T13:32:02Z</time>
        <extensions>
          <gpxdata:distance>9606.97</gpxdata:distance>
          <gpxdata:speed>0.964</gpxdata:speed>
        </extensions>
      </trkpt>
      <trkpt lat="46.8062931" lon="10.2275844">
        <ele>2235.5</ele>
        <time>2026-09-15T13:32:15Z</time>
        <extensions>
          <gpxdata:distance>9619.99</gpxdata:distance>
          <gpxdata:speed>0.959</gpxdata:speed>
        </extensions>
      </trkpt>
      <trkpt lat="46.8063001" lon="10.2276374">
        <ele>2235.6</ele>
        <time>2026-09-15T13:32:20Z</time>
        <extensions>
          <gpxdata:distance>9624.10</gpxdata:distance>
          <gpxdata:speed>0.976</gpxdata:speed>
        </extensions>
      </trkpt>
      <trkpt lat="46.8062990" lon="10.2277024">
        <ele>2236.0</ele>
        <time>2026-09-15T13:32:25Z</time>
        <extensions>
          <gpxdata:distance>9629.05</gpxdata:distance>
          <gpxdata:speed>0.957</gpxdata:speed>
        </extensions>
      </trkpt>
      <trkpt lat="46.8063070" lon="10.2277424">
        <ele>2236.2</ele>
        <time>2026-09-15T13:32:28Z</time>
        <extensions>
          <gpxdata:distance>9632.22</gpxdata:distance>
          <gpxdata:speed>0.946</gpxdata:speed>
        </extensions>
      </trkpt>
      <trkpt lat="46.8063410" lon="10.2278364">
        <ele>2236.5</ele>
        <time>2026-09-15T13:32:37Z</time>
        <extensions>
          <gpxdata:distance>9640.32</gpxdata:distance>
          <gpxdata:speed>0.935</gpxdata:speed>
        </extensions>
      </trkpt>
      <trkpt lat="46.8063570" lon="10.2279024">
        <ele>2236.6</ele>
        <time>2026-09-15T13:32:43Z</time>
        <extensions>
          <gpxdata:distance>9645.64</gpxdata:distance>
          <gpxdata:speed>0.910</gpxdata:speed>
        </extensions>
      </trkpt>
      <trkpt lat="46.8063640" lon="10.2279814">
        <ele>2236.9</ele>
        <time>2026-09-15T13:32:49Z</time>
        <extensions>
          <gpxdata:distance>9651.71</gpxdata:distance>
          <gpxdata:speed>0.895</gpxdata:speed>
        </extensions>
      </trkpt>
      <trkpt lat="46.8063810" lon="10.2280344">
        <ele>2237.7</ele>
        <time>2026-09-15T13:32:55Z</time>
        <extensions>
          <gpxdata:distance>9656.16</gpxdata:distance>
          <gpxdata:speed>0.869</gpxdata:speed>
        </extensions>
      </trkpt>
      <trkpt lat="46.8063880" lon="10.2280874">
        <ele>2238.3</ele>
        <time>2026-09-15T13:32:59Z</time>
        <extensions>
          <gpxdata:distance>9660.27</gpxdata:distance>
          <gpxdata:speed>0.844</gpxdata:speed>
        </extensions>
      </trkpt>
      <trkpt lat="46.8063870" lon="10.2281534">
        <ele>2238.6</ele>
        <time>2026-09-15T13:33:05Z</time>
        <extensions>
          <gpxdata:distance>9665.29</gpxdata:distance>
          <gpxdata:speed>0.837</gpxdata:speed>
        </extensions>
      </trkpt>
      <trkpt lat="46.8063940" lon="10.2282194">
        <ele>2239.1</ele>
        <time>2026-09-15T13:33:12Z</time>
        <extensions>
          <gpxdata:distance>9670.38</gpxdata:distance>
          <gpxdata:speed>0.818</gpxdata:speed>
        </extensions>
      </trkpt>
      <trkpt lat="46.8064200" lon="10.2282594">
        <ele>2239.0</ele>
        <time>2026-09-15T13:33:17Z</time>
        <extensions>
          <gpxdata:distance>9674.58</gpxdata:distance>
          <gpxdata:speed>0.844</gpxdata:speed>
        </extensions>
      </trkpt>
      <trkpt lat="46.8064550" lon="10.2283274">
        <ele>2238.9</ele>
        <time>2026-09-15T13:33:24Z</time>
        <extensions>
          <gpxdata:distance>9681.05</gpxdata:distance>
          <gpxdata:speed>0.872</gpxdata:speed>
        </extensions>
      </trkpt>
      <trkpt lat="46.8065170" lon="10.2283434">
        <ele>2237.9</ele>
        <time>2026-09-15T13:33:32Z</time>
        <extensions>
          <gpxdata:distance>9688.05</gpxdata:distance>
          <gpxdata:speed>0.938</gpxdata:speed>
        </extensions>
      </trkpt>
      <trkpt lat="46.8065890" lon="10.2283344">
        <ele>2237.4</ele>
        <time>2026-09-15T13:33:40Z</time>
        <extensions>
          <gpxdata:distance>9696.09</gpxdata:distance>
          <gpxdata:speed>0.972</gpxdata:speed>
        </extensions>
      </trkpt>
      <trkpt lat="46.8066070" lon="10.2283354">
        <ele>2236.5</ele>
        <time>2026-09-15T13:33:42Z</time>
        <extensions>
          <gpxdata:distance>9698.09</gpxdata:distance>
          <gpxdata:speed>1.001</gpxdata:speed>
        </extensions>
      </trkpt>
      <trkpt lat="46.8066340" lon="10.2283494">
        <ele>2236.2</ele>
        <time>2026-09-15T13:33:45Z</time>
        <extensions>
          <gpxdata:distance>9701.28</gpxdata:distance>
          <gpxdata:speed>0.970</gpxdata:speed>
        </extensions>
      </trkpt>
      <trkpt lat="46.8067320" lon="10.2284074">
        <ele>2236.1</ele>
        <time>2026-09-15T13:33:57Z</time>
        <extensions>
          <gpxdata:distance>9713.03</gpxdata:distance>
          <gpxdata:speed>0.959</gpxdata:speed>
        </extensions>
      </trkpt>
      <trkpt lat="46.8067670" lon="10.2284485">
        <ele>2235.1</ele>
        <time>2026-09-15T13:34:03Z</time>
        <extensions>
          <gpxdata:distance>9718.03</gpxdata:distance>
          <gpxdata:speed>0.931</gpxdata:speed>
        </extensions>
      </trkpt>
      <trkpt lat="46.8068120" lon="10.2284505">
        <ele>2235.3</ele>
        <time>2026-09-15T13:34:08Z</time>
        <extensions>
          <gpxdata:distance>9723.03</gpxdata:distance>
          <gpxdata:speed>0.924</gpxdata:speed>
        </extensions>
      </trkpt>
      <trkpt lat="46.8068470" lon="10.2284915">
        <ele>2234.9</ele>
        <time>2026-09-15T13:34:14Z</time>
        <extensions>
          <gpxdata:distance>9728.02</gpxdata:distance>
          <gpxdata:speed>0.919</gpxdata:speed>
        </extensions>
      </trkpt>
      <trkpt lat="46.8068730" lon="10.2285195">
        <ele>2234.8</ele>
        <time>2026-09-15T13:34:17Z</time>
        <extensions>
          <gpxdata:distance>9731.61</gpxdata:distance>
          <gpxdata:speed>0.915</gpxdata:speed>
        </extensions>
      </trkpt>
      <trkpt lat="46.8068710" lon="10.2285975">
        <ele>2234.5</ele>
        <time>2026-09-15T13:34:24Z</time>
        <extensions>
          <gpxdata:distance>9737.55</gpxdata:distance>
          <gpxdata:speed>0.928</gpxdata:speed>
        </extensions>
      </trkpt>
      <trkpt lat="46.8068790" lon="10.2286505">
        <ele>2233.1</ele>
        <time>2026-09-15T13:34:28Z</time>
        <extensions>
          <gpxdata:distance>9741.68</gpxdata:distance>
          <gpxdata:speed>0.900</gpxdata:speed>
        </extensions>
      </trkpt>
      <trkpt lat="46.8069040" lon="10.2287045">
        <ele>2231.5</ele>
        <time>2026-09-15T13:34:34Z</time>
        <extensions>
          <gpxdata:distance>9746.65</gpxdata:distance>
          <gpxdata:speed>0.897</gpxdata:speed>
        </extensions>
      </trkpt>
      <trkpt lat="46.8069470" lon="10.2287985">
        <ele>2229.8</ele>
        <time>2026-09-15T13:34:43Z</time>
        <extensions>
          <gpxdata:distance>9755.25</gpxdata:distance>
          <gpxdata:speed>0.911</gpxdata:speed>
        </extensions>
      </trkpt>
      <trkpt lat="46.8069640" lon="10.2288385">
        <ele>2228.7</ele>
        <time>2026-09-15T13:34:47Z</time>
        <extensions>
          <gpxdata:distance>9758.83</gpxdata:distance>
          <gpxdata:speed>0.924</gpxdata:speed>
        </extensions>
      </trkpt>
      <trkpt lat="46.8070170" lon="10.2288805">
        <ele>2227.5</ele>
        <time>2026-09-15T13:34:55Z</time>
        <extensions>
          <gpxdata:distance>9765.54</gpxdata:distance>
          <gpxdata:speed>0.926</gpxdata:speed>
        </extensions>
      </trkpt>
      <trkpt lat="46.8070430" lon="10.2289215">
        <ele>2227.0</ele>
        <time>2026-09-15T13:34:59Z</time>
        <extensions>
          <gpxdata:distance>9769.79</gpxdata:distance>
          <gpxdata:speed>0.903</gpxdata:speed>
        </extensions>
      </trkpt>
      <trkpt lat="46.8070600" lon="10.2289485">
        <ele>2226.7</ele>
        <time>2026-09-15T13:35:02Z</time>
        <extensions>
          <gpxdata:distance>9772.58</gpxdata:distance>
          <gpxdata:speed>0.894</gpxdata:speed>
        </extensions>
      </trkpt>
      <trkpt lat="46.8070770" lon="10.2290145">
        <ele>2226.2</ele>
        <time>2026-09-15T13:35:08Z</time>
        <extensions>
          <gpxdata:distance>9777.95</gpxdata:distance>
          <gpxdata:speed>0.891</gpxdata:speed>
        </extensions>
      </trkpt>
      <trkpt lat="46.8070760" lon="10.2290675">
        <ele>2225.4</ele>
        <time>2026-09-15T13:35:13Z</time>
        <extensions>
          <gpxdata:distance>9781.99</gpxdata:distance>
          <gpxdata:speed>0.872</gpxdata:speed>
        </extensions>
      </trkpt>
      <trkpt lat="46.8070840" lon="10.2291065">
        <ele>2224.5</ele>
        <time>2026-09-15T13:35:17Z</time>
        <extensions>
          <gpxdata:distance>9785.09</gpxdata:distance>
          <gpxdata:speed>0.874</gpxdata:speed>
        </extensions>
      </trkpt>
      <trkpt lat="46.8070920" lon="10.2291335">
        <ele>2224.0</ele>
        <time>2026-09-15T13:35:19Z</time>
        <extensions>
          <gpxdata:distance>9787.32</gpxdata:distance>
          <gpxdata:speed>0.893</gpxdata:speed>
        </extensions>
      </trkpt>
      <trkpt lat="46.8071000" lon="10.2291605">
        <ele>2223.7</ele>
        <time>2026-09-15T13:35:22Z</time>
        <extensions>
          <gpxdata:distance>9789.56</gpxdata:distance>
          <gpxdata:speed>0.902</gpxdata:speed>
        </extensions>
      </trkpt>
      <trkpt lat="46.8071090" lon="10.2291865">
        <ele>2222.9</ele>
        <time>2026-09-15T13:35:24Z</time>
        <extensions>
          <gpxdata:distance>9791.78</gpxdata:distance>
          <gpxdata:speed>0.905</gpxdata:speed>
        </extensions>
      </trkpt>
      <trkpt lat="46.8071170" lon="10.2292135">
        <ele>2222.4</ele>
        <time>2026-09-15T13:35:27Z</time>
        <extensions>
          <gpxdata:distance>9794.02</gpxdata:distance>
          <gpxdata:speed>0.900</gpxdata:speed>
        </extensions>
      </trkpt>
      <trkpt lat="46.8071340" lon="10.2292405">
        <ele>2221.5</ele>
        <time>2026-09-15T13:35:30Z</time>
        <extensions>
          <gpxdata:distance>9796.81</gpxdata:distance>
          <gpxdata:speed>0.872</gpxdata:speed>
        </extensions>
      </trkpt>
      <trkpt lat="46.8071520" lon="10.2292415">
        <ele>2221.1</ele>
        <time>2026-09-15T13:35:32Z</time>
        <extensions>
          <gpxdata:distance>9798.82</gpxdata:distance>
          <gpxdata:speed>0.872</gpxdata:speed>
        </extensions>
      </trkpt>
      <trkpt lat="46.8071700" lon="10.2292685">
        <ele>2220.3</ele>
        <time>2026-09-15T13:35:35Z</time>
        <extensions>
          <gpxdata:distance>9801.68</gpxdata:distance>
          <gpxdata:speed>0.872</gpxdata:speed>
        </extensions>
      </trkpt>
      <trkpt lat="46.8071950" lon="10.2293355">
        <ele>2219.0</ele>
        <time>2026-09-15T13:35:42Z</time>
        <extensions>
          <gpxdata:distance>9807.49</gpxdata:distance>
          <gpxdata:speed>0.872</gpxdata:speed>
        </extensions>
      </trkpt>
      <trkpt lat="46.8072020" lon="10.2294145">
        <ele>2217.8</ele>
        <time>2026-09-15T13:35:49Z</time>
        <extensions>
          <gpxdata:distance>9813.55</gpxdata:distance>
          <gpxdata:speed>0.872</gpxdata:speed>
        </extensions>
      </trkpt>
      <trkpt lat="46.8072270" lon="10.2294815">
        <ele>2217.2</ele>
        <time>2026-09-15T13:35:56Z</time>
        <extensions>
          <gpxdata:distance>9819.36</gpxdata:distance>
          <gpxdata:speed>0.872</gpxdata:speed>
        </extensions>
      </trkpt>
      <trkpt lat="46.8072440" lon="10.2295475">
        <ele>2216.3</ele>
        <time>2026-09-15T13:36:02Z</time>
        <extensions>
          <gpxdata:distance>9824.73</gpxdata:distance>
          <gpxdata:speed>0.872</gpxdata:speed>
        </extensions>
      </trkpt>
      <trkpt lat="46.8072610" lon="10.2295885">
        <ele>2215.9</ele>
        <time>2026-09-15T13:36:06Z</time>
        <extensions>
          <gpxdata:distance>9828.38</gpxdata:distance>
          <gpxdata:speed>0.884</gpxdata:speed>
        </extensions>
      </trkpt>
      <trkpt lat="46.8072680" lon="10.2296545">
        <ele>2215.0</ele>
        <time>2026-09-15T13:36:12Z</time>
        <extensions>
          <gpxdata:distance>9833.46</gpxdata:distance>
          <gpxdata:speed>0.889</gpxdata:speed>
        </extensions>
      </trkpt>
      <trkpt lat="46.8072760" lon="10.2297195">
        <ele>2214.4</ele>
        <time>2026-09-15T13:36:17Z</time>
        <extensions>
          <gpxdata:distance>9838.49</gpxdata:distance>
          <gpxdata:speed>0.912</gpxdata:speed>
        </extensions>
      </trkpt>
      <trkpt lat="46.8073010" lon="10.2297865">
        <ele>2214.2</ele>
        <time>2026-09-15T13:36:23Z</time>
        <extensions>
          <gpxdata:distance>9844.29</gpxdata:distance>
          <gpxdata:speed>0.938</gpxdata:speed>
        </extensions>
      </trkpt>
      <trkpt lat="46.8073260" lon="10.2298535">
        <ele>2213.3</ele>
        <time>2026-09-15T13:36:29Z</time>
        <extensions>
          <gpxdata:distance>9850.10</gpxdata:distance>
          <gpxdata:speed>0.935</gpxdata:speed>
        </extensions>
      </trkpt>
      <trkpt lat="46.8073530" lon="10.2298685">
        <ele>2213.0</ele>
        <time>2026-09-15T13:36:33Z</time>
        <extensions>
          <gpxdata:distance>9853.31</gpxdata:distance>
          <gpxdata:speed>0.923</gpxdata:speed>
        </extensions>
      </trkpt>
      <trkpt lat="46.8073880" lon="10.2298965">
        <ele>2212.8</ele>
        <time>2026-09-15T13:36:38Z</time>
        <extensions>
          <gpxdata:distance>9857.75</gpxdata:distance>
          <gpxdata:speed>0.906</gpxdata:speed>
        </extensions>
      </trkpt>
      <trkpt lat="46.8074150" lon="10.2299235">
        <ele>2212.7</ele>
        <time>2026-09-15T13:36:42Z</time>
        <extensions>
          <gpxdata:distance>9861.39</gpxdata:distance>
          <gpxdata:speed>0.901</gpxdata:speed>
        </extensions>
      </trkpt>
      <trkpt lat="46.8074310" lon="10.2299905">
        <ele>2213.0</ele>
        <time>2026-09-15T13:36:48Z</time>
        <extensions>
          <gpxdata:distance>9866.79</gpxdata:distance>
          <gpxdata:speed>0.918</gpxdata:speed>
        </extensions>
      </trkpt>
      <trkpt lat="46.8074380" lon="10.2300695">
        <ele>2212.7</ele>
        <time>2026-09-15T13:36:54Z</time>
        <extensions>
          <gpxdata:distance>9872.85</gpxdata:distance>
          <gpxdata:speed>0.925</gpxdata:speed>
        </extensions>
      </trkpt>
      <trkpt lat="46.8074450" lon="10.2301485">
        <ele>2211.8</ele>
        <time>2026-09-15T13:37:01Z</time>
        <extensions>
          <gpxdata:distance>9878.92</gpxdata:distance>
          <gpxdata:speed>0.926</gpxdata:speed>
        </extensions>
      </trkpt>
      <trkpt lat="46.8074970" lon="10.2302425">
        <ele>2211.6</ele>
        <time>2026-09-15T13:37:11Z</time>
        <extensions>
          <gpxdata:distance>9888.11</gpxdata:distance>
          <gpxdata:speed>0.941</gpxdata:speed>
        </extensions>
      </trkpt>
      <trkpt lat="46.8075230" lon="10.2302705">
        <ele>2211.8</ele>
        <time>2026-09-15T13:37:14Z</time>
        <extensions>
          <gpxdata:distance>9891.71</gpxdata:distance>
          <gpxdata:speed>0.947</gpxdata:speed>
        </extensions>
      </trkpt>
      <trkpt lat="46.8075310" lon="10.2303105">
        <ele>2211.9</ele>
        <time>2026-09-15T13:37:18Z</time>
        <extensions>
          <gpxdata:distance>9894.88</gpxdata:distance>
          <gpxdata:speed>0.972</gpxdata:speed>
        </extensions>
      </trkpt>
      <trkpt lat="46.8075390" lon="10.2303755">
        <ele>2211.1</ele>
        <time>2026-09-15T13:37:23Z</time>
        <extensions>
          <gpxdata:distance>9899.90</gpxdata:distance>
          <gpxdata:speed>0.960</gpxdata:speed>
        </extensions>
      </trkpt>
      <trkpt lat="46.8075460" lon="10.2304415">
        <ele>2210.8</ele>
        <time>2026-09-15T13:37:28Z</time>
        <extensions>
          <gpxdata:distance>9904.99</gpxdata:distance>
          <gpxdata:speed>0.958</gpxdata:speed>
        </extensions>
      </trkpt>
      <trkpt lat="46.8075450" lon="10.2304945">
        <ele>2210.6</ele>
        <time>2026-09-15T13:37:32Z</time>
        <extensions>
          <gpxdata:distance>9909.02</gpxdata:distance>
          <gpxdata:speed>0.956</gpxdata:speed>
        </extensions>
      </trkpt>
      <trkpt lat="46.8075250" lon="10.2305585">
        <ele>2209.9</ele>
        <time>2026-09-15T13:37:38Z</time>
        <extensions>
          <gpxdata:distance>9914.38</gpxdata:distance>
          <gpxdata:speed>0.932</gpxdata:speed>
        </extensions>
      </trkpt>
      <trkpt lat="46.8075230" lon="10.2306505">
        <ele>2209.3</ele>
        <time>2026-09-15T13:37:46Z</time>
        <extensions>
          <gpxdata:distance>9921.38</gpxdata:distance>
          <gpxdata:speed>0.927</gpxdata:speed>
        </extensions>
      </trkpt>
      <trkpt lat="46.8075220" lon="10.2306895">
        <ele>2209.3</ele>
        <time>2026-09-15T13:37:49Z</time>
        <extensions>
          <gpxdata:distance>9924.35</gpxdata:distance>
          <gpxdata:speed>0.943</gpxdata:speed>
        </extensions>
      </trkpt>
      <trkpt lat="46.8075170" lon="10.2308865">
        <ele>2207.3</ele>
        <time>2026-09-15T13:38:05Z</time>
        <extensions>
          <gpxdata:distance>9939.36</gpxdata:distance>
          <gpxdata:speed>0.912</gpxdata:speed>
        </extensions>
      </trkpt>
      <trkpt lat="46.8075330" lon="10.2309916">
        <ele>2206.3</ele>
        <time>2026-09-15T13:38:15Z</time>
        <extensions>
          <gpxdata:distance>9947.55</gpxdata:distance>
          <gpxdata:speed>0.896</gpxdata:speed>
        </extensions>
      </trkpt>
      <trkpt lat="46.8075310" lon="10.2310446">
        <ele>2205.5</ele>
        <time>2026-09-15T13:38:19Z</time>
        <extensions>
          <gpxdata:distance>9951.59</gpxdata:distance>
          <gpxdata:speed>0.906</gpxdata:speed>
        </extensions>
      </trkpt>
      <trkpt lat="46.8075300" lon="10.2310966">
        <ele>2204.7</ele>
        <time>2026-09-15T13:38:23Z</time>
        <extensions>
          <gpxdata:distance>9955.55</gpxdata:distance>
          <gpxdata:speed>0.908</gpxdata:speed>
        </extensions>
      </trkpt>
      <trkpt lat="46.8075380" lon="10.2311496">
        <ele>2204.3</ele>
        <time>2026-09-15T13:38:28Z</time>
        <extensions>
          <gpxdata:distance>9959.68</gpxdata:distance>
          <gpxdata:speed>0.912</gpxdata:speed>
        </extensions>
      </trkpt>
      <trkpt lat="46.8075720" lon="10.2312296">
        <ele>2204.3</ele>
        <time>2026-09-15T13:38:36Z</time>
        <extensions>
          <gpxdata:distance>9966.85</gpxdata:distance>
          <gpxdata:speed>0.903</gpxdata:speed>
        </extensions>
      </trkpt>
      <trkpt lat="46.8076060" lon="10.2313106">
        <ele>2204.7</ele>
        <time>2026-09-15T13:38:44Z</time>
        <extensions>
          <gpxdata:distance>9974.08</gpxdata:distance>
          <gpxdata:speed>0.908</gpxdata:speed>
        </extensions>
      </trkpt>
      <trkpt lat="46.8076740" lon="10.2314846">
        <ele>2205.1</ele>
        <time>2026-09-15T13:39:00Z</time>
        <extensions>
          <gpxdata:distance>9989.33</gpxdata:distance>
          <gpxdata:speed>0.935</gpxdata:speed>
        </extensions>
      </trkpt>
      <trkpt lat="46.8076990" lon="10.2315516">
        <ele>2204.8</ele>
        <time>2026-09-15T13:39:06Z</time>
        <extensions>
          <gpxdata:distance>9995.14</gpxdata:distance>
          <gpxdata:speed>0.934</gpxdata:speed>
        </extensions>
      </trkpt>
      <trkpt lat="46.8077150" lon="10.2316176">
        <ele>2204.9</ele>
        <time>2026-09-15T13:39:12Z</time>
        <extensions>
          <gpxdata:distance>10000.46</gpxdata:distance>
          <gpxdata:speed>0.962</gpxdata:speed>
        </extensions>
      </trkpt>
      <trkpt lat="46.8077320" lon="10.2316576">
        <ele>2205.5</ele>
        <time>2026-09-15T13:39:15Z</time>
        <extensions>
          <gpxdata:distance>10004.05</gpxdata:distance>
          <gpxdata:speed>0.994</gpxdata:speed>
        </extensions>
      </trkpt>
      <trkpt lat="46.8077490" lon="10.2317106">
        <ele>2205.6</ele>
        <time>2026-09-15T13:39:20Z</time>
        <extensions>
          <gpxdata:distance>10008.50</gpxdata:distance>
          <gpxdata:speed>1.008</gpxdata:speed>
        </extensions>
      </trkpt>
      <trkpt lat="46.8077750" lon="10.2317646">
        <ele>2206.5</ele>
        <time>2026-09-15T13:39:25Z</time>
        <extensions>
          <gpxdata:distance>10013.53</gpxdata:distance>
          <gpxdata:speed>0.934</gpxdata:speed>
        </extensions>
      </trkpt>
      <trkpt lat="46.8078010" lon="10.2317796">
        <ele>2207.0</ele>
        <time>2026-09-15T13:39:29Z</time>
        <extensions>
          <gpxdata:distance>10016.64</gpxdata:distance>
          <gpxdata:speed>0.892</gpxdata:speed>
        </extensions>
      </trkpt>
      <trkpt lat="46.8078180" lon="10.2318326">
        <ele>2206.5</ele>
        <time>2026-09-15T13:39:34Z</time>
        <extensions>
          <gpxdata:distance>10021.09</gpxdata:distance>
          <gpxdata:speed>0.909</gpxdata:speed>
        </extensions>
      </trkpt>
      <trkpt lat="46.8078430" lon="10.2318996">
        <ele>2206.0</ele>
        <time>2026-09-15T13:39:40Z</time>
        <extensions>
          <gpxdata:distance>10026.90</gpxdata:distance>
          <gpxdata:speed>0.950</gpxdata:speed>
        </extensions>
      </trkpt>
      <trkpt lat="46.8078780" lon="10.2319536">
        <ele>2206.2</ele>
        <time>2026-09-15T13:39:46Z</time>
        <extensions>
          <gpxdata:distance>10032.56</gpxdata:distance>
          <gpxdata:speed>0.948</gpxdata:speed>
        </extensions>
      </trkpt>
      <trkpt lat="46.8079120" lon="10.2320206">
        <ele>2205.8</ele>
        <time>2026-09-15T13:39:52Z</time>
        <extensions>
          <gpxdata:distance>10038.91</gpxdata:distance>
          <gpxdata:speed>0.954</gpxdata:speed>
        </extensions>
      </trkpt>
      <trkpt lat="46.8079470" lon="10.2320886">
        <ele>2205.8</ele>
        <time>2026-09-15T13:39:59Z</time>
        <extensions>
          <gpxdata:distance>10045.38</gpxdata:distance>
          <gpxdata:speed>0.962</gpxdata:speed>
        </extensions>
      </trkpt>
      <trkpt lat="46.8079810" lon="10.2321556">
        <ele>2205.0</ele>
        <time>2026-09-15T13:40:05Z</time>
        <extensions>
          <gpxdata:distance>10051.73</gpxdata:distance>
          <gpxdata:speed>0.999</gpxdata:speed>
        </extensions>
      </trkpt>
      <trkpt lat="46.8080160" lon="10.2322096">
        <ele>2204.3</ele>
        <time>2026-09-15T13:40:11Z</time>
        <extensions>
          <gpxdata:distance>10057.39</gpxdata:distance>
          <gpxdata:speed>0.978</gpxdata:speed>
        </extensions>
      </trkpt>
      <trkpt lat="46.8080510" lon="10.2322646">
        <ele>2203.4</ele>
        <time>2026-09-15T13:40:17Z</time>
        <extensions>
          <gpxdata:distance>10063.10</gpxdata:distance>
          <gpxdata:speed>0.935</gpxdata:speed>
        </extensions>
      </trkpt>
      <trkpt lat="46.8080940" lon="10.2323186">
        <ele>2203.9</ele>
        <time>2026-09-15T13:40:24Z</time>
        <extensions>
          <gpxdata:distance>10069.41</gpxdata:distance>
          <gpxdata:speed>0.939</gpxdata:speed>
        </extensions>
      </trkpt>
      <trkpt lat="46.8081370" lon="10.2324126">
        <ele>2204.0</ele>
        <time>2026-09-15T13:40:33Z</time>
        <extensions>
          <gpxdata:distance>10078.01</gpxdata:distance>
          <gpxdata:speed>0.956</gpxdata:speed>
        </extensions>
      </trkpt>
      <trkpt lat="46.8081630" lon="10.2324666">
        <ele>2204.8</ele>
        <time>2026-09-15T13:40:38Z</time>
        <extensions>
          <gpxdata:distance>10083.04</gpxdata:distance>
          <gpxdata:speed>0.985</gpxdata:speed>
        </extensions>
      </trkpt>
      <trkpt lat="46.8082120" lon="10.2326526">
        <ele>2203.2</ele>
        <time>2026-09-15T13:40:54Z</time>
        <extensions>
          <gpxdata:distance>10098.21</gpxdata:distance>
          <gpxdata:speed>0.954</gpxdata:speed>
        </extensions>
      </trkpt>
      <trkpt lat="46.8082470" lon="10.2327066">
        <ele>2203.0</ele>
        <time>2026-09-15T13:41:00Z</time>
        <extensions>
          <gpxdata:distance>10103.87</gpxdata:distance>
          <gpxdata:speed>0.957</gpxdata:speed>
        </extensions>
      </trkpt>
      <trkpt lat="46.8082730" lon="10.2327476">
        <ele>2203.3</ele>
        <time>2026-09-15T13:41:04Z</time>
        <extensions>
          <gpxdata:distance>10108.12</gpxdata:distance>
          <gpxdata:speed>0.961</gpxdata:speed>
        </extensions>
      </trkpt>
      <trkpt lat="46.8082900" lon="10.2327746">
        <ele>2203.7</ele>
        <time>2026-09-15T13:41:07Z</time>
        <extensions>
          <gpxdata:distance>10110.91</gpxdata:distance>
          <gpxdata:speed>0.984</gpxdata:speed>
        </extensions>
      </trkpt>
      <trkpt lat="46.8082890" lon="10.2328136">
        <ele>2203.5</ele>
        <time>2026-09-15T13:41:10Z</time>
        <extensions>
          <gpxdata:distance>10113.88</gpxdata:distance>
          <gpxdata:speed>0.994</gpxdata:speed>
        </extensions>
      </trkpt>
      <trkpt lat="46.8083060" lon="10.2328676">
        <ele>2203.6</ele>
        <time>2026-09-15T13:41:15Z</time>
        <extensions>
          <gpxdata:distance>10118.41</gpxdata:distance>
          <gpxdata:speed>1.003</gpxdata:speed>
        </extensions>
      </trkpt>
      <trkpt lat="46.8083310" lon="10.2329346">
        <ele>2204.4</ele>
        <time>2026-09-15T13:41:21Z</time>
        <extensions>
          <gpxdata:distance>10124.21</gpxdata:distance>
          <gpxdata:speed>0.989</gpxdata:speed>
        </extensions>
      </trkpt>
      <trkpt lat="46.8084100" lon="10.2330296">
        <ele>2205.9</ele>
        <time>2026-09-15T13:41:33Z</time>
        <extensions>
          <gpxdata:distance>10135.59</gpxdata:distance>
          <gpxdata:speed>0.929</gpxdata:speed>
        </extensions>
      </trkpt>
      <trkpt lat="46.8084360" lon="10.2330706">
        <ele>2206.3</ele>
        <time>2026-09-15T13:41:37Z</time>
        <extensions>
          <gpxdata:distance>10139.85</gpxdata:distance>
          <gpxdata:speed>0.945</gpxdata:speed>
        </extensions>
      </trkpt>
      <trkpt lat="46.8084440" lon="10.2331236">
        <ele>2205.9</ele>
        <time>2026-09-15T13:41:42Z</time>
        <extensions>
          <gpxdata:distance>10143.98</gpxdata:distance>
          <gpxdata:speed>0.862</gpxdata:speed>
        </extensions>
      </trkpt>
      <trkpt lat="46.8084340" lon="10.2331626">
        <ele>2205.5</ele>
        <time>2026-09-15T13:41:46Z</time>
        <extensions>
          <gpxdata:distance>10147.15</gpxdata:distance>
          <gpxdata:speed>0.865</gpxdata:speed>
        </extensions>
      </trkpt>
      <trkpt lat="46.8084230" lon="10.2332276">
        <ele>2204.6</ele>
        <time>2026-09-15T13:41:51Z</time>
        <extensions>
          <gpxdata:distance>10152.24</gpxdata:distance>
          <gpxdata:speed>0.938</gpxdata:speed>
        </extensions>
      </trkpt>
      <trkpt lat="46.8084300" lon="10.2333196">
        <ele>2204.3</ele>
        <time>2026-09-15T13:41:58Z</time>
        <extensions>
          <gpxdata:distance>10159.29</gpxdata:distance>
          <gpxdata:speed>0.981</gpxdata:speed>
        </extensions>
      </trkpt>
      <trkpt lat="46.8084460" lon="10.2333986">
        <ele>2203.6</ele>
        <time>2026-09-15T13:42:05Z</time>
        <extensions>
          <gpxdata:distance>10165.56</gpxdata:distance>
          <gpxdata:speed>1.007</gpxdata:speed>
        </extensions>
      </trkpt>
      <trkpt lat="46.8084620" lon="10.2334656">
        <ele>2203.9</ele>
        <time>2026-09-15T13:42:10Z</time>
        <extensions>
          <gpxdata:distance>10170.96</gpxdata:distance>
          <gpxdata:speed>0.998</gpxdata:speed>
        </extensions>
      </trkpt>
      <trkpt lat="46.8084890" lon="10.2334926">
        <ele>2204.0</ele>
        <time>2026-09-15T13:42:14Z</time>
        <extensions>
          <gpxdata:distance>10174.59</gpxdata:distance>
          <gpxdata:speed>1.002</gpxdata:speed>
        </extensions>
      </trkpt>
      <trkpt lat="46.8085150" lon="10.2335076">
        <ele>2204.5</ele>
        <time>2026-09-15T13:42:17Z</time>
        <extensions>
          <gpxdata:distance>10177.70</gpxdata:distance>
          <gpxdata:speed>0.970</gpxdata:speed>
        </extensions>
      </trkpt>
      <trkpt lat="46.8085320" lon="10.2335476">
        <ele>2205.0</ele>
        <time>2026-09-15T13:42:21Z</time>
        <extensions>
          <gpxdata:distance>10181.29</gpxdata:distance>
          <gpxdata:speed>0.972</gpxdata:speed>
        </extensions>
      </trkpt>
      <trkpt lat="46.8085480" lon="10.2336276">
        <ele>2206.1</ele>
        <time>2026-09-15T13:42:27Z</time>
        <extensions>
          <gpxdata:distance>10187.63</gpxdata:distance>
          <gpxdata:speed>1.001</gpxdata:speed>
        </extensions>
      </trkpt>
      <trkpt lat="46.8085740" lon="10.2336676">
        <ele>2206.9</ele>
        <time>2026-09-15T13:42:31Z</time>
        <extensions>
          <gpxdata:distance>10191.83</gpxdata:distance>
          <gpxdata:speed>0.933</gpxdata:speed>
        </extensions>
      </trkpt>
      <trkpt lat="46.8086010" lon="10.2336826">
        <ele>2208.0</ele>
        <time>2026-09-15T13:42:35Z</time>
        <extensions>
          <gpxdata:distance>10195.04</gpxdata:distance>
          <gpxdata:speed>0.808</gpxdata:speed>
        </extensions>
      </trkpt>
      <trkpt lat="46.8086180" lon="10.2337356">
        <ele>2208.9</ele>
        <time>2026-09-15T13:42:42Z</time>
        <extensions>
          <gpxdata:distance>10199.49</gpxdata:distance>
          <gpxdata:speed>0.718</gpxdata:speed>
        </extensions>
      </trkpt>
      <trkpt lat="46.8086160" lon="10.2338146">
        <ele>2209.5</ele>
        <time>2026-09-15T13:42:51Z</time>
        <extensions>
          <gpxdata:distance>10205.51</gpxdata:distance>
          <gpxdata:speed>0.636</gpxdata:speed>
        </extensions>
      </trkpt>
      <trkpt lat="46.8086320" lon="10.2338806">
        <ele>2209.6</ele>
        <time>2026-09-15T13:42:59Z</time>
        <extensions>
          <gpxdata:distance>10210.84</gpxdata:distance>
          <gpxdata:speed>0.648</gpxdata:speed>
        </extensions>
      </trkpt>
      <trkpt lat="46.8086390" lon="10.2339466">
        <ele>2209.2</ele>
        <time>2026-09-15T13:43:07Z</time>
        <extensions>
          <gpxdata:distance>10215.92</gpxdata:distance>
          <gpxdata:speed>0.690</gpxdata:speed>
        </extensions>
      </trkpt>
      <trkpt lat="46.8086560" lon="10.2339996">
        <ele>2209.1</ele>
        <time>2026-09-15T13:43:13Z</time>
        <extensions>
          <gpxdata:distance>10220.38</gpxdata:distance>
          <gpxdata:speed>0.735</gpxdata:speed>
        </extensions>
      </trkpt>
      <trkpt lat="46.8086640" lon="10.2340527">
        <ele>2209.6</ele>
        <time>2026-09-15T13:43:18Z</time>
        <extensions>
          <gpxdata:distance>10224.52</gpxdata:distance>
          <gpxdata:speed>0.738</gpxdata:speed>
        </extensions>
      </trkpt>
      <trkpt lat="46.8086800" lon="10.2341187">
        <ele>2209.2</ele>
        <time>2026-09-15T13:43:25Z</time>
        <extensions>
          <gpxdata:distance>10229.84</gpxdata:distance>
          <gpxdata:speed>0.824</gpxdata:speed>
        </extensions>
      </trkpt>
      <trkpt lat="46.8086960" lon="10.2341987">
        <ele>2208.8</ele>
        <time>2026-09-15T13:43:32Z</time>
        <extensions>
          <gpxdata:distance>10236.19</gpxdata:distance>
          <gpxdata:speed>0.904</gpxdata:speed>
        </extensions>
      </trkpt>
      <trkpt lat="46.8087030" lon="10.2343037">
        <ele>2207.6</ele>
        <time>2026-09-15T13:43:40Z</time>
        <extensions>
          <gpxdata:distance>10244.22</gpxdata:distance>
          <gpxdata:speed>1.002</gpxdata:speed>
        </extensions>
      </trkpt>
      <trkpt lat="46.8087190" lon="10.2343567">
        <ele>2207.5</ele>
        <time>2026-09-15T13:43:44Z</time>
        <extensions>
          <gpxdata:distance>10248.62</gpxdata:distance>
          <gpxdata:speed>0.976</gpxdata:speed>
        </extensions>
      </trkpt>
      <trkpt lat="46.8087350" lon="10.2344367">
        <ele>2206.6</ele>
        <time>2026-09-15T13:43:51Z</time>
        <extensions>
          <gpxdata:distance>10254.97</gpxdata:distance>
          <gpxdata:speed>0.939</gpxdata:speed>
        </extensions>
      </trkpt>
      <trkpt lat="46.8087250" lon="10.2344887">
        <ele>2206.5</ele>
        <time>2026-09-15T13:43:56Z</time>
        <extensions>
          <gpxdata:distance>10259.08</gpxdata:distance>
          <gpxdata:speed>0.933</gpxdata:speed>
        </extensions>
      </trkpt>
      <trkpt lat="46.8086860" lon="10.2346307">
        <ele>2203.7</ele>
        <time>2026-09-15T13:44:09Z</time>
        <extensions>
          <gpxdata:distance>10270.72</gpxdata:distance>
          <gpxdata:speed>0.895</gpxdata:speed>
        </extensions>
      </trkpt>
      <trkpt lat="46.8086840" lon="10.2347097">
        <ele>2202.3</ele>
        <time>2026-09-15T13:44:15Z</time>
        <extensions>
          <gpxdata:distance>10276.74</gpxdata:distance>
          <gpxdata:speed>0.913</gpxdata:speed>
        </extensions>
      </trkpt>
      <trkpt lat="46.8086910" lon="10.2347887">
        <ele>2201.9</ele>
        <time>2026-09-15T13:44:22Z</time>
        <extensions>
          <gpxdata:distance>10282.80</gpxdata:distance>
          <gpxdata:speed>0.924</gpxdata:speed>
        </extensions>
      </trkpt>
      <trkpt lat="46.8087160" lon="10.2348687">
        <ele>2202.4</ele>
        <time>2026-09-15T13:44:29Z</time>
        <extensions>
          <gpxdata:distance>10289.50</gpxdata:distance>
          <gpxdata:speed>0.907</gpxdata:speed>
        </extensions>
      </trkpt>
      <trkpt lat="46.8087330" lon="10.2349087">
        <ele>2202.3</ele>
        <time>2026-09-15T13:44:33Z</time>
        <extensions>
          <gpxdata:distance>10293.08</gpxdata:distance>
          <gpxdata:speed>0.907</gpxdata:speed>
        </extensions>
      </trkpt>
      <trkpt lat="46.8087320" lon="10.2349477">
        <ele>2201.5</ele>
        <time>2026-09-15T13:44:36Z</time>
        <extensions>
          <gpxdata:distance>10296.05</gpxdata:distance>
          <gpxdata:speed>0.911</gpxdata:speed>
        </extensions>
      </trkpt>
      <trkpt lat="46.8087490" lon="10.2350007">
        <ele>2200.9</ele>
        <time>2026-09-15T13:44:41Z</time>
        <extensions>
          <gpxdata:distance>10300.50</gpxdata:distance>
          <gpxdata:speed>0.919</gpxdata:speed>
        </extensions>
      </trkpt>
      <trkpt lat="46.8087740" lon="10.2350677">
        <ele>2200.2</ele>
        <time>2026-09-15T13:44:47Z</time>
        <extensions>
          <gpxdata:distance>10306.31</gpxdata:distance>
          <gpxdata:speed>0.917</gpxdata:speed>
        </extensions>
      </trkpt>
      <trkpt lat="46.8087900" lon="10.2351347">
        <ele>2200.0</ele>
        <time>2026-09-15T13:44:53Z</time>
        <extensions>
          <gpxdata:distance>10311.71</gpxdata:distance>
          <gpxdata:speed>0.916</gpxdata:speed>
        </extensions>
      </trkpt>
      <trkpt lat="46.8088060" lon="10.2352267">
        <ele>2200.4</ele>
        <time>2026-09-15T13:45:01Z</time>
        <extensions>
          <gpxdata:distance>10318.94</gpxdata:distance>
          <gpxdata:speed>0.928</gpxdata:speed>
        </extensions>
      </trkpt>
      <trkpt lat="46.8088050" lon="10.2352667">
        <ele>2200.9</ele>
        <time>2026-09-15T13:45:04Z</time>
        <extensions>
          <gpxdata:distance>10321.98</gpxdata:distance>
          <gpxdata:speed>0.973</gpxdata:speed>
        </extensions>
      </trkpt>
      <trkpt lat="46.8088130" lon="10.2353187">
        <ele>2200.1</ele>
        <time>2026-09-15T13:45:09Z</time>
        <extensions>
          <gpxdata:distance>10326.04</gpxdata:distance>
          <gpxdata:speed>0.959</gpxdata:speed>
        </extensions>
      </trkpt>
      <trkpt lat="46.8088300" lon="10.2353597">
        <ele>2199.5</ele>
        <time>2026-09-15T13:45:12Z</time>
        <extensions>
          <gpxdata:distance>10329.69</gpxdata:distance>
          <gpxdata:speed>0.924</gpxdata:speed>
        </extensions>
      </trkpt>
      <trkpt lat="46.8088200" lon="10.2353847">
        <ele>2198.9</ele>
        <time>2026-09-15T13:45:15Z</time>
        <extensions>
          <gpxdata:distance>10331.89</gpxdata:distance>
          <gpxdata:speed>0.908</gpxdata:speed>
        </extensions>
      </trkpt>
      <trkpt lat="46.8087920" lon="10.2354357">
        <ele>2197.8</ele>
        <time>2026-09-15T13:45:20Z</time>
        <extensions>
          <gpxdata:distance>10336.87</gpxdata:distance>
          <gpxdata:speed>0.904</gpxdata:speed>
        </extensions>
      </trkpt>
      <trkpt lat="46.8087820" lon="10.2354877">
        <ele>2197.1</ele>
        <time>2026-09-15T13:45:25Z</time>
        <extensions>
          <gpxdata:distance>10340.98</gpxdata:distance>
          <gpxdata:speed>0.901</gpxdata:speed>
        </extensions>
      </trkpt>
      <trkpt lat="46.8087800" lon="10.2355797">
        <ele>2195.6</ele>
        <time>2026-09-15T13:45:33Z</time>
        <extensions>
          <gpxdata:distance>10347.98</gpxdata:distance>
          <gpxdata:speed>0.904</gpxdata:speed>
        </extensions>
      </trkpt>
      <trkpt lat="46.8087870" lon="10.2356587">
        <ele>2194.0</ele>
        <time>2026-09-15T13:45:39Z</time>
        <extensions>
          <gpxdata:distance>10354.04</gpxdata:distance>
          <gpxdata:speed>0.933</gpxdata:speed>
        </extensions>
      </trkpt>
      <trkpt lat="46.8087940" lon="10.2357377">
        <ele>2192.8</ele>
        <time>2026-09-15T13:45:46Z</time>
        <extensions>
          <gpxdata:distance>10360.11</gpxdata:distance>
          <gpxdata:speed>0.893</gpxdata:speed>
        </extensions>
      </trkpt>
      <trkpt lat="46.8087910" lon="10.2358427">
        <ele>2191.3</ele>
        <time>2026-09-15T13:45:55Z</time>
        <extensions>
          <gpxdata:distance>10368.11</gpxdata:distance>
          <gpxdata:speed>0.872</gpxdata:speed>
        </extensions>
      </trkpt>
      <trkpt lat="46.8087900" lon="10.2358947">
        <ele>2191.0</ele>
        <time>2026-09-15T13:46:00Z</time>
        <extensions>
          <gpxdata:distance>10372.06</gpxdata:distance>
          <gpxdata:speed>0.875</gpxdata:speed>
        </extensions>
      </trkpt>
      <trkpt lat="46.8087970" lon="10.2359477">
        <ele>2190.4</ele>
        <time>2026-09-15T13:46:04Z</time>
        <extensions>
          <gpxdata:distance>10376.17</gpxdata:distance>
          <gpxdata:speed>0.878</gpxdata:speed>
        </extensions>
      </trkpt>
      <trkpt lat="46.8087870" lon="10.2359997">
        <ele>2189.5</ele>
        <time>2026-09-15T13:46:09Z</time>
        <extensions>
          <gpxdata:distance>10380.28</gpxdata:distance>
          <gpxdata:speed>0.880</gpxdata:speed>
        </extensions>
      </trkpt>
      <trkpt lat="46.8087590" lon="10.2360637">
        <ele>2187.2</ele>
        <time>2026-09-15T13:46:16Z</time>
        <extensions>
          <gpxdata:distance>10386.06</gpxdata:distance>
          <gpxdata:speed>0.872</gpxdata:speed>
        </extensions>
      </trkpt>
      <trkpt lat="46.8087370" lon="10.2362197">
        <ele>2184.6</ele>
        <time>2026-09-15T13:46:30Z</time>
        <extensions>
          <gpxdata:distance>10398.19</gpxdata:distance>
          <gpxdata:speed>0.872</gpxdata:speed>
        </extensions>
      </trkpt>
      <trkpt lat="46.8087360" lon="10.2362717">
        <ele>2184.1</ele>
        <time>2026-09-15T13:46:34Z</time>
        <extensions>
          <gpxdata:distance>10402.14</gpxdata:distance>
          <gpxdata:speed>0.872</gpxdata:speed>
        </extensions>
      </trkpt>
      <trkpt lat="46.8087520" lon="10.2363257">
        <ele>2183.9</ele>
        <time>2026-09-15T13:46:39Z</time>
        <extensions>
          <gpxdata:distance>10406.62</gpxdata:distance>
          <gpxdata:speed>0.883</gpxdata:speed>
        </extensions>
      </trkpt>
      <trkpt lat="46.8087690" lon="10.2363917">
        <ele>2183.2</ele>
        <time>2026-09-15T13:46:45Z</time>
        <extensions>
          <gpxdata:distance>10411.99</gpxdata:distance>
          <gpxdata:speed>0.892</gpxdata:speed>
        </extensions>
      </trkpt>
      <trkpt lat="46.8087940" lon="10.2364587">
        <ele>2182.1</ele>
        <time>2026-09-15T13:46:52Z</time>
        <extensions>
          <gpxdata:distance>10417.80</gpxdata:distance>
          <gpxdata:speed>0.892</gpxdata:speed>
        </extensions>
      </trkpt>
      <trkpt lat="46.8088190" lon="10.2365257">
        <ele>2181.8</ele>
        <time>2026-09-15T13:46:58Z</time>
        <extensions>
          <gpxdata:distance>10423.61</gpxdata:distance>
          <gpxdata:speed>0.901</gpxdata:speed>
        </extensions>
      </trkpt>
      <trkpt lat="46.8088360" lon="10.2365917">
        <ele>2180.9</ele>
        <time>2026-09-15T13:47:04Z</time>
        <extensions>
          <gpxdata:distance>10428.97</gpxdata:distance>
          <gpxdata:speed>0.899</gpxdata:speed>
        </extensions>
      </trkpt>
      <trkpt lat="46.8088430" lon="10.2366447">
        <ele>2179.8</ele>
        <time>2026-09-15T13:47:09Z</time>
        <extensions>
          <gpxdata:distance>10433.08</gpxdata:distance>
          <gpxdata:speed>0.894</gpxdata:speed>
        </extensions>
      </trkpt>
      <trkpt lat="46.8088500" lon="10.2367237">
        <ele>2178.7</ele>
        <time>2026-09-15T13:47:15Z</time>
        <extensions>
          <gpxdata:distance>10439.14</gpxdata:distance>
          <gpxdata:speed>0.926</gpxdata:speed>
        </extensions>
      </trkpt>
      <trkpt lat="46.8088730" lon="10.2368957">
        <ele>2177.6</ele>
        <time>2026-09-15T13:47:30Z</time>
        <extensions>
          <gpxdata:distance>10452.48</gpxdata:distance>
          <gpxdata:speed>0.921</gpxdata:speed>
        </extensions>
      </trkpt>
      <trkpt lat="46.8089080" lon="10.2369497">
        <ele>2176.9</ele>
        <time>2026-09-15T13:47:36Z</time>
        <extensions>
          <gpxdata:distance>10458.14</gpxdata:distance>
          <gpxdata:speed>0.920</gpxdata:speed>
        </extensions>
      </trkpt>
      <trkpt lat="46.8089160" lon="10.2369767">
        <ele>2176.5</ele>
        <time>2026-09-15T13:47:38Z</time>
        <extensions>
          <gpxdata:distance>10460.38</gpxdata:distance>
          <gpxdata:speed>0.929</gpxdata:speed>
        </extensions>
      </trkpt>
      <trkpt lat="46.8089330" lon="10.2370427">
        <ele>2175.5</ele>
        <time>2026-09-15T13:47:44Z</time>
        <extensions>
          <gpxdata:distance>10465.75</gpxdata:distance>
          <gpxdata:speed>0.934</gpxdata:speed>
        </extensions>
      </trkpt>
      <trkpt lat="46.8089310" lon="10.2370947">
        <ele>2174.9</ele>
        <time>2026-09-15T13:47:48Z</time>
        <extensions>
          <gpxdata:distance>10469.71</gpxdata:distance>
          <gpxdata:speed>0.930</gpxdata:speed>
        </extensions>
      </trkpt>
      <trkpt lat="46.8089310" lon="10.2371217">
        <ele>2174.2</ele>
        <time>2026-09-15T13:47:51Z</time>
        <extensions>
          <gpxdata:distance>10471.76</gpxdata:distance>
          <gpxdata:speed>0.929</gpxdata:speed>
        </extensions>
      </trkpt>
      <trkpt lat="46.8089030" lon="10.2371457">
        <ele>2172.8</ele>
        <time>2026-09-15T13:47:55Z</time>
        <extensions>
          <gpxdata:distance>10475.37</gpxdata:distance>
          <gpxdata:speed>0.907</gpxdata:speed>
        </extensions>
      </trkpt>
      <trkpt lat="46.8089020" lon="10.2371857">
        <ele>2172.0</ele>
        <time>2026-09-15T13:47:58Z</time>
        <extensions>
          <gpxdata:distance>10478.42</gpxdata:distance>
          <gpxdata:speed>0.910</gpxdata:speed>
        </extensions>
      </trkpt>
      <trkpt lat="46.8089280" lon="10.2372257">
        <ele>2170.7</ele>
        <time>2026-09-15T13:48:03Z</time>
        <extensions>
          <gpxdata:distance>10482.62</gpxdata:distance>
          <gpxdata:speed>0.894</gpxdata:speed>
        </extensions>
      </trkpt>
      <trkpt lat="46.8089360" lon="10.2372917">
        <ele>2169.6</ele>
        <time>2026-09-15T13:48:08Z</time>
        <extensions>
          <gpxdata:distance>10487.72</gpxdata:distance>
          <gpxdata:speed>0.872</gpxdata:speed>
        </extensions>
      </trkpt>
      <trkpt lat="46.8089620" lon="10.2373327">
        <ele>2169.0</ele>
        <time>2026-09-15T13:48:13Z</time>
        <extensions>
          <gpxdata:distance>10491.97</gpxdata:distance>
          <gpxdata:speed>0.872</gpxdata:speed>
        </extensions>
      </trkpt>
      <trkpt lat="46.8089790" lon="10.2373727">
        <ele>2168.7</ele>
        <time>2026-09-15T13:48:17Z</time>
        <extensions>
          <gpxdata:distance>10495.56</gpxdata:distance>
          <gpxdata:speed>0.872</gpxdata:speed>
        </extensions>
      </trkpt>
      <trkpt lat="46.8090050" lon="10.2374137">
        <ele>2168.6</ele>
        <time>2026-09-15T13:48:22Z</time>
        <extensions>
          <gpxdata:distance>10499.81</gpxdata:distance>
          <gpxdata:speed>0.872</gpxdata:speed>
        </extensions>
      </trkpt>
      <trkpt lat="46.8090130" lon="10.2374267">
        <ele>2168.8</ele>
        <time>2026-09-15T13:48:24Z</time>
        <extensions>
          <gpxdata:distance>10501.14</gpxdata:distance>
          <gpxdata:speed>0.880</gpxdata:speed>
        </extensions>
      </trkpt>
      <trkpt lat="46.8090130" lon="10.2374537">
        <ele>2169.1</ele>
        <time>2026-09-15T13:48:26Z</time>
        <extensions>
          <gpxdata:distance>10503.20</gpxdata:distance>
          <gpxdata:speed>0.923</gpxdata:speed>
        </extensions>
      </trkpt>
      <trkpt lat="46.8090210" lon="10.2374797">
        <ele>2168.5</ele>
        <time>2026-09-15T13:48:28Z</time>
        <extensions>
          <gpxdata:distance>10505.37</gpxdata:distance>
          <gpxdata:speed>0.934</gpxdata:speed>
        </extensions>
      </trkpt>
      <trkpt lat="46.8090470" lon="10.2375077">
        <ele>2168.4</ele>
        <time>2026-09-15T13:48:32Z</time>
        <extensions>
          <gpxdata:distance>10508.96</gpxdata:distance>
          <gpxdata:speed>0.911</gpxdata:speed>
        </extensions>
      </trkpt>
      <trkpt lat="46.8090740" lon="10.2375347">
        <ele>2168.8</ele>
        <time>2026-09-15T13:48:36Z</time>
        <extensions>
          <gpxdata:distance>10512.60</gpxdata:distance>
          <gpxdata:speed>0.934</gpxdata:speed>
        </extensions>
      </trkpt>
      <trkpt lat="46.8091000" lon="10.2375497">
        <ele>2168.2</ele>
        <time>2026-09-15T13:48:39Z</time>
        <extensions>
          <gpxdata:distance>10515.70</gpxdata:distance>
          <gpxdata:speed>0.948</gpxdata:speed>
        </extensions>
      </trkpt>
      <trkpt lat="46.8091170" lon="10.2375897">
        <ele>2167.5</ele>
        <time>2026-09-15T13:48:43Z</time>
        <extensions>
          <gpxdata:distance>10519.29</gpxdata:distance>
          <gpxdata:speed>0.943</gpxdata:speed>
        </extensions>
      </trkpt>
      <trkpt lat="46.8091340" lon="10.2376298">
        <ele>2166.6</ele>
        <time>2026-09-15T13:48:47Z</time>
        <extensions>
          <gpxdata:distance>10522.88</gpxdata:distance>
          <gpxdata:speed>0.919</gpxdata:speed>
        </extensions>
      </trkpt>
      <trkpt lat="46.8091510" lon="10.2376698">
        <ele>2166.4</ele>
        <time>2026-09-15T13:48:51Z</time>
        <extensions>
          <gpxdata:distance>10526.46</gpxdata:distance>
          <gpxdata:speed>0.913</gpxdata:speed>
        </extensions>
      </trkpt>
      <trkpt lat="46.8091780" lon="10.2376978">
        <ele>2166.5</ele>
        <time>2026-09-15T13:48:55Z</time>
        <extensions>
          <gpxdata:distance>10530.14</gpxdata:distance>
          <gpxdata:speed>0.917</gpxdata:speed>
        </extensions>
      </trkpt>
      <trkpt lat="46.8091950" lon="10.2377118">
        <ele>2167.0</ele>
        <time>2026-09-15T13:48:57Z</time>
        <extensions>
          <gpxdata:distance>10532.31</gpxdata:distance>
          <gpxdata:speed>0.924</gpxdata:speed>
        </extensions>
      </trkpt>
      <trkpt lat="46.8092210" lon="10.2377528">
        <ele>2167.0</ele>
        <time>2026-09-15T13:49:02Z</time>
        <extensions>
          <gpxdata:distance>10536.57</gpxdata:distance>
          <gpxdata:speed>0.951</gpxdata:speed>
        </extensions>
      </trkpt>
      <trkpt lat="46.8092920" lon="10.2378088">
        <ele>2168.2</ele>
        <time>2026-09-15T13:49:11Z</time>
        <extensions>
          <gpxdata:distance>10545.54</gpxdata:distance>
          <gpxdata:speed>1.005</gpxdata:speed>
        </extensions>
      </trkpt>
      <trkpt lat="46.8093460" lon="10.2378248">
        <ele>2168.8</ele>
        <time>2026-09-15T13:49:17Z</time>
        <extensions>
          <gpxdata:distance>10551.66</gpxdata:distance>
          <gpxdata:speed>1.012</gpxdata:speed>
        </extensions>
      </trkpt>
      <trkpt lat="46.8093990" lon="10.2378538">
        <ele>2169.3</ele>
        <time>2026-09-15T13:49:24Z</time>
        <extensions>
          <gpxdata:distance>10557.96</gpxdata:distance>
          <gpxdata:speed>0.946</gpxdata:speed>
        </extensions>
      </trkpt>
      <trkpt lat="46.8094260" lon="10.2378548">
        <ele>2169.5</ele>
        <time>2026-09-15T13:49:27Z</time>
        <extensions>
          <gpxdata:distance>10560.96</gpxdata:distance>
          <gpxdata:speed>0.891</gpxdata:speed>
        </extensions>
      </trkpt>
      <trkpt lat="46.8094790" lon="10.2379098">
        <ele>2169.7</ele>
        <time>2026-09-15T13:49:36Z</time>
        <extensions>
          <gpxdata:distance>10568.19</gpxdata:distance>
          <gpxdata:speed>0.837</gpxdata:speed>
        </extensions>
      </trkpt>
      <trkpt lat="46.8095130" lon="10.2379518">
        <ele>2170.0</ele>
        <time>2026-09-15T13:49:42Z</time>
        <extensions>
          <gpxdata:distance>10573.14</gpxdata:distance>
          <gpxdata:speed>0.814</gpxdata:speed>
        </extensions>
      </trkpt>
      <trkpt lat="46.8095310" lon="10.2379788">
        <ele>2169.3</ele>
        <time>2026-09-15T13:49:45Z</time>
        <extensions>
          <gpxdata:distance>10576.01</gpxdata:distance>
          <gpxdata:speed>0.856</gpxdata:speed>
        </extensions>
      </trkpt>
      <trkpt lat="46.8095480" lon="10.2380058">
        <ele>2168.9</ele>
        <time>2026-09-15T13:49:48Z</time>
        <extensions>
          <gpxdata:distance>10578.80</gpxdata:distance>
          <gpxdata:speed>0.909</gpxdata:speed>
        </extensions>
      </trkpt>
      <trkpt lat="46.8096440" lon="10.2381158">
        <ele>2166.5</ele>
        <time>2026-09-15T13:50:02Z</time>
        <extensions>
          <gpxdata:distance>10592.37</gpxdata:distance>
          <gpxdata:speed>1.001</gpxdata:speed>
        </extensions>
      </trkpt>
      <trkpt lat="46.8096430" lon="10.2381678">
        <ele>2166.4</ele>
        <time>2026-09-15T13:50:06Z</time>
        <extensions>
          <gpxdata:distance>10596.33</gpxdata:distance>
          <gpxdata:speed>0.967</gpxdata:speed>
        </extensions>
      </trkpt>
      <trkpt lat="46.8096410" lon="10.2382468">
        <ele>2168.0</ele>
        <time>2026-09-15T13:50:12Z</time>
        <extensions>
          <gpxdata:distance>10602.34</gpxdata:distance>
          <gpxdata:speed>0.992</gpxdata:speed>
        </extensions>
      </trkpt>
      <trkpt lat="46.8096670" lon="10.2382998">
        <ele>2169.1</ele>
        <time>2026-09-15T13:50:17Z</time>
        <extensions>
          <gpxdata:distance>10607.30</gpxdata:distance>
          <gpxdata:speed>1.007</gpxdata:speed>
        </extensions>
      </trkpt>
      <trkpt lat="46.8097020" lon="10.2383418">
        <ele>2170.3</ele>
        <time>2026-09-15T13:50:22Z</time>
        <extensions>
          <gpxdata:distance>10612.34</gpxdata:distance>
          <gpxdata:speed>0.973</gpxdata:speed>
        </extensions>
      </trkpt>
      <trkpt lat="46.8097090" lon="10.2384068">
        <ele>2171.3</ele>
        <time>2026-09-15T13:50:27Z</time>
        <extensions>
          <gpxdata:distance>10617.35</gpxdata:distance>
          <gpxdata:speed>0.930</gpxdata:speed>
        </extensions>
      </trkpt>
      <trkpt lat="46.8097080" lon="10.2384468">
        <ele>2171.6</ele>
        <time>2026-09-15T13:50:31Z</time>
        <extensions>
          <gpxdata:distance>10620.39</gpxdata:distance>
          <gpxdata:speed>0.926</gpxdata:speed>
        </extensions>
      </trkpt>
      <trkpt lat="46.8097250" lon="10.2384868">
        <ele>2172.0</ele>
        <time>2026-09-15T13:50:35Z</time>
        <extensions>
          <gpxdata:distance>10623.98</gpxdata:distance>
          <gpxdata:speed>0.869</gpxdata:speed>
        </extensions>
      </trkpt>
      <trkpt lat="46.8097330" lon="10.2385268">
        <ele>2172.1</ele>
        <time>2026-09-15T13:50:38Z</time>
        <extensions>
          <gpxdata:distance>10627.15</gpxdata:distance>
          <gpxdata:speed>0.843</gpxdata:speed>
        </extensions>
      </trkpt>
      <trkpt lat="46.8097320" lon="10.2385918">
        <ele>2172.5</ele>
        <time>2026-09-15T13:50:46Z</time>
        <extensions>
          <gpxdata:distance>10632.10</gpxdata:distance>
          <gpxdata:speed>0.631</gpxdata:speed>
        </extensions>
      </trkpt>
      <trkpt lat="46.8097130" lon="10.2386438">
        <ele>2171.7</ele>
        <time>2026-09-15T13:50:53Z</time>
        <extensions>
          <gpxdata:distance>10636.58</gpxdata:distance>
          <gpxdata:speed>0.676</gpxdata:speed>
        </extensions>
      </trkpt>
      <trkpt lat="46.8097190" lon="10.2387358">
        <ele>2170.8</ele>
        <time>2026-09-15T13:51:01Z</time>
        <extensions>
          <gpxdata:distance>10643.62</gpxdata:distance>
          <gpxdata:speed>0.839</gpxdata:speed>
        </extensions>
      </trkpt>
      <trkpt lat="46.8096810" lon="10.2388248">
        <ele>2169.9</ele>
        <time>2026-09-15T13:51:10Z</time>
        <extensions>
          <gpxdata:distance>10651.60</gpxdata:distance>
          <gpxdata:speed>0.967</gpxdata:speed>
        </extensions>
      </trkpt>
      <trkpt lat="46.8096590" lon="10.2390078">
        <ele>2169.9</ele>
        <time>2026-09-15T13:51:24Z</time>
        <extensions>
          <gpxdata:distance>10665.74</gpxdata:distance>
          <gpxdata:speed>1.003</gpxdata:speed>
        </extensions>
      </trkpt>
      <trkpt lat="46.8096590" lon="10.2390078">
        <ele>2169.9</ele>
        <time>2026-09-15T13:51:24Z</time>
        <extensions>
          <gpxdata:distance>10665.74</gpxdata:distance>
          <gpxdata:speed>0.000</gpxdata:speed>
        </extensions>
      </trkpt>
      <trkpt lat="46.8096460" lon="10.2391378">
        <ele>2169.6</ele>
        <time>2026-09-15T13:51:34Z</time>
        <extensions>
          <gpxdata:distance>10675.74</gpxdata:distance>
          <gpxdata:speed>0.966</gpxdata:speed>
        </extensions>
      </trkpt>
      <trkpt lat="46.8096460" lon="10.2391378">
        <ele>2169.6</ele>
        <time>2026-09-15T13:51:34Z</time>
        <extensions>
          <gpxdata:distance>10675.74</gpxdata:distance>
          <gpxdata:speed>0.000</gpxdata:speed>
        </extensions>
      </trkpt>
      <trkpt lat="46.8096280" lon="10.2391638">
        <ele>2169.1</ele>
        <time>2026-09-15T13:51:37Z</time>
        <extensions>
          <gpxdata:distance>10678.55</gpxdata:distance>
          <gpxdata:speed>0.939</gpxdata:speed>
        </extensions>
      </trkpt>
      <trkpt lat="46.8096180" lon="10.2391888">
        <ele>2168.8</ele>
        <time>2026-09-15T13:51:39Z</time>
        <extensions>
          <gpxdata:distance>10680.76</gpxdata:distance>
          <gpxdata:speed>0.920</gpxdata:speed>
        </extensions>
      </trkpt>
      <trkpt lat="46.8096260" lon="10.2392418">
        <ele>2168.6</ele>
        <time>2026-09-15T13:51:44Z</time>
        <extensions>
          <gpxdata:distance>10684.89</gpxdata:distance>
          <gpxdata:speed>0.933</gpxdata:speed>
        </extensions>
      </trkpt>
      <trkpt lat="46.8096250" lon="10.2392678">
        <ele>2168.5</ele>
        <time>2026-09-15T13:51:46Z</time>
        <extensions>
          <gpxdata:distance>10686.87</gpxdata:distance>
          <gpxdata:speed>0.945</gpxdata:speed>
        </extensions>
      </trkpt>
      <trkpt lat="46.8096330" lon="10.2393208">
        <ele>2168.5</ele>
        <time>2026-09-15T13:51:50Z</time>
        <extensions>
          <gpxdata:distance>10691.00</gpxdata:distance>
          <gpxdata:speed>0.967</gpxdata:speed>
        </extensions>
      </trkpt>
      <trkpt lat="46.8096320" lon="10.2393468">
        <ele>2168.4</ele>
        <time>2026-09-15T13:51:52Z</time>
        <extensions>
          <gpxdata:distance>10692.98</gpxdata:distance>
          <gpxdata:speed>0.943</gpxdata:speed>
        </extensions>
      </trkpt>
      <trkpt lat="46.8096230" lon="10.2393598">
        <ele>2168.3</ele>
        <time>2026-09-15T13:51:54Z</time>
        <extensions>
          <gpxdata:distance>10694.39</gpxdata:distance>
          <gpxdata:speed>0.942</gpxdata:speed>
        </extensions>
      </trkpt>
      <trkpt lat="46.8095950" lon="10.2393978">
        <ele>2167.8</ele>
        <time>2026-09-15T13:51:58Z</time>
        <extensions>
          <gpxdata:distance>10698.64</gpxdata:distance>
          <gpxdata:speed>0.917</gpxdata:speed>
        </extensions>
      </trkpt>
      <trkpt lat="46.8095770" lon="10.2394098">
        <ele>2167.3</ele>
        <time>2026-09-15T13:52:01Z</time>
        <extensions>
          <gpxdata:distance>10700.84</gpxdata:distance>
          <gpxdata:speed>0.903</gpxdata:speed>
        </extensions>
      </trkpt>
      <trkpt lat="46.8095590" lon="10.2393958">
        <ele>2166.7</ele>
        <time>2026-09-15T13:52:03Z</time>
        <extensions>
          <gpxdata:distance>10703.11</gpxdata:distance>
          <gpxdata:speed>0.897</gpxdata:speed>
        </extensions>
      </trkpt>
      <trkpt lat="46.8094770" lon="10.2394438">
        <ele>2164.9</ele>
        <time>2026-09-15T13:52:14Z</time>
        <extensions>
          <gpxdata:distance>10712.93</gpxdata:distance>
          <gpxdata:speed>0.914</gpxdata:speed>
        </extensions>
      </trkpt>
      <trkpt lat="46.8094410" lon="10.2394418">
        <ele>2164.0</ele>
        <time>2026-09-15T13:52:18Z</time>
        <extensions>
          <gpxdata:distance>10716.93</gpxdata:distance>
          <gpxdata:speed>0.934</gpxdata:speed>
        </extensions>
      </trkpt>
      <trkpt lat="46.8094220" lon="10.2394678">
        <ele>2163.6</ele>
        <time>2026-09-15T13:52:22Z</time>
        <extensions>
          <gpxdata:distance>10719.83</gpxdata:distance>
          <gpxdata:speed>0.939</gpxdata:speed>
        </extensions>
      </trkpt>
      <trkpt lat="46.8093850" lon="10.2395048">
        <ele>2162.7</ele>
        <time>2026-09-15T13:52:27Z</time>
        <extensions>
          <gpxdata:distance>10724.81</gpxdata:distance>
          <gpxdata:speed>0.911</gpxdata:speed>
        </extensions>
      </trkpt>
      <trkpt lat="46.8093490" lon="10.2395288">
        <ele>2162.0</ele>
        <time>2026-09-15T13:52:32Z</time>
        <extensions>
          <gpxdata:distance>10729.21</gpxdata:distance>
          <gpxdata:speed>0.904</gpxdata:speed>
        </extensions>
      </trkpt>
      <trkpt lat="46.8093010" lon="10.2396448">
        <ele>2161.8</ele>
        <time>2026-09-15T13:52:43Z</time>
        <extensions>
          <gpxdata:distance>10739.53</gpxdata:distance>
          <gpxdata:speed>0.935</gpxdata:speed>
        </extensions>
      </trkpt>
      <trkpt lat="46.8092910" lon="10.2396838">
        <ele>2162.0</ele>
        <time>2026-09-15T13:52:46Z</time>
        <extensions>
          <gpxdata:distance>10742.70</gpxdata:distance>
          <gpxdata:speed>0.923</gpxdata:speed>
        </extensions>
      </trkpt>
      <trkpt lat="46.8092890" lon="10.2397488">
        <ele>2162.0</ele>
        <time>2026-09-15T13:52:52Z</time>
        <extensions>
          <gpxdata:distance>10747.65</gpxdata:distance>
          <gpxdata:speed>0.906</gpxdata:speed>
        </extensions>
      </trkpt>
      <trkpt lat="46.8092970" lon="10.2398018">
        <ele>2162.3</ele>
        <time>2026-09-15T13:52:56Z</time>
        <extensions>
          <gpxdata:distance>10751.78</gpxdata:distance>
          <gpxdata:speed>0.905</gpxdata:speed>
        </extensions>
      </trkpt>
      <trkpt lat="46.8092870" lon="10.2398668">
        <ele>2162.3</ele>
        <time>2026-09-15T13:53:02Z</time>
        <extensions>
          <gpxdata:distance>10756.85</gpxdata:distance>
          <gpxdata:speed>0.938</gpxdata:speed>
        </extensions>
      </trkpt>
      <trkpt lat="46.8092860" lon="10.2398928">
        <ele>2162.4</ele>
        <time>2026-09-15T13:53:04Z</time>
        <extensions>
          <gpxdata:distance>10758.83</gpxdata:distance>
          <gpxdata:speed>0.963</gpxdata:speed>
        </extensions>
      </trkpt>
      <trkpt lat="46.8093020" lon="10.2399728">
        <ele>2163.3</ele>
        <time>2026-09-15T13:53:10Z</time>
        <extensions>
          <gpxdata:distance>10765.18</gpxdata:distance>
          <gpxdata:speed>1.004</gpxdata:speed>
        </extensions>
      </trkpt>
      <trkpt lat="46.8092920" lon="10.2399978">
        <ele>2163.5</ele>
        <time>2026-09-15T13:53:12Z</time>
        <extensions>
          <gpxdata:distance>10767.38</gpxdata:distance>
          <gpxdata:speed>0.965</gpxdata:speed>
        </extensions>
      </trkpt>
      <trkpt lat="46.8092820" lon="10.2400628">
        <ele>2163.9</ele>
        <time>2026-09-15T13:53:18Z</time>
        <extensions>
          <gpxdata:distance>10772.45</gpxdata:distance>
          <gpxdata:speed>0.901</gpxdata:speed>
        </extensions>
      </trkpt>
      <trkpt lat="46.8092800" lon="10.2401418">
        <ele>2164.5</ele>
        <time>2026-09-15T13:53:25Z</time>
        <extensions>
          <gpxdata:distance>10778.47</gpxdata:distance>
          <gpxdata:speed>0.835</gpxdata:speed>
        </extensions>
      </trkpt>
      <trkpt lat="46.8092950" lon="10.2402738">
        <ele>2165.8</ele>
        <time>2026-09-15T13:53:38Z</time>
        <extensions>
          <gpxdata:distance>10788.65</gpxdata:distance>
          <gpxdata:speed>0.799</gpxdata:speed>
        </extensions>
      </trkpt>
      <trkpt lat="46.8093010" lon="10.2403658">
        <ele>2166.6</ele>
        <time>2026-09-15T13:53:47Z</time>
        <extensions>
          <gpxdata:distance>10795.68</gpxdata:distance>
          <gpxdata:speed>0.765</gpxdata:speed>
        </extensions>
      </trkpt>
      <trkpt lat="46.8093090" lon="10.2404188">
        <ele>2167.0</ele>
        <time>2026-09-15T13:53:53Z</time>
        <extensions>
          <gpxdata:distance>10799.82</gpxdata:distance>
          <gpxdata:speed>0.759</gpxdata:speed>
        </extensions>
      </trkpt>
      <trkpt lat="46.8093080" lon="10.2404448">
        <ele>2167.3</ele>
        <time>2026-09-15T13:53:55Z</time>
        <extensions>
          <gpxdata:distance>10801.80</gpxdata:distance>
          <gpxdata:speed>0.726</gpxdata:speed>
        </extensions>
      </trkpt>
      <trkpt lat="46.8093160" lon="10.2404978">
        <ele>2167.4</ele>
        <time>2026-09-15T13:54:01Z</time>
        <extensions>
          <gpxdata:distance>10805.93</gpxdata:distance>
          <gpxdata:speed>0.739</gpxdata:speed>
        </extensions>
      </trkpt>
      <trkpt lat="46.8093330" lon="10.2405378">
        <ele>2167.4</ele>
        <time>2026-09-15T13:54:06Z</time>
        <extensions>
          <gpxdata:distance>10809.51</gpxdata:distance>
          <gpxdata:speed>0.774</gpxdata:speed>
        </extensions>
      </trkpt>
      <trkpt lat="46.8093310" lon="10.2406298">
        <ele>2167.8</ele>
        <time>2026-09-15T13:54:15Z</time>
        <extensions>
          <gpxdata:distance>10816.52</gpxdata:distance>
          <gpxdata:speed>0.787</gpxdata:speed>
        </extensions>
      </trkpt>
      <trkpt lat="46.8093480" lon="10.2406698">
        <ele>2168.2</ele>
        <time>2026-09-15T13:54:19Z</time>
        <extensions>
          <gpxdata:distance>10820.10</gpxdata:distance>
          <gpxdata:speed>0.780</gpxdata:speed>
        </extensions>
      </trkpt>
      <trkpt lat="46.8093650" lon="10.2407228">
        <ele>2168.5</ele>
        <time>2026-09-15T13:54:25Z</time>
        <extensions>
          <gpxdata:distance>10824.55</gpxdata:distance>
          <gpxdata:speed>0.789</gpxdata:speed>
        </extensions>
      </trkpt>
      <trkpt lat="46.8093640" lon="10.2407488">
        <ele>2168.7</ele>
        <time>2026-09-15T13:54:27Z</time>
        <extensions>
          <gpxdata:distance>10826.54</gpxdata:distance>
          <gpxdata:speed>0.816</gpxdata:speed>
        </extensions>
      </trkpt>
      <trkpt lat="46.8093620" lon="10.2408148">
        <ele>2169.1</ele>
        <time>2026-09-15T13:54:33Z</time>
        <extensions>
          <gpxdata:distance>10831.56</gpxdata:distance>
          <gpxdata:speed>0.834</gpxdata:speed>
        </extensions>
      </trkpt>
      <trkpt lat="46.8093690" lon="10.2408938">
        <ele>2169.4</ele>
        <time>2026-09-15T13:54:40Z</time>
        <extensions>
          <gpxdata:distance>10837.63</gpxdata:distance>
          <gpxdata:speed>0.850</gpxdata:speed>
        </extensions>
      </trkpt>
      <trkpt lat="46.8093590" lon="10.2409588">
        <ele>2169.1</ele>
        <time>2026-09-15T13:54:46Z</time>
        <extensions>
          <gpxdata:distance>10842.70</gpxdata:distance>
          <gpxdata:speed>0.901</gpxdata:speed>
        </extensions>
      </trkpt>
      <trkpt lat="46.8093570" lon="10.2410108">
        <ele>2168.8</ele>
        <time>2026-09-15T13:54:50Z</time>
        <extensions>
          <gpxdata:distance>10846.66</gpxdata:distance>
          <gpxdata:speed>0.925</gpxdata:speed>
        </extensions>
      </trkpt>
      <trkpt lat="46.8093200" lon="10.2410618">
        <ele>2168.2</ele>
        <time>2026-09-15T13:54:56Z</time>
        <extensions>
          <gpxdata:distance>10852.32</gpxdata:distance>
          <gpxdata:speed>0.965</gpxdata:speed>
        </extensions>
      </trkpt>
      <trkpt lat="46.8093010" lon="10.2410998">
        <ele>2167.9</ele>
        <time>2026-09-15T13:55:00Z</time>
        <extensions>
          <gpxdata:distance>10855.90</gpxdata:distance>
          <gpxdata:speed>1.006</gpxdata:speed>
        </extensions>
      </trkpt>
      <trkpt lat="46.8093000" lon="10.2411388">
        <ele>2167.3</ele>
        <time>2026-09-15T13:55:03Z</time>
        <extensions>
          <gpxdata:distance>10858.87</gpxdata:distance>
          <gpxdata:speed>0.983</gpxdata:speed>
        </extensions>
      </trkpt>
      <trkpt lat="46.8092990" lon="10.2411918">
        <ele>2166.1</ele>
        <time>2026-09-15T13:55:07Z</time>
        <extensions>
          <gpxdata:distance>10862.90</gpxdata:distance>
          <gpxdata:speed>0.935</gpxdata:speed>
        </extensions>
      </trkpt>
      <trkpt lat="46.8092800" lon="10.2412428">
        <ele>2165.0</ele>
        <time>2026-09-15T13:55:12Z</time>
        <extensions>
          <gpxdata:distance>10867.32</gpxdata:distance>
          <gpxdata:speed>0.904</gpxdata:speed>
        </extensions>
      </trkpt>
      <trkpt lat="46.8092680" lon="10.2413468">
        <ele>2163.9</ele>
        <time>2026-09-15T13:55:21Z</time>
        <extensions>
          <gpxdata:distance>10875.35</gpxdata:distance>
          <gpxdata:speed>0.912</gpxdata:speed>
        </extensions>
      </trkpt>
      <trkpt lat="46.8092850" lon="10.2414008">
        <ele>2163.7</ele>
        <time>2026-09-15T13:55:26Z</time>
        <extensions>
          <gpxdata:distance>10879.87</gpxdata:distance>
          <gpxdata:speed>0.926</gpxdata:speed>
        </extensions>
      </trkpt>
      <trkpt lat="46.8092650" lon="10.2414648">
        <ele>2162.8</ele>
        <time>2026-09-15T13:55:31Z</time>
        <extensions>
          <gpxdata:distance>10885.23</gpxdata:distance>
          <gpxdata:speed>0.938</gpxdata:speed>
        </extensions>
      </trkpt>
      <trkpt lat="46.8092270" lon="10.2415418">
        <ele>2162.1</ele>
        <time>2026-09-15T13:55:39Z</time>
        <extensions>
          <gpxdata:distance>10892.45</gpxdata:distance>
          <gpxdata:speed>0.937</gpxdata:speed>
        </extensions>
      </trkpt>
      <trkpt lat="46.8092340" lon="10.2416208">
        <ele>2161.7</ele>
        <time>2026-09-15T13:55:46Z</time>
        <extensions>
          <gpxdata:distance>10898.51</gpxdata:distance>
          <gpxdata:speed>0.932</gpxdata:speed>
        </extensions>
      </trkpt>
      <trkpt lat="46.8092230" lon="10.2417118">
        <ele>2160.7</ele>
        <time>2026-09-15T13:55:53Z</time>
        <extensions>
          <gpxdata:distance>10905.55</gpxdata:distance>
          <gpxdata:speed>0.936</gpxdata:speed>
        </extensions>
      </trkpt>
      <trkpt lat="46.8092490" lon="10.2417788">
        <ele>2160.5</ele>
        <time>2026-09-15T13:55:59Z</time>
        <extensions>
          <gpxdata:distance>10911.41</gpxdata:distance>
          <gpxdata:speed>0.921</gpxdata:speed>
        </extensions>
      </trkpt>
      <trkpt lat="46.8092470" lon="10.2418308">
        <ele>2160.8</ele>
        <time>2026-09-15T13:56:04Z</time>
        <extensions>
          <gpxdata:distance>10915.37</gpxdata:distance>
          <gpxdata:speed>0.895</gpxdata:speed>
        </extensions>
      </trkpt>
      <trkpt lat="46.8092190" lon="10.2418688">
        <ele>2161.2</ele>
        <time>2026-09-15T13:56:08Z</time>
        <extensions>
          <gpxdata:distance>10919.62</gpxdata:distance>
          <gpxdata:speed>0.924</gpxdata:speed>
        </extensions>
      </trkpt>
      <trkpt lat="46.8091810" lon="10.2419718">
        <ele>2161.9</ele>
        <time>2026-09-15T13:56:18Z</time>
        <extensions>
          <gpxdata:distance>10928.53</gpxdata:distance>
          <gpxdata:speed>0.964</gpxdata:speed>
        </extensions>
      </trkpt>
      <trkpt lat="46.8091600" lon="10.2420888">
        <ele>2161.6</ele>
        <time>2026-09-15T13:56:27Z</time>
        <extensions>
          <gpxdata:distance>10937.73</gpxdata:distance>
          <gpxdata:speed>0.966</gpxdata:speed>
        </extensions>
      </trkpt>
      <trkpt lat="46.8091120" lon="10.2422178">
        <ele>2160.8</ele>
        <time>2026-09-15T13:56:39Z</time>
        <extensions>
          <gpxdata:distance>10948.91</gpxdata:distance>
          <gpxdata:speed>0.972</gpxdata:speed>
        </extensions>
      </trkpt>
      <trkpt lat="46.8090290" lon="10.2422788">
        <ele>2160.0</ele>
        <time>2026-09-15T13:56:49Z</time>
        <extensions>
          <gpxdata:distance>10959.24</gpxdata:distance>
          <gpxdata:speed>0.972</gpxdata:speed>
        </extensions>
      </trkpt>
      <trkpt lat="46.8089750" lon="10.2423018">
        <ele>2159.0</ele>
        <time>2026-09-15T13:56:56Z</time>
        <extensions>
          <gpxdata:distance>10965.49</gpxdata:distance>
          <gpxdata:speed>0.961</gpxdata:speed>
        </extensions>
      </trkpt>
      <trkpt lat="46.8089460" lon="10.2423528">
        <ele>2158.6</ele>
        <time>2026-09-15T13:57:01Z</time>
        <extensions>
          <gpxdata:distance>10970.54</gpxdata:distance>
          <gpxdata:speed>0.971</gpxdata:speed>
        </extensions>
      </trkpt>
      <trkpt lat="46.8089280" lon="10.2423518">
        <ele>2158.0</ele>
        <time>2026-09-15T13:57:03Z</time>
        <extensions>
          <gpxdata:distance>10972.54</gpxdata:distance>
          <gpxdata:speed>0.960</gpxdata:speed>
        </extensions>
      </trkpt>
      <trkpt lat="46.8089100" lon="10.2423908">
        <ele>2157.6</ele>
        <time>2026-09-15T13:57:07Z</time>
        <extensions>
          <gpxdata:distance>10976.12</gpxdata:distance>
          <gpxdata:speed>0.945</gpxdata:speed>
        </extensions>
      </trkpt>
      <trkpt lat="46.8088730" lon="10.2424018">
        <ele>2156.6</ele>
        <time>2026-09-15T13:57:11Z</time>
        <extensions>
          <gpxdata:distance>10980.32</gpxdata:distance>
          <gpxdata:speed>0.920</gpxdata:speed>
        </extensions>
      </trkpt>
      <trkpt lat="46.8088540" lon="10.2424398">
        <ele>2156.0</ele>
        <time>2026-09-15T13:57:15Z</time>
        <extensions>
          <gpxdata:distance>10983.90</gpxdata:distance>
          <gpxdata:speed>0.900</gpxdata:speed>
        </extensions>
      </trkpt>
      <trkpt lat="46.8088000" lon="10.2424368">
        <ele>2155.0</ele>
        <time>2026-09-15T13:57:22Z</time>
        <extensions>
          <gpxdata:distance>10989.91</gpxdata:distance>
          <gpxdata:speed>0.919</gpxdata:speed>
        </extensions>
      </trkpt>
      <trkpt lat="46.8087370" lon="10.2424338">
        <ele>2153.6</ele>
        <time>2026-09-15T13:57:29Z</time>
        <extensions>
          <gpxdata:distance>10996.92</gpxdata:distance>
          <gpxdata:speed>0.940</gpxdata:speed>
        </extensions>
      </trkpt>
      <trkpt lat="46.8086920" lon="10.2424448">
        <ele>2152.9</ele>
        <time>2026-09-15T13:57:35Z</time>
        <extensions>
          <gpxdata:distance>11001.99</gpxdata:distance>
          <gpxdata:speed>0.918</gpxdata:speed>
        </extensions>
      </trkpt>
      <trkpt lat="46.8086470" lon="10.2424418">
        <ele>2152.5</ele>
        <time>2026-09-15T13:57:40Z</time>
        <extensions>
          <gpxdata:distance>11007.00</gpxdata:distance>
          <gpxdata:speed>0.931</gpxdata:speed>
        </extensions>
      </trkpt>
      <trkpt lat="46.8085740" lon="10.2424778">
        <ele>2152.5</ele>
        <time>2026-09-15T13:57:50Z</time>
        <extensions>
          <gpxdata:distance>11015.57</gpxdata:distance>
          <gpxdata:speed>0.927</gpxdata:speed>
        </extensions>
      </trkpt>
      <trkpt lat="46.8085021" lon="10.2424868">
        <ele>2151.0</ele>
        <time>2026-09-15T13:57:58Z</time>
        <extensions>
          <gpxdata:distance>11023.59</gpxdata:distance>
          <gpxdata:speed>0.928</gpxdata:speed>
        </extensions>
      </trkpt>
      <trkpt lat="46.8084391" lon="10.2425098">
        <ele>2150.8</ele>
        <time>2026-09-15T13:58:06Z</time>
        <extensions>
          <gpxdata:distance>11030.81</gpxdata:distance>
          <gpxdata:speed>0.917</gpxdata:speed>
        </extensions>
      </trkpt>
      <trkpt lat="46.8084031" lon="10.2425078">
        <ele>2149.9</ele>
        <time>2026-09-15T13:58:11Z</time>
        <extensions>
          <gpxdata:distance>11034.82</gpxdata:distance>
          <gpxdata:speed>0.915</gpxdata:speed>
        </extensions>
      </trkpt>
      <trkpt lat="46.8083661" lon="10.2425198">
        <ele>2149.6</ele>
        <time>2026-09-15T13:58:15Z</time>
        <extensions>
          <gpxdata:distance>11039.03</gpxdata:distance>
          <gpxdata:speed>0.909</gpxdata:speed>
        </extensions>
      </trkpt>
      <trkpt lat="46.8083661" lon="10.2425198">
        <ele>2149.6</ele>
        <time>2026-09-15T13:58:15Z</time>
        <extensions>
          <gpxdata:distance>11039.03</gpxdata:distance>
          <gpxdata:speed>0.000</gpxdata:speed>
        </extensions>
      </trkpt>
      <trkpt lat="46.8083481" lon="10.2425188">
        <ele>2149.4</ele>
        <time>2026-09-15T13:58:17Z</time>
        <extensions>
          <gpxdata:distance>11041.04</gpxdata:distance>
          <gpxdata:speed>0.900</gpxdata:speed>
        </extensions>
      </trkpt>
      <trkpt lat="46.8083391" lon="10.2425178">
        <ele>2149.2</ele>
        <time>2026-09-15T13:58:18Z</time>
        <extensions>
          <gpxdata:distance>11042.04</gpxdata:distance>
          <gpxdata:speed>0.903</gpxdata:speed>
        </extensions>
      </trkpt>
      <trkpt lat="46.8083131" lon="10.2425038">
        <ele>2148.5</ele>
        <time>2026-09-15T13:58:22Z</time>
        <extensions>
          <gpxdata:distance>11045.12</gpxdata:distance>
          <gpxdata:speed>0.899</gpxdata:speed>
        </extensions>
      </trkpt>
      <trkpt lat="46.8082691" lon="10.2424618">
        <ele>2147.4</ele>
        <time>2026-09-15T13:58:28Z</time>
        <extensions>
          <gpxdata:distance>11050.97</gpxdata:distance>
          <gpxdata:speed>0.935</gpxdata:speed>
        </extensions>
      </trkpt>
      <trkpt lat="46.8082421" lon="10.2424608">
        <ele>2146.9</ele>
        <time>2026-09-15T13:58:31Z</time>
        <extensions>
          <gpxdata:distance>11053.97</gpxdata:distance>
          <gpxdata:speed>0.926</gpxdata:speed>
        </extensions>
      </trkpt>
      <trkpt lat="46.8082151" lon="10.2424458">
        <ele>2146.5</ele>
        <time>2026-09-15T13:58:35Z</time>
        <extensions>
          <gpxdata:distance>11057.18</gpxdata:distance>
          <gpxdata:speed>0.922</gpxdata:speed>
        </extensions>
      </trkpt>
      <trkpt lat="46.8081881" lon="10.2424318">
        <ele>2146.1</ele>
        <time>2026-09-15T13:58:38Z</time>
        <extensions>
          <gpxdata:distance>11060.37</gpxdata:distance>
          <gpxdata:speed>0.939</gpxdata:speed>
        </extensions>
      </trkpt>
      <trkpt lat="46.8081531" lon="10.2424168">
        <ele>2145.3</ele>
        <time>2026-09-15T13:58:43Z</time>
        <extensions>
          <gpxdata:distance>11064.42</gpxdata:distance>
          <gpxdata:speed>0.914</gpxdata:speed>
        </extensions>
      </trkpt>
      <trkpt lat="46.8081351" lon="10.2424288">
        <ele>2145.0</ele>
        <time>2026-09-15T13:58:45Z</time>
        <extensions>
          <gpxdata:distance>11066.62</gpxdata:distance>
          <gpxdata:speed>0.917</gpxdata:speed>
        </extensions>
      </trkpt>
      <trkpt lat="46.8080811" lon="10.2424128">
        <ele>2144.2</ele>
        <time>2026-09-15T13:58:52Z</time>
        <extensions>
          <gpxdata:distance>11072.75</gpxdata:distance>
          <gpxdata:speed>0.921</gpxdata:speed>
        </extensions>
      </trkpt>
      <trkpt lat="46.8080541" lon="10.2424248">
        <ele>2143.8</ele>
        <time>2026-09-15T13:58:55Z</time>
        <extensions>
          <gpxdata:distance>11075.89</gpxdata:distance>
          <gpxdata:speed>0.927</gpxdata:speed>
        </extensions>
      </trkpt>
      <trkpt lat="46.8079901" lon="10.2424608">
        <ele>2142.5</ele>
        <time>2026-09-15T13:59:03Z</time>
        <extensions>
          <gpxdata:distance>11083.51</gpxdata:distance>
          <gpxdata:speed>0.932</gpxdata:speed>
        </extensions>
      </trkpt>
      <trkpt lat="46.8079621" lon="10.2424718">
        <ele>2141.6</ele>
        <time>2026-09-15T13:59:07Z</time>
        <extensions>
          <gpxdata:distance>11086.74</gpxdata:distance>
          <gpxdata:speed>0.924</gpxdata:speed>
        </extensions>
      </trkpt>
      <trkpt lat="46.8079361" lon="10.2424578">
        <ele>2140.5</ele>
        <time>2026-09-15T13:59:10Z</time>
        <extensions>
          <gpxdata:distance>11089.82</gpxdata:distance>
          <gpxdata:speed>0.901</gpxdata:speed>
        </extensions>
      </trkpt>
      <trkpt lat="46.8078991" lon="10.2424688">
        <ele>2139.1</ele>
        <time>2026-09-15T13:59:15Z</time>
        <extensions>
          <gpxdata:distance>11094.02</gpxdata:distance>
          <gpxdata:speed>0.872</gpxdata:speed>
        </extensions>
      </trkpt>
      <trkpt lat="46.8078371" lon="10.2424658">
        <ele>2137.7</ele>
        <time>2026-09-15T13:59:23Z</time>
        <extensions>
          <gpxdata:distance>11100.91</gpxdata:distance>
          <gpxdata:speed>0.872</gpxdata:speed>
        </extensions>
      </trkpt>
      <trkpt lat="46.8078371" lon="10.2424658">
        <ele>2137.7</ele>
        <time>2026-09-15T13:59:23Z</time>
        <extensions>
          <gpxdata:distance>11100.91</gpxdata:distance>
          <gpxdata:speed>0.000</gpxdata:speed>
        </extensions>
      </trkpt>
      <trkpt lat="46.8078091" lon="10.2425038">
        <ele>2137.6</ele>
        <time>2026-09-15T13:59:28Z</time>
        <extensions>
          <gpxdata:distance>11105.16</gpxdata:distance>
          <gpxdata:speed>0.883</gpxdata:speed>
        </extensions>
      </trkpt>
      <trkpt lat="46.8076981" lon="10.2426028">
        <ele>2136.7</ele>
        <time>2026-09-15T13:59:43Z</time>
        <extensions>
          <gpxdata:distance>11119.62</gpxdata:distance>
          <gpxdata:speed>0.926</gpxdata:speed>
        </extensions>
      </trkpt>
      <trkpt lat="46.8076431" lon="10.2426518">
        <ele>2136.3</ele>
        <time>2026-09-15T13:59:51Z</time>
        <extensions>
          <gpxdata:distance>11126.79</gpxdata:distance>
          <gpxdata:speed>0.938</gpxdata:speed>
        </extensions>
      </trkpt>
      <trkpt lat="46.8075961" lon="10.2427288">
        <ele>2135.7</ele>
        <time>2026-09-15T14:00:00Z</time>
        <extensions>
          <gpxdata:distance>11134.64</gpxdata:distance>
          <gpxdata:speed>0.925</gpxdata:speed>
        </extensions>
      </trkpt>
      <trkpt lat="46.8075671" lon="10.2428188">
        <ele>2135.2</ele>
        <time>2026-09-15T14:00:08Z</time>
        <extensions>
          <gpxdata:distance>11142.21</gpxdata:distance>
          <gpxdata:speed>0.908</gpxdata:speed>
        </extensions>
      </trkpt>
      <trkpt lat="46.8075391" lon="10.2428568">
        <ele>2134.9</ele>
        <time>2026-09-15T14:00:13Z</time>
        <extensions>
          <gpxdata:distance>11146.46</gpxdata:distance>
          <gpxdata:speed>0.896</gpxdata:speed>
        </extensions>
      </trkpt>
      <trkpt lat="46.8075031" lon="10.2428678">
        <ele>2134.4</ele>
        <time>2026-09-15T14:00:17Z</time>
        <extensions>
          <gpxdata:distance>11150.55</gpxdata:distance>
          <gpxdata:speed>0.912</gpxdata:speed>
        </extensions>
      </trkpt>
      <trkpt lat="46.8074671" lon="10.2428528">
        <ele>2133.9</ele>
        <time>2026-09-15T14:00:22Z</time>
        <extensions>
          <gpxdata:distance>11154.71</gpxdata:distance>
          <gpxdata:speed>0.926</gpxdata:speed>
        </extensions>
      </trkpt>
      <trkpt lat="46.8074231" lon="10.2427978">
        <ele>2133.0</ele>
        <time>2026-09-15T14:00:29Z</time>
        <extensions>
          <gpxdata:distance>11161.15</gpxdata:distance>
          <gpxdata:speed>0.918</gpxdata:speed>
        </extensions>
      </trkpt>
      <trkpt lat="46.8074231" lon="10.2427978">
        <ele>2133.0</ele>
        <time>2026-09-15T14:00:29Z</time>
        <extensions>
          <gpxdata:distance>11161.15</gpxdata:distance>
          <gpxdata:speed>0.000</gpxdata:speed>
        </extensions>
      </trkpt>
      <trkpt lat="46.8074031" lon="10.2428758">
        <ele>2133.4</ele>
        <time>2026-09-15T14:00:35Z</time>
        <extensions>
          <gpxdata:distance>11167.49</gpxdata:distance>
          <gpxdata:speed>0.928</gpxdata:speed>
        </extensions>
      </trkpt>
      <trkpt lat="46.8073921" lon="10.2429668">
        <ele>2133.9</ele>
        <time>2026-09-15T14:00:43Z</time>
        <extensions>
          <gpxdata:distance>11174.52</gpxdata:distance>
          <gpxdata:speed>0.948</gpxdata:speed>
        </extensions>
      </trkpt>
      <trkpt lat="46.8073891" lon="10.2430848">
        <ele>2134.9</ele>
        <time>2026-09-15T14:00:52Z</time>
        <extensions>
          <gpxdata:distance>11183.51</gpxdata:distance>
          <gpxdata:speed>0.991</gpxdata:speed>
        </extensions>
      </trkpt>
      <trkpt lat="46.8074031" lon="10.2432428">
        <ele>2136.1</ele>
        <time>2026-09-15T14:01:04Z</time>
        <extensions>
          <gpxdata:distance>11195.64</gpxdata:distance>
          <gpxdata:speed>0.970</gpxdata:speed>
        </extensions>
      </trkpt>
      <trkpt lat="46.8074131" lon="10.2435968">
        <ele>2139.2</ele>
        <time>2026-09-15T14:01:35Z</time>
        <extensions>
          <gpxdata:distance>11222.60</gpxdata:distance>
          <gpxdata:speed>0.868</gpxdata:speed>
        </extensions>
      </trkpt>
      <trkpt lat="46.8074191" lon="10.2437158">
        <ele>2140.1</ele>
        <time>2026-09-15T14:01:46Z</time>
        <extensions>
          <gpxdata:distance>11231.68</gpxdata:distance>
          <gpxdata:speed>0.832</gpxdata:speed>
        </extensions>
      </trkpt>
      <trkpt lat="46.8074351" lon="10.2438078">
        <ele>2140.8</ele>
        <time>2026-09-15T14:01:55Z</time>
        <extensions>
          <gpxdata:distance>11238.91</gpxdata:distance>
          <gpxdata:speed>0.801</gpxdata:speed>
        </extensions>
      </trkpt>
      <trkpt lat="46.8074501" lon="10.2439138">
        <ele>2141.6</ele>
        <time>2026-09-15T14:02:06Z</time>
        <extensions>
          <gpxdata:distance>11247.14</gpxdata:distance>
          <gpxdata:speed>0.754</gpxdata:speed>
        </extensions>
      </trkpt>
      <trkpt lat="46.8074481" lon="10.2439918">
        <ele>2142.2</ele>
        <time>2026-09-15T14:02:14Z</time>
        <extensions>
          <gpxdata:distance>11253.08</gpxdata:distance>
          <gpxdata:speed>0.754</gpxdata:speed>
        </extensions>
      </trkpt>
      <trkpt lat="46.8074411" lon="10.2442808">
        <ele>2144.7</ele>
        <time>2026-09-15T14:02:44Z</time>
        <extensions>
          <gpxdata:distance>11275.09</gpxdata:distance>
          <gpxdata:speed>0.741</gpxdata:speed>
        </extensions>
      </trkpt>
      <trkpt lat="46.8074471" lon="10.2443988">
        <ele>2145.6</ele>
        <time>2026-09-15T14:02:56Z</time>
        <extensions>
          <gpxdata:distance>11284.10</gpxdata:distance>
          <gpxdata:speed>0.737</gpxdata:speed>
        </extensions>
      </trkpt>
      <trkpt lat="46.8074471" lon="10.2443988">
        <ele>2145.6</ele>
        <time>2026-09-15T14:02:56Z</time>
        <extensions>
          <gpxdata:distance>11284.10</gpxdata:distance>
          <gpxdata:speed>0.000</gpxdata:speed>
        </extensions>
      </trkpt>
      <trkpt lat="46.8074191" lon="10.2444238">
        <ele>2145.3</ele>
        <time>2026-09-15T14:03:01Z</time>
        <extensions>
          <gpxdata:distance>11287.75</gpxdata:distance>
          <gpxdata:speed>0.754</gpxdata:speed>
        </extensions>
      </trkpt>
      <trkpt lat="46.8073911" lon="10.2445008">
        <ele>2144.2</ele>
        <time>2026-09-15T14:03:09Z</time>
        <extensions>
          <gpxdata:distance>11294.38</gpxdata:distance>
          <gpxdata:speed>0.834</gpxdata:speed>
        </extensions>
      </trkpt>
      <trkpt lat="46.8073701" lon="10.2445908">
        <ele>2144.0</ele>
        <time>2026-09-15T14:03:17Z</time>
        <extensions>
          <gpxdata:distance>11301.62</gpxdata:distance>
          <gpxdata:speed>0.870</gpxdata:speed>
        </extensions>
      </trkpt>
      <trkpt lat="46.8073601" lon="10.2446559">
        <ele>2143.4</ele>
        <time>2026-09-15T14:03:23Z</time>
        <extensions>
          <gpxdata:distance>11306.70</gpxdata:distance>
          <gpxdata:speed>0.915</gpxdata:speed>
        </extensions>
      </trkpt>
      <trkpt lat="46.8073481" lon="10.2447739">
        <ele>2141.3</ele>
        <time>2026-09-15T14:03:32Z</time>
        <extensions>
          <gpxdata:distance>11315.78</gpxdata:distance>
          <gpxdata:speed>1.007</gpxdata:speed>
        </extensions>
      </trkpt>
      <trkpt lat="46.8073551" lon="10.2448659">
        <ele>2140.0</ele>
        <time>2026-09-15T14:03:39Z</time>
        <extensions>
          <gpxdata:distance>11322.82</gpxdata:distance>
          <gpxdata:speed>0.972</gpxdata:speed>
        </extensions>
      </trkpt>
      <trkpt lat="46.8073451" lon="10.2449049">
        <ele>2139.8</ele>
        <time>2026-09-15T14:03:43Z</time>
        <extensions>
          <gpxdata:distance>11325.99</gpxdata:distance>
          <gpxdata:speed>0.898</gpxdata:speed>
        </extensions>
      </trkpt>
      <trkpt lat="46.8073341" lon="10.2449699">
        <ele>2137.8</ele>
        <time>2026-09-15T14:03:48Z</time>
        <extensions>
          <gpxdata:distance>11331.09</gpxdata:distance>
          <gpxdata:speed>0.918</gpxdata:speed>
        </extensions>
      </trkpt>
      <trkpt lat="46.8073161" lon="10.2449689">
        <ele>2137.2</ele>
        <time>2026-09-15T14:03:50Z</time>
        <extensions>
          <gpxdata:distance>11333.09</gpxdata:distance>
          <gpxdata:speed>0.911</gpxdata:speed>
        </extensions>
      </trkpt>
      <trkpt lat="46.8073081" lon="10.2449419">
        <ele>2137.1</ele>
        <time>2026-09-15T14:03:53Z</time>
        <extensions>
          <gpxdata:distance>11335.33</gpxdata:distance>
          <gpxdata:speed>0.910</gpxdata:speed>
        </extensions>
      </trkpt>
      <trkpt lat="46.8072991" lon="10.2449149">
        <ele>2136.9</ele>
        <time>2026-09-15T14:03:55Z</time>
        <extensions>
          <gpxdata:distance>11337.62</gpxdata:distance>
          <gpxdata:speed>0.914</gpxdata:speed>
        </extensions>
      </trkpt>
      <trkpt lat="46.8072901" lon="10.2449149">
        <ele>2136.5</ele>
        <time>2026-09-15T14:03:56Z</time>
        <extensions>
          <gpxdata:distance>11338.62</gpxdata:distance>
          <gpxdata:speed>0.872</gpxdata:speed>
        </extensions>
      </trkpt>
      <trkpt lat="46.8072901" lon="10.2449409">
        <ele>2136.0</ele>
        <time>2026-09-15T14:03:59Z</time>
        <extensions>
          <gpxdata:distance>11340.60</gpxdata:distance>
          <gpxdata:speed>0.872</gpxdata:speed>
        </extensions>
      </trkpt>
      <trkpt lat="46.8072971" lon="10.2450199">
        <ele>2135.2</ele>
        <time>2026-09-15T14:04:06Z</time>
        <extensions>
          <gpxdata:distance>11346.66</gpxdata:distance>
          <gpxdata:speed>0.875</gpxdata:speed>
        </extensions>
      </trkpt>
      <trkpt lat="46.8072861" lon="10.2450849">
        <ele>2133.8</ele>
        <time>2026-09-15T14:04:11Z</time>
        <extensions>
          <gpxdata:distance>11351.75</gpxdata:distance>
          <gpxdata:speed>0.872</gpxdata:speed>
        </extensions>
      </trkpt>
      <trkpt lat="46.8072761" lon="10.2451239">
        <ele>2133.1</ele>
        <time>2026-09-15T14:04:15Z</time>
        <extensions>
          <gpxdata:distance>11354.92</gpxdata:distance>
          <gpxdata:speed>0.872</gpxdata:speed>
        </extensions>
      </trkpt>
      <trkpt lat="46.8072671" lon="10.2451369">
        <ele>2132.5</ele>
        <time>2026-09-15T14:04:17Z</time>
        <extensions>
          <gpxdata:distance>11356.33</gpxdata:distance>
          <gpxdata:speed>0.872</gpxdata:speed>
        </extensions>
      </trkpt>
      <trkpt lat="46.8072491" lon="10.2451229">
        <ele>2131.8</ele>
        <time>2026-09-15T14:04:19Z</time>
        <extensions>
          <gpxdata:distance>11358.60</gpxdata:distance>
          <gpxdata:speed>0.872</gpxdata:speed>
        </extensions>
      </trkpt>
      <trkpt lat="46.8072241" lon="10.2450689">
        <ele>2131.2</ele>
        <time>2026-09-15T14:04:25Z</time>
        <extensions>
          <gpxdata:distance>11363.56</gpxdata:distance>
          <gpxdata:speed>0.872</gpxdata:speed>
        </extensions>
      </trkpt>
      <trkpt lat="46.8072071" lon="10.2450019">
        <ele>2129.9</ele>
        <time>2026-09-15T14:04:31Z</time>
        <extensions>
          <gpxdata:distance>11369.00</gpxdata:distance>
          <gpxdata:speed>0.872</gpxdata:speed>
        </extensions>
      </trkpt>
      <trkpt lat="46.8071831" lon="10.2448829">
        <ele>2127.9</ele>
        <time>2026-09-15T14:04:42Z</time>
        <extensions>
          <gpxdata:distance>11378.44</gpxdata:distance>
          <gpxdata:speed>0.872</gpxdata:speed>
        </extensions>
      </trkpt>
      <trkpt lat="46.8071481" lon="10.2448289">
        <ele>2126.6</ele>
        <time>2026-09-15T14:04:49Z</time>
        <extensions>
          <gpxdata:distance>11384.10</gpxdata:distance>
          <gpxdata:speed>0.872</gpxdata:speed>
        </extensions>
      </trkpt>
      <trkpt lat="46.8071411" lon="10.2447759">
        <ele>2125.9</ele>
        <time>2026-09-15T14:04:53Z</time>
        <extensions>
          <gpxdata:distance>11388.21</gpxdata:distance>
          <gpxdata:speed>0.872</gpxdata:speed>
        </extensions>
      </trkpt>
      <trkpt lat="46.8071231" lon="10.2447489">
        <ele>2125.1</ele>
        <time>2026-09-15T14:04:57Z</time>
        <extensions>
          <gpxdata:distance>11391.08</gpxdata:distance>
          <gpxdata:speed>0.872</gpxdata:speed>
        </extensions>
      </trkpt>
      <trkpt lat="46.8070971" lon="10.2447348">
        <ele>2124.2</ele>
        <time>2026-09-15T14:05:00Z</time>
        <extensions>
          <gpxdata:distance>11394.16</gpxdata:distance>
          <gpxdata:speed>0.872</gpxdata:speed>
        </extensions>
      </trkpt>
      <trkpt lat="46.8070801" lon="10.2446938">
        <ele>2123.1</ele>
        <time>2026-09-15T14:05:04Z</time>
        <extensions>
          <gpxdata:distance>11397.81</gpxdata:distance>
          <gpxdata:speed>0.872</gpxdata:speed>
        </extensions>
      </trkpt>
      <trkpt lat="46.8070541" lon="10.2446538">
        <ele>2121.9</ele>
        <time>2026-09-15T14:05:09Z</time>
        <extensions>
          <gpxdata:distance>11402.01</gpxdata:distance>
          <gpxdata:speed>0.872</gpxdata:speed>
        </extensions>
      </trkpt>
      <trkpt lat="46.8070371" lon="10.2446128">
        <ele>2121.1</ele>
        <time>2026-09-15T14:05:13Z</time>
        <extensions>
          <gpxdata:distance>11405.66</gpxdata:distance>
          <gpxdata:speed>0.872</gpxdata:speed>
        </extensions>
      </trkpt>
      <trkpt lat="46.8070111" lon="10.2445728">
        <ele>2120.0</ele>
        <time>2026-09-15T14:05:18Z</time>
        <extensions>
          <gpxdata:distance>11409.85</gpxdata:distance>
          <gpxdata:speed>0.872</gpxdata:speed>
        </extensions>
      </trkpt>
      <trkpt lat="46.8069671" lon="10.2445048">
        <ele>2117.3</ele>
        <time>2026-09-15T14:05:26Z</time>
        <extensions>
          <gpxdata:distance>11416.98</gpxdata:distance>
          <gpxdata:speed>0.872</gpxdata:speed>
        </extensions>
      </trkpt>
      <trkpt lat="46.8069501" lon="10.2444648">
        <ele>2116.8</ele>
        <time>2026-09-15T14:05:30Z</time>
        <extensions>
          <gpxdata:distance>11420.56</gpxdata:distance>
          <gpxdata:speed>0.872</gpxdata:speed>
        </extensions>
      </trkpt>
      <trkpt lat="46.8069511" lon="10.2444248">
        <ele>2116.8</ele>
        <time>2026-09-15T14:05:34Z</time>
        <extensions>
          <gpxdata:distance>11423.61</gpxdata:distance>
          <gpxdata:speed>0.872</gpxdata:speed>
        </extensions>
      </trkpt>
      <trkpt lat="46.8069531" lon="10.2443468">
        <ele>2115.8</ele>
        <time>2026-09-15T14:05:41Z</time>
        <extensions>
          <gpxdata:distance>11429.55</gpxdata:distance>
          <gpxdata:speed>0.872</gpxdata:speed>
        </extensions>
      </trkpt>
      <trkpt lat="46.8069551" lon="10.2442678">
        <ele>2116.3</ele>
        <time>2026-09-15T14:05:48Z</time>
        <extensions>
          <gpxdata:distance>11435.56</gpxdata:distance>
          <gpxdata:speed>0.884</gpxdata:speed>
        </extensions>
      </trkpt>
      <trkpt lat="46.8069391" lon="10.2441758">
        <ele>2114.2</ele>
        <time>2026-09-15T14:05:56Z</time>
        <extensions>
          <gpxdata:distance>11442.79</gpxdata:distance>
          <gpxdata:speed>0.875</gpxdata:speed>
        </extensions>
      </trkpt>
      <trkpt lat="46.8069141" lon="10.2441088">
        <ele>2111.9</ele>
        <time>2026-09-15T14:06:02Z</time>
        <extensions>
          <gpxdata:distance>11448.60</gpxdata:distance>
          <gpxdata:speed>0.872</gpxdata:speed>
        </extensions>
      </trkpt>
      <trkpt lat="46.8068971" lon="10.2440558">
        <ele>2111.4</ele>
        <time>2026-09-15T14:06:08Z</time>
        <extensions>
          <gpxdata:distance>11453.05</gpxdata:distance>
          <gpxdata:speed>0.872</gpxdata:speed>
        </extensions>
      </trkpt>
      <trkpt lat="46.8068551" lon="10.2439348">
        <ele>2111.2</ele>
        <time>2026-09-15T14:06:19Z</time>
        <extensions>
          <gpxdata:distance>11463.38</gpxdata:distance>
          <gpxdata:speed>0.920</gpxdata:speed>
        </extensions>
      </trkpt>
      <trkpt lat="46.8068201" lon="10.2439068">
        <ele>2109.4</ele>
        <time>2026-09-15T14:06:24Z</time>
        <extensions>
          <gpxdata:distance>11467.81</gpxdata:distance>
          <gpxdata:speed>0.933</gpxdata:speed>
        </extensions>
      </trkpt>
      <trkpt lat="46.8068021" lon="10.2438928">
        <ele>2108.5</ele>
        <time>2026-09-15T14:06:26Z</time>
        <extensions>
          <gpxdata:distance>11470.08</gpxdata:distance>
          <gpxdata:speed>0.916</gpxdata:speed>
        </extensions>
      </trkpt>
      <trkpt lat="46.8068021" lon="10.2439188">
        <ele>2107.9</ele>
        <time>2026-09-15T14:06:28Z</time>
        <extensions>
          <gpxdata:distance>11472.06</gpxdata:distance>
          <gpxdata:speed>0.894</gpxdata:speed>
        </extensions>
      </trkpt>
      <trkpt lat="46.8068001" lon="10.2439718">
        <ele>2107.5</ele>
        <time>2026-09-15T14:06:33Z</time>
        <extensions>
          <gpxdata:distance>11476.10</gpxdata:distance>
          <gpxdata:speed>0.901</gpxdata:speed>
        </extensions>
      </trkpt>
      <trkpt lat="46.8067991" lon="10.2440238">
        <ele>2107.1</ele>
        <time>2026-09-15T14:06:37Z</time>
        <extensions>
          <gpxdata:distance>11480.06</gpxdata:distance>
          <gpxdata:speed>0.872</gpxdata:speed>
        </extensions>
      </trkpt>
      <trkpt lat="46.8067801" lon="10.2440628">
        <ele>2105.9</ele>
        <time>2026-09-15T14:06:41Z</time>
        <extensions>
          <gpxdata:distance>11483.70</gpxdata:distance>
          <gpxdata:speed>0.872</gpxdata:speed>
        </extensions>
      </trkpt>
      <trkpt lat="46.8067701" lon="10.2441278">
        <ele>2104.6</ele>
        <time>2026-09-15T14:06:47Z</time>
        <extensions>
          <gpxdata:distance>11488.77</gpxdata:distance>
          <gpxdata:speed>0.897</gpxdata:speed>
        </extensions>
      </trkpt>
      <trkpt lat="46.8067671" lon="10.2442188">
        <ele>2103.4</ele>
        <time>2026-09-15T14:06:55Z</time>
        <extensions>
          <gpxdata:distance>11495.71</gpxdata:distance>
          <gpxdata:speed>0.889</gpxdata:speed>
        </extensions>
      </trkpt>
      <trkpt lat="46.8067551" lon="10.2443498">
        <ele>2101.7</ele>
        <time>2026-09-15T14:07:06Z</time>
        <extensions>
          <gpxdata:distance>11505.77</gpxdata:distance>
          <gpxdata:speed>0.872</gpxdata:speed>
        </extensions>
      </trkpt>
      <trkpt lat="46.8067341" lon="10.2444668">
        <ele>2099.5</ele>
        <time>2026-09-15T14:07:17Z</time>
        <extensions>
          <gpxdata:distance>11514.97</gpxdata:distance>
          <gpxdata:speed>0.872</gpxdata:speed>
        </extensions>
      </trkpt>
      <trkpt lat="46.8067191" lon="10.2447148">
        <ele>2094.8</ele>
        <time>2026-09-15T14:07:39Z</time>
        <extensions>
          <gpxdata:distance>11533.92</gpxdata:distance>
          <gpxdata:speed>0.872</gpxdata:speed>
        </extensions>
      </trkpt>
      <trkpt lat="46.8066981" lon="10.2448448">
        <ele>2093.5</ele>
        <time>2026-09-15T14:07:50Z</time>
        <extensions>
          <gpxdata:distance>11544.09</gpxdata:distance>
          <gpxdata:speed>0.872</gpxdata:speed>
        </extensions>
      </trkpt>
      <trkpt lat="46.8066781" lon="10.2449088">
        <ele>2092.9</ele>
        <time>2026-09-15T14:07:56Z</time>
        <extensions>
          <gpxdata:distance>11549.44</gpxdata:distance>
          <gpxdata:speed>0.873</gpxdata:speed>
        </extensions>
      </trkpt>
      <trkpt lat="46.8066861" lon="10.2449618">
        <ele>2093.0</ele>
        <time>2026-09-15T14:08:01Z</time>
        <extensions>
          <gpxdata:distance>11553.57</gpxdata:distance>
          <gpxdata:speed>0.883</gpxdata:speed>
        </extensions>
      </trkpt>
      <trkpt lat="46.8067021" lon="10.2450419">
        <ele>2092.6</ele>
        <time>2026-09-15T14:08:08Z</time>
        <extensions>
          <gpxdata:distance>11559.92</gpxdata:distance>
          <gpxdata:speed>0.907</gpxdata:speed>
        </extensions>
      </trkpt>
      <trkpt lat="46.8067081" lon="10.2451729">
        <ele>2093.0</ele>
        <time>2026-09-15T14:08:19Z</time>
        <extensions>
          <gpxdata:distance>11569.91</gpxdata:distance>
          <gpxdata:speed>0.934</gpxdata:speed>
        </extensions>
      </trkpt>
      <trkpt lat="46.8067501" lon="10.2452799">
        <ele>2092.6</ele>
        <time>2026-09-15T14:08:29Z</time>
        <extensions>
          <gpxdata:distance>11579.30</gpxdata:distance>
          <gpxdata:speed>0.921</gpxdata:speed>
        </extensions>
      </trkpt>
      <trkpt lat="46.8067581" lon="10.2453459">
        <ele>2090.9</ele>
        <time>2026-09-15T14:08:35Z</time>
        <extensions>
          <gpxdata:distance>11584.40</gpxdata:distance>
          <gpxdata:speed>0.929</gpxdata:speed>
        </extensions>
      </trkpt>
      <trkpt lat="46.8067661" lon="10.2453859">
        <ele>2090.5</ele>
        <time>2026-09-15T14:08:38Z</time>
        <extensions>
          <gpxdata:distance>11587.58</gpxdata:distance>
          <gpxdata:speed>0.916</gpxdata:speed>
        </extensions>
      </trkpt>
      <trkpt lat="46.8067061" lon="10.2456059">
        <ele>2089.2</ele>
        <time>2026-09-15T14:08:58Z</time>
        <extensions>
          <gpxdata:distance>11605.60</gpxdata:distance>
          <gpxdata:speed>0.918</gpxdata:speed>
        </extensions>
      </trkpt>
      <trkpt lat="46.8066941" lon="10.2457489">
        <ele>2088.2</ele>
        <time>2026-09-15T14:09:10Z</time>
        <extensions>
          <gpxdata:distance>11616.56</gpxdata:distance>
          <gpxdata:speed>0.923</gpxdata:speed>
        </extensions>
      </trkpt>
      <trkpt lat="46.8067001" lon="10.2458539">
        <ele>2088.0</ele>
        <time>2026-09-15T14:09:18Z</time>
        <extensions>
          <gpxdata:distance>11624.58</gpxdata:distance>
          <gpxdata:speed>0.932</gpxdata:speed>
        </extensions>
      </trkpt>
      <trkpt lat="46.8067241" lon="10.2459739">
        <ele>2088.4</ele>
        <time>2026-09-15T14:09:28Z</time>
        <extensions>
          <gpxdata:distance>11634.10</gpxdata:distance>
          <gpxdata:speed>0.940</gpxdata:speed>
        </extensions>
      </trkpt>
      <trkpt lat="46.8067401" lon="10.2460789">
        <ele>2088.1</ele>
        <time>2026-09-15T14:09:37Z</time>
        <extensions>
          <gpxdata:distance>11642.29</gpxdata:distance>
          <gpxdata:speed>0.943</gpxdata:speed>
        </extensions>
      </trkpt>
      <trkpt lat="46.8067371" lon="10.2461709">
        <ele>2087.8</ele>
        <time>2026-09-15T14:09:44Z</time>
        <extensions>
          <gpxdata:distance>11649.30</gpxdata:distance>
          <gpxdata:speed>0.931</gpxdata:speed>
        </extensions>
      </trkpt>
      <trkpt lat="46.8067251" lon="10.2463139">
        <ele>2086.0</ele>
        <time>2026-09-15T14:09:56Z</time>
        <extensions>
          <gpxdata:distance>11660.26</gpxdata:distance>
          <gpxdata:speed>0.914</gpxdata:speed>
        </extensions>
      </trkpt>
      <trkpt lat="46.8067151" lon="10.2463659">
        <ele>2085.7</ele>
        <time>2026-09-15T14:10:01Z</time>
        <extensions>
          <gpxdata:distance>11664.37</gpxdata:distance>
          <gpxdata:speed>0.932</gpxdata:speed>
        </extensions>
      </trkpt>
      <trkpt lat="46.8067041" lon="10.2464439">
        <ele>2085.3</ele>
        <time>2026-09-15T14:10:07Z</time>
        <extensions>
          <gpxdata:distance>11670.43</gpxdata:distance>
          <gpxdata:speed>0.934</gpxdata:speed>
        </extensions>
      </trkpt>
      <trkpt lat="46.8067011" lon="10.2465489">
        <ele>2085.6</ele>
        <time>2026-09-15T14:10:16Z</time>
        <extensions>
          <gpxdata:distance>11678.43</gpxdata:distance>
          <gpxdata:speed>0.949</gpxdata:speed>
        </extensions>
      </trkpt>
      <trkpt lat="46.8066901" lon="10.2466529">
        <ele>2084.8</ele>
        <time>2026-09-15T14:10:24Z</time>
        <extensions>
          <gpxdata:distance>11686.44</gpxdata:distance>
          <gpxdata:speed>0.950</gpxdata:speed>
        </extensions>
      </trkpt>
      <trkpt lat="46.8066421" lon="10.2467559">
        <ele>2082.5</ele>
        <time>2026-09-15T14:10:35Z</time>
        <extensions>
          <gpxdata:distance>11695.92</gpxdata:distance>
          <gpxdata:speed>0.919</gpxdata:speed>
        </extensions>
      </trkpt>
      <trkpt lat="46.8066121" lon="10.2468589">
        <ele>2079.6</ele>
        <time>2026-09-15T14:10:44Z</time>
        <extensions>
          <gpxdata:distance>11704.44</gpxdata:distance>
          <gpxdata:speed>0.917</gpxdata:speed>
        </extensions>
      </trkpt>
      <trkpt lat="46.8066031" lon="10.2468979">
        <ele>2079.5</ele>
        <time>2026-09-15T14:10:47Z</time>
        <extensions>
          <gpxdata:distance>11707.58</gpxdata:distance>
          <gpxdata:speed>0.923</gpxdata:speed>
        </extensions>
      </trkpt>
      <trkpt lat="46.8065831" lon="10.2469629">
        <ele>2078.7</ele>
        <time>2026-09-15T14:10:53Z</time>
        <extensions>
          <gpxdata:distance>11713.00</gpxdata:distance>
          <gpxdata:speed>0.934</gpxdata:speed>
        </extensions>
      </trkpt>
      <trkpt lat="46.8065821" lon="10.2470019">
        <ele>2078.1</ele>
        <time>2026-09-15T14:10:56Z</time>
        <extensions>
          <gpxdata:distance>11715.97</gpxdata:distance>
          <gpxdata:speed>0.933</gpxdata:speed>
        </extensions>
      </trkpt>
      <trkpt lat="46.8065541" lon="10.2470529">
        <ele>2077.1</ele>
        <time>2026-09-15T14:11:02Z</time>
        <extensions>
          <gpxdata:distance>11720.95</gpxdata:distance>
          <gpxdata:speed>0.937</gpxdata:speed>
        </extensions>
      </trkpt>
      <trkpt lat="46.8065261" lon="10.2470909">
        <ele>2077.0</ele>
        <time>2026-09-15T14:11:06Z</time>
        <extensions>
          <gpxdata:distance>11725.20</gpxdata:distance>
          <gpxdata:speed>0.938</gpxdata:speed>
        </extensions>
      </trkpt>
      <trkpt lat="46.8064891" lon="10.2471279">
        <ele>2076.3</ele>
        <time>2026-09-15T14:11:12Z</time>
        <extensions>
          <gpxdata:distance>11730.18</gpxdata:distance>
          <gpxdata:speed>0.900</gpxdata:speed>
        </extensions>
      </trkpt>
      <trkpt lat="46.8064531" lon="10.2471389">
        <ele>2076.3</ele>
        <time>2026-09-15T14:11:16Z</time>
        <extensions>
          <gpxdata:distance>11734.27</gpxdata:distance>
          <gpxdata:speed>0.902</gpxdata:speed>
        </extensions>
      </trkpt>
      <trkpt lat="46.8064081" lon="10.2471369">
        <ele>2075.0</ele>
        <time>2026-09-15T14:11:22Z</time>
        <extensions>
          <gpxdata:distance>11739.28</gpxdata:distance>
          <gpxdata:speed>0.909</gpxdata:speed>
        </extensions>
      </trkpt>
      <trkpt lat="46.8063621" lon="10.2471479">
        <ele>2074.4</ele>
        <time>2026-09-15T14:11:27Z</time>
        <extensions>
          <gpxdata:distance>11744.46</gpxdata:distance>
          <gpxdata:speed>0.922</gpxdata:speed>
        </extensions>
      </trkpt>
      <trkpt lat="46.8063261" lon="10.2471719">
        <ele>2073.2</ele>
        <time>2026-09-15T14:11:32Z</time>
        <extensions>
          <gpxdata:distance>11748.86</gpxdata:distance>
          <gpxdata:speed>0.937</gpxdata:speed>
        </extensions>
      </trkpt>
      <trkpt lat="46.8062881" lon="10.2472219">
        <ele>2073.1</ele>
        <time>2026-09-15T14:11:38Z</time>
        <extensions>
          <gpxdata:distance>11754.55</gpxdata:distance>
          <gpxdata:speed>0.926</gpxdata:speed>
        </extensions>
      </trkpt>
      <trkpt lat="46.8062511" lon="10.2472859">
        <ele>2072.1</ele>
        <time>2026-09-15T14:11:45Z</time>
        <extensions>
          <gpxdata:distance>11760.92</gpxdata:distance>
          <gpxdata:speed>0.925</gpxdata:speed>
        </extensions>
      </trkpt>
      <trkpt lat="46.8062231" lon="10.2473369">
        <ele>2071.0</ele>
        <time>2026-09-15T14:11:50Z</time>
        <extensions>
          <gpxdata:distance>11765.90</gpxdata:distance>
          <gpxdata:speed>0.927</gpxdata:speed>
        </extensions>
      </trkpt>
      <trkpt lat="46.8061861" lon="10.2473739">
        <ele>2069.8</ele>
        <time>2026-09-15T14:11:56Z</time>
        <extensions>
          <gpxdata:distance>11770.88</gpxdata:distance>
          <gpxdata:speed>0.930</gpxdata:speed>
        </extensions>
      </trkpt>
      <trkpt lat="46.8061401" lon="10.2474109">
        <ele>2068.1</ele>
        <time>2026-09-15T14:12:02Z</time>
        <extensions>
          <gpxdata:distance>11776.72</gpxdata:distance>
          <gpxdata:speed>0.904</gpxdata:speed>
        </extensions>
      </trkpt>
      <trkpt lat="46.8060941" lon="10.2474609">
        <ele>2065.5</ele>
        <time>2026-09-15T14:12:09Z</time>
        <extensions>
          <gpxdata:distance>11783.10</gpxdata:distance>
          <gpxdata:speed>0.872</gpxdata:speed>
        </extensions>
      </trkpt>
      <trkpt lat="46.8060651" lon="10.2475249">
        <ele>2064.3</ele>
        <time>2026-09-15T14:12:16Z</time>
        <extensions>
          <gpxdata:distance>11788.94</gpxdata:distance>
          <gpxdata:speed>0.872</gpxdata:speed>
        </extensions>
      </trkpt>
      <trkpt lat="46.8060461" lon="10.2475639">
        <ele>2063.8</ele>
        <time>2026-09-15T14:12:20Z</time>
        <extensions>
          <gpxdata:distance>11792.58</gpxdata:distance>
          <gpxdata:speed>0.872</gpxdata:speed>
        </extensions>
      </trkpt>
      <trkpt lat="46.8060351" lon="10.2476549">
        <ele>2064.0</ele>
        <time>2026-09-15T14:12:28Z</time>
        <extensions>
          <gpxdata:distance>11799.62</gpxdata:distance>
          <gpxdata:speed>0.897</gpxdata:speed>
        </extensions>
      </trkpt>
      <trkpt lat="46.8060351" lon="10.2476549">
        <ele>2064.0</ele>
        <time>2026-09-15T14:12:28Z</time>
        <extensions>
          <gpxdata:distance>11799.62</gpxdata:distance>
          <gpxdata:speed>0.000</gpxdata:speed>
        </extensions>
      </trkpt>
      <trkpt lat="46.8060051" lon="10.2477839">
        <ele>2063.9</ele>
        <time>2026-09-15T14:12:40Z</time>
        <extensions>
          <gpxdata:distance>11809.99</gpxdata:distance>
          <gpxdata:speed>0.917</gpxdata:speed>
        </extensions>
      </trkpt>
      <trkpt lat="46.8059831" lon="10.2479279">
        <ele>2063.8</ele>
        <time>2026-09-15T14:12:52Z</time>
        <extensions>
          <gpxdata:distance>11821.22</gpxdata:distance>
          <gpxdata:speed>0.922</gpxdata:speed>
        </extensions>
      </trkpt>
      <trkpt lat="46.8059721" lon="10.2480319">
        <ele>2063.7</ele>
        <time>2026-09-15T14:13:01Z</time>
        <extensions>
          <gpxdata:distance>11829.22</gpxdata:distance>
          <gpxdata:speed>0.899</gpxdata:speed>
        </extensions>
      </trkpt>
      <trkpt lat="46.8059512" lon="10.2481489">
        <ele>2064.2</ele>
        <time>2026-09-15T14:13:10Z</time>
        <extensions>
          <gpxdata:distance>11838.43</gpxdata:distance>
          <gpxdata:speed>0.934</gpxdata:speed>
        </extensions>
      </trkpt>
      <trkpt lat="46.8059302" lon="10.2482659">
        <ele>2064.6</ele>
        <time>2026-09-15T14:13:20Z</time>
        <extensions>
          <gpxdata:distance>11847.63</gpxdata:distance>
          <gpxdata:speed>0.994</gpxdata:speed>
        </extensions>
      </trkpt>
      <trkpt lat="46.8059092" lon="10.2483689">
        <ele>2064.8</ele>
        <time>2026-09-15T14:13:28Z</time>
        <extensions>
          <gpxdata:distance>11855.81</gpxdata:distance>
          <gpxdata:speed>0.993</gpxdata:speed>
        </extensions>
      </trkpt>
      <trkpt lat="46.8059072" lon="10.2484739">
        <ele>2064.8</ele>
        <time>2026-09-15T14:13:36Z</time>
        <extensions>
          <gpxdata:distance>11863.81</gpxdata:distance>
          <gpxdata:speed>0.977</gpxdata:speed>
        </extensions>
      </trkpt>
      <trkpt lat="46.8059172" lon="10.2487759">
        <ele>2065.2</ele>
        <time>2026-09-15T14:14:00Z</time>
        <extensions>
          <gpxdata:distance>11886.82</gpxdata:distance>
          <gpxdata:speed>0.977</gpxdata:speed>
        </extensions>
      </trkpt>
      <trkpt lat="46.8059222" lon="10.2489469">
        <ele>2065.6</ele>
        <time>2026-09-15T14:14:13Z</time>
        <extensions>
          <gpxdata:distance>11899.85</gpxdata:distance>
          <gpxdata:speed>0.972</gpxdata:speed>
        </extensions>
      </trkpt>
      <trkpt lat="46.8059062" lon="10.2492209">
        <ele>2066.0</ele>
        <time>2026-09-15T14:14:35Z</time>
        <extensions>
          <gpxdata:distance>11920.78</gpxdata:distance>
          <gpxdata:speed>0.964</gpxdata:speed>
        </extensions>
      </trkpt>
      <trkpt lat="46.8058852" lon="10.2493509">
        <ele>2065.8</ele>
        <time>2026-09-15T14:14:45Z</time>
        <extensions>
          <gpxdata:distance>11930.94</gpxdata:distance>
          <gpxdata:speed>0.966</gpxdata:speed>
        </extensions>
      </trkpt>
      <trkpt lat="46.8058462" lon="10.2494929">
        <ele>2065.4</ele>
        <time>2026-09-15T14:14:57Z</time>
        <extensions>
          <gpxdata:distance>11942.59</gpxdata:distance>
          <gpxdata:speed>0.974</gpxdata:speed>
        </extensions>
      </trkpt>
      <trkpt lat="46.8057392" lon="10.2497889">
        <ele>2065.3</ele>
        <time>2026-09-15T14:15:23Z</time>
        <extensions>
          <gpxdata:distance>11968.07</gpxdata:distance>
          <gpxdata:speed>0.991</gpxdata:speed>
        </extensions>
      </trkpt>
      <trkpt lat="46.8056612" lon="10.2500339">
        <ele>2065.3</ele>
        <time>2026-09-15T14:15:44Z</time>
        <extensions>
          <gpxdata:distance>11988.63</gpxdata:distance>
          <gpxdata:speed>1.000</gpxdata:speed>
        </extensions>
      </trkpt>
    </trkseg>
  </trk>
</gpx>