<?xml version='1.0' encoding='utf-8'?>
<gpx xmlns="http://www.topografix.com/GPX/1/1" xmlns:gpxdata="http://www.cluetrust.com/XML/GPXDATA/1/0" version="1.1" creator="crawler">
  <wpt lat="46.8217725" lon="7.4511524">
    <ele>912.4</ele>
    <time>2026-09-15T10:17:04Z</time>
    <name>1 km</name>
  </wpt>
  <wpt lat="46.8247394" lon="7.4616234">
    <ele>959.7</ele>
    <time>2026-09-15T10:35:41Z</time>
    <name>2 km</name>
  </wpt>
  <wpt lat="46.8302343" lon="7.4694905">
    <ele>958.8</ele>
    <time>2026-09-15T10:53:51Z</time>
    <name>3 km</name>
  </wpt>
  <wpt lat="46.8368703" lon="7.4766247">
    <ele>943.7</ele>
    <time>2026-09-15T11:11:07Z</time>
    <name>4 km</name>
  </wpt>
  <wpt lat="46.8410713" lon="7.4748978">
    <ele>939.9</ele>
    <time>2026-09-15T11:28:39Z</time>
    <name>5 km</name>
  </wpt>
  <wpt lat="46.8479274" lon="7.4695531">
    <ele>940.2</ele>
    <time>2026-09-15T11:46:10Z</time>
    <name>6 km</name>
  </wpt>
  <wpt lat="46.8492843" lon="7.4764371">
    <ele>906.1</ele>
    <time>2026-09-15T12:04:54Z</time>
    <name>7 km</name>
  </wpt>
  <wpt lat="46.8535003" lon="7.4821571">
    <ele>798.5</ele>
    <time>2026-09-15T12:22:58Z</time>
    <name>8 km</name>
  </wpt>
  <wpt lat="46.8611823" lon="7.4829243">
    <ele>697.3</ele>
    <time>2026-09-15T12:41:13Z</time>
    <name>9 km</name>
  </wpt>
  <wpt lat="46.8606031" lon="7.4908832">
    <ele>543.9</ele>
    <time>2026-09-15T12:59:30Z</time>
    <name>10 km</name>
  </wpt>
  <wpt lat="46.8547441" lon="7.4974211">
    <ele>528.2</ele>
    <time>2026-09-15T13:16:14Z</time>
    <name>11 km</name>
  </wpt>
  <wpt lat="46.8574010" lon="7.5082813">
    <ele>616.2</ele>
    <time>2026-09-15T13:37:29Z</time>
    <name>12 km</name>
  </wpt>
  <wpt lat="46.8538239" lon="7.5166692">
    <ele>761.6</ele>
    <time>2026-09-15T14:01:51Z</time>
    <name>13 km</name>
  </wpt>
  <wpt lat="46.8549529" lon="7.5231872">
    <ele>803.2</ele>
    <time>2026-09-15T14:20:42Z</time>
    <name>14 km</name>
  </wpt>
  <wpt lat="46.8550627" lon="7.5318293">
    <ele>811.8</ele>
    <time>2026-09-15T14:42:50Z</time>
    <name>15 km</name>
  </wpt>
  <wpt lat="46.8605197" lon="7.5364415">
    <ele>760.6</ele>
    <time>2026-09-15T15:00:37Z</time>
    <name>16 km</name>
  </wpt>
  <wpt lat="46.8637057" lon="7.5439096">
    <ele>625.8</ele>
    <time>2026-09-15T15:18:51Z</time>
    <name>17 km</name>
  </wpt>
  <wpt lat="46.8668926" lon="7.5508808">
    <ele>523.1</ele>
    <time>2026-09-15T15:36:31Z</time>
    <name>18 km</name>
  </wpt>
  <wpt lat="46.8724306" lon="7.5542240">
    <ele>522.8</ele>
    <time>2026-09-15T15:53:33Z</time>
    <name>19 km</name>
  </wpt>
  <trk>
    <name>3.17r Rüeggisberg - Münsingen</name>
    <link href="https://schweizmobil.ch/fr/hiking-in-switzerland/route-3/stage-17" />
    <type>hiking</type>
    <trkseg>
      <trkpt lat="46.8213867" lon="7.4385454">
        <ele>928.4</ele>
        <time>2026-09-15T10:00:00Z</time>
        <extensions>
          <gpxdata:distance>0.00</gpxdata:distance>
          <gpxdata:speed>0.000</gpxdata:speed>
        </extensions>
      </trkpt>
      <trkpt lat="46.8214407" lon="7.4387424">
        <ele>928.8</ele>
        <time>2026-09-15T10:00:16Z</time>
        <extensions>
          <gpxdata:distance>16.15</gpxdata:distance>
          <gpxdata:speed>1.003</gpxdata:speed>
        </extensions>
      </trkpt>
      <trkpt lat="46.8215037" lon="7.4390564">
        <ele>929.2</ele>
        <time>2026-09-15T10:00:41Z</time>
        <extensions>
          <gpxdata:distance>41.04</gpxdata:distance>
          <gpxdata:speed>1.003</gpxdata:speed>
        </extensions>
      </trkpt>
      <trkpt lat="46.8215667" lon="7.4393844">
        <ele>929.6</ele>
        <time>2026-09-15T10:01:07Z</time>
        <extensions>
          <gpxdata:distance>66.97</gpxdata:distance>
          <gpxdata:speed>1.003</gpxdata:speed>
        </extensions>
      </trkpt>
      <trkpt lat="46.8215667" lon="7.4393844">
        <ele>929.6</ele>
        <time>2026-09-15T10:01:07Z</time>
        <extensions>
          <gpxdata:distance>66.97</gpxdata:distance>
          <gpxdata:speed>0.000</gpxdata:speed>
        </extensions>
      </trkpt>
      <trkpt lat="46.8216027" lon="7.4395674">
        <ele>929.8</ele>
        <time>2026-09-15T10:01:21Z</time>
        <extensions>
          <gpxdata:distance>81.45</gpxdata:distance>
          <gpxdata:speed>1.003</gpxdata:speed>
        </extensions>
      </trkpt>
      <trkpt lat="46.8216297" lon="7.4397374">
        <ele>929.6</ele>
        <time>2026-09-15T10:01:34Z</time>
        <extensions>
          <gpxdata:distance>94.73</gpxdata:distance>
          <gpxdata:speed>1.003</gpxdata:speed>
        </extensions>
      </trkpt>
      <trkpt lat="46.8216477" lon="7.4398954">
        <ele>929.6</ele>
        <time>2026-09-15T10:01:47Z</time>
        <extensions>
          <gpxdata:distance>106.92</gpxdata:distance>
          <gpxdata:speed>1.003</gpxdata:speed>
        </extensions>
      </trkpt>
      <trkpt lat="46.8216657" lon="7.4400914">
        <ele>929.2</ele>
        <time>2026-09-15T10:02:02Z</time>
        <extensions>
          <gpxdata:distance>121.97</gpxdata:distance>
          <gpxdata:speed>1.003</gpxdata:speed>
        </extensions>
      </trkpt>
      <trkpt lat="46.8216747" lon="7.4402224">
        <ele>928.9</ele>
        <time>2026-09-15T10:02:12Z</time>
        <extensions>
          <gpxdata:distance>131.98</gpxdata:distance>
          <gpxdata:speed>1.003</gpxdata:speed>
        </extensions>
      </trkpt>
      <trkpt lat="46.8216747" lon="7.4402224">
        <ele>928.9</ele>
        <time>2026-09-15T10:02:12Z</time>
        <extensions>
          <gpxdata:distance>131.98</gpxdata:distance>
          <gpxdata:speed>0.000</gpxdata:speed>
        </extensions>
      </trkpt>
      <trkpt lat="46.8216747" lon="7.4404064">
        <ele>928.4</ele>
        <time>2026-09-15T10:02:26Z</time>
        <extensions>
          <gpxdata:distance>145.98</gpxdata:distance>
          <gpxdata:speed>1.003</gpxdata:speed>
        </extensions>
      </trkpt>
      <trkpt lat="46.8216837" lon="7.4407334">
        <ele>928.0</ele>
        <time>2026-09-15T10:02:51Z</time>
        <extensions>
          <gpxdata:distance>170.89</gpxdata:distance>
          <gpxdata:speed>0.993</gpxdata:speed>
        </extensions>
      </trkpt>
      <trkpt lat="46.8216927" lon="7.4410224">
        <ele>927.8</ele>
        <time>2026-09-15T10:03:13Z</time>
        <extensions>
          <gpxdata:distance>192.90</gpxdata:distance>
          <gpxdata:speed>0.994</gpxdata:speed>
        </extensions>
      </trkpt>
      <trkpt lat="46.8216927" lon="7.4411794">
        <ele>927.7</ele>
        <time>2026-09-15T10:03:25Z</time>
        <extensions>
          <gpxdata:distance>204.84</gpxdata:distance>
          <gpxdata:speed>0.991</gpxdata:speed>
        </extensions>
      </trkpt>
      <trkpt lat="46.8216747" lon="7.4414674">
        <ele>927.9</ele>
        <time>2026-09-15T10:03:47Z</time>
        <extensions>
          <gpxdata:distance>226.85</gpxdata:distance>
          <gpxdata:speed>0.996</gpxdata:speed>
        </extensions>
      </trkpt>
      <trkpt lat="46.8216657" lon="7.4416254">
        <ele>927.8</ele>
        <time>2026-09-15T10:03:59Z</time>
        <extensions>
          <gpxdata:distance>238.91</gpxdata:distance>
          <gpxdata:speed>0.995</gpxdata:speed>
        </extensions>
      </trkpt>
      <trkpt lat="46.8216657" lon="7.4416254">
        <ele>927.8</ele>
        <time>2026-09-15T10:03:59Z</time>
        <extensions>
          <gpxdata:distance>238.91</gpxdata:distance>
          <gpxdata:speed>0.000</gpxdata:speed>
        </extensions>
      </trkpt>
      <trkpt lat="46.8216477" lon="7.4419524">
        <ele>927.7</ele>
        <time>2026-09-15T10:04:24Z</time>
        <extensions>
          <gpxdata:distance>263.87</gpxdata:distance>
          <gpxdata:speed>1.001</gpxdata:speed>
        </extensions>
      </trkpt>
      <trkpt lat="46.8216477" lon="7.4419524">
        <ele>927.7</ele>
        <time>2026-09-15T10:04:24Z</time>
        <extensions>
          <gpxdata:distance>263.87</gpxdata:distance>
          <gpxdata:speed>0.000</gpxdata:speed>
        </extensions>
      </trkpt>
      <trkpt lat="46.8216117" lon="7.4419654">
        <ele>927.6</ele>
        <time>2026-09-15T10:04:28Z</time>
        <extensions>
          <gpxdata:distance>268.00</gpxdata:distance>
          <gpxdata:speed>1.004</gpxdata:speed>
        </extensions>
      </trkpt>
      <trkpt lat="46.8215667" lon="7.4420184">
        <ele>927.0</ele>
        <time>2026-09-15T10:04:35Z</time>
        <extensions>
          <gpxdata:distance>274.42</gpxdata:distance>
          <gpxdata:speed>1.000</gpxdata:speed>
        </extensions>
      </trkpt>
      <trkpt lat="46.8214947" lon="7.4421884">
        <ele>926.4</ele>
        <time>2026-09-15T10:04:50Z</time>
        <extensions>
          <gpxdata:distance>289.63</gpxdata:distance>
          <gpxdata:speed>0.994</gpxdata:speed>
        </extensions>
      </trkpt>
      <trkpt lat="46.8213506" lon="7.4425034">
        <ele>925.0</ele>
        <time>2026-09-15T10:05:19Z</time>
        <extensions>
          <gpxdata:distance>318.46</gpxdata:distance>
          <gpxdata:speed>0.982</gpxdata:speed>
        </extensions>
      </trkpt>
      <trkpt lat="46.8210986" lon="7.4430664">
        <ele>922.7</ele>
        <time>2026-09-15T10:06:12Z</time>
        <extensions>
          <gpxdata:distance>369.65</gpxdata:distance>
          <gpxdata:speed>0.966</gpxdata:speed>
        </extensions>
      </trkpt>
      <trkpt lat="46.8209996" lon="7.4433024">
        <ele>921.7</ele>
        <time>2026-09-15T10:06:34Z</time>
        <extensions>
          <gpxdata:distance>390.72</gpxdata:distance>
          <gpxdata:speed>0.961</gpxdata:speed>
        </extensions>
      </trkpt>
      <trkpt lat="46.8209996" lon="7.4433024">
        <ele>921.7</ele>
        <time>2026-09-15T10:06:34Z</time>
        <extensions>
          <gpxdata:distance>390.72</gpxdata:distance>
          <gpxdata:speed>0.000</gpxdata:speed>
        </extensions>
      </trkpt>
      <trkpt lat="46.8209636" lon="7.4433944">
        <ele>921.4</ele>
        <time>2026-09-15T10:06:43Z</time>
        <extensions>
          <gpxdata:distance>398.78</gpxdata:distance>
          <gpxdata:speed>0.952</gpxdata:speed>
        </extensions>
      </trkpt>
      <trkpt lat="46.8209366" lon="7.4434724">
        <ele>921.1</ele>
        <time>2026-09-15T10:06:50Z</time>
        <extensions>
          <gpxdata:distance>405.43</gpxdata:distance>
          <gpxdata:speed>0.952</gpxdata:speed>
        </extensions>
      </trkpt>
      <trkpt lat="46.8209096" lon="7.4435774">
        <ele>920.6</ele>
        <time>2026-09-15T10:06:59Z</time>
        <extensions>
          <gpxdata:distance>413.96</gpxdata:distance>
          <gpxdata:speed>0.951</gpxdata:speed>
        </extensions>
      </trkpt>
      <trkpt lat="46.8209096" lon="7.4435774">
        <ele>920.6</ele>
        <time>2026-09-15T10:06:59Z</time>
        <extensions>
          <gpxdata:distance>413.96</gpxdata:distance>
          <gpxdata:speed>0.000</gpxdata:speed>
        </extensions>
      </trkpt>
      <trkpt lat="46.8208106" lon="7.4438524">
        <ele>919.6</ele>
        <time>2026-09-15T10:07:23Z</time>
        <extensions>
          <gpxdata:distance>437.61</gpxdata:distance>
          <gpxdata:speed>0.953</gpxdata:speed>
        </extensions>
      </trkpt>
      <trkpt lat="46.8207296" lon="7.4441414">
        <ele>918.0</ele>
        <time>2026-09-15T10:07:48Z</time>
        <extensions>
          <gpxdata:distance>461.37</gpxdata:distance>
          <gpxdata:speed>0.949</gpxdata:speed>
        </extensions>
      </trkpt>
      <trkpt lat="46.8207116" lon="7.4442324">
        <ele>917.6</ele>
        <time>2026-09-15T10:07:56Z</time>
        <extensions>
          <gpxdata:distance>468.58</gpxdata:distance>
          <gpxdata:speed>0.946</gpxdata:speed>
        </extensions>
      </trkpt>
      <trkpt lat="46.8206936" lon="7.4443374">
        <ele>917.3</ele>
        <time>2026-09-15T10:08:05Z</time>
        <extensions>
          <gpxdata:distance>476.81</gpxdata:distance>
          <gpxdata:speed>0.947</gpxdata:speed>
        </extensions>
      </trkpt>
      <trkpt lat="46.8206846" lon="7.4444294">
        <ele>916.6</ele>
        <time>2026-09-15T10:08:12Z</time>
        <extensions>
          <gpxdata:distance>483.89</gpxdata:distance>
          <gpxdata:speed>0.943</gpxdata:speed>
        </extensions>
      </trkpt>
      <trkpt lat="46.8206936" lon="7.4445474">
        <ele>916.4</ele>
        <time>2026-09-15T10:08:22Z</time>
        <extensions>
          <gpxdata:distance>492.92</gpxdata:distance>
          <gpxdata:speed>0.945</gpxdata:speed>
        </extensions>
      </trkpt>
      <trkpt lat="46.8207116" lon="7.4447564">
        <ele>915.8</ele>
        <time>2026-09-15T10:08:39Z</time>
        <extensions>
          <gpxdata:distance>508.95</gpxdata:distance>
          <gpxdata:speed>0.947</gpxdata:speed>
        </extensions>
      </trkpt>
      <trkpt lat="46.8207386" lon="7.4449664">
        <ele>915.0</ele>
        <time>2026-09-15T10:08:56Z</time>
        <extensions>
          <gpxdata:distance>525.21</gpxdata:distance>
          <gpxdata:speed>0.948</gpxdata:speed>
        </extensions>
      </trkpt>
      <trkpt lat="46.8207836" lon="7.4453854">
        <ele>914.0</ele>
        <time>2026-09-15T10:09:30Z</time>
        <extensions>
          <gpxdata:distance>557.48</gpxdata:distance>
          <gpxdata:speed>0.953</gpxdata:speed>
        </extensions>
      </trkpt>
      <trkpt lat="46.8207836" lon="7.4453854">
        <ele>914.0</ele>
        <time>2026-09-15T10:09:30Z</time>
        <extensions>
          <gpxdata:distance>557.48</gpxdata:distance>
          <gpxdata:speed>0.000</gpxdata:speed>
        </extensions>
      </trkpt>
      <trkpt lat="46.8208106" lon="7.4456084">
        <ele>914.0</ele>
        <time>2026-09-15T10:09:48Z</time>
        <extensions>
          <gpxdata:distance>574.71</gpxdata:distance>
          <gpxdata:speed>0.967</gpxdata:speed>
        </extensions>
      </trkpt>
      <trkpt lat="46.8208466" lon="7.4459234">
        <ele>913.9</ele>
        <time>2026-09-15T10:10:12Z</time>
        <extensions>
          <gpxdata:distance>599.01</gpxdata:distance>
          <gpxdata:speed>0.976</gpxdata:speed>
        </extensions>
      </trkpt>
      <trkpt lat="46.8209366" lon="7.4465264">
        <ele>913.7</ele>
        <time>2026-09-15T10:11:00Z</time>
        <extensions>
          <gpxdata:distance>645.97</gpxdata:distance>
          <gpxdata:speed>0.985</gpxdata:speed>
        </extensions>
      </trkpt>
      <trkpt lat="46.8210086" lon="7.4469974">
        <ele>913.0</ele>
        <time>2026-09-15T10:11:37Z</time>
        <extensions>
          <gpxdata:distance>682.69</gpxdata:distance>
          <gpxdata:speed>0.989</gpxdata:speed>
        </extensions>
      </trkpt>
      <trkpt lat="46.8210806" lon="7.4473904">
        <ele>912.2</ele>
        <time>2026-09-15T10:12:09Z</time>
        <extensions>
          <gpxdata:distance>713.65</gpxdata:distance>
          <gpxdata:speed>0.988</gpxdata:speed>
        </extensions>
      </trkpt>
      <trkpt lat="46.8212066" lon="7.4480064">
        <ele>912.9</ele>
        <time>2026-09-15T10:12:58Z</time>
        <extensions>
          <gpxdata:distance>762.57</gpxdata:distance>
          <gpxdata:speed>0.998</gpxdata:speed>
        </extensions>
      </trkpt>
      <trkpt lat="46.8212966" lon="7.4485044">
        <ele>913.1</ele>
        <time>2026-09-15T10:13:37Z</time>
        <extensions>
          <gpxdata:distance>801.76</gpxdata:distance>
          <gpxdata:speed>1.004</gpxdata:speed>
        </extensions>
      </trkpt>
      <trkpt lat="46.8214136" lon="7.4491464">
        <ele>912.9</ele>
        <time>2026-09-15T10:14:27Z</time>
        <extensions>
          <gpxdata:distance>852.31</gpxdata:distance>
          <gpxdata:speed>1.008</gpxdata:speed>
        </extensions>
      </trkpt>
      <trkpt lat="46.8215036" lon="7.4495664">
        <ele>912.4</ele>
        <time>2026-09-15T10:15:00Z</time>
        <extensions>
          <gpxdata:distance>885.80</gpxdata:distance>
          <gpxdata:speed>1.006</gpxdata:speed>
        </extensions>
      </trkpt>
      <trkpt lat="46.8216105" lon="7.4500644">
        <ele>911.9</ele>
        <time>2026-09-15T10:15:40Z</time>
        <extensions>
          <gpxdata:distance>925.51</gpxdata:distance>
          <gpxdata:speed>1.005</gpxdata:speed>
        </extensions>
      </trkpt>
      <trkpt lat="46.8216465" lon="7.4502474">
        <ele>912.1</ele>
        <time>2026-09-15T10:15:54Z</time>
        <extensions>
          <gpxdata:distance>940.00</gpxdata:distance>
          <gpxdata:speed>1.006</gpxdata:speed>
        </extensions>
      </trkpt>
      <trkpt lat="46.8216645" lon="7.4503914">
        <ele>912.4</ele>
        <time>2026-09-15T10:16:05Z</time>
        <extensions>
          <gpxdata:distance>951.13</gpxdata:distance>
          <gpxdata:speed>1.007</gpxdata:speed>
        </extensions>
      </trkpt>
      <trkpt lat="46.8216915" lon="7.4506144">
        <ele>912.2</ele>
        <time>2026-09-15T10:16:22Z</time>
        <extensions>
          <gpxdata:distance>968.37</gpxdata:distance>
          <gpxdata:speed>1.009</gpxdata:speed>
        </extensions>
      </trkpt>
      <trkpt lat="46.8217725" lon="7.4511524">
        <ele>912.4</ele>
        <time>2026-09-15T10:17:04Z</time>
        <extensions>
          <gpxdata:distance>1010.28</gpxdata:distance>
          <gpxdata:speed>1.011</gpxdata:speed>
        </extensions>
      </trkpt>
      <trkpt lat="46.8219345" lon="7.4521214">
        <ele>914.0</ele>
        <time>2026-09-15T10:18:19Z</time>
        <extensions>
          <gpxdata:distance>1086.18</gpxdata:distance>
          <gpxdata:speed>1.004</gpxdata:speed>
        </extensions>
      </trkpt>
      <trkpt lat="46.8220155" lon="7.4526064">
        <ele>915.4</ele>
        <time>2026-09-15T10:18:58Z</time>
        <extensions>
          <gpxdata:distance>1124.16</gpxdata:distance>
          <gpxdata:speed>0.994</gpxdata:speed>
        </extensions>
      </trkpt>
      <trkpt lat="46.8220695" lon="7.4529604">
        <ele>916.2</ele>
        <time>2026-09-15T10:19:26Z</time>
        <extensions>
          <gpxdata:distance>1151.76</gpxdata:distance>
          <gpxdata:speed>0.984</gpxdata:speed>
        </extensions>
      </trkpt>
      <trkpt lat="46.8220875" lon="7.4531304">
        <ele>916.4</ele>
        <time>2026-09-15T10:19:39Z</time>
        <extensions>
          <gpxdata:distance>1164.85</gpxdata:distance>
          <gpxdata:speed>0.976</gpxdata:speed>
        </extensions>
      </trkpt>
      <trkpt lat="46.8221325" lon="7.4533794">
        <ele>916.7</ele>
        <time>2026-09-15T10:19:59Z</time>
        <extensions>
          <gpxdata:distance>1184.44</gpxdata:distance>
          <gpxdata:speed>0.965</gpxdata:speed>
        </extensions>
      </trkpt>
      <trkpt lat="46.8221955" lon="7.4536284">
        <ele>917.1</ele>
        <time>2026-09-15T10:20:20Z</time>
        <extensions>
          <gpxdata:distance>1204.64</gpxdata:distance>
          <gpxdata:speed>0.964</gpxdata:speed>
        </extensions>
      </trkpt>
      <trkpt lat="46.8222765" lon="7.4538914">
        <ele>917.5</ele>
        <time>2026-09-15T10:20:43Z</time>
        <extensions>
          <gpxdata:distance>1226.59</gpxdata:distance>
          <gpxdata:speed>0.965</gpxdata:speed>
        </extensions>
      </trkpt>
      <trkpt lat="46.8223125" lon="7.4540084">
        <ele>917.8</ele>
        <time>2026-09-15T10:20:53Z</time>
        <extensions>
          <gpxdata:distance>1236.35</gpxdata:distance>
          <gpxdata:speed>0.959</gpxdata:speed>
        </extensions>
      </trkpt>
      <trkpt lat="46.8223485" lon="7.4540874">
        <ele>918.1</ele>
        <time>2026-09-15T10:21:01Z</time>
        <extensions>
          <gpxdata:distance>1243.57</gpxdata:distance>
          <gpxdata:speed>0.950</gpxdata:speed>
        </extensions>
      </trkpt>
      <trkpt lat="46.8223665" lon="7.4541534">
        <ele>918.6</ele>
        <time>2026-09-15T10:21:06Z</time>
        <extensions>
          <gpxdata:distance>1248.97</gpxdata:distance>
          <gpxdata:speed>0.941</gpxdata:speed>
        </extensions>
      </trkpt>
      <trkpt lat="46.8224115" lon="7.4543104">
        <ele>919.4</ele>
        <time>2026-09-15T10:21:20Z</time>
        <extensions>
          <gpxdata:distance>1261.93</gpxdata:distance>
          <gpxdata:speed>0.939</gpxdata:speed>
        </extensions>
      </trkpt>
      <trkpt lat="46.8224385" lon="7.4543754">
        <ele>919.9</ele>
        <time>2026-09-15T10:21:26Z</time>
        <extensions>
          <gpxdata:distance>1267.71</gpxdata:distance>
          <gpxdata:speed>0.931</gpxdata:speed>
        </extensions>
      </trkpt>
      <trkpt lat="46.8224385" lon="7.4543754">
        <ele>919.9</ele>
        <time>2026-09-15T10:21:26Z</time>
        <extensions>
          <gpxdata:distance>1267.71</gpxdata:distance>
          <gpxdata:speed>0.000</gpxdata:speed>
        </extensions>
      </trkpt>
      <trkpt lat="46.8224205" lon="7.4544804">
        <ele>919.6</ele>
        <time>2026-09-15T10:21:35Z</time>
        <extensions>
          <gpxdata:distance>1275.95</gpxdata:distance>
          <gpxdata:speed>0.932</gpxdata:speed>
        </extensions>
      </trkpt>
      <trkpt lat="46.8223665" lon="7.4547034">
        <ele>919.1</ele>
        <time>2026-09-15T10:21:54Z</time>
        <extensions>
          <gpxdata:distance>1293.95</gpxdata:distance>
          <gpxdata:speed>0.956</gpxdata:speed>
        </extensions>
      </trkpt>
      <trkpt lat="46.8223305" lon="7.4548344">
        <ele>919.0</ele>
        <time>2026-09-15T10:22:05Z</time>
        <extensions>
          <gpxdata:distance>1304.69</gpxdata:distance>
          <gpxdata:speed>0.964</gpxdata:speed>
        </extensions>
      </trkpt>
      <trkpt lat="46.8222945" lon="7.4549394">
        <ele>918.9</ele>
        <time>2026-09-15T10:22:14Z</time>
        <extensions>
          <gpxdata:distance>1313.62</gpxdata:distance>
          <gpxdata:speed>0.976</gpxdata:speed>
        </extensions>
      </trkpt>
      <trkpt lat="46.8222315" lon="7.4550964">
        <ele>918.7</ele>
        <time>2026-09-15T10:22:28Z</time>
        <extensions>
          <gpxdata:distance>1327.47</gpxdata:distance>
          <gpxdata:speed>0.994</gpxdata:speed>
        </extensions>
      </trkpt>
      <trkpt lat="46.8222315" lon="7.4550964">
        <ele>918.7</ele>
        <time>2026-09-15T10:22:28Z</time>
        <extensions>
          <gpxdata:distance>1327.47</gpxdata:distance>
          <gpxdata:speed>0.000</gpxdata:speed>
        </extensions>
      </trkpt>
      <trkpt lat="46.8220875" lon="7.4554244">
        <ele>917.7</ele>
        <time>2026-09-15T10:22:58Z</time>
        <extensions>
          <gpxdata:distance>1357.12</gpxdata:distance>
          <gpxdata:speed>0.989</gpxdata:speed>
        </extensions>
      </trkpt>
      <trkpt lat="46.8220425" lon="7.4555424">
        <ele>917.2</ele>
        <time>2026-09-15T10:23:09Z</time>
        <extensions>
          <gpxdata:distance>1367.40</gpxdata:distance>
          <gpxdata:speed>0.978</gpxdata:speed>
        </extensions>
      </trkpt>
      <trkpt lat="46.8220065" lon="7.4556604">
        <ele>916.7</ele>
        <time>2026-09-15T10:23:19Z</time>
        <extensions>
          <gpxdata:distance>1377.23</gpxdata:distance>
          <gpxdata:speed>0.975</gpxdata:speed>
        </extensions>
      </trkpt>
      <trkpt lat="46.8219705" lon="7.4557914">
        <ele>916.3</ele>
        <time>2026-09-15T10:23:30Z</time>
        <extensions>
          <gpxdata:distance>1387.97</gpxdata:distance>
          <gpxdata:speed>0.975</gpxdata:speed>
        </extensions>
      </trkpt>
      <trkpt lat="46.8219525" lon="7.4559094">
        <ele>915.8</ele>
        <time>2026-09-15T10:23:39Z</time>
        <extensions>
          <gpxdata:distance>1397.17</gpxdata:distance>
          <gpxdata:speed>0.971</gpxdata:speed>
        </extensions>
      </trkpt>
      <trkpt lat="46.8219525" lon="7.4559094">
        <ele>915.8</ele>
        <time>2026-09-15T10:23:39Z</time>
        <extensions>
          <gpxdata:distance>1397.17</gpxdata:distance>
          <gpxdata:speed>0.000</gpxdata:speed>
        </extensions>
      </trkpt>
      <trkpt lat="46.8219795" lon="7.4559744">
        <ele>915.5</ele>
        <time>2026-09-15T10:23:45Z</time>
        <extensions>
          <gpxdata:distance>1402.96</gpxdata:distance>
          <gpxdata:speed>0.963</gpxdata:speed>
        </extensions>
      </trkpt>
      <trkpt lat="46.8219975" lon="7.4561054">
        <ele>916.4</ele>
        <time>2026-09-15T10:23:56Z</time>
        <extensions>
          <gpxdata:distance>1413.12</gpxdata:distance>
          <gpxdata:speed>0.978</gpxdata:speed>
        </extensions>
      </trkpt>
      <trkpt lat="46.8220595" lon="7.4564334">
        <ele>916.7</ele>
        <time>2026-09-15T10:24:22Z</time>
        <extensions>
          <gpxdata:distance>1439.01</gpxdata:distance>
          <gpxdata:speed>0.989</gpxdata:speed>
        </extensions>
      </trkpt>
      <trkpt lat="46.8220955" lon="7.4566164">
        <ele>916.3</ele>
        <time>2026-09-15T10:24:37Z</time>
        <extensions>
          <gpxdata:distance>1453.50</gpxdata:distance>
          <gpxdata:speed>0.994</gpxdata:speed>
        </extensions>
      </trkpt>
      <trkpt lat="46.8221944" lon="7.4576524">
        <ele>915.8</ele>
        <time>2026-09-15T10:25:56Z</time>
        <extensions>
          <gpxdata:distance>1533.09</gpxdata:distance>
          <gpxdata:speed>1.002</gpxdata:speed>
        </extensions>
      </trkpt>
      <trkpt lat="46.8221944" lon="7.4576524">
        <ele>915.8</ele>
        <time>2026-09-15T10:25:56Z</time>
        <extensions>
          <gpxdata:distance>1533.09</gpxdata:distance>
          <gpxdata:speed>0.000</gpxdata:speed>
        </extensions>
      </trkpt>
      <trkpt lat="46.8222124" lon="7.4578874">
        <ele>915.8</ele>
        <time>2026-09-15T10:26:14Z</time>
        <extensions>
          <gpxdata:distance>1551.08</gpxdata:distance>
          <gpxdata:speed>1.008</gpxdata:speed>
        </extensions>
      </trkpt>
      <trkpt lat="46.8222394" lon="7.4580454">
        <ele>916.0</ele>
        <time>2026-09-15T10:26:26Z</time>
        <extensions>
          <gpxdata:distance>1563.47</gpxdata:distance>
          <gpxdata:speed>1.009</gpxdata:speed>
        </extensions>
      </trkpt>
      <trkpt lat="46.8222664" lon="7.4581634">
        <ele>916.0</ele>
        <time>2026-09-15T10:26:36Z</time>
        <extensions>
          <gpxdata:distance>1572.94</gpxdata:distance>
          <gpxdata:speed>1.009</gpxdata:speed>
        </extensions>
      </trkpt>
      <trkpt lat="46.8223474" lon="7.4584514">
        <ele>916.3</ele>
        <time>2026-09-15T10:26:59Z</time>
        <extensions>
          <gpxdata:distance>1596.63</gpxdata:distance>
          <gpxdata:speed>1.002</gpxdata:speed>
        </extensions>
      </trkpt>
      <trkpt lat="46.8224464" lon="7.4588834">
        <ele>917.5</ele>
        <time>2026-09-15T10:27:34Z</time>
        <extensions>
          <gpxdata:distance>1631.30</gpxdata:distance>
          <gpxdata:speed>1.000</gpxdata:speed>
        </extensions>
      </trkpt>
      <trkpt lat="46.8225004" lon="7.4591064">
        <ele>918.6</ele>
        <time>2026-09-15T10:27:52Z</time>
        <extensions>
          <gpxdata:distance>1649.29</gpxdata:distance>
          <gpxdata:speed>0.989</gpxdata:speed>
        </extensions>
      </trkpt>
      <trkpt lat="46.8225634" lon="7.4592774">
        <ele>920.0</ele>
        <time>2026-09-15T10:28:07Z</time>
        <extensions>
          <gpxdata:distance>1664.07</gpxdata:distance>
          <gpxdata:speed>0.968</gpxdata:speed>
        </extensions>
      </trkpt>
      <trkpt lat="46.8226264" lon="7.4594214">
        <ele>921.4</ele>
        <time>2026-09-15T10:28:22Z</time>
        <extensions>
          <gpxdata:distance>1677.08</gpxdata:distance>
          <gpxdata:speed>0.914</gpxdata:speed>
        </extensions>
      </trkpt>
      <trkpt lat="46.8227704" lon="7.4596704">
        <ele>924.7</ele>
        <time>2026-09-15T10:28:50Z</time>
        <extensions>
          <gpxdata:distance>1701.88</gpxdata:distance>
          <gpxdata:speed>0.878</gpxdata:speed>
        </extensions>
      </trkpt>
      <trkpt lat="46.8229674" lon="7.4599584">
        <ele>929.5</ele>
        <time>2026-09-15T10:29:28Z</time>
        <extensions>
          <gpxdata:distance>1732.87</gpxdata:distance>
          <gpxdata:speed>0.819</gpxdata:speed>
        </extensions>
      </trkpt>
      <trkpt lat="46.8230664" lon="7.4600894">
        <ele>932.1</ele>
        <time>2026-09-15T10:29:46Z</time>
        <extensions>
          <gpxdata:distance>1747.72</gpxdata:distance>
          <gpxdata:speed>0.787</gpxdata:speed>
        </extensions>
      </trkpt>
      <trkpt lat="46.8231204" lon="7.4601424">
        <ele>933.4</ele>
        <time>2026-09-15T10:29:56Z</time>
        <extensions>
          <gpxdata:distance>1754.95</gpxdata:distance>
          <gpxdata:speed>0.765</gpxdata:speed>
        </extensions>
      </trkpt>
      <trkpt lat="46.8231924" lon="7.4601814">
        <ele>934.5</ele>
        <time>2026-09-15T10:30:08Z</time>
        <extensions>
          <gpxdata:distance>1763.49</gpxdata:distance>
          <gpxdata:speed>0.731</gpxdata:speed>
        </extensions>
      </trkpt>
      <trkpt lat="46.8233274" lon="7.4602214">
        <ele>936.3</ele>
        <time>2026-09-15T10:30:30Z</time>
        <extensions>
          <gpxdata:distance>1778.80</gpxdata:distance>
          <gpxdata:speed>0.686</gpxdata:speed>
        </extensions>
      </trkpt>
      <trkpt lat="46.8236244" lon="7.4603124">
        <ele>939.4</ele>
        <time>2026-09-15T10:31:19Z</time>
        <extensions>
          <gpxdata:distance>1812.55</gpxdata:distance>
          <gpxdata:speed>0.686</gpxdata:speed>
        </extensions>
      </trkpt>
      <trkpt lat="46.8238764" lon="7.4603784">
        <ele>942.7</ele>
        <time>2026-09-15T10:32:01Z</time>
        <extensions>
          <gpxdata:distance>1841.01</gpxdata:distance>
          <gpxdata:speed>0.684</gpxdata:speed>
        </extensions>
      </trkpt>
      <trkpt lat="46.8240384" lon="7.4604444">
        <ele>945.5</ele>
        <time>2026-09-15T10:32:28Z</time>
        <extensions>
          <gpxdata:distance>1859.71</gpxdata:distance>
          <gpxdata:speed>0.675</gpxdata:speed>
        </extensions>
      </trkpt>
      <trkpt lat="46.8244344" lon="7.4606274">
        <ele>952.4</ele>
        <time>2026-09-15T10:33:38Z</time>
        <extensions>
          <gpxdata:distance>1905.90</gpxdata:distance>
          <gpxdata:speed>0.665</gpxdata:speed>
        </extensions>
      </trkpt>
      <trkpt lat="46.8245324" lon="7.4606804">
        <ele>953.4</ele>
        <time>2026-09-15T10:33:55Z</time>
        <extensions>
          <gpxdata:distance>1917.52</gpxdata:distance>
          <gpxdata:speed>0.681</gpxdata:speed>
        </extensions>
      </trkpt>
      <trkpt lat="46.8245324" lon="7.4606804">
        <ele>953.4</ele>
        <time>2026-09-15T10:33:55Z</time>
        <extensions>
          <gpxdata:distance>1917.52</gpxdata:distance>
          <gpxdata:speed>0.000</gpxdata:speed>
        </extensions>
      </trkpt>
      <trkpt lat="46.8245684" lon="7.4607324">
        <ele>954.3</ele>
        <time>2026-09-15T10:34:03Z</time>
        <extensions>
          <gpxdata:distance>1923.14</gpxdata:distance>
          <gpxdata:speed>0.694</gpxdata:speed>
        </extensions>
      </trkpt>
      <trkpt lat="46.8245864" lon="7.4607714">
        <ele>954.6</ele>
        <time>2026-09-15T10:34:08Z</time>
        <extensions>
          <gpxdata:distance>1926.72</gpxdata:distance>
          <gpxdata:speed>0.697</gpxdata:speed>
        </extensions>
      </trkpt>
      <trkpt lat="46.8245954" lon="7.4608244">
        <ele>954.8</ele>
        <time>2026-09-15T10:34:14Z</time>
        <extensions>
          <gpxdata:distance>1930.88</gpxdata:distance>
          <gpxdata:speed>0.700</gpxdata:speed>
        </extensions>
      </trkpt>
      <trkpt lat="46.8246134" lon="7.4609294">
        <ele>955.4</ele>
        <time>2026-09-15T10:34:26Z</time>
        <extensions>
          <gpxdata:distance>1939.11</gpxdata:distance>
          <gpxdata:speed>0.689</gpxdata:speed>
        </extensions>
      </trkpt>
      <trkpt lat="46.8246224" lon="7.4610204">
        <ele>956.0</ele>
        <time>2026-09-15T10:34:36Z</time>
        <extensions>
          <gpxdata:distance>1946.11</gpxdata:distance>
          <gpxdata:speed>0.688</gpxdata:speed>
        </extensions>
      </trkpt>
      <trkpt lat="46.8246494" lon="7.4611514">
        <ele>957.1</ele>
        <time>2026-09-15T10:34:51Z</time>
        <extensions>
          <gpxdata:distance>1956.52</gpxdata:distance>
          <gpxdata:speed>0.705</gpxdata:speed>
        </extensions>
      </trkpt>
      <trkpt lat="46.8246764" lon="7.4612694">
        <ele>958.0</ele>
        <time>2026-09-15T10:35:03Z</time>
        <extensions>
          <gpxdata:distance>1965.98</gpxdata:distance>
          <gpxdata:speed>0.772</gpxdata:speed>
        </extensions>
      </trkpt>
      <trkpt lat="46.8247124" lon="7.4613614">
        <ele>958.8</ele>
        <time>2026-09-15T10:35:14Z</time>
        <extensions>
          <gpxdata:distance>1974.05</gpxdata:distance>
          <gpxdata:speed>0.766</gpxdata:speed>
        </extensions>
      </trkpt>
      <trkpt lat="46.8247484" lon="7.4614144">
        <ele>958.6</ele>
        <time>2026-09-15T10:35:21Z</time>
        <extensions>
          <gpxdata:distance>1979.73</gpxdata:distance>
          <gpxdata:speed>0.797</gpxdata:speed>
        </extensions>
      </trkpt>
      <trkpt lat="46.8247484" lon="7.4614144">
        <ele>958.6</ele>
        <time>2026-09-15T10:35:21Z</time>
        <extensions>
          <gpxdata:distance>1979.73</gpxdata:distance>
          <gpxdata:speed>0.000</gpxdata:speed>
        </extensions>
      </trkpt>
      <trkpt lat="46.8247304" lon="7.4615454">
        <ele>959.2</ele>
        <time>2026-09-15T10:35:33Z</time>
        <extensions>
          <gpxdata:distance>1989.90</gpxdata:distance>
          <gpxdata:speed>0.825</gpxdata:speed>
        </extensions>
      </trkpt>
      <trkpt lat="46.8247394" lon="7.4616234">
        <ele>959.7</ele>
        <time>2026-09-15T10:35:41Z</time>
        <extensions>
          <gpxdata:distance>1995.91</gpxdata:distance>
          <gpxdata:speed>0.819</gpxdata:speed>
        </extensions>
      </trkpt>
      <trkpt lat="46.8247934" lon="7.4619124">
        <ele>961.2</ele>
        <time>2026-09-15T10:36:08Z</time>
        <extensions>
          <gpxdata:distance>2018.71</gpxdata:distance>
          <gpxdata:speed>0.825</gpxdata:speed>
        </extensions>
      </trkpt>
      <trkpt lat="46.8248384" lon="7.4621874">
        <ele>962.8</ele>
        <time>2026-09-15T10:36:34Z</time>
        <extensions>
          <gpxdata:distance>2040.22</gpxdata:distance>
          <gpxdata:speed>0.827</gpxdata:speed>
        </extensions>
      </trkpt>
      <trkpt lat="46.8248474" lon="7.4623444">
        <ele>964.3</ele>
        <time>2026-09-15T10:36:49Z</time>
        <extensions>
          <gpxdata:distance>2052.21</gpxdata:distance>
          <gpxdata:speed>0.819</gpxdata:speed>
        </extensions>
      </trkpt>
      <trkpt lat="46.8248474" lon="7.4624494">
        <ele>964.9</ele>
        <time>2026-09-15T10:36:59Z</time>
        <extensions>
          <gpxdata:distance>2060.20</gpxdata:distance>
          <gpxdata:speed>0.824</gpxdata:speed>
        </extensions>
      </trkpt>
      <trkpt lat="46.8248294" lon="7.4625934">
        <ele>966.0</ele>
        <time>2026-09-15T10:37:12Z</time>
        <extensions>
          <gpxdata:distance>2071.33</gpxdata:distance>
          <gpxdata:speed>0.822</gpxdata:speed>
        </extensions>
      </trkpt>
      <trkpt lat="46.8248024" lon="7.4627114">
        <ele>966.9</ele>
        <time>2026-09-15T10:37:24Z</time>
        <extensions>
          <gpxdata:distance>2080.80</gpxdata:distance>
          <gpxdata:speed>0.801</gpxdata:speed>
        </extensions>
      </trkpt>
      <trkpt lat="46.8247754" lon="7.4628554">
        <ele>967.6</ele>
        <time>2026-09-15T10:37:38Z</time>
        <extensions>
          <gpxdata:distance>2092.16</gpxdata:distance>
          <gpxdata:speed>0.806</gpxdata:speed>
        </extensions>
      </trkpt>
      <trkpt lat="46.8247754" lon="7.4628554">
        <ele>967.6</ele>
        <time>2026-09-15T10:37:38Z</time>
        <extensions>
          <gpxdata:distance>2092.16</gpxdata:distance>
          <gpxdata:speed>0.000</gpxdata:speed>
        </extensions>
      </trkpt>
      <trkpt lat="46.8246944" lon="7.4634324">
        <ele>971.3</ele>
        <time>2026-09-15T10:38:34Z</time>
        <extensions>
          <gpxdata:distance>2136.97</gpxdata:distance>
          <gpxdata:speed>0.801</gpxdata:speed>
        </extensions>
      </trkpt>
      <trkpt lat="46.8246314" lon="7.4637594">
        <ele>972.6</ele>
        <time>2026-09-15T10:39:06Z</time>
        <extensions>
          <gpxdata:distance>2162.82</gpxdata:distance>
          <gpxdata:speed>0.809</gpxdata:speed>
        </extensions>
      </trkpt>
      <trkpt lat="46.8245594" lon="7.4640614">
        <ele>973.6</ele>
        <time>2026-09-15T10:39:35Z</time>
        <extensions>
          <gpxdata:distance>2187.15</gpxdata:distance>
          <gpxdata:speed>0.824</gpxdata:speed>
        </extensions>
      </trkpt>
      <trkpt lat="46.8245233" lon="7.4642704">
        <ele>974.8</ele>
        <time>2026-09-15T10:39:55Z</time>
        <extensions>
          <gpxdata:distance>2203.55</gpxdata:distance>
          <gpxdata:speed>0.834</gpxdata:speed>
        </extensions>
      </trkpt>
      <trkpt lat="46.8245143" lon="7.4644414">
        <ele>975.5</ele>
        <time>2026-09-15T10:40:11Z</time>
        <extensions>
          <gpxdata:distance>2216.60</gpxdata:distance>
          <gpxdata:speed>0.839</gpxdata:speed>
        </extensions>
      </trkpt>
      <trkpt lat="46.8245053" lon="7.4645984">
        <ele>976.7</ele>
        <time>2026-09-15T10:40:25Z</time>
        <extensions>
          <gpxdata:distance>2228.59</gpxdata:distance>
          <gpxdata:speed>0.838</gpxdata:speed>
        </extensions>
      </trkpt>
      <trkpt lat="46.8245053" lon="7.4647824">
        <ele>977.7</ele>
        <time>2026-09-15T10:40:42Z</time>
        <extensions>
          <gpxdata:distance>2242.59</gpxdata:distance>
          <gpxdata:speed>0.841</gpxdata:speed>
        </extensions>
      </trkpt>
      <trkpt lat="46.8245143" lon="7.4648864">
        <ele>978.1</ele>
        <time>2026-09-15T10:40:51Z</time>
        <extensions>
          <gpxdata:distance>2250.56</gpxdata:distance>
          <gpxdata:speed>0.843</gpxdata:speed>
        </extensions>
      </trkpt>
      <trkpt lat="46.8245143" lon="7.4648864">
        <ele>978.1</ele>
        <time>2026-09-15T10:40:51Z</time>
        <extensions>
          <gpxdata:distance>2250.56</gpxdata:distance>
          <gpxdata:speed>0.000</gpxdata:speed>
        </extensions>
      </trkpt>
      <trkpt lat="46.8246583" lon="7.4650444">
        <ele>978.7</ele>
        <time>2026-09-15T10:41:14Z</time>
        <extensions>
          <gpxdata:distance>2270.59</gpxdata:distance>
          <gpxdata:speed>0.871</gpxdata:speed>
        </extensions>
      </trkpt>
      <trkpt lat="46.8249093" lon="7.4653324">
        <ele>979.5</ele>
        <time>2026-09-15T10:41:54Z</time>
        <extensions>
          <gpxdata:distance>2306.07</gpxdata:distance>
          <gpxdata:speed>0.890</gpxdata:speed>
        </extensions>
      </trkpt>
      <trkpt lat="46.8251433" lon="7.4656344">
        <ele>978.3</ele>
        <time>2026-09-15T10:42:31Z</time>
        <extensions>
          <gpxdata:distance>2340.78</gpxdata:distance>
          <gpxdata:speed>0.935</gpxdata:speed>
        </extensions>
      </trkpt>
      <trkpt lat="46.8252243" lon="7.4656864">
        <ele>978.0</ele>
        <time>2026-09-15T10:42:41Z</time>
        <extensions>
          <gpxdata:distance>2350.62</gpxdata:distance>
          <gpxdata:speed>0.957</gpxdata:speed>
        </extensions>
      </trkpt>
      <trkpt lat="46.8253233" lon="7.4657264">
        <ele>977.8</ele>
        <time>2026-09-15T10:42:53Z</time>
        <extensions>
          <gpxdata:distance>2362.04</gpxdata:distance>
          <gpxdata:speed>0.972</gpxdata:speed>
        </extensions>
      </trkpt>
      <trkpt lat="46.8255303" lon="7.4657784">
        <ele>976.8</ele>
        <time>2026-09-15T10:43:16Z</time>
        <extensions>
          <gpxdata:distance>2385.40</gpxdata:distance>
          <gpxdata:speed>1.011</gpxdata:speed>
        </extensions>
      </trkpt>
      <trkpt lat="46.8258723" lon="7.4659624">
        <ele>975.0</ele>
        <time>2026-09-15T10:43:57Z</time>
        <extensions>
          <gpxdata:distance>2425.92</gpxdata:distance>
          <gpxdata:speed>0.993</gpxdata:speed>
        </extensions>
      </trkpt>
      <trkpt lat="46.8261243" lon="7.4660674">
        <ele>974.3</ele>
        <time>2026-09-15T10:44:26Z</time>
        <extensions>
          <gpxdata:distance>2455.06</gpxdata:distance>
          <gpxdata:speed>0.989</gpxdata:speed>
        </extensions>
      </trkpt>
      <trkpt lat="46.8263123" lon="7.4661194">
        <ele>972.9</ele>
        <time>2026-09-15T10:44:48Z</time>
        <extensions>
          <gpxdata:distance>2476.33</gpxdata:distance>
          <gpxdata:speed>0.983</gpxdata:speed>
        </extensions>
      </trkpt>
      <trkpt lat="46.8269423" lon="7.4663295">
        <ele>970.4</ele>
        <time>2026-09-15T10:46:02Z</time>
        <extensions>
          <gpxdata:distance>2548.19</gpxdata:distance>
          <gpxdata:speed>0.974</gpxdata:speed>
        </extensions>
      </trkpt>
      <trkpt lat="46.8269423" lon="7.4663295">
        <ele>970.4</ele>
        <time>2026-09-15T10:46:02Z</time>
        <extensions>
          <gpxdata:distance>2548.19</gpxdata:distance>
          <gpxdata:speed>0.000</gpxdata:speed>
        </extensions>
      </trkpt>
      <trkpt lat="46.8270323" lon="7.4664735">
        <ele>970.9</ele>
        <time>2026-09-15T10:46:17Z</time>
        <extensions>
          <gpxdata:distance>2563.02</gpxdata:distance>
          <gpxdata:speed>0.970</gpxdata:speed>
        </extensions>
      </trkpt>
      <trkpt lat="46.8270863" lon="7.4665655">
        <ele>971.2</ele>
        <time>2026-09-15T10:46:27Z</time>
        <extensions>
          <gpxdata:distance>2572.25</gpxdata:distance>
          <gpxdata:speed>0.973</gpxdata:speed>
        </extensions>
      </trkpt>
      <trkpt lat="46.8271313" lon="7.4666965">
        <ele>971.4</ele>
        <time>2026-09-15T10:46:38Z</time>
        <extensions>
          <gpxdata:distance>2583.40</gpxdata:distance>
          <gpxdata:speed>0.975</gpxdata:speed>
        </extensions>
      </trkpt>
      <trkpt lat="46.8271313" lon="7.4666965">
        <ele>971.4</ele>
        <time>2026-09-15T10:46:38Z</time>
        <extensions>
          <gpxdata:distance>2583.40</gpxdata:distance>
          <gpxdata:speed>0.000</gpxdata:speed>
        </extensions>
      </trkpt>
      <trkpt lat="46.8272933" lon="7.4667625">
        <ele>971.7</ele>
        <time>2026-09-15T10:46:57Z</time>
        <extensions>
          <gpxdata:distance>2602.10</gpxdata:distance>
          <gpxdata:speed>0.988</gpxdata:speed>
        </extensions>
      </trkpt>
      <trkpt lat="46.8274463" lon="7.4668415">
        <ele>970.9</ele>
        <time>2026-09-15T10:47:15Z</time>
        <extensions>
          <gpxdata:distance>2620.14</gpxdata:distance>
          <gpxdata:speed>0.986</gpxdata:speed>
        </extensions>
      </trkpt>
      <trkpt lat="46.8275273" lon="7.4669065">
        <ele>970.6</ele>
        <time>2026-09-15T10:47:26Z</time>
        <extensions>
          <gpxdata:distance>2630.42</gpxdata:distance>
          <gpxdata:speed>0.993</gpxdata:speed>
        </extensions>
      </trkpt>
      <trkpt lat="46.8275813" lon="7.4669855">
        <ele>969.9</ele>
        <time>2026-09-15T10:47:34Z</time>
        <extensions>
          <gpxdata:distance>2638.91</gpxdata:distance>
          <gpxdata:speed>1.005</gpxdata:speed>
        </extensions>
      </trkpt>
      <trkpt lat="46.8276173" lon="7.4670505">
        <ele>969.5</ele>
        <time>2026-09-15T10:47:40Z</time>
        <extensions>
          <gpxdata:distance>2645.28</gpxdata:distance>
          <gpxdata:speed>1.000</gpxdata:speed>
        </extensions>
      </trkpt>
      <trkpt lat="46.8276703" lon="7.4671555">
        <ele>969.4</ele>
        <time>2026-09-15T10:47:51Z</time>
        <extensions>
          <gpxdata:distance>2655.20</gpxdata:distance>
          <gpxdata:speed>0.991</gpxdata:speed>
        </extensions>
      </trkpt>
      <trkpt lat="46.8277423" lon="7.4673785">
        <ele>968.6</ele>
        <time>2026-09-15T10:48:10Z</time>
        <extensions>
          <gpxdata:distance>2673.96</gpxdata:distance>
          <gpxdata:speed>0.980</gpxdata:speed>
        </extensions>
      </trkpt>
      <trkpt lat="46.8278233" lon="7.4675355">
        <ele>967.7</ele>
        <time>2026-09-15T10:48:25Z</time>
        <extensions>
          <gpxdata:distance>2688.92</gpxdata:distance>
          <gpxdata:speed>0.967</gpxdata:speed>
        </extensions>
      </trkpt>
      <trkpt lat="46.8279403" lon="7.4677195">
        <ele>966.8</ele>
        <time>2026-09-15T10:48:45Z</time>
        <extensions>
          <gpxdata:distance>2708.03</gpxdata:distance>
          <gpxdata:speed>0.965</gpxdata:speed>
        </extensions>
      </trkpt>
      <trkpt lat="46.8281023" lon="7.4679165">
        <ele>964.7</ele>
        <time>2026-09-15T10:49:10Z</time>
        <extensions>
          <gpxdata:distance>2731.47</gpxdata:distance>
          <gpxdata:speed>0.944</gpxdata:speed>
        </extensions>
      </trkpt>
      <trkpt lat="46.8282733" lon="7.4680995">
        <ele>963.6</ele>
        <time>2026-09-15T10:49:35Z</time>
        <extensions>
          <gpxdata:distance>2755.03</gpxdata:distance>
          <gpxdata:speed>0.944</gpxdata:speed>
        </extensions>
      </trkpt>
      <trkpt lat="46.8282733" lon="7.4680995">
        <ele>963.6</ele>
        <time>2026-09-15T10:49:35Z</time>
        <extensions>
          <gpxdata:distance>2755.03</gpxdata:distance>
          <gpxdata:speed>0.000</gpxdata:speed>
        </extensions>
      </trkpt>
      <trkpt lat="46.8284263" lon="7.4682045">
        <ele>963.8</ele>
        <time>2026-09-15T10:49:54Z</time>
        <extensions>
          <gpxdata:distance>2773.83</gpxdata:distance>
          <gpxdata:speed>0.954</gpxdata:speed>
        </extensions>
      </trkpt>
      <trkpt lat="46.8286603" lon="7.4683355">
        <ele>962.9</ele>
        <time>2026-09-15T10:50:24Z</time>
        <extensions>
          <gpxdata:distance>2801.69</gpxdata:distance>
          <gpxdata:speed>0.958</gpxdata:speed>
        </extensions>
      </trkpt>
      <trkpt lat="46.8289023" lon="7.4684405">
        <ele>960.3</ele>
        <time>2026-09-15T10:50:53Z</time>
        <extensions>
          <gpxdata:distance>2829.76</gpxdata:distance>
          <gpxdata:speed>0.946</gpxdata:speed>
        </extensions>
      </trkpt>
      <trkpt lat="46.8291363" lon="7.4685195">
        <ele>957.4</ele>
        <time>2026-09-15T10:51:22Z</time>
        <extensions>
          <gpxdata:distance>2856.46</gpxdata:distance>
          <gpxdata:speed>0.936</gpxdata:speed>
        </extensions>
      </trkpt>
      <trkpt lat="46.8293793" lon="7.4686905">
        <ele>955.9</ele>
        <time>2026-09-15T10:51:54Z</time>
        <extensions>
          <gpxdata:distance>2886.45</gpxdata:distance>
          <gpxdata:speed>0.938</gpxdata:speed>
        </extensions>
      </trkpt>
      <trkpt lat="46.8293793" lon="7.4686905">
        <ele>955.9</ele>
        <time>2026-09-15T10:51:54Z</time>
        <extensions>
          <gpxdata:distance>2886.45</gpxdata:distance>
          <gpxdata:speed>0.000</gpxdata:speed>
        </extensions>
      </trkpt>
      <trkpt lat="46.8295323" lon="7.4689395">
        <ele>956.6</ele>
        <time>2026-09-15T10:52:20Z</time>
        <extensions>
          <gpxdata:distance>2911.91</gpxdata:distance>
          <gpxdata:speed>0.955</gpxdata:speed>
        </extensions>
      </trkpt>
      <trkpt lat="46.8296403" lon="7.4690575">
        <ele>957.1</ele>
        <time>2026-09-15T10:52:36Z</time>
        <extensions>
          <gpxdata:distance>2926.91</gpxdata:distance>
          <gpxdata:speed>0.964</gpxdata:speed>
        </extensions>
      </trkpt>
      <trkpt lat="46.8297393" lon="7.4691355">
        <ele>957.6</ele>
        <time>2026-09-15T10:52:49Z</time>
        <extensions>
          <gpxdata:distance>2939.41</gpxdata:distance>
          <gpxdata:speed>0.971</gpxdata:speed>
        </extensions>
      </trkpt>
      <trkpt lat="46.8299463" lon="7.4692805">
        <ele>958.3</ele>
        <time>2026-09-15T10:53:15Z</time>
        <extensions>
          <gpxdata:distance>2964.94</gpxdata:distance>
          <gpxdata:speed>0.975</gpxdata:speed>
        </extensions>
      </trkpt>
      <trkpt lat="46.8300633" lon="7.4693455">
        <ele>958.5</ele>
        <time>2026-09-15T10:53:29Z</time>
        <extensions>
          <gpxdata:distance>2978.86</gpxdata:distance>
          <gpxdata:speed>0.980</gpxdata:speed>
        </extensions>
      </trkpt>
      <trkpt lat="46.8302343" lon="7.4694905">
        <ele>958.8</ele>
        <time>2026-09-15T10:53:51Z</time>
        <extensions>
          <gpxdata:distance>3000.84</gpxdata:distance>
          <gpxdata:speed>1.001</gpxdata:speed>
        </extensions>
      </trkpt>
      <trkpt lat="46.8303773" lon="7.4696215">
        <ele>959.3</ele>
        <time>2026-09-15T10:54:10Z</time>
        <extensions>
          <gpxdata:distance>3019.60</gpxdata:distance>
          <gpxdata:speed>0.983</gpxdata:speed>
        </extensions>
      </trkpt>
      <trkpt lat="46.8305123" lon="7.4697655">
        <ele>959.7</ele>
        <time>2026-09-15T10:54:30Z</time>
        <extensions>
          <gpxdata:distance>3038.19</gpxdata:distance>
          <gpxdata:speed>0.949</gpxdata:speed>
        </extensions>
      </trkpt>
      <trkpt lat="46.8306833" lon="7.4699625">
        <ele>959.4</ele>
        <time>2026-09-15T10:54:55Z</time>
        <extensions>
          <gpxdata:distance>3062.40</gpxdata:distance>
          <gpxdata:speed>0.962</gpxdata:speed>
        </extensions>
      </trkpt>
      <trkpt lat="46.8308003" lon="7.4701196">
        <ele>958.7</ele>
        <time>2026-09-15T10:55:13Z</time>
        <extensions>
          <gpxdata:distance>3080.06</gpxdata:distance>
          <gpxdata:speed>0.981</gpxdata:speed>
        </extensions>
      </trkpt>
      <trkpt lat="46.8310343" lon="7.4704076">
        <ele>957.4</ele>
        <time>2026-09-15T10:55:47Z</time>
        <extensions>
          <gpxdata:distance>3114.08</gpxdata:distance>
          <gpxdata:speed>1.008</gpxdata:speed>
        </extensions>
      </trkpt>
      <trkpt lat="46.8310343" lon="7.4704076">
        <ele>957.4</ele>
        <time>2026-09-15T10:55:47Z</time>
        <extensions>
          <gpxdata:distance>3114.08</gpxdata:distance>
          <gpxdata:speed>0.000</gpxdata:speed>
        </extensions>
      </trkpt>
      <trkpt lat="46.8310433" lon="7.4705126">
        <ele>957.6</ele>
        <time>2026-09-15T10:55:55Z</time>
        <extensions>
          <gpxdata:distance>3122.13</gpxdata:distance>
          <gpxdata:speed>1.007</gpxdata:speed>
        </extensions>
      </trkpt>
      <trkpt lat="46.8310523" lon="7.4706306">
        <ele>958.1</ele>
        <time>2026-09-15T10:56:04Z</time>
        <extensions>
          <gpxdata:distance>3131.16</gpxdata:distance>
          <gpxdata:speed>1.009</gpxdata:speed>
        </extensions>
      </trkpt>
      <trkpt lat="46.8310793" lon="7.4707356">
        <ele>958.6</ele>
        <time>2026-09-15T10:56:12Z</time>
        <extensions>
          <gpxdata:distance>3139.70</gpxdata:distance>
          <gpxdata:speed>1.011</gpxdata:speed>
        </extensions>
      </trkpt>
      <trkpt lat="46.8311333" lon="7.4708796">
        <ele>958.9</ele>
        <time>2026-09-15T10:56:25Z</time>
        <extensions>
          <gpxdata:distance>3152.19</gpxdata:distance>
          <gpxdata:speed>1.009</gpxdata:speed>
        </extensions>
      </trkpt>
      <trkpt lat="46.8311783" lon="7.4709716">
        <ele>958.9</ele>
        <time>2026-09-15T10:56:33Z</time>
        <extensions>
          <gpxdata:distance>3160.79</gpxdata:distance>
          <gpxdata:speed>1.004</gpxdata:speed>
        </extensions>
      </trkpt>
      <trkpt lat="46.8312323" lon="7.4710766">
        <ele>958.6</ele>
        <time>2026-09-15T10:56:43Z</time>
        <extensions>
          <gpxdata:distance>3170.78</gpxdata:distance>
          <gpxdata:speed>1.003</gpxdata:speed>
        </extensions>
      </trkpt>
      <trkpt lat="46.8312953" lon="7.4711686">
        <ele>958.4</ele>
        <time>2026-09-15T10:56:53Z</time>
        <extensions>
          <gpxdata:distance>3180.69</gpxdata:distance>
          <gpxdata:speed>1.009</gpxdata:speed>
        </extensions>
      </trkpt>
      <trkpt lat="46.8313933" lon="7.4712996">
        <ele>958.6</ele>
        <time>2026-09-15T10:57:08Z</time>
        <extensions>
          <gpxdata:distance>3195.45</gpxdata:distance>
          <gpxdata:speed>0.975</gpxdata:speed>
        </extensions>
      </trkpt>
      <trkpt lat="46.8314743" lon="7.4714436">
        <ele>960.1</ele>
        <time>2026-09-15T10:57:23Z</time>
        <extensions>
          <gpxdata:distance>3209.64</gpxdata:distance>
          <gpxdata:speed>0.941</gpxdata:speed>
        </extensions>
      </trkpt>
      <trkpt lat="46.8315463" lon="7.4716406">
        <ele>960.6</ele>
        <time>2026-09-15T10:57:41Z</time>
        <extensions>
          <gpxdata:distance>3226.63</gpxdata:distance>
          <gpxdata:speed>0.940</gpxdata:speed>
        </extensions>
      </trkpt>
      <trkpt lat="46.8316003" lon="7.4718366">
        <ele>961.3</ele>
        <time>2026-09-15T10:57:58Z</time>
        <extensions>
          <gpxdata:distance>3242.70</gpxdata:distance>
          <gpxdata:speed>0.940</gpxdata:speed>
        </extensions>
      </trkpt>
      <trkpt lat="46.8316543" lon="7.4720336">
        <ele>961.5</ele>
        <time>2026-09-15T10:58:15Z</time>
        <extensions>
          <gpxdata:distance>3258.84</gpxdata:distance>
          <gpxdata:speed>0.951</gpxdata:speed>
        </extensions>
      </trkpt>
      <trkpt lat="46.8317443" lon="7.4722566">
        <ele>961.4</ele>
        <time>2026-09-15T10:58:36Z</time>
        <extensions>
          <gpxdata:distance>3278.54</gpxdata:distance>
          <gpxdata:speed>0.962</gpxdata:speed>
        </extensions>
      </trkpt>
      <trkpt lat="46.8318613" lon="7.4723876">
        <ele>961.7</ele>
        <time>2026-09-15T10:58:53Z</time>
        <extensions>
          <gpxdata:distance>3294.93</gpxdata:distance>
          <gpxdata:speed>0.959</gpxdata:speed>
        </extensions>
      </trkpt>
      <trkpt lat="46.8319243" lon="7.4724136">
        <ele>963.1</ele>
        <time>2026-09-15T10:59:01Z</time>
        <extensions>
          <gpxdata:distance>3302.21</gpxdata:distance>
          <gpxdata:speed>0.925</gpxdata:speed>
        </extensions>
      </trkpt>
      <trkpt lat="46.8320323" lon="7.4724006">
        <ele>964.3</ele>
        <time>2026-09-15T10:59:14Z</time>
        <extensions>
          <gpxdata:distance>3314.26</gpxdata:distance>
          <gpxdata:speed>0.900</gpxdata:speed>
        </extensions>
      </trkpt>
      <trkpt lat="46.8321043" lon="7.4724136">
        <ele>964.6</ele>
        <time>2026-09-15T10:59:23Z</time>
        <extensions>
          <gpxdata:distance>3322.32</gpxdata:distance>
          <gpxdata:speed>0.892</gpxdata:speed>
        </extensions>
      </trkpt>
      <trkpt lat="46.8321943" lon="7.4724796">
        <ele>965.8</ele>
        <time>2026-09-15T10:59:36Z</time>
        <extensions>
          <gpxdata:distance>3333.52</gpxdata:distance>
          <gpxdata:speed>0.896</gpxdata:speed>
        </extensions>
      </trkpt>
      <trkpt lat="46.8323113" lon="7.4726106">
        <ele>966.7</ele>
        <time>2026-09-15T10:59:54Z</time>
        <extensions>
          <gpxdata:distance>3349.91</gpxdata:distance>
          <gpxdata:speed>0.887</gpxdata:speed>
        </extensions>
      </trkpt>
      <trkpt lat="46.8323923" lon="7.4727156">
        <ele>967.1</ele>
        <time>2026-09-15T11:00:08Z</time>
        <extensions>
          <gpxdata:distance>3361.95</gpxdata:distance>
          <gpxdata:speed>0.889</gpxdata:speed>
        </extensions>
      </trkpt>
      <trkpt lat="46.8324723" lon="7.4727816">
        <ele>966.7</ele>
        <time>2026-09-15T11:00:19Z</time>
        <extensions>
          <gpxdata:distance>3372.16</gpxdata:distance>
          <gpxdata:speed>0.896</gpxdata:speed>
        </extensions>
      </trkpt>
      <trkpt lat="46.8325623" lon="7.4727816">
        <ele>966.3</ele>
        <time>2026-09-15T11:00:30Z</time>
        <extensions>
          <gpxdata:distance>3382.17</gpxdata:distance>
          <gpxdata:speed>0.892</gpxdata:speed>
        </extensions>
      </trkpt>
      <trkpt lat="46.8326613" lon="7.4727816">
        <ele>964.6</ele>
        <time>2026-09-15T11:00:42Z</time>
        <extensions>
          <gpxdata:distance>3393.18</gpxdata:distance>
          <gpxdata:speed>0.937</gpxdata:speed>
        </extensions>
      </trkpt>
      <trkpt lat="46.8327333" lon="7.4728206">
        <ele>964.3</ele>
        <time>2026-09-15T11:00:51Z</time>
        <extensions>
          <gpxdata:distance>3401.72</gpxdata:distance>
          <gpxdata:speed>0.982</gpxdata:speed>
        </extensions>
      </trkpt>
      <trkpt lat="46.8327873" lon="7.4729126">
        <ele>964.8</ele>
        <time>2026-09-15T11:01:00Z</time>
        <extensions>
          <gpxdata:distance>3410.94</gpxdata:distance>
          <gpxdata:speed>0.999</gpxdata:speed>
        </extensions>
      </trkpt>
      <trkpt lat="46.8328413" lon="7.4730566">
        <ele>965.9</ele>
        <time>2026-09-15T11:01:13Z</time>
        <extensions>
          <gpxdata:distance>3423.43</gpxdata:distance>
          <gpxdata:speed>0.980</gpxdata:speed>
        </extensions>
      </trkpt>
      <trkpt lat="46.8329043" lon="7.4731746">
        <ele>965.0</ele>
        <time>2026-09-15T11:01:24Z</time>
        <extensions>
          <gpxdata:distance>3434.82</gpxdata:distance>
          <gpxdata:speed>1.002</gpxdata:speed>
        </extensions>
      </trkpt>
      <trkpt lat="46.8329943" lon="7.4732666">
        <ele>963.7</ele>
        <time>2026-09-15T11:01:37Z</time>
        <extensions>
          <gpxdata:distance>3447.03</gpxdata:distance>
          <gpxdata:speed>0.973</gpxdata:speed>
        </extensions>
      </trkpt>
      <trkpt lat="46.8331383" lon="7.4733716">
        <ele>962.8</ele>
        <time>2026-09-15T11:01:55Z</time>
        <extensions>
          <gpxdata:distance>3464.92</gpxdata:distance>
          <gpxdata:speed>0.959</gpxdata:speed>
        </extensions>
      </trkpt>
      <trkpt lat="46.8333453" lon="7.4735416">
        <ele>963.3</ele>
        <time>2026-09-15T11:02:22Z</time>
        <extensions>
          <gpxdata:distance>3491.32</gpxdata:distance>
          <gpxdata:speed>0.976</gpxdata:speed>
        </extensions>
      </trkpt>
      <trkpt lat="46.8335073" lon="7.4736606">
        <ele>964.0</ele>
        <time>2026-09-15T11:02:43Z</time>
        <extensions>
          <gpxdata:distance>3511.48</gpxdata:distance>
          <gpxdata:speed>0.990</gpxdata:speed>
        </extensions>
      </trkpt>
      <trkpt lat="46.8338213" lon="7.4739096">
        <ele>963.4</ele>
        <time>2026-09-15T11:03:22Z</time>
        <extensions>
          <gpxdata:distance>3551.21</gpxdata:distance>
          <gpxdata:speed>1.003</gpxdata:speed>
        </extensions>
      </trkpt>
      <trkpt lat="46.8338843" lon="7.4739876">
        <ele>963.5</ele>
        <time>2026-09-15T11:03:31Z</time>
        <extensions>
          <gpxdata:distance>3560.39</gpxdata:distance>
          <gpxdata:speed>1.006</gpxdata:speed>
        </extensions>
      </trkpt>
      <trkpt lat="46.8339383" lon="7.4740016">
        <ele>963.3</ele>
        <time>2026-09-15T11:03:38Z</time>
        <extensions>
          <gpxdata:distance>3566.48</gpxdata:distance>
          <gpxdata:speed>1.000</gpxdata:speed>
        </extensions>
      </trkpt>
      <trkpt lat="46.8340103" lon="7.4740796">
        <ele>963.5</ele>
        <time>2026-09-15T11:03:48Z</time>
        <extensions>
          <gpxdata:distance>3576.45</gpxdata:distance>
          <gpxdata:speed>0.992</gpxdata:speed>
        </extensions>
      </trkpt>
      <trkpt lat="46.8340733" lon="7.4741716">
        <ele>963.8</ele>
        <time>2026-09-15T11:03:57Z</time>
        <extensions>
          <gpxdata:distance>3586.35</gpxdata:distance>
          <gpxdata:speed>1.002</gpxdata:speed>
        </extensions>
      </trkpt>
      <trkpt lat="46.8340913" lon="7.4742506">
        <ele>964.0</ele>
        <time>2026-09-15T11:04:04Z</time>
        <extensions>
          <gpxdata:distance>3592.69</gpxdata:distance>
          <gpxdata:speed>1.007</gpxdata:speed>
        </extensions>
      </trkpt>
      <trkpt lat="46.8341633" lon="7.4743426">
        <ele>963.9</ele>
        <time>2026-09-15T11:04:14Z</time>
        <extensions>
          <gpxdata:distance>3603.32</gpxdata:distance>
          <gpxdata:speed>0.992</gpxdata:speed>
        </extensions>
      </trkpt>
      <trkpt lat="46.8342353" lon="7.4744466">
        <ele>963.7</ele>
        <time>2026-09-15T11:04:26Z</time>
        <extensions>
          <gpxdata:distance>3614.57</gpxdata:distance>
          <gpxdata:speed>1.004</gpxdata:speed>
        </extensions>
      </trkpt>
      <trkpt lat="46.8342983" lon="7.4745646">
        <ele>963.2</ele>
        <time>2026-09-15T11:04:37Z</time>
        <extensions>
          <gpxdata:distance>3625.96</gpxdata:distance>
          <gpxdata:speed>1.003</gpxdata:speed>
        </extensions>
      </trkpt>
      <trkpt lat="46.8343523" lon="7.4746176">
        <ele>962.8</ele>
        <time>2026-09-15T11:04:44Z</time>
        <extensions>
          <gpxdata:distance>3633.19</gpxdata:distance>
          <gpxdata:speed>1.003</gpxdata:speed>
        </extensions>
      </trkpt>
      <trkpt lat="46.8344243" lon="7.4746566">
        <ele>962.4</ele>
        <time>2026-09-15T11:04:53Z</time>
        <extensions>
          <gpxdata:distance>3641.73</gpxdata:distance>
          <gpxdata:speed>0.995</gpxdata:speed>
        </extensions>
      </trkpt>
      <trkpt lat="46.8345053" lon="7.4747096">
        <ele>961.9</ele>
        <time>2026-09-15T11:05:03Z</time>
        <extensions>
          <gpxdata:distance>3651.60</gpxdata:distance>
          <gpxdata:speed>0.991</gpxdata:speed>
        </extensions>
      </trkpt>
      <trkpt lat="46.8346133" lon="7.4747876">
        <ele>961.2</ele>
        <time>2026-09-15T11:05:16Z</time>
        <extensions>
          <gpxdata:distance>3664.99</gpxdata:distance>
          <gpxdata:speed>0.979</gpxdata:speed>
        </extensions>
      </trkpt>
      <trkpt lat="46.8347303" lon="7.4748666">
        <ele>960.1</ele>
        <time>2026-09-15T11:05:31Z</time>
        <extensions>
          <gpxdata:distance>3679.32</gpxdata:distance>
          <gpxdata:speed>0.961</gpxdata:speed>
        </extensions>
      </trkpt>
      <trkpt lat="46.8348383" lon="7.4749196">
        <ele>959.2</ele>
        <time>2026-09-15T11:05:45Z</time>
        <extensions>
          <gpxdata:distance>3691.99</gpxdata:distance>
          <gpxdata:speed>0.950</gpxdata:speed>
        </extensions>
      </trkpt>
      <trkpt lat="46.8349643" lon="7.4750117">
        <ele>955.5</ele>
        <time>2026-09-15T11:06:02Z</time>
        <extensions>
          <gpxdata:distance>3707.66</gpxdata:distance>
          <gpxdata:speed>0.915</gpxdata:speed>
        </extensions>
      </trkpt>
      <trkpt lat="46.8350983" lon="7.4751157">
        <ele>952.1</ele>
        <time>2026-09-15T11:06:21Z</time>
        <extensions>
          <gpxdata:distance>3724.53</gpxdata:distance>
          <gpxdata:speed>0.899</gpxdata:speed>
        </extensions>
      </trkpt>
      <trkpt lat="46.8351703" lon="7.4751947">
        <ele>951.2</ele>
        <time>2026-09-15T11:06:32Z</time>
        <extensions>
          <gpxdata:distance>3734.54</gpxdata:distance>
          <gpxdata:speed>0.904</gpxdata:speed>
        </extensions>
      </trkpt>
      <trkpt lat="46.8352603" lon="7.4752997">
        <ele>949.5</ele>
        <time>2026-09-15T11:06:46Z</time>
        <extensions>
          <gpxdata:distance>3747.34</gpxdata:distance>
          <gpxdata:speed>0.909</gpxdata:speed>
        </extensions>
      </trkpt>
      <trkpt lat="46.8353413" lon="7.4754047">
        <ele>946.9</ele>
        <time>2026-09-15T11:06:59Z</time>
        <extensions>
          <gpxdata:distance>3759.38</gpxdata:distance>
          <gpxdata:speed>0.923</gpxdata:speed>
        </extensions>
      </trkpt>
      <trkpt lat="46.8353863" lon="7.4755097">
        <ele>945.7</ele>
        <time>2026-09-15T11:07:09Z</time>
        <extensions>
          <gpxdata:distance>3768.81</gpxdata:distance>
          <gpxdata:speed>0.929</gpxdata:speed>
        </extensions>
      </trkpt>
      <trkpt lat="46.8354313" lon="7.4756147">
        <ele>944.8</ele>
        <time>2026-09-15T11:07:19Z</time>
        <extensions>
          <gpxdata:distance>3778.23</gpxdata:distance>
          <gpxdata:speed>0.935</gpxdata:speed>
        </extensions>
      </trkpt>
      <trkpt lat="46.8354673" lon="7.4756667">
        <ele>944.9</ele>
        <time>2026-09-15T11:07:25Z</time>
        <extensions>
          <gpxdata:distance>3783.86</gpxdata:distance>
          <gpxdata:speed>0.936</gpxdata:speed>
        </extensions>
      </trkpt>
      <trkpt lat="46.8354673" lon="7.4756667">
        <ele>944.9</ele>
        <time>2026-09-15T11:07:25Z</time>
        <extensions>
          <gpxdata:distance>3783.86</gpxdata:distance>
          <gpxdata:speed>0.000</gpxdata:speed>
        </extensions>
      </trkpt>
      <trkpt lat="46.8354673" lon="7.4757847">
        <ele>944.4</ele>
        <time>2026-09-15T11:07:35Z</time>
        <extensions>
          <gpxdata:distance>3792.83</gpxdata:distance>
          <gpxdata:speed>0.922</gpxdata:speed>
        </extensions>
      </trkpt>
      <trkpt lat="46.8354763" lon="7.4759427">
        <ele>944.1</ele>
        <time>2026-09-15T11:07:48Z</time>
        <extensions>
          <gpxdata:distance>3804.89</gpxdata:distance>
          <gpxdata:speed>0.895</gpxdata:speed>
        </extensions>
      </trkpt>
      <trkpt lat="46.8354943" lon="7.4760467">
        <ele>944.3</ele>
        <time>2026-09-15T11:07:57Z</time>
        <extensions>
          <gpxdata:distance>3813.05</gpxdata:distance>
          <gpxdata:speed>0.907</gpxdata:speed>
        </extensions>
      </trkpt>
      <trkpt lat="46.8355123" lon="7.4761257">
        <ele>944.3</ele>
        <time>2026-09-15T11:08:04Z</time>
        <extensions>
          <gpxdata:distance>3819.39</gpxdata:distance>
          <gpxdata:speed>0.924</gpxdata:speed>
        </extensions>
      </trkpt>
      <trkpt lat="46.8355933" lon="7.4762437">
        <ele>944.7</ele>
        <time>2026-09-15T11:08:17Z</time>
        <extensions>
          <gpxdata:distance>3832.10</gpxdata:distance>
          <gpxdata:speed>0.974</gpxdata:speed>
        </extensions>
      </trkpt>
      <trkpt lat="46.8357013" lon="7.4763747">
        <ele>945.7</ele>
        <time>2026-09-15T11:08:33Z</time>
        <extensions>
          <gpxdata:distance>3847.71</gpxdata:distance>
          <gpxdata:speed>1.012</gpxdata:speed>
        </extensions>
      </trkpt>
      <trkpt lat="46.8358093" lon="7.4764667">
        <ele>946.8</ele>
        <time>2026-09-15T11:08:47Z</time>
        <extensions>
          <gpxdata:distance>3861.61</gpxdata:distance>
          <gpxdata:speed>0.951</gpxdata:speed>
        </extensions>
      </trkpt>
      <trkpt lat="46.8359173" lon="7.4765197">
        <ele>947.2</ele>
        <time>2026-09-15T11:09:00Z</time>
        <extensions>
          <gpxdata:distance>3874.28</gpxdata:distance>
          <gpxdata:speed>0.948</gpxdata:speed>
        </extensions>
      </trkpt>
      <trkpt lat="46.8359703" lon="7.4765717">
        <ele>947.5</ele>
        <time>2026-09-15T11:09:08Z</time>
        <extensions>
          <gpxdata:distance>3881.37</gpxdata:distance>
          <gpxdata:speed>0.945</gpxdata:speed>
        </extensions>
      </trkpt>
      <trkpt lat="46.8360423" lon="7.4766507">
        <ele>946.6</ele>
        <time>2026-09-15T11:09:18Z</time>
        <extensions>
          <gpxdata:distance>3891.38</gpxdata:distance>
          <gpxdata:speed>0.956</gpxdata:speed>
        </extensions>
      </trkpt>
      <trkpt lat="46.8360423" lon="7.4766507">
        <ele>946.6</ele>
        <time>2026-09-15T11:09:18Z</time>
        <extensions>
          <gpxdata:distance>3891.38</gpxdata:distance>
          <gpxdata:speed>0.000</gpxdata:speed>
        </extensions>
      </trkpt>
      <trkpt lat="46.8361953" lon="7.4767157">
        <ele>946.6</ele>
        <time>2026-09-15T11:09:37Z</time>
        <extensions>
          <gpxdata:distance>3909.10</gpxdata:distance>
          <gpxdata:speed>0.952</gpxdata:speed>
        </extensions>
      </trkpt>
      <trkpt lat="46.8363123" lon="7.4767297">
        <ele>946.5</ele>
        <time>2026-09-15T11:09:51Z</time>
        <extensions>
          <gpxdata:distance>3922.15</gpxdata:distance>
          <gpxdata:speed>0.958</gpxdata:speed>
        </extensions>
      </trkpt>
      <trkpt lat="46.8364563" lon="7.4766897">
        <ele>946.2</ele>
        <time>2026-09-15T11:10:07Z</time>
        <extensions>
          <gpxdata:distance>3938.45</gpxdata:distance>
          <gpxdata:speed>0.977</gpxdata:speed>
        </extensions>
      </trkpt>
      <trkpt lat="46.8365733" lon="7.4766507">
        <ele>946.1</ele>
        <time>2026-09-15T11:10:21Z</time>
        <extensions>
          <gpxdata:distance>3951.80</gpxdata:distance>
          <gpxdata:speed>1.003</gpxdata:speed>
        </extensions>
      </trkpt>
      <trkpt lat="46.8366903" lon="7.4765857">
        <ele>944.7</ele>
        <time>2026-09-15T11:10:35Z</time>
        <extensions>
          <gpxdata:distance>3965.71</gpxdata:distance>
          <gpxdata:speed>0.986</gpxdata:speed>
        </extensions>
      </trkpt>
      <trkpt lat="46.8368073" lon="7.4765597">
        <ele>943.5</ele>
        <time>2026-09-15T11:10:48Z</time>
        <extensions>
          <gpxdata:distance>3978.87</gpxdata:distance>
          <gpxdata:speed>0.967</gpxdata:speed>
        </extensions>
      </trkpt>
      <trkpt lat="46.8369063" lon="7.4765457">
        <ele>942.3</ele>
        <time>2026-09-15T11:11:00Z</time>
        <extensions>
          <gpxdata:distance>3989.93</gpxdata:distance>
          <gpxdata:speed>0.951</gpxdata:speed>
        </extensions>
      </trkpt>
      <trkpt lat="46.8369063" lon="7.4765457">
        <ele>942.3</ele>
        <time>2026-09-15T11:11:00Z</time>
        <extensions>
          <gpxdata:distance>3989.93</gpxdata:distance>
          <gpxdata:speed>0.000</gpxdata:speed>
        </extensions>
      </trkpt>
      <trkpt lat="46.8368703" lon="7.4766247">
        <ele>943.7</ele>
        <time>2026-09-15T11:11:07Z</time>
        <extensions>
          <gpxdata:distance>3997.15</gpxdata:distance>
          <gpxdata:speed>0.977</gpxdata:speed>
        </extensions>
      </trkpt>
      <trkpt lat="46.8368433" lon="7.4768347">
        <ele>946.3</ele>
        <time>2026-09-15T11:11:24Z</time>
        <extensions>
          <gpxdata:distance>4013.41</gpxdata:distance>
          <gpxdata:speed>1.009</gpxdata:speed>
        </extensions>
      </trkpt>
      <trkpt lat="46.8368253" lon="7.4770047">
        <ele>948.0</ele>
        <time>2026-09-15T11:11:37Z</time>
        <extensions>
          <gpxdata:distance>4026.49</gpxdata:distance>
          <gpxdata:speed>0.976</gpxdata:speed>
        </extensions>
      </trkpt>
      <trkpt lat="46.8368342" lon="7.4771887">
        <ele>949.2</ele>
        <time>2026-09-15T11:11:52Z</time>
        <extensions>
          <gpxdata:distance>4040.52</gpxdata:distance>
          <gpxdata:speed>0.938</gpxdata:speed>
        </extensions>
      </trkpt>
      <trkpt lat="46.8368342" lon="7.4772667">
        <ele>949.6</ele>
        <time>2026-09-15T11:11:58Z</time>
        <extensions>
          <gpxdata:distance>4046.46</gpxdata:distance>
          <gpxdata:speed>0.919</gpxdata:speed>
        </extensions>
      </trkpt>
      <trkpt lat="46.8367982" lon="7.4773847">
        <ele>950.4</ele>
        <time>2026-09-15T11:12:10Z</time>
        <extensions>
          <gpxdata:distance>4056.28</gpxdata:distance>
          <gpxdata:speed>0.851</gpxdata:speed>
        </extensions>
      </trkpt>
      <trkpt lat="46.8367802" lon="7.4774507">
        <ele>950.9</ele>
        <time>2026-09-15T11:12:17Z</time>
        <extensions>
          <gpxdata:distance>4061.69</gpxdata:distance>
          <gpxdata:speed>0.782</gpxdata:speed>
        </extensions>
      </trkpt>
      <trkpt lat="46.8367982" lon="7.4775297">
        <ele>951.8</ele>
        <time>2026-09-15T11:12:26Z</time>
        <extensions>
          <gpxdata:distance>4068.02</gpxdata:distance>
          <gpxdata:speed>0.700</gpxdata:speed>
        </extensions>
      </trkpt>
      <trkpt lat="46.8368522" lon="7.4776207">
        <ele>953.0</ele>
        <time>2026-09-15T11:12:39Z</time>
        <extensions>
          <gpxdata:distance>4077.19</gpxdata:distance>
          <gpxdata:speed>0.698</gpxdata:speed>
        </extensions>
      </trkpt>
      <trkpt lat="46.8369332" lon="7.4777257">
        <ele>953.8</ele>
        <time>2026-09-15T11:12:56Z</time>
        <extensions>
          <gpxdata:distance>4089.22</gpxdata:distance>
          <gpxdata:speed>0.730</gpxdata:speed>
        </extensions>
      </trkpt>
      <trkpt lat="46.8370232" lon="7.4778437">
        <ele>954.6</ele>
        <time>2026-09-15T11:13:13Z</time>
        <extensions>
          <gpxdata:distance>4102.67</gpxdata:distance>
          <gpxdata:speed>0.772</gpxdata:speed>
        </extensions>
      </trkpt>
      <trkpt lat="46.8371662" lon="7.4781847">
        <ele>956.9</ele>
        <time>2026-09-15T11:13:51Z</time>
        <extensions>
          <gpxdata:distance>4133.09</gpxdata:distance>
          <gpxdata:speed>0.797</gpxdata:speed>
        </extensions>
      </trkpt>
      <trkpt lat="46.8372202" lon="7.4783027">
        <ele>958.8</ele>
        <time>2026-09-15T11:14:05Z</time>
        <extensions>
          <gpxdata:distance>4143.89</gpxdata:distance>
          <gpxdata:speed>0.773</gpxdata:speed>
        </extensions>
      </trkpt>
      <trkpt lat="46.8372382" lon="7.4784867">
        <ele>960.5</ele>
        <time>2026-09-15T11:14:24Z</time>
        <extensions>
          <gpxdata:distance>4158.03</gpxdata:distance>
          <gpxdata:speed>0.760</gpxdata:speed>
        </extensions>
      </trkpt>
      <trkpt lat="46.8372652" lon="7.4786177">
        <ele>960.1</ele>
        <time>2026-09-15T11:14:37Z</time>
        <extensions>
          <gpxdata:distance>4168.44</gpxdata:distance>
          <gpxdata:speed>0.789</gpxdata:speed>
        </extensions>
      </trkpt>
      <trkpt lat="46.8373372" lon="7.4787877">
        <ele>960.4</ele>
        <time>2026-09-15T11:14:56Z</time>
        <extensions>
          <gpxdata:distance>4183.65</gpxdata:distance>
          <gpxdata:speed>0.812</gpxdata:speed>
        </extensions>
      </trkpt>
      <trkpt lat="46.8374182" lon="7.4789187">
        <ele>960.6</ele>
        <time>2026-09-15T11:15:12Z</time>
        <extensions>
          <gpxdata:distance>4197.08</gpxdata:distance>
          <gpxdata:speed>0.838</gpxdata:speed>
        </extensions>
      </trkpt>
      <trkpt lat="46.8374992" lon="7.4789847">
        <ele>961.0</ele>
        <time>2026-09-15T11:15:24Z</time>
        <extensions>
          <gpxdata:distance>4207.39</gpxdata:distance>
          <gpxdata:speed>0.855</gpxdata:speed>
        </extensions>
      </trkpt>
      <trkpt lat="46.8376072" lon="7.4789977">
        <ele>961.2</ele>
        <time>2026-09-15T11:15:38Z</time>
        <extensions>
          <gpxdata:distance>4219.44</gpxdata:distance>
          <gpxdata:speed>0.867</gpxdata:speed>
        </extensions>
      </trkpt>
      <trkpt lat="46.8377152" lon="7.4789717">
        <ele>960.9</ele>
        <time>2026-09-15T11:15:51Z</time>
        <extensions>
          <gpxdata:distance>4231.61</gpxdata:distance>
          <gpxdata:speed>0.888</gpxdata:speed>
        </extensions>
      </trkpt>
      <trkpt lat="46.8377782" lon="7.4789847">
        <ele>960.5</ele>
        <time>2026-09-15T11:15:59Z</time>
        <extensions>
          <gpxdata:distance>4238.68</gpxdata:distance>
          <gpxdata:speed>0.926</gpxdata:speed>
        </extensions>
      </trkpt>
      <trkpt lat="46.8378142" lon="7.4790377">
        <ele>960.1</ele>
        <time>2026-09-15T11:16:05Z</time>
        <extensions>
          <gpxdata:distance>4244.37</gpxdata:distance>
          <gpxdata:speed>0.980</gpxdata:speed>
        </extensions>
      </trkpt>
      <trkpt lat="46.8378772" lon="7.4791687">
        <ele>959.5</ele>
        <time>2026-09-15T11:16:17Z</time>
        <extensions>
          <gpxdata:distance>4256.55</gpxdata:distance>
          <gpxdata:speed>0.999</gpxdata:speed>
        </extensions>
      </trkpt>
      <trkpt lat="46.8380302" lon="7.4793127">
        <ele>959.6</ele>
        <time>2026-09-15T11:16:37Z</time>
        <extensions>
          <gpxdata:distance>4276.78</gpxdata:distance>
          <gpxdata:speed>1.006</gpxdata:speed>
        </extensions>
      </trkpt>
      <trkpt lat="46.8382362" lon="7.4794967">
        <ele>959.9</ele>
        <time>2026-09-15T11:17:04Z</time>
        <extensions>
          <gpxdata:distance>4303.62</gpxdata:distance>
          <gpxdata:speed>1.007</gpxdata:speed>
        </extensions>
      </trkpt>
      <trkpt lat="46.8383712" lon="7.4796017">
        <ele>959.3</ele>
        <time>2026-09-15T11:17:21Z</time>
        <extensions>
          <gpxdata:distance>4320.63</gpxdata:distance>
          <gpxdata:speed>0.999</gpxdata:speed>
        </extensions>
      </trkpt>
      <trkpt lat="46.8385782" lon="7.4797197">
        <ele>956.5</ele>
        <time>2026-09-15T11:17:46Z</time>
        <extensions>
          <gpxdata:distance>4345.33</gpxdata:distance>
          <gpxdata:speed>0.970</gpxdata:speed>
        </extensions>
      </trkpt>
      <trkpt lat="46.8387582" lon="7.4798377">
        <ele>956.0</ele>
        <time>2026-09-15T11:18:09Z</time>
        <extensions>
          <gpxdata:distance>4367.27</gpxdata:distance>
          <gpxdata:speed>0.967</gpxdata:speed>
        </extensions>
      </trkpt>
      <trkpt lat="46.8388302" lon="7.4799167">
        <ele>956.0</ele>
        <time>2026-09-15T11:18:19Z</time>
        <extensions>
          <gpxdata:distance>4377.28</gpxdata:distance>
          <gpxdata:speed>0.969</gpxdata:speed>
        </extensions>
      </trkpt>
      <trkpt lat="46.8388662" lon="7.4799947">
        <ele>956.3</ele>
        <time>2026-09-15T11:18:26Z</time>
        <extensions>
          <gpxdata:distance>4384.43</gpxdata:distance>
          <gpxdata:speed>0.975</gpxdata:speed>
        </extensions>
      </trkpt>
      <trkpt lat="46.8389022" lon="7.4801267">
        <ele>956.3</ele>
        <time>2026-09-15T11:18:38Z</time>
        <extensions>
          <gpxdata:distance>4395.24</gpxdata:distance>
          <gpxdata:speed>0.980</gpxdata:speed>
        </extensions>
      </trkpt>
      <trkpt lat="46.8389382" lon="7.4802047">
        <ele>955.9</ele>
        <time>2026-09-15T11:18:45Z</time>
        <extensions>
          <gpxdata:distance>4402.40</gpxdata:distance>
          <gpxdata:speed>0.981</gpxdata:speed>
        </extensions>
      </trkpt>
      <trkpt lat="46.8390102" lon="7.4802838">
        <ele>954.4</ele>
        <time>2026-09-15T11:18:55Z</time>
        <extensions>
          <gpxdata:distance>4412.42</gpxdata:distance>
          <gpxdata:speed>0.963</gpxdata:speed>
        </extensions>
      </trkpt>
      <trkpt lat="46.8390102" lon="7.4802838">
        <ele>954.4</ele>
        <time>2026-09-15T11:18:55Z</time>
        <extensions>
          <gpxdata:distance>4412.42</gpxdata:distance>
          <gpxdata:speed>0.000</gpxdata:speed>
        </extensions>
      </trkpt>
      <trkpt lat="46.8391002" lon="7.4803228">
        <ele>953.0</ele>
        <time>2026-09-15T11:19:06Z</time>
        <extensions>
          <gpxdata:distance>4422.85</gpxdata:distance>
          <gpxdata:speed>0.936</gpxdata:speed>
        </extensions>
      </trkpt>
      <trkpt lat="46.8392352" lon="7.4803498">
        <ele>951.2</ele>
        <time>2026-09-15T11:19:22Z</time>
        <extensions>
          <gpxdata:distance>4438.00</gpxdata:distance>
          <gpxdata:speed>0.940</gpxdata:speed>
        </extensions>
      </trkpt>
      <trkpt lat="46.8393242" lon="7.4803628">
        <ele>950.5</ele>
        <time>2026-09-15T11:19:33Z</time>
        <extensions>
          <gpxdata:distance>4447.95</gpxdata:distance>
          <gpxdata:speed>0.929</gpxdata:speed>
        </extensions>
      </trkpt>
      <trkpt lat="46.8394322" lon="7.4803368">
        <ele>950.0</ele>
        <time>2026-09-15T11:19:46Z</time>
        <extensions>
          <gpxdata:distance>4460.12</gpxdata:distance>
          <gpxdata:speed>0.924</gpxdata:speed>
        </extensions>
      </trkpt>
      <trkpt lat="46.8394592" lon="7.4803238">
        <ele>949.6</ele>
        <time>2026-09-15T11:19:50Z</time>
        <extensions>
          <gpxdata:distance>4463.28</gpxdata:distance>
          <gpxdata:speed>0.911</gpxdata:speed>
        </extensions>
      </trkpt>
      <trkpt lat="46.8394592" lon="7.4803238">
        <ele>949.6</ele>
        <time>2026-09-15T11:19:50Z</time>
        <extensions>
          <gpxdata:distance>4463.28</gpxdata:distance>
          <gpxdata:speed>0.000</gpxdata:speed>
        </extensions>
      </trkpt>
      <trkpt lat="46.8395402" lon="7.4802838">
        <ele>948.7</ele>
        <time>2026-09-15T11:20:00Z</time>
        <extensions>
          <gpxdata:distance>4472.79</gpxdata:distance>
          <gpxdata:speed>0.896</gpxdata:speed>
        </extensions>
      </trkpt>
      <trkpt lat="46.8397562" lon="7.4801668">
        <ele>945.3</ele>
        <time>2026-09-15T11:20:29Z</time>
        <extensions>
          <gpxdata:distance>4498.40</gpxdata:distance>
          <gpxdata:speed>0.900</gpxdata:speed>
        </extensions>
      </trkpt>
      <trkpt lat="46.8399722" lon="7.4800358">
        <ele>941.9</ele>
        <time>2026-09-15T11:20:58Z</time>
        <extensions>
          <gpxdata:distance>4524.41</gpxdata:distance>
          <gpxdata:speed>0.905</gpxdata:speed>
        </extensions>
      </trkpt>
      <trkpt lat="46.8400352" lon="7.4800088">
        <ele>940.8</ele>
        <time>2026-09-15T11:21:06Z</time>
        <extensions>
          <gpxdata:distance>4531.71</gpxdata:distance>
          <gpxdata:speed>0.905</gpxdata:speed>
        </extensions>
      </trkpt>
      <trkpt lat="46.8401252" lon="7.4800228">
        <ele>939.3</ele>
        <time>2026-09-15T11:21:17Z</time>
        <extensions>
          <gpxdata:distance>4541.77</gpxdata:distance>
          <gpxdata:speed>0.908</gpxdata:speed>
        </extensions>
      </trkpt>
      <trkpt lat="46.8402242" lon="7.4800488">
        <ele>938.1</ele>
        <time>2026-09-15T11:21:29Z</time>
        <extensions>
          <gpxdata:distance>4552.95</gpxdata:distance>
          <gpxdata:speed>0.911</gpxdata:speed>
        </extensions>
      </trkpt>
      <trkpt lat="46.8402242" lon="7.4800488">
        <ele>938.1</ele>
        <time>2026-09-15T11:21:29Z</time>
        <extensions>
          <gpxdata:distance>4552.95</gpxdata:distance>
          <gpxdata:speed>0.000</gpxdata:speed>
        </extensions>
      </trkpt>
      <trkpt lat="46.8401882" lon="7.4798778">
        <ele>938.1</ele>
        <time>2026-09-15T11:21:44Z</time>
        <extensions>
          <gpxdata:distance>4566.56</gpxdata:distance>
          <gpxdata:speed>0.905</gpxdata:speed>
        </extensions>
      </trkpt>
      <trkpt lat="46.8401522" lon="7.4797208">
        <ele>937.8</ele>
        <time>2026-09-15T11:21:58Z</time>
        <extensions>
          <gpxdata:distance>4579.16</gpxdata:distance>
          <gpxdata:speed>0.896</gpxdata:speed>
        </extensions>
      </trkpt>
      <trkpt lat="46.8401432" lon="7.4795898">
        <ele>937.3</ele>
        <time>2026-09-15T11:22:09Z</time>
        <extensions>
          <gpxdata:distance>4589.17</gpxdata:distance>
          <gpxdata:speed>0.897</gpxdata:speed>
        </extensions>
      </trkpt>
      <trkpt lat="46.8401342" lon="7.4794058">
        <ele>936.6</ele>
        <time>2026-09-15T11:22:25Z</time>
        <extensions>
          <gpxdata:distance>4603.20</gpxdata:distance>
          <gpxdata:speed>0.913</gpxdata:speed>
        </extensions>
      </trkpt>
      <trkpt lat="46.8401172" lon="7.4789998">
        <ele>935.8</ele>
        <time>2026-09-15T11:22:58Z</time>
        <extensions>
          <gpxdata:distance>4634.14</gpxdata:distance>
          <gpxdata:speed>0.942</gpxdata:speed>
        </extensions>
      </trkpt>
      <trkpt lat="46.8400903" lon="7.4781218">
        <ele>937.4</ele>
        <time>2026-09-15T11:24:05Z</time>
        <extensions>
          <gpxdata:distance>4700.99</gpxdata:distance>
          <gpxdata:speed>0.987</gpxdata:speed>
        </extensions>
      </trkpt>
      <trkpt lat="46.8400813" lon="7.4778728">
        <ele>938.3</ele>
        <time>2026-09-15T11:24:24Z</time>
        <extensions>
          <gpxdata:distance>4719.96</gpxdata:distance>
          <gpxdata:speed>1.005</gpxdata:speed>
        </extensions>
      </trkpt>
      <trkpt lat="46.8400903" lon="7.4777018">
        <ele>938.6</ele>
        <time>2026-09-15T11:24:37Z</time>
        <extensions>
          <gpxdata:distance>4733.00</gpxdata:distance>
          <gpxdata:speed>1.005</gpxdata:speed>
        </extensions>
      </trkpt>
      <trkpt lat="46.8401173" lon="7.4775448">
        <ele>938.5</ele>
        <time>2026-09-15T11:24:49Z</time>
        <extensions>
          <gpxdata:distance>4745.31</gpxdata:distance>
          <gpxdata:speed>1.007</gpxdata:speed>
        </extensions>
      </trkpt>
      <trkpt lat="46.8401803" lon="7.4773748">
        <ele>938.3</ele>
        <time>2026-09-15T11:25:04Z</time>
        <extensions>
          <gpxdata:distance>4760.02</gpxdata:distance>
          <gpxdata:speed>1.010</gpxdata:speed>
        </extensions>
      </trkpt>
      <trkpt lat="46.8401803" lon="7.4773748">
        <ele>938.3</ele>
        <time>2026-09-15T11:25:04Z</time>
        <extensions>
          <gpxdata:distance>4760.02</gpxdata:distance>
          <gpxdata:speed>0.000</gpxdata:speed>
        </extensions>
      </trkpt>
      <trkpt lat="46.8403333" lon="7.4769948">
        <ele>938.0</ele>
        <time>2026-09-15T11:25:37Z</time>
        <extensions>
          <gpxdata:distance>4793.56</gpxdata:distance>
          <gpxdata:speed>1.004</gpxdata:speed>
        </extensions>
      </trkpt>
      <trkpt lat="46.8404863" lon="7.4766138">
        <ele>938.1</ele>
        <time>2026-09-15T11:26:11Z</time>
        <extensions>
          <gpxdata:distance>4827.16</gpxdata:distance>
          <gpxdata:speed>0.995</gpxdata:speed>
        </extensions>
      </trkpt>
      <trkpt lat="46.8407923" lon="7.4758278">
        <ele>939.1</ele>
        <time>2026-09-15T11:27:21Z</time>
        <extensions>
          <gpxdata:distance>4895.95</gpxdata:distance>
          <gpxdata:speed>0.980</gpxdata:speed>
        </extensions>
      </trkpt>
      <trkpt lat="46.8408643" lon="7.4756318">
        <ele>939.3</ele>
        <time>2026-09-15T11:27:38Z</time>
        <extensions>
          <gpxdata:distance>4912.87</gpxdata:distance>
          <gpxdata:speed>0.990</gpxdata:speed>
        </extensions>
      </trkpt>
      <trkpt lat="46.8409363" lon="7.4754088">
        <ele>939.6</ele>
        <time>2026-09-15T11:27:57Z</time>
        <extensions>
          <gpxdata:distance>4931.63</gpxdata:distance>
          <gpxdata:speed>0.997</gpxdata:speed>
        </extensions>
      </trkpt>
      <trkpt lat="46.8410173" lon="7.4751338">
        <ele>939.8</ele>
        <time>2026-09-15T11:28:20Z</time>
        <extensions>
          <gpxdata:distance>4954.40</gpxdata:distance>
          <gpxdata:speed>0.999</gpxdata:speed>
        </extensions>
      </trkpt>
      <trkpt lat="46.8410713" lon="7.4748978">
        <ele>939.9</ele>
        <time>2026-09-15T11:28:39Z</time>
        <extensions>
          <gpxdata:distance>4973.33</gpxdata:distance>
          <gpxdata:speed>0.997</gpxdata:speed>
        </extensions>
      </trkpt>
      <trkpt lat="46.8413333" lon="7.4736129">
        <ele>941.5</ele>
        <time>2026-09-15T11:30:22Z</time>
        <extensions>
          <gpxdata:distance>5075.31</gpxdata:distance>
          <gpxdata:speed>0.987</gpxdata:speed>
        </extensions>
      </trkpt>
      <trkpt lat="46.8413873" lon="7.4733769">
        <ele>941.7</ele>
        <time>2026-09-15T11:30:42Z</time>
        <extensions>
          <gpxdata:distance>5094.24</gpxdata:distance>
          <gpxdata:speed>0.987</gpxdata:speed>
        </extensions>
      </trkpt>
      <trkpt lat="46.8413873" lon="7.4733769">
        <ele>941.7</ele>
        <time>2026-09-15T11:30:42Z</time>
        <extensions>
          <gpxdata:distance>5094.24</gpxdata:distance>
          <gpxdata:speed>0.000</gpxdata:speed>
        </extensions>
      </trkpt>
      <trkpt lat="46.8414323" lon="7.4734819">
        <ele>942.3</ele>
        <time>2026-09-15T11:30:51Z</time>
        <extensions>
          <gpxdata:distance>5103.66</gpxdata:distance>
          <gpxdata:speed>0.974</gpxdata:speed>
        </extensions>
      </trkpt>
      <trkpt lat="46.8414323" lon="7.4734819">
        <ele>942.3</ele>
        <time>2026-09-15T11:30:51Z</time>
        <extensions>
          <gpxdata:distance>5103.66</gpxdata:distance>
          <gpxdata:speed>0.000</gpxdata:speed>
        </extensions>
      </trkpt>
      <trkpt lat="46.8417833" lon="7.4732069">
        <ele>943.7</ele>
        <time>2026-09-15T11:31:37Z</time>
        <extensions>
          <gpxdata:distance>5147.94</gpxdata:distance>
          <gpxdata:speed>0.965</gpxdata:speed>
        </extensions>
      </trkpt>
      <trkpt lat="46.8420073" lon="7.4730369">
        <ele>944.5</ele>
        <time>2026-09-15T11:32:06Z</time>
        <extensions>
          <gpxdata:distance>5176.01</gpxdata:distance>
          <gpxdata:speed>0.961</gpxdata:speed>
        </extensions>
      </trkpt>
      <trkpt lat="46.8422143" lon="7.4728789">
        <ele>945.3</ele>
        <time>2026-09-15T11:32:33Z</time>
        <extensions>
          <gpxdata:distance>5201.97</gpxdata:distance>
          <gpxdata:speed>0.956</gpxdata:speed>
        </extensions>
      </trkpt>
      <trkpt lat="46.8423853" lon="7.4727479">
        <ele>946.3</ele>
        <time>2026-09-15T11:32:56Z</time>
        <extensions>
          <gpxdata:distance>5223.44</gpxdata:distance>
          <gpxdata:speed>0.947</gpxdata:speed>
        </extensions>
      </trkpt>
      <trkpt lat="46.8427183" lon="7.4725909">
        <ele>947.5</ele>
        <time>2026-09-15T11:33:38Z</time>
        <extensions>
          <gpxdata:distance>5262.34</gpxdata:distance>
          <gpxdata:speed>0.931</gpxdata:speed>
        </extensions>
      </trkpt>
      <trkpt lat="46.8428354" lon="7.4725129">
        <ele>948.1</ele>
        <time>2026-09-15T11:33:53Z</time>
        <extensions>
          <gpxdata:distance>5276.65</gpxdata:distance>
          <gpxdata:speed>0.923</gpxdata:speed>
        </extensions>
      </trkpt>
      <trkpt lat="46.8429344" lon="7.4724339">
        <ele>948.7</ele>
        <time>2026-09-15T11:34:07Z</time>
        <extensions>
          <gpxdata:distance>5289.19</gpxdata:distance>
          <gpxdata:speed>0.921</gpxdata:speed>
        </extensions>
      </trkpt>
      <trkpt lat="46.8430604" lon="7.4723159">
        <ele>949.2</ele>
        <time>2026-09-15T11:34:25Z</time>
        <extensions>
          <gpxdata:distance>5305.83</gpxdata:distance>
          <gpxdata:speed>0.926</gpxdata:speed>
        </extensions>
      </trkpt>
      <trkpt lat="46.8433574" lon="7.4719759">
        <ele>950.7</ele>
        <time>2026-09-15T11:35:10Z</time>
        <extensions>
          <gpxdata:distance>5347.78</gpxdata:distance>
          <gpxdata:speed>0.925</gpxdata:speed>
        </extensions>
      </trkpt>
      <trkpt lat="46.8434654" lon="7.4718839">
        <ele>951.0</ele>
        <time>2026-09-15T11:35:25Z</time>
        <extensions>
          <gpxdata:distance>5361.68</gpxdata:distance>
          <gpxdata:speed>0.926</gpxdata:speed>
        </extensions>
      </trkpt>
      <trkpt lat="46.8435734" lon="7.4717919">
        <ele>951.2</ele>
        <time>2026-09-15T11:35:40Z</time>
        <extensions>
          <gpxdata:distance>5375.57</gpxdata:distance>
          <gpxdata:speed>0.927</gpxdata:speed>
        </extensions>
      </trkpt>
      <trkpt lat="46.8437534" lon="7.4717009">
        <ele>951.4</ele>
        <time>2026-09-15T11:36:03Z</time>
        <extensions>
          <gpxdata:distance>5396.75</gpxdata:distance>
          <gpxdata:speed>0.933</gpxdata:speed>
        </extensions>
      </trkpt>
      <trkpt lat="46.8439334" lon="7.4716089">
        <ele>951.7</ele>
        <time>2026-09-15T11:36:26Z</time>
        <extensions>
          <gpxdata:distance>5417.96</gpxdata:distance>
          <gpxdata:speed>0.942</gpxdata:speed>
        </extensions>
      </trkpt>
      <trkpt lat="46.8442664" lon="7.4714120">
        <ele>951.8</ele>
        <time>2026-09-15T11:37:07Z</time>
        <extensions>
          <gpxdata:distance>5457.90</gpxdata:distance>
          <gpxdata:speed>0.957</gpxdata:speed>
        </extensions>
      </trkpt>
      <trkpt lat="46.8445004" lon="7.4712810">
        <ele>951.5</ele>
        <time>2026-09-15T11:37:36Z</time>
        <extensions>
          <gpxdata:distance>5485.76</gpxdata:distance>
          <gpxdata:speed>0.971</gpxdata:speed>
        </extensions>
      </trkpt>
      <trkpt lat="46.8446174" lon="7.4711900">
        <ele>951.3</ele>
        <time>2026-09-15T11:37:51Z</time>
        <extensions>
          <gpxdata:distance>5500.50</gpxdata:distance>
          <gpxdata:speed>0.981</gpxdata:speed>
        </extensions>
      </trkpt>
      <trkpt lat="46.8449414" lon="7.4709150">
        <ele>949.6</ele>
        <time>2026-09-15T11:38:32Z</time>
        <extensions>
          <gpxdata:distance>5542.15</gpxdata:distance>
          <gpxdata:speed>1.008</gpxdata:speed>
        </extensions>
      </trkpt>
      <trkpt lat="46.8452014" lon="7.4707310">
        <ele>948.4</ele>
        <time>2026-09-15T11:39:04Z</time>
        <extensions>
          <gpxdata:distance>5574.27</gpxdata:distance>
          <gpxdata:speed>0.999</gpxdata:speed>
        </extensions>
      </trkpt>
      <trkpt lat="46.8456154" lon="7.4704040">
        <ele>946.7</ele>
        <time>2026-09-15T11:39:57Z</time>
        <extensions>
          <gpxdata:distance>5626.60</gpxdata:distance>
          <gpxdata:speed>0.992</gpxdata:speed>
        </extensions>
      </trkpt>
      <trkpt lat="46.8457414" lon="7.4702860">
        <ele>946.3</ele>
        <time>2026-09-15T11:40:14Z</time>
        <extensions>
          <gpxdata:distance>5643.23</gpxdata:distance>
          <gpxdata:speed>0.989</gpxdata:speed>
        </extensions>
      </trkpt>
      <trkpt lat="46.8458674" lon="7.4701550">
        <ele>946.3</ele>
        <time>2026-09-15T11:40:31Z</time>
        <extensions>
          <gpxdata:distance>5660.43</gpxdata:distance>
          <gpxdata:speed>0.988</gpxdata:speed>
        </extensions>
      </trkpt>
      <trkpt lat="46.8460834" lon="7.4699320">
        <ele>946.1</ele>
        <time>2026-09-15T11:41:01Z</time>
        <extensions>
          <gpxdata:distance>5689.83</gpxdata:distance>
          <gpxdata:speed>0.986</gpxdata:speed>
        </extensions>
      </trkpt>
      <trkpt lat="46.8464344" lon="7.4695260">
        <ele>947.8</ele>
        <time>2026-09-15T11:41:51Z</time>
        <extensions>
          <gpxdata:distance>5739.60</gpxdata:distance>
          <gpxdata:speed>0.994</gpxdata:speed>
        </extensions>
      </trkpt>
      <trkpt lat="46.8464884" lon="7.4694470">
        <ele>948.3</ele>
        <time>2026-09-15T11:42:00Z</time>
        <extensions>
          <gpxdata:distance>5748.09</gpxdata:distance>
          <gpxdata:speed>0.997</gpxdata:speed>
        </extensions>
      </trkpt>
      <trkpt lat="46.8465604" lon="7.4693290">
        <ele>948.9</ele>
        <time>2026-09-15T11:42:12Z</time>
        <extensions>
          <gpxdata:distance>5760.12</gpxdata:distance>
          <gpxdata:speed>1.001</gpxdata:speed>
        </extensions>
      </trkpt>
      <trkpt lat="46.8466144" lon="7.4691980">
        <ele>949.1</ele>
        <time>2026-09-15T11:42:23Z</time>
        <extensions>
          <gpxdata:distance>5771.75</gpxdata:distance>
          <gpxdata:speed>1.010</gpxdata:speed>
        </extensions>
      </trkpt>
      <trkpt lat="46.8466864" lon="7.4690010">
        <ele>949.1</ele>
        <time>2026-09-15T11:42:40Z</time>
        <extensions>
          <gpxdata:distance>5788.74</gpxdata:distance>
          <gpxdata:speed>1.004</gpxdata:speed>
        </extensions>
      </trkpt>
      <trkpt lat="46.8466864" lon="7.4690010">
        <ele>949.1</ele>
        <time>2026-09-15T11:42:40Z</time>
        <extensions>
          <gpxdata:distance>5788.74</gpxdata:distance>
          <gpxdata:speed>0.000</gpxdata:speed>
        </extensions>
      </trkpt>
      <trkpt lat="46.8468214" lon="7.4686481">
        <ele>948.0</ele>
        <time>2026-09-15T11:43:11Z</time>
        <extensions>
          <gpxdata:distance>5819.49</gpxdata:distance>
          <gpxdata:speed>0.988</gpxdata:speed>
        </extensions>
      </trkpt>
      <trkpt lat="46.8469654" lon="7.4683201">
        <ele>946.7</ele>
        <time>2026-09-15T11:43:41Z</time>
        <extensions>
          <gpxdata:distance>5849.13</gpxdata:distance>
          <gpxdata:speed>1.007</gpxdata:speed>
        </extensions>
      </trkpt>
      <trkpt lat="46.8469654" lon="7.4683201">
        <ele>946.7</ele>
        <time>2026-09-15T11:43:41Z</time>
        <extensions>
          <gpxdata:distance>5849.13</gpxdata:distance>
          <gpxdata:speed>0.000</gpxdata:speed>
        </extensions>
      </trkpt>
      <trkpt lat="46.8469924" lon="7.4683591">
        <ele>946.6</ele>
        <time>2026-09-15T11:43:45Z</time>
        <extensions>
          <gpxdata:distance>5853.35</gpxdata:distance>
          <gpxdata:speed>0.999</gpxdata:speed>
        </extensions>
      </trkpt>
      <trkpt lat="46.8471544" lon="7.4685691">
        <ele>947.6</ele>
        <time>2026-09-15T11:44:09Z</time>
        <extensions>
          <gpxdata:distance>5877.42</gpxdata:distance>
          <gpxdata:speed>1.005</gpxdata:speed>
        </extensions>
      </trkpt>
      <trkpt lat="46.8472264" lon="7.4686741">
        <ele>948.0</ele>
        <time>2026-09-15T11:44:20Z</time>
        <extensions>
          <gpxdata:distance>5888.73</gpxdata:distance>
          <gpxdata:speed>1.003</gpxdata:speed>
        </extensions>
      </trkpt>
      <trkpt lat="46.8473074" lon="7.4687401">
        <ele>947.9</ele>
        <time>2026-09-15T11:44:31Z</time>
        <extensions>
          <gpxdata:distance>5899.04</gpxdata:distance>
          <gpxdata:speed>1.000</gpxdata:speed>
        </extensions>
      </trkpt>
      <trkpt lat="46.8473884" lon="7.4688051">
        <ele>947.7</ele>
        <time>2026-09-15T11:44:41Z</time>
        <extensions>
          <gpxdata:distance>5909.32</gpxdata:distance>
          <gpxdata:speed>0.997</gpxdata:speed>
        </extensions>
      </trkpt>
      <trkpt lat="46.8474694" lon="7.4688581">
        <ele>947.6</ele>
        <time>2026-09-15T11:44:51Z</time>
        <extensions>
          <gpxdata:distance>5919.18</gpxdata:distance>
          <gpxdata:speed>0.998</gpxdata:speed>
        </extensions>
      </trkpt>
      <trkpt lat="46.8475144" lon="7.4688841">
        <ele>947.4</ele>
        <time>2026-09-15T11:44:56Z</time>
        <extensions>
          <gpxdata:distance>5924.56</gpxdata:distance>
          <gpxdata:speed>1.005</gpxdata:speed>
        </extensions>
      </trkpt>
      <trkpt lat="46.8475864" lon="7.4689891">
        <ele>947.1</ele>
        <time>2026-09-15T11:45:07Z</time>
        <extensions>
          <gpxdata:distance>5935.87</gpxdata:distance>
          <gpxdata:speed>1.001</gpxdata:speed>
        </extensions>
      </trkpt>
      <trkpt lat="46.8477124" lon="7.4693561">
        <ele>942.6</ele>
        <time>2026-09-15T11:45:40Z</time>
        <extensions>
          <gpxdata:distance>5967.10</gpxdata:distance>
          <gpxdata:speed>0.968</gpxdata:speed>
        </extensions>
      </trkpt>
      <trkpt lat="46.8477124" lon="7.4693561">
        <ele>942.6</ele>
        <time>2026-09-15T11:45:40Z</time>
        <extensions>
          <gpxdata:distance>5967.10</gpxdata:distance>
          <gpxdata:speed>0.000</gpxdata:speed>
        </extensions>
      </trkpt>
      <trkpt lat="46.8478194" lon="7.4694611">
        <ele>941.1</ele>
        <time>2026-09-15T11:45:55Z</time>
        <extensions>
          <gpxdata:distance>5981.43</gpxdata:distance>
          <gpxdata:speed>0.935</gpxdata:speed>
        </extensions>
      </trkpt>
      <trkpt lat="46.8479094" lon="7.4695401">
        <ele>940.2</ele>
        <time>2026-09-15T11:46:08Z</time>
        <extensions>
          <gpxdata:distance>5993.10</gpxdata:distance>
          <gpxdata:speed>0.922</gpxdata:speed>
        </extensions>
      </trkpt>
      <trkpt lat="46.8479094" lon="7.4695401">
        <ele>940.2</ele>
        <time>2026-09-15T11:46:08Z</time>
        <extensions>
          <gpxdata:distance>5993.10</gpxdata:distance>
          <gpxdata:speed>0.000</gpxdata:speed>
        </extensions>
      </trkpt>
      <trkpt lat="46.8479274" lon="7.4695531">
        <ele>940.2</ele>
        <time>2026-09-15T11:46:10Z</time>
        <extensions>
          <gpxdata:distance>5995.33</gpxdata:distance>
          <gpxdata:speed>0.908</gpxdata:speed>
        </extensions>
      </trkpt>
      <trkpt lat="46.8481524" lon="7.4696971">
        <ele>937.3</ele>
        <time>2026-09-15T11:46:41Z</time>
        <extensions>
          <gpxdata:distance>6022.65</gpxdata:distance>
          <gpxdata:speed>0.895</gpxdata:speed>
        </extensions>
      </trkpt>
      <trkpt lat="46.8482874" lon="7.4698411">
        <ele>934.9</ele>
        <time>2026-09-15T11:47:01Z</time>
        <extensions>
          <gpxdata:distance>6041.23</gpxdata:distance>
          <gpxdata:speed>0.901</gpxdata:speed>
        </extensions>
      </trkpt>
      <trkpt lat="46.8485034" lon="7.4701821">
        <ele>929.3</ele>
        <time>2026-09-15T11:47:40Z</time>
        <extensions>
          <gpxdata:distance>6076.57</gpxdata:distance>
          <gpxdata:speed>0.919</gpxdata:speed>
        </extensions>
      </trkpt>
      <trkpt lat="46.8486294" lon="7.4703661">
        <ele>925.6</ele>
        <time>2026-09-15T11:48:01Z</time>
        <extensions>
          <gpxdata:distance>6096.38</gpxdata:distance>
          <gpxdata:speed>0.923</gpxdata:speed>
        </extensions>
      </trkpt>
      <trkpt lat="46.8490604" lon="7.4707071">
        <ele>917.4</ele>
        <time>2026-09-15T11:49:00Z</time>
        <extensions>
          <gpxdata:distance>6150.87</gpxdata:distance>
          <gpxdata:speed>0.928</gpxdata:speed>
        </extensions>
      </trkpt>
      <trkpt lat="46.8493394" lon="7.4710481">
        <ele>911.9</ele>
        <time>2026-09-15T11:49:43Z</time>
        <extensions>
          <gpxdata:distance>6191.30</gpxdata:distance>
          <gpxdata:speed>0.930</gpxdata:speed>
        </extensions>
      </trkpt>
      <trkpt lat="46.8494564" lon="7.4711791">
        <ele>909.5</ele>
        <time>2026-09-15T11:50:01Z</time>
        <extensions>
          <gpxdata:distance>6207.69</gpxdata:distance>
          <gpxdata:speed>0.934</gpxdata:speed>
        </extensions>
      </trkpt>
      <trkpt lat="46.8494564" lon="7.4711791">
        <ele>909.5</ele>
        <time>2026-09-15T11:50:01Z</time>
        <extensions>
          <gpxdata:distance>6207.69</gpxdata:distance>
          <gpxdata:speed>0.000</gpxdata:speed>
        </extensions>
      </trkpt>
      <trkpt lat="46.8495464" lon="7.4712061">
        <ele>908.5</ele>
        <time>2026-09-15T11:50:12Z</time>
        <extensions>
          <gpxdata:distance>6217.90</gpxdata:distance>
          <gpxdata:speed>0.933</gpxdata:speed>
        </extensions>
      </trkpt>
      <trkpt lat="46.8496274" lon="7.4712191">
        <ele>907.9</ele>
        <time>2026-09-15T11:50:22Z</time>
        <extensions>
          <gpxdata:distance>6226.96</gpxdata:distance>
          <gpxdata:speed>0.934</gpxdata:speed>
        </extensions>
      </trkpt>
      <trkpt lat="46.8497534" lon="7.4711801">
        <ele>906.6</ele>
        <time>2026-09-15T11:50:37Z</time>
        <extensions>
          <gpxdata:distance>6241.29</gpxdata:distance>
          <gpxdata:speed>0.932</gpxdata:speed>
        </extensions>
      </trkpt>
      <trkpt lat="46.8498524" lon="7.4711011">
        <ele>905.7</ele>
        <time>2026-09-15T11:50:51Z</time>
        <extensions>
          <gpxdata:distance>6253.83</gpxdata:distance>
          <gpxdata:speed>0.925</gpxdata:speed>
        </extensions>
      </trkpt>
      <trkpt lat="46.8499424" lon="7.4710361">
        <ele>904.9</ele>
        <time>2026-09-15T11:51:03Z</time>
        <extensions>
          <gpxdata:distance>6264.99</gpxdata:distance>
          <gpxdata:speed>0.915</gpxdata:speed>
        </extensions>
      </trkpt>
      <trkpt lat="46.8500594" lon="7.4709572">
        <ele>903.4</ele>
        <time>2026-09-15T11:51:19Z</time>
        <extensions>
          <gpxdata:distance>6279.31</gpxdata:distance>
          <gpxdata:speed>0.903</gpxdata:speed>
        </extensions>
      </trkpt>
      <trkpt lat="46.8501404" lon="7.4709442">
        <ele>902.8</ele>
        <time>2026-09-15T11:51:29Z</time>
        <extensions>
          <gpxdata:distance>6288.38</gpxdata:distance>
          <gpxdata:speed>0.901</gpxdata:speed>
        </extensions>
      </trkpt>
      <trkpt lat="46.8502394" lon="7.4709442">
        <ele>901.9</ele>
        <time>2026-09-15T11:51:41Z</time>
        <extensions>
          <gpxdata:distance>6299.38</gpxdata:distance>
          <gpxdata:speed>0.913</gpxdata:speed>
        </extensions>
      </trkpt>
      <trkpt lat="46.8503384" lon="7.4710492">
        <ele>901.1</ele>
        <time>2026-09-15T11:51:56Z</time>
        <extensions>
          <gpxdata:distance>6312.98</gpxdata:distance>
          <gpxdata:speed>0.916</gpxdata:speed>
        </extensions>
      </trkpt>
      <trkpt lat="46.8504104" lon="7.4711672">
        <ele>899.9</ele>
        <time>2026-09-15T11:52:09Z</time>
        <extensions>
          <gpxdata:distance>6325.01</gpxdata:distance>
          <gpxdata:speed>0.916</gpxdata:speed>
        </extensions>
      </trkpt>
      <trkpt lat="46.8504104" lon="7.4711672">
        <ele>899.9</ele>
        <time>2026-09-15T11:52:09Z</time>
        <extensions>
          <gpxdata:distance>6325.01</gpxdata:distance>
          <gpxdata:speed>0.000</gpxdata:speed>
        </extensions>
      </trkpt>
      <trkpt lat="46.8504824" lon="7.4713902">
        <ele>898.0</ele>
        <time>2026-09-15T11:52:29Z</time>
        <extensions>
          <gpxdata:distance>6343.76</gpxdata:distance>
          <gpxdata:speed>0.912</gpxdata:speed>
        </extensions>
      </trkpt>
      <trkpt lat="46.8505444" lon="7.4715212">
        <ele>896.1</ele>
        <time>2026-09-15T11:52:43Z</time>
        <extensions>
          <gpxdata:distance>6355.88</gpxdata:distance>
          <gpxdata:speed>0.901</gpxdata:speed>
        </extensions>
      </trkpt>
      <trkpt lat="46.8507154" lon="7.4718362">
        <ele>892.9</ele>
        <time>2026-09-15T11:53:17Z</time>
        <extensions>
          <gpxdata:distance>6386.46</gpxdata:distance>
          <gpxdata:speed>0.896</gpxdata:speed>
        </extensions>
      </trkpt>
      <trkpt lat="46.8507154" lon="7.4718362">
        <ele>892.9</ele>
        <time>2026-09-15T11:53:17Z</time>
        <extensions>
          <gpxdata:distance>6386.46</gpxdata:distance>
          <gpxdata:speed>0.000</gpxdata:speed>
        </extensions>
      </trkpt>
      <trkpt lat="46.8509494" lon="7.4722562">
        <ele>890.8</ele>
        <time>2026-09-15T11:54:02Z</time>
        <extensions>
          <gpxdata:distance>6427.66</gpxdata:distance>
          <gpxdata:speed>0.909</gpxdata:speed>
        </extensions>
      </trkpt>
      <trkpt lat="46.8510484" lon="7.4724522">
        <ele>890.2</ele>
        <time>2026-09-15T11:54:22Z</time>
        <extensions>
          <gpxdata:distance>6446.19</gpxdata:distance>
          <gpxdata:speed>0.916</gpxdata:speed>
        </extensions>
      </trkpt>
      <trkpt lat="46.8510484" lon="7.4724522">
        <ele>890.2</ele>
        <time>2026-09-15T11:54:22Z</time>
        <extensions>
          <gpxdata:distance>6446.19</gpxdata:distance>
          <gpxdata:speed>0.000</gpxdata:speed>
        </extensions>
      </trkpt>
      <trkpt lat="46.8511024" lon="7.4725702">
        <ele>890.3</ele>
        <time>2026-09-15T11:54:34Z</time>
        <extensions>
          <gpxdata:distance>6456.98</gpxdata:distance>
          <gpxdata:speed>0.924</gpxdata:speed>
        </extensions>
      </trkpt>
      <trkpt lat="46.8511474" lon="7.4726492">
        <ele>889.9</ele>
        <time>2026-09-15T11:54:43Z</time>
        <extensions>
          <gpxdata:distance>6464.80</gpxdata:distance>
          <gpxdata:speed>0.925</gpxdata:speed>
        </extensions>
      </trkpt>
      <trkpt lat="46.8511474" lon="7.4726492">
        <ele>889.9</ele>
        <time>2026-09-15T11:54:43Z</time>
        <extensions>
          <gpxdata:distance>6464.80</gpxdata:distance>
          <gpxdata:speed>0.000</gpxdata:speed>
        </extensions>
      </trkpt>
      <trkpt lat="46.8512014" lon="7.4727012">
        <ele>889.7</ele>
        <time>2026-09-15T11:54:50Z</time>
        <extensions>
          <gpxdata:distance>6471.99</gpxdata:distance>
          <gpxdata:speed>0.943</gpxdata:speed>
        </extensions>
      </trkpt>
      <trkpt lat="46.8512824" lon="7.4727672">
        <ele>889.5</ele>
        <time>2026-09-15T11:55:01Z</time>
        <extensions>
          <gpxdata:distance>6482.30</gpxdata:distance>
          <gpxdata:speed>0.967</gpxdata:speed>
        </extensions>
      </trkpt>
      <trkpt lat="46.8514444" lon="7.4728852">
        <ele>889.3</ele>
        <time>2026-09-15T11:55:22Z</time>
        <extensions>
          <gpxdata:distance>6502.43</gpxdata:distance>
          <gpxdata:speed>0.972</gpxdata:speed>
        </extensions>
      </trkpt>
      <trkpt lat="46.8516054" lon="7.4729772">
        <ele>889.7</ele>
        <time>2026-09-15T11:55:41Z</time>
        <extensions>
          <gpxdata:distance>6521.65</gpxdata:distance>
          <gpxdata:speed>0.997</gpxdata:speed>
        </extensions>
      </trkpt>
      <trkpt lat="46.8516054" lon="7.4729772">
        <ele>889.7</ele>
        <time>2026-09-15T11:55:41Z</time>
        <extensions>
          <gpxdata:distance>6521.65</gpxdata:distance>
          <gpxdata:speed>0.000</gpxdata:speed>
        </extensions>
      </trkpt>
      <trkpt lat="46.8517224" lon="7.4730032">
        <ele>889.4</ele>
        <time>2026-09-15T11:55:54Z</time>
        <extensions>
          <gpxdata:distance>6534.81</gpxdata:distance>
          <gpxdata:speed>1.001</gpxdata:speed>
        </extensions>
      </trkpt>
      <trkpt lat="46.8518304" lon="7.4730432">
        <ele>889.8</ele>
        <time>2026-09-15T11:56:06Z</time>
        <extensions>
          <gpxdata:distance>6547.20</gpxdata:distance>
          <gpxdata:speed>1.005</gpxdata:speed>
        </extensions>
      </trkpt>
      <trkpt lat="46.8520464" lon="7.4732002">
        <ele>892.7</ele>
        <time>2026-09-15T11:56:35Z</time>
        <extensions>
          <gpxdata:distance>6574.02</gpxdata:distance>
          <gpxdata:speed>0.947</gpxdata:speed>
        </extensions>
      </trkpt>
      <trkpt lat="46.8521184" lon="7.4732532">
        <ele>893.7</ele>
        <time>2026-09-15T11:56:44Z</time>
        <extensions>
          <gpxdata:distance>6582.98</gpxdata:distance>
          <gpxdata:speed>0.931</gpxdata:speed>
        </extensions>
      </trkpt>
      <trkpt lat="46.8521184" lon="7.4732532">
        <ele>893.7</ele>
        <time>2026-09-15T11:56:44Z</time>
        <extensions>
          <gpxdata:distance>6582.98</gpxdata:distance>
          <gpxdata:speed>0.000</gpxdata:speed>
        </extensions>
      </trkpt>
      <trkpt lat="46.8521274" lon="7.4732922">
        <ele>894.1</ele>
        <time>2026-09-15T11:56:48Z</time>
        <extensions>
          <gpxdata:distance>6586.11</gpxdata:distance>
          <gpxdata:speed>0.900</gpxdata:speed>
        </extensions>
      </trkpt>
      <trkpt lat="46.8521454" lon="7.4733842">
        <ele>895.1</ele>
        <time>2026-09-15T11:56:56Z</time>
        <extensions>
          <gpxdata:distance>6593.39</gpxdata:distance>
          <gpxdata:speed>0.849</gpxdata:speed>
        </extensions>
      </trkpt>
      <trkpt lat="46.8521544" lon="7.4734892">
        <ele>896.1</ele>
        <time>2026-09-15T11:57:06Z</time>
        <extensions>
          <gpxdata:distance>6601.44</gpxdata:distance>
          <gpxdata:speed>0.806</gpxdata:speed>
        </extensions>
      </trkpt>
      <trkpt lat="46.8521634" lon="7.4735942">
        <ele>897.5</ele>
        <time>2026-09-15T11:57:17Z</time>
        <extensions>
          <gpxdata:distance>6609.48</gpxdata:distance>
          <gpxdata:speed>0.783</gpxdata:speed>
        </extensions>
      </trkpt>
      <trkpt lat="46.8521544" lon="7.4737252">
        <ele>898.8</ele>
        <time>2026-09-15T11:57:30Z</time>
        <extensions>
          <gpxdata:distance>6619.49</gpxdata:distance>
          <gpxdata:speed>0.727</gpxdata:speed>
        </extensions>
      </trkpt>
      <trkpt lat="46.8521364" lon="7.4737902">
        <ele>899.7</ele>
        <time>2026-09-15T11:57:38Z</time>
        <extensions>
          <gpxdata:distance>6624.83</gpxdata:distance>
          <gpxdata:speed>0.686</gpxdata:speed>
        </extensions>
      </trkpt>
      <trkpt lat="46.8521184" lon="7.4738822">
        <ele>900.6</ele>
        <time>2026-09-15T11:57:49Z</time>
        <extensions>
          <gpxdata:distance>6632.10</gpxdata:distance>
          <gpxdata:speed>0.665</gpxdata:speed>
        </extensions>
      </trkpt>
      <trkpt lat="46.8520194" lon="7.4740132">
        <ele>902.2</ele>
        <time>2026-09-15T11:58:11Z</time>
        <extensions>
          <gpxdata:distance>6646.95</gpxdata:distance>
          <gpxdata:speed>0.673</gpxdata:speed>
        </extensions>
      </trkpt>
      <trkpt lat="46.8519654" lon="7.4740662">
        <ele>902.9</ele>
        <time>2026-09-15T11:58:22Z</time>
        <extensions>
          <gpxdata:distance>6654.18</gpxdata:distance>
          <gpxdata:speed>0.682</gpxdata:speed>
        </extensions>
      </trkpt>
      <trkpt lat="46.8517944" lon="7.4741702">
        <ele>904.3</ele>
        <time>2026-09-15T11:58:50Z</time>
        <extensions>
          <gpxdata:distance>6674.78</gpxdata:distance>
          <gpxdata:speed>0.717</gpxdata:speed>
        </extensions>
      </trkpt>
      <trkpt lat="46.8516504" lon="7.4742622">
        <ele>905.8</ele>
        <time>2026-09-15T11:59:14Z</time>
        <extensions>
          <gpxdata:distance>6692.25</gpxdata:distance>
          <gpxdata:speed>0.733</gpxdata:speed>
        </extensions>
      </trkpt>
      <trkpt lat="46.8514974" lon="7.4743542">
        <ele>906.4</ele>
        <time>2026-09-15T11:59:38Z</time>
        <extensions>
          <gpxdata:distance>6710.64</gpxdata:distance>
          <gpxdata:speed>0.769</gpxdata:speed>
        </extensions>
      </trkpt>
      <trkpt lat="46.8514974" lon="7.4743542">
        <ele>906.4</ele>
        <time>2026-09-15T11:59:38Z</time>
        <extensions>
          <gpxdata:distance>6710.64</gpxdata:distance>
          <gpxdata:speed>0.000</gpxdata:speed>
        </extensions>
      </trkpt>
      <trkpt lat="46.8513804" lon="7.4744592">
        <ele>908.4</ele>
        <time>2026-09-15T11:59:58Z</time>
        <extensions>
          <gpxdata:distance>6725.91</gpxdata:distance>
          <gpxdata:speed>0.780</gpxdata:speed>
        </extensions>
      </trkpt>
      <trkpt lat="46.8512994" lon="7.4745762">
        <ele>910.6</ele>
        <time>2026-09-15T12:00:14Z</time>
        <extensions>
          <gpxdata:distance>6738.57</gpxdata:distance>
          <gpxdata:speed>0.765</gpxdata:speed>
        </extensions>
      </trkpt>
      <trkpt lat="46.8511914" lon="7.4746942">
        <ele>911.0</ele>
        <time>2026-09-15T12:00:33Z</time>
        <extensions>
          <gpxdata:distance>6753.56</gpxdata:distance>
          <gpxdata:speed>0.792</gpxdata:speed>
        </extensions>
      </trkpt>
      <trkpt lat="46.8509844" lon="7.4748392">
        <ele>910.1</ele>
        <time>2026-09-15T12:01:03Z</time>
        <extensions>
          <gpxdata:distance>6779.08</gpxdata:distance>
          <gpxdata:speed>0.860</gpxdata:speed>
        </extensions>
      </trkpt>
      <trkpt lat="46.8508404" lon="7.4749041">
        <ele>909.6</ele>
        <time>2026-09-15T12:01:22Z</time>
        <extensions>
          <gpxdata:distance>6795.84</gpxdata:distance>
          <gpxdata:speed>0.892</gpxdata:speed>
        </extensions>
      </trkpt>
      <trkpt lat="46.8507414" lon="7.4749561">
        <ele>908.7</ele>
        <time>2026-09-15T12:01:34Z</time>
        <extensions>
          <gpxdata:distance>6807.54</gpxdata:distance>
          <gpxdata:speed>0.928</gpxdata:speed>
        </extensions>
      </trkpt>
      <trkpt lat="46.8506424" lon="7.4750351">
        <ele>907.8</ele>
        <time>2026-09-15T12:01:47Z</time>
        <extensions>
          <gpxdata:distance>6820.08</gpxdata:distance>
          <gpxdata:speed>0.973</gpxdata:speed>
        </extensions>
      </trkpt>
      <trkpt lat="46.8504804" lon="7.4751791">
        <ele>908.1</ele>
        <time>2026-09-15T12:02:09Z</time>
        <extensions>
          <gpxdata:distance>6841.16</gpxdata:distance>
          <gpxdata:speed>0.979</gpxdata:speed>
        </extensions>
      </trkpt>
      <trkpt lat="46.8503004" lon="7.4753361">
        <ele>909.0</ele>
        <time>2026-09-15T12:02:33Z</time>
        <extensions>
          <gpxdata:distance>6864.46</gpxdata:distance>
          <gpxdata:speed>0.969</gpxdata:speed>
        </extensions>
      </trkpt>
      <trkpt lat="46.8499504" lon="7.4756771">
        <ele>908.6</ele>
        <time>2026-09-15T12:03:19Z</time>
        <extensions>
          <gpxdata:distance>6911.23</gpxdata:distance>
          <gpxdata:speed>1.010</gpxdata:speed>
        </extensions>
      </trkpt>
      <trkpt lat="46.8497163" lon="7.4759131">
        <ele>908.4</ele>
        <time>2026-09-15T12:03:51Z</time>
        <extensions>
          <gpxdata:distance>6942.85</gpxdata:distance>
          <gpxdata:speed>0.999</gpxdata:speed>
        </extensions>
      </trkpt>
      <trkpt lat="46.8493563" lon="7.4763321">
        <ele>907.5</ele>
        <time>2026-09-15T12:04:42Z</time>
        <extensions>
          <gpxdata:distance>6994.01</gpxdata:distance>
          <gpxdata:speed>0.994</gpxdata:speed>
        </extensions>
      </trkpt>
      <trkpt lat="46.8492843" lon="7.4764371">
        <ele>906.1</ele>
        <time>2026-09-15T12:04:54Z</time>
        <extensions>
          <gpxdata:distance>7005.32</gpxdata:distance>
          <gpxdata:speed>0.990</gpxdata:speed>
        </extensions>
      </trkpt>
      <trkpt lat="46.8492483" lon="7.4765161">
        <ele>905.2</ele>
        <time>2026-09-15T12:05:01Z</time>
        <extensions>
          <gpxdata:distance>7012.54</gpxdata:distance>
          <gpxdata:speed>0.986</gpxdata:speed>
        </extensions>
      </trkpt>
      <trkpt lat="46.8492303" lon="7.4765681">
        <ele>904.5</ele>
        <time>2026-09-15T12:05:06Z</time>
        <extensions>
          <gpxdata:distance>7016.97</gpxdata:distance>
          <gpxdata:speed>0.987</gpxdata:speed>
        </extensions>
      </trkpt>
      <trkpt lat="46.8492123" lon="7.4766861">
        <ele>902.9</ele>
        <time>2026-09-15T12:05:15Z</time>
        <extensions>
          <gpxdata:distance>7026.16</gpxdata:distance>
          <gpxdata:speed>0.982</gpxdata:speed>
        </extensions>
      </trkpt>
      <trkpt lat="46.8491943" lon="7.4768041">
        <ele>900.4</ele>
        <time>2026-09-15T12:05:24Z</time>
        <extensions>
          <gpxdata:distance>7035.36</gpxdata:distance>
          <gpxdata:speed>0.961</gpxdata:speed>
        </extensions>
      </trkpt>
      <trkpt lat="46.8491943" lon="7.4768831">
        <ele>898.6</ele>
        <time>2026-09-15T12:05:31Z</time>
        <extensions>
          <gpxdata:distance>7041.37</gpxdata:distance>
          <gpxdata:speed>0.939</gpxdata:speed>
        </extensions>
      </trkpt>
      <trkpt lat="46.8492293" lon="7.4772631">
        <ele>890.5</ele>
        <time>2026-09-15T12:06:03Z</time>
        <extensions>
          <gpxdata:distance>7070.53</gpxdata:distance>
          <gpxdata:speed>0.907</gpxdata:speed>
        </extensions>
      </trkpt>
      <trkpt lat="46.8492293" lon="7.4773681">
        <ele>888.8</ele>
        <time>2026-09-15T12:06:12Z</time>
        <extensions>
          <gpxdata:distance>7078.51</gpxdata:distance>
          <gpxdata:speed>0.935</gpxdata:speed>
        </extensions>
      </trkpt>
      <trkpt lat="46.8492473" lon="7.4775251">
        <ele>887.0</ele>
        <time>2026-09-15T12:06:25Z</time>
        <extensions>
          <gpxdata:distance>7090.62</gpxdata:distance>
          <gpxdata:speed>0.872</gpxdata:speed>
        </extensions>
      </trkpt>
      <trkpt lat="46.8492473" lon="7.4776041">
        <ele>885.1</ele>
        <time>2026-09-15T12:06:32Z</time>
        <extensions>
          <gpxdata:distance>7096.63</gpxdata:distance>
          <gpxdata:speed>0.872</gpxdata:speed>
        </extensions>
      </trkpt>
      <trkpt lat="46.8492473" lon="7.4776561">
        <ele>885.0</ele>
        <time>2026-09-15T12:06:37Z</time>
        <extensions>
          <gpxdata:distance>7100.58</gpxdata:distance>
          <gpxdata:speed>0.872</gpxdata:speed>
        </extensions>
      </trkpt>
      <trkpt lat="46.8492473" lon="7.4776561">
        <ele>885.0</ele>
        <time>2026-09-15T12:06:37Z</time>
        <extensions>
          <gpxdata:distance>7100.58</gpxdata:distance>
          <gpxdata:speed>0.000</gpxdata:speed>
        </extensions>
      </trkpt>
      <trkpt lat="46.8493013" lon="7.4779051">
        <ele>881.6</ele>
        <time>2026-09-15T12:07:00Z</time>
        <extensions>
          <gpxdata:distance>7120.44</gpxdata:distance>
          <gpxdata:speed>0.872</gpxdata:speed>
        </extensions>
      </trkpt>
      <trkpt lat="46.8493373" lon="7.4780101">
        <ele>879.6</ele>
        <time>2026-09-15T12:07:10Z</time>
        <extensions>
          <gpxdata:distance>7129.38</gpxdata:distance>
          <gpxdata:speed>0.872</gpxdata:speed>
        </extensions>
      </trkpt>
      <trkpt lat="46.8493373" lon="7.4780101">
        <ele>879.6</ele>
        <time>2026-09-15T12:07:10Z</time>
        <extensions>
          <gpxdata:distance>7129.38</gpxdata:distance>
          <gpxdata:speed>0.000</gpxdata:speed>
        </extensions>
      </trkpt>
      <trkpt lat="46.8493913" lon="7.4782461">
        <ele>876.2</ele>
        <time>2026-09-15T12:07:31Z</time>
        <extensions>
          <gpxdata:distance>7148.30</gpxdata:distance>
          <gpxdata:speed>0.894</gpxdata:speed>
        </extensions>
      </trkpt>
      <trkpt lat="46.8495263" lon="7.4786921">
        <ele>871.1</ele>
        <time>2026-09-15T12:08:11Z</time>
        <extensions>
          <gpxdata:distance>7185.39</gpxdata:distance>
          <gpxdata:speed>0.919</gpxdata:speed>
        </extensions>
      </trkpt>
      <trkpt lat="46.8496253" lon="7.4790861">
        <ele>866.6</ele>
        <time>2026-09-15T12:08:46Z</time>
        <extensions>
          <gpxdata:distance>7217.31</gpxdata:distance>
          <gpxdata:speed>0.925</gpxdata:speed>
        </extensions>
      </trkpt>
      <trkpt lat="46.8497053" lon="7.4793611">
        <ele>866.3</ele>
        <time>2026-09-15T12:09:11Z</time>
        <extensions>
          <gpxdata:distance>7240.04</gpxdata:distance>
          <gpxdata:speed>0.923</gpxdata:speed>
        </extensions>
      </trkpt>
      <trkpt lat="46.8497413" lon="7.4794661">
        <ele>866.9</ele>
        <time>2026-09-15T12:09:20Z</time>
        <extensions>
          <gpxdata:distance>7248.97</gpxdata:distance>
          <gpxdata:speed>0.914</gpxdata:speed>
        </extensions>
      </trkpt>
      <trkpt lat="46.8497773" lon="7.4795321">
        <ele>867.8</ele>
        <time>2026-09-15T12:09:27Z</time>
        <extensions>
          <gpxdata:distance>7255.39</gpxdata:distance>
          <gpxdata:speed>0.905</gpxdata:speed>
        </extensions>
      </trkpt>
      <trkpt lat="46.8498043" lon="7.4795581">
        <ele>868.4</ele>
        <time>2026-09-15T12:09:31Z</time>
        <extensions>
          <gpxdata:distance>7258.99</gpxdata:distance>
          <gpxdata:speed>0.899</gpxdata:speed>
        </extensions>
      </trkpt>
      <trkpt lat="46.8498403" lon="7.4795711">
        <ele>868.6</ele>
        <time>2026-09-15T12:09:36Z</time>
        <extensions>
          <gpxdata:distance>7263.11</gpxdata:distance>
          <gpxdata:speed>0.913</gpxdata:speed>
        </extensions>
      </trkpt>
      <trkpt lat="46.8498403" lon="7.4795711">
        <ele>868.6</ele>
        <time>2026-09-15T12:09:36Z</time>
        <extensions>
          <gpxdata:distance>7263.11</gpxdata:distance>
          <gpxdata:speed>0.000</gpxdata:speed>
        </extensions>
      </trkpt>
      <trkpt lat="46.8498763" lon="7.4795711">
        <ele>868.5</ele>
        <time>2026-09-15T12:09:40Z</time>
        <extensions>
          <gpxdata:distance>7267.11</gpxdata:distance>
          <gpxdata:speed>0.932</gpxdata:speed>
        </extensions>
      </trkpt>
      <trkpt lat="46.8499393" lon="7.4795321">
        <ele>867.8</ele>
        <time>2026-09-15T12:09:48Z</time>
        <extensions>
          <gpxdata:distance>7274.72</gpxdata:distance>
          <gpxdata:speed>0.965</gpxdata:speed>
        </extensions>
      </trkpt>
      <trkpt lat="46.8500383" lon="7.4794661">
        <ele>866.7</ele>
        <time>2026-09-15T12:10:00Z</time>
        <extensions>
          <gpxdata:distance>7286.82</gpxdata:distance>
          <gpxdata:speed>1.009</gpxdata:speed>
        </extensions>
      </trkpt>
      <trkpt lat="46.8501823" lon="7.4793611">
        <ele>865.4</ele>
        <time>2026-09-15T12:10:18Z</time>
        <extensions>
          <gpxdata:distance>7304.71</gpxdata:distance>
          <gpxdata:speed>0.994</gpxdata:speed>
        </extensions>
      </trkpt>
      <trkpt lat="46.8503083" lon="7.4792701">
        <ele>864.5</ele>
        <time>2026-09-15T12:10:34Z</time>
        <extensions>
          <gpxdata:distance>7320.34</gpxdata:distance>
          <gpxdata:speed>0.969</gpxdata:speed>
        </extensions>
      </trkpt>
      <trkpt lat="46.8504523" lon="7.4791521">
        <ele>863.6</ele>
        <time>2026-09-15T12:10:54Z</time>
        <extensions>
          <gpxdata:distance>7338.69</gpxdata:distance>
          <gpxdata:speed>0.948</gpxdata:speed>
        </extensions>
      </trkpt>
      <trkpt lat="46.8505603" lon="7.4790601">
        <ele>862.9</ele>
        <time>2026-09-15T12:11:08Z</time>
        <extensions>
          <gpxdata:distance>7352.59</gpxdata:distance>
          <gpxdata:speed>0.939</gpxdata:speed>
        </extensions>
      </trkpt>
      <trkpt lat="46.8506413" lon="7.4790081">
        <ele>862.5</ele>
        <time>2026-09-15T12:11:19Z</time>
        <extensions>
          <gpxdata:distance>7362.43</gpxdata:distance>
          <gpxdata:speed>0.936</gpxdata:speed>
        </extensions>
      </trkpt>
      <trkpt lat="46.8507043" lon="7.4789681">
        <ele>862.2</ele>
        <time>2026-09-15T12:11:27Z</time>
        <extensions>
          <gpxdata:distance>7370.07</gpxdata:distance>
          <gpxdata:speed>0.938</gpxdata:speed>
        </extensions>
      </trkpt>
      <trkpt lat="46.8507043" lon="7.4789681">
        <ele>862.2</ele>
        <time>2026-09-15T12:11:27Z</time>
        <extensions>
          <gpxdata:distance>7370.07</gpxdata:distance>
          <gpxdata:speed>0.000</gpxdata:speed>
        </extensions>
      </trkpt>
      <trkpt lat="46.8507043" lon="7.4790081">
        <ele>862.2</ele>
        <time>2026-09-15T12:11:30Z</time>
        <extensions>
          <gpxdata:distance>7373.11</gpxdata:distance>
          <gpxdata:speed>0.941</gpxdata:speed>
        </extensions>
      </trkpt>
      <trkpt lat="46.8507043" lon="7.4790871">
        <ele>862.4</ele>
        <time>2026-09-15T12:11:37Z</time>
        <extensions>
          <gpxdata:distance>7379.12</gpxdata:distance>
          <gpxdata:speed>0.953</gpxdata:speed>
        </extensions>
      </trkpt>
      <trkpt lat="46.8506953" lon="7.4791391">
        <ele>862.0</ele>
        <time>2026-09-15T12:11:41Z</time>
        <extensions>
          <gpxdata:distance>7383.20</gpxdata:distance>
          <gpxdata:speed>0.957</gpxdata:speed>
        </extensions>
      </trkpt>
      <trkpt lat="46.8506773" lon="7.4791781">
        <ele>861.7</ele>
        <time>2026-09-15T12:11:45Z</time>
        <extensions>
          <gpxdata:distance>7386.77</gpxdata:distance>
          <gpxdata:speed>0.958</gpxdata:speed>
        </extensions>
      </trkpt>
      <trkpt lat="46.8506593" lon="7.4792181">
        <ele>861.5</ele>
        <time>2026-09-15T12:11:48Z</time>
        <extensions>
          <gpxdata:distance>7390.41</gpxdata:distance>
          <gpxdata:speed>0.960</gpxdata:speed>
        </extensions>
      </trkpt>
      <trkpt lat="46.8506233" lon="7.4792571">
        <ele>861.1</ele>
        <time>2026-09-15T12:11:54Z</time>
        <extensions>
          <gpxdata:distance>7395.40</gpxdata:distance>
          <gpxdata:speed>0.958</gpxdata:speed>
        </extensions>
      </trkpt>
      <trkpt lat="46.8505873" lon="7.4793221">
        <ele>860.4</ele>
        <time>2026-09-15T12:12:00Z</time>
        <extensions>
          <gpxdata:distance>7401.76</gpxdata:distance>
          <gpxdata:speed>0.944</gpxdata:speed>
        </extensions>
      </trkpt>
      <trkpt lat="46.8505423" lon="7.4793621">
        <ele>859.7</ele>
        <time>2026-09-15T12:12:07Z</time>
        <extensions>
          <gpxdata:distance>7407.61</gpxdata:distance>
          <gpxdata:speed>0.930</gpxdata:speed>
        </extensions>
      </trkpt>
      <trkpt lat="46.8504973" lon="7.4794401">
        <ele>858.8</ele>
        <time>2026-09-15T12:12:15Z</time>
        <extensions>
          <gpxdata:distance>7415.37</gpxdata:distance>
          <gpxdata:speed>0.921</gpxdata:speed>
        </extensions>
      </trkpt>
      <trkpt lat="46.8504523" lon="7.4795061">
        <ele>857.9</ele>
        <time>2026-09-15T12:12:23Z</time>
        <extensions>
          <gpxdata:distance>7422.46</gpxdata:distance>
          <gpxdata:speed>0.908</gpxdata:speed>
        </extensions>
      </trkpt>
      <trkpt lat="46.8503623" lon="7.4796501">
        <ele>856.5</ele>
        <time>2026-09-15T12:12:39Z</time>
        <extensions>
          <gpxdata:distance>7437.30</gpxdata:distance>
          <gpxdata:speed>0.896</gpxdata:speed>
        </extensions>
      </trkpt>
      <trkpt lat="46.8503173" lon="7.4797291">
        <ele>855.8</ele>
        <time>2026-09-15T12:12:48Z</time>
        <extensions>
          <gpxdata:distance>7445.11</gpxdata:distance>
          <gpxdata:speed>0.894</gpxdata:speed>
        </extensions>
      </trkpt>
      <trkpt lat="46.8501823" lon="7.4799781">
        <ele>853.3</ele>
        <time>2026-09-15T12:13:15Z</time>
        <extensions>
          <gpxdata:distance>7469.28</gpxdata:distance>
          <gpxdata:speed>0.896</gpxdata:speed>
        </extensions>
      </trkpt>
      <trkpt lat="46.8501103" lon="7.4801091">
        <ele>851.8</ele>
        <time>2026-09-15T12:13:29Z</time>
        <extensions>
          <gpxdata:distance>7482.06</gpxdata:distance>
          <gpxdata:speed>0.900</gpxdata:speed>
        </extensions>
      </trkpt>
      <trkpt lat="46.8500743" lon="7.4802141">
        <ele>850.8</ele>
        <time>2026-09-15T12:13:39Z</time>
        <extensions>
          <gpxdata:distance>7490.99</gpxdata:distance>
          <gpxdata:speed>0.901</gpxdata:speed>
        </extensions>
      </trkpt>
      <trkpt lat="46.8500743" lon="7.4802141">
        <ele>850.8</ele>
        <time>2026-09-15T12:13:39Z</time>
        <extensions>
          <gpxdata:distance>7490.99</gpxdata:distance>
          <gpxdata:speed>0.000</gpxdata:speed>
        </extensions>
      </trkpt>
      <trkpt lat="46.8500743" lon="7.4802531">
        <ele>850.4</ele>
        <time>2026-09-15T12:13:43Z</time>
        <extensions>
          <gpxdata:distance>7493.96</gpxdata:distance>
          <gpxdata:speed>0.901</gpxdata:speed>
        </extensions>
      </trkpt>
      <trkpt lat="46.8500743" lon="7.4803051">
        <ele>849.9</ele>
        <time>2026-09-15T12:13:47Z</time>
        <extensions>
          <gpxdata:distance>7497.91</gpxdata:distance>
          <gpxdata:speed>0.902</gpxdata:speed>
        </extensions>
      </trkpt>
      <trkpt lat="46.8501013" lon="7.4803971">
        <ele>849.1</ele>
        <time>2026-09-15T12:13:55Z</time>
        <extensions>
          <gpxdata:distance>7505.52</gpxdata:distance>
          <gpxdata:speed>0.900</gpxdata:speed>
        </extensions>
      </trkpt>
      <trkpt lat="46.8501553" lon="7.4805811">
        <ele>847.9</ele>
        <time>2026-09-15T12:14:12Z</time>
        <extensions>
          <gpxdata:distance>7520.75</gpxdata:distance>
          <gpxdata:speed>0.897</gpxdata:speed>
        </extensions>
      </trkpt>
      <trkpt lat="46.8502453" lon="7.4807911">
        <ele>846.8</ele>
        <time>2026-09-15T12:14:33Z</time>
        <extensions>
          <gpxdata:distance>7539.60</gpxdata:distance>
          <gpxdata:speed>0.899</gpxdata:speed>
        </extensions>
      </trkpt>
      <trkpt lat="46.8504243" lon="7.4812231">
        <ele>846.2</ele>
        <time>2026-09-15T12:15:15Z</time>
        <extensions>
          <gpxdata:distance>7578.01</gpxdata:distance>
          <gpxdata:speed>0.932</gpxdata:speed>
        </extensions>
      </trkpt>
      <trkpt lat="46.8504963" lon="7.4813941">
        <ele>845.6</ele>
        <time>2026-09-15T12:15:31Z</time>
        <extensions>
          <gpxdata:distance>7593.28</gpxdata:distance>
          <gpxdata:speed>0.942</gpxdata:speed>
        </extensions>
      </trkpt>
      <trkpt lat="46.8505053" lon="7.4814331">
        <ele>845.6</ele>
        <time>2026-09-15T12:15:34Z</time>
        <extensions>
          <gpxdata:distance>7596.41</gpxdata:distance>
          <gpxdata:speed>0.949</gpxdata:speed>
        </extensions>
      </trkpt>
      <trkpt lat="46.8505143" lon="7.4814731">
        <ele>845.5</ele>
        <time>2026-09-15T12:15:37Z</time>
        <extensions>
          <gpxdata:distance>7599.61</gpxdata:distance>
          <gpxdata:speed>0.950</gpxdata:speed>
        </extensions>
      </trkpt>
      <trkpt lat="46.8505143" lon="7.4814991">
        <ele>845.4</ele>
        <time>2026-09-15T12:15:39Z</time>
        <extensions>
          <gpxdata:distance>7601.59</gpxdata:distance>
          <gpxdata:speed>0.953</gpxdata:speed>
        </extensions>
      </trkpt>
      <trkpt lat="46.8505142" lon="7.4815511">
        <ele>845.0</ele>
        <time>2026-09-15T12:15:44Z</time>
        <extensions>
          <gpxdata:distance>7605.54</gpxdata:distance>
          <gpxdata:speed>0.954</gpxdata:speed>
        </extensions>
      </trkpt>
      <trkpt lat="46.8505052" lon="7.4816300">
        <ele>844.1</ele>
        <time>2026-09-15T12:15:50Z</time>
        <extensions>
          <gpxdata:distance>7611.63</gpxdata:distance>
          <gpxdata:speed>0.952</gpxdata:speed>
        </extensions>
      </trkpt>
      <trkpt lat="46.8504602" lon="7.4818530">
        <ele>840.9</ele>
        <time>2026-09-15T12:16:09Z</time>
        <extensions>
          <gpxdata:distance>7629.31</gpxdata:distance>
          <gpxdata:speed>0.933</gpxdata:speed>
        </extensions>
      </trkpt>
      <trkpt lat="46.8504602" lon="7.4819180">
        <ele>840.0</ele>
        <time>2026-09-15T12:16:14Z</time>
        <extensions>
          <gpxdata:distance>7634.25</gpxdata:distance>
          <gpxdata:speed>0.925</gpxdata:speed>
        </extensions>
      </trkpt>
      <trkpt lat="46.8504512" lon="7.4819710">
        <ele>839.0</ele>
        <time>2026-09-15T12:16:19Z</time>
        <extensions>
          <gpxdata:distance>7638.40</gpxdata:distance>
          <gpxdata:speed>0.912</gpxdata:speed>
        </extensions>
      </trkpt>
      <trkpt lat="46.8504512" lon="7.4820360">
        <ele>838.1</ele>
        <time>2026-09-15T12:16:24Z</time>
        <extensions>
          <gpxdata:distance>7643.35</gpxdata:distance>
          <gpxdata:speed>0.940</gpxdata:speed>
        </extensions>
      </trkpt>
      <trkpt lat="46.8504602" lon="7.4820760">
        <ele>837.5</ele>
        <time>2026-09-15T12:16:28Z</time>
        <extensions>
          <gpxdata:distance>7646.55</gpxdata:distance>
          <gpxdata:speed>0.924</gpxdata:speed>
        </extensions>
      </trkpt>
      <trkpt lat="46.8504602" lon="7.4821150">
        <ele>836.9</ele>
        <time>2026-09-15T12:16:31Z</time>
        <extensions>
          <gpxdata:distance>7649.51</gpxdata:distance>
          <gpxdata:speed>0.910</gpxdata:speed>
        </extensions>
      </trkpt>
      <trkpt lat="46.8504692" lon="7.4821540">
        <ele>836.2</ele>
        <time>2026-09-15T12:16:34Z</time>
        <extensions>
          <gpxdata:distance>7652.64</gpxdata:distance>
          <gpxdata:speed>0.899</gpxdata:speed>
        </extensions>
      </trkpt>
      <trkpt lat="46.8504782" lon="7.4821940">
        <ele>835.7</ele>
        <time>2026-09-15T12:16:38Z</time>
        <extensions>
          <gpxdata:distance>7655.85</gpxdata:distance>
          <gpxdata:speed>0.892</gpxdata:speed>
        </extensions>
      </trkpt>
      <trkpt lat="46.8504962" lon="7.4822200">
        <ele>835.0</ele>
        <time>2026-09-15T12:16:41Z</time>
        <extensions>
          <gpxdata:distance>7658.66</gpxdata:distance>
          <gpxdata:speed>0.881</gpxdata:speed>
        </extensions>
      </trkpt>
      <trkpt lat="46.8505142" lon="7.4822590">
        <ele>834.3</ele>
        <time>2026-09-15T12:16:45Z</time>
        <extensions>
          <gpxdata:distance>7662.24</gpxdata:distance>
          <gpxdata:speed>0.872</gpxdata:speed>
        </extensions>
      </trkpt>
      <trkpt lat="46.8505412" lon="7.4822860">
        <ele>833.6</ele>
        <time>2026-09-15T12:16:49Z</time>
        <extensions>
          <gpxdata:distance>7665.88</gpxdata:distance>
          <gpxdata:speed>0.872</gpxdata:speed>
        </extensions>
      </trkpt>
      <trkpt lat="46.8505772" lon="7.4823120">
        <ele>832.7</ele>
        <time>2026-09-15T12:16:55Z</time>
        <extensions>
          <gpxdata:distance>7670.34</gpxdata:distance>
          <gpxdata:speed>0.876</gpxdata:speed>
        </extensions>
      </trkpt>
      <trkpt lat="46.8506762" lon="7.4823640">
        <ele>830.6</ele>
        <time>2026-09-15T12:17:08Z</time>
        <extensions>
          <gpxdata:distance>7682.04</gpxdata:distance>
          <gpxdata:speed>0.880</gpxdata:speed>
        </extensions>
      </trkpt>
      <trkpt lat="46.8508202" lon="7.4824300">
        <ele>827.9</ele>
        <time>2026-09-15T12:17:27Z</time>
        <extensions>
          <gpxdata:distance>7698.82</gpxdata:distance>
          <gpxdata:speed>0.894</gpxdata:speed>
        </extensions>
      </trkpt>
      <trkpt lat="46.8509282" lon="7.4824691">
        <ele>826.5</ele>
        <time>2026-09-15T12:17:40Z</time>
        <extensions>
          <gpxdata:distance>7711.19</gpxdata:distance>
          <gpxdata:speed>0.915</gpxdata:speed>
        </extensions>
      </trkpt>
      <trkpt lat="46.8509822" lon="7.4824831">
        <ele>826.0</ele>
        <time>2026-09-15T12:17:47Z</time>
        <extensions>
          <gpxdata:distance>7717.29</gpxdata:distance>
          <gpxdata:speed>0.929</gpxdata:speed>
        </extensions>
      </trkpt>
      <trkpt lat="46.8510632" lon="7.4825091">
        <ele>825.1</ele>
        <time>2026-09-15T12:17:56Z</time>
        <extensions>
          <gpxdata:distance>7726.51</gpxdata:distance>
          <gpxdata:speed>0.940</gpxdata:speed>
        </extensions>
      </trkpt>
      <trkpt lat="46.8511982" lon="7.4824961">
        <ele>823.3</ele>
        <time>2026-09-15T12:18:13Z</time>
        <extensions>
          <gpxdata:distance>7741.55</gpxdata:distance>
          <gpxdata:speed>0.932</gpxdata:speed>
        </extensions>
      </trkpt>
      <trkpt lat="46.8512692" lon="7.4824831">
        <ele>822.1</ele>
        <time>2026-09-15T12:18:21Z</time>
        <extensions>
          <gpxdata:distance>7749.51</gpxdata:distance>
          <gpxdata:speed>0.931</gpxdata:speed>
        </extensions>
      </trkpt>
      <trkpt lat="46.8513232" lon="7.4824701">
        <ele>821.1</ele>
        <time>2026-09-15T12:18:28Z</time>
        <extensions>
          <gpxdata:distance>7755.59</gpxdata:distance>
          <gpxdata:speed>0.930</gpxdata:speed>
        </extensions>
      </trkpt>
      <trkpt lat="46.8513952" lon="7.4824441">
        <ele>820.0</ele>
        <time>2026-09-15T12:18:37Z</time>
        <extensions>
          <gpxdata:distance>7763.84</gpxdata:distance>
          <gpxdata:speed>0.927</gpxdata:speed>
        </extensions>
      </trkpt>
      <trkpt lat="46.8516382" lon="7.4823261">
        <ele>816.7</ele>
        <time>2026-09-15T12:19:08Z</time>
        <extensions>
          <gpxdata:distance>7792.31</gpxdata:distance>
          <gpxdata:speed>0.918</gpxdata:speed>
        </extensions>
      </trkpt>
      <trkpt lat="46.8519622" lon="7.4821951">
        <ele>812.6</ele>
        <time>2026-09-15T12:19:49Z</time>
        <extensions>
          <gpxdata:distance>7829.69</gpxdata:distance>
          <gpxdata:speed>0.910</gpxdata:speed>
        </extensions>
      </trkpt>
      <trkpt lat="46.8521783" lon="7.4821301">
        <ele>809.3</ele>
        <time>2026-09-15T12:20:16Z</time>
        <extensions>
          <gpxdata:distance>7854.22</gpxdata:distance>
          <gpxdata:speed>0.913</gpxdata:speed>
        </extensions>
      </trkpt>
      <trkpt lat="46.8523853" lon="7.4820511">
        <ele>806.4</ele>
        <time>2026-09-15T12:20:42Z</time>
        <extensions>
          <gpxdata:distance>7878.01</gpxdata:distance>
          <gpxdata:speed>0.914</gpxdata:speed>
        </extensions>
      </trkpt>
      <trkpt lat="46.8524393" lon="7.4820381">
        <ele>805.8</ele>
        <time>2026-09-15T12:20:48Z</time>
        <extensions>
          <gpxdata:distance>7884.10</gpxdata:distance>
          <gpxdata:speed>0.915</gpxdata:speed>
        </extensions>
      </trkpt>
      <trkpt lat="46.8524843" lon="7.4820251">
        <ele>805.3</ele>
        <time>2026-09-15T12:20:54Z</time>
        <extensions>
          <gpxdata:distance>7889.20</gpxdata:distance>
          <gpxdata:speed>0.914</gpxdata:speed>
        </extensions>
      </trkpt>
      <trkpt lat="46.8525383" lon="7.4820381">
        <ele>804.6</ele>
        <time>2026-09-15T12:21:00Z</time>
        <extensions>
          <gpxdata:distance>7895.28</gpxdata:distance>
          <gpxdata:speed>0.913</gpxdata:speed>
        </extensions>
      </trkpt>
      <trkpt lat="46.8526103" lon="7.4820511">
        <ele>803.8</ele>
        <time>2026-09-15T12:21:09Z</time>
        <extensions>
          <gpxdata:distance>7903.35</gpxdata:distance>
          <gpxdata:speed>0.910</gpxdata:speed>
        </extensions>
      </trkpt>
      <trkpt lat="46.8528893" lon="7.4821041">
        <ele>800.8</ele>
        <time>2026-09-15T12:21:44Z</time>
        <extensions>
          <gpxdata:distance>7934.63</gpxdata:distance>
          <gpxdata:speed>0.906</gpxdata:speed>
        </extensions>
      </trkpt>
      <trkpt lat="46.8529973" lon="7.4821301">
        <ele>800.2</ele>
        <time>2026-09-15T12:21:57Z</time>
        <extensions>
          <gpxdata:distance>7946.81</gpxdata:distance>
          <gpxdata:speed>0.901</gpxdata:speed>
        </extensions>
      </trkpt>
      <trkpt lat="46.8530693" lon="7.4821301">
        <ele>800.1</ele>
        <time>2026-09-15T12:22:06Z</time>
        <extensions>
          <gpxdata:distance>7954.81</gpxdata:distance>
          <gpxdata:speed>0.894</gpxdata:speed>
        </extensions>
      </trkpt>
      <trkpt lat="46.8531863" lon="7.4821571">
        <ele>800.1</ele>
        <time>2026-09-15T12:22:21Z</time>
        <extensions>
          <gpxdata:distance>7967.98</gpxdata:distance>
          <gpxdata:speed>0.915</gpxdata:speed>
        </extensions>
      </trkpt>
      <trkpt lat="46.8532493" lon="7.4821701">
        <ele>799.8</ele>
        <time>2026-09-15T12:22:28Z</time>
        <extensions>
          <gpxdata:distance>7975.06</gpxdata:distance>
          <gpxdata:speed>0.929</gpxdata:speed>
        </extensions>
      </trkpt>
      <trkpt lat="46.8533033" lon="7.4821701">
        <ele>799.6</ele>
        <time>2026-09-15T12:22:35Z</time>
        <extensions>
          <gpxdata:distance>7981.06</gpxdata:distance>
          <gpxdata:speed>0.933</gpxdata:speed>
        </extensions>
      </trkpt>
      <trkpt lat="46.8533833" lon="7.4821831">
        <ele>799.1</ele>
        <time>2026-09-15T12:22:44Z</time>
        <extensions>
          <gpxdata:distance>7990.01</gpxdata:distance>
          <gpxdata:speed>0.936</gpxdata:speed>
        </extensions>
      </trkpt>
      <trkpt lat="46.8534193" lon="7.4821701">
        <ele>798.9</ele>
        <time>2026-09-15T12:22:49Z</time>
        <extensions>
          <gpxdata:distance>7994.13</gpxdata:distance>
          <gpxdata:speed>0.940</gpxdata:speed>
        </extensions>
      </trkpt>
      <trkpt lat="46.8535003" lon="7.4821571">
        <ele>798.5</ele>
        <time>2026-09-15T12:22:58Z</time>
        <extensions>
          <gpxdata:distance>8003.20</gpxdata:distance>
          <gpxdata:speed>0.945</gpxdata:speed>
        </extensions>
      </trkpt>
      <trkpt lat="46.8535003" lon="7.4821571">
        <ele>798.5</ele>
        <time>2026-09-15T12:22:58Z</time>
        <extensions>
          <gpxdata:distance>8003.20</gpxdata:distance>
          <gpxdata:speed>0.000</gpxdata:speed>
        </extensions>
      </trkpt>
      <trkpt lat="46.8535183" lon="7.4821571">
        <ele>798.4</ele>
        <time>2026-09-15T12:23:00Z</time>
        <extensions>
          <gpxdata:distance>8005.20</gpxdata:distance>
          <gpxdata:speed>0.973</gpxdata:speed>
        </extensions>
      </trkpt>
      <trkpt lat="46.8536983" lon="7.4820781">
        <ele>797.5</ele>
        <time>2026-09-15T12:23:22Z</time>
        <extensions>
          <gpxdata:distance>8026.09</gpxdata:distance>
          <gpxdata:speed>0.966</gpxdata:speed>
        </extensions>
      </trkpt>
      <trkpt lat="46.8539773" lon="7.4819471">
        <ele>795.1</ele>
        <time>2026-09-15T12:23:57Z</time>
        <extensions>
          <gpxdata:distance>8058.68</gpxdata:distance>
          <gpxdata:speed>0.943</gpxdata:speed>
        </extensions>
      </trkpt>
      <trkpt lat="46.8541393" lon="7.4818562">
        <ele>792.4</ele>
        <time>2026-09-15T12:24:17Z</time>
        <extensions>
          <gpxdata:distance>8077.97</gpxdata:distance>
          <gpxdata:speed>0.925</gpxdata:speed>
        </extensions>
      </trkpt>
      <trkpt lat="46.8543193" lon="7.4817902">
        <ele>789.8</ele>
        <time>2026-09-15T12:24:40Z</time>
        <extensions>
          <gpxdata:distance>8098.61</gpxdata:distance>
          <gpxdata:speed>0.912</gpxdata:speed>
        </extensions>
      </trkpt>
      <trkpt lat="46.8544543" lon="7.4817382">
        <ele>787.7</ele>
        <time>2026-09-15T12:24:57Z</time>
        <extensions>
          <gpxdata:distance>8114.13</gpxdata:distance>
          <gpxdata:speed>0.903</gpxdata:speed>
        </extensions>
      </trkpt>
      <trkpt lat="46.8546073" lon="7.4816992">
        <ele>785.5</ele>
        <time>2026-09-15T12:25:17Z</time>
        <extensions>
          <gpxdata:distance>8131.40</gpxdata:distance>
          <gpxdata:speed>0.897</gpxdata:speed>
        </extensions>
      </trkpt>
      <trkpt lat="46.8547333" lon="7.4816732">
        <ele>783.7</ele>
        <time>2026-09-15T12:25:32Z</time>
        <extensions>
          <gpxdata:distance>8145.55</gpxdata:distance>
          <gpxdata:speed>0.898</gpxdata:speed>
        </extensions>
      </trkpt>
      <trkpt lat="46.8548233" lon="7.4816732">
        <ele>782.8</ele>
        <time>2026-09-15T12:25:43Z</time>
        <extensions>
          <gpxdata:distance>8155.56</gpxdata:distance>
          <gpxdata:speed>0.897</gpxdata:speed>
        </extensions>
      </trkpt>
      <trkpt lat="46.8548863" lon="7.4816862">
        <ele>782.1</ele>
        <time>2026-09-15T12:25:51Z</time>
        <extensions>
          <gpxdata:distance>8162.63</gpxdata:distance>
          <gpxdata:speed>0.898</gpxdata:speed>
        </extensions>
      </trkpt>
      <trkpt lat="46.8549403" lon="7.4817252">
        <ele>781.5</ele>
        <time>2026-09-15T12:25:59Z</time>
        <extensions>
          <gpxdata:distance>8169.33</gpxdata:distance>
          <gpxdata:speed>0.905</gpxdata:speed>
        </extensions>
      </trkpt>
      <trkpt lat="46.8549853" lon="7.4817782">
        <ele>781.0</ele>
        <time>2026-09-15T12:26:06Z</time>
        <extensions>
          <gpxdata:distance>8175.75</gpxdata:distance>
          <gpxdata:speed>0.913</gpxdata:speed>
        </extensions>
      </trkpt>
      <trkpt lat="46.8550393" lon="7.4818562">
        <ele>780.4</ele>
        <time>2026-09-15T12:26:15Z</time>
        <extensions>
          <gpxdata:distance>8184.19</gpxdata:distance>
          <gpxdata:speed>0.906</gpxdata:speed>
        </extensions>
      </trkpt>
      <trkpt lat="46.8551743" lon="7.4820792">
        <ele>779.0</ele>
        <time>2026-09-15T12:26:40Z</time>
        <extensions>
          <gpxdata:distance>8206.84</gpxdata:distance>
          <gpxdata:speed>0.895</gpxdata:speed>
        </extensions>
      </trkpt>
      <trkpt lat="46.8552553" lon="7.4821842">
        <ele>778.1</ele>
        <time>2026-09-15T12:26:54Z</time>
        <extensions>
          <gpxdata:distance>8218.88</gpxdata:distance>
          <gpxdata:speed>0.903</gpxdata:speed>
        </extensions>
      </trkpt>
      <trkpt lat="46.8553353" lon="7.4822632">
        <ele>777.0</ele>
        <time>2026-09-15T12:27:06Z</time>
        <extensions>
          <gpxdata:distance>8229.61</gpxdata:distance>
          <gpxdata:speed>0.909</gpxdata:speed>
        </extensions>
      </trkpt>
      <trkpt lat="46.8554163" lon="7.4823422">
        <ele>775.6</ele>
        <time>2026-09-15T12:27:17Z</time>
        <extensions>
          <gpxdata:distance>8240.44</gpxdata:distance>
          <gpxdata:speed>0.910</gpxdata:speed>
        </extensions>
      </trkpt>
      <trkpt lat="46.8554343" lon="7.4823552">
        <ele>775.4</ele>
        <time>2026-09-15T12:27:20Z</time>
        <extensions>
          <gpxdata:distance>8242.67</gpxdata:distance>
          <gpxdata:speed>0.911</gpxdata:speed>
        </extensions>
      </trkpt>
      <trkpt lat="46.8554343" lon="7.4823552">
        <ele>775.4</ele>
        <time>2026-09-15T12:27:20Z</time>
        <extensions>
          <gpxdata:distance>8242.67</gpxdata:distance>
          <gpxdata:speed>0.000</gpxdata:speed>
        </extensions>
      </trkpt>
      <trkpt lat="46.8554523" lon="7.4823682">
        <ele>775.1</ele>
        <time>2026-09-15T12:27:22Z</time>
        <extensions>
          <gpxdata:distance>8244.90</gpxdata:distance>
          <gpxdata:speed>0.911</gpxdata:speed>
        </extensions>
      </trkpt>
      <trkpt lat="46.8554793" lon="7.4823812">
        <ele>774.9</ele>
        <time>2026-09-15T12:27:26Z</time>
        <extensions>
          <gpxdata:distance>8248.06</gpxdata:distance>
          <gpxdata:speed>0.911</gpxdata:speed>
        </extensions>
      </trkpt>
      <trkpt lat="46.8555063" lon="7.4823812">
        <ele>774.6</ele>
        <time>2026-09-15T12:27:29Z</time>
        <extensions>
          <gpxdata:distance>8251.06</gpxdata:distance>
          <gpxdata:speed>0.909</gpxdata:speed>
        </extensions>
      </trkpt>
      <trkpt lat="46.8555423" lon="7.4823812">
        <ele>774.4</ele>
        <time>2026-09-15T12:27:34Z</time>
        <extensions>
          <gpxdata:distance>8255.07</gpxdata:distance>
          <gpxdata:speed>0.899</gpxdata:speed>
        </extensions>
      </trkpt>
      <trkpt lat="46.8556143" lon="7.4823682">
        <ele>773.7</ele>
        <time>2026-09-15T12:27:43Z</time>
        <extensions>
          <gpxdata:distance>8263.13</gpxdata:distance>
          <gpxdata:speed>0.895</gpxdata:speed>
        </extensions>
      </trkpt>
      <trkpt lat="46.8557313" lon="7.4823422">
        <ele>773.0</ele>
        <time>2026-09-15T12:27:57Z</time>
        <extensions>
          <gpxdata:distance>8276.29</gpxdata:distance>
          <gpxdata:speed>0.910</gpxdata:speed>
        </extensions>
      </trkpt>
      <trkpt lat="46.8558933" lon="7.4822772">
        <ele>772.0</ele>
        <time>2026-09-15T12:28:17Z</time>
        <extensions>
          <gpxdata:distance>8294.97</gpxdata:distance>
          <gpxdata:speed>0.931</gpxdata:speed>
        </extensions>
      </trkpt>
      <trkpt lat="46.8560373" lon="7.4822112">
        <ele>771.0</ele>
        <time>2026-09-15T12:28:35Z</time>
        <extensions>
          <gpxdata:distance>8311.75</gpxdata:distance>
          <gpxdata:speed>0.933</gpxdata:speed>
        </extensions>
      </trkpt>
      <trkpt lat="46.8561183" lon="7.4821852">
        <ele>770.4</ele>
        <time>2026-09-15T12:28:45Z</time>
        <extensions>
          <gpxdata:distance>8320.97</gpxdata:distance>
          <gpxdata:speed>0.933</gpxdata:speed>
        </extensions>
      </trkpt>
      <trkpt lat="46.8561903" lon="7.4821202">
        <ele>769.6</ele>
        <time>2026-09-15T12:28:55Z</time>
        <extensions>
          <gpxdata:distance>8330.38</gpxdata:distance>
          <gpxdata:speed>0.933</gpxdata:speed>
        </extensions>
      </trkpt>
      <trkpt lat="46.8562803" lon="7.4820672">
        <ele>768.3</ele>
        <time>2026-09-15T12:29:07Z</time>
        <extensions>
          <gpxdata:distance>8341.17</gpxdata:distance>
          <gpxdata:speed>0.926</gpxdata:speed>
        </extensions>
      </trkpt>
      <trkpt lat="46.8563613" lon="7.4819892">
        <ele>767.4</ele>
        <time>2026-09-15T12:29:18Z</time>
        <extensions>
          <gpxdata:distance>8351.95</gpxdata:distance>
          <gpxdata:speed>0.925</gpxdata:speed>
        </extensions>
      </trkpt>
      <trkpt lat="46.8564243" lon="7.4819232">
        <ele>766.8</ele>
        <time>2026-09-15T12:29:28Z</time>
        <extensions>
          <gpxdata:distance>8360.57</gpxdata:distance>
          <gpxdata:speed>0.924</gpxdata:speed>
        </extensions>
      </trkpt>
      <trkpt lat="46.8564963" lon="7.4818182">
        <ele>765.8</ele>
        <time>2026-09-15T12:29:40Z</time>
        <extensions>
          <gpxdata:distance>8371.88</gpxdata:distance>
          <gpxdata:speed>0.924</gpxdata:speed>
        </extensions>
      </trkpt>
      <trkpt lat="46.8565683" lon="7.4817402">
        <ele>765.2</ele>
        <time>2026-09-15T12:29:51Z</time>
        <extensions>
          <gpxdata:distance>8381.84</gpxdata:distance>
          <gpxdata:speed>0.922</gpxdata:speed>
        </extensions>
      </trkpt>
      <trkpt lat="46.8566223" lon="7.4816872">
        <ele>764.5</ele>
        <time>2026-09-15T12:29:59Z</time>
        <extensions>
          <gpxdata:distance>8389.07</gpxdata:distance>
          <gpxdata:speed>0.916</gpxdata:speed>
        </extensions>
      </trkpt>
      <trkpt lat="46.8566763" lon="7.4816482">
        <ele>764.0</ele>
        <time>2026-09-15T12:30:06Z</time>
        <extensions>
          <gpxdata:distance>8395.77</gpxdata:distance>
          <gpxdata:speed>0.912</gpxdata:speed>
        </extensions>
      </trkpt>
      <trkpt lat="46.8567393" lon="7.4816092">
        <ele>763.7</ele>
        <time>2026-09-15T12:30:14Z</time>
        <extensions>
          <gpxdata:distance>8403.38</gpxdata:distance>
          <gpxdata:speed>0.914</gpxdata:speed>
        </extensions>
      </trkpt>
      <trkpt lat="46.8568383" lon="7.4815692">
        <ele>762.5</ele>
        <time>2026-09-15T12:30:27Z</time>
        <extensions>
          <gpxdata:distance>8414.80</gpxdata:distance>
          <gpxdata:speed>0.911</gpxdata:speed>
        </extensions>
      </trkpt>
      <trkpt lat="46.8570183" lon="7.4814912">
        <ele>760.0</ele>
        <time>2026-09-15T12:30:50Z</time>
        <extensions>
          <gpxdata:distance>8435.67</gpxdata:distance>
          <gpxdata:speed>0.907</gpxdata:speed>
        </extensions>
      </trkpt>
      <trkpt lat="46.8571263" lon="7.4814523">
        <ele>758.5</ele>
        <time>2026-09-15T12:31:04Z</time>
        <extensions>
          <gpxdata:distance>8448.04</gpxdata:distance>
          <gpxdata:speed>0.902</gpxdata:speed>
        </extensions>
      </trkpt>
      <trkpt lat="46.8572613" lon="7.4814123">
        <ele>756.7</ele>
        <time>2026-09-15T12:31:21Z</time>
        <extensions>
          <gpxdata:distance>8463.36</gpxdata:distance>
          <gpxdata:speed>0.896</gpxdata:speed>
        </extensions>
      </trkpt>
      <trkpt lat="46.8573153" lon="7.4813863">
        <ele>756.4</ele>
        <time>2026-09-15T12:31:28Z</time>
        <extensions>
          <gpxdata:distance>8469.68</gpxdata:distance>
          <gpxdata:speed>0.899</gpxdata:speed>
        </extensions>
      </trkpt>
      <trkpt lat="46.8573153" lon="7.4813863">
        <ele>756.4</ele>
        <time>2026-09-15T12:31:28Z</time>
        <extensions>
          <gpxdata:distance>8469.68</gpxdata:distance>
          <gpxdata:speed>0.000</gpxdata:speed>
        </extensions>
      </trkpt>
      <trkpt lat="46.8573513" lon="7.4813993">
        <ele>755.9</ele>
        <time>2026-09-15T12:31:32Z</time>
        <extensions>
          <gpxdata:distance>8473.80</gpxdata:distance>
          <gpxdata:speed>0.896</gpxdata:speed>
        </extensions>
      </trkpt>
      <trkpt lat="46.8573963" lon="7.4814123">
        <ele>755.3</ele>
        <time>2026-09-15T12:31:38Z</time>
        <extensions>
          <gpxdata:distance>8478.90</gpxdata:distance>
          <gpxdata:speed>0.899</gpxdata:speed>
        </extensions>
      </trkpt>
      <trkpt lat="46.8575403" lon="7.4813993">
        <ele>753.6</ele>
        <time>2026-09-15T12:31:56Z</time>
        <extensions>
          <gpxdata:distance>8494.95</gpxdata:distance>
          <gpxdata:speed>0.904</gpxdata:speed>
        </extensions>
      </trkpt>
      <trkpt lat="46.8575943" lon="7.4814133">
        <ele>753.1</ele>
        <time>2026-09-15T12:32:02Z</time>
        <extensions>
          <gpxdata:distance>8501.04</gpxdata:distance>
          <gpxdata:speed>0.903</gpxdata:speed>
        </extensions>
      </trkpt>
      <trkpt lat="46.8576573" lon="7.4814393">
        <ele>752.5</ele>
        <time>2026-09-15T12:32:11Z</time>
        <extensions>
          <gpxdata:distance>8508.32</gpxdata:distance>
          <gpxdata:speed>0.897</gpxdata:speed>
        </extensions>
      </trkpt>
      <trkpt lat="46.8577103" lon="7.4814783">
        <ele>751.7</ele>
        <time>2026-09-15T12:32:18Z</time>
        <extensions>
          <gpxdata:distance>8514.92</gpxdata:distance>
          <gpxdata:speed>0.896</gpxdata:speed>
        </extensions>
      </trkpt>
      <trkpt lat="46.8577553" lon="7.4815053">
        <ele>751.3</ele>
        <time>2026-09-15T12:32:24Z</time>
        <extensions>
          <gpxdata:distance>8520.33</gpxdata:distance>
          <gpxdata:speed>0.900</gpxdata:speed>
        </extensions>
      </trkpt>
      <trkpt lat="46.8578003" lon="7.4815573">
        <ele>750.8</ele>
        <time>2026-09-15T12:32:31Z</time>
        <extensions>
          <gpxdata:distance>8526.71</gpxdata:distance>
          <gpxdata:speed>0.896</gpxdata:speed>
        </extensions>
      </trkpt>
      <trkpt lat="46.8578813" lon="7.4816623">
        <ele>749.6</ele>
        <time>2026-09-15T12:32:44Z</time>
        <extensions>
          <gpxdata:distance>8538.74</gpxdata:distance>
          <gpxdata:speed>0.896</gpxdata:speed>
        </extensions>
      </trkpt>
      <trkpt lat="46.8579533" lon="7.4817803">
        <ele>748.6</ele>
        <time>2026-09-15T12:32:58Z</time>
        <extensions>
          <gpxdata:distance>8550.77</gpxdata:distance>
          <gpxdata:speed>0.900</gpxdata:speed>
        </extensions>
      </trkpt>
      <trkpt lat="46.8580163" lon="7.4818723">
        <ele>748.1</ele>
        <time>2026-09-15T12:33:09Z</time>
        <extensions>
          <gpxdata:distance>8560.67</gpxdata:distance>
          <gpxdata:speed>0.907</gpxdata:speed>
        </extensions>
      </trkpt>
      <trkpt lat="46.8580703" lon="7.4819113">
        <ele>747.8</ele>
        <time>2026-09-15T12:33:16Z</time>
        <extensions>
          <gpxdata:distance>8567.36</gpxdata:distance>
          <gpxdata:speed>0.916</gpxdata:speed>
        </extensions>
      </trkpt>
      <trkpt lat="46.8581333" lon="7.4819513">
        <ele>747.2</ele>
        <time>2026-09-15T12:33:24Z</time>
        <extensions>
          <gpxdata:distance>8575.00</gpxdata:distance>
          <gpxdata:speed>0.916</gpxdata:speed>
        </extensions>
      </trkpt>
      <trkpt lat="46.8581873" lon="7.4819773">
        <ele>746.6</ele>
        <time>2026-09-15T12:33:31Z</time>
        <extensions>
          <gpxdata:distance>8581.32</gpxdata:distance>
          <gpxdata:speed>0.915</gpxdata:speed>
        </extensions>
      </trkpt>
      <trkpt lat="46.8582143" lon="7.4819773">
        <ele>746.2</ele>
        <time>2026-09-15T12:33:35Z</time>
        <extensions>
          <gpxdata:distance>8584.33</gpxdata:distance>
          <gpxdata:speed>0.917</gpxdata:speed>
        </extensions>
      </trkpt>
      <trkpt lat="46.8582503" lon="7.4819773">
        <ele>745.8</ele>
        <time>2026-09-15T12:33:39Z</time>
        <extensions>
          <gpxdata:distance>8588.33</gpxdata:distance>
          <gpxdata:speed>0.915</gpxdata:speed>
        </extensions>
      </trkpt>
      <trkpt lat="46.8583043" lon="7.4819513">
        <ele>744.9</ele>
        <time>2026-09-15T12:33:46Z</time>
        <extensions>
          <gpxdata:distance>8594.65</gpxdata:distance>
          <gpxdata:speed>0.909</gpxdata:speed>
        </extensions>
      </trkpt>
      <trkpt lat="46.8583493" lon="7.4819253">
        <ele>744.2</ele>
        <time>2026-09-15T12:33:52Z</time>
        <extensions>
          <gpxdata:distance>8600.03</gpxdata:distance>
          <gpxdata:speed>0.907</gpxdata:speed>
        </extensions>
      </trkpt>
      <trkpt lat="46.8583763" lon="7.4818853">
        <ele>743.7</ele>
        <time>2026-09-15T12:33:57Z</time>
        <extensions>
          <gpxdata:distance>8604.30</gpxdata:distance>
          <gpxdata:speed>0.903</gpxdata:speed>
        </extensions>
      </trkpt>
      <trkpt lat="46.8584123" lon="7.4818463">
        <ele>743.2</ele>
        <time>2026-09-15T12:34:02Z</time>
        <extensions>
          <gpxdata:distance>8609.29</gpxdata:distance>
          <gpxdata:speed>0.895</gpxdata:speed>
        </extensions>
      </trkpt>
      <trkpt lat="46.8585023" lon="7.4817153">
        <ele>741.8</ele>
        <time>2026-09-15T12:34:18Z</time>
        <extensions>
          <gpxdata:distance>8623.41</gpxdata:distance>
          <gpxdata:speed>0.901</gpxdata:speed>
        </extensions>
      </trkpt>
      <trkpt lat="46.8586193" lon="7.4815713">
        <ele>739.5</ele>
        <time>2026-09-15T12:34:36Z</time>
        <extensions>
          <gpxdata:distance>8640.41</gpxdata:distance>
          <gpxdata:speed>0.911</gpxdata:speed>
        </extensions>
      </trkpt>
      <trkpt lat="46.8586193" lon="7.4815713">
        <ele>739.5</ele>
        <time>2026-09-15T12:34:36Z</time>
        <extensions>
          <gpxdata:distance>8640.41</gpxdata:distance>
          <gpxdata:speed>0.000</gpxdata:speed>
        </extensions>
      </trkpt>
      <trkpt lat="46.8586463" lon="7.4815453">
        <ele>739.1</ele>
        <time>2026-09-15T12:34:40Z</time>
        <extensions>
          <gpxdata:distance>8644.00</gpxdata:distance>
          <gpxdata:speed>0.912</gpxdata:speed>
        </extensions>
      </trkpt>
      <trkpt lat="46.8586913" lon="7.4814663">
        <ele>738.0</ele>
        <time>2026-09-15T12:34:49Z</time>
        <extensions>
          <gpxdata:distance>8651.82</gpxdata:distance>
          <gpxdata:speed>0.915</gpxdata:speed>
        </extensions>
      </trkpt>
      <trkpt lat="46.8587093" lon="7.4814133">
        <ele>737.3</ele>
        <time>2026-09-15T12:34:54Z</time>
        <extensions>
          <gpxdata:distance>8656.32</gpxdata:distance>
          <gpxdata:speed>0.916</gpxdata:speed>
        </extensions>
      </trkpt>
      <trkpt lat="46.8587093" lon="7.4814133">
        <ele>737.3</ele>
        <time>2026-09-15T12:34:54Z</time>
        <extensions>
          <gpxdata:distance>8656.32</gpxdata:distance>
          <gpxdata:speed>0.000</gpxdata:speed>
        </extensions>
      </trkpt>
      <trkpt lat="46.8587273" lon="7.4813743">
        <ele>736.8</ele>
        <time>2026-09-15T12:34:58Z</time>
        <extensions>
          <gpxdata:distance>8659.90</gpxdata:distance>
          <gpxdata:speed>0.916</gpxdata:speed>
        </extensions>
      </trkpt>
      <trkpt lat="46.8587453" lon="7.4812823">
        <ele>735.8</ele>
        <time>2026-09-15T12:35:06Z</time>
        <extensions>
          <gpxdata:distance>8667.17</gpxdata:distance>
          <gpxdata:speed>0.920</gpxdata:speed>
        </extensions>
      </trkpt>
      <trkpt lat="46.8587723" lon="7.4811913">
        <ele>734.8</ele>
        <time>2026-09-15T12:35:14Z</time>
        <extensions>
          <gpxdata:distance>8674.72</gpxdata:distance>
          <gpxdata:speed>0.928</gpxdata:speed>
        </extensions>
      </trkpt>
      <trkpt lat="46.8588083" lon="7.4811253">
        <ele>733.8</ele>
        <time>2026-09-15T12:35:21Z</time>
        <extensions>
          <gpxdata:distance>8681.14</gpxdata:distance>
          <gpxdata:speed>0.931</gpxdata:speed>
        </extensions>
      </trkpt>
      <trkpt lat="46.8588533" lon="7.4810733">
        <ele>733.2</ele>
        <time>2026-09-15T12:35:28Z</time>
        <extensions>
          <gpxdata:distance>8687.51</gpxdata:distance>
          <gpxdata:speed>0.925</gpxdata:speed>
        </extensions>
      </trkpt>
      <trkpt lat="46.8588983" lon="7.4810333">
        <ele>732.7</ele>
        <time>2026-09-15T12:35:34Z</time>
        <extensions>
          <gpxdata:distance>8693.37</gpxdata:distance>
          <gpxdata:speed>0.921</gpxdata:speed>
        </extensions>
      </trkpt>
      <trkpt lat="46.8589703" lon="7.4809943">
        <ele>732.0</ele>
        <time>2026-09-15T12:35:43Z</time>
        <extensions>
          <gpxdata:distance>8701.91</gpxdata:distance>
          <gpxdata:speed>0.912</gpxdata:speed>
        </extensions>
      </trkpt>
      <trkpt lat="46.8589973" lon="7.4809813">
        <ele>731.7</ele>
        <time>2026-09-15T12:35:47Z</time>
        <extensions>
          <gpxdata:distance>8705.07</gpxdata:distance>
          <gpxdata:speed>0.908</gpxdata:speed>
        </extensions>
      </trkpt>
      <trkpt lat="46.8589973" lon="7.4809813">
        <ele>731.7</ele>
        <time>2026-09-15T12:35:47Z</time>
        <extensions>
          <gpxdata:distance>8705.07</gpxdata:distance>
          <gpxdata:speed>0.000</gpxdata:speed>
        </extensions>
      </trkpt>
      <trkpt lat="46.8590603" lon="7.4809683">
        <ele>730.9</ele>
        <time>2026-09-15T12:35:55Z</time>
        <extensions>
          <gpxdata:distance>8712.14</gpxdata:distance>
          <gpxdata:speed>0.906</gpxdata:speed>
        </extensions>
      </trkpt>
      <trkpt lat="46.8592313" lon="7.4809553">
        <ele>728.7</ele>
        <time>2026-09-15T12:36:16Z</time>
        <extensions>
          <gpxdata:distance>8731.18</gpxdata:distance>
          <gpxdata:speed>0.904</gpxdata:speed>
        </extensions>
      </trkpt>
      <trkpt lat="46.8592943" lon="7.4809683">
        <ele>728.0</ele>
        <time>2026-09-15T12:36:24Z</time>
        <extensions>
          <gpxdata:distance>8738.26</gpxdata:distance>
          <gpxdata:speed>0.901</gpxdata:speed>
        </extensions>
      </trkpt>
      <trkpt lat="46.8593483" lon="7.4809943">
        <ele>726.9</ele>
        <time>2026-09-15T12:36:31Z</time>
        <extensions>
          <gpxdata:distance>8744.58</gpxdata:distance>
          <gpxdata:speed>0.902</gpxdata:speed>
        </extensions>
      </trkpt>
      <trkpt lat="46.8594023" lon="7.4810343">
        <ele>725.9</ele>
        <time>2026-09-15T12:36:38Z</time>
        <extensions>
          <gpxdata:distance>8751.31</gpxdata:distance>
          <gpxdata:speed>0.908</gpxdata:speed>
        </extensions>
      </trkpt>
      <trkpt lat="46.8594563" lon="7.4810993">
        <ele>725.0</ele>
        <time>2026-09-15T12:36:46Z</time>
        <extensions>
          <gpxdata:distance>8759.09</gpxdata:distance>
          <gpxdata:speed>0.910</gpxdata:speed>
        </extensions>
      </trkpt>
      <trkpt lat="46.8595013" lon="7.4811653">
        <ele>724.1</ele>
        <time>2026-09-15T12:36:54Z</time>
        <extensions>
          <gpxdata:distance>8766.17</gpxdata:distance>
          <gpxdata:speed>0.915</gpxdata:speed>
        </extensions>
      </trkpt>
      <trkpt lat="46.8595463" lon="7.4812703">
        <ele>723.5</ele>
        <time>2026-09-15T12:37:05Z</time>
        <extensions>
          <gpxdata:distance>8775.60</gpxdata:distance>
          <gpxdata:speed>0.909</gpxdata:speed>
        </extensions>
      </trkpt>
      <trkpt lat="46.8595913" lon="7.4813623">
        <ele>722.6</ele>
        <time>2026-09-15T12:37:14Z</time>
        <extensions>
          <gpxdata:distance>8784.20</gpxdata:distance>
          <gpxdata:speed>0.908</gpxdata:speed>
        </extensions>
      </trkpt>
      <trkpt lat="46.8596363" lon="7.4814143">
        <ele>722.1</ele>
        <time>2026-09-15T12:37:21Z</time>
        <extensions>
          <gpxdata:distance>8790.57</gpxdata:distance>
          <gpxdata:speed>0.906</gpxdata:speed>
        </extensions>
      </trkpt>
      <trkpt lat="46.8596983" lon="7.4814543">
        <ele>721.0</ele>
        <time>2026-09-15T12:37:29Z</time>
        <extensions>
          <gpxdata:distance>8798.11</gpxdata:distance>
          <gpxdata:speed>0.908</gpxdata:speed>
        </extensions>
      </trkpt>
      <trkpt lat="46.8597613" lon="7.4814803">
        <ele>720.1</ele>
        <time>2026-09-15T12:37:37Z</time>
        <extensions>
          <gpxdata:distance>8805.39</gpxdata:distance>
          <gpxdata:speed>0.911</gpxdata:speed>
        </extensions>
      </trkpt>
      <trkpt lat="46.8598783" lon="7.4815193">
        <ele>718.6</ele>
        <time>2026-09-15T12:37:52Z</time>
        <extensions>
          <gpxdata:distance>8818.73</gpxdata:distance>
          <gpxdata:speed>0.905</gpxdata:speed>
        </extensions>
      </trkpt>
      <trkpt lat="46.8601123" lon="7.4816643">
        <ele>715.8</ele>
        <time>2026-09-15T12:38:24Z</time>
        <extensions>
          <gpxdata:distance>8846.99</gpxdata:distance>
          <gpxdata:speed>0.899</gpxdata:speed>
        </extensions>
      </trkpt>
      <trkpt lat="46.8602383" lon="7.4817823">
        <ele>713.9</ele>
        <time>2026-09-15T12:38:42Z</time>
        <extensions>
          <gpxdata:distance>8863.63</gpxdata:distance>
          <gpxdata:speed>0.900</gpxdata:speed>
        </extensions>
      </trkpt>
      <trkpt lat="46.8603283" lon="7.4818743">
        <ele>711.8</ele>
        <time>2026-09-15T12:38:56Z</time>
        <extensions>
          <gpxdata:distance>8875.84</gpxdata:distance>
          <gpxdata:speed>0.905</gpxdata:speed>
        </extensions>
      </trkpt>
      <trkpt lat="46.8604543" lon="7.4819533">
        <ele>709.7</ele>
        <time>2026-09-15T12:39:12Z</time>
        <extensions>
          <gpxdata:distance>8891.08</gpxdata:distance>
          <gpxdata:speed>0.912</gpxdata:speed>
        </extensions>
      </trkpt>
      <trkpt lat="46.8606073" lon="7.4820713">
        <ele>706.3</ele>
        <time>2026-09-15T12:39:33Z</time>
        <extensions>
          <gpxdata:distance>8910.31</gpxdata:distance>
          <gpxdata:speed>0.921</gpxdata:speed>
        </extensions>
      </trkpt>
      <trkpt lat="46.8607693" lon="7.4822413">
        <ele>703.7</ele>
        <time>2026-09-15T12:39:57Z</time>
        <extensions>
          <gpxdata:distance>8932.48</gpxdata:distance>
          <gpxdata:speed>0.921</gpxdata:speed>
        </extensions>
      </trkpt>
      <trkpt lat="46.8609213" lon="7.4824123">
        <ele>698.7</ele>
        <time>2026-09-15T12:40:20Z</time>
        <extensions>
          <gpxdata:distance>8953.81</gpxdata:distance>
          <gpxdata:speed>0.934</gpxdata:speed>
        </extensions>
      </trkpt>
      <trkpt lat="46.8610833" lon="7.4827143">
        <ele>694.6</ele>
        <time>2026-09-15T12:40:51Z</time>
        <extensions>
          <gpxdata:distance>8982.99</gpxdata:distance>
          <gpxdata:speed>0.934</gpxdata:speed>
        </extensions>
      </trkpt>
      <trkpt lat="46.8611823" lon="7.4829243">
        <ele>697.3</ele>
        <time>2026-09-15T12:41:13Z</time>
        <extensions>
          <gpxdata:distance>9002.39</gpxdata:distance>
          <gpxdata:speed>0.909</gpxdata:speed>
        </extensions>
      </trkpt>
      <trkpt lat="46.8615693" lon="7.4835403">
        <ele>684.6</ele>
        <time>2026-09-15T12:42:21Z</time>
        <extensions>
          <gpxdata:distance>9065.99</gpxdata:distance>
          <gpxdata:speed>0.933</gpxdata:speed>
        </extensions>
      </trkpt>
      <trkpt lat="46.8616503" lon="7.4836853">
        <ele>681.5</ele>
        <time>2026-09-15T12:42:36Z</time>
        <extensions>
          <gpxdata:distance>9080.23</gpxdata:distance>
          <gpxdata:speed>0.940</gpxdata:speed>
        </extensions>
      </trkpt>
      <trkpt lat="46.8617133" lon="7.4838293">
        <ele>678.9</ele>
        <time>2026-09-15T12:42:50Z</time>
        <extensions>
          <gpxdata:distance>9093.22</gpxdata:distance>
          <gpxdata:speed>0.938</gpxdata:speed>
        </extensions>
      </trkpt>
      <trkpt lat="46.8617573" lon="7.4840123">
        <ele>676.1</ele>
        <time>2026-09-15T12:43:06Z</time>
        <extensions>
          <gpxdata:distance>9107.97</gpxdata:distance>
          <gpxdata:speed>0.933</gpxdata:speed>
        </extensions>
      </trkpt>
      <trkpt lat="46.8617753" lon="7.4841043">
        <ele>674.2</ele>
        <time>2026-09-15T12:43:13Z</time>
        <extensions>
          <gpxdata:distance>9115.25</gpxdata:distance>
          <gpxdata:speed>0.931</gpxdata:speed>
        </extensions>
      </trkpt>
      <trkpt lat="46.8617933" lon="7.4842623">
        <ele>670.7</ele>
        <time>2026-09-15T12:43:27Z</time>
        <extensions>
          <gpxdata:distance>9127.43</gpxdata:distance>
          <gpxdata:speed>0.914</gpxdata:speed>
        </extensions>
      </trkpt>
      <trkpt lat="46.8618113" lon="7.4845503">
        <ele>665.1</ele>
        <time>2026-09-15T12:43:51Z</time>
        <extensions>
          <gpxdata:distance>9149.41</gpxdata:distance>
          <gpxdata:speed>0.910</gpxdata:speed>
        </extensions>
      </trkpt>
      <trkpt lat="46.8618203" lon="7.4847473">
        <ele>661.7</ele>
        <time>2026-09-15T12:44:08Z</time>
        <extensions>
          <gpxdata:distance>9164.43</gpxdata:distance>
          <gpxdata:speed>0.897</gpxdata:speed>
        </extensions>
      </trkpt>
      <trkpt lat="46.8618473" lon="7.4849443">
        <ele>658.6</ele>
        <time>2026-09-15T12:44:25Z</time>
        <extensions>
          <gpxdata:distance>9179.70</gpxdata:distance>
          <gpxdata:speed>0.872</gpxdata:speed>
        </extensions>
      </trkpt>
      <trkpt lat="46.8618923" lon="7.4851013">
        <ele>656.7</ele>
        <time>2026-09-15T12:44:40Z</time>
        <extensions>
          <gpxdata:distance>9192.64</gpxdata:distance>
          <gpxdata:speed>0.872</gpxdata:speed>
        </extensions>
      </trkpt>
      <trkpt lat="46.8619823" lon="7.4853503">
        <ele>652.7</ele>
        <time>2026-09-15T12:45:04Z</time>
        <extensions>
          <gpxdata:distance>9214.06</gpxdata:distance>
          <gpxdata:speed>0.872</gpxdata:speed>
        </extensions>
      </trkpt>
      <trkpt lat="46.8620632" lon="7.4855083">
        <ele>650.7</ele>
        <time>2026-09-15T12:45:22Z</time>
        <extensions>
          <gpxdata:distance>9229.07</gpxdata:distance>
          <gpxdata:speed>0.872</gpxdata:speed>
        </extensions>
      </trkpt>
      <trkpt lat="46.8621532" lon="7.4856523">
        <ele>648.6</ele>
        <time>2026-09-15T12:45:39Z</time>
        <extensions>
          <gpxdata:distance>9243.90</gpxdata:distance>
          <gpxdata:speed>0.872</gpxdata:speed>
        </extensions>
      </trkpt>
      <trkpt lat="46.8622602" lon="7.4858103">
        <ele>644.9</ele>
        <time>2026-09-15T12:45:58Z</time>
        <extensions>
          <gpxdata:distance>9260.81</gpxdata:distance>
          <gpxdata:speed>0.872</gpxdata:speed>
        </extensions>
      </trkpt>
      <trkpt lat="46.8623862" lon="7.4859413">
        <ele>641.9</ele>
        <time>2026-09-15T12:46:18Z</time>
        <extensions>
          <gpxdata:distance>9278.00</gpxdata:distance>
          <gpxdata:speed>0.884</gpxdata:speed>
        </extensions>
      </trkpt>
      <trkpt lat="46.8624672" lon="7.4860333">
        <ele>639.9</ele>
        <time>2026-09-15T12:46:30Z</time>
        <extensions>
          <gpxdata:distance>9289.40</gpxdata:distance>
          <gpxdata:speed>0.899</gpxdata:speed>
        </extensions>
      </trkpt>
      <trkpt lat="46.8625932" lon="7.4861383">
        <ele>637.0</ele>
        <time>2026-09-15T12:46:48Z</time>
        <extensions>
          <gpxdata:distance>9305.53</gpxdata:distance>
          <gpxdata:speed>0.906</gpxdata:speed>
        </extensions>
      </trkpt>
      <trkpt lat="46.8627192" lon="7.4862693">
        <ele>633.9</ele>
        <time>2026-09-15T12:47:07Z</time>
        <extensions>
          <gpxdata:distance>9322.72</gpxdata:distance>
          <gpxdata:speed>0.909</gpxdata:speed>
        </extensions>
      </trkpt>
      <trkpt lat="46.8627192" lon="7.4862693">
        <ele>633.9</ele>
        <time>2026-09-15T12:47:07Z</time>
        <extensions>
          <gpxdata:distance>9322.72</gpxdata:distance>
          <gpxdata:speed>0.000</gpxdata:speed>
        </extensions>
      </trkpt>
      <trkpt lat="46.8627642" lon="7.4862953">
        <ele>633.4</ele>
        <time>2026-09-15T12:47:13Z</time>
        <extensions>
          <gpxdata:distance>9328.10</gpxdata:distance>
          <gpxdata:speed>0.914</gpxdata:speed>
        </extensions>
      </trkpt>
      <trkpt lat="46.8628542" lon="7.4863353">
        <ele>632.4</ele>
        <time>2026-09-15T12:47:24Z</time>
        <extensions>
          <gpxdata:distance>9338.56</gpxdata:distance>
          <gpxdata:speed>0.917</gpxdata:speed>
        </extensions>
      </trkpt>
      <trkpt lat="46.8629982" lon="7.4864003">
        <ele>630.6</ele>
        <time>2026-09-15T12:47:42Z</time>
        <extensions>
          <gpxdata:distance>9355.31</gpxdata:distance>
          <gpxdata:speed>0.924</gpxdata:speed>
        </extensions>
      </trkpt>
      <trkpt lat="46.8631512" lon="7.4864793">
        <ele>628.8</ele>
        <time>2026-09-15T12:48:02Z</time>
        <extensions>
          <gpxdata:distance>9373.35</gpxdata:distance>
          <gpxdata:speed>0.934</gpxdata:speed>
        </extensions>
      </trkpt>
      <trkpt lat="46.8632772" lon="7.4865453">
        <ele>627.4</ele>
        <time>2026-09-15T12:48:18Z</time>
        <extensions>
          <gpxdata:distance>9388.24</gpxdata:distance>
          <gpxdata:speed>0.923</gpxdata:speed>
        </extensions>
      </trkpt>
      <trkpt lat="46.8634212" lon="7.4865974">
        <ele>625.9</ele>
        <time>2026-09-15T12:48:36Z</time>
        <extensions>
          <gpxdata:distance>9404.73</gpxdata:distance>
          <gpxdata:speed>0.914</gpxdata:speed>
        </extensions>
      </trkpt>
      <trkpt lat="46.8635372" lon="7.4866634">
        <ele>624.2</ele>
        <time>2026-09-15T12:48:51Z</time>
        <extensions>
          <gpxdata:distance>9418.57</gpxdata:distance>
          <gpxdata:speed>0.906</gpxdata:speed>
        </extensions>
      </trkpt>
      <trkpt lat="46.8636092" lon="7.4867164">
        <ele>623.5</ele>
        <time>2026-09-15T12:49:01Z</time>
        <extensions>
          <gpxdata:distance>9427.53</gpxdata:distance>
          <gpxdata:speed>0.895</gpxdata:speed>
        </extensions>
      </trkpt>
      <trkpt lat="46.8636092" lon="7.4867164">
        <ele>623.5</ele>
        <time>2026-09-15T12:49:01Z</time>
        <extensions>
          <gpxdata:distance>9427.53</gpxdata:distance>
          <gpxdata:speed>0.000</gpxdata:speed>
        </extensions>
      </trkpt>
      <trkpt lat="46.8635822" lon="7.4867554">
        <ele>622.6</ele>
        <time>2026-09-15T12:49:06Z</time>
        <extensions>
          <gpxdata:distance>9431.75</gpxdata:distance>
          <gpxdata:speed>0.898</gpxdata:speed>
        </extensions>
      </trkpt>
      <trkpt lat="46.8635642" lon="7.4867944">
        <ele>621.9</ele>
        <time>2026-09-15T12:49:10Z</time>
        <extensions>
          <gpxdata:distance>9435.33</gpxdata:distance>
          <gpxdata:speed>0.902</gpxdata:speed>
        </extensions>
      </trkpt>
      <trkpt lat="46.8635282" lon="7.4868214">
        <ele>621.2</ele>
        <time>2026-09-15T12:49:15Z</time>
        <extensions>
          <gpxdata:distance>9439.83</gpxdata:distance>
          <gpxdata:speed>0.905</gpxdata:speed>
        </extensions>
      </trkpt>
      <trkpt lat="46.8635012" lon="7.4868344">
        <ele>620.8</ele>
        <time>2026-09-15T12:49:18Z</time>
        <extensions>
          <gpxdata:distance>9442.99</gpxdata:distance>
          <gpxdata:speed>0.908</gpxdata:speed>
        </extensions>
      </trkpt>
      <trkpt lat="46.8634202" lon="7.4868204">
        <ele>619.5</ele>
        <time>2026-09-15T12:49:28Z</time>
        <extensions>
          <gpxdata:distance>9452.06</gpxdata:distance>
          <gpxdata:speed>0.916</gpxdata:speed>
        </extensions>
      </trkpt>
      <trkpt lat="46.8632592" lon="7.4867683">
        <ele>617.7</ele>
        <time>2026-09-15T12:49:48Z</time>
        <extensions>
          <gpxdata:distance>9470.40</gpxdata:distance>
          <gpxdata:speed>0.917</gpxdata:speed>
        </extensions>
      </trkpt>
      <trkpt lat="46.8632232" lon="7.4867683">
        <ele>617.1</ele>
        <time>2026-09-15T12:49:53Z</time>
        <extensions>
          <gpxdata:distance>9474.40</gpxdata:distance>
          <gpxdata:speed>0.919</gpxdata:speed>
        </extensions>
      </trkpt>
      <trkpt lat="46.8631782" lon="7.4867813">
        <ele>615.8</ele>
        <time>2026-09-15T12:49:58Z</time>
        <extensions>
          <gpxdata:distance>9479.50</gpxdata:distance>
          <gpxdata:speed>0.938</gpxdata:speed>
        </extensions>
      </trkpt>
      <trkpt lat="46.8630612" lon="7.4868203">
        <ele>613.1</ele>
        <time>2026-09-15T12:50:12Z</time>
        <extensions>
          <gpxdata:distance>9492.84</gpxdata:distance>
          <gpxdata:speed>0.927</gpxdata:speed>
        </extensions>
      </trkpt>
      <trkpt lat="46.8629622" lon="7.4868463">
        <ele>610.7</ele>
        <time>2026-09-15T12:50:24Z</time>
        <extensions>
          <gpxdata:distance>9504.03</gpxdata:distance>
          <gpxdata:speed>0.920</gpxdata:speed>
        </extensions>
      </trkpt>
      <trkpt lat="46.8628992" lon="7.4868723">
        <ele>608.7</ele>
        <time>2026-09-15T12:50:33Z</time>
        <extensions>
          <gpxdata:distance>9511.31</gpxdata:distance>
          <gpxdata:speed>0.908</gpxdata:speed>
        </extensions>
      </trkpt>
      <trkpt lat="46.8628542" lon="7.4869253">
        <ele>607.0</ele>
        <time>2026-09-15T12:50:40Z</time>
        <extensions>
          <gpxdata:distance>9517.73</gpxdata:distance>
          <gpxdata:speed>0.896</gpxdata:speed>
        </extensions>
      </trkpt>
      <trkpt lat="46.8628452" lon="7.4869513">
        <ele>606.4</ele>
        <time>2026-09-15T12:50:42Z</time>
        <extensions>
          <gpxdata:distance>9519.95</gpxdata:distance>
          <gpxdata:speed>0.889</gpxdata:speed>
        </extensions>
      </trkpt>
      <trkpt lat="46.8628182" lon="7.4870303">
        <ele>604.7</ele>
        <time>2026-09-15T12:50:50Z</time>
        <extensions>
          <gpxdata:distance>9526.66</gpxdata:distance>
          <gpxdata:speed>0.874</gpxdata:speed>
        </extensions>
      </trkpt>
      <trkpt lat="46.8627372" lon="7.4873583">
        <ele>598.5</ele>
        <time>2026-09-15T12:51:20Z</time>
        <extensions>
          <gpxdata:distance>9553.18</gpxdata:distance>
          <gpxdata:speed>0.872</gpxdata:speed>
        </extensions>
      </trkpt>
      <trkpt lat="46.8626922" lon="7.4874493">
        <ele>596.6</ele>
        <time>2026-09-15T12:51:30Z</time>
        <extensions>
          <gpxdata:distance>9561.71</gpxdata:distance>
          <gpxdata:speed>0.872</gpxdata:speed>
        </extensions>
      </trkpt>
      <trkpt lat="46.8626292" lon="7.4876073">
        <ele>594.4</ele>
        <time>2026-09-15T12:51:46Z</time>
        <extensions>
          <gpxdata:distance>9575.62</gpxdata:distance>
          <gpxdata:speed>0.872</gpxdata:speed>
        </extensions>
      </trkpt>
      <trkpt lat="46.8625742" lon="7.4877113">
        <ele>593.1</ele>
        <time>2026-09-15T12:51:57Z</time>
        <extensions>
          <gpxdata:distance>9585.62</gpxdata:distance>
          <gpxdata:speed>0.872</gpxdata:speed>
        </extensions>
      </trkpt>
      <trkpt lat="46.8625472" lon="7.4877513">
        <ele>592.5</ele>
        <time>2026-09-15T12:52:02Z</time>
        <extensions>
          <gpxdata:distance>9589.89</gpxdata:distance>
          <gpxdata:speed>0.872</gpxdata:speed>
        </extensions>
      </trkpt>
      <trkpt lat="46.8625212" lon="7.4877643">
        <ele>592.3</ele>
        <time>2026-09-15T12:52:06Z</time>
        <extensions>
          <gpxdata:distance>9592.94</gpxdata:distance>
          <gpxdata:speed>0.872</gpxdata:speed>
        </extensions>
      </trkpt>
      <trkpt lat="46.8625212" lon="7.4877643">
        <ele>592.3</ele>
        <time>2026-09-15T12:52:06Z</time>
        <extensions>
          <gpxdata:distance>9592.94</gpxdata:distance>
          <gpxdata:speed>0.000</gpxdata:speed>
        </extensions>
      </trkpt>
      <trkpt lat="46.8625022" lon="7.4878293">
        <ele>591.2</ele>
        <time>2026-09-15T12:52:12Z</time>
        <extensions>
          <gpxdata:distance>9598.32</gpxdata:distance>
          <gpxdata:speed>0.880</gpxdata:speed>
        </extensions>
      </trkpt>
      <trkpt lat="46.8624662" lon="7.4878953">
        <ele>590.4</ele>
        <time>2026-09-15T12:52:19Z</time>
        <extensions>
          <gpxdata:distance>9604.74</gpxdata:distance>
          <gpxdata:speed>0.895</gpxdata:speed>
        </extensions>
      </trkpt>
      <trkpt lat="46.8624032" lon="7.4879743">
        <ele>588.6</ele>
        <time>2026-09-15T12:52:29Z</time>
        <extensions>
          <gpxdata:distance>9613.97</gpxdata:distance>
          <gpxdata:speed>0.923</gpxdata:speed>
        </extensions>
      </trkpt>
      <trkpt lat="46.8623402" lon="7.4880393">
        <ele>587.6</ele>
        <time>2026-09-15T12:52:38Z</time>
        <extensions>
          <gpxdata:distance>9622.54</gpxdata:distance>
          <gpxdata:speed>0.938</gpxdata:speed>
        </extensions>
      </trkpt>
      <trkpt lat="46.8621342" lon="7.4882093">
        <ele>584.0</ele>
        <time>2026-09-15T12:53:07Z</time>
        <extensions>
          <gpxdata:distance>9648.84</gpxdata:distance>
          <gpxdata:speed>0.933</gpxdata:speed>
        </extensions>
      </trkpt>
      <trkpt lat="46.8620622" lon="7.4882623">
        <ele>582.3</ele>
        <time>2026-09-15T12:53:16Z</time>
        <extensions>
          <gpxdata:distance>9657.80</gpxdata:distance>
          <gpxdata:speed>0.940</gpxdata:speed>
        </extensions>
      </trkpt>
      <trkpt lat="46.8620352" lon="7.4882883">
        <ele>581.7</ele>
        <time>2026-09-15T12:53:20Z</time>
        <extensions>
          <gpxdata:distance>9661.40</gpxdata:distance>
          <gpxdata:speed>0.939</gpxdata:speed>
        </extensions>
      </trkpt>
      <trkpt lat="46.8620082" lon="7.4883273">
        <ele>581.1</ele>
        <time>2026-09-15T12:53:24Z</time>
        <extensions>
          <gpxdata:distance>9665.62</gpxdata:distance>
          <gpxdata:speed>0.934</gpxdata:speed>
        </extensions>
      </trkpt>
      <trkpt lat="46.8619902" lon="7.4883673">
        <ele>580.5</ele>
        <time>2026-09-15T12:53:28Z</time>
        <extensions>
          <gpxdata:distance>9669.26</gpxdata:distance>
          <gpxdata:speed>0.934</gpxdata:speed>
        </extensions>
      </trkpt>
      <trkpt lat="46.8619632" lon="7.4884063">
        <ele>579.8</ele>
        <time>2026-09-15T12:53:33Z</time>
        <extensions>
          <gpxdata:distance>9673.48</gpxdata:distance>
          <gpxdata:speed>0.938</gpxdata:speed>
        </extensions>
      </trkpt>
      <trkpt lat="46.8619542" lon="7.4884583">
        <ele>579.2</ele>
        <time>2026-09-15T12:53:37Z</time>
        <extensions>
          <gpxdata:distance>9677.56</gpxdata:distance>
          <gpxdata:speed>0.935</gpxdata:speed>
        </extensions>
      </trkpt>
      <trkpt lat="46.8619352" lon="7.4885113">
        <ele>578.5</ele>
        <time>2026-09-15T12:53:42Z</time>
        <extensions>
          <gpxdata:distance>9682.11</gpxdata:distance>
          <gpxdata:speed>0.938</gpxdata:speed>
        </extensions>
      </trkpt>
      <trkpt lat="46.8619352" lon="7.4885633">
        <ele>578.0</ele>
        <time>2026-09-15T12:53:46Z</time>
        <extensions>
          <gpxdata:distance>9686.06</gpxdata:distance>
          <gpxdata:speed>0.939</gpxdata:speed>
        </extensions>
      </trkpt>
      <trkpt lat="46.8619262" lon="7.4886163">
        <ele>577.5</ele>
        <time>2026-09-15T12:53:51Z</time>
        <extensions>
          <gpxdata:distance>9690.21</gpxdata:distance>
          <gpxdata:speed>0.930</gpxdata:speed>
        </extensions>
      </trkpt>
      <trkpt lat="46.8619352" lon="7.4886813">
        <ele>576.9</ele>
        <time>2026-09-15T12:53:56Z</time>
        <extensions>
          <gpxdata:distance>9695.25</gpxdata:distance>
          <gpxdata:speed>0.935</gpxdata:speed>
        </extensions>
      </trkpt>
      <trkpt lat="46.8619352" lon="7.4887343">
        <ele>576.3</ele>
        <time>2026-09-15T12:54:00Z</time>
        <extensions>
          <gpxdata:distance>9699.28</gpxdata:distance>
          <gpxdata:speed>0.933</gpxdata:speed>
        </extensions>
      </trkpt>
      <trkpt lat="46.8619442" lon="7.4887863">
        <ele>575.6</ele>
        <time>2026-09-15T12:54:05Z</time>
        <extensions>
          <gpxdata:distance>9703.36</gpxdata:distance>
          <gpxdata:speed>0.936</gpxdata:speed>
        </extensions>
      </trkpt>
      <trkpt lat="46.8619712" lon="7.4888653">
        <ele>575.0</ele>
        <time>2026-09-15T12:54:12Z</time>
        <extensions>
          <gpxdata:distance>9710.08</gpxdata:distance>
          <gpxdata:speed>0.926</gpxdata:speed>
        </extensions>
      </trkpt>
      <trkpt lat="46.8619712" lon="7.4888653">
        <ele>575.0</ele>
        <time>2026-09-15T12:54:12Z</time>
        <extensions>
          <gpxdata:distance>9710.08</gpxdata:distance>
          <gpxdata:speed>0.000</gpxdata:speed>
        </extensions>
      </trkpt>
      <trkpt lat="46.8619442" lon="7.4888783">
        <ele>574.8</ele>
        <time>2026-09-15T12:54:15Z</time>
        <extensions>
          <gpxdata:distance>9713.24</gpxdata:distance>
          <gpxdata:speed>0.916</gpxdata:speed>
        </extensions>
      </trkpt>
      <trkpt lat="46.8619352" lon="7.4888783">
        <ele>574.7</ele>
        <time>2026-09-15T12:54:17Z</time>
        <extensions>
          <gpxdata:distance>9714.24</gpxdata:distance>
          <gpxdata:speed>0.911</gpxdata:speed>
        </extensions>
      </trkpt>
      <trkpt lat="46.8619082" lon="7.4888783">
        <ele>574.6</ele>
        <time>2026-09-15T12:54:20Z</time>
        <extensions>
          <gpxdata:distance>9717.24</gpxdata:distance>
          <gpxdata:speed>0.903</gpxdata:speed>
        </extensions>
      </trkpt>
      <trkpt lat="46.8618722" lon="7.4888653">
        <ele>574.3</ele>
        <time>2026-09-15T12:54:24Z</time>
        <extensions>
          <gpxdata:distance>9721.36</gpxdata:distance>
          <gpxdata:speed>0.897</gpxdata:speed>
        </extensions>
      </trkpt>
      <trkpt lat="46.8618002" lon="7.4888523">
        <ele>573.8</ele>
        <time>2026-09-15T12:54:33Z</time>
        <extensions>
          <gpxdata:distance>9729.43</gpxdata:distance>
          <gpxdata:speed>0.904</gpxdata:speed>
        </extensions>
      </trkpt>
      <trkpt lat="46.8617642" lon="7.4888523">
        <ele>573.6</ele>
        <time>2026-09-15T12:54:38Z</time>
        <extensions>
          <gpxdata:distance>9733.43</gpxdata:distance>
          <gpxdata:speed>0.917</gpxdata:speed>
        </extensions>
      </trkpt>
      <trkpt lat="46.8617012" lon="7.4888653">
        <ele>573.5</ele>
        <time>2026-09-15T12:54:45Z</time>
        <extensions>
          <gpxdata:distance>9740.51</gpxdata:distance>
          <gpxdata:speed>0.941</gpxdata:speed>
        </extensions>
      </trkpt>
      <trkpt lat="46.8617012" lon="7.4888653">
        <ele>573.5</ele>
        <time>2026-09-15T12:54:45Z</time>
        <extensions>
          <gpxdata:distance>9740.51</gpxdata:distance>
          <gpxdata:speed>0.000</gpxdata:speed>
        </extensions>
      </trkpt>
      <trkpt lat="46.8616832" lon="7.4891933">
        <ele>571.0</ele>
        <time>2026-09-15T12:55:12Z</time>
        <extensions>
          <gpxdata:distance>9765.53</gpxdata:distance>
          <gpxdata:speed>0.924</gpxdata:speed>
        </extensions>
      </trkpt>
      <trkpt lat="46.8616562" lon="7.4893763">
        <ele>570.1</ele>
        <time>2026-09-15T12:55:28Z</time>
        <extensions>
          <gpxdata:distance>9779.76</gpxdata:distance>
          <gpxdata:speed>0.926</gpxdata:speed>
        </extensions>
      </trkpt>
      <trkpt lat="46.8615302" lon="7.4898093">
        <ele>563.8</ele>
        <time>2026-09-15T12:56:07Z</time>
        <extensions>
          <gpxdata:distance>9815.54</gpxdata:distance>
          <gpxdata:speed>0.901</gpxdata:speed>
        </extensions>
      </trkpt>
      <trkpt lat="46.8613412" lon="7.4898742">
        <ele>561.0</ele>
        <time>2026-09-15T12:56:31Z</time>
        <extensions>
          <gpxdata:distance>9837.13</gpxdata:distance>
          <gpxdata:speed>0.907</gpxdata:speed>
        </extensions>
      </trkpt>
      <trkpt lat="46.8612512" lon="7.4898742">
        <ele>559.5</ele>
        <time>2026-09-15T12:56:42Z</time>
        <extensions>
          <gpxdata:distance>9847.13</gpxdata:distance>
          <gpxdata:speed>0.911</gpxdata:speed>
        </extensions>
      </trkpt>
      <trkpt lat="46.8612242" lon="7.4898872">
        <ele>559.3</ele>
        <time>2026-09-15T12:56:46Z</time>
        <extensions>
          <gpxdata:distance>9850.30</gpxdata:distance>
          <gpxdata:speed>0.913</gpxdata:speed>
        </extensions>
      </trkpt>
      <trkpt lat="46.8611702" lon="7.4899132">
        <ele>558.4</ele>
        <time>2026-09-15T12:56:53Z</time>
        <extensions>
          <gpxdata:distance>9856.62</gpxdata:distance>
          <gpxdata:speed>0.916</gpxdata:speed>
        </extensions>
      </trkpt>
      <trkpt lat="46.8611522" lon="7.4899262">
        <ele>558.0</ele>
        <time>2026-09-15T12:56:55Z</time>
        <extensions>
          <gpxdata:distance>9858.85</gpxdata:distance>
          <gpxdata:speed>0.923</gpxdata:speed>
        </extensions>
      </trkpt>
      <trkpt lat="46.8611432" lon="7.4899402">
        <ele>557.6</ele>
        <time>2026-09-15T12:56:57Z</time>
        <extensions>
          <gpxdata:distance>9860.31</gpxdata:distance>
          <gpxdata:speed>0.924</gpxdata:speed>
        </extensions>
      </trkpt>
      <trkpt lat="46.8611432" lon="7.4899662">
        <ele>556.9</ele>
        <time>2026-09-15T12:56:59Z</time>
        <extensions>
          <gpxdata:distance>9862.29</gpxdata:distance>
          <gpxdata:speed>0.936</gpxdata:speed>
        </extensions>
      </trkpt>
      <trkpt lat="46.8611522" lon="7.4899792">
        <ele>556.8</ele>
        <time>2026-09-15T12:57:00Z</time>
        <extensions>
          <gpxdata:distance>9863.69</gpxdata:distance>
          <gpxdata:speed>0.929</gpxdata:speed>
        </extensions>
      </trkpt>
      <trkpt lat="46.8611432" lon="7.4900052">
        <ele>556.7</ele>
        <time>2026-09-15T12:57:03Z</time>
        <extensions>
          <gpxdata:distance>9865.91</gpxdata:distance>
          <gpxdata:speed>0.932</gpxdata:speed>
        </extensions>
      </trkpt>
      <trkpt lat="46.8611432" lon="7.4900052">
        <ele>556.7</ele>
        <time>2026-09-15T12:57:03Z</time>
        <extensions>
          <gpxdata:distance>9865.91</gpxdata:distance>
          <gpxdata:speed>0.000</gpxdata:speed>
        </extensions>
      </trkpt>
      <trkpt lat="46.8611882" lon="7.4900312">
        <ele>556.1</ele>
        <time>2026-09-15T12:57:08Z</time>
        <extensions>
          <gpxdata:distance>9871.29</gpxdata:distance>
          <gpxdata:speed>0.932</gpxdata:speed>
        </extensions>
      </trkpt>
      <trkpt lat="46.8612422" lon="7.4900712">
        <ele>555.5</ele>
        <time>2026-09-15T12:57:16Z</time>
        <extensions>
          <gpxdata:distance>9878.02</gpxdata:distance>
          <gpxdata:speed>0.928</gpxdata:speed>
        </extensions>
      </trkpt>
      <trkpt lat="46.8612692" lon="7.4901102">
        <ele>555.2</ele>
        <time>2026-09-15T12:57:20Z</time>
        <extensions>
          <gpxdata:distance>9882.24</gpxdata:distance>
          <gpxdata:speed>0.917</gpxdata:speed>
        </extensions>
      </trkpt>
      <trkpt lat="46.8612962" lon="7.4901502">
        <ele>555.1</ele>
        <time>2026-09-15T12:57:25Z</time>
        <extensions>
          <gpxdata:distance>9886.51</gpxdata:distance>
          <gpxdata:speed>0.899</gpxdata:speed>
        </extensions>
      </trkpt>
      <trkpt lat="46.8613142" lon="7.4901892">
        <ele>554.6</ele>
        <time>2026-09-15T12:57:29Z</time>
        <extensions>
          <gpxdata:distance>9890.09</gpxdata:distance>
          <gpxdata:speed>0.895</gpxdata:speed>
        </extensions>
      </trkpt>
      <trkpt lat="46.8613232" lon="7.4902152">
        <ele>554.6</ele>
        <time>2026-09-15T12:57:31Z</time>
        <extensions>
          <gpxdata:distance>9892.31</gpxdata:distance>
          <gpxdata:speed>0.920</gpxdata:speed>
        </extensions>
      </trkpt>
      <trkpt lat="46.8613322" lon="7.4903462">
        <ele>554.3</ele>
        <time>2026-09-15T12:57:42Z</time>
        <extensions>
          <gpxdata:distance>9902.32</gpxdata:distance>
          <gpxdata:speed>0.932</gpxdata:speed>
        </extensions>
      </trkpt>
      <trkpt lat="46.8613322" lon="7.4903462">
        <ele>554.3</ele>
        <time>2026-09-15T12:57:42Z</time>
        <extensions>
          <gpxdata:distance>9902.32</gpxdata:distance>
          <gpxdata:speed>0.000</gpxdata:speed>
        </extensions>
      </trkpt>
      <trkpt lat="46.8612062" lon="7.4903592">
        <ele>554.0</ele>
        <time>2026-09-15T12:57:57Z</time>
        <extensions>
          <gpxdata:distance>9916.36</gpxdata:distance>
          <gpxdata:speed>0.944</gpxdata:speed>
        </extensions>
      </trkpt>
      <trkpt lat="46.8612062" lon="7.4903592">
        <ele>554.0</ele>
        <time>2026-09-15T12:57:57Z</time>
        <extensions>
          <gpxdata:distance>9916.36</gpxdata:distance>
          <gpxdata:speed>0.000</gpxdata:speed>
        </extensions>
      </trkpt>
      <trkpt lat="46.8609902" lon="7.4903852">
        <ele>553.4</ele>
        <time>2026-09-15T12:58:22Z</time>
        <extensions>
          <gpxdata:distance>9940.46</gpxdata:distance>
          <gpxdata:speed>0.969</gpxdata:speed>
        </extensions>
      </trkpt>
      <trkpt lat="46.8609902" lon="7.4903852">
        <ele>553.4</ele>
        <time>2026-09-15T12:58:22Z</time>
        <extensions>
          <gpxdata:distance>9940.46</gpxdata:distance>
          <gpxdata:speed>0.000</gpxdata:speed>
        </extensions>
      </trkpt>
      <trkpt lat="46.8609992" lon="7.4904642">
        <ele>553.4</ele>
        <time>2026-09-15T12:58:28Z</time>
        <extensions>
          <gpxdata:distance>9946.55</gpxdata:distance>
          <gpxdata:speed>0.976</gpxdata:speed>
        </extensions>
      </trkpt>
      <trkpt lat="46.8609992" lon="7.4904642">
        <ele>553.4</ele>
        <time>2026-09-15T12:58:28Z</time>
        <extensions>
          <gpxdata:distance>9946.55</gpxdata:distance>
          <gpxdata:speed>0.000</gpxdata:speed>
        </extensions>
      </trkpt>
      <trkpt lat="46.8609812" lon="7.4904902">
        <ele>553.2</ele>
        <time>2026-09-15T12:58:31Z</time>
        <extensions>
          <gpxdata:distance>9949.36</gpxdata:distance>
          <gpxdata:speed>0.981</gpxdata:speed>
        </extensions>
      </trkpt>
      <trkpt lat="46.8608282" lon="7.4905292">
        <ele>550.1</ele>
        <time>2026-09-15T12:58:49Z</time>
        <extensions>
          <gpxdata:distance>9966.63</gpxdata:distance>
          <gpxdata:speed>0.932</gpxdata:speed>
        </extensions>
      </trkpt>
      <trkpt lat="46.8607921" lon="7.4905422">
        <ele>549.5</ele>
        <time>2026-09-15T12:58:54Z</time>
        <extensions>
          <gpxdata:distance>9970.77</gpxdata:distance>
          <gpxdata:speed>0.926</gpxdata:speed>
        </extensions>
      </trkpt>
      <trkpt lat="46.8607651" lon="7.4905562">
        <ele>548.9</ele>
        <time>2026-09-15T12:58:57Z</time>
        <extensions>
          <gpxdata:distance>9973.95</gpxdata:distance>
          <gpxdata:speed>0.907</gpxdata:speed>
        </extensions>
      </trkpt>
      <trkpt lat="46.8607651" lon="7.4905562">
        <ele>548.9</ele>
        <time>2026-09-15T12:58:57Z</time>
        <extensions>
          <gpxdata:distance>9973.95</gpxdata:distance>
          <gpxdata:speed>0.000</gpxdata:speed>
        </extensions>
      </trkpt>
      <trkpt lat="46.8606841" lon="7.4906872">
        <ele>546.6</ele>
        <time>2026-09-15T12:59:12Z</time>
        <extensions>
          <gpxdata:distance>9987.38</gpxdata:distance>
          <gpxdata:speed>0.935</gpxdata:speed>
        </extensions>
      </trkpt>
      <trkpt lat="46.8606031" lon="7.4908832">
        <ele>543.9</ele>
        <time>2026-09-15T12:59:30Z</time>
        <extensions>
          <gpxdata:distance>10004.79</gpxdata:distance>
          <gpxdata:speed>0.938</gpxdata:speed>
        </extensions>
      </trkpt>
      <trkpt lat="46.8605581" lon="7.4910012">
        <ele>542.4</ele>
        <time>2026-09-15T12:59:41Z</time>
        <extensions>
          <gpxdata:distance>10015.07</gpxdata:distance>
          <gpxdata:speed>0.926</gpxdata:speed>
        </extensions>
      </trkpt>
      <trkpt lat="46.8605221" lon="7.4911062">
        <ele>541.2</ele>
        <time>2026-09-15T12:59:51Z</time>
        <extensions>
          <gpxdata:distance>10024.00</gpxdata:distance>
          <gpxdata:speed>0.930</gpxdata:speed>
        </extensions>
      </trkpt>
      <trkpt lat="46.8604951" lon="7.4911722">
        <ele>540.3</ele>
        <time>2026-09-15T12:59:57Z</time>
        <extensions>
          <gpxdata:distance>10029.85</gpxdata:distance>
          <gpxdata:speed>0.926</gpxdata:speed>
        </extensions>
      </trkpt>
      <trkpt lat="46.8604231" lon="7.4913952">
        <ele>538.0</ele>
        <time>2026-09-15T13:00:17Z</time>
        <extensions>
          <gpxdata:distance>10048.60</gpxdata:distance>
          <gpxdata:speed>0.938</gpxdata:speed>
        </extensions>
      </trkpt>
      <trkpt lat="46.8603781" lon="7.4915912">
        <ele>536.1</ele>
        <time>2026-09-15T13:00:34Z</time>
        <extensions>
          <gpxdata:distance>10064.32</gpxdata:distance>
          <gpxdata:speed>0.934</gpxdata:speed>
        </extensions>
      </trkpt>
      <trkpt lat="46.8603511" lon="7.4916832">
        <ele>535.5</ele>
        <time>2026-09-15T13:00:42Z</time>
        <extensions>
          <gpxdata:distance>10071.93</gpxdata:distance>
          <gpxdata:speed>0.928</gpxdata:speed>
        </extensions>
      </trkpt>
      <trkpt lat="46.8603511" lon="7.4916832">
        <ele>535.5</ele>
        <time>2026-09-15T13:00:42Z</time>
        <extensions>
          <gpxdata:distance>10071.93</gpxdata:distance>
          <gpxdata:speed>0.000</gpxdata:speed>
        </extensions>
      </trkpt>
      <trkpt lat="46.8603331" lon="7.4917352">
        <ele>535.1</ele>
        <time>2026-09-15T13:00:47Z</time>
        <extensions>
          <gpxdata:distance>10076.36</gpxdata:distance>
          <gpxdata:speed>0.921</gpxdata:speed>
        </extensions>
      </trkpt>
      <trkpt lat="46.8603151" lon="7.4917752">
        <ele>534.9</ele>
        <time>2026-09-15T13:00:51Z</time>
        <extensions>
          <gpxdata:distance>10080.00</gpxdata:distance>
          <gpxdata:speed>0.912</gpxdata:speed>
        </extensions>
      </trkpt>
      <trkpt lat="46.8602971" lon="7.4918142">
        <ele>534.7</ele>
        <time>2026-09-15T13:00:55Z</time>
        <extensions>
          <gpxdata:distance>10083.58</gpxdata:distance>
          <gpxdata:speed>0.906</gpxdata:speed>
        </extensions>
      </trkpt>
      <trkpt lat="46.8602791" lon="7.4918532">
        <ele>534.6</ele>
        <time>2026-09-15T13:00:59Z</time>
        <extensions>
          <gpxdata:distance>10087.16</gpxdata:distance>
          <gpxdata:speed>0.898</gpxdata:speed>
        </extensions>
      </trkpt>
      <trkpt lat="46.8602791" lon="7.4918532">
        <ele>534.6</ele>
        <time>2026-09-15T13:00:59Z</time>
        <extensions>
          <gpxdata:distance>10087.16</gpxdata:distance>
          <gpxdata:speed>0.000</gpxdata:speed>
        </extensions>
      </trkpt>
      <trkpt lat="46.8602971" lon="7.4918932">
        <ele>534.2</ele>
        <time>2026-09-15T13:01:03Z</time>
        <extensions>
          <gpxdata:distance>10090.80</gpxdata:distance>
          <gpxdata:speed>0.905</gpxdata:speed>
        </extensions>
      </trkpt>
      <trkpt lat="46.8603061" lon="7.4919452">
        <ele>533.7</ele>
        <time>2026-09-15T13:01:08Z</time>
        <extensions>
          <gpxdata:distance>10094.87</gpxdata:distance>
          <gpxdata:speed>0.917</gpxdata:speed>
        </extensions>
      </trkpt>
      <trkpt lat="46.8603061" lon="7.4920372">
        <ele>533.1</ele>
        <time>2026-09-15T13:01:15Z</time>
        <extensions>
          <gpxdata:distance>10101.87</gpxdata:distance>
          <gpxdata:speed>0.916</gpxdata:speed>
        </extensions>
      </trkpt>
      <trkpt lat="46.8602701" lon="7.4922732">
        <ele>531.1</ele>
        <time>2026-09-15T13:01:36Z</time>
        <extensions>
          <gpxdata:distance>10120.25</gpxdata:distance>
          <gpxdata:speed>0.904</gpxdata:speed>
        </extensions>
      </trkpt>
      <trkpt lat="46.8602521" lon="7.4923782">
        <ele>530.6</ele>
        <time>2026-09-15T13:01:45Z</time>
        <extensions>
          <gpxdata:distance>10128.48</gpxdata:distance>
          <gpxdata:speed>0.909</gpxdata:speed>
        </extensions>
      </trkpt>
      <trkpt lat="46.8602521" lon="7.4923782">
        <ele>530.6</ele>
        <time>2026-09-15T13:01:45Z</time>
        <extensions>
          <gpxdata:distance>10128.48</gpxdata:distance>
          <gpxdata:speed>0.000</gpxdata:speed>
        </extensions>
      </trkpt>
      <trkpt lat="46.8602431" lon="7.4925092">
        <ele>530.0</ele>
        <time>2026-09-15T13:01:56Z</time>
        <extensions>
          <gpxdata:distance>10138.50</gpxdata:distance>
          <gpxdata:speed>0.910</gpxdata:speed>
        </extensions>
      </trkpt>
      <trkpt lat="46.8602341" lon="7.4926662">
        <ele>529.4</ele>
        <time>2026-09-15T13:02:09Z</time>
        <extensions>
          <gpxdata:distance>10150.47</gpxdata:distance>
          <gpxdata:speed>0.914</gpxdata:speed>
        </extensions>
      </trkpt>
      <trkpt lat="46.8602331" lon="7.4927982">
        <ele>528.9</ele>
        <time>2026-09-15T13:02:20Z</time>
        <extensions>
          <gpxdata:distance>10160.51</gpxdata:distance>
          <gpxdata:speed>0.918</gpxdata:speed>
        </extensions>
      </trkpt>
      <trkpt lat="46.8602331" lon="7.4927982">
        <ele>528.9</ele>
        <time>2026-09-15T13:02:20Z</time>
        <extensions>
          <gpxdata:distance>10160.51</gpxdata:distance>
          <gpxdata:speed>0.000</gpxdata:speed>
        </extensions>
      </trkpt>
      <trkpt lat="46.8602331" lon="7.4929292">
        <ele>528.5</ele>
        <time>2026-09-15T13:02:30Z</time>
        <extensions>
          <gpxdata:distance>10170.47</gpxdata:distance>
          <gpxdata:speed>0.928</gpxdata:speed>
        </extensions>
      </trkpt>
      <trkpt lat="46.8602331" lon="7.4931252">
        <ele>527.8</ele>
        <time>2026-09-15T13:02:46Z</time>
        <extensions>
          <gpxdata:distance>10185.37</gpxdata:distance>
          <gpxdata:speed>0.934</gpxdata:speed>
        </extensions>
      </trkpt>
      <trkpt lat="46.8602331" lon="7.4932172">
        <ele>527.7</ele>
        <time>2026-09-15T13:02:54Z</time>
        <extensions>
          <gpxdata:distance>10192.37</gpxdata:distance>
          <gpxdata:speed>0.952</gpxdata:speed>
        </extensions>
      </trkpt>
      <trkpt lat="46.8602241" lon="7.4932832">
        <ele>527.7</ele>
        <time>2026-09-15T13:02:59Z</time>
        <extensions>
          <gpxdata:distance>10197.49</gpxdata:distance>
          <gpxdata:speed>0.958</gpxdata:speed>
        </extensions>
      </trkpt>
      <trkpt lat="46.8602241" lon="7.4932832">
        <ele>527.7</ele>
        <time>2026-09-15T13:02:59Z</time>
        <extensions>
          <gpxdata:distance>10197.49</gpxdata:distance>
          <gpxdata:speed>0.000</gpxdata:speed>
        </extensions>
      </trkpt>
      <trkpt lat="46.8602241" lon="7.4933092">
        <ele>527.7</ele>
        <time>2026-09-15T13:03:01Z</time>
        <extensions>
          <gpxdata:distance>10199.46</gpxdata:distance>
          <gpxdata:speed>0.964</gpxdata:speed>
        </extensions>
      </trkpt>
      <trkpt lat="46.8602241" lon="7.4933092">
        <ele>527.7</ele>
        <time>2026-09-15T13:03:01Z</time>
        <extensions>
          <gpxdata:distance>10199.46</gpxdata:distance>
          <gpxdata:speed>0.000</gpxdata:speed>
        </extensions>
      </trkpt>
      <trkpt lat="46.8602151" lon="7.4934142">
        <ele>527.6</ele>
        <time>2026-09-15T13:03:09Z</time>
        <extensions>
          <gpxdata:distance>10207.51</gpxdata:distance>
          <gpxdata:speed>0.977</gpxdata:speed>
        </extensions>
      </trkpt>
      <trkpt lat="46.8601971" lon="7.4935322">
        <ele>527.5</ele>
        <time>2026-09-15T13:03:19Z</time>
        <extensions>
          <gpxdata:distance>10216.70</gpxdata:distance>
          <gpxdata:speed>0.980</gpxdata:speed>
        </extensions>
      </trkpt>
      <trkpt lat="46.8601791" lon="7.4936242">
        <ele>527.5</ele>
        <time>2026-09-15T13:03:26Z</time>
        <extensions>
          <gpxdata:distance>10223.98</gpxdata:distance>
          <gpxdata:speed>0.988</gpxdata:speed>
        </extensions>
      </trkpt>
      <trkpt lat="46.8601611" lon="7.4937422">
        <ele>527.5</ele>
        <time>2026-09-15T13:03:35Z</time>
        <extensions>
          <gpxdata:distance>10233.17</gpxdata:distance>
          <gpxdata:speed>1.004</gpxdata:speed>
        </extensions>
      </trkpt>
      <trkpt lat="46.8600981" lon="7.4939652">
        <ele>527.4</ele>
        <time>2026-09-15T13:03:54Z</time>
        <extensions>
          <gpxdata:distance>10251.51</gpxdata:distance>
          <gpxdata:speed>1.006</gpxdata:speed>
        </extensions>
      </trkpt>
      <trkpt lat="46.8598641" lon="7.4948822">
        <ele>527.1</ele>
        <time>2026-09-15T13:05:07Z</time>
        <extensions>
          <gpxdata:distance>10325.93</gpxdata:distance>
          <gpxdata:speed>1.006</gpxdata:speed>
        </extensions>
      </trkpt>
      <trkpt lat="46.8598641" lon="7.4948822">
        <ele>527.1</ele>
        <time>2026-09-15T13:05:07Z</time>
        <extensions>
          <gpxdata:distance>10325.93</gpxdata:distance>
          <gpxdata:speed>0.000</gpxdata:speed>
        </extensions>
      </trkpt>
      <trkpt lat="46.8598191" lon="7.4948692">
        <ele>527.1</ele>
        <time>2026-09-15T13:05:13Z</time>
        <extensions>
          <gpxdata:distance>10331.03</gpxdata:distance>
          <gpxdata:speed>1.007</gpxdata:speed>
        </extensions>
      </trkpt>
      <trkpt lat="46.8597921" lon="7.4948692">
        <ele>527.2</ele>
        <time>2026-09-15T13:05:15Z</time>
        <extensions>
          <gpxdata:distance>10334.04</gpxdata:distance>
          <gpxdata:speed>1.008</gpxdata:speed>
        </extensions>
      </trkpt>
      <trkpt lat="46.8597291" lon="7.4948692">
        <ele>527.2</ele>
        <time>2026-09-15T13:05:22Z</time>
        <extensions>
          <gpxdata:distance>10341.04</gpxdata:distance>
          <gpxdata:speed>1.009</gpxdata:speed>
        </extensions>
      </trkpt>
      <trkpt lat="46.8593601" lon="7.4950132">
        <ele>527.3</ele>
        <time>2026-09-15T13:06:04Z</time>
        <extensions>
          <gpxdata:distance>10383.51</gpxdata:distance>
          <gpxdata:speed>1.011</gpxdata:speed>
        </extensions>
      </trkpt>
      <trkpt lat="46.8592431" lon="7.4950652">
        <ele>527.4</ele>
        <time>2026-09-15T13:06:18Z</time>
        <extensions>
          <gpxdata:distance>10397.11</gpxdata:distance>
          <gpxdata:speed>1.012</gpxdata:speed>
        </extensions>
      </trkpt>
      <trkpt lat="46.8590901" lon="7.4951572">
        <ele>527.4</ele>
        <time>2026-09-15T13:06:36Z</time>
        <extensions>
          <gpxdata:distance>10415.50</gpxdata:distance>
          <gpxdata:speed>1.012</gpxdata:speed>
        </extensions>
      </trkpt>
      <trkpt lat="46.8590901" lon="7.4951572">
        <ele>527.4</ele>
        <time>2026-09-15T13:06:36Z</time>
        <extensions>
          <gpxdata:distance>10415.50</gpxdata:distance>
          <gpxdata:speed>0.000</gpxdata:speed>
        </extensions>
      </trkpt>
      <trkpt lat="46.8588021" lon="7.4953802">
        <ele>527.2</ele>
        <time>2026-09-15T13:07:12Z</time>
        <extensions>
          <gpxdata:distance>10451.74</gpxdata:distance>
          <gpxdata:speed>1.010</gpxdata:speed>
        </extensions>
      </trkpt>
      <trkpt lat="46.8587391" lon="7.4954192">
        <ele>527.2</ele>
        <time>2026-09-15T13:07:19Z</time>
        <extensions>
          <gpxdata:distance>10459.34</gpxdata:distance>
          <gpxdata:speed>1.010</gpxdata:speed>
        </extensions>
      </trkpt>
      <trkpt lat="46.8587391" lon="7.4954192">
        <ele>527.2</ele>
        <time>2026-09-15T13:07:19Z</time>
        <extensions>
          <gpxdata:distance>10459.34</gpxdata:distance>
          <gpxdata:speed>0.000</gpxdata:speed>
        </extensions>
      </trkpt>
      <trkpt lat="46.8587481" lon="7.4955892">
        <ele>527.2</ele>
        <time>2026-09-15T13:07:32Z</time>
        <extensions>
          <gpxdata:distance>10472.31</gpxdata:distance>
          <gpxdata:speed>1.012</gpxdata:speed>
        </extensions>
      </trkpt>
      <trkpt lat="46.8587661" lon="7.4957862">
        <ele>527.1</ele>
        <time>2026-09-15T13:07:47Z</time>
        <extensions>
          <gpxdata:distance>10487.42</gpxdata:distance>
          <gpxdata:speed>1.012</gpxdata:speed>
        </extensions>
      </trkpt>
      <trkpt lat="46.8587661" lon="7.4957862">
        <ele>527.1</ele>
        <time>2026-09-15T13:07:47Z</time>
        <extensions>
          <gpxdata:distance>10487.42</gpxdata:distance>
          <gpxdata:speed>0.000</gpxdata:speed>
        </extensions>
      </trkpt>
      <trkpt lat="46.8585951" lon="7.4958122">
        <ele>527.0</ele>
        <time>2026-09-15T13:08:06Z</time>
        <extensions>
          <gpxdata:distance>10506.54</gpxdata:distance>
          <gpxdata:speed>1.008</gpxdata:speed>
        </extensions>
      </trkpt>
      <trkpt lat="46.8585951" lon="7.4958122">
        <ele>527.0</ele>
        <time>2026-09-15T13:08:06Z</time>
        <extensions>
          <gpxdata:distance>10506.54</gpxdata:distance>
          <gpxdata:speed>0.000</gpxdata:speed>
        </extensions>
      </trkpt>
      <trkpt lat="46.8584421" lon="7.4958382">
        <ele>527.0</ele>
        <time>2026-09-15T13:08:23Z</time>
        <extensions>
          <gpxdata:distance>10523.66</gpxdata:distance>
          <gpxdata:speed>1.008</gpxdata:speed>
        </extensions>
      </trkpt>
      <trkpt lat="46.8583971" lon="7.4958512">
        <ele>527.0</ele>
        <time>2026-09-15T13:08:28Z</time>
        <extensions>
          <gpxdata:distance>10528.77</gpxdata:distance>
          <gpxdata:speed>1.009</gpxdata:speed>
        </extensions>
      </trkpt>
      <trkpt lat="46.8583701" lon="7.4958642">
        <ele>527.0</ele>
        <time>2026-09-15T13:08:31Z</time>
        <extensions>
          <gpxdata:distance>10531.93</gpxdata:distance>
          <gpxdata:speed>1.009</gpxdata:speed>
        </extensions>
      </trkpt>
      <trkpt lat="46.8582531" lon="7.4959952">
        <ele>526.9</ele>
        <time>2026-09-15T13:08:48Z</time>
        <extensions>
          <gpxdata:distance>10548.31</gpxdata:distance>
          <gpxdata:speed>1.008</gpxdata:speed>
        </extensions>
      </trkpt>
      <trkpt lat="46.8582531" lon="7.4959952">
        <ele>526.9</ele>
        <time>2026-09-15T13:08:48Z</time>
        <extensions>
          <gpxdata:distance>10548.31</gpxdata:distance>
          <gpxdata:speed>0.000</gpxdata:speed>
        </extensions>
      </trkpt>
      <trkpt lat="46.8581811" lon="7.4960352">
        <ele>526.9</ele>
        <time>2026-09-15T13:08:56Z</time>
        <extensions>
          <gpxdata:distance>10556.88</gpxdata:distance>
          <gpxdata:speed>1.009</gpxdata:speed>
        </extensions>
      </trkpt>
      <trkpt lat="46.8581091" lon="7.4960872">
        <ele>527.0</ele>
        <time>2026-09-15T13:09:05Z</time>
        <extensions>
          <gpxdata:distance>10565.80</gpxdata:distance>
          <gpxdata:speed>1.011</gpxdata:speed>
        </extensions>
      </trkpt>
      <trkpt lat="46.8580371" lon="7.4961132">
        <ele>527.1</ele>
        <time>2026-09-15T13:09:13Z</time>
        <extensions>
          <gpxdata:distance>10574.05</gpxdata:distance>
          <gpxdata:speed>1.009</gpxdata:speed>
        </extensions>
      </trkpt>
      <trkpt lat="46.8580371" lon="7.4961132">
        <ele>527.1</ele>
        <time>2026-09-15T13:09:13Z</time>
        <extensions>
          <gpxdata:distance>10574.05</gpxdata:distance>
          <gpxdata:speed>0.000</gpxdata:speed>
        </extensions>
      </trkpt>
      <trkpt lat="46.8579561" lon="7.4961392">
        <ele>527.2</ele>
        <time>2026-09-15T13:09:22Z</time>
        <extensions>
          <gpxdata:distance>10583.27</gpxdata:distance>
          <gpxdata:speed>1.004</gpxdata:speed>
        </extensions>
      </trkpt>
      <trkpt lat="46.8578391" lon="7.4961782">
        <ele>527.2</ele>
        <time>2026-09-15T13:09:36Z</time>
        <extensions>
          <gpxdata:distance>10596.62</gpxdata:distance>
          <gpxdata:speed>1.005</gpxdata:speed>
        </extensions>
      </trkpt>
      <trkpt lat="46.8574071" lon="7.4962832">
        <ele>527.5</ele>
        <time>2026-09-15T13:10:24Z</time>
        <extensions>
          <gpxdata:distance>10645.31</gpxdata:distance>
          <gpxdata:speed>1.001</gpxdata:speed>
        </extensions>
      </trkpt>
      <trkpt lat="46.8574071" lon="7.4962832">
        <ele>527.5</ele>
        <time>2026-09-15T13:10:24Z</time>
        <extensions>
          <gpxdata:distance>10645.31</gpxdata:distance>
          <gpxdata:speed>0.000</gpxdata:speed>
        </extensions>
      </trkpt>
      <trkpt lat="46.8571911" lon="7.4963222">
        <ele>527.7</ele>
        <time>2026-09-15T13:10:49Z</time>
        <extensions>
          <gpxdata:distance>10669.51</gpxdata:distance>
          <gpxdata:speed>0.996</gpxdata:speed>
        </extensions>
      </trkpt>
      <trkpt lat="46.8569751" lon="7.4963742">
        <ele>527.8</ele>
        <time>2026-09-15T13:11:13Z</time>
        <extensions>
          <gpxdata:distance>10693.85</gpxdata:distance>
          <gpxdata:speed>0.996</gpxdata:speed>
        </extensions>
      </trkpt>
      <trkpt lat="46.8568321" lon="7.4964002">
        <ele>527.8</ele>
        <time>2026-09-15T13:11:29Z</time>
        <extensions>
          <gpxdata:distance>10709.88</gpxdata:distance>
          <gpxdata:speed>0.998</gpxdata:speed>
        </extensions>
      </trkpt>
      <trkpt lat="46.8563101" lon="7.4965182">
        <ele>527.9</ele>
        <time>2026-09-15T13:12:28Z</time>
        <extensions>
          <gpxdata:distance>10768.61</gpxdata:distance>
          <gpxdata:speed>1.002</gpxdata:speed>
        </extensions>
      </trkpt>
      <trkpt lat="46.8560941" lon="7.4965572">
        <ele>527.9</ele>
        <time>2026-09-15T13:12:52Z</time>
        <extensions>
          <gpxdata:distance>10792.81</gpxdata:distance>
          <gpxdata:speed>1.003</gpxdata:speed>
        </extensions>
      </trkpt>
      <trkpt lat="46.8559321" lon="7.4965832">
        <ele>527.9</ele>
        <time>2026-09-15T13:13:10Z</time>
        <extensions>
          <gpxdata:distance>10810.93</gpxdata:distance>
          <gpxdata:speed>1.005</gpxdata:speed>
        </extensions>
      </trkpt>
      <trkpt lat="46.8558871" lon="7.4965832">
        <ele>527.9</ele>
        <time>2026-09-15T13:13:15Z</time>
        <extensions>
          <gpxdata:distance>10815.94</gpxdata:distance>
          <gpxdata:speed>1.004</gpxdata:speed>
        </extensions>
      </trkpt>
      <trkpt lat="46.8558781" lon="7.4965702">
        <ele>527.9</ele>
        <time>2026-09-15T13:13:16Z</time>
        <extensions>
          <gpxdata:distance>10817.34</gpxdata:distance>
          <gpxdata:speed>1.006</gpxdata:speed>
        </extensions>
      </trkpt>
      <trkpt lat="46.8558781" lon="7.4965702">
        <ele>527.9</ele>
        <time>2026-09-15T13:13:16Z</time>
        <extensions>
          <gpxdata:distance>10817.34</gpxdata:distance>
          <gpxdata:speed>0.000</gpxdata:speed>
        </extensions>
      </trkpt>
      <trkpt lat="46.8558511" lon="7.4965962">
        <ele>527.9</ele>
        <time>2026-09-15T13:13:20Z</time>
        <extensions>
          <gpxdata:distance>10820.94</gpxdata:distance>
          <gpxdata:speed>1.009</gpxdata:speed>
        </extensions>
      </trkpt>
      <trkpt lat="46.8558241" lon="7.4966092">
        <ele>527.9</ele>
        <time>2026-09-15T13:13:23Z</time>
        <extensions>
          <gpxdata:distance>10824.10</gpxdata:distance>
          <gpxdata:speed>1.010</gpxdata:speed>
        </extensions>
      </trkpt>
      <trkpt lat="46.8555361" lon="7.4966611">
        <ele>527.9</ele>
        <time>2026-09-15T13:13:55Z</time>
        <extensions>
          <gpxdata:distance>10856.36</gpxdata:distance>
          <gpxdata:speed>1.011</gpxdata:speed>
        </extensions>
      </trkpt>
      <trkpt lat="46.8553651" lon="7.4967001">
        <ele>528.0</ele>
        <time>2026-09-15T13:14:14Z</time>
        <extensions>
          <gpxdata:distance>10875.61</gpxdata:distance>
          <gpxdata:speed>1.010</gpxdata:speed>
        </extensions>
      </trkpt>
      <trkpt lat="46.8553651" lon="7.4967001">
        <ele>528.0</ele>
        <time>2026-09-15T13:14:14Z</time>
        <extensions>
          <gpxdata:distance>10875.61</gpxdata:distance>
          <gpxdata:speed>0.000</gpxdata:speed>
        </extensions>
      </trkpt>
      <trkpt lat="46.8549151" lon="7.4967921">
        <ele>528.0</ele>
        <time>2026-09-15T13:15:04Z</time>
        <extensions>
          <gpxdata:distance>10926.13</gpxdata:distance>
          <gpxdata:speed>1.010</gpxdata:speed>
        </extensions>
      </trkpt>
      <trkpt lat="46.8546811" lon="7.4968441">
        <ele>528.3</ele>
        <time>2026-09-15T13:15:30Z</time>
        <extensions>
          <gpxdata:distance>10952.45</gpxdata:distance>
          <gpxdata:speed>1.005</gpxdata:speed>
        </extensions>
      </trkpt>
      <trkpt lat="46.8546811" lon="7.4968441">
        <ele>528.3</ele>
        <time>2026-09-15T13:15:30Z</time>
        <extensions>
          <gpxdata:distance>10952.45</gpxdata:distance>
          <gpxdata:speed>0.000</gpxdata:speed>
        </extensions>
      </trkpt>
      <trkpt lat="46.8546901" lon="7.4969881">
        <ele>528.7</ele>
        <time>2026-09-15T13:15:41Z</time>
        <extensions>
          <gpxdata:distance>10963.45</gpxdata:distance>
          <gpxdata:speed>0.998</gpxdata:speed>
        </extensions>
      </trkpt>
      <trkpt lat="46.8546991" lon="7.4970801">
        <ele>528.7</ele>
        <time>2026-09-15T13:15:48Z</time>
        <extensions>
          <gpxdata:distance>10970.51</gpxdata:distance>
          <gpxdata:speed>0.999</gpxdata:speed>
        </extensions>
      </trkpt>
      <trkpt lat="46.8546991" lon="7.4970801">
        <ele>528.7</ele>
        <time>2026-09-15T13:15:48Z</time>
        <extensions>
          <gpxdata:distance>10970.51</gpxdata:distance>
          <gpxdata:speed>0.000</gpxdata:speed>
        </extensions>
      </trkpt>
      <trkpt lat="46.8547081" lon="7.4971591">
        <ele>528.6</ele>
        <time>2026-09-15T13:15:54Z</time>
        <extensions>
          <gpxdata:distance>10976.60</gpxdata:distance>
          <gpxdata:speed>0.998</gpxdata:speed>
        </extensions>
      </trkpt>
      <trkpt lat="46.8547081" lon="7.4971591">
        <ele>528.6</ele>
        <time>2026-09-15T13:15:54Z</time>
        <extensions>
          <gpxdata:distance>10976.60</gpxdata:distance>
          <gpxdata:speed>0.000</gpxdata:speed>
        </extensions>
      </trkpt>
      <trkpt lat="46.8547351" lon="7.4973421">
        <ele>528.3</ele>
        <time>2026-09-15T13:16:08Z</time>
        <extensions>
          <gpxdata:distance>10990.84</gpxdata:distance>
          <gpxdata:speed>1.006</gpxdata:speed>
        </extensions>
      </trkpt>
      <trkpt lat="46.8547351" lon="7.4973421">
        <ele>528.3</ele>
        <time>2026-09-15T13:16:08Z</time>
        <extensions>
          <gpxdata:distance>10990.84</gpxdata:distance>
          <gpxdata:speed>0.000</gpxdata:speed>
        </extensions>
      </trkpt>
      <trkpt lat="46.8547441" lon="7.4974211">
        <ele>528.2</ele>
        <time>2026-09-15T13:16:14Z</time>
        <extensions>
          <gpxdata:distance>10996.93</gpxdata:distance>
          <gpxdata:speed>1.009</gpxdata:speed>
        </extensions>
      </trkpt>
      <trkpt lat="46.8547441" lon="7.4974211">
        <ele>528.2</ele>
        <time>2026-09-15T13:16:14Z</time>
        <extensions>
          <gpxdata:distance>10996.93</gpxdata:distance>
          <gpxdata:speed>0.000</gpxdata:speed>
        </extensions>
      </trkpt>
      <trkpt lat="46.8548781" lon="7.4987062">
        <ele>527.9</ele>
        <time>2026-09-15T13:17:53Z</time>
        <extensions>
          <gpxdata:distance>11095.78</gpxdata:distance>
          <gpxdata:speed>1.005</gpxdata:speed>
        </extensions>
      </trkpt>
      <trkpt lat="46.8549501" lon="7.4993362">
        <ele>527.6</ele>
        <time>2026-09-15T13:18:41Z</time>
        <extensions>
          <gpxdata:distance>11144.35</gpxdata:distance>
          <gpxdata:speed>1.004</gpxdata:speed>
        </extensions>
      </trkpt>
      <trkpt lat="46.8549501" lon="7.4993362">
        <ele>527.6</ele>
        <time>2026-09-15T13:18:41Z</time>
        <extensions>
          <gpxdata:distance>11144.35</gpxdata:distance>
          <gpxdata:speed>0.000</gpxdata:speed>
        </extensions>
      </trkpt>
      <trkpt lat="46.8550311" lon="7.5000172">
        <ele>527.8</ele>
        <time>2026-09-15T13:19:33Z</time>
        <extensions>
          <gpxdata:distance>11196.91</gpxdata:distance>
          <gpxdata:speed>1.008</gpxdata:speed>
        </extensions>
      </trkpt>
      <trkpt lat="46.8551291" lon="7.5009352">
        <ele>528.2</ele>
        <time>2026-09-15T13:20:43Z</time>
        <extensions>
          <gpxdata:distance>11267.56</gpxdata:distance>
          <gpxdata:speed>1.011</gpxdata:speed>
        </extensions>
      </trkpt>
      <trkpt lat="46.8552191" lon="7.5017352">
        <ele>529.0</ele>
        <time>2026-09-15T13:21:44Z</time>
        <extensions>
          <gpxdata:distance>11329.21</gpxdata:distance>
          <gpxdata:speed>1.007</gpxdata:speed>
        </extensions>
      </trkpt>
      <trkpt lat="46.8552191" lon="7.5017352">
        <ele>529.0</ele>
        <time>2026-09-15T13:21:44Z</time>
        <extensions>
          <gpxdata:distance>11329.21</gpxdata:distance>
          <gpxdata:speed>0.000</gpxdata:speed>
        </extensions>
      </trkpt>
      <trkpt lat="46.8553621" lon="7.5030212">
        <ele>529.3</ele>
        <time>2026-09-15T13:23:23Z</time>
        <extensions>
          <gpxdata:distance>11428.28</gpxdata:distance>
          <gpxdata:speed>1.006</gpxdata:speed>
        </extensions>
      </trkpt>
      <trkpt lat="46.8554511" lon="7.5038472">
        <ele>530.2</ele>
        <time>2026-09-15T13:24:26Z</time>
        <extensions>
          <gpxdata:distance>11491.86</gpxdata:distance>
          <gpxdata:speed>1.002</gpxdata:speed>
        </extensions>
      </trkpt>
      <trkpt lat="46.8554511" lon="7.5038472">
        <ele>530.2</ele>
        <time>2026-09-15T13:24:26Z</time>
        <extensions>
          <gpxdata:distance>11491.86</gpxdata:distance>
          <gpxdata:speed>0.000</gpxdata:speed>
        </extensions>
      </trkpt>
      <trkpt lat="46.8555141" lon="7.5043852">
        <ele>531.2</ele>
        <time>2026-09-15T13:25:08Z</time>
        <extensions>
          <gpxdata:distance>11533.37</gpxdata:distance>
          <gpxdata:speed>0.989</gpxdata:speed>
        </extensions>
      </trkpt>
      <trkpt lat="46.8556120" lon="7.5052112">
        <ele>536.1</ele>
        <time>2026-09-15T13:26:14Z</time>
        <extensions>
          <gpxdata:distance>11597.11</gpxdata:distance>
          <gpxdata:speed>0.965</gpxdata:speed>
        </extensions>
      </trkpt>
      <trkpt lat="46.8556390" lon="7.5053422">
        <ele>537.0</ele>
        <time>2026-09-15T13:26:25Z</time>
        <extensions>
          <gpxdata:distance>11607.52</gpxdata:distance>
          <gpxdata:speed>0.956</gpxdata:speed>
        </extensions>
      </trkpt>
      <trkpt lat="46.8556660" lon="7.5054602">
        <ele>537.8</ele>
        <time>2026-09-15T13:26:35Z</time>
        <extensions>
          <gpxdata:distance>11616.98</gpxdata:distance>
          <gpxdata:speed>0.943</gpxdata:speed>
        </extensions>
      </trkpt>
      <trkpt lat="46.8557290" lon="7.5056312">
        <ele>538.8</ele>
        <time>2026-09-15T13:26:51Z</time>
        <extensions>
          <gpxdata:distance>11631.75</gpxdata:distance>
          <gpxdata:speed>0.930</gpxdata:speed>
        </extensions>
      </trkpt>
      <trkpt lat="46.8557290" lon="7.5056312">
        <ele>538.8</ele>
        <time>2026-09-15T13:26:51Z</time>
        <extensions>
          <gpxdata:distance>11631.75</gpxdata:distance>
          <gpxdata:speed>0.000</gpxdata:speed>
        </extensions>
      </trkpt>
      <trkpt lat="46.8557740" lon="7.5056042">
        <ele>539.1</ele>
        <time>2026-09-15T13:26:57Z</time>
        <extensions>
          <gpxdata:distance>11637.16</gpxdata:distance>
          <gpxdata:speed>0.893</gpxdata:speed>
        </extensions>
      </trkpt>
      <trkpt lat="46.8557740" lon="7.5056042">
        <ele>539.1</ele>
        <time>2026-09-15T13:26:57Z</time>
        <extensions>
          <gpxdata:distance>11637.16</gpxdata:distance>
          <gpxdata:speed>0.000</gpxdata:speed>
        </extensions>
      </trkpt>
      <trkpt lat="46.8557920" lon="7.5056442">
        <ele>539.2</ele>
        <time>2026-09-15T13:27:02Z</time>
        <extensions>
          <gpxdata:distance>11640.80</gpxdata:distance>
          <gpxdata:speed>0.858</gpxdata:speed>
        </extensions>
      </trkpt>
      <trkpt lat="46.8558190" lon="7.5056962">
        <ele>539.9</ele>
        <time>2026-09-15T13:27:08Z</time>
        <extensions>
          <gpxdata:distance>11645.76</gpxdata:distance>
          <gpxdata:speed>0.813</gpxdata:speed>
        </extensions>
      </trkpt>
      <trkpt lat="46.8558370" lon="7.5057222">
        <ele>540.3</ele>
        <time>2026-09-15T13:27:11Z</time>
        <extensions>
          <gpxdata:distance>11648.58</gpxdata:distance>
          <gpxdata:speed>0.802</gpxdata:speed>
        </extensions>
      </trkpt>
      <trkpt lat="46.8558640" lon="7.5057492">
        <ele>540.7</ele>
        <time>2026-09-15T13:27:16Z</time>
        <extensions>
          <gpxdata:distance>11652.21</gpxdata:distance>
          <gpxdata:speed>0.799</gpxdata:speed>
        </extensions>
      </trkpt>
      <trkpt lat="46.8559000" lon="7.5057752">
        <ele>541.2</ele>
        <time>2026-09-15T13:27:21Z</time>
        <extensions>
          <gpxdata:distance>11656.68</gpxdata:distance>
          <gpxdata:speed>0.792</gpxdata:speed>
        </extensions>
      </trkpt>
      <trkpt lat="46.8559540" lon="7.5058142">
        <ele>541.9</ele>
        <time>2026-09-15T13:27:30Z</time>
        <extensions>
          <gpxdata:distance>11663.38</gpxdata:distance>
          <gpxdata:speed>0.759</gpxdata:speed>
        </extensions>
      </trkpt>
      <trkpt lat="46.8560260" lon="7.5058412">
        <ele>542.8</ele>
        <time>2026-09-15T13:27:41Z</time>
        <extensions>
          <gpxdata:distance>11671.64</gpxdata:distance>
          <gpxdata:speed>0.753</gpxdata:speed>
        </extensions>
      </trkpt>
      <trkpt lat="46.8560890" lon="7.5058672">
        <ele>543.6</ele>
        <time>2026-09-15T13:27:51Z</time>
        <extensions>
          <gpxdata:distance>11678.92</gpxdata:distance>
          <gpxdata:speed>0.735</gpxdata:speed>
        </extensions>
      </trkpt>
      <trkpt lat="46.8562870" lon="7.5059462">
        <ele>546.2</ele>
        <time>2026-09-15T13:28:22Z</time>
        <extensions>
          <gpxdata:distance>11701.74</gpxdata:distance>
          <gpxdata:speed>0.729</gpxdata:speed>
        </extensions>
      </trkpt>
      <trkpt lat="46.8563410" lon="7.5059592">
        <ele>547.1</ele>
        <time>2026-09-15T13:28:31Z</time>
        <extensions>
          <gpxdata:distance>11707.83</gpxdata:distance>
          <gpxdata:speed>0.710</gpxdata:speed>
        </extensions>
      </trkpt>
      <trkpt lat="46.8563950" lon="7.5059992">
        <ele>547.9</ele>
        <time>2026-09-15T13:28:40Z</time>
        <extensions>
          <gpxdata:distance>11714.56</gpxdata:distance>
          <gpxdata:speed>0.714</gpxdata:speed>
        </extensions>
      </trkpt>
      <trkpt lat="46.8564310" lon="7.5060252">
        <ele>548.6</ele>
        <time>2026-09-15T13:28:47Z</time>
        <extensions>
          <gpxdata:distance>11719.02</gpxdata:distance>
          <gpxdata:speed>0.710</gpxdata:speed>
        </extensions>
      </trkpt>
      <trkpt lat="46.8564660" lon="7.5060772">
        <ele>549.3</ele>
        <time>2026-09-15T13:28:55Z</time>
        <extensions>
          <gpxdata:distance>11724.57</gpxdata:distance>
          <gpxdata:speed>0.707</gpxdata:speed>
        </extensions>
      </trkpt>
      <trkpt lat="46.8565020" lon="7.5061432">
        <ele>550.1</ele>
        <time>2026-09-15T13:29:04Z</time>
        <extensions>
          <gpxdata:distance>11730.99</gpxdata:distance>
          <gpxdata:speed>0.705</gpxdata:speed>
        </extensions>
      </trkpt>
      <trkpt lat="46.8565290" lon="7.5062352">
        <ele>551.2</ele>
        <time>2026-09-15T13:29:15Z</time>
        <extensions>
          <gpxdata:distance>11738.60</gpxdata:distance>
          <gpxdata:speed>0.695</gpxdata:speed>
        </extensions>
      </trkpt>
      <trkpt lat="46.8565650" lon="7.5063272">
        <ele>552.5</ele>
        <time>2026-09-15T13:29:26Z</time>
        <extensions>
          <gpxdata:distance>11746.66</gpxdata:distance>
          <gpxdata:speed>0.681</gpxdata:speed>
        </extensions>
      </trkpt>
      <trkpt lat="46.8565920" lon="7.5064052">
        <ele>553.4</ele>
        <time>2026-09-15T13:29:36Z</time>
        <extensions>
          <gpxdata:distance>11753.31</gpxdata:distance>
          <gpxdata:speed>0.675</gpxdata:speed>
        </extensions>
      </trkpt>
      <trkpt lat="46.8565920" lon="7.5064052">
        <ele>553.4</ele>
        <time>2026-09-15T13:29:36Z</time>
        <extensions>
          <gpxdata:distance>11753.31</gpxdata:distance>
          <gpxdata:speed>0.000</gpxdata:speed>
        </extensions>
      </trkpt>
      <trkpt lat="46.8566100" lon="7.5065362">
        <ele>554.7</ele>
        <time>2026-09-15T13:29:52Z</time>
        <extensions>
          <gpxdata:distance>11763.47</gpxdata:distance>
          <gpxdata:speed>0.663</gpxdata:speed>
        </extensions>
      </trkpt>
      <trkpt lat="46.8566190" lon="7.5066022">
        <ele>555.4</ele>
        <time>2026-09-15T13:29:59Z</time>
        <extensions>
          <gpxdata:distance>11768.59</gpxdata:distance>
          <gpxdata:speed>0.658</gpxdata:speed>
        </extensions>
      </trkpt>
      <trkpt lat="46.8566190" lon="7.5066542">
        <ele>556.0</ele>
        <time>2026-09-15T13:30:05Z</time>
        <extensions>
          <gpxdata:distance>11772.54</gpxdata:distance>
          <gpxdata:speed>0.659</gpxdata:speed>
        </extensions>
      </trkpt>
      <trkpt lat="46.8566100" lon="7.5066812">
        <ele>556.4</ele>
        <time>2026-09-15T13:30:09Z</time>
        <extensions>
          <gpxdata:distance>11774.82</gpxdata:distance>
          <gpxdata:speed>0.652</gpxdata:speed>
        </extensions>
      </trkpt>
      <trkpt lat="46.8566010" lon="7.5067072">
        <ele>556.7</ele>
        <time>2026-09-15T13:30:12Z</time>
        <extensions>
          <gpxdata:distance>11777.04</gpxdata:distance>
          <gpxdata:speed>0.647</gpxdata:speed>
        </extensions>
      </trkpt>
      <trkpt lat="46.8566010" lon="7.5067072">
        <ele>556.7</ele>
        <time>2026-09-15T13:30:12Z</time>
        <extensions>
          <gpxdata:distance>11777.04</gpxdata:distance>
          <gpxdata:speed>0.000</gpxdata:speed>
        </extensions>
      </trkpt>
      <trkpt lat="46.8566190" lon="7.5067462">
        <ele>557.1</ele>
        <time>2026-09-15T13:30:18Z</time>
        <extensions>
          <gpxdata:distance>11780.62</gpxdata:distance>
          <gpxdata:speed>0.666</gpxdata:speed>
        </extensions>
      </trkpt>
      <trkpt lat="46.8566370" lon="7.5068252">
        <ele>558.3</ele>
        <time>2026-09-15T13:30:28Z</time>
        <extensions>
          <gpxdata:distance>11786.95</gpxdata:distance>
          <gpxdata:speed>0.641</gpxdata:speed>
        </extensions>
      </trkpt>
      <trkpt lat="46.8566730" lon="7.5069822">
        <ele>560.4</ele>
        <time>2026-09-15T13:30:47Z</time>
        <extensions>
          <gpxdata:distance>11799.54</gpxdata:distance>
          <gpxdata:speed>0.631</gpxdata:speed>
        </extensions>
      </trkpt>
      <trkpt lat="46.8566820" lon="7.5070222">
        <ele>560.9</ele>
        <time>2026-09-15T13:30:53Z</time>
        <extensions>
          <gpxdata:distance>11802.74</gpxdata:distance>
          <gpxdata:speed>0.633</gpxdata:speed>
        </extensions>
      </trkpt>
      <trkpt lat="46.8567090" lon="7.5071272">
        <ele>562.2</ele>
        <time>2026-09-15T13:31:06Z</time>
        <extensions>
          <gpxdata:distance>11811.27</gpxdata:distance>
          <gpxdata:speed>0.634</gpxdata:speed>
        </extensions>
      </trkpt>
      <trkpt lat="46.8567540" lon="7.5072192">
        <ele>562.5</ele>
        <time>2026-09-15T13:31:19Z</time>
        <extensions>
          <gpxdata:distance>11819.87</gpxdata:distance>
          <gpxdata:speed>0.662</gpxdata:speed>
        </extensions>
      </trkpt>
      <trkpt lat="46.8567900" lon="7.5072712">
        <ele>562.6</ele>
        <time>2026-09-15T13:31:27Z</time>
        <extensions>
          <gpxdata:distance>11825.50</gpxdata:distance>
          <gpxdata:speed>0.699</gpxdata:speed>
        </extensions>
      </trkpt>
      <trkpt lat="46.8568080" lon="7.5073232">
        <ele>562.6</ele>
        <time>2026-09-15T13:31:33Z</time>
        <extensions>
          <gpxdata:distance>11829.93</gpxdata:distance>
          <gpxdata:speed>0.725</gpxdata:speed>
        </extensions>
      </trkpt>
      <trkpt lat="46.8568350" lon="7.5073762">
        <ele>562.8</ele>
        <time>2026-09-15T13:31:40Z</time>
        <extensions>
          <gpxdata:distance>11834.96</gpxdata:distance>
          <gpxdata:speed>0.741</gpxdata:speed>
        </extensions>
      </trkpt>
      <trkpt lat="46.8568530" lon="7.5073892">
        <ele>563.6</ele>
        <time>2026-09-15T13:31:43Z</time>
        <extensions>
          <gpxdata:distance>11837.19</gpxdata:distance>
          <gpxdata:speed>0.717</gpxdata:speed>
        </extensions>
      </trkpt>
      <trkpt lat="46.8568620" lon="7.5073762">
        <ele>564.5</ele>
        <time>2026-09-15T13:31:45Z</time>
        <extensions>
          <gpxdata:distance>11838.60</gpxdata:distance>
          <gpxdata:speed>0.704</gpxdata:speed>
        </extensions>
      </trkpt>
      <trkpt lat="46.8568620" lon="7.5073632">
        <ele>565.6</ele>
        <time>2026-09-15T13:31:46Z</time>
        <extensions>
          <gpxdata:distance>11839.58</gpxdata:distance>
          <gpxdata:speed>0.680</gpxdata:speed>
        </extensions>
      </trkpt>
      <trkpt lat="46.8568710" lon="7.5072842">
        <ele>569.6</ele>
        <time>2026-09-15T13:31:56Z</time>
        <extensions>
          <gpxdata:distance>11845.67</gpxdata:distance>
          <gpxdata:speed>0.639</gpxdata:speed>
        </extensions>
      </trkpt>
      <trkpt lat="46.8568710" lon="7.5072322">
        <ele>569.2</ele>
        <time>2026-09-15T13:32:02Z</time>
        <extensions>
          <gpxdata:distance>11849.63</gpxdata:distance>
          <gpxdata:speed>0.642</gpxdata:speed>
        </extensions>
      </trkpt>
      <trkpt lat="46.8568890" lon="7.5072192">
        <ele>569.8</ele>
        <time>2026-09-15T13:32:06Z</time>
        <extensions>
          <gpxdata:distance>11851.86</gpxdata:distance>
          <gpxdata:speed>0.543</gpxdata:speed>
        </extensions>
      </trkpt>
      <trkpt lat="46.8569070" lon="7.5072062">
        <ele>570.9</ele>
        <time>2026-09-15T13:32:11Z</time>
        <extensions>
          <gpxdata:distance>11854.09</gpxdata:distance>
          <gpxdata:speed>0.461</gpxdata:speed>
        </extensions>
      </trkpt>
      <trkpt lat="46.8569160" lon="7.5072062">
        <ele>571.4</ele>
        <time>2026-09-15T13:32:13Z</time>
        <extensions>
          <gpxdata:distance>11855.09</gpxdata:distance>
          <gpxdata:speed>0.461</gpxdata:speed>
        </extensions>
      </trkpt>
      <trkpt lat="46.8569520" lon="7.5072712">
        <ele>573.4</ele>
        <time>2026-09-15T13:32:27Z</time>
        <extensions>
          <gpxdata:distance>11861.45</gpxdata:distance>
          <gpxdata:speed>0.461</gpxdata:speed>
        </extensions>
      </trkpt>
      <trkpt lat="46.8569690" lon="7.5073242">
        <ele>574.8</ele>
        <time>2026-09-15T13:32:37Z</time>
        <extensions>
          <gpxdata:distance>11865.91</gpxdata:distance>
          <gpxdata:speed>0.461</gpxdata:speed>
        </extensions>
      </trkpt>
      <trkpt lat="46.8569960" lon="7.5073632">
        <ele>576.0</ele>
        <time>2026-09-15T13:32:46Z</time>
        <extensions>
          <gpxdata:distance>11870.13</gpxdata:distance>
          <gpxdata:speed>0.461</gpxdata:speed>
        </extensions>
      </trkpt>
      <trkpt lat="46.8570230" lon="7.5074292">
        <ele>578.0</ele>
        <time>2026-09-15T13:32:59Z</time>
        <extensions>
          <gpxdata:distance>11875.97</gpxdata:distance>
          <gpxdata:speed>0.461</gpxdata:speed>
        </extensions>
      </trkpt>
      <trkpt lat="46.8570770" lon="7.5075342">
        <ele>582.3</ele>
        <time>2026-09-15T13:33:20Z</time>
        <extensions>
          <gpxdata:distance>11885.96</gpxdata:distance>
          <gpxdata:speed>0.461</gpxdata:speed>
        </extensions>
      </trkpt>
      <trkpt lat="46.8571130" lon="7.5076123">
        <ele>584.5</ele>
        <time>2026-09-15T13:33:36Z</time>
        <extensions>
          <gpxdata:distance>11893.12</gpxdata:distance>
          <gpxdata:speed>0.461</gpxdata:speed>
        </extensions>
      </trkpt>
      <trkpt lat="46.8571400" lon="7.5076783">
        <ele>587.3</ele>
        <time>2026-09-15T13:33:48Z</time>
        <extensions>
          <gpxdata:distance>11898.97</gpxdata:distance>
          <gpxdata:speed>0.461</gpxdata:speed>
        </extensions>
      </trkpt>
      <trkpt lat="46.8572480" lon="7.5078493">
        <ele>595.4</ele>
        <time>2026-09-15T13:34:27Z</time>
        <extensions>
          <gpxdata:distance>11916.67</gpxdata:distance>
          <gpxdata:speed>0.461</gpxdata:speed>
        </extensions>
      </trkpt>
      <trkpt lat="46.8572750" lon="7.5078493">
        <ele>595.9</ele>
        <time>2026-09-15T13:34:33Z</time>
        <extensions>
          <gpxdata:distance>11919.67</gpxdata:distance>
          <gpxdata:speed>0.461</gpxdata:speed>
        </extensions>
      </trkpt>
      <trkpt lat="46.8573110" lon="7.5077963">
        <ele>596.3</ele>
        <time>2026-09-15T13:34:46Z</time>
        <extensions>
          <gpxdata:distance>11925.35</gpxdata:distance>
          <gpxdata:speed>0.461</gpxdata:speed>
        </extensions>
      </trkpt>
      <trkpt lat="46.8573830" lon="7.5077313">
        <ele>598.3</ele>
        <time>2026-09-15T13:35:06Z</time>
        <extensions>
          <gpxdata:distance>11934.76</gpxdata:distance>
          <gpxdata:speed>0.461</gpxdata:speed>
        </extensions>
      </trkpt>
      <trkpt lat="46.8574280" lon="7.5076783">
        <ele>600.0</ele>
        <time>2026-09-15T13:35:20Z</time>
        <extensions>
          <gpxdata:distance>11941.19</gpxdata:distance>
          <gpxdata:speed>0.461</gpxdata:speed>
        </extensions>
      </trkpt>
      <trkpt lat="46.8574460" lon="7.5076523">
        <ele>600.0</ele>
        <time>2026-09-15T13:35:26Z</time>
        <extensions>
          <gpxdata:distance>11944.00</gpxdata:distance>
          <gpxdata:speed>0.461</gpxdata:speed>
        </extensions>
      </trkpt>
      <trkpt lat="46.8574730" lon="7.5076263">
        <ele>601.2</ele>
        <time>2026-09-15T13:35:34Z</time>
        <extensions>
          <gpxdata:distance>11947.60</gpxdata:distance>
          <gpxdata:speed>0.461</gpxdata:speed>
        </extensions>
      </trkpt>
      <trkpt lat="46.8575000" lon="7.5076393">
        <ele>601.9</ele>
        <time>2026-09-15T13:35:41Z</time>
        <extensions>
          <gpxdata:distance>11950.76</gpxdata:distance>
          <gpxdata:speed>0.461</gpxdata:speed>
        </extensions>
      </trkpt>
      <trkpt lat="46.8575090" lon="7.5076653">
        <ele>603.1</ele>
        <time>2026-09-15T13:35:45Z</time>
        <extensions>
          <gpxdata:distance>11952.97</gpxdata:distance>
          <gpxdata:speed>0.461</gpxdata:speed>
        </extensions>
      </trkpt>
      <trkpt lat="46.8574910" lon="7.5077313">
        <ele>605.0</ele>
        <time>2026-09-15T13:35:55Z</time>
        <extensions>
          <gpxdata:distance>11958.38</gpxdata:distance>
          <gpxdata:speed>0.536</gpxdata:speed>
        </extensions>
      </trkpt>
      <trkpt lat="46.8574640" lon="7.5078623">
        <ele>608.2</ele>
        <time>2026-09-15T13:36:18Z</time>
        <extensions>
          <gpxdata:distance>11968.78</gpxdata:distance>
          <gpxdata:speed>0.461</gpxdata:speed>
        </extensions>
      </trkpt>
      <trkpt lat="46.8574550" lon="7.5080063">
        <ele>611.1</ele>
        <time>2026-09-15T13:36:42Z</time>
        <extensions>
          <gpxdata:distance>11979.77</gpxdata:distance>
          <gpxdata:speed>0.461</gpxdata:speed>
        </extensions>
      </trkpt>
      <trkpt lat="46.8574370" lon="7.5080853">
        <ele>612.5</ele>
        <time>2026-09-15T13:36:56Z</time>
        <extensions>
          <gpxdata:distance>11986.11</gpxdata:distance>
          <gpxdata:speed>0.461</gpxdata:speed>
        </extensions>
      </trkpt>
      <trkpt lat="46.8574010" lon="7.5082813">
        <ele>616.2</ele>
        <time>2026-09-15T13:37:29Z</time>
        <extensions>
          <gpxdata:distance>12001.54</gpxdata:distance>
          <gpxdata:speed>0.461</gpxdata:speed>
        </extensions>
      </trkpt>
      <trkpt lat="46.8573920" lon="7.5083473">
        <ele>617.9</ele>
        <time>2026-09-15T13:37:40Z</time>
        <extensions>
          <gpxdata:distance>12006.65</gpxdata:distance>
          <gpxdata:speed>0.461</gpxdata:speed>
        </extensions>
      </trkpt>
      <trkpt lat="46.8573920" lon="7.5084133">
        <ele>620.0</ele>
        <time>2026-09-15T13:37:51Z</time>
        <extensions>
          <gpxdata:distance>12011.67</gpxdata:distance>
          <gpxdata:speed>0.461</gpxdata:speed>
        </extensions>
      </trkpt>
      <trkpt lat="46.8574010" lon="7.5084523">
        <ele>621.1</ele>
        <time>2026-09-15T13:37:58Z</time>
        <extensions>
          <gpxdata:distance>12014.80</gpxdata:distance>
          <gpxdata:speed>0.461</gpxdata:speed>
        </extensions>
      </trkpt>
      <trkpt lat="46.8574190" lon="7.5084783">
        <ele>622.4</ele>
        <time>2026-09-15T13:38:04Z</time>
        <extensions>
          <gpxdata:distance>12017.62</gpxdata:distance>
          <gpxdata:speed>0.461</gpxdata:speed>
        </extensions>
      </trkpt>
      <trkpt lat="46.8574370" lon="7.5084783">
        <ele>622.1</ele>
        <time>2026-09-15T13:38:08Z</time>
        <extensions>
          <gpxdata:distance>12019.62</gpxdata:distance>
          <gpxdata:speed>0.461</gpxdata:speed>
        </extensions>
      </trkpt>
      <trkpt lat="46.8574370" lon="7.5084783">
        <ele>622.1</ele>
        <time>2026-09-15T13:38:08Z</time>
        <extensions>
          <gpxdata:distance>12019.62</gpxdata:distance>
          <gpxdata:speed>0.000</gpxdata:speed>
        </extensions>
      </trkpt>
      <trkpt lat="46.8574460" lon="7.5085183">
        <ele>624.0</ele>
        <time>2026-09-15T13:38:15Z</time>
        <extensions>
          <gpxdata:distance>12022.82</gpxdata:distance>
          <gpxdata:speed>0.461</gpxdata:speed>
        </extensions>
      </trkpt>
      <trkpt lat="46.8574360" lon="7.5085573">
        <ele>623.8</ele>
        <time>2026-09-15T13:38:22Z</time>
        <extensions>
          <gpxdata:distance>12025.99</gpxdata:distance>
          <gpxdata:speed>0.461</gpxdata:speed>
        </extensions>
      </trkpt>
      <trkpt lat="46.8574180" lon="7.5086093">
        <ele>625.1</ele>
        <time>2026-09-15T13:38:32Z</time>
        <extensions>
          <gpxdata:distance>12030.42</gpxdata:distance>
          <gpxdata:speed>0.461</gpxdata:speed>
        </extensions>
      </trkpt>
      <trkpt lat="46.8574000" lon="7.5086623">
        <ele>624.5</ele>
        <time>2026-09-15T13:38:40Z</time>
        <extensions>
          <gpxdata:distance>12034.92</gpxdata:distance>
          <gpxdata:speed>0.523</gpxdata:speed>
        </extensions>
      </trkpt>
      <trkpt lat="46.8574000" lon="7.5087013">
        <ele>624.0</ele>
        <time>2026-09-15T13:38:45Z</time>
        <extensions>
          <gpxdata:distance>12037.88</gpxdata:distance>
          <gpxdata:speed>0.631</gpxdata:speed>
        </extensions>
      </trkpt>
      <trkpt lat="46.8574090" lon="7.5087273">
        <ele>624.9</ele>
        <time>2026-09-15T13:38:48Z</time>
        <extensions>
          <gpxdata:distance>12040.10</gpxdata:distance>
          <gpxdata:speed>0.630</gpxdata:speed>
        </extensions>
      </trkpt>
      <trkpt lat="46.8574180" lon="7.5087543">
        <ele>625.3</ele>
        <time>2026-09-15T13:38:52Z</time>
        <extensions>
          <gpxdata:distance>12042.38</gpxdata:distance>
          <gpxdata:speed>0.712</gpxdata:speed>
        </extensions>
      </trkpt>
      <trkpt lat="46.8574180" lon="7.5087933">
        <ele>626.1</ele>
        <time>2026-09-15T13:38:56Z</time>
        <extensions>
          <gpxdata:distance>12045.35</gpxdata:distance>
          <gpxdata:speed>0.632</gpxdata:speed>
        </extensions>
      </trkpt>
      <trkpt lat="46.8574000" lon="7.5089633">
        <ele>628.4</ele>
        <time>2026-09-15T13:39:17Z</time>
        <extensions>
          <gpxdata:distance>12058.43</gpxdata:distance>
          <gpxdata:speed>0.635</gpxdata:speed>
        </extensions>
      </trkpt>
      <trkpt lat="46.8573730" lon="7.5090813">
        <ele>630.0</ele>
        <time>2026-09-15T13:39:31Z</time>
        <extensions>
          <gpxdata:distance>12067.89</gpxdata:distance>
          <gpxdata:speed>0.672</gpxdata:speed>
        </extensions>
      </trkpt>
      <trkpt lat="46.8573280" lon="7.5092263">
        <ele>633.0</ele>
        <time>2026-09-15T13:39:50Z</time>
        <extensions>
          <gpxdata:distance>12080.00</gpxdata:distance>
          <gpxdata:speed>0.638</gpxdata:speed>
        </extensions>
      </trkpt>
      <trkpt lat="46.8572920" lon="7.5093303">
        <ele>635.2</ele>
        <time>2026-09-15T13:40:04Z</time>
        <extensions>
          <gpxdata:distance>12088.86</gpxdata:distance>
          <gpxdata:speed>0.639</gpxdata:speed>
        </extensions>
      </trkpt>
      <trkpt lat="46.8573460" lon="7.5093443">
        <ele>636.3</ele>
        <time>2026-09-15T13:40:13Z</time>
        <extensions>
          <gpxdata:distance>12094.96</gpxdata:distance>
          <gpxdata:speed>0.648</gpxdata:speed>
        </extensions>
      </trkpt>
      <trkpt lat="46.8574000" lon="7.5093443">
        <ele>637.1</ele>
        <time>2026-09-15T13:40:23Z</time>
        <extensions>
          <gpxdata:distance>12100.96</gpxdata:distance>
          <gpxdata:speed>0.620</gpxdata:speed>
        </extensions>
      </trkpt>
      <trkpt lat="46.8574540" lon="7.5093183">
        <ele>638.7</ele>
        <time>2026-09-15T13:40:33Z</time>
        <extensions>
          <gpxdata:distance>12107.29</gpxdata:distance>
          <gpxdata:speed>0.629</gpxdata:speed>
        </extensions>
      </trkpt>
      <trkpt lat="46.8575350" lon="7.5092783">
        <ele>639.9</ele>
        <time>2026-09-15T13:40:48Z</time>
        <extensions>
          <gpxdata:distance>12116.79</gpxdata:distance>
          <gpxdata:speed>0.647</gpxdata:speed>
        </extensions>
      </trkpt>
      <trkpt lat="46.8575350" lon="7.5092783">
        <ele>639.9</ele>
        <time>2026-09-15T13:40:48Z</time>
        <extensions>
          <gpxdata:distance>12116.79</gpxdata:distance>
          <gpxdata:speed>0.000</gpxdata:speed>
        </extensions>
      </trkpt>
      <trkpt lat="46.8575170" lon="7.5093313">
        <ele>640.6</ele>
        <time>2026-09-15T13:40:55Z</time>
        <extensions>
          <gpxdata:distance>12121.29</gpxdata:distance>
          <gpxdata:speed>0.647</gpxdata:speed>
        </extensions>
      </trkpt>
      <trkpt lat="46.8574900" lon="7.5094223">
        <ele>642.1</ele>
        <time>2026-09-15T13:41:06Z</time>
        <extensions>
          <gpxdata:distance>12128.83</gpxdata:distance>
          <gpxdata:speed>0.648</gpxdata:speed>
        </extensions>
      </trkpt>
      <trkpt lat="46.8574540" lon="7.5095273">
        <ele>643.5</ele>
        <time>2026-09-15T13:41:20Z</time>
        <extensions>
          <gpxdata:distance>12137.77</gpxdata:distance>
          <gpxdata:speed>0.642</gpxdata:speed>
        </extensions>
      </trkpt>
      <trkpt lat="46.8573910" lon="7.5096983">
        <ele>647.6</ele>
        <time>2026-09-15T13:41:43Z</time>
        <extensions>
          <gpxdata:distance>12152.53</gpxdata:distance>
          <gpxdata:speed>0.647</gpxdata:speed>
        </extensions>
      </trkpt>
      <trkpt lat="46.8573640" lon="7.5098033">
        <ele>650.1</ele>
        <time>2026-09-15T13:41:57Z</time>
        <extensions>
          <gpxdata:distance>12161.06</gpxdata:distance>
          <gpxdata:speed>0.616</gpxdata:speed>
        </extensions>
      </trkpt>
      <trkpt lat="46.8573100" lon="7.5099213">
        <ele>651.1</ele>
        <time>2026-09-15T13:42:14Z</time>
        <extensions>
          <gpxdata:distance>12171.86</gpxdata:distance>
          <gpxdata:speed>0.648</gpxdata:speed>
        </extensions>
      </trkpt>
      <trkpt lat="46.8572650" lon="7.5100253">
        <ele>652.0</ele>
        <time>2026-09-15T13:42:28Z</time>
        <extensions>
          <gpxdata:distance>12181.22</gpxdata:distance>
          <gpxdata:speed>0.641</gpxdata:speed>
        </extensions>
      </trkpt>
      <trkpt lat="46.8572380" lon="7.5100913">
        <ele>652.9</ele>
        <time>2026-09-15T13:42:37Z</time>
        <extensions>
          <gpxdata:distance>12187.07</gpxdata:distance>
          <gpxdata:speed>0.643</gpxdata:speed>
        </extensions>
      </trkpt>
      <trkpt lat="46.8571750" lon="7.5102483">
        <ele>657.8</ele>
        <time>2026-09-15T13:43:00Z</time>
        <extensions>
          <gpxdata:distance>12200.91</gpxdata:distance>
          <gpxdata:speed>0.601</gpxdata:speed>
        </extensions>
      </trkpt>
      <trkpt lat="46.8571480" lon="7.5103403">
        <ele>660.8</ele>
        <time>2026-09-15T13:43:15Z</time>
        <extensions>
          <gpxdata:distance>12208.52</gpxdata:distance>
          <gpxdata:speed>0.531</gpxdata:speed>
        </extensions>
      </trkpt>
      <trkpt lat="46.8571300" lon="7.5104323">
        <ele>663.5</ele>
        <time>2026-09-15T13:43:30Z</time>
        <extensions>
          <gpxdata:distance>12215.80</gpxdata:distance>
          <gpxdata:speed>0.476</gpxdata:speed>
        </extensions>
      </trkpt>
      <trkpt lat="46.8571110" lon="7.5105103">
        <ele>666.1</ele>
        <time>2026-09-15T13:43:44Z</time>
        <extensions>
          <gpxdata:distance>12222.09</gpxdata:distance>
          <gpxdata:speed>0.461</gpxdata:speed>
        </extensions>
      </trkpt>
      <trkpt lat="46.8571110" lon="7.5105763">
        <ele>667.9</ele>
        <time>2026-09-15T13:43:54Z</time>
        <extensions>
          <gpxdata:distance>12227.11</gpxdata:distance>
          <gpxdata:speed>0.461</gpxdata:speed>
        </extensions>
      </trkpt>
      <trkpt lat="46.8571200" lon="7.5106283">
        <ele>669.4</ele>
        <time>2026-09-15T13:44:03Z</time>
        <extensions>
          <gpxdata:distance>12231.19</gpxdata:distance>
          <gpxdata:speed>0.461</gpxdata:speed>
        </extensions>
      </trkpt>
      <trkpt lat="46.8571380" lon="7.5106813">
        <ele>670.5</ele>
        <time>2026-09-15T13:44:13Z</time>
        <extensions>
          <gpxdata:distance>12235.69</gpxdata:distance>
          <gpxdata:speed>0.461</gpxdata:speed>
        </extensions>
      </trkpt>
      <trkpt lat="46.8571650" lon="7.5107333">
        <ele>672.6</ele>
        <time>2026-09-15T13:44:24Z</time>
        <extensions>
          <gpxdata:distance>12240.65</gpxdata:distance>
          <gpxdata:speed>0.461</gpxdata:speed>
        </extensions>
      </trkpt>
      <trkpt lat="46.8571830" lon="7.5107863">
        <ele>674.6</ele>
        <time>2026-09-15T13:44:34Z</time>
        <extensions>
          <gpxdata:distance>12245.15</gpxdata:distance>
          <gpxdata:speed>0.461</gpxdata:speed>
        </extensions>
      </trkpt>
      <trkpt lat="46.8572010" lon="7.5108123">
        <ele>676.4</ele>
        <time>2026-09-15T13:44:40Z</time>
        <extensions>
          <gpxdata:distance>12247.97</gpxdata:distance>
          <gpxdata:speed>0.461</gpxdata:speed>
        </extensions>
      </trkpt>
      <trkpt lat="46.8572190" lon="7.5108653">
        <ele>678.9</ele>
        <time>2026-09-15T13:44:49Z</time>
        <extensions>
          <gpxdata:distance>12252.47</gpxdata:distance>
          <gpxdata:speed>0.461</gpxdata:speed>
        </extensions>
      </trkpt>
      <trkpt lat="46.8572190" lon="7.5109173">
        <ele>681.2</ele>
        <time>2026-09-15T13:44:58Z</time>
        <extensions>
          <gpxdata:distance>12256.42</gpxdata:distance>
          <gpxdata:speed>0.461</gpxdata:speed>
        </extensions>
      </trkpt>
      <trkpt lat="46.8571920" lon="7.5109563">
        <ele>682.6</ele>
        <time>2026-09-15T13:45:07Z</time>
        <extensions>
          <gpxdata:distance>12260.64</gpxdata:distance>
          <gpxdata:speed>0.461</gpxdata:speed>
        </extensions>
      </trkpt>
      <trkpt lat="46.8571470" lon="7.5110483">
        <ele>684.2</ele>
        <time>2026-09-15T13:45:26Z</time>
        <extensions>
          <gpxdata:distance>12269.24</gpxdata:distance>
          <gpxdata:speed>0.461</gpxdata:speed>
        </extensions>
      </trkpt>
      <trkpt lat="46.8570750" lon="7.5111793">
        <ele>687.8</ele>
        <time>2026-09-15T13:45:53Z</time>
        <extensions>
          <gpxdata:distance>12282.02</gpxdata:distance>
          <gpxdata:speed>0.461</gpxdata:speed>
        </extensions>
      </trkpt>
      <trkpt lat="46.8570300" lon="7.5112313">
        <ele>689.4</ele>
        <time>2026-09-15T13:46:07Z</time>
        <extensions>
          <gpxdata:distance>12288.40</gpxdata:distance>
          <gpxdata:speed>0.461</gpxdata:speed>
        </extensions>
      </trkpt>
      <trkpt lat="46.8569850" lon="7.5113233">
        <ele>691.2</ele>
        <time>2026-09-15T13:46:26Z</time>
        <extensions>
          <gpxdata:distance>12297.00</gpxdata:distance>
          <gpxdata:speed>0.461</gpxdata:speed>
        </extensions>
      </trkpt>
      <trkpt lat="46.8569670" lon="7.5113763">
        <ele>692.4</ele>
        <time>2026-09-15T13:46:36Z</time>
        <extensions>
          <gpxdata:distance>12301.50</gpxdata:distance>
          <gpxdata:speed>0.461</gpxdata:speed>
        </extensions>
      </trkpt>
      <trkpt lat="46.8569670" lon="7.5113763">
        <ele>692.4</ele>
        <time>2026-09-15T13:46:36Z</time>
        <extensions>
          <gpxdata:distance>12301.50</gpxdata:distance>
          <gpxdata:speed>0.000</gpxdata:speed>
        </extensions>
      </trkpt>
      <trkpt lat="46.8569760" lon="7.5114023">
        <ele>692.7</ele>
        <time>2026-09-15T13:46:40Z</time>
        <extensions>
          <gpxdata:distance>12303.71</gpxdata:distance>
          <gpxdata:speed>0.461</gpxdata:speed>
        </extensions>
      </trkpt>
      <trkpt lat="46.8570570" lon="7.5115073">
        <ele>695.9</ele>
        <time>2026-09-15T13:47:06Z</time>
        <extensions>
          <gpxdata:distance>12315.75</gpxdata:distance>
          <gpxdata:speed>0.470</gpxdata:speed>
        </extensions>
      </trkpt>
      <trkpt lat="46.8571380" lon="7.5116253">
        <ele>699.9</ele>
        <time>2026-09-15T13:47:34Z</time>
        <extensions>
          <gpxdata:distance>12328.46</gpxdata:distance>
          <gpxdata:speed>0.461</gpxdata:speed>
        </extensions>
      </trkpt>
      <trkpt lat="46.8571650" lon="7.5116383">
        <ele>700.6</ele>
        <time>2026-09-15T13:47:40Z</time>
        <extensions>
          <gpxdata:distance>12331.62</gpxdata:distance>
          <gpxdata:speed>0.461</gpxdata:speed>
        </extensions>
      </trkpt>
      <trkpt lat="46.8572010" lon="7.5116513">
        <ele>701.1</ele>
        <time>2026-09-15T13:47:49Z</time>
        <extensions>
          <gpxdata:distance>12335.75</gpxdata:distance>
          <gpxdata:speed>0.471</gpxdata:speed>
        </extensions>
      </trkpt>
      <trkpt lat="46.8572730" lon="7.5116783">
        <ele>704.3</ele>
        <time>2026-09-15T13:48:07Z</time>
        <extensions>
          <gpxdata:distance>12344.01</gpxdata:distance>
          <gpxdata:speed>0.461</gpxdata:speed>
        </extensions>
      </trkpt>
      <trkpt lat="46.8573090" lon="7.5117043">
        <ele>706.3</ele>
        <time>2026-09-15T13:48:17Z</time>
        <extensions>
          <gpxdata:distance>12348.48</gpxdata:distance>
          <gpxdata:speed>0.461</gpxdata:speed>
        </extensions>
      </trkpt>
      <trkpt lat="46.8573540" lon="7.5117433">
        <ele>708.8</ele>
        <time>2026-09-15T13:48:29Z</time>
        <extensions>
          <gpxdata:distance>12354.29</gpxdata:distance>
          <gpxdata:speed>0.461</gpxdata:speed>
        </extensions>
      </trkpt>
      <trkpt lat="46.8573630" lon="7.5117703">
        <ele>710.1</ele>
        <time>2026-09-15T13:48:34Z</time>
        <extensions>
          <gpxdata:distance>12356.58</gpxdata:distance>
          <gpxdata:speed>0.461</gpxdata:speed>
        </extensions>
      </trkpt>
      <trkpt lat="46.8573720" lon="7.5118353">
        <ele>712.4</ele>
        <time>2026-09-15T13:48:45Z</time>
        <extensions>
          <gpxdata:distance>12361.62</gpxdata:distance>
          <gpxdata:speed>0.461</gpxdata:speed>
        </extensions>
      </trkpt>
      <trkpt lat="46.8573800" lon="7.5118753">
        <ele>713.9</ele>
        <time>2026-09-15T13:48:52Z</time>
        <extensions>
          <gpxdata:distance>12364.79</gpxdata:distance>
          <gpxdata:speed>0.461</gpxdata:speed>
        </extensions>
      </trkpt>
      <trkpt lat="46.8573980" lon="7.5118883">
        <ele>715.6</ele>
        <time>2026-09-15T13:48:57Z</time>
        <extensions>
          <gpxdata:distance>12367.02</gpxdata:distance>
          <gpxdata:speed>0.461</gpxdata:speed>
        </extensions>
      </trkpt>
      <trkpt lat="46.8573980" lon="7.5118883">
        <ele>715.6</ele>
        <time>2026-09-15T13:48:57Z</time>
        <extensions>
          <gpxdata:distance>12367.02</gpxdata:distance>
          <gpxdata:speed>0.000</gpxdata:speed>
        </extensions>
      </trkpt>
      <trkpt lat="46.8573710" lon="7.5120063">
        <ele>716.8</ele>
        <time>2026-09-15T13:49:17Z</time>
        <extensions>
          <gpxdata:distance>12376.48</gpxdata:distance>
          <gpxdata:speed>0.461</gpxdata:speed>
        </extensions>
      </trkpt>
      <trkpt lat="46.8573620" lon="7.5120713">
        <ele>717.6</ele>
        <time>2026-09-15T13:49:28Z</time>
        <extensions>
          <gpxdata:distance>12381.53</gpxdata:distance>
          <gpxdata:speed>0.461</gpxdata:speed>
        </extensions>
      </trkpt>
      <trkpt lat="46.8573710" lon="7.5121373">
        <ele>718.4</ele>
        <time>2026-09-15T13:49:39Z</time>
        <extensions>
          <gpxdata:distance>12386.64</gpxdata:distance>
          <gpxdata:speed>0.461</gpxdata:speed>
        </extensions>
      </trkpt>
      <trkpt lat="46.8573800" lon="7.5121763">
        <ele>718.8</ele>
        <time>2026-09-15T13:49:46Z</time>
        <extensions>
          <gpxdata:distance>12389.77</gpxdata:distance>
          <gpxdata:speed>0.461</gpxdata:speed>
        </extensions>
      </trkpt>
      <trkpt lat="46.8573800" lon="7.5121763">
        <ele>718.8</ele>
        <time>2026-09-15T13:49:46Z</time>
        <extensions>
          <gpxdata:distance>12389.77</gpxdata:distance>
          <gpxdata:speed>0.000</gpxdata:speed>
        </extensions>
      </trkpt>
      <trkpt lat="46.8573530" lon="7.5122553">
        <ele>719.3</ele>
        <time>2026-09-15T13:49:57Z</time>
        <extensions>
          <gpxdata:distance>12396.49</gpxdata:distance>
          <gpxdata:speed>0.648</gpxdata:speed>
        </extensions>
      </trkpt>
      <trkpt lat="46.8573170" lon="7.5123333">
        <ele>719.8</ele>
        <time>2026-09-15T13:50:08Z</time>
        <extensions>
          <gpxdata:distance>12403.64</gpxdata:distance>
          <gpxdata:speed>0.631</gpxdata:speed>
        </extensions>
      </trkpt>
      <trkpt lat="46.8572900" lon="7.5123863">
        <ele>720.1</ele>
        <time>2026-09-15T13:50:15Z</time>
        <extensions>
          <gpxdata:distance>12408.67</gpxdata:distance>
          <gpxdata:speed>0.734</gpxdata:speed>
        </extensions>
      </trkpt>
      <trkpt lat="46.8572540" lon="7.5124253">
        <ele>720.3</ele>
        <time>2026-09-15T13:50:21Z</time>
        <extensions>
          <gpxdata:distance>12413.65</gpxdata:distance>
          <gpxdata:speed>0.752</gpxdata:speed>
        </extensions>
      </trkpt>
      <trkpt lat="46.8572270" lon="7.5124513">
        <ele>720.6</ele>
        <time>2026-09-15T13:50:26Z</time>
        <extensions>
          <gpxdata:distance>12417.24</gpxdata:distance>
          <gpxdata:speed>0.772</gpxdata:speed>
        </extensions>
      </trkpt>
      <trkpt lat="46.8571640" lon="7.5124913">
        <ele>721.0</ele>
        <time>2026-09-15T13:50:36Z</time>
        <extensions>
          <gpxdata:distance>12424.88</gpxdata:distance>
          <gpxdata:speed>0.811</gpxdata:speed>
        </extensions>
      </trkpt>
      <trkpt lat="46.8569300" lon="7.5126083">
        <ele>721.3</ele>
        <time>2026-09-15T13:51:06Z</time>
        <extensions>
          <gpxdata:distance>12452.38</gpxdata:distance>
          <gpxdata:speed>0.900</gpxdata:speed>
        </extensions>
      </trkpt>
      <trkpt lat="46.8568490" lon="7.5126473">
        <ele>721.5</ele>
        <time>2026-09-15T13:51:16Z</time>
        <extensions>
          <gpxdata:distance>12461.86</gpxdata:distance>
          <gpxdata:speed>0.917</gpxdata:speed>
        </extensions>
      </trkpt>
      <trkpt lat="46.8566870" lon="7.5127393">
        <ele>722.0</ele>
        <time>2026-09-15T13:51:37Z</time>
        <extensions>
          <gpxdata:distance>12481.19</gpxdata:distance>
          <gpxdata:speed>0.924</gpxdata:speed>
        </extensions>
      </trkpt>
      <trkpt lat="46.8564800" lon="7.5128963">
        <ele>722.0</ele>
        <time>2026-09-15T13:52:05Z</time>
        <extensions>
          <gpxdata:distance>12507.12</gpxdata:distance>
          <gpxdata:speed>0.950</gpxdata:speed>
        </extensions>
      </trkpt>
      <trkpt lat="46.8564620" lon="7.5129223">
        <ele>722.0</ele>
        <time>2026-09-15T13:52:08Z</time>
        <extensions>
          <gpxdata:distance>12509.93</gpxdata:distance>
          <gpxdata:speed>0.960</gpxdata:speed>
        </extensions>
      </trkpt>
      <trkpt lat="46.8564620" lon="7.5129223">
        <ele>722.0</ele>
        <time>2026-09-15T13:52:08Z</time>
        <extensions>
          <gpxdata:distance>12509.93</gpxdata:distance>
          <gpxdata:speed>0.000</gpxdata:speed>
        </extensions>
      </trkpt>
      <trkpt lat="46.8564440" lon="7.5129623">
        <ele>722.1</ele>
        <time>2026-09-15T13:52:11Z</time>
        <extensions>
          <gpxdata:distance>12513.57</gpxdata:distance>
          <gpxdata:speed>0.967</gpxdata:speed>
        </extensions>
      </trkpt>
      <trkpt lat="46.8564440" lon="7.5130273">
        <ele>722.2</ele>
        <time>2026-09-15T13:52:16Z</time>
        <extensions>
          <gpxdata:distance>12518.51</gpxdata:distance>
          <gpxdata:speed>0.972</gpxdata:speed>
        </extensions>
      </trkpt>
      <trkpt lat="46.8564530" lon="7.5131323">
        <ele>722.6</ele>
        <time>2026-09-15T13:52:25Z</time>
        <extensions>
          <gpxdata:distance>12526.56</gpxdata:distance>
          <gpxdata:speed>0.972</gpxdata:speed>
        </extensions>
      </trkpt>
      <trkpt lat="46.8564890" lon="7.5134083">
        <ele>724.1</ele>
        <time>2026-09-15T13:52:47Z</time>
        <extensions>
          <gpxdata:distance>12547.92</gpxdata:distance>
          <gpxdata:speed>0.938</gpxdata:speed>
        </extensions>
      </trkpt>
      <trkpt lat="46.8565250" lon="7.5137493">
        <ele>726.1</ele>
        <time>2026-09-15T13:53:16Z</time>
        <extensions>
          <gpxdata:distance>12574.16</gpxdata:distance>
          <gpxdata:speed>0.908</gpxdata:speed>
        </extensions>
      </trkpt>
      <trkpt lat="46.8565430" lon="7.5138803">
        <ele>726.8</ele>
        <time>2026-09-15T13:53:28Z</time>
        <extensions>
          <gpxdata:distance>12584.32</gpxdata:distance>
          <gpxdata:speed>0.894</gpxdata:speed>
        </extensions>
      </trkpt>
      <trkpt lat="46.8565430" lon="7.5139193">
        <ele>727.2</ele>
        <time>2026-09-15T13:53:31Z</time>
        <extensions>
          <gpxdata:distance>12587.29</gpxdata:distance>
          <gpxdata:speed>0.846</gpxdata:speed>
        </extensions>
      </trkpt>
      <trkpt lat="46.8565250" lon="7.5139713">
        <ele>727.4</ele>
        <time>2026-09-15T13:53:36Z</time>
        <extensions>
          <gpxdata:distance>12591.72</gpxdata:distance>
          <gpxdata:speed>0.843</gpxdata:speed>
        </extensions>
      </trkpt>
      <trkpt lat="46.8565070" lon="7.5140113">
        <ele>727.7</ele>
        <time>2026-09-15T13:53:41Z</time>
        <extensions>
          <gpxdata:distance>12595.36</gpxdata:distance>
          <gpxdata:speed>0.841</gpxdata:speed>
        </extensions>
      </trkpt>
      <trkpt lat="46.8564800" lon="7.5140373">
        <ele>727.9</ele>
        <time>2026-09-15T13:53:45Z</time>
        <extensions>
          <gpxdata:distance>12598.95</gpxdata:distance>
          <gpxdata:speed>0.838</gpxdata:speed>
        </extensions>
      </trkpt>
      <trkpt lat="46.8564350" lon="7.5140763">
        <ele>728.2</ele>
        <time>2026-09-15T13:53:52Z</time>
        <extensions>
          <gpxdata:distance>12604.77</gpxdata:distance>
          <gpxdata:speed>0.834</gpxdata:speed>
        </extensions>
      </trkpt>
      <trkpt lat="46.8563270" lon="7.5141813">
        <ele>728.7</ele>
        <time>2026-09-15T13:54:09Z</time>
        <extensions>
          <gpxdata:distance>12619.19</gpxdata:distance>
          <gpxdata:speed>0.844</gpxdata:speed>
        </extensions>
      </trkpt>
      <trkpt lat="46.8562279" lon="7.5142863">
        <ele>729.1</ele>
        <time>2026-09-15T13:54:25Z</time>
        <extensions>
          <gpxdata:distance>12632.80</gpxdata:distance>
          <gpxdata:speed>0.862</gpxdata:speed>
        </extensions>
      </trkpt>
      <trkpt lat="46.8561009" lon="7.5144303">
        <ele>730.0</ele>
        <time>2026-09-15T13:54:45Z</time>
        <extensions>
          <gpxdata:distance>12650.67</gpxdata:distance>
          <gpxdata:speed>0.883</gpxdata:speed>
        </extensions>
      </trkpt>
      <trkpt lat="46.8560289" lon="7.5145083">
        <ele>730.5</ele>
        <time>2026-09-15T13:54:56Z</time>
        <extensions>
          <gpxdata:distance>12660.63</gpxdata:distance>
          <gpxdata:speed>0.889</gpxdata:speed>
        </extensions>
      </trkpt>
      <trkpt lat="46.8559029" lon="7.5146923">
        <ele>731.4</ele>
        <time>2026-09-15T13:55:18Z</time>
        <extensions>
          <gpxdata:distance>12680.43</gpxdata:distance>
          <gpxdata:speed>0.898</gpxdata:speed>
        </extensions>
      </trkpt>
      <trkpt lat="46.8558039" lon="7.5147833">
        <ele>731.7</ele>
        <time>2026-09-15T13:55:33Z</time>
        <extensions>
          <gpxdata:distance>12693.43</gpxdata:distance>
          <gpxdata:speed>0.905</gpxdata:speed>
        </extensions>
      </trkpt>
      <trkpt lat="46.8557409" lon="7.5148363">
        <ele>731.9</ele>
        <time>2026-09-15T13:55:42Z</time>
        <extensions>
          <gpxdata:distance>12701.52</gpxdata:distance>
          <gpxdata:speed>0.912</gpxdata:speed>
        </extensions>
      </trkpt>
      <trkpt lat="46.8556689" lon="7.5148882">
        <ele>732.1</ele>
        <time>2026-09-15T13:55:51Z</time>
        <extensions>
          <gpxdata:distance>12710.44</gpxdata:distance>
          <gpxdata:speed>0.917</gpxdata:speed>
        </extensions>
      </trkpt>
      <trkpt lat="46.8556419" lon="7.5149012">
        <ele>732.3</ele>
        <time>2026-09-15T13:55:55Z</time>
        <extensions>
          <gpxdata:distance>12713.60</gpxdata:distance>
          <gpxdata:speed>0.917</gpxdata:speed>
        </extensions>
      </trkpt>
      <trkpt lat="46.8555969" lon="7.5149142">
        <ele>732.4</ele>
        <time>2026-09-15T13:56:00Z</time>
        <extensions>
          <gpxdata:distance>12718.70</gpxdata:distance>
          <gpxdata:speed>0.918</gpxdata:speed>
        </extensions>
      </trkpt>
      <trkpt lat="46.8555159" lon="7.5149402">
        <ele>732.9</ele>
        <time>2026-09-15T13:56:10Z</time>
        <extensions>
          <gpxdata:distance>12727.92</gpxdata:distance>
          <gpxdata:speed>0.911</gpxdata:speed>
        </extensions>
      </trkpt>
      <trkpt lat="46.8554359" lon="7.5149402">
        <ele>733.3</ele>
        <time>2026-09-15T13:56:20Z</time>
        <extensions>
          <gpxdata:distance>12736.82</gpxdata:distance>
          <gpxdata:speed>0.915</gpxdata:speed>
        </extensions>
      </trkpt>
      <trkpt lat="46.8553459" lon="7.5149272">
        <ele>733.7</ele>
        <time>2026-09-15T13:56:31Z</time>
        <extensions>
          <gpxdata:distance>12746.88</gpxdata:distance>
          <gpxdata:speed>0.918</gpxdata:speed>
        </extensions>
      </trkpt>
      <trkpt lat="46.8552469" lon="7.5149142">
        <ele>734.3</ele>
        <time>2026-09-15T13:56:43Z</time>
        <extensions>
          <gpxdata:distance>12757.93</gpxdata:distance>
          <gpxdata:speed>0.917</gpxdata:speed>
        </extensions>
      </trkpt>
      <trkpt lat="46.8552109" lon="7.5149142">
        <ele>734.6</ele>
        <time>2026-09-15T13:56:48Z</time>
        <extensions>
          <gpxdata:distance>12761.93</gpxdata:distance>
          <gpxdata:speed>0.905</gpxdata:speed>
        </extensions>
      </trkpt>
      <trkpt lat="46.8551749" lon="7.5149142">
        <ele>734.9</ele>
        <time>2026-09-15T13:56:52Z</time>
        <extensions>
          <gpxdata:distance>12765.94</gpxdata:distance>
          <gpxdata:speed>0.894</gpxdata:speed>
        </extensions>
      </trkpt>
      <trkpt lat="46.8551389" lon="7.5149272">
        <ele>735.2</ele>
        <time>2026-09-15T13:56:57Z</time>
        <extensions>
          <gpxdata:distance>12770.06</gpxdata:distance>
          <gpxdata:speed>0.880</gpxdata:speed>
        </extensions>
      </trkpt>
      <trkpt lat="46.8550759" lon="7.5149532">
        <ele>735.5</ele>
        <time>2026-09-15T13:57:05Z</time>
        <extensions>
          <gpxdata:distance>12777.34</gpxdata:distance>
          <gpxdata:speed>0.885</gpxdata:speed>
        </extensions>
      </trkpt>
      <trkpt lat="46.8550489" lon="7.5149792">
        <ele>735.6</ele>
        <time>2026-09-15T13:57:09Z</time>
        <extensions>
          <gpxdata:distance>12780.93</gpxdata:distance>
          <gpxdata:speed>0.882</gpxdata:speed>
        </extensions>
      </trkpt>
      <trkpt lat="46.8550219" lon="7.5150052">
        <ele>735.8</ele>
        <time>2026-09-15T13:57:13Z</time>
        <extensions>
          <gpxdata:distance>12784.53</gpxdata:distance>
          <gpxdata:speed>0.882</gpxdata:speed>
        </extensions>
      </trkpt>
      <trkpt lat="46.8549949" lon="7.5150312">
        <ele>736.1</ele>
        <time>2026-09-15T13:57:17Z</time>
        <extensions>
          <gpxdata:distance>12788.12</gpxdata:distance>
          <gpxdata:speed>0.873</gpxdata:speed>
        </extensions>
      </trkpt>
      <trkpt lat="46.8549589" lon="7.5150972">
        <ele>736.5</ele>
        <time>2026-09-15T13:57:25Z</time>
        <extensions>
          <gpxdata:distance>12794.54</gpxdata:distance>
          <gpxdata:speed>0.862</gpxdata:speed>
        </extensions>
      </trkpt>
      <trkpt lat="46.8549409" lon="7.5151362">
        <ele>736.8</ele>
        <time>2026-09-15T13:57:29Z</time>
        <extensions>
          <gpxdata:distance>12798.12</gpxdata:distance>
          <gpxdata:speed>0.853</gpxdata:speed>
        </extensions>
      </trkpt>
      <trkpt lat="46.8549319" lon="7.5152152">
        <ele>737.3</ele>
        <time>2026-09-15T13:57:36Z</time>
        <extensions>
          <gpxdata:distance>12804.21</gpxdata:distance>
          <gpxdata:speed>0.849</gpxdata:speed>
        </extensions>
      </trkpt>
      <trkpt lat="46.8549229" lon="7.5152802">
        <ele>737.8</ele>
        <time>2026-09-15T13:57:42Z</time>
        <extensions>
          <gpxdata:distance>12809.25</gpxdata:distance>
          <gpxdata:speed>0.841</gpxdata:speed>
        </extensions>
      </trkpt>
      <trkpt lat="46.8549229" lon="7.5152802">
        <ele>737.8</ele>
        <time>2026-09-15T13:57:42Z</time>
        <extensions>
          <gpxdata:distance>12809.25</gpxdata:distance>
          <gpxdata:speed>0.000</gpxdata:speed>
        </extensions>
      </trkpt>
      <trkpt lat="46.8549139" lon="7.5153332">
        <ele>738.2</ele>
        <time>2026-09-15T13:57:47Z</time>
        <extensions>
          <gpxdata:distance>12813.40</gpxdata:distance>
          <gpxdata:speed>0.820</gpxdata:speed>
        </extensions>
      </trkpt>
      <trkpt lat="46.8548869" lon="7.5153592">
        <ele>738.4</ele>
        <time>2026-09-15T13:57:52Z</time>
        <extensions>
          <gpxdata:distance>12817.00</gpxdata:distance>
          <gpxdata:speed>0.813</gpxdata:speed>
        </extensions>
      </trkpt>
      <trkpt lat="46.8548599" lon="7.5153852">
        <ele>738.7</ele>
        <time>2026-09-15T13:57:56Z</time>
        <extensions>
          <gpxdata:distance>12820.59</gpxdata:distance>
          <gpxdata:speed>0.805</gpxdata:speed>
        </extensions>
      </trkpt>
      <trkpt lat="46.8548059" lon="7.5154112">
        <ele>738.7</ele>
        <time>2026-09-15T13:58:04Z</time>
        <extensions>
          <gpxdata:distance>12826.92</gpxdata:distance>
          <gpxdata:speed>0.841</gpxdata:speed>
        </extensions>
      </trkpt>
      <trkpt lat="46.8547699" lon="7.5154382">
        <ele>738.9</ele>
        <time>2026-09-15T13:58:09Z</time>
        <extensions>
          <gpxdata:distance>12831.41</gpxdata:distance>
          <gpxdata:speed>0.846</gpxdata:speed>
        </extensions>
      </trkpt>
      <trkpt lat="46.8547519" lon="7.5154642">
        <ele>739.0</ele>
        <time>2026-09-15T13:58:12Z</time>
        <extensions>
          <gpxdata:distance>12834.23</gpxdata:distance>
          <gpxdata:speed>0.857</gpxdata:speed>
        </extensions>
      </trkpt>
      <trkpt lat="46.8547419" lon="7.5155162">
        <ele>739.3</ele>
        <time>2026-09-15T13:58:17Z</time>
        <extensions>
          <gpxdata:distance>12838.34</gpxdata:distance>
          <gpxdata:speed>0.863</gpxdata:speed>
        </extensions>
      </trkpt>
      <trkpt lat="46.8547419" lon="7.5155692">
        <ele>739.8</ele>
        <time>2026-09-15T13:58:22Z</time>
        <extensions>
          <gpxdata:distance>12842.37</gpxdata:distance>
          <gpxdata:speed>0.858</gpxdata:speed>
        </extensions>
      </trkpt>
      <trkpt lat="46.8547419" lon="7.5156472">
        <ele>740.2</ele>
        <time>2026-09-15T13:58:29Z</time>
        <extensions>
          <gpxdata:distance>12848.30</gpxdata:distance>
          <gpxdata:speed>0.855</gpxdata:speed>
        </extensions>
      </trkpt>
      <trkpt lat="46.8547509" lon="7.5157132">
        <ele>740.7</ele>
        <time>2026-09-15T13:58:35Z</time>
        <extensions>
          <gpxdata:distance>12853.41</gpxdata:distance>
          <gpxdata:speed>0.853</gpxdata:speed>
        </extensions>
      </trkpt>
      <trkpt lat="46.8547599" lon="7.5157652">
        <ele>741.4</ele>
        <time>2026-09-15T13:58:40Z</time>
        <extensions>
          <gpxdata:distance>12857.49</gpxdata:distance>
          <gpxdata:speed>0.822</gpxdata:speed>
        </extensions>
      </trkpt>
      <trkpt lat="46.8547779" lon="7.5157922">
        <ele>741.6</ele>
        <time>2026-09-15T13:58:43Z</time>
        <extensions>
          <gpxdata:distance>12860.36</gpxdata:distance>
          <gpxdata:speed>0.825</gpxdata:speed>
        </extensions>
      </trkpt>
      <trkpt lat="46.8548139" lon="7.5158182">
        <ele>741.6</ele>
        <time>2026-09-15T13:58:48Z</time>
        <extensions>
          <gpxdata:distance>12864.82</gpxdata:distance>
          <gpxdata:speed>0.816</gpxdata:speed>
        </extensions>
      </trkpt>
      <trkpt lat="46.8548139" lon="7.5158182">
        <ele>741.6</ele>
        <time>2026-09-15T13:58:48Z</time>
        <extensions>
          <gpxdata:distance>12864.82</gpxdata:distance>
          <gpxdata:speed>0.000</gpxdata:speed>
        </extensions>
      </trkpt>
      <trkpt lat="46.8547869" lon="7.5158832">
        <ele>741.8</ele>
        <time>2026-09-15T13:58:56Z</time>
        <extensions>
          <gpxdata:distance>12870.61</gpxdata:distance>
          <gpxdata:speed>0.814</gpxdata:speed>
        </extensions>
      </trkpt>
      <trkpt lat="46.8547329" lon="7.5159752">
        <ele>742.0</ele>
        <time>2026-09-15T13:59:06Z</time>
        <extensions>
          <gpxdata:distance>12879.83</gpxdata:distance>
          <gpxdata:speed>0.846</gpxdata:speed>
        </extensions>
      </trkpt>
      <trkpt lat="46.8546879" lon="7.5160672">
        <ele>742.1</ele>
        <time>2026-09-15T13:59:16Z</time>
        <extensions>
          <gpxdata:distance>12888.43</gpxdata:distance>
          <gpxdata:speed>0.886</gpxdata:speed>
        </extensions>
      </trkpt>
      <trkpt lat="46.8546519" lon="7.5161062">
        <ele>742.5</ele>
        <time>2026-09-15T13:59:22Z</time>
        <extensions>
          <gpxdata:distance>12893.41</gpxdata:distance>
          <gpxdata:speed>0.883</gpxdata:speed>
        </extensions>
      </trkpt>
      <trkpt lat="46.8546069" lon="7.5161452">
        <ele>742.9</ele>
        <time>2026-09-15T13:59:28Z</time>
        <extensions>
          <gpxdata:distance>12899.23</gpxdata:distance>
          <gpxdata:speed>0.890</gpxdata:speed>
        </extensions>
      </trkpt>
      <trkpt lat="46.8545619" lon="7.5161982">
        <ele>743.5</ele>
        <time>2026-09-15T13:59:35Z</time>
        <extensions>
          <gpxdata:distance>12905.65</gpxdata:distance>
          <gpxdata:speed>0.902</gpxdata:speed>
        </extensions>
      </trkpt>
      <trkpt lat="46.8545079" lon="7.5162242">
        <ele>744.3</ele>
        <time>2026-09-15T13:59:43Z</time>
        <extensions>
          <gpxdata:distance>12911.97</gpxdata:distance>
          <gpxdata:speed>0.879</gpxdata:speed>
        </extensions>
      </trkpt>
      <trkpt lat="46.8544629" lon="7.5162372">
        <ele>745.0</ele>
        <time>2026-09-15T13:59:49Z</time>
        <extensions>
          <gpxdata:distance>12917.07</gpxdata:distance>
          <gpxdata:speed>0.846</gpxdata:speed>
        </extensions>
      </trkpt>
      <trkpt lat="46.8543999" lon="7.5162632">
        <ele>745.8</ele>
        <time>2026-09-15T13:59:57Z</time>
        <extensions>
          <gpxdata:distance>12924.35</gpxdata:distance>
          <gpxdata:speed>0.831</gpxdata:speed>
        </extensions>
      </trkpt>
      <trkpt lat="46.8543549" lon="7.5162892">
        <ele>747.1</ele>
        <time>2026-09-15T14:00:04Z</time>
        <extensions>
          <gpxdata:distance>12929.73</gpxdata:distance>
          <gpxdata:speed>0.781</gpxdata:speed>
        </extensions>
      </trkpt>
      <trkpt lat="46.8542919" lon="7.5163552">
        <ele>748.6</ele>
        <time>2026-09-15T14:00:16Z</time>
        <extensions>
          <gpxdata:distance>12938.35</gpxdata:distance>
          <gpxdata:speed>0.722</gpxdata:speed>
        </extensions>
      </trkpt>
      <trkpt lat="46.8539679" lon="7.5166692">
        <ele>757.8</ele>
        <time>2026-09-15T14:01:24Z</time>
        <extensions>
          <gpxdata:distance>12981.57</gpxdata:distance>
          <gpxdata:speed>0.637</gpxdata:speed>
        </extensions>
      </trkpt>
      <trkpt lat="46.8539409" lon="7.5166952">
        <ele>758.3</ele>
        <time>2026-09-15T14:01:30Z</time>
        <extensions>
          <gpxdata:distance>12985.17</gpxdata:distance>
          <gpxdata:speed>0.639</gpxdata:speed>
        </extensions>
      </trkpt>
      <trkpt lat="46.8539139" lon="7.5166952">
        <ele>759.3</ele>
        <time>2026-09-15T14:01:34Z</time>
        <extensions>
          <gpxdata:distance>12988.17</gpxdata:distance>
          <gpxdata:speed>0.643</gpxdata:speed>
        </extensions>
      </trkpt>
      <trkpt lat="46.8538599" lon="7.5166952">
        <ele>760.5</ele>
        <time>2026-09-15T14:01:44Z</time>
        <extensions>
          <gpxdata:distance>12994.17</gpxdata:distance>
          <gpxdata:speed>0.646</gpxdata:speed>
        </extensions>
      </trkpt>
      <trkpt lat="46.8538239" lon="7.5166692">
        <ele>761.6</ele>
        <time>2026-09-15T14:01:51Z</time>
        <extensions>
          <gpxdata:distance>12998.64</gpxdata:distance>
          <gpxdata:speed>0.649</gpxdata:speed>
        </extensions>
      </trkpt>
      <trkpt lat="46.8537249" lon="7.5166032">
        <ele>763.4</ele>
        <time>2026-09-15T14:02:09Z</time>
        <extensions>
          <gpxdata:distance>13010.74</gpxdata:distance>
          <gpxdata:speed>0.648</gpxdata:speed>
        </extensions>
      </trkpt>
      <trkpt lat="46.8537069" lon="7.5165772">
        <ele>763.7</ele>
        <time>2026-09-15T14:02:14Z</time>
        <extensions>
          <gpxdata:distance>13013.55</gpxdata:distance>
          <gpxdata:speed>0.646</gpxdata:speed>
        </extensions>
      </trkpt>
      <trkpt lat="46.8536889" lon="7.5165642">
        <ele>763.8</ele>
        <time>2026-09-15T14:02:17Z</time>
        <extensions>
          <gpxdata:distance>13015.78</gpxdata:distance>
          <gpxdata:speed>0.647</gpxdata:speed>
        </extensions>
      </trkpt>
      <trkpt lat="46.8536889" lon="7.5165642">
        <ele>763.8</ele>
        <time>2026-09-15T14:02:17Z</time>
        <extensions>
          <gpxdata:distance>13015.78</gpxdata:distance>
          <gpxdata:speed>0.000</gpxdata:speed>
        </extensions>
      </trkpt>
      <trkpt lat="46.8536439" lon="7.5165512">
        <ele>764.4</ele>
        <time>2026-09-15T14:02:25Z</time>
        <extensions>
          <gpxdata:distance>13020.88</gpxdata:distance>
          <gpxdata:speed>0.637</gpxdata:speed>
        </extensions>
      </trkpt>
      <trkpt lat="46.8535989" lon="7.5165242">
        <ele>764.8</ele>
        <time>2026-09-15T14:02:34Z</time>
        <extensions>
          <gpxdata:distance>13026.29</gpxdata:distance>
          <gpxdata:speed>0.633</gpxdata:speed>
        </extensions>
      </trkpt>
      <trkpt lat="46.8534829" lon="7.5164592">
        <ele>765.8</ele>
        <time>2026-09-15T14:02:54Z</time>
        <extensions>
          <gpxdata:distance>13040.10</gpxdata:distance>
          <gpxdata:speed>0.692</gpxdata:speed>
        </extensions>
      </trkpt>
      <trkpt lat="46.8533749" lon="7.5164062">
        <ele>766.8</ele>
        <time>2026-09-15T14:03:11Z</time>
        <extensions>
          <gpxdata:distance>13052.77</gpxdata:distance>
          <gpxdata:speed>0.735</gpxdata:speed>
        </extensions>
      </trkpt>
      <trkpt lat="46.8532849" lon="7.5163662">
        <ele>767.9</ele>
        <time>2026-09-15T14:03:25Z</time>
        <extensions>
          <gpxdata:distance>13063.23</gpxdata:distance>
          <gpxdata:speed>0.760</gpxdata:speed>
        </extensions>
      </trkpt>
      <trkpt lat="46.8532039" lon="7.5163402">
        <ele>768.8</ele>
        <time>2026-09-15T14:03:36Z</time>
        <extensions>
          <gpxdata:distance>13072.45</gpxdata:distance>
          <gpxdata:speed>0.787</gpxdata:speed>
        </extensions>
      </trkpt>
      <trkpt lat="46.8531139" lon="7.5163272">
        <ele>770.4</ele>
        <time>2026-09-15T14:03:50Z</time>
        <extensions>
          <gpxdata:distance>13082.51</gpxdata:distance>
          <gpxdata:speed>0.761</gpxdata:speed>
        </extensions>
      </trkpt>
      <trkpt lat="46.8529789" lon="7.5163142">
        <ele>772.8</ele>
        <time>2026-09-15T14:04:10Z</time>
        <extensions>
          <gpxdata:distance>13097.55</gpxdata:distance>
          <gpxdata:speed>0.729</gpxdata:speed>
        </extensions>
      </trkpt>
      <trkpt lat="46.8527989" lon="7.5163262">
        <ele>776.1</ele>
        <time>2026-09-15T14:04:39Z</time>
        <extensions>
          <gpxdata:distance>13117.59</gpxdata:distance>
          <gpxdata:speed>0.702</gpxdata:speed>
        </extensions>
      </trkpt>
      <trkpt lat="46.8526549" lon="7.5163132">
        <ele>778.2</ele>
        <time>2026-09-15T14:05:02Z</time>
        <extensions>
          <gpxdata:distance>13133.63</gpxdata:distance>
          <gpxdata:speed>0.698</gpxdata:speed>
        </extensions>
      </trkpt>
      <trkpt lat="46.8524749" lon="7.5162872">
        <ele>780.6</ele>
        <time>2026-09-15T14:05:31Z</time>
        <extensions>
          <gpxdata:distance>13153.74</gpxdata:distance>
          <gpxdata:speed>0.695</gpxdata:speed>
        </extensions>
      </trkpt>
      <trkpt lat="46.8522769" lon="7.5162471">
        <ele>782.1</ele>
        <time>2026-09-15T14:06:02Z</time>
        <extensions>
          <gpxdata:distance>13175.97</gpxdata:distance>
          <gpxdata:speed>0.704</gpxdata:speed>
        </extensions>
      </trkpt>
      <trkpt lat="46.8521959" lon="7.5162211">
        <ele>782.6</ele>
        <time>2026-09-15T14:06:15Z</time>
        <extensions>
          <gpxdata:distance>13185.19</gpxdata:distance>
          <gpxdata:speed>0.706</gpxdata:speed>
        </extensions>
      </trkpt>
      <trkpt lat="46.8521689" lon="7.5162211">
        <ele>782.6</ele>
        <time>2026-09-15T14:06:19Z</time>
        <extensions>
          <gpxdata:distance>13188.19</gpxdata:distance>
          <gpxdata:speed>0.710</gpxdata:speed>
        </extensions>
      </trkpt>
      <trkpt lat="46.8521239" lon="7.5162211">
        <ele>782.1</ele>
        <time>2026-09-15T14:06:26Z</time>
        <extensions>
          <gpxdata:distance>13193.20</gpxdata:distance>
          <gpxdata:speed>0.729</gpxdata:speed>
        </extensions>
      </trkpt>
      <trkpt lat="46.8520789" lon="7.5162341">
        <ele>781.7</ele>
        <time>2026-09-15T14:06:33Z</time>
        <extensions>
          <gpxdata:distance>13198.30</gpxdata:distance>
          <gpxdata:speed>0.760</gpxdata:speed>
        </extensions>
      </trkpt>
      <trkpt lat="46.8520339" lon="7.5162601">
        <ele>781.5</ele>
        <time>2026-09-15T14:06:40Z</time>
        <extensions>
          <gpxdata:distance>13203.68</gpxdata:distance>
          <gpxdata:speed>0.801</gpxdata:speed>
        </extensions>
      </trkpt>
      <trkpt lat="46.8519619" lon="7.5162991">
        <ele>781.5</ele>
        <time>2026-09-15T14:06:50Z</time>
        <extensions>
          <gpxdata:distance>13212.22</gpxdata:distance>
          <gpxdata:speed>0.867</gpxdata:speed>
        </extensions>
      </trkpt>
      <trkpt lat="46.8519169" lon="7.5163381">
        <ele>781.5</ele>
        <time>2026-09-15T14:06:56Z</time>
        <extensions>
          <gpxdata:distance>13218.03</gpxdata:distance>
          <gpxdata:speed>0.913</gpxdata:speed>
        </extensions>
      </trkpt>
      <trkpt lat="46.8518899" lon="7.5163651">
        <ele>781.5</ele>
        <time>2026-09-15T14:07:00Z</time>
        <extensions>
          <gpxdata:distance>13221.67</gpxdata:distance>
          <gpxdata:speed>0.979</gpxdata:speed>
        </extensions>
      </trkpt>
      <trkpt lat="46.8518629" lon="7.5164041">
        <ele>781.6</ele>
        <time>2026-09-15T14:07:04Z</time>
        <extensions>
          <gpxdata:distance>13225.89</gpxdata:distance>
          <gpxdata:speed>1.000</gpxdata:speed>
        </extensions>
      </trkpt>
      <trkpt lat="46.8518629" lon="7.5164041">
        <ele>781.6</ele>
        <time>2026-09-15T14:07:04Z</time>
        <extensions>
          <gpxdata:distance>13225.89</gpxdata:distance>
          <gpxdata:speed>0.000</gpxdata:speed>
        </extensions>
      </trkpt>
      <trkpt lat="46.8518449" lon="7.5164561">
        <ele>781.5</ele>
        <time>2026-09-15T14:07:08Z</time>
        <extensions>
          <gpxdata:distance>13230.32</gpxdata:distance>
          <gpxdata:speed>0.979</gpxdata:speed>
        </extensions>
      </trkpt>
      <trkpt lat="46.8518179" lon="7.5164961">
        <ele>781.6</ele>
        <time>2026-09-15T14:07:13Z</time>
        <extensions>
          <gpxdata:distance>13234.60</gpxdata:distance>
          <gpxdata:speed>0.997</gpxdata:speed>
        </extensions>
      </trkpt>
      <trkpt lat="46.8517909" lon="7.5165221">
        <ele>781.7</ele>
        <time>2026-09-15T14:07:16Z</time>
        <extensions>
          <gpxdata:distance>13238.19</gpxdata:distance>
          <gpxdata:speed>1.012</gpxdata:speed>
        </extensions>
      </trkpt>
      <trkpt lat="46.8517099" lon="7.5165871">
        <ele>782.1</ele>
        <time>2026-09-15T14:07:27Z</time>
        <extensions>
          <gpxdata:distance>13248.46</gpxdata:distance>
          <gpxdata:speed>0.978</gpxdata:speed>
        </extensions>
      </trkpt>
      <trkpt lat="46.8516649" lon="7.5166401">
        <ele>782.3</ele>
        <time>2026-09-15T14:07:33Z</time>
        <extensions>
          <gpxdata:distance>13254.89</gpxdata:distance>
          <gpxdata:speed>0.965</gpxdata:speed>
        </extensions>
      </trkpt>
      <trkpt lat="46.8516289" lon="7.5166791">
        <ele>782.4</ele>
        <time>2026-09-15T14:07:39Z</time>
        <extensions>
          <gpxdata:distance>13259.87</gpxdata:distance>
          <gpxdata:speed>0.958</gpxdata:speed>
        </extensions>
      </trkpt>
      <trkpt lat="46.8515929" lon="7.5167181">
        <ele>782.5</ele>
        <time>2026-09-15T14:07:44Z</time>
        <extensions>
          <gpxdata:distance>13264.85</gpxdata:distance>
          <gpxdata:speed>0.954</gpxdata:speed>
        </extensions>
      </trkpt>
      <trkpt lat="46.8515929" lon="7.5167181">
        <ele>782.5</ele>
        <time>2026-09-15T14:07:44Z</time>
        <extensions>
          <gpxdata:distance>13264.85</gpxdata:distance>
          <gpxdata:speed>0.000</gpxdata:speed>
        </extensions>
      </trkpt>
      <trkpt lat="46.8515479" lon="7.5167841">
        <ele>782.3</ele>
        <time>2026-09-15T14:07:51Z</time>
        <extensions>
          <gpxdata:distance>13271.94</gpxdata:distance>
          <gpxdata:speed>0.974</gpxdata:speed>
        </extensions>
      </trkpt>
      <trkpt lat="46.8515029" lon="7.5168491">
        <ele>782.0</ele>
        <time>2026-09-15T14:07:58Z</time>
        <extensions>
          <gpxdata:distance>13278.97</gpxdata:distance>
          <gpxdata:speed>0.986</gpxdata:speed>
        </extensions>
      </trkpt>
      <trkpt lat="46.8514759" lon="7.5169011">
        <ele>781.8</ele>
        <time>2026-09-15T14:08:03Z</time>
        <extensions>
          <gpxdata:distance>13283.94</gpxdata:distance>
          <gpxdata:speed>1.002</gpxdata:speed>
        </extensions>
      </trkpt>
      <trkpt lat="46.8514669" lon="7.5169541">
        <ele>781.8</ele>
        <time>2026-09-15T14:08:07Z</time>
        <extensions>
          <gpxdata:distance>13288.09</gpxdata:distance>
          <gpxdata:speed>1.007</gpxdata:speed>
        </extensions>
      </trkpt>
      <trkpt lat="46.8514579" lon="7.5169931">
        <ele>781.8</ele>
        <time>2026-09-15T14:08:10Z</time>
        <extensions>
          <gpxdata:distance>13291.22</gpxdata:distance>
          <gpxdata:speed>1.003</gpxdata:speed>
        </extensions>
      </trkpt>
      <trkpt lat="46.8514489" lon="7.5170981">
        <ele>781.7</ele>
        <time>2026-09-15T14:08:19Z</time>
        <extensions>
          <gpxdata:distance>13299.27</gpxdata:distance>
          <gpxdata:speed>0.995</gpxdata:speed>
        </extensions>
      </trkpt>
      <trkpt lat="46.8514489" lon="7.5171771">
        <ele>781.8</ele>
        <time>2026-09-15T14:08:25Z</time>
        <extensions>
          <gpxdata:distance>13305.28</gpxdata:distance>
          <gpxdata:speed>0.995</gpxdata:speed>
        </extensions>
      </trkpt>
      <trkpt lat="46.8514579" lon="7.5173471">
        <ele>781.8</ele>
        <time>2026-09-15T14:08:38Z</time>
        <extensions>
          <gpxdata:distance>13318.24</gpxdata:distance>
          <gpxdata:speed>0.996</gpxdata:speed>
        </extensions>
      </trkpt>
      <trkpt lat="46.8514669" lon="7.5174521">
        <ele>781.7</ele>
        <time>2026-09-15T14:08:46Z</time>
        <extensions>
          <gpxdata:distance>13326.29</gpxdata:distance>
          <gpxdata:speed>0.996</gpxdata:speed>
        </extensions>
      </trkpt>
      <trkpt lat="46.8514669" lon="7.5174521">
        <ele>781.7</ele>
        <time>2026-09-15T14:08:46Z</time>
        <extensions>
          <gpxdata:distance>13326.29</gpxdata:distance>
          <gpxdata:speed>0.000</gpxdata:speed>
        </extensions>
      </trkpt>
      <trkpt lat="46.8515029" lon="7.5178461">
        <ele>780.9</ele>
        <time>2026-09-15T14:09:16Z</time>
        <extensions>
          <gpxdata:distance>13356.52</gpxdata:distance>
          <gpxdata:speed>0.994</gpxdata:speed>
        </extensions>
      </trkpt>
      <trkpt lat="46.8515379" lon="7.5182651">
        <ele>781.4</ele>
        <time>2026-09-15T14:09:48Z</time>
        <extensions>
          <gpxdata:distance>13388.62</gpxdata:distance>
          <gpxdata:speed>1.007</gpxdata:speed>
        </extensions>
      </trkpt>
      <trkpt lat="46.8515379" lon="7.5183701">
        <ele>781.6</ele>
        <time>2026-09-15T14:09:56Z</time>
        <extensions>
          <gpxdata:distance>13396.60</gpxdata:distance>
          <gpxdata:speed>1.010</gpxdata:speed>
        </extensions>
      </trkpt>
      <trkpt lat="46.8515559" lon="7.5185801">
        <ele>781.8</ele>
        <time>2026-09-15T14:10:12Z</time>
        <extensions>
          <gpxdata:distance>13412.70</gpxdata:distance>
          <gpxdata:speed>1.012</gpxdata:speed>
        </extensions>
      </trkpt>
      <trkpt lat="46.8515559" lon="7.5185801">
        <ele>781.8</ele>
        <time>2026-09-15T14:10:12Z</time>
        <extensions>
          <gpxdata:distance>13412.70</gpxdata:distance>
          <gpxdata:speed>0.000</gpxdata:speed>
        </extensions>
      </trkpt>
      <trkpt lat="46.8515739" lon="7.5186061">
        <ele>781.9</ele>
        <time>2026-09-15T14:10:15Z</time>
        <extensions>
          <gpxdata:distance>13415.51</gpxdata:distance>
          <gpxdata:speed>1.010</gpxdata:speed>
        </extensions>
      </trkpt>
      <trkpt lat="46.8515919" lon="7.5186591">
        <ele>781.6</ele>
        <time>2026-09-15T14:10:19Z</time>
        <extensions>
          <gpxdata:distance>13420.01</gpxdata:distance>
          <gpxdata:speed>1.010</gpxdata:speed>
        </extensions>
      </trkpt>
      <trkpt lat="46.8516099" lon="7.5187371">
        <ele>781.5</ele>
        <time>2026-09-15T14:10:25Z</time>
        <extensions>
          <gpxdata:distance>13426.27</gpxdata:distance>
          <gpxdata:speed>1.010</gpxdata:speed>
        </extensions>
      </trkpt>
      <trkpt lat="46.8516279" lon="7.5188951">
        <ele>781.4</ele>
        <time>2026-09-15T14:10:37Z</time>
        <extensions>
          <gpxdata:distance>13438.45</gpxdata:distance>
          <gpxdata:speed>1.009</gpxdata:speed>
        </extensions>
      </trkpt>
      <trkpt lat="46.8516279" lon="7.5190001">
        <ele>781.3</ele>
        <time>2026-09-15T14:10:45Z</time>
        <extensions>
          <gpxdata:distance>13446.44</gpxdata:distance>
          <gpxdata:speed>1.001</gpxdata:speed>
        </extensions>
      </trkpt>
      <trkpt lat="46.8516189" lon="7.5190781">
        <ele>781.1</ele>
        <time>2026-09-15T14:10:51Z</time>
        <extensions>
          <gpxdata:distance>13452.45</gpxdata:distance>
          <gpxdata:speed>1.006</gpxdata:speed>
        </extensions>
      </trkpt>
      <trkpt lat="46.8515919" lon="7.5192221">
        <ele>781.3</ele>
        <time>2026-09-15T14:11:02Z</time>
        <extensions>
          <gpxdata:distance>13463.81</gpxdata:distance>
          <gpxdata:speed>1.007</gpxdata:speed>
        </extensions>
      </trkpt>
      <trkpt lat="46.8515919" lon="7.5193011">
        <ele>781.3</ele>
        <time>2026-09-15T14:11:08Z</time>
        <extensions>
          <gpxdata:distance>13469.81</gpxdata:distance>
          <gpxdata:speed>1.001</gpxdata:speed>
        </extensions>
      </trkpt>
      <trkpt lat="46.8515909" lon="7.5193931">
        <ele>781.3</ele>
        <time>2026-09-15T14:11:15Z</time>
        <extensions>
          <gpxdata:distance>13476.81</gpxdata:distance>
          <gpxdata:speed>1.002</gpxdata:speed>
        </extensions>
      </trkpt>
      <trkpt lat="46.8516089" lon="7.5194721">
        <ele>781.4</ele>
        <time>2026-09-15T14:11:22Z</time>
        <extensions>
          <gpxdata:distance>13483.14</gpxdata:distance>
          <gpxdata:speed>1.003</gpxdata:speed>
        </extensions>
      </trkpt>
      <trkpt lat="46.8516449" lon="7.5195501">
        <ele>781.6</ele>
        <time>2026-09-15T14:11:29Z</time>
        <extensions>
          <gpxdata:distance>13490.30</gpxdata:distance>
          <gpxdata:speed>1.012</gpxdata:speed>
        </extensions>
      </trkpt>
      <trkpt lat="46.8516809" lon="7.5196031">
        <ele>781.6</ele>
        <time>2026-09-15T14:11:34Z</time>
        <extensions>
          <gpxdata:distance>13495.98</gpxdata:distance>
          <gpxdata:speed>1.009</gpxdata:speed>
        </extensions>
      </trkpt>
      <trkpt lat="46.8517349" lon="7.5196551">
        <ele>782.0</ele>
        <time>2026-09-15T14:11:42Z</time>
        <extensions>
          <gpxdata:distance>13503.17</gpxdata:distance>
          <gpxdata:speed>0.989</gpxdata:speed>
        </extensions>
      </trkpt>
      <trkpt lat="46.8517889" lon="7.5196951">
        <ele>782.0</ele>
        <time>2026-09-15T14:11:49Z</time>
        <extensions>
          <gpxdata:distance>13509.90</gpxdata:distance>
          <gpxdata:speed>0.984</gpxdata:speed>
        </extensions>
      </trkpt>
      <trkpt lat="46.8519599" lon="7.5197471">
        <ele>782.4</ele>
        <time>2026-09-15T14:12:09Z</time>
        <extensions>
          <gpxdata:distance>13529.32</gpxdata:distance>
          <gpxdata:speed>0.969</gpxdata:speed>
        </extensions>
      </trkpt>
      <trkpt lat="46.8520589" lon="7.5197871">
        <ele>782.4</ele>
        <time>2026-09-15T14:12:20Z</time>
        <extensions>
          <gpxdata:distance>13540.74</gpxdata:distance>
          <gpxdata:speed>0.976</gpxdata:speed>
        </extensions>
      </trkpt>
      <trkpt lat="46.8521309" lon="7.5198401">
        <ele>782.5</ele>
        <time>2026-09-15T14:12:30Z</time>
        <extensions>
          <gpxdata:distance>13549.71</gpxdata:distance>
          <gpxdata:speed>0.974</gpxdata:speed>
        </extensions>
      </trkpt>
      <trkpt lat="46.8521939" lon="7.5198921">
        <ele>782.5</ele>
        <time>2026-09-15T14:12:38Z</time>
        <extensions>
          <gpxdata:distance>13557.75</gpxdata:distance>
          <gpxdata:speed>0.975</gpxdata:speed>
        </extensions>
      </trkpt>
      <trkpt lat="46.8522389" lon="7.5199451">
        <ele>782.7</ele>
        <time>2026-09-15T14:12:44Z</time>
        <extensions>
          <gpxdata:distance>13564.17</gpxdata:distance>
          <gpxdata:speed>0.972</gpxdata:speed>
        </extensions>
      </trkpt>
      <trkpt lat="46.8523199" lon="7.5200361">
        <ele>782.8</ele>
        <time>2026-09-15T14:12:56Z</time>
        <extensions>
          <gpxdata:distance>13575.53</gpxdata:distance>
          <gpxdata:speed>0.977</gpxdata:speed>
        </extensions>
      </trkpt>
      <trkpt lat="46.8525799" lon="7.5203652">
        <ele>783.3</ele>
        <time>2026-09-15T14:13:35Z</time>
        <extensions>
          <gpxdata:distance>13613.77</gpxdata:distance>
          <gpxdata:speed>0.976</gpxdata:speed>
        </extensions>
      </trkpt>
      <trkpt lat="46.8526429" lon="7.5204302">
        <ele>783.4</ele>
        <time>2026-09-15T14:13:44Z</time>
        <extensions>
          <gpxdata:distance>13622.34</gpxdata:distance>
          <gpxdata:speed>0.983</gpxdata:speed>
        </extensions>
      </trkpt>
      <trkpt lat="46.8526879" lon="7.5204832">
        <ele>783.7</ele>
        <time>2026-09-15T14:13:51Z</time>
        <extensions>
          <gpxdata:distance>13628.77</gpxdata:distance>
          <gpxdata:speed>0.976</gpxdata:speed>
        </extensions>
      </trkpt>
      <trkpt lat="46.8527419" lon="7.5205222">
        <ele>783.8</ele>
        <time>2026-09-15T14:13:57Z</time>
        <extensions>
          <gpxdata:distance>13635.47</gpxdata:distance>
          <gpxdata:speed>0.979</gpxdata:speed>
        </extensions>
      </trkpt>
      <trkpt lat="46.8528049" lon="7.5205752">
        <ele>784.2</ele>
        <time>2026-09-15T14:14:06Z</time>
        <extensions>
          <gpxdata:distance>13643.55</gpxdata:distance>
          <gpxdata:speed>0.968</gpxdata:speed>
        </extensions>
      </trkpt>
      <trkpt lat="46.8528679" lon="7.5206012">
        <ele>784.6</ele>
        <time>2026-09-15T14:14:13Z</time>
        <extensions>
          <gpxdata:distance>13650.83</gpxdata:distance>
          <gpxdata:speed>0.960</gpxdata:speed>
        </extensions>
      </trkpt>
      <trkpt lat="46.8529579" lon="7.5206412">
        <ele>784.9</ele>
        <time>2026-09-15T14:14:24Z</time>
        <extensions>
          <gpxdata:distance>13661.29</gpxdata:distance>
          <gpxdata:speed>0.954</gpxdata:speed>
        </extensions>
      </trkpt>
      <trkpt lat="46.8530659" lon="7.5206802">
        <ele>785.2</ele>
        <time>2026-09-15T14:14:37Z</time>
        <extensions>
          <gpxdata:distance>13673.66</gpxdata:distance>
          <gpxdata:speed>0.954</gpxdata:speed>
        </extensions>
      </trkpt>
      <trkpt lat="46.8532729" lon="7.5207722">
        <ele>785.4</ele>
        <time>2026-09-15T14:15:02Z</time>
        <extensions>
          <gpxdata:distance>13697.71</gpxdata:distance>
          <gpxdata:speed>0.958</gpxdata:speed>
        </extensions>
      </trkpt>
      <trkpt lat="46.8534159" lon="7.5208642">
        <ele>785.2</ele>
        <time>2026-09-15T14:15:20Z</time>
        <extensions>
          <gpxdata:distance>13715.09</gpxdata:distance>
          <gpxdata:speed>0.965</gpxdata:speed>
        </extensions>
      </trkpt>
      <trkpt lat="46.8536049" lon="7.5209692">
        <ele>785.1</ele>
        <time>2026-09-15T14:15:43Z</time>
        <extensions>
          <gpxdata:distance>13737.57</gpxdata:distance>
          <gpxdata:speed>0.975</gpxdata:speed>
        </extensions>
      </trkpt>
      <trkpt lat="46.8537399" lon="7.5210612">
        <ele>785.9</ele>
        <time>2026-09-15T14:16:01Z</time>
        <extensions>
          <gpxdata:distance>13754.13</gpxdata:distance>
          <gpxdata:speed>0.968</gpxdata:speed>
        </extensions>
      </trkpt>
      <trkpt lat="46.8538029" lon="7.5211012">
        <ele>786.5</ele>
        <time>2026-09-15T14:16:08Z</time>
        <extensions>
          <gpxdata:distance>13761.77</gpxdata:distance>
          <gpxdata:speed>0.958</gpxdata:speed>
        </extensions>
      </trkpt>
      <trkpt lat="46.8540909" lon="7.5213242">
        <ele>788.4</ele>
        <time>2026-09-15T14:16:47Z</time>
        <extensions>
          <gpxdata:distance>13798.00</gpxdata:distance>
          <gpxdata:speed>0.943</gpxdata:speed>
        </extensions>
      </trkpt>
      <trkpt lat="46.8547379" lon="7.5218102">
        <ele>794.3</ele>
        <time>2026-09-15T14:18:16Z</time>
        <extensions>
          <gpxdata:distance>13878.88</gpxdata:distance>
          <gpxdata:speed>0.904</gpxdata:speed>
        </extensions>
      </trkpt>
      <trkpt lat="46.8547829" lon="7.5218632">
        <ele>795.0</ele>
        <time>2026-09-15T14:18:23Z</time>
        <extensions>
          <gpxdata:distance>13885.31</gpxdata:distance>
          <gpxdata:speed>0.898</gpxdata:speed>
        </extensions>
      </trkpt>
      <trkpt lat="46.8548099" lon="7.5218892">
        <ele>795.3</ele>
        <time>2026-09-15T14:18:27Z</time>
        <extensions>
          <gpxdata:distance>13888.90</gpxdata:distance>
          <gpxdata:speed>0.893</gpxdata:speed>
        </extensions>
      </trkpt>
      <trkpt lat="46.8548369" lon="7.5219282">
        <ele>795.8</ele>
        <time>2026-09-15T14:18:32Z</time>
        <extensions>
          <gpxdata:distance>13893.12</gpxdata:distance>
          <gpxdata:speed>0.877</gpxdata:speed>
        </extensions>
      </trkpt>
      <trkpt lat="46.8548639" lon="7.5219682">
        <ele>796.2</ele>
        <time>2026-09-15T14:18:37Z</time>
        <extensions>
          <gpxdata:distance>13897.40</gpxdata:distance>
          <gpxdata:speed>0.858</gpxdata:speed>
        </extensions>
      </trkpt>
      <trkpt lat="46.8548909" lon="7.5220332">
        <ele>796.8</ele>
        <time>2026-09-15T14:18:44Z</time>
        <extensions>
          <gpxdata:distance>13903.18</gpxdata:distance>
          <gpxdata:speed>0.831</gpxdata:speed>
        </extensions>
      </trkpt>
      <trkpt lat="46.8549089" lon="7.5220862">
        <ele>797.3</ele>
        <time>2026-09-15T14:18:50Z</time>
        <extensions>
          <gpxdata:distance>13907.68</gpxdata:distance>
          <gpxdata:speed>0.822</gpxdata:speed>
        </extensions>
      </trkpt>
      <trkpt lat="46.8549539" lon="7.5222172">
        <ele>798.3</ele>
        <time>2026-09-15T14:19:03Z</time>
        <extensions>
          <gpxdata:distance>13918.83</gpxdata:distance>
          <gpxdata:speed>0.819</gpxdata:speed>
        </extensions>
      </trkpt>
      <trkpt lat="46.8549629" lon="7.5222702">
        <ele>798.8</ele>
        <time>2026-09-15T14:19:09Z</time>
        <extensions>
          <gpxdata:distance>13922.98</gpxdata:distance>
          <gpxdata:speed>0.798</gpxdata:speed>
        </extensions>
      </trkpt>
      <trkpt lat="46.8549809" lon="7.5223482">
        <ele>799.5</ele>
        <time>2026-09-15T14:19:17Z</time>
        <extensions>
          <gpxdata:distance>13929.24</gpxdata:distance>
          <gpxdata:speed>0.746</gpxdata:speed>
        </extensions>
      </trkpt>
      <trkpt lat="46.8550069" lon="7.5225452">
        <ele>801.2</ele>
        <time>2026-09-15T14:19:37Z</time>
        <extensions>
          <gpxdata:distance>13944.49</gpxdata:distance>
          <gpxdata:speed>0.742</gpxdata:speed>
        </extensions>
      </trkpt>
      <trkpt lat="46.8550069" lon="7.5225452">
        <ele>801.2</ele>
        <time>2026-09-15T14:19:37Z</time>
        <extensions>
          <gpxdata:distance>13944.49</gpxdata:distance>
          <gpxdata:speed>0.000</gpxdata:speed>
        </extensions>
      </trkpt>
      <trkpt lat="46.8550159" lon="7.5226632">
        <ele>802.4</ele>
        <time>2026-09-15T14:19:50Z</time>
        <extensions>
          <gpxdata:distance>13953.52</gpxdata:distance>
          <gpxdata:speed>0.731</gpxdata:speed>
        </extensions>
      </trkpt>
      <trkpt lat="46.8550249" lon="7.5227292">
        <ele>803.0</ele>
        <time>2026-09-15T14:19:57Z</time>
        <extensions>
          <gpxdata:distance>13958.64</gpxdata:distance>
          <gpxdata:speed>0.727</gpxdata:speed>
        </extensions>
      </trkpt>
      <trkpt lat="46.8550339" lon="7.5227812">
        <ele>803.3</ele>
        <time>2026-09-15T14:20:02Z</time>
        <extensions>
          <gpxdata:distance>13962.72</gpxdata:distance>
          <gpxdata:speed>0.731</gpxdata:speed>
        </extensions>
      </trkpt>
      <trkpt lat="46.8550519" lon="7.5228202">
        <ele>803.3</ele>
        <time>2026-09-15T14:20:07Z</time>
        <extensions>
          <gpxdata:distance>13966.30</gpxdata:distance>
          <gpxdata:speed>0.748</gpxdata:speed>
        </extensions>
      </trkpt>
      <trkpt lat="46.8550519" lon="7.5228202">
        <ele>803.3</ele>
        <time>2026-09-15T14:20:07Z</time>
        <extensions>
          <gpxdata:distance>13966.30</gpxdata:distance>
          <gpxdata:speed>0.000</gpxdata:speed>
        </extensions>
      </trkpt>
      <trkpt lat="46.8550429" lon="7.5228472">
        <ele>803.2</ele>
        <time>2026-09-15T14:20:10Z</time>
        <extensions>
          <gpxdata:distance>13968.58</gpxdata:distance>
          <gpxdata:speed>0.763</gpxdata:speed>
        </extensions>
      </trkpt>
      <trkpt lat="46.8549979" lon="7.5230172">
        <ele>803.0</ele>
        <time>2026-09-15T14:20:27Z</time>
        <extensions>
          <gpxdata:distance>13982.44</gpxdata:distance>
          <gpxdata:speed>0.844</gpxdata:speed>
        </extensions>
      </trkpt>
      <trkpt lat="46.8549529" lon="7.5231872">
        <ele>803.2</ele>
        <time>2026-09-15T14:20:42Z</time>
        <extensions>
          <gpxdata:distance>13996.30</gpxdata:distance>
          <gpxdata:speed>0.914</gpxdata:speed>
        </extensions>
      </trkpt>
      <trkpt lat="46.8549259" lon="7.5232922">
        <ele>803.4</ele>
        <time>2026-09-15T14:20:51Z</time>
        <extensions>
          <gpxdata:distance>14004.83</gpxdata:distance>
          <gpxdata:speed>0.920</gpxdata:speed>
        </extensions>
      </trkpt>
      <trkpt lat="46.8549079" lon="7.5233842">
        <ele>803.7</ele>
        <time>2026-09-15T14:20:59Z</time>
        <extensions>
          <gpxdata:distance>14012.11</gpxdata:distance>
          <gpxdata:speed>0.956</gpxdata:speed>
        </extensions>
      </trkpt>
      <trkpt lat="46.8549079" lon="7.5234632">
        <ele>804.1</ele>
        <time>2026-09-15T14:21:05Z</time>
        <extensions>
          <gpxdata:distance>14018.12</gpxdata:distance>
          <gpxdata:speed>0.965</gpxdata:speed>
        </extensions>
      </trkpt>
      <trkpt lat="46.8549079" lon="7.5235152">
        <ele>804.4</ele>
        <time>2026-09-15T14:21:09Z</time>
        <extensions>
          <gpxdata:distance>14022.07</gpxdata:distance>
          <gpxdata:speed>0.965</gpxdata:speed>
        </extensions>
      </trkpt>
      <trkpt lat="46.8549078" lon="7.5236462">
        <ele>805.3</ele>
        <time>2026-09-15T14:21:20Z</time>
        <extensions>
          <gpxdata:distance>14032.03</gpxdata:distance>
          <gpxdata:speed>0.935</gpxdata:speed>
        </extensions>
      </trkpt>
      <trkpt lat="46.8549078" lon="7.5237252">
        <ele>805.9</ele>
        <time>2026-09-15T14:21:26Z</time>
        <extensions>
          <gpxdata:distance>14038.04</gpxdata:distance>
          <gpxdata:speed>0.920</gpxdata:speed>
        </extensions>
      </trkpt>
      <trkpt lat="46.8548988" lon="7.5237912">
        <ele>806.4</ele>
        <time>2026-09-15T14:21:32Z</time>
        <extensions>
          <gpxdata:distance>14043.16</gpxdata:distance>
          <gpxdata:speed>0.903</gpxdata:speed>
        </extensions>
      </trkpt>
      <trkpt lat="46.8548988" lon="7.5237912">
        <ele>806.4</ele>
        <time>2026-09-15T14:21:32Z</time>
        <extensions>
          <gpxdata:distance>14043.16</gpxdata:distance>
          <gpxdata:speed>0.000</gpxdata:speed>
        </extensions>
      </trkpt>
      <trkpt lat="46.8550238" lon="7.5238692">
        <ele>808.2</ele>
        <time>2026-09-15T14:21:51Z</time>
        <extensions>
          <gpxdata:distance>14058.27</gpxdata:distance>
          <gpxdata:speed>0.805</gpxdata:speed>
        </extensions>
      </trkpt>
      <trkpt lat="46.8550508" lon="7.5238832">
        <ele>808.6</ele>
        <time>2026-09-15T14:21:55Z</time>
        <extensions>
          <gpxdata:distance>14061.45</gpxdata:distance>
          <gpxdata:speed>0.775</gpxdata:speed>
        </extensions>
      </trkpt>
      <trkpt lat="46.8550688" lon="7.5238832">
        <ele>808.9</ele>
        <time>2026-09-15T14:21:57Z</time>
        <extensions>
          <gpxdata:distance>14063.46</gpxdata:distance>
          <gpxdata:speed>0.751</gpxdata:speed>
        </extensions>
      </trkpt>
      <trkpt lat="46.8550958" lon="7.5238832">
        <ele>809.4</ele>
        <time>2026-09-15T14:22:02Z</time>
        <extensions>
          <gpxdata:distance>14066.46</gpxdata:distance>
          <gpxdata:speed>0.730</gpxdata:speed>
        </extensions>
      </trkpt>
      <trkpt lat="46.8551228" lon="7.5238702">
        <ele>809.8</ele>
        <time>2026-09-15T14:22:06Z</time>
        <extensions>
          <gpxdata:distance>14069.62</gpxdata:distance>
          <gpxdata:speed>0.720</gpxdata:speed>
        </extensions>
      </trkpt>
      <trkpt lat="46.8551408" lon="7.5238432">
        <ele>810.2</ele>
        <time>2026-09-15T14:22:10Z</time>
        <extensions>
          <gpxdata:distance>14072.49</gpxdata:distance>
          <gpxdata:speed>0.702</gpxdata:speed>
        </extensions>
      </trkpt>
      <trkpt lat="46.8551768" lon="7.5238172">
        <ele>810.6</ele>
        <time>2026-09-15T14:22:16Z</time>
        <extensions>
          <gpxdata:distance>14076.95</gpxdata:distance>
          <gpxdata:speed>0.702</gpxdata:speed>
        </extensions>
      </trkpt>
      <trkpt lat="46.8552218" lon="7.5237912">
        <ele>811.3</ele>
        <time>2026-09-15T14:22:24Z</time>
        <extensions>
          <gpxdata:distance>14082.33</gpxdata:distance>
          <gpxdata:speed>0.692</gpxdata:speed>
        </extensions>
      </trkpt>
      <trkpt lat="46.8552578" lon="7.5237782">
        <ele>811.9</ele>
        <time>2026-09-15T14:22:30Z</time>
        <extensions>
          <gpxdata:distance>14086.45</gpxdata:distance>
          <gpxdata:speed>0.687</gpxdata:speed>
        </extensions>
      </trkpt>
      <trkpt lat="46.8552578" lon="7.5237782">
        <ele>811.9</ele>
        <time>2026-09-15T14:22:30Z</time>
        <extensions>
          <gpxdata:distance>14086.45</gpxdata:distance>
          <gpxdata:speed>0.000</gpxdata:speed>
        </extensions>
      </trkpt>
      <trkpt lat="46.8552938" lon="7.5237782">
        <ele>812.6</ele>
        <time>2026-09-15T14:22:36Z</time>
        <extensions>
          <gpxdata:distance>14090.46</gpxdata:distance>
          <gpxdata:speed>0.660</gpxdata:speed>
        </extensions>
      </trkpt>
      <trkpt lat="46.8553118" lon="7.5237912">
        <ele>813.6</ele>
        <time>2026-09-15T14:22:40Z</time>
        <extensions>
          <gpxdata:distance>14092.69</gpxdata:distance>
          <gpxdata:speed>0.634</gpxdata:speed>
        </extensions>
      </trkpt>
      <trkpt lat="46.8553388" lon="7.5238172">
        <ele>815.1</ele>
        <time>2026-09-15T14:22:45Z</time>
        <extensions>
          <gpxdata:distance>14096.28</gpxdata:distance>
          <gpxdata:speed>0.646</gpxdata:speed>
        </extensions>
      </trkpt>
      <trkpt lat="46.8554558" lon="7.5240142">
        <ele>820.5</ele>
        <time>2026-09-15T14:23:22Z</time>
        <extensions>
          <gpxdata:distance>14116.13</gpxdata:distance>
          <gpxdata:speed>0.536</gpxdata:speed>
        </extensions>
      </trkpt>
      <trkpt lat="46.8556718" lon="7.5243693">
        <ele>831.2</ele>
        <time>2026-09-15T14:24:41Z</time>
        <extensions>
          <gpxdata:distance>14152.26</gpxdata:distance>
          <gpxdata:speed>0.461</gpxdata:speed>
        </extensions>
      </trkpt>
      <trkpt lat="46.8557798" lon="7.5245523">
        <ele>836.7</ele>
        <time>2026-09-15T14:25:20Z</time>
        <extensions>
          <gpxdata:distance>14170.64</gpxdata:distance>
          <gpxdata:speed>0.461</gpxdata:speed>
        </extensions>
      </trkpt>
      <trkpt lat="46.8559228" lon="7.5247893">
        <ele>843.7</ele>
        <time>2026-09-15T14:26:13Z</time>
        <extensions>
          <gpxdata:distance>14194.68</gpxdata:distance>
          <gpxdata:speed>0.461</gpxdata:speed>
        </extensions>
      </trkpt>
      <trkpt lat="46.8560218" lon="7.5249463">
        <ele>848.2</ele>
        <time>2026-09-15T14:26:48Z</time>
        <extensions>
          <gpxdata:distance>14210.92</gpxdata:distance>
          <gpxdata:speed>0.461</gpxdata:speed>
        </extensions>
      </trkpt>
      <trkpt lat="46.8561208" lon="7.5251303">
        <ele>853.3</ele>
        <time>2026-09-15T14:27:26Z</time>
        <extensions>
          <gpxdata:distance>14228.72</gpxdata:distance>
          <gpxdata:speed>0.461</gpxdata:speed>
        </extensions>
      </trkpt>
      <trkpt lat="46.8561928" lon="7.5252353">
        <ele>856.7</ele>
        <time>2026-09-15T14:27:51Z</time>
        <extensions>
          <gpxdata:distance>14240.03</gpxdata:distance>
          <gpxdata:speed>0.461</gpxdata:speed>
        </extensions>
      </trkpt>
      <trkpt lat="46.8562468" lon="7.5253273">
        <ele>859.4</ele>
        <time>2026-09-15T14:28:11Z</time>
        <extensions>
          <gpxdata:distance>14249.24</gpxdata:distance>
          <gpxdata:speed>0.461</gpxdata:speed>
        </extensions>
      </trkpt>
      <trkpt lat="46.8562738" lon="7.5253663">
        <ele>861.5</ele>
        <time>2026-09-15T14:28:20Z</time>
        <extensions>
          <gpxdata:distance>14253.46</gpxdata:distance>
          <gpxdata:speed>0.461</gpxdata:speed>
        </extensions>
      </trkpt>
      <trkpt lat="46.8562918" lon="7.5253933">
        <ele>862.7</ele>
        <time>2026-09-15T14:28:26Z</time>
        <extensions>
          <gpxdata:distance>14256.33</gpxdata:distance>
          <gpxdata:speed>0.461</gpxdata:speed>
        </extensions>
      </trkpt>
      <trkpt lat="46.8563188" lon="7.5253933">
        <ele>862.9</ele>
        <time>2026-09-15T14:28:33Z</time>
        <extensions>
          <gpxdata:distance>14259.33</gpxdata:distance>
          <gpxdata:speed>0.461</gpxdata:speed>
        </extensions>
      </trkpt>
      <trkpt lat="46.8563818" lon="7.5253663">
        <ele>863.3</ele>
        <time>2026-09-15T14:28:48Z</time>
        <extensions>
          <gpxdata:distance>14266.63</gpxdata:distance>
          <gpxdata:speed>0.461</gpxdata:speed>
        </extensions>
      </trkpt>
      <trkpt lat="46.8563818" lon="7.5253663">
        <ele>863.3</ele>
        <time>2026-09-15T14:28:48Z</time>
        <extensions>
          <gpxdata:distance>14266.63</gpxdata:distance>
          <gpxdata:speed>0.000</gpxdata:speed>
        </extensions>
      </trkpt>
      <trkpt lat="46.8563818" lon="7.5254063">
        <ele>863.5</ele>
        <time>2026-09-15T14:28:55Z</time>
        <extensions>
          <gpxdata:distance>14269.68</gpxdata:distance>
          <gpxdata:speed>0.461</gpxdata:speed>
        </extensions>
      </trkpt>
      <trkpt lat="46.8564438" lon="7.5255893">
        <ele>865.6</ele>
        <time>2026-09-15T14:29:22Z</time>
        <extensions>
          <gpxdata:distance>14285.20</gpxdata:distance>
          <gpxdata:speed>0.582</gpxdata:speed>
        </extensions>
      </trkpt>
      <trkpt lat="46.8564888" lon="7.5257603">
        <ele>867.2</ele>
        <time>2026-09-15T14:29:43Z</time>
        <extensions>
          <gpxdata:distance>14299.14</gpxdata:distance>
          <gpxdata:speed>0.641</gpxdata:speed>
        </extensions>
      </trkpt>
      <trkpt lat="46.8565068" lon="7.5258263">
        <ele>867.4</ele>
        <time>2026-09-15T14:29:52Z</time>
        <extensions>
          <gpxdata:distance>14304.54</gpxdata:distance>
          <gpxdata:speed>0.643</gpxdata:speed>
        </extensions>
      </trkpt>
      <trkpt lat="46.8565248" lon="7.5259313">
        <ele>867.7</ele>
        <time>2026-09-15T14:30:03Z</time>
        <extensions>
          <gpxdata:distance>14312.77</gpxdata:distance>
          <gpxdata:speed>0.743</gpxdata:speed>
        </extensions>
      </trkpt>
      <trkpt lat="46.8565338" lon="7.5260223">
        <ele>868.2</ele>
        <time>2026-09-15T14:30:12Z</time>
        <extensions>
          <gpxdata:distance>14319.76</gpxdata:distance>
          <gpxdata:speed>0.789</gpxdata:speed>
        </extensions>
      </trkpt>
      <trkpt lat="46.8565518" lon="7.5260883">
        <ele>868.8</ele>
        <time>2026-09-15T14:30:19Z</time>
        <extensions>
          <gpxdata:distance>14325.17</gpxdata:distance>
          <gpxdata:speed>0.781</gpxdata:speed>
        </extensions>
      </trkpt>
      <trkpt lat="46.8565608" lon="7.5261403">
        <ele>869.2</ele>
        <time>2026-09-15T14:30:24Z</time>
        <extensions>
          <gpxdata:distance>14329.24</gpxdata:distance>
          <gpxdata:speed>0.769</gpxdata:speed>
        </extensions>
      </trkpt>
      <trkpt lat="46.8565788" lon="7.5261803">
        <ele>869.4</ele>
        <time>2026-09-15T14:30:29Z</time>
        <extensions>
          <gpxdata:distance>14332.89</gpxdata:distance>
          <gpxdata:speed>0.775</gpxdata:speed>
        </extensions>
      </trkpt>
      <trkpt lat="46.8565878" lon="7.5262063">
        <ele>869.6</ele>
        <time>2026-09-15T14:30:32Z</time>
        <extensions>
          <gpxdata:distance>14335.10</gpxdata:distance>
          <gpxdata:speed>0.772</gpxdata:speed>
        </extensions>
      </trkpt>
      <trkpt lat="46.8566058" lon="7.5262323">
        <ele>869.6</ele>
        <time>2026-09-15T14:30:35Z</time>
        <extensions>
          <gpxdata:distance>14337.91</gpxdata:distance>
          <gpxdata:speed>0.817</gpxdata:speed>
        </extensions>
      </trkpt>
      <trkpt lat="46.8566328" lon="7.5262593">
        <ele>869.6</ele>
        <time>2026-09-15T14:30:39Z</time>
        <extensions>
          <gpxdata:distance>14341.55</gpxdata:distance>
          <gpxdata:speed>0.868</gpxdata:speed>
        </extensions>
      </trkpt>
      <trkpt lat="46.8566598" lon="7.5262983">
        <ele>869.6</ele>
        <time>2026-09-15T14:30:44Z</time>
        <extensions>
          <gpxdata:distance>14345.77</gpxdata:distance>
          <gpxdata:speed>0.877</gpxdata:speed>
        </extensions>
      </trkpt>
      <trkpt lat="46.8567498" lon="7.5263773">
        <ele>869.7</ele>
        <time>2026-09-15T14:30:57Z</time>
        <extensions>
          <gpxdata:distance>14357.44</gpxdata:distance>
          <gpxdata:speed>0.899</gpxdata:speed>
        </extensions>
      </trkpt>
      <trkpt lat="46.8568128" lon="7.5264293">
        <ele>869.8</ele>
        <time>2026-09-15T14:31:06Z</time>
        <extensions>
          <gpxdata:distance>14365.49</gpxdata:distance>
          <gpxdata:speed>0.924</gpxdata:speed>
        </extensions>
      </trkpt>
      <trkpt lat="46.8570548" lon="7.5266393">
        <ele>872.9</ele>
        <time>2026-09-15T14:31:42Z</time>
        <extensions>
          <gpxdata:distance>14396.78</gpxdata:distance>
          <gpxdata:speed>0.866</gpxdata:speed>
        </extensions>
      </trkpt>
      <trkpt lat="46.8571268" lon="7.5266793">
        <ele>874.0</ele>
        <time>2026-09-15T14:31:52Z</time>
        <extensions>
          <gpxdata:distance>14405.34</gpxdata:distance>
          <gpxdata:speed>0.851</gpxdata:speed>
        </extensions>
      </trkpt>
      <trkpt lat="46.8571268" lon="7.5266793">
        <ele>874.0</ele>
        <time>2026-09-15T14:31:52Z</time>
        <extensions>
          <gpxdata:distance>14405.34</gpxdata:distance>
          <gpxdata:speed>0.000</gpxdata:speed>
        </extensions>
      </trkpt>
      <trkpt lat="46.8571178" lon="7.5267053">
        <ele>873.6</ele>
        <time>2026-09-15T14:31:54Z</time>
        <extensions>
          <gpxdata:distance>14407.56</gpxdata:distance>
          <gpxdata:speed>0.872</gpxdata:speed>
        </extensions>
      </trkpt>
      <trkpt lat="46.8570818" lon="7.5267183">
        <ele>873.1</ele>
        <time>2026-09-15T14:31:59Z</time>
        <extensions>
          <gpxdata:distance>14411.68</gpxdata:distance>
          <gpxdata:speed>0.892</gpxdata:speed>
        </extensions>
      </trkpt>
      <trkpt lat="46.8570548" lon="7.5267443">
        <ele>871.0</ele>
        <time>2026-09-15T14:32:03Z</time>
        <extensions>
          <gpxdata:distance>14415.28</gpxdata:distance>
          <gpxdata:speed>0.964</gpxdata:speed>
        </extensions>
      </trkpt>
      <trkpt lat="46.8570188" lon="7.5267713">
        <ele>869.8</ele>
        <time>2026-09-15T14:32:07Z</time>
        <extensions>
          <gpxdata:distance>14419.77</gpxdata:distance>
          <gpxdata:speed>1.006</gpxdata:speed>
        </extensions>
      </trkpt>
      <trkpt lat="46.8570008" lon="7.5268103">
        <ele>868.2</ele>
        <time>2026-09-15T14:32:11Z</time>
        <extensions>
          <gpxdata:distance>14423.35</gpxdata:distance>
          <gpxdata:speed>0.983</gpxdata:speed>
        </extensions>
      </trkpt>
      <trkpt lat="46.8569738" lon="7.5268493">
        <ele>867.3</ele>
        <time>2026-09-15T14:32:15Z</time>
        <extensions>
          <gpxdata:distance>14427.57</gpxdata:distance>
          <gpxdata:speed>0.961</gpxdata:speed>
        </extensions>
      </trkpt>
      <trkpt lat="46.8567758" lon="7.5270193">
        <ele>861.5</ele>
        <time>2026-09-15T14:32:45Z</time>
        <extensions>
          <gpxdata:distance>14453.10</gpxdata:distance>
          <gpxdata:speed>0.872</gpxdata:speed>
        </extensions>
      </trkpt>
      <trkpt lat="46.8566768" lon="7.5271113">
        <ele>859.3</ele>
        <time>2026-09-15T14:33:00Z</time>
        <extensions>
          <gpxdata:distance>14466.15</gpxdata:distance>
          <gpxdata:speed>0.872</gpxdata:speed>
        </extensions>
      </trkpt>
      <trkpt lat="46.8565868" lon="7.5271763">
        <ele>858.1</ele>
        <time>2026-09-15T14:33:12Z</time>
        <extensions>
          <gpxdata:distance>14477.31</gpxdata:distance>
          <gpxdata:speed>0.872</gpxdata:speed>
        </extensions>
      </trkpt>
      <trkpt lat="46.8564518" lon="7.5271633">
        <ele>857.2</ele>
        <time>2026-09-15T14:33:29Z</time>
        <extensions>
          <gpxdata:distance>14492.35</gpxdata:distance>
          <gpxdata:speed>0.881</gpxdata:speed>
        </extensions>
      </trkpt>
      <trkpt lat="46.8562718" lon="7.5271633">
        <ele>856.6</ele>
        <time>2026-09-15T14:33:51Z</time>
        <extensions>
          <gpxdata:distance>14512.37</gpxdata:distance>
          <gpxdata:speed>0.921</gpxdata:speed>
        </extensions>
      </trkpt>
      <trkpt lat="46.8560288" lon="7.5271623">
        <ele>856.1</ele>
        <time>2026-09-15T14:34:21Z</time>
        <extensions>
          <gpxdata:distance>14539.39</gpxdata:distance>
          <gpxdata:speed>0.913</gpxdata:speed>
        </extensions>
      </trkpt>
      <trkpt lat="46.8559038" lon="7.5271623">
        <ele>856.4</ele>
        <time>2026-09-15T14:34:36Z</time>
        <extensions>
          <gpxdata:distance>14553.29</gpxdata:distance>
          <gpxdata:speed>0.895</gpxdata:speed>
        </extensions>
      </trkpt>
      <trkpt lat="46.8558948" lon="7.5271753">
        <ele>856.4</ele>
        <time>2026-09-15T14:34:38Z</time>
        <extensions>
          <gpxdata:distance>14554.69</gpxdata:distance>
          <gpxdata:speed>0.905</gpxdata:speed>
        </extensions>
      </trkpt>
      <trkpt lat="46.8559028" lon="7.5273193">
        <ele>855.4</ele>
        <time>2026-09-15T14:34:50Z</time>
        <extensions>
          <gpxdata:distance>14565.68</gpxdata:distance>
          <gpxdata:speed>0.909</gpxdata:speed>
        </extensions>
      </trkpt>
      <trkpt lat="46.8559208" lon="7.5277523">
        <ele>845.2</ele>
        <time>2026-09-15T14:35:26Z</time>
        <extensions>
          <gpxdata:distance>14598.66</gpxdata:distance>
          <gpxdata:speed>0.905</gpxdata:speed>
        </extensions>
      </trkpt>
      <trkpt lat="46.8559388" lon="7.5278973">
        <ele>842.1</ele>
        <time>2026-09-15T14:35:39Z</time>
        <extensions>
          <gpxdata:distance>14609.87</gpxdata:distance>
          <gpxdata:speed>0.912</gpxdata:speed>
        </extensions>
      </trkpt>
      <trkpt lat="46.8559478" lon="7.5280013">
        <ele>840.7</ele>
        <time>2026-09-15T14:35:47Z</time>
        <extensions>
          <gpxdata:distance>14617.84</gpxdata:distance>
          <gpxdata:speed>0.916</gpxdata:speed>
        </extensions>
      </trkpt>
      <trkpt lat="46.8559568" lon="7.5280413">
        <ele>840.2</ele>
        <time>2026-09-15T14:35:51Z</time>
        <extensions>
          <gpxdata:distance>14621.04</gpxdata:distance>
          <gpxdata:speed>0.924</gpxdata:speed>
        </extensions>
      </trkpt>
      <trkpt lat="46.8559568" lon="7.5280413">
        <ele>840.2</ele>
        <time>2026-09-15T14:35:51Z</time>
        <extensions>
          <gpxdata:distance>14621.04</gpxdata:distance>
          <gpxdata:speed>0.000</gpxdata:speed>
        </extensions>
      </trkpt>
      <trkpt lat="46.8559928" lon="7.5282113">
        <ele>839.0</ele>
        <time>2026-09-15T14:36:06Z</time>
        <extensions>
          <gpxdata:distance>14634.58</gpxdata:distance>
          <gpxdata:speed>0.900</gpxdata:speed>
        </extensions>
      </trkpt>
      <trkpt lat="46.8560198" lon="7.5283953">
        <ele>837.9</ele>
        <time>2026-09-15T14:36:22Z</time>
        <extensions>
          <gpxdata:distance>14648.88</gpxdata:distance>
          <gpxdata:speed>0.881</gpxdata:speed>
        </extensions>
      </trkpt>
      <trkpt lat="46.8560278" lon="7.5284743">
        <ele>837.3</ele>
        <time>2026-09-15T14:36:29Z</time>
        <extensions>
          <gpxdata:distance>14654.96</gpxdata:distance>
          <gpxdata:speed>0.885</gpxdata:speed>
        </extensions>
      </trkpt>
      <trkpt lat="46.8560368" lon="7.5285923">
        <ele>836.4</ele>
        <time>2026-09-15T14:36:39Z</time>
        <extensions>
          <gpxdata:distance>14663.99</gpxdata:distance>
          <gpxdata:speed>0.881</gpxdata:speed>
        </extensions>
      </trkpt>
      <trkpt lat="46.8560458" lon="7.5287493">
        <ele>835.3</ele>
        <time>2026-09-15T14:36:52Z</time>
        <extensions>
          <gpxdata:distance>14675.97</gpxdata:distance>
          <gpxdata:speed>0.920</gpxdata:speed>
        </extensions>
      </trkpt>
      <trkpt lat="46.8560548" lon="7.5290513">
        <ele>833.2</ele>
        <time>2026-09-15T14:37:18Z</time>
        <extensions>
          <gpxdata:distance>14698.95</gpxdata:distance>
          <gpxdata:speed>0.894</gpxdata:speed>
        </extensions>
      </trkpt>
      <trkpt lat="46.8560638" lon="7.5294573">
        <ele>829.7</ele>
        <time>2026-09-15T14:37:52Z</time>
        <extensions>
          <gpxdata:distance>14729.84</gpxdata:distance>
          <gpxdata:speed>0.896</gpxdata:speed>
        </extensions>
      </trkpt>
      <trkpt lat="46.8560638" lon="7.5295363">
        <ele>828.9</ele>
        <time>2026-09-15T14:37:59Z</time>
        <extensions>
          <gpxdata:distance>14735.85</gpxdata:distance>
          <gpxdata:speed>0.896</gpxdata:speed>
        </extensions>
      </trkpt>
      <trkpt lat="46.8560638" lon="7.5296013">
        <ele>828.4</ele>
        <time>2026-09-15T14:38:05Z</time>
        <extensions>
          <gpxdata:distance>14740.79</gpxdata:distance>
          <gpxdata:speed>0.896</gpxdata:speed>
        </extensions>
      </trkpt>
      <trkpt lat="46.8560548" lon="7.5296673">
        <ele>827.8</ele>
        <time>2026-09-15T14:38:10Z</time>
        <extensions>
          <gpxdata:distance>14745.91</gpxdata:distance>
          <gpxdata:speed>0.895</gpxdata:speed>
        </extensions>
      </trkpt>
      <trkpt lat="46.8560358" lon="7.5297463">
        <ele>827.0</ele>
        <time>2026-09-15T14:38:17Z</time>
        <extensions>
          <gpxdata:distance>14752.27</gpxdata:distance>
          <gpxdata:speed>0.899</gpxdata:speed>
        </extensions>
      </trkpt>
      <trkpt lat="46.8560178" lon="7.5298113">
        <ele>826.1</ele>
        <time>2026-09-15T14:38:23Z</time>
        <extensions>
          <gpxdata:distance>14757.61</gpxdata:distance>
          <gpxdata:speed>0.903</gpxdata:speed>
        </extensions>
      </trkpt>
      <trkpt lat="46.8559908" lon="7.5298903">
        <ele>825.1</ele>
        <time>2026-09-15T14:38:31Z</time>
        <extensions>
          <gpxdata:distance>14764.32</gpxdata:distance>
          <gpxdata:speed>0.906</gpxdata:speed>
        </extensions>
      </trkpt>
      <trkpt lat="46.8559278" lon="7.5300343">
        <ele>823.3</ele>
        <time>2026-09-15T14:38:45Z</time>
        <extensions>
          <gpxdata:distance>14777.32</gpxdata:distance>
          <gpxdata:speed>0.911</gpxdata:speed>
        </extensions>
      </trkpt>
      <trkpt lat="46.8558107" lon="7.5303093">
        <ele>820.2</ele>
        <time>2026-09-15T14:39:12Z</time>
        <extensions>
          <gpxdata:distance>14801.95</gpxdata:distance>
          <gpxdata:speed>0.918</gpxdata:speed>
        </extensions>
      </trkpt>
      <trkpt lat="46.8556667" lon="7.5306243">
        <ele>816.8</ele>
        <time>2026-09-15T14:39:43Z</time>
        <extensions>
          <gpxdata:distance>14830.77</gpxdata:distance>
          <gpxdata:speed>0.920</gpxdata:speed>
        </extensions>
      </trkpt>
      <trkpt lat="46.8556667" lon="7.5306243">
        <ele>816.8</ele>
        <time>2026-09-15T14:39:43Z</time>
        <extensions>
          <gpxdata:distance>14830.77</gpxdata:distance>
          <gpxdata:speed>0.000</gpxdata:speed>
        </extensions>
      </trkpt>
      <trkpt lat="46.8556217" lon="7.5307153">
        <ele>816.1</ele>
        <time>2026-09-15T14:39:52Z</time>
        <extensions>
          <gpxdata:distance>14839.30</gpxdata:distance>
          <gpxdata:speed>0.917</gpxdata:speed>
        </extensions>
      </trkpt>
      <trkpt lat="46.8555857" lon="7.5308073">
        <ele>815.6</ele>
        <time>2026-09-15T14:40:01Z</time>
        <extensions>
          <gpxdata:distance>14847.36</gpxdata:distance>
          <gpxdata:speed>0.913</gpxdata:speed>
        </extensions>
      </trkpt>
      <trkpt lat="46.8555767" lon="7.5308593">
        <ele>815.2</ele>
        <time>2026-09-15T14:40:06Z</time>
        <extensions>
          <gpxdata:distance>14851.44</gpxdata:distance>
          <gpxdata:speed>0.912</gpxdata:speed>
        </extensions>
      </trkpt>
      <trkpt lat="46.8555677" lon="7.5308993">
        <ele>815.0</ele>
        <time>2026-09-15T14:40:09Z</time>
        <extensions>
          <gpxdata:distance>14854.65</gpxdata:distance>
          <gpxdata:speed>0.908</gpxdata:speed>
        </extensions>
      </trkpt>
      <trkpt lat="46.8555677" lon="7.5309513">
        <ele>814.6</ele>
        <time>2026-09-15T14:40:14Z</time>
        <extensions>
          <gpxdata:distance>14858.60</gpxdata:distance>
          <gpxdata:speed>0.905</gpxdata:speed>
        </extensions>
      </trkpt>
      <trkpt lat="46.8555767" lon="7.5310303">
        <ele>813.6</ele>
        <time>2026-09-15T14:40:20Z</time>
        <extensions>
          <gpxdata:distance>14864.69</gpxdata:distance>
          <gpxdata:speed>0.904</gpxdata:speed>
        </extensions>
      </trkpt>
      <trkpt lat="46.8556127" lon="7.5311483">
        <ele>812.0</ele>
        <time>2026-09-15T14:40:31Z</time>
        <extensions>
          <gpxdata:distance>14874.51</gpxdata:distance>
          <gpxdata:speed>0.906</gpxdata:speed>
        </extensions>
      </trkpt>
      <trkpt lat="46.8556477" lon="7.5312533">
        <ele>810.6</ele>
        <time>2026-09-15T14:40:41Z</time>
        <extensions>
          <gpxdata:distance>14883.40</gpxdata:distance>
          <gpxdata:speed>0.911</gpxdata:speed>
        </extensions>
      </trkpt>
      <trkpt lat="46.8556927" lon="7.5313843">
        <ele>809.1</ele>
        <time>2026-09-15T14:40:53Z</time>
        <extensions>
          <gpxdata:distance>14894.54</gpxdata:distance>
          <gpxdata:speed>0.913</gpxdata:speed>
        </extensions>
      </trkpt>
      <trkpt lat="46.8557287" lon="7.5314763">
        <ele>808.0</ele>
        <time>2026-09-15T14:41:02Z</time>
        <extensions>
          <gpxdata:distance>14902.60</gpxdata:distance>
          <gpxdata:speed>0.920</gpxdata:speed>
        </extensions>
      </trkpt>
      <trkpt lat="46.8557557" lon="7.5315023">
        <ele>807.3</ele>
        <time>2026-09-15T14:41:06Z</time>
        <extensions>
          <gpxdata:distance>14906.20</gpxdata:distance>
          <gpxdata:speed>0.932</gpxdata:speed>
        </extensions>
      </trkpt>
      <trkpt lat="46.8558097" lon="7.5315153">
        <ele>806.5</ele>
        <time>2026-09-15T14:41:12Z</time>
        <extensions>
          <gpxdata:distance>14912.28</gpxdata:distance>
          <gpxdata:speed>0.934</gpxdata:speed>
        </extensions>
      </trkpt>
      <trkpt lat="46.8558097" lon="7.5315153">
        <ele>806.5</ele>
        <time>2026-09-15T14:41:12Z</time>
        <extensions>
          <gpxdata:distance>14912.28</gpxdata:distance>
          <gpxdata:speed>0.000</gpxdata:speed>
        </extensions>
      </trkpt>
      <trkpt lat="46.8557917" lon="7.5315423">
        <ele>806.6</ele>
        <time>2026-09-15T14:41:15Z</time>
        <extensions>
          <gpxdata:distance>14915.15</gpxdata:distance>
          <gpxdata:speed>0.932</gpxdata:speed>
        </extensions>
      </trkpt>
      <trkpt lat="46.8557467" lon="7.5315813">
        <ele>807.0</ele>
        <time>2026-09-15T14:41:22Z</time>
        <extensions>
          <gpxdata:distance>14920.97</gpxdata:distance>
          <gpxdata:speed>0.910</gpxdata:speed>
        </extensions>
      </trkpt>
      <trkpt lat="46.8556927" lon="7.5316203">
        <ele>807.4</ele>
        <time>2026-09-15T14:41:29Z</time>
        <extensions>
          <gpxdata:distance>14927.66</gpxdata:distance>
          <gpxdata:speed>0.909</gpxdata:speed>
        </extensions>
      </trkpt>
      <trkpt lat="46.8556297" lon="7.5316463">
        <ele>807.9</ele>
        <time>2026-09-15T14:41:37Z</time>
        <extensions>
          <gpxdata:distance>14934.94</gpxdata:distance>
          <gpxdata:speed>0.946</gpxdata:speed>
        </extensions>
      </trkpt>
      <trkpt lat="46.8555577" lon="7.5316853">
        <ele>808.5</ele>
        <time>2026-09-15T14:41:45Z</time>
        <extensions>
          <gpxdata:distance>14943.48</gpxdata:distance>
          <gpxdata:speed>0.997</gpxdata:speed>
        </extensions>
      </trkpt>
      <trkpt lat="46.8554767" lon="7.5317123">
        <ele>809.0</ele>
        <time>2026-09-15T14:41:55Z</time>
        <extensions>
          <gpxdata:distance>14952.72</gpxdata:distance>
          <gpxdata:speed>0.962</gpxdata:speed>
        </extensions>
      </trkpt>
      <trkpt lat="46.8553777" lon="7.5317383">
        <ele>809.8</ele>
        <time>2026-09-15T14:42:07Z</time>
        <extensions>
          <gpxdata:distance>14963.90</gpxdata:distance>
          <gpxdata:speed>0.902</gpxdata:speed>
        </extensions>
      </trkpt>
      <trkpt lat="46.8552967" lon="7.5317513">
        <ele>810.6</ele>
        <time>2026-09-15T14:42:18Z</time>
        <extensions>
          <gpxdata:distance>14972.96</gpxdata:distance>
          <gpxdata:speed>0.839</gpxdata:speed>
        </extensions>
      </trkpt>
      <trkpt lat="46.8552517" lon="7.5317643">
        <ele>811.0</ele>
        <time>2026-09-15T14:42:24Z</time>
        <extensions>
          <gpxdata:distance>14978.06</gpxdata:distance>
          <gpxdata:speed>0.837</gpxdata:speed>
        </extensions>
      </trkpt>
      <trkpt lat="46.8550627" lon="7.5318293">
        <ele>811.8</ele>
        <time>2026-09-15T14:42:50Z</time>
        <extensions>
          <gpxdata:distance>14999.65</gpxdata:distance>
          <gpxdata:speed>0.855</gpxdata:speed>
        </extensions>
      </trkpt>
      <trkpt lat="46.8550177" lon="7.5318293">
        <ele>811.7</ele>
        <time>2026-09-15T14:42:55Z</time>
        <extensions>
          <gpxdata:distance>15004.66</gpxdata:distance>
          <gpxdata:speed>0.869</gpxdata:speed>
        </extensions>
      </trkpt>
      <trkpt lat="46.8550177" lon="7.5318293">
        <ele>811.7</ele>
        <time>2026-09-15T14:42:55Z</time>
        <extensions>
          <gpxdata:distance>15004.66</gpxdata:distance>
          <gpxdata:speed>0.000</gpxdata:speed>
        </extensions>
      </trkpt>
      <trkpt lat="46.8549907" lon="7.5318293">
        <ele>811.6</ele>
        <time>2026-09-15T14:42:59Z</time>
        <extensions>
          <gpxdata:distance>15007.66</gpxdata:distance>
          <gpxdata:speed>0.883</gpxdata:speed>
        </extensions>
      </trkpt>
      <trkpt lat="46.8549817" lon="7.5318293">
        <ele>811.6</ele>
        <time>2026-09-15T14:43:00Z</time>
        <extensions>
          <gpxdata:distance>15008.66</gpxdata:distance>
          <gpxdata:speed>0.892</gpxdata:speed>
        </extensions>
      </trkpt>
      <trkpt lat="46.8549817" lon="7.5318293">
        <ele>811.6</ele>
        <time>2026-09-15T14:43:00Z</time>
        <extensions>
          <gpxdata:distance>15008.66</gpxdata:distance>
          <gpxdata:speed>0.000</gpxdata:speed>
        </extensions>
      </trkpt>
      <trkpt lat="46.8549727" lon="7.5318553">
        <ele>811.5</ele>
        <time>2026-09-15T14:43:02Z</time>
        <extensions>
          <gpxdata:distance>15010.88</gpxdata:distance>
          <gpxdata:speed>0.921</gpxdata:speed>
        </extensions>
      </trkpt>
      <trkpt lat="46.8549547" lon="7.5318813">
        <ele>811.2</ele>
        <time>2026-09-15T14:43:05Z</time>
        <extensions>
          <gpxdata:distance>15013.69</gpxdata:distance>
          <gpxdata:speed>0.975</gpxdata:speed>
        </extensions>
      </trkpt>
      <trkpt lat="46.8549367" lon="7.5319073">
        <ele>810.9</ele>
        <time>2026-09-15T14:43:08Z</time>
        <extensions>
          <gpxdata:distance>15016.50</gpxdata:distance>
          <gpxdata:speed>1.009</gpxdata:speed>
        </extensions>
      </trkpt>
      <trkpt lat="46.8549097" lon="7.5319203">
        <ele>810.4</ele>
        <time>2026-09-15T14:43:11Z</time>
        <extensions>
          <gpxdata:distance>15019.66</gpxdata:distance>
          <gpxdata:speed>0.927</gpxdata:speed>
        </extensions>
      </trkpt>
      <trkpt lat="46.8547657" lon="7.5319463">
        <ele>808.9</ele>
        <time>2026-09-15T14:43:29Z</time>
        <extensions>
          <gpxdata:distance>15035.80</gpxdata:distance>
          <gpxdata:speed>0.905</gpxdata:speed>
        </extensions>
      </trkpt>
      <trkpt lat="46.8546847" lon="7.5319723">
        <ele>808.3</ele>
        <time>2026-09-15T14:43:39Z</time>
        <extensions>
          <gpxdata:distance>15045.02</gpxdata:distance>
          <gpxdata:speed>0.911</gpxdata:speed>
        </extensions>
      </trkpt>
      <trkpt lat="46.8546577" lon="7.5319863">
        <ele>808.0</ele>
        <time>2026-09-15T14:43:43Z</time>
        <extensions>
          <gpxdata:distance>15048.20</gpxdata:distance>
          <gpxdata:speed>0.906</gpxdata:speed>
        </extensions>
      </trkpt>
      <trkpt lat="46.8546217" lon="7.5320123">
        <ele>807.6</ele>
        <time>2026-09-15T14:43:48Z</time>
        <extensions>
          <gpxdata:distance>15052.67</gpxdata:distance>
          <gpxdata:speed>0.904</gpxdata:speed>
        </extensions>
      </trkpt>
      <trkpt lat="46.8546037" lon="7.5320253">
        <ele>807.3</ele>
        <time>2026-09-15T14:43:50Z</time>
        <extensions>
          <gpxdata:distance>15054.90</gpxdata:distance>
          <gpxdata:speed>0.902</gpxdata:speed>
        </extensions>
      </trkpt>
      <trkpt lat="46.8545767" lon="7.5320383">
        <ele>807.0</ele>
        <time>2026-09-15T14:43:54Z</time>
        <extensions>
          <gpxdata:distance>15058.06</gpxdata:distance>
          <gpxdata:speed>0.899</gpxdata:speed>
        </extensions>
      </trkpt>
      <trkpt lat="46.8545497" lon="7.5320773">
        <ele>806.7</ele>
        <time>2026-09-15T14:43:58Z</time>
        <extensions>
          <gpxdata:distance>15062.28</gpxdata:distance>
          <gpxdata:speed>0.902</gpxdata:speed>
        </extensions>
      </trkpt>
      <trkpt lat="46.8545227" lon="7.5321303">
        <ele>806.2</ele>
        <time>2026-09-15T14:44:04Z</time>
        <extensions>
          <gpxdata:distance>15067.31</gpxdata:distance>
          <gpxdata:speed>0.902</gpxdata:speed>
        </extensions>
      </trkpt>
      <trkpt lat="46.8545047" lon="7.5321693">
        <ele>805.8</ele>
        <time>2026-09-15T14:44:08Z</time>
        <extensions>
          <gpxdata:distance>15070.89</gpxdata:distance>
          <gpxdata:speed>0.905</gpxdata:speed>
        </extensions>
      </trkpt>
      <trkpt lat="46.8544687" lon="7.5322473">
        <ele>805.0</ele>
        <time>2026-09-15T14:44:16Z</time>
        <extensions>
          <gpxdata:distance>15078.04</gpxdata:distance>
          <gpxdata:speed>0.903</gpxdata:speed>
        </extensions>
      </trkpt>
      <trkpt lat="46.8544597" lon="7.5323263">
        <ele>804.1</ele>
        <time>2026-09-15T14:44:23Z</time>
        <extensions>
          <gpxdata:distance>15084.13</gpxdata:distance>
          <gpxdata:speed>0.901</gpxdata:speed>
        </extensions>
      </trkpt>
      <trkpt lat="46.8544417" lon="7.5324183">
        <ele>803.2</ele>
        <time>2026-09-15T14:44:31Z</time>
        <extensions>
          <gpxdata:distance>15091.41</gpxdata:distance>
          <gpxdata:speed>0.905</gpxdata:speed>
        </extensions>
      </trkpt>
      <trkpt lat="46.8544327" lon="7.5325103">
        <ele>802.4</ele>
        <time>2026-09-15T14:44:38Z</time>
        <extensions>
          <gpxdata:distance>15098.47</gpxdata:distance>
          <gpxdata:speed>0.907</gpxdata:speed>
        </extensions>
      </trkpt>
      <trkpt lat="46.8544327" lon="7.5326283">
        <ele>801.2</ele>
        <time>2026-09-15T14:44:48Z</time>
        <extensions>
          <gpxdata:distance>15107.45</gpxdata:distance>
          <gpxdata:speed>0.909</gpxdata:speed>
        </extensions>
      </trkpt>
      <trkpt lat="46.8544327" lon="7.5327333">
        <ele>800.2</ele>
        <time>2026-09-15T14:44:57Z</time>
        <extensions>
          <gpxdata:distance>15115.43</gpxdata:distance>
          <gpxdata:speed>0.911</gpxdata:speed>
        </extensions>
      </trkpt>
      <trkpt lat="46.8544417" lon="7.5328643">
        <ele>799.1</ele>
        <time>2026-09-15T14:45:08Z</time>
        <extensions>
          <gpxdata:distance>15125.44</gpxdata:distance>
          <gpxdata:speed>0.913</gpxdata:speed>
        </extensions>
      </trkpt>
      <trkpt lat="46.8544597" lon="7.5329953">
        <ele>798.2</ele>
        <time>2026-09-15T14:45:19Z</time>
        <extensions>
          <gpxdata:distance>15135.60</gpxdata:distance>
          <gpxdata:speed>0.910</gpxdata:speed>
        </extensions>
      </trkpt>
      <trkpt lat="46.8544777" lon="7.5330743">
        <ele>797.6</ele>
        <time>2026-09-15T14:45:26Z</time>
        <extensions>
          <gpxdata:distance>15141.94</gpxdata:distance>
          <gpxdata:speed>0.908</gpxdata:speed>
        </extensions>
      </trkpt>
      <trkpt lat="46.8544957" lon="7.5331523">
        <ele>797.1</ele>
        <time>2026-09-15T14:45:33Z</time>
        <extensions>
          <gpxdata:distance>15148.20</gpxdata:distance>
          <gpxdata:speed>0.906</gpxdata:speed>
        </extensions>
      </trkpt>
      <trkpt lat="46.8545217" lon="7.5332313">
        <ele>796.6</ele>
        <time>2026-09-15T14:45:41Z</time>
        <extensions>
          <gpxdata:distance>15154.86</gpxdata:distance>
          <gpxdata:speed>0.900</gpxdata:speed>
        </extensions>
      </trkpt>
      <trkpt lat="46.8545667" lon="7.5333363">
        <ele>796.1</ele>
        <time>2026-09-15T14:45:51Z</time>
        <extensions>
          <gpxdata:distance>15164.29</gpxdata:distance>
          <gpxdata:speed>0.897</gpxdata:speed>
        </extensions>
      </trkpt>
      <trkpt lat="46.8546297" lon="7.5334413">
        <ele>795.7</ele>
        <time>2026-09-15T14:46:03Z</time>
        <extensions>
          <gpxdata:distance>15174.91</gpxdata:distance>
          <gpxdata:speed>0.908</gpxdata:speed>
        </extensions>
      </trkpt>
      <trkpt lat="46.8547017" lon="7.5335593">
        <ele>795.1</ele>
        <time>2026-09-15T14:46:16Z</time>
        <extensions>
          <gpxdata:distance>15186.93</gpxdata:distance>
          <gpxdata:speed>0.919</gpxdata:speed>
        </extensions>
      </trkpt>
      <trkpt lat="46.8547917" lon="7.5336643">
        <ele>794.5</ele>
        <time>2026-09-15T14:46:30Z</time>
        <extensions>
          <gpxdata:distance>15199.73</gpxdata:distance>
          <gpxdata:speed>0.929</gpxdata:speed>
        </extensions>
      </trkpt>
      <trkpt lat="46.8548637" lon="7.5337693">
        <ele>794.1</ele>
        <time>2026-09-15T14:46:42Z</time>
        <extensions>
          <gpxdata:distance>15211.04</gpxdata:distance>
          <gpxdata:speed>0.939</gpxdata:speed>
        </extensions>
      </trkpt>
      <trkpt lat="46.8549537" lon="7.5338613">
        <ele>794.0</ele>
        <time>2026-09-15T14:46:54Z</time>
        <extensions>
          <gpxdata:distance>15223.25</gpxdata:distance>
          <gpxdata:speed>0.951</gpxdata:speed>
        </extensions>
      </trkpt>
      <trkpt lat="46.8550437" lon="7.5339273">
        <ele>793.9</ele>
        <time>2026-09-15T14:47:06Z</time>
        <extensions>
          <gpxdata:distance>15234.45</gpxdata:distance>
          <gpxdata:speed>0.961</gpxdata:speed>
        </extensions>
      </trkpt>
      <trkpt lat="46.8551427" lon="7.5339933">
        <ele>793.7</ele>
        <time>2026-09-15T14:47:19Z</time>
        <extensions>
          <gpxdata:distance>15246.55</gpxdata:distance>
          <gpxdata:speed>0.968</gpxdata:speed>
        </extensions>
      </trkpt>
      <trkpt lat="46.8552677" lon="7.5340723">
        <ele>793.6</ele>
        <time>2026-09-15T14:47:34Z</time>
        <extensions>
          <gpxdata:distance>15261.69</gpxdata:distance>
          <gpxdata:speed>0.976</gpxdata:speed>
        </extensions>
      </trkpt>
      <trkpt lat="46.8556997" lon="7.5343083">
        <ele>792.0</ele>
        <time>2026-09-15T14:48:27Z</time>
        <extensions>
          <gpxdata:distance>15312.97</gpxdata:distance>
          <gpxdata:speed>0.977</gpxdata:speed>
        </extensions>
      </trkpt>
      <trkpt lat="46.8558347" lon="7.5344003">
        <ele>791.1</ele>
        <time>2026-09-15T14:48:44Z</time>
        <extensions>
          <gpxdata:distance>15329.53</gpxdata:distance>
          <gpxdata:speed>0.974</gpxdata:speed>
        </extensions>
      </trkpt>
      <trkpt lat="46.8559337" lon="7.5344793">
        <ele>790.0</ele>
        <time>2026-09-15T14:48:57Z</time>
        <extensions>
          <gpxdata:distance>15342.07</gpxdata:distance>
          <gpxdata:speed>0.970</gpxdata:speed>
        </extensions>
      </trkpt>
      <trkpt lat="46.8560147" lon="7.5345583">
        <ele>789.4</ele>
        <time>2026-09-15T14:49:08Z</time>
        <extensions>
          <gpxdata:distance>15352.89</gpxdata:distance>
          <gpxdata:speed>0.970</gpxdata:speed>
        </extensions>
      </trkpt>
      <trkpt lat="46.8560947" lon="7.5346374">
        <ele>788.7</ele>
        <time>2026-09-15T14:49:19Z</time>
        <extensions>
          <gpxdata:distance>15363.63</gpxdata:distance>
          <gpxdata:speed>0.967</gpxdata:speed>
        </extensions>
      </trkpt>
      <trkpt lat="46.8561757" lon="7.5347294">
        <ele>787.8</ele>
        <time>2026-09-15T14:49:31Z</time>
        <extensions>
          <gpxdata:distance>15375.04</gpxdata:distance>
          <gpxdata:speed>0.960</gpxdata:speed>
        </extensions>
      </trkpt>
      <trkpt lat="46.8562387" lon="7.5348344">
        <ele>787.2</ele>
        <time>2026-09-15T14:49:42Z</time>
        <extensions>
          <gpxdata:distance>15385.66</gpxdata:distance>
          <gpxdata:speed>0.955</gpxdata:speed>
        </extensions>
      </trkpt>
      <trkpt lat="46.8562927" lon="7.5349524">
        <ele>786.5</ele>
        <time>2026-09-15T14:49:53Z</time>
        <extensions>
          <gpxdata:distance>15396.45</gpxdata:distance>
          <gpxdata:speed>0.951</gpxdata:speed>
        </extensions>
      </trkpt>
      <trkpt lat="46.8563377" lon="7.5350704">
        <ele>785.9</ele>
        <time>2026-09-15T14:50:04Z</time>
        <extensions>
          <gpxdata:distance>15406.73</gpxdata:distance>
          <gpxdata:speed>0.945</gpxdata:speed>
        </extensions>
      </trkpt>
      <trkpt lat="46.8563737" lon="7.5352144">
        <ele>785.4</ele>
        <time>2026-09-15T14:50:17Z</time>
        <extensions>
          <gpxdata:distance>15418.39</gpxdata:distance>
          <gpxdata:speed>0.935</gpxdata:speed>
        </extensions>
      </trkpt>
      <trkpt lat="46.8564007" lon="7.5353854">
        <ele>784.9</ele>
        <time>2026-09-15T14:50:31Z</time>
        <extensions>
          <gpxdata:distance>15431.73</gpxdata:distance>
          <gpxdata:speed>0.937</gpxdata:speed>
        </extensions>
      </trkpt>
      <trkpt lat="46.8564187" lon="7.5355824">
        <ele>784.2</ele>
        <time>2026-09-15T14:50:47Z</time>
        <extensions>
          <gpxdata:distance>15446.84</gpxdata:distance>
          <gpxdata:speed>0.942</gpxdata:speed>
        </extensions>
      </trkpt>
      <trkpt lat="46.8564267" lon="7.5357524">
        <ele>783.4</ele>
        <time>2026-09-15T14:51:01Z</time>
        <extensions>
          <gpxdata:distance>15459.80</gpxdata:distance>
          <gpxdata:speed>0.942</gpxdata:speed>
        </extensions>
      </trkpt>
      <trkpt lat="46.8564357" lon="7.5358834">
        <ele>782.8</ele>
        <time>2026-09-15T14:51:11Z</time>
        <extensions>
          <gpxdata:distance>15469.81</gpxdata:distance>
          <gpxdata:speed>0.942</gpxdata:speed>
        </extensions>
      </trkpt>
      <trkpt lat="46.8564447" lon="7.5359234">
        <ele>782.8</ele>
        <time>2026-09-15T14:51:15Z</time>
        <extensions>
          <gpxdata:distance>15473.01</gpxdata:distance>
          <gpxdata:speed>0.947</gpxdata:speed>
        </extensions>
      </trkpt>
      <trkpt lat="46.8564627" lon="7.5359754">
        <ele>782.8</ele>
        <time>2026-09-15T14:51:19Z</time>
        <extensions>
          <gpxdata:distance>15477.45</gpxdata:distance>
          <gpxdata:speed>0.951</gpxdata:speed>
        </extensions>
      </trkpt>
      <trkpt lat="46.8564807" lon="7.5360144">
        <ele>782.6</ele>
        <time>2026-09-15T14:51:23Z</time>
        <extensions>
          <gpxdata:distance>15481.02</gpxdata:distance>
          <gpxdata:speed>0.953</gpxdata:speed>
        </extensions>
      </trkpt>
      <trkpt lat="46.8564807" lon="7.5360144">
        <ele>782.6</ele>
        <time>2026-09-15T14:51:23Z</time>
        <extensions>
          <gpxdata:distance>15481.02</gpxdata:distance>
          <gpxdata:speed>0.000</gpxdata:speed>
        </extensions>
      </trkpt>
      <trkpt lat="46.8564987" lon="7.5360414">
        <ele>782.6</ele>
        <time>2026-09-15T14:51:26Z</time>
        <extensions>
          <gpxdata:distance>15483.89</gpxdata:distance>
          <gpxdata:speed>0.957</gpxdata:speed>
        </extensions>
      </trkpt>
      <trkpt lat="46.8565347" lon="7.5360544">
        <ele>782.4</ele>
        <time>2026-09-15T14:51:30Z</time>
        <extensions>
          <gpxdata:distance>15488.01</gpxdata:distance>
          <gpxdata:speed>0.955</gpxdata:speed>
        </extensions>
      </trkpt>
      <trkpt lat="46.8565797" lon="7.5360674">
        <ele>782.2</ele>
        <time>2026-09-15T14:51:36Z</time>
        <extensions>
          <gpxdata:distance>15493.11</gpxdata:distance>
          <gpxdata:speed>0.957</gpxdata:speed>
        </extensions>
      </trkpt>
      <trkpt lat="46.8566337" lon="7.5360674">
        <ele>781.9</ele>
        <time>2026-09-15T14:51:42Z</time>
        <extensions>
          <gpxdata:distance>15499.12</gpxdata:distance>
          <gpxdata:speed>0.963</gpxdata:speed>
        </extensions>
      </trkpt>
      <trkpt lat="46.8566697" lon="7.5360674">
        <ele>781.7</ele>
        <time>2026-09-15T14:51:46Z</time>
        <extensions>
          <gpxdata:distance>15503.12</gpxdata:distance>
          <gpxdata:speed>0.970</gpxdata:speed>
        </extensions>
      </trkpt>
      <trkpt lat="46.8566697" lon="7.5360674">
        <ele>781.7</ele>
        <time>2026-09-15T14:51:46Z</time>
        <extensions>
          <gpxdata:distance>15503.12</gpxdata:distance>
          <gpxdata:speed>0.000</gpxdata:speed>
        </extensions>
      </trkpt>
      <trkpt lat="46.8566877" lon="7.5360934">
        <ele>781.8</ele>
        <time>2026-09-15T14:51:49Z</time>
        <extensions>
          <gpxdata:distance>15505.94</gpxdata:distance>
          <gpxdata:speed>0.967</gpxdata:speed>
        </extensions>
      </trkpt>
      <trkpt lat="46.8567057" lon="7.5361204">
        <ele>782.1</ele>
        <time>2026-09-15T14:51:52Z</time>
        <extensions>
          <gpxdata:distance>15508.80</gpxdata:distance>
          <gpxdata:speed>0.989</gpxdata:speed>
        </extensions>
      </trkpt>
      <trkpt lat="46.8568137" lon="7.5361994">
        <ele>782.5</ele>
        <time>2026-09-15T14:52:05Z</time>
        <extensions>
          <gpxdata:distance>15522.23</gpxdata:distance>
          <gpxdata:speed>1.009</gpxdata:speed>
        </extensions>
      </trkpt>
      <trkpt lat="46.8569037" lon="7.5362514">
        <ele>782.7</ele>
        <time>2026-09-15T14:52:16Z</time>
        <extensions>
          <gpxdata:distance>15532.99</gpxdata:distance>
          <gpxdata:speed>1.007</gpxdata:speed>
        </extensions>
      </trkpt>
      <trkpt lat="46.8569667" lon="7.5362914">
        <ele>782.8</ele>
        <time>2026-09-15T14:52:23Z</time>
        <extensions>
          <gpxdata:distance>15540.63</gpxdata:distance>
          <gpxdata:speed>0.993</gpxdata:speed>
        </extensions>
      </trkpt>
      <trkpt lat="46.8571097" lon="7.5363564">
        <ele>783.0</ele>
        <time>2026-09-15T14:52:40Z</time>
        <extensions>
          <gpxdata:distance>15557.28</gpxdata:distance>
          <gpxdata:speed>0.981</gpxdata:speed>
        </extensions>
      </trkpt>
      <trkpt lat="46.8571817" lon="7.5363964">
        <ele>783.3</ele>
        <time>2026-09-15T14:52:49Z</time>
        <extensions>
          <gpxdata:distance>15565.84</gpxdata:distance>
          <gpxdata:speed>0.959</gpxdata:speed>
        </extensions>
      </trkpt>
      <trkpt lat="46.8572987" lon="7.5364754">
        <ele>784.4</ele>
        <time>2026-09-15T14:53:05Z</time>
        <extensions>
          <gpxdata:distance>15580.17</gpxdata:distance>
          <gpxdata:speed>0.923</gpxdata:speed>
        </extensions>
      </trkpt>
      <trkpt lat="46.8574157" lon="7.5365414">
        <ele>785.6</ele>
        <time>2026-09-15T14:53:20Z</time>
        <extensions>
          <gpxdata:distance>15594.12</gpxdata:distance>
          <gpxdata:speed>0.904</gpxdata:speed>
        </extensions>
      </trkpt>
      <trkpt lat="46.8576317" lon="7.5366074">
        <ele>787.7</ele>
        <time>2026-09-15T14:53:48Z</time>
        <extensions>
          <gpxdata:distance>15618.65</gpxdata:distance>
          <gpxdata:speed>0.879</gpxdata:speed>
        </extensions>
      </trkpt>
      <trkpt lat="46.8576677" lon="7.5366334">
        <ele>788.6</ele>
        <time>2026-09-15T14:53:53Z</time>
        <extensions>
          <gpxdata:distance>15623.12</gpxdata:distance>
          <gpxdata:speed>0.867</gpxdata:speed>
        </extensions>
      </trkpt>
      <trkpt lat="46.8577127" lon="7.5366594">
        <ele>788.0</ele>
        <time>2026-09-15T14:53:59Z</time>
        <extensions>
          <gpxdata:distance>15628.50</gpxdata:distance>
          <gpxdata:speed>0.881</gpxdata:speed>
        </extensions>
      </trkpt>
      <trkpt lat="46.8577577" lon="7.5367124">
        <ele>788.7</ele>
        <time>2026-09-15T14:54:07Z</time>
        <extensions>
          <gpxdata:distance>15634.92</gpxdata:distance>
          <gpxdata:speed>0.862</gpxdata:speed>
        </extensions>
      </trkpt>
      <trkpt lat="46.8577847" lon="7.5367514">
        <ele>788.5</ele>
        <time>2026-09-15T14:54:12Z</time>
        <extensions>
          <gpxdata:distance>15639.14</gpxdata:distance>
          <gpxdata:speed>0.865</gpxdata:speed>
        </extensions>
      </trkpt>
      <trkpt lat="46.8578027" lon="7.5368174">
        <ele>788.2</ele>
        <time>2026-09-15T14:54:18Z</time>
        <extensions>
          <gpxdata:distance>15644.55</gpxdata:distance>
          <gpxdata:speed>0.860</gpxdata:speed>
        </extensions>
      </trkpt>
      <trkpt lat="46.8578117" lon="7.5368694">
        <ele>787.9</ele>
        <time>2026-09-15T14:54:23Z</time>
        <extensions>
          <gpxdata:distance>15648.62</gpxdata:distance>
          <gpxdata:speed>0.871</gpxdata:speed>
        </extensions>
      </trkpt>
      <trkpt lat="46.8578027" lon="7.5369484">
        <ele>787.6</ele>
        <time>2026-09-15T14:54:30Z</time>
        <extensions>
          <gpxdata:distance>15654.71</gpxdata:distance>
          <gpxdata:speed>0.903</gpxdata:speed>
        </extensions>
      </trkpt>
      <trkpt lat="46.8578027" lon="7.5369484">
        <ele>787.6</ele>
        <time>2026-09-15T14:54:30Z</time>
        <extensions>
          <gpxdata:distance>15654.71</gpxdata:distance>
          <gpxdata:speed>0.000</gpxdata:speed>
        </extensions>
      </trkpt>
      <trkpt lat="46.8579287" lon="7.5368434">
        <ele>787.6</ele>
        <time>2026-09-15T14:54:45Z</time>
        <extensions>
          <gpxdata:distance>15670.84</gpxdata:distance>
          <gpxdata:speed>1.010</gpxdata:speed>
        </extensions>
      </trkpt>
      <trkpt lat="46.8580007" lon="7.5367914">
        <ele>787.9</ele>
        <time>2026-09-15T14:54:54Z</time>
        <extensions>
          <gpxdata:distance>15679.77</gpxdata:distance>
          <gpxdata:speed>0.997</gpxdata:speed>
        </extensions>
      </trkpt>
      <trkpt lat="46.8581987" lon="7.5366864">
        <ele>789.2</ele>
        <time>2026-09-15T14:55:19Z</time>
        <extensions>
          <gpxdata:distance>15703.19</gpxdata:distance>
          <gpxdata:speed>0.972</gpxdata:speed>
        </extensions>
      </trkpt>
      <trkpt lat="46.8582797" lon="7.5366604">
        <ele>788.7</ele>
        <time>2026-09-15T14:55:28Z</time>
        <extensions>
          <gpxdata:distance>15712.41</gpxdata:distance>
          <gpxdata:speed>1.012</gpxdata:speed>
        </extensions>
      </trkpt>
      <trkpt lat="46.8583427" lon="7.5366344">
        <ele>788.1</ele>
        <time>2026-09-15T14:55:35Z</time>
        <extensions>
          <gpxdata:distance>15719.69</gpxdata:distance>
          <gpxdata:speed>1.006</gpxdata:speed>
        </extensions>
      </trkpt>
      <trkpt lat="46.8583877" lon="7.5366474">
        <ele>787.6</ele>
        <time>2026-09-15T14:55:40Z</time>
        <extensions>
          <gpxdata:distance>15724.79</gpxdata:distance>
          <gpxdata:speed>1.003</gpxdata:speed>
        </extensions>
      </trkpt>
      <trkpt lat="46.8584237" lon="7.5366474">
        <ele>787.3</ele>
        <time>2026-09-15T14:55:44Z</time>
        <extensions>
          <gpxdata:distance>15728.79</gpxdata:distance>
          <gpxdata:speed>1.003</gpxdata:speed>
        </extensions>
      </trkpt>
      <trkpt lat="46.8584507" lon="7.5366744">
        <ele>786.9</ele>
        <time>2026-09-15T14:55:48Z</time>
        <extensions>
          <gpxdata:distance>15732.43</gpxdata:distance>
          <gpxdata:speed>1.001</gpxdata:speed>
        </extensions>
      </trkpt>
      <trkpt lat="46.8585037" lon="7.5367524">
        <ele>785.5</ele>
        <time>2026-09-15T14:55:56Z</time>
        <extensions>
          <gpxdata:distance>15740.79</gpxdata:distance>
          <gpxdata:speed>0.981</gpxdata:speed>
        </extensions>
      </trkpt>
      <trkpt lat="46.8585307" lon="7.5368054">
        <ele>784.4</ele>
        <time>2026-09-15T14:56:01Z</time>
        <extensions>
          <gpxdata:distance>15745.82</gpxdata:distance>
          <gpxdata:speed>0.958</gpxdata:speed>
        </extensions>
      </trkpt>
      <trkpt lat="46.8585487" lon="7.5368184">
        <ele>783.9</ele>
        <time>2026-09-15T14:56:04Z</time>
        <extensions>
          <gpxdata:distance>15748.05</gpxdata:distance>
          <gpxdata:speed>0.939</gpxdata:speed>
        </extensions>
      </trkpt>
      <trkpt lat="46.8585667" lon="7.5368184">
        <ele>783.6</ele>
        <time>2026-09-15T14:56:06Z</time>
        <extensions>
          <gpxdata:distance>15750.05</gpxdata:distance>
          <gpxdata:speed>0.912</gpxdata:speed>
        </extensions>
      </trkpt>
      <trkpt lat="46.8585937" lon="7.5368184">
        <ele>783.2</ele>
        <time>2026-09-15T14:56:09Z</time>
        <extensions>
          <gpxdata:distance>15753.05</gpxdata:distance>
          <gpxdata:speed>0.927</gpxdata:speed>
        </extensions>
      </trkpt>
      <trkpt lat="46.8586657" lon="7.5367664">
        <ele>782.8</ele>
        <time>2026-09-15T14:56:19Z</time>
        <extensions>
          <gpxdata:distance>15761.98</gpxdata:distance>
          <gpxdata:speed>0.918</gpxdata:speed>
        </extensions>
      </trkpt>
      <trkpt lat="46.8588277" lon="7.5366874">
        <ele>781.5</ele>
        <time>2026-09-15T14:56:40Z</time>
        <extensions>
          <gpxdata:distance>15780.97</gpxdata:distance>
          <gpxdata:speed>0.902</gpxdata:speed>
        </extensions>
      </trkpt>
      <trkpt lat="46.8588727" lon="7.5366484">
        <ele>781.2</ele>
        <time>2026-09-15T14:56:46Z</time>
        <extensions>
          <gpxdata:distance>15786.79</gpxdata:distance>
          <gpxdata:speed>0.899</gpxdata:speed>
        </extensions>
      </trkpt>
      <trkpt lat="46.8589987" lon="7.5365304">
        <ele>780.1</ele>
        <time>2026-09-15T14:57:05Z</time>
        <extensions>
          <gpxdata:distance>15803.42</gpxdata:distance>
          <gpxdata:speed>0.899</gpxdata:speed>
        </extensions>
      </trkpt>
      <trkpt lat="46.8592327" lon="7.5363345">
        <ele>777.6</ele>
        <time>2026-09-15T14:57:38Z</time>
        <extensions>
          <gpxdata:distance>15833.40</gpxdata:distance>
          <gpxdata:speed>0.910</gpxdata:speed>
        </extensions>
      </trkpt>
      <trkpt lat="46.8593137" lon="7.5362825">
        <ele>776.2</ele>
        <time>2026-09-15T14:57:49Z</time>
        <extensions>
          <gpxdata:distance>15843.24</gpxdata:distance>
          <gpxdata:speed>0.911</gpxdata:speed>
        </extensions>
      </trkpt>
      <trkpt lat="46.8593407" lon="7.5362695">
        <ele>775.8</ele>
        <time>2026-09-15T14:57:52Z</time>
        <extensions>
          <gpxdata:distance>15846.40</gpxdata:distance>
          <gpxdata:speed>0.913</gpxdata:speed>
        </extensions>
      </trkpt>
      <trkpt lat="46.8593857" lon="7.5362565">
        <ele>775.3</ele>
        <time>2026-09-15T14:57:58Z</time>
        <extensions>
          <gpxdata:distance>15851.50</gpxdata:distance>
          <gpxdata:speed>0.914</gpxdata:speed>
        </extensions>
      </trkpt>
      <trkpt lat="46.8594217" lon="7.5362565">
        <ele>774.8</ele>
        <time>2026-09-15T14:58:02Z</time>
        <extensions>
          <gpxdata:distance>15855.50</gpxdata:distance>
          <gpxdata:speed>0.914</gpxdata:speed>
        </extensions>
      </trkpt>
      <trkpt lat="46.8595657" lon="7.5362695">
        <ele>772.9</ele>
        <time>2026-09-15T14:58:20Z</time>
        <extensions>
          <gpxdata:distance>15871.55</gpxdata:distance>
          <gpxdata:speed>0.905</gpxdata:speed>
        </extensions>
      </trkpt>
      <trkpt lat="46.8596737" lon="7.5362825">
        <ele>771.4</ele>
        <time>2026-09-15T14:58:33Z</time>
        <extensions>
          <gpxdata:distance>15883.60</gpxdata:distance>
          <gpxdata:speed>0.896</gpxdata:speed>
        </extensions>
      </trkpt>
      <trkpt lat="46.8596737" lon="7.5362825">
        <ele>771.4</ele>
        <time>2026-09-15T14:58:33Z</time>
        <extensions>
          <gpxdata:distance>15883.60</gpxdata:distance>
          <gpxdata:speed>0.000</gpxdata:speed>
        </extensions>
      </trkpt>
      <trkpt lat="46.8596917" lon="7.5362825">
        <ele>771.0</ele>
        <time>2026-09-15T14:58:36Z</time>
        <extensions>
          <gpxdata:distance>15885.60</gpxdata:distance>
          <gpxdata:speed>0.904</gpxdata:speed>
        </extensions>
      </trkpt>
      <trkpt lat="46.8597367" lon="7.5362435">
        <ele>770.1</ele>
        <time>2026-09-15T14:58:42Z</time>
        <extensions>
          <gpxdata:distance>15891.42</gpxdata:distance>
          <gpxdata:speed>0.921</gpxdata:speed>
        </extensions>
      </trkpt>
      <trkpt lat="46.8599167" lon="7.5360865">
        <ele>767.4</ele>
        <time>2026-09-15T14:59:07Z</time>
        <extensions>
          <gpxdata:distance>15914.72</gpxdata:distance>
          <gpxdata:speed>0.915</gpxdata:speed>
        </extensions>
      </trkpt>
      <trkpt lat="46.8599167" lon="7.5360865">
        <ele>767.4</ele>
        <time>2026-09-15T14:59:07Z</time>
        <extensions>
          <gpxdata:distance>15914.72</gpxdata:distance>
          <gpxdata:speed>0.000</gpxdata:speed>
        </extensions>
      </trkpt>
      <trkpt lat="46.8599707" lon="7.5360995">
        <ele>767.0</ele>
        <time>2026-09-15T14:59:14Z</time>
        <extensions>
          <gpxdata:distance>15920.81</gpxdata:distance>
          <gpxdata:speed>0.912</gpxdata:speed>
        </extensions>
      </trkpt>
      <trkpt lat="46.8600427" lon="7.5361135">
        <ele>766.6</ele>
        <time>2026-09-15T14:59:23Z</time>
        <extensions>
          <gpxdata:distance>15928.88</gpxdata:distance>
          <gpxdata:speed>0.905</gpxdata:speed>
        </extensions>
      </trkpt>
      <trkpt lat="46.8600967" lon="7.5361265">
        <ele>766.2</ele>
        <time>2026-09-15T14:59:30Z</time>
        <extensions>
          <gpxdata:distance>15934.97</gpxdata:distance>
          <gpxdata:speed>0.900</gpxdata:speed>
        </extensions>
      </trkpt>
      <trkpt lat="46.8601777" lon="7.5361655">
        <ele>765.6</ele>
        <time>2026-09-15T14:59:40Z</time>
        <extensions>
          <gpxdata:distance>15944.45</gpxdata:distance>
          <gpxdata:speed>0.899</gpxdata:speed>
        </extensions>
      </trkpt>
      <trkpt lat="46.8602227" lon="7.5362185">
        <ele>765.1</ele>
        <time>2026-09-15T14:59:47Z</time>
        <extensions>
          <gpxdata:distance>15950.87</gpxdata:distance>
          <gpxdata:speed>0.901</gpxdata:speed>
        </extensions>
      </trkpt>
      <trkpt lat="46.8602227" lon="7.5362185">
        <ele>765.1</ele>
        <time>2026-09-15T14:59:47Z</time>
        <extensions>
          <gpxdata:distance>15950.87</gpxdata:distance>
          <gpxdata:speed>0.000</gpxdata:speed>
        </extensions>
      </trkpt>
      <trkpt lat="46.8602497" lon="7.5362055">
        <ele>765.0</ele>
        <time>2026-09-15T14:59:51Z</time>
        <extensions>
          <gpxdata:distance>15954.03</gpxdata:distance>
          <gpxdata:speed>0.914</gpxdata:speed>
        </extensions>
      </trkpt>
      <trkpt lat="46.8602857" lon="7.5362055">
        <ele>764.7</ele>
        <time>2026-09-15T14:59:55Z</time>
        <extensions>
          <gpxdata:distance>15958.04</gpxdata:distance>
          <gpxdata:speed>0.935</gpxdata:speed>
        </extensions>
      </trkpt>
      <trkpt lat="46.8603127" lon="7.5362055">
        <ele>764.5</ele>
        <time>2026-09-15T14:59:58Z</time>
        <extensions>
          <gpxdata:distance>15961.04</gpxdata:distance>
          <gpxdata:speed>0.935</gpxdata:speed>
        </extensions>
      </trkpt>
      <trkpt lat="46.8603487" lon="7.5362185">
        <ele>764.2</ele>
        <time>2026-09-15T15:00:03Z</time>
        <extensions>
          <gpxdata:distance>15965.16</gpxdata:distance>
          <gpxdata:speed>0.934</gpxdata:speed>
        </extensions>
      </trkpt>
      <trkpt lat="46.8603487" lon="7.5362185">
        <ele>764.2</ele>
        <time>2026-09-15T15:00:03Z</time>
        <extensions>
          <gpxdata:distance>15965.16</gpxdata:distance>
          <gpxdata:speed>0.000</gpxdata:speed>
        </extensions>
      </trkpt>
      <trkpt lat="46.8603217" lon="7.5362705">
        <ele>764.2</ele>
        <time>2026-09-15T15:00:08Z</time>
        <extensions>
          <gpxdata:distance>15970.13</gpxdata:distance>
          <gpxdata:speed>0.941</gpxdata:speed>
        </extensions>
      </trkpt>
      <trkpt lat="46.8603217" lon="7.5362705">
        <ele>764.2</ele>
        <time>2026-09-15T15:00:08Z</time>
        <extensions>
          <gpxdata:distance>15970.13</gpxdata:distance>
          <gpxdata:speed>0.000</gpxdata:speed>
        </extensions>
      </trkpt>
      <trkpt lat="46.8605197" lon="7.5364415">
        <ele>760.6</ele>
        <time>2026-09-15T15:00:37Z</time>
        <extensions>
          <gpxdata:distance>15995.70</gpxdata:distance>
          <gpxdata:speed>0.895</gpxdata:speed>
        </extensions>
      </trkpt>
      <trkpt lat="46.8606627" lon="7.5365995">
        <ele>759.1</ele>
        <time>2026-09-15T15:00:59Z</time>
        <extensions>
          <gpxdata:distance>16015.63</gpxdata:distance>
          <gpxdata:speed>0.902</gpxdata:speed>
        </extensions>
      </trkpt>
      <trkpt lat="46.8608067" lon="7.5367835">
        <ele>756.1</ele>
        <time>2026-09-15T15:01:22Z</time>
        <extensions>
          <gpxdata:distance>16036.89</gpxdata:distance>
          <gpxdata:speed>0.901</gpxdata:speed>
        </extensions>
      </trkpt>
      <trkpt lat="46.8609237" lon="7.5368755">
        <ele>753.3</ele>
        <time>2026-09-15T15:01:38Z</time>
        <extensions>
          <gpxdata:distance>16051.66</gpxdata:distance>
          <gpxdata:speed>0.914</gpxdata:speed>
        </extensions>
      </trkpt>
      <trkpt lat="46.8609687" lon="7.5369015">
        <ele>752.9</ele>
        <time>2026-09-15T15:01:44Z</time>
        <extensions>
          <gpxdata:distance>16057.04</gpxdata:distance>
          <gpxdata:speed>0.913</gpxdata:speed>
        </extensions>
      </trkpt>
      <trkpt lat="46.8610587" lon="7.5370195">
        <ele>751.2</ele>
        <time>2026-09-15T15:01:59Z</time>
        <extensions>
          <gpxdata:distance>16070.48</gpxdata:distance>
          <gpxdata:speed>0.916</gpxdata:speed>
        </extensions>
      </trkpt>
      <trkpt lat="46.8613367" lon="7.5374005">
        <ele>742.1</ele>
        <time>2026-09-15T15:02:44Z</time>
        <extensions>
          <gpxdata:distance>16112.84</gpxdata:distance>
          <gpxdata:speed>0.940</gpxdata:speed>
        </extensions>
      </trkpt>
      <trkpt lat="46.8613457" lon="7.5374265">
        <ele>741.8</ele>
        <time>2026-09-15T15:02:46Z</time>
        <extensions>
          <gpxdata:distance>16115.06</gpxdata:distance>
          <gpxdata:speed>0.934</gpxdata:speed>
        </extensions>
      </trkpt>
      <trkpt lat="46.8613457" lon="7.5374535">
        <ele>741.4</ele>
        <time>2026-09-15T15:02:49Z</time>
        <extensions>
          <gpxdata:distance>16117.11</gpxdata:distance>
          <gpxdata:speed>0.933</gpxdata:speed>
        </extensions>
      </trkpt>
      <trkpt lat="46.8613547" lon="7.5374925">
        <ele>740.9</ele>
        <time>2026-09-15T15:02:52Z</time>
        <extensions>
          <gpxdata:distance>16120.24</gpxdata:distance>
          <gpxdata:speed>0.929</gpxdata:speed>
        </extensions>
      </trkpt>
      <trkpt lat="46.8613727" lon="7.5375445">
        <ele>740.3</ele>
        <time>2026-09-15T15:02:57Z</time>
        <extensions>
          <gpxdata:distance>16124.67</gpxdata:distance>
          <gpxdata:speed>0.910</gpxdata:speed>
        </extensions>
      </trkpt>
      <trkpt lat="46.8614087" lon="7.5375975">
        <ele>739.7</ele>
        <time>2026-09-15T15:03:03Z</time>
        <extensions>
          <gpxdata:distance>16130.35</gpxdata:distance>
          <gpxdata:speed>0.905</gpxdata:speed>
        </extensions>
      </trkpt>
      <trkpt lat="46.8614627" lon="7.5376635">
        <ele>738.7</ele>
        <time>2026-09-15T15:03:12Z</time>
        <extensions>
          <gpxdata:distance>16138.18</gpxdata:distance>
          <gpxdata:speed>0.914</gpxdata:speed>
        </extensions>
      </trkpt>
      <trkpt lat="46.8615347" lon="7.5377685">
        <ele>737.1</ele>
        <time>2026-09-15T15:03:24Z</time>
        <extensions>
          <gpxdata:distance>16149.48</gpxdata:distance>
          <gpxdata:speed>0.912</gpxdata:speed>
        </extensions>
      </trkpt>
      <trkpt lat="46.8615977" lon="7.5378465">
        <ele>735.8</ele>
        <time>2026-09-15T15:03:34Z</time>
        <extensions>
          <gpxdata:distance>16158.66</gpxdata:distance>
          <gpxdata:speed>0.906</gpxdata:speed>
        </extensions>
      </trkpt>
      <trkpt lat="46.8616517" lon="7.5379255">
        <ele>734.6</ele>
        <time>2026-09-15T15:03:43Z</time>
        <extensions>
          <gpxdata:distance>16167.16</gpxdata:distance>
          <gpxdata:speed>0.929</gpxdata:speed>
        </extensions>
      </trkpt>
      <trkpt lat="46.8617147" lon="7.5380175">
        <ele>733.2</ele>
        <time>2026-09-15T15:03:54Z</time>
        <extensions>
          <gpxdata:distance>16177.06</gpxdata:distance>
          <gpxdata:speed>0.930</gpxdata:speed>
        </extensions>
      </trkpt>
      <trkpt lat="46.8617867" lon="7.5381095">
        <ele>730.9</ele>
        <time>2026-09-15T15:04:05Z</time>
        <extensions>
          <gpxdata:distance>16187.69</gpxdata:distance>
          <gpxdata:speed>0.939</gpxdata:speed>
        </extensions>
      </trkpt>
      <trkpt lat="46.8619207" lon="7.5383065">
        <ele>726.7</ele>
        <time>2026-09-15T15:04:28Z</time>
        <extensions>
          <gpxdata:distance>16208.81</gpxdata:distance>
          <gpxdata:speed>0.926</gpxdata:speed>
        </extensions>
      </trkpt>
      <trkpt lat="46.8619477" lon="7.5383595">
        <ele>726.0</ele>
        <time>2026-09-15T15:04:34Z</time>
        <extensions>
          <gpxdata:distance>16213.84</gpxdata:distance>
          <gpxdata:speed>0.926</gpxdata:speed>
        </extensions>
      </trkpt>
      <trkpt lat="46.8619567" lon="7.5383725">
        <ele>725.5</ele>
        <time>2026-09-15T15:04:35Z</time>
        <extensions>
          <gpxdata:distance>16215.25</gpxdata:distance>
          <gpxdata:speed>0.917</gpxdata:speed>
        </extensions>
      </trkpt>
      <trkpt lat="46.8619747" lon="7.5383725">
        <ele>725.1</ele>
        <time>2026-09-15T15:04:37Z</time>
        <extensions>
          <gpxdata:distance>16217.25</gpxdata:distance>
          <gpxdata:speed>0.910</gpxdata:speed>
        </extensions>
      </trkpt>
      <trkpt lat="46.8620017" lon="7.5383595">
        <ele>724.7</ele>
        <time>2026-09-15T15:04:41Z</time>
        <extensions>
          <gpxdata:distance>16220.41</gpxdata:distance>
          <gpxdata:speed>0.906</gpxdata:speed>
        </extensions>
      </trkpt>
      <trkpt lat="46.8620827" lon="7.5382285">
        <ele>723.6</ele>
        <time>2026-09-15T15:04:55Z</time>
        <extensions>
          <gpxdata:distance>16233.84</gpxdata:distance>
          <gpxdata:speed>0.923</gpxdata:speed>
        </extensions>
      </trkpt>
      <trkpt lat="46.8621457" lon="7.5381235">
        <ele>722.7</ele>
        <time>2026-09-15T15:05:07Z</time>
        <extensions>
          <gpxdata:distance>16244.46</gpxdata:distance>
          <gpxdata:speed>0.935</gpxdata:speed>
        </extensions>
      </trkpt>
      <trkpt lat="46.8621637" lon="7.5381106">
        <ele>722.1</ele>
        <time>2026-09-15T15:05:09Z</time>
        <extensions>
          <gpxdata:distance>16246.69</gpxdata:distance>
          <gpxdata:speed>0.927</gpxdata:speed>
        </extensions>
      </trkpt>
      <trkpt lat="46.8621817" lon="7.5381106">
        <ele>721.7</ele>
        <time>2026-09-15T15:05:11Z</time>
        <extensions>
          <gpxdata:distance>16248.69</gpxdata:distance>
          <gpxdata:speed>0.939</gpxdata:speed>
        </extensions>
      </trkpt>
      <trkpt lat="46.8621997" lon="7.5381236">
        <ele>720.9</ele>
        <time>2026-09-15T15:05:14Z</time>
        <extensions>
          <gpxdata:distance>16250.92</gpxdata:distance>
          <gpxdata:speed>0.929</gpxdata:speed>
        </extensions>
      </trkpt>
      <trkpt lat="46.8622357" lon="7.5381756">
        <ele>719.1</ele>
        <time>2026-09-15T15:05:20Z</time>
        <extensions>
          <gpxdata:distance>16256.55</gpxdata:distance>
          <gpxdata:speed>0.924</gpxdata:speed>
        </extensions>
      </trkpt>
      <trkpt lat="46.8622987" lon="7.5382546">
        <ele>717.1</ele>
        <time>2026-09-15T15:05:30Z</time>
        <extensions>
          <gpxdata:distance>16265.77</gpxdata:distance>
          <gpxdata:speed>0.918</gpxdata:speed>
        </extensions>
      </trkpt>
      <trkpt lat="46.8623617" lon="7.5383336">
        <ele>714.5</ele>
        <time>2026-09-15T15:05:40Z</time>
        <extensions>
          <gpxdata:distance>16275.00</gpxdata:distance>
          <gpxdata:speed>0.894</gpxdata:speed>
        </extensions>
      </trkpt>
      <trkpt lat="46.8624787" lon="7.5384126">
        <ele>709.3</ele>
        <time>2026-09-15T15:05:56Z</time>
        <extensions>
          <gpxdata:distance>16289.33</gpxdata:distance>
          <gpxdata:speed>0.872</gpxdata:speed>
        </extensions>
      </trkpt>
      <trkpt lat="46.8625417" lon="7.5384386">
        <ele>707.0</ele>
        <time>2026-09-15T15:06:05Z</time>
        <extensions>
          <gpxdata:distance>16296.61</gpxdata:distance>
          <gpxdata:speed>0.872</gpxdata:speed>
        </extensions>
      </trkpt>
      <trkpt lat="46.8626497" lon="7.5384786">
        <ele>703.6</ele>
        <time>2026-09-15T15:06:19Z</time>
        <extensions>
          <gpxdata:distance>16309.00</gpxdata:distance>
          <gpxdata:speed>0.872</gpxdata:speed>
        </extensions>
      </trkpt>
      <trkpt lat="46.8627217" lon="7.5385046">
        <ele>701.4</ele>
        <time>2026-09-15T15:06:29Z</time>
        <extensions>
          <gpxdata:distance>16317.24</gpxdata:distance>
          <gpxdata:speed>0.872</gpxdata:speed>
        </extensions>
      </trkpt>
      <trkpt lat="46.8627757" lon="7.5385316">
        <ele>700.2</ele>
        <time>2026-09-15T15:06:36Z</time>
        <extensions>
          <gpxdata:distance>16323.59</gpxdata:distance>
          <gpxdata:speed>0.872</gpxdata:speed>
        </extensions>
      </trkpt>
      <trkpt lat="46.8628297" lon="7.5385316">
        <ele>698.3</ele>
        <time>2026-09-15T15:06:43Z</time>
        <extensions>
          <gpxdata:distance>16329.59</gpxdata:distance>
          <gpxdata:speed>0.872</gpxdata:speed>
        </extensions>
      </trkpt>
      <trkpt lat="46.8628747" lon="7.5385446">
        <ele>696.7</ele>
        <time>2026-09-15T15:06:49Z</time>
        <extensions>
          <gpxdata:distance>16334.70</gpxdata:distance>
          <gpxdata:speed>0.872</gpxdata:speed>
        </extensions>
      </trkpt>
      <trkpt lat="46.8628927" lon="7.5385576">
        <ele>696.1</ele>
        <time>2026-09-15T15:06:51Z</time>
        <extensions>
          <gpxdata:distance>16336.93</gpxdata:distance>
          <gpxdata:speed>0.872</gpxdata:speed>
        </extensions>
      </trkpt>
      <trkpt lat="46.8629017" lon="7.5385836">
        <ele>695.6</ele>
        <time>2026-09-15T15:06:54Z</time>
        <extensions>
          <gpxdata:distance>16339.14</gpxdata:distance>
          <gpxdata:speed>0.872</gpxdata:speed>
        </extensions>
      </trkpt>
      <trkpt lat="46.8629197" lon="7.5386366">
        <ele>694.6</ele>
        <time>2026-09-15T15:06:59Z</time>
        <extensions>
          <gpxdata:distance>16343.64</gpxdata:distance>
          <gpxdata:speed>0.872</gpxdata:speed>
        </extensions>
      </trkpt>
      <trkpt lat="46.8629457" lon="7.5387416">
        <ele>691.6</ele>
        <time>2026-09-15T15:07:09Z</time>
        <extensions>
          <gpxdata:distance>16352.13</gpxdata:distance>
          <gpxdata:speed>0.872</gpxdata:speed>
        </extensions>
      </trkpt>
      <trkpt lat="46.8629637" lon="7.5388466">
        <ele>689.4</ele>
        <time>2026-09-15T15:07:18Z</time>
        <extensions>
          <gpxdata:distance>16360.36</gpxdata:distance>
          <gpxdata:speed>0.872</gpxdata:speed>
        </extensions>
      </trkpt>
      <trkpt lat="46.8629817" lon="7.5389516">
        <ele>689.2</ele>
        <time>2026-09-15T15:07:27Z</time>
        <extensions>
          <gpxdata:distance>16368.59</gpxdata:distance>
          <gpxdata:speed>0.872</gpxdata:speed>
        </extensions>
      </trkpt>
      <trkpt lat="46.8630267" lon="7.5391086">
        <ele>689.0</ele>
        <time>2026-09-15T15:07:42Z</time>
        <extensions>
          <gpxdata:distance>16381.54</gpxdata:distance>
          <gpxdata:speed>0.881</gpxdata:speed>
        </extensions>
      </trkpt>
      <trkpt lat="46.8630627" lon="7.5392926">
        <ele>688.3</ele>
        <time>2026-09-15T15:07:58Z</time>
        <extensions>
          <gpxdata:distance>16396.09</gpxdata:distance>
          <gpxdata:speed>0.940</gpxdata:speed>
        </extensions>
      </trkpt>
      <trkpt lat="46.8631167" lon="7.5395026">
        <ele>686.0</ele>
        <time>2026-09-15T15:08:16Z</time>
        <extensions>
          <gpxdata:distance>16413.14</gpxdata:distance>
          <gpxdata:speed>0.928</gpxdata:speed>
        </extensions>
      </trkpt>
      <trkpt lat="46.8631527" lon="7.5396466">
        <ele>684.3</ele>
        <time>2026-09-15T15:08:29Z</time>
        <extensions>
          <gpxdata:distance>16424.80</gpxdata:distance>
          <gpxdata:speed>0.926</gpxdata:speed>
        </extensions>
      </trkpt>
      <trkpt lat="46.8631787" lon="7.5396986">
        <ele>682.7</ele>
        <time>2026-09-15T15:08:34Z</time>
        <extensions>
          <gpxdata:distance>16429.70</gpxdata:distance>
          <gpxdata:speed>0.933</gpxdata:speed>
        </extensions>
      </trkpt>
      <trkpt lat="46.8631967" lon="7.5397256">
        <ele>681.5</ele>
        <time>2026-09-15T15:08:37Z</time>
        <extensions>
          <gpxdata:distance>16432.57</gpxdata:distance>
          <gpxdata:speed>0.938</gpxdata:speed>
        </extensions>
      </trkpt>
      <trkpt lat="46.8632777" lon="7.5397906">
        <ele>676.5</ele>
        <time>2026-09-15T15:08:48Z</time>
        <extensions>
          <gpxdata:distance>16442.84</gpxdata:distance>
          <gpxdata:speed>0.918</gpxdata:speed>
        </extensions>
      </trkpt>
      <trkpt lat="46.8633227" lon="7.5398306">
        <ele>674.4</ele>
        <time>2026-09-15T15:08:54Z</time>
        <extensions>
          <gpxdata:distance>16448.70</gpxdata:distance>
          <gpxdata:speed>0.913</gpxdata:speed>
        </extensions>
      </trkpt>
      <trkpt lat="46.8633317" lon="7.5398046">
        <ele>674.2</ele>
        <time>2026-09-15T15:08:57Z</time>
        <extensions>
          <gpxdata:distance>16450.91</gpxdata:distance>
          <gpxdata:speed>0.896</gpxdata:speed>
        </extensions>
      </trkpt>
      <trkpt lat="46.8633317" lon="7.5397516">
        <ele>673.6</ele>
        <time>2026-09-15T15:09:02Z</time>
        <extensions>
          <gpxdata:distance>16454.94</gpxdata:distance>
          <gpxdata:speed>0.872</gpxdata:speed>
        </extensions>
      </trkpt>
      <trkpt lat="46.8633137" lon="7.5396466">
        <ele>672.4</ele>
        <time>2026-09-15T15:09:11Z</time>
        <extensions>
          <gpxdata:distance>16463.17</gpxdata:distance>
          <gpxdata:speed>0.872</gpxdata:speed>
        </extensions>
      </trkpt>
      <trkpt lat="46.8632877" lon="7.5393186">
        <ele>670.9</ele>
        <time>2026-09-15T15:09:40Z</time>
        <extensions>
          <gpxdata:distance>16488.27</gpxdata:distance>
          <gpxdata:speed>0.872</gpxdata:speed>
        </extensions>
      </trkpt>
      <trkpt lat="46.8632787" lon="7.5391356">
        <ele>669.9</ele>
        <time>2026-09-15T15:09:55Z</time>
        <extensions>
          <gpxdata:distance>16502.22</gpxdata:distance>
          <gpxdata:speed>0.891</gpxdata:speed>
        </extensions>
      </trkpt>
      <trkpt lat="46.8632787" lon="7.5389126">
        <ele>669.9</ele>
        <time>2026-09-15T15:10:14Z</time>
        <extensions>
          <gpxdata:distance>16519.18</gpxdata:distance>
          <gpxdata:speed>0.934</gpxdata:speed>
        </extensions>
      </trkpt>
      <trkpt lat="46.8632877" lon="7.5387416">
        <ele>669.5</ele>
        <time>2026-09-15T15:10:28Z</time>
        <extensions>
          <gpxdata:distance>16532.22</gpxdata:distance>
          <gpxdata:speed>0.913</gpxdata:speed>
        </extensions>
      </trkpt>
      <trkpt lat="46.8633597" lon="7.5389256">
        <ele>666.0</ele>
        <time>2026-09-15T15:10:46Z</time>
        <extensions>
          <gpxdata:distance>16548.34</gpxdata:distance>
          <gpxdata:speed>0.895</gpxdata:speed>
        </extensions>
      </trkpt>
      <trkpt lat="46.8634497" lon="7.5391746">
        <ele>661.1</ele>
        <time>2026-09-15T15:11:10Z</time>
        <extensions>
          <gpxdata:distance>16569.75</gpxdata:distance>
          <gpxdata:speed>0.903</gpxdata:speed>
        </extensions>
      </trkpt>
      <trkpt lat="46.8634587" lon="7.5394766">
        <ele>660.9</ele>
        <time>2026-09-15T15:11:35Z</time>
        <extensions>
          <gpxdata:distance>16592.73</gpxdata:distance>
          <gpxdata:speed>0.901</gpxdata:speed>
        </extensions>
      </trkpt>
      <trkpt lat="46.8635027" lon="7.5397256">
        <ele>660.7</ele>
        <time>2026-09-15T15:11:57Z</time>
        <extensions>
          <gpxdata:distance>16612.28</gpxdata:distance>
          <gpxdata:speed>0.914</gpxdata:speed>
        </extensions>
      </trkpt>
      <trkpt lat="46.8635657" lon="7.5399486">
        <ele>660.5</ele>
        <time>2026-09-15T15:12:16Z</time>
        <extensions>
          <gpxdata:distance>16630.63</gpxdata:distance>
          <gpxdata:speed>0.925</gpxdata:speed>
        </extensions>
      </trkpt>
      <trkpt lat="46.8636197" lon="7.5400676">
        <ele>660.4</ele>
        <time>2026-09-15T15:12:28Z</time>
        <extensions>
          <gpxdata:distance>16641.49</gpxdata:distance>
          <gpxdata:speed>0.928</gpxdata:speed>
        </extensions>
      </trkpt>
      <trkpt lat="46.8636647" lon="7.5401986">
        <ele>660.4</ele>
        <time>2026-09-15T15:12:40Z</time>
        <extensions>
          <gpxdata:distance>16652.63</gpxdata:distance>
          <gpxdata:speed>0.934</gpxdata:speed>
        </extensions>
      </trkpt>
      <trkpt lat="46.8637277" lon="7.5403166">
        <ele>659.7</ele>
        <time>2026-09-15T15:12:52Z</time>
        <extensions>
          <gpxdata:distance>16664.02</gpxdata:distance>
          <gpxdata:speed>0.926</gpxdata:speed>
        </extensions>
      </trkpt>
      <trkpt lat="46.8638177" lon="7.5403426">
        <ele>656.9</ele>
        <time>2026-09-15T15:13:04Z</time>
        <extensions>
          <gpxdata:distance>16674.22</gpxdata:distance>
          <gpxdata:speed>0.906</gpxdata:speed>
        </extensions>
      </trkpt>
      <trkpt lat="46.8639067" lon="7.5403826">
        <ele>654.4</ele>
        <time>2026-09-15T15:13:15Z</time>
        <extensions>
          <gpxdata:distance>16684.57</gpxdata:distance>
          <gpxdata:speed>0.910</gpxdata:speed>
        </extensions>
      </trkpt>
      <trkpt lat="46.8639517" lon="7.5404346">
        <ele>652.8</ele>
        <time>2026-09-15T15:13:22Z</time>
        <extensions>
          <gpxdata:distance>16690.95</gpxdata:distance>
          <gpxdata:speed>0.928</gpxdata:speed>
        </extensions>
      </trkpt>
      <trkpt lat="46.8640057" lon="7.5404876">
        <ele>650.7</ele>
        <time>2026-09-15T15:13:30Z</time>
        <extensions>
          <gpxdata:distance>16698.18</gpxdata:distance>
          <gpxdata:speed>0.898</gpxdata:speed>
        </extensions>
      </trkpt>
      <trkpt lat="46.8640597" lon="7.5405796">
        <ele>648.8</ele>
        <time>2026-09-15T15:13:40Z</time>
        <extensions>
          <gpxdata:distance>16707.40</gpxdata:distance>
          <gpxdata:speed>0.917</gpxdata:speed>
        </extensions>
      </trkpt>
      <trkpt lat="46.8640957" lon="7.5406846">
        <ele>646.5</ele>
        <time>2026-09-15T15:13:50Z</time>
        <extensions>
          <gpxdata:distance>16716.33</gpxdata:distance>
          <gpxdata:speed>0.922</gpxdata:speed>
        </extensions>
      </trkpt>
      <trkpt lat="46.8641317" lon="7.5407766">
        <ele>644.6</ele>
        <time>2026-09-15T15:13:59Z</time>
        <extensions>
          <gpxdata:distance>16724.39</gpxdata:distance>
          <gpxdata:speed>0.885</gpxdata:speed>
        </extensions>
      </trkpt>
      <trkpt lat="46.8641677" lon="7.5410126">
        <ele>641.1</ele>
        <time>2026-09-15T15:14:20Z</time>
        <extensions>
          <gpxdata:distance>16742.77</gpxdata:distance>
          <gpxdata:speed>0.872</gpxdata:speed>
        </extensions>
      </trkpt>
      <trkpt lat="46.8641677" lon="7.5410126">
        <ele>641.1</ele>
        <time>2026-09-15T15:14:20Z</time>
        <extensions>
          <gpxdata:distance>16742.77</gpxdata:distance>
          <gpxdata:speed>0.000</gpxdata:speed>
        </extensions>
      </trkpt>
      <trkpt lat="46.8641767" lon="7.5410516">
        <ele>640.8</ele>
        <time>2026-09-15T15:14:23Z</time>
        <extensions>
          <gpxdata:distance>16745.90</gpxdata:distance>
          <gpxdata:speed>0.872</gpxdata:speed>
        </extensions>
      </trkpt>
      <trkpt lat="46.8641947" lon="7.5410916">
        <ele>640.1</ele>
        <time>2026-09-15T15:14:28Z</time>
        <extensions>
          <gpxdata:distance>16749.54</gpxdata:distance>
          <gpxdata:speed>0.872</gpxdata:speed>
        </extensions>
      </trkpt>
      <trkpt lat="46.8642127" lon="7.5411306">
        <ele>639.2</ele>
        <time>2026-09-15T15:14:32Z</time>
        <extensions>
          <gpxdata:distance>16753.12</gpxdata:distance>
          <gpxdata:speed>0.872</gpxdata:speed>
        </extensions>
      </trkpt>
      <trkpt lat="46.8642577" lon="7.5412486">
        <ele>637.2</ele>
        <time>2026-09-15T15:14:43Z</time>
        <extensions>
          <gpxdata:distance>16763.39</gpxdata:distance>
          <gpxdata:speed>0.872</gpxdata:speed>
        </extensions>
      </trkpt>
      <trkpt lat="46.8642747" lon="7.5413016">
        <ele>636.3</ele>
        <time>2026-09-15T15:14:49Z</time>
        <extensions>
          <gpxdata:distance>16767.84</gpxdata:distance>
          <gpxdata:speed>0.872</gpxdata:speed>
        </extensions>
      </trkpt>
      <trkpt lat="46.8642927" lon="7.5413926">
        <ele>635.1</ele>
        <time>2026-09-15T15:14:57Z</time>
        <extensions>
          <gpxdata:distance>16775.04</gpxdata:distance>
          <gpxdata:speed>0.880</gpxdata:speed>
        </extensions>
      </trkpt>
      <trkpt lat="46.8643017" lon="7.5414326">
        <ele>634.6</ele>
        <time>2026-09-15T15:15:00Z</time>
        <extensions>
          <gpxdata:distance>16778.24</gpxdata:distance>
          <gpxdata:speed>0.891</gpxdata:speed>
        </extensions>
      </trkpt>
      <trkpt lat="46.8643017" lon="7.5414976">
        <ele>633.8</ele>
        <time>2026-09-15T15:15:06Z</time>
        <extensions>
          <gpxdata:distance>16783.19</gpxdata:distance>
          <gpxdata:speed>0.898</gpxdata:speed>
        </extensions>
      </trkpt>
      <trkpt lat="46.8643107" lon="7.5415766">
        <ele>632.9</ele>
        <time>2026-09-15T15:15:13Z</time>
        <extensions>
          <gpxdata:distance>16789.27</gpxdata:distance>
          <gpxdata:speed>0.904</gpxdata:speed>
        </extensions>
      </trkpt>
      <trkpt lat="46.8643107" lon="7.5417606">
        <ele>630.4</ele>
        <time>2026-09-15T15:15:28Z</time>
        <extensions>
          <gpxdata:distance>16803.26</gpxdata:distance>
          <gpxdata:speed>0.897</gpxdata:speed>
        </extensions>
      </trkpt>
      <trkpt lat="46.8643197" lon="7.5417736">
        <ele>630.1</ele>
        <time>2026-09-15T15:15:30Z</time>
        <extensions>
          <gpxdata:distance>16804.67</gpxdata:distance>
          <gpxdata:speed>0.897</gpxdata:speed>
        </extensions>
      </trkpt>
      <trkpt lat="46.8643197" lon="7.5417996">
        <ele>629.7</ele>
        <time>2026-09-15T15:15:32Z</time>
        <extensions>
          <gpxdata:distance>16806.65</gpxdata:distance>
          <gpxdata:speed>0.903</gpxdata:speed>
        </extensions>
      </trkpt>
      <trkpt lat="46.8643377" lon="7.5418386">
        <ele>629.3</ele>
        <time>2026-09-15T15:15:36Z</time>
        <extensions>
          <gpxdata:distance>16810.22</gpxdata:distance>
          <gpxdata:speed>0.915</gpxdata:speed>
        </extensions>
      </trkpt>
      <trkpt lat="46.8643377" lon="7.5418386">
        <ele>629.3</ele>
        <time>2026-09-15T15:15:36Z</time>
        <extensions>
          <gpxdata:distance>16810.22</gpxdata:distance>
          <gpxdata:speed>0.000</gpxdata:speed>
        </extensions>
      </trkpt>
      <trkpt lat="46.8643377" lon="7.5418656">
        <ele>629.3</ele>
        <time>2026-09-15T15:15:38Z</time>
        <extensions>
          <gpxdata:distance>16812.28</gpxdata:distance>
          <gpxdata:speed>0.932</gpxdata:speed>
        </extensions>
      </trkpt>
      <trkpt lat="46.8643827" lon="7.5420757">
        <ele>627.8</ele>
        <time>2026-09-15T15:15:56Z</time>
        <extensions>
          <gpxdata:distance>16829.02</gpxdata:distance>
          <gpxdata:speed>0.925</gpxdata:speed>
        </extensions>
      </trkpt>
      <trkpt lat="46.8643917" lon="7.5421147">
        <ele>627.6</ele>
        <time>2026-09-15T15:15:59Z</time>
        <extensions>
          <gpxdata:distance>16832.15</gpxdata:distance>
          <gpxdata:speed>0.919</gpxdata:speed>
        </extensions>
      </trkpt>
      <trkpt lat="46.8644007" lon="7.5422067">
        <ele>625.8</ele>
        <time>2026-09-15T15:16:07Z</time>
        <extensions>
          <gpxdata:distance>16839.21</gpxdata:distance>
          <gpxdata:speed>0.933</gpxdata:speed>
        </extensions>
      </trkpt>
      <trkpt lat="46.8643997" lon="7.5423377">
        <ele>625.6</ele>
        <time>2026-09-15T15:16:18Z</time>
        <extensions>
          <gpxdata:distance>16849.17</gpxdata:distance>
          <gpxdata:speed>0.899</gpxdata:speed>
        </extensions>
      </trkpt>
      <trkpt lat="46.8643907" lon="7.5424947">
        <ele>625.5</ele>
        <time>2026-09-15T15:16:31Z</time>
        <extensions>
          <gpxdata:distance>16861.15</gpxdata:distance>
          <gpxdata:speed>0.914</gpxdata:speed>
        </extensions>
      </trkpt>
      <trkpt lat="46.8643727" lon="7.5426527">
        <ele>625.1</ele>
        <time>2026-09-15T15:16:44Z</time>
        <extensions>
          <gpxdata:distance>16873.33</gpxdata:distance>
          <gpxdata:speed>0.928</gpxdata:speed>
        </extensions>
      </trkpt>
      <trkpt lat="46.8643457" lon="7.5427837">
        <ele>625.0</ele>
        <time>2026-09-15T15:16:55Z</time>
        <extensions>
          <gpxdata:distance>16883.73</gpxdata:distance>
          <gpxdata:speed>0.939</gpxdata:speed>
        </extensions>
      </trkpt>
      <trkpt lat="46.8643097" lon="7.5429017">
        <ele>625.1</ele>
        <time>2026-09-15T15:17:06Z</time>
        <extensions>
          <gpxdata:distance>16893.55</gpxdata:distance>
          <gpxdata:speed>0.948</gpxdata:speed>
        </extensions>
      </trkpt>
      <trkpt lat="46.8642557" lon="7.5430457">
        <ele>625.7</ele>
        <time>2026-09-15T15:17:19Z</time>
        <extensions>
          <gpxdata:distance>16906.04</gpxdata:distance>
          <gpxdata:speed>0.963</gpxdata:speed>
        </extensions>
      </trkpt>
      <trkpt lat="46.8642017" lon="7.5431897">
        <ele>626.3</ele>
        <time>2026-09-15T15:17:31Z</time>
        <extensions>
          <gpxdata:distance>16918.53</gpxdata:distance>
          <gpxdata:speed>0.991</gpxdata:speed>
        </extensions>
      </trkpt>
      <trkpt lat="46.8641657" lon="7.5432687">
        <ele>626.5</ele>
        <time>2026-09-15T15:17:39Z</time>
        <extensions>
          <gpxdata:distance>16925.74</gpxdata:distance>
          <gpxdata:speed>0.997</gpxdata:speed>
        </extensions>
      </trkpt>
      <trkpt lat="46.8641387" lon="7.5433337">
        <ele>626.9</ele>
        <time>2026-09-15T15:17:45Z</time>
        <extensions>
          <gpxdata:distance>16931.53</gpxdata:distance>
          <gpxdata:speed>0.982</gpxdata:speed>
        </extensions>
      </trkpt>
      <trkpt lat="46.8640937" lon="7.5434127">
        <ele>626.8</ele>
        <time>2026-09-15T15:17:52Z</time>
        <extensions>
          <gpxdata:distance>16939.34</gpxdata:distance>
          <gpxdata:speed>0.979</gpxdata:speed>
        </extensions>
      </trkpt>
      <trkpt lat="46.8640667" lon="7.5434647">
        <ele>626.7</ele>
        <time>2026-09-15T15:17:58Z</time>
        <extensions>
          <gpxdata:distance>16944.31</gpxdata:distance>
          <gpxdata:speed>0.976</gpxdata:speed>
        </extensions>
      </trkpt>
      <trkpt lat="46.8640217" lon="7.5435307">
        <ele>626.5</ele>
        <time>2026-09-15T15:18:05Z</time>
        <extensions>
          <gpxdata:distance>16951.39</gpxdata:distance>
          <gpxdata:speed>0.967</gpxdata:speed>
        </extensions>
      </trkpt>
      <trkpt lat="46.8639047" lon="7.5436616">
        <ele>626.2</ele>
        <time>2026-09-15T15:18:22Z</time>
        <extensions>
          <gpxdata:distance>16967.77</gpxdata:distance>
          <gpxdata:speed>0.976</gpxdata:speed>
        </extensions>
      </trkpt>
      <trkpt lat="46.8638407" lon="7.5437396">
        <ele>626.0</ele>
        <time>2026-09-15T15:18:31Z</time>
        <extensions>
          <gpxdata:distance>16977.04</gpxdata:distance>
          <gpxdata:speed>0.985</gpxdata:speed>
        </extensions>
      </trkpt>
      <trkpt lat="46.8637057" lon="7.5439096">
        <ele>625.8</ele>
        <time>2026-09-15T15:18:51Z</time>
        <extensions>
          <gpxdata:distance>16996.85</gpxdata:distance>
          <gpxdata:speed>1.010</gpxdata:speed>
        </extensions>
      </trkpt>
      <trkpt lat="46.8635887" lon="7.5440276">
        <ele>625.1</ele>
        <time>2026-09-15T15:19:07Z</time>
        <extensions>
          <gpxdata:distance>17012.65</gpxdata:distance>
          <gpxdata:speed>0.996</gpxdata:speed>
        </extensions>
      </trkpt>
      <trkpt lat="46.8635347" lon="7.5440796">
        <ele>625.0</ele>
        <time>2026-09-15T15:19:14Z</time>
        <extensions>
          <gpxdata:distance>17019.84</gpxdata:distance>
          <gpxdata:speed>0.992</gpxdata:speed>
        </extensions>
      </trkpt>
      <trkpt lat="46.8634897" lon="7.5441456">
        <ele>624.9</ele>
        <time>2026-09-15T15:19:21Z</time>
        <extensions>
          <gpxdata:distance>17026.92</gpxdata:distance>
          <gpxdata:speed>0.985</gpxdata:speed>
        </extensions>
      </trkpt>
      <trkpt lat="46.8634267" lon="7.5442636">
        <ele>624.7</ele>
        <time>2026-09-15T15:19:33Z</time>
        <extensions>
          <gpxdata:distance>17038.31</gpxdata:distance>
          <gpxdata:speed>0.985</gpxdata:speed>
        </extensions>
      </trkpt>
      <trkpt lat="46.8632557" lon="7.5445516">
        <ele>624.1</ele>
        <time>2026-09-15T15:20:02Z</time>
        <extensions>
          <gpxdata:distance>17067.31</gpxdata:distance>
          <gpxdata:speed>0.985</gpxdata:speed>
        </extensions>
      </trkpt>
      <trkpt lat="46.8631747" lon="7.5447086">
        <ele>624.2</ele>
        <time>2026-09-15T15:20:17Z</time>
        <extensions>
          <gpxdata:distance>17082.26</gpxdata:distance>
          <gpxdata:speed>0.990</gpxdata:speed>
        </extensions>
      </trkpt>
      <trkpt lat="46.8631747" lon="7.5447086">
        <ele>624.2</ele>
        <time>2026-09-15T15:20:17Z</time>
        <extensions>
          <gpxdata:distance>17082.26</gpxdata:distance>
          <gpxdata:speed>0.000</gpxdata:speed>
        </extensions>
      </trkpt>
      <trkpt lat="46.8631927" lon="7.5447216">
        <ele>624.0</ele>
        <time>2026-09-15T15:20:19Z</time>
        <extensions>
          <gpxdata:distance>17084.49</gpxdata:distance>
          <gpxdata:speed>0.988</gpxdata:speed>
        </extensions>
      </trkpt>
      <trkpt lat="46.8632197" lon="7.5447356">
        <ele>623.6</ele>
        <time>2026-09-15T15:20:23Z</time>
        <extensions>
          <gpxdata:distance>17087.68</gpxdata:distance>
          <gpxdata:speed>0.981</gpxdata:speed>
        </extensions>
      </trkpt>
      <trkpt lat="46.8632557" lon="7.5447486">
        <ele>623.0</ele>
        <time>2026-09-15T15:20:27Z</time>
        <extensions>
          <gpxdata:distance>17091.80</gpxdata:distance>
          <gpxdata:speed>0.978</gpxdata:speed>
        </extensions>
      </trkpt>
      <trkpt lat="46.8633007" lon="7.5447486">
        <ele>622.3</ele>
        <time>2026-09-15T15:20:32Z</time>
        <extensions>
          <gpxdata:distance>17096.81</gpxdata:distance>
          <gpxdata:speed>0.967</gpxdata:speed>
        </extensions>
      </trkpt>
      <trkpt lat="46.8633907" lon="7.5447486">
        <ele>620.9</ele>
        <time>2026-09-15T15:20:43Z</time>
        <extensions>
          <gpxdata:distance>17106.81</gpxdata:distance>
          <gpxdata:speed>0.948</gpxdata:speed>
        </extensions>
      </trkpt>
      <trkpt lat="46.8634987" lon="7.5447356">
        <ele>619.4</ele>
        <time>2026-09-15T15:20:56Z</time>
        <extensions>
          <gpxdata:distance>17118.86</gpxdata:distance>
          <gpxdata:speed>0.931</gpxdata:speed>
        </extensions>
      </trkpt>
      <trkpt lat="46.8636697" lon="7.5447096">
        <ele>617.3</ele>
        <time>2026-09-15T15:21:17Z</time>
        <extensions>
          <gpxdata:distance>17137.98</gpxdata:distance>
          <gpxdata:speed>0.898</gpxdata:speed>
        </extensions>
      </trkpt>
      <trkpt lat="46.8636697" lon="7.5447096">
        <ele>617.3</ele>
        <time>2026-09-15T15:21:17Z</time>
        <extensions>
          <gpxdata:distance>17137.98</gpxdata:distance>
          <gpxdata:speed>0.000</gpxdata:speed>
        </extensions>
      </trkpt>
      <trkpt lat="46.8636787" lon="7.5447357">
        <ele>617.2</ele>
        <time>2026-09-15T15:21:19Z</time>
        <extensions>
          <gpxdata:distance>17140.20</gpxdata:distance>
          <gpxdata:speed>0.913</gpxdata:speed>
        </extensions>
      </trkpt>
      <trkpt lat="46.8637057" lon="7.5447757">
        <ele>615.5</ele>
        <time>2026-09-15T15:21:24Z</time>
        <extensions>
          <gpxdata:distance>17144.47</gpxdata:distance>
          <gpxdata:speed>0.933</gpxdata:speed>
        </extensions>
      </trkpt>
      <trkpt lat="46.8637327" lon="7.5447757">
        <ele>614.3</ele>
        <time>2026-09-15T15:21:27Z</time>
        <extensions>
          <gpxdata:distance>17147.48</gpxdata:distance>
          <gpxdata:speed>0.933</gpxdata:speed>
        </extensions>
      </trkpt>
      <trkpt lat="46.8638587" lon="7.5447757">
        <ele>610.7</ele>
        <time>2026-09-15T15:21:43Z</time>
        <extensions>
          <gpxdata:distance>17161.49</gpxdata:distance>
          <gpxdata:speed>0.904</gpxdata:speed>
        </extensions>
      </trkpt>
      <trkpt lat="46.8638947" lon="7.5447887">
        <ele>609.7</ele>
        <time>2026-09-15T15:21:47Z</time>
        <extensions>
          <gpxdata:distance>17165.61</gpxdata:distance>
          <gpxdata:speed>0.895</gpxdata:speed>
        </extensions>
      </trkpt>
      <trkpt lat="46.8639207" lon="7.5448027">
        <ele>608.6</ele>
        <time>2026-09-15T15:21:51Z</time>
        <extensions>
          <gpxdata:distance>17168.69</gpxdata:distance>
          <gpxdata:speed>0.874</gpxdata:speed>
        </extensions>
      </trkpt>
      <trkpt lat="46.8639567" lon="7.5448417">
        <ele>607.7</ele>
        <time>2026-09-15T15:21:56Z</time>
        <extensions>
          <gpxdata:distance>17173.67</gpxdata:distance>
          <gpxdata:speed>0.872</gpxdata:speed>
        </extensions>
      </trkpt>
      <trkpt lat="46.8640017" lon="7.5448947">
        <ele>606.7</ele>
        <time>2026-09-15T15:22:04Z</time>
        <extensions>
          <gpxdata:distance>17180.10</gpxdata:distance>
          <gpxdata:speed>0.872</gpxdata:speed>
        </extensions>
      </trkpt>
      <trkpt lat="46.8640197" lon="7.5449077">
        <ele>606.4</ele>
        <time>2026-09-15T15:22:06Z</time>
        <extensions>
          <gpxdata:distance>17182.33</gpxdata:distance>
          <gpxdata:speed>0.872</gpxdata:speed>
        </extensions>
      </trkpt>
      <trkpt lat="46.8640197" lon="7.5449077">
        <ele>606.4</ele>
        <time>2026-09-15T15:22:06Z</time>
        <extensions>
          <gpxdata:distance>17182.33</gpxdata:distance>
          <gpxdata:speed>0.000</gpxdata:speed>
        </extensions>
      </trkpt>
      <trkpt lat="46.8640107" lon="7.5449597">
        <ele>606.0</ele>
        <time>2026-09-15T15:22:11Z</time>
        <extensions>
          <gpxdata:distance>17186.41</gpxdata:distance>
          <gpxdata:speed>0.872</gpxdata:speed>
        </extensions>
      </trkpt>
      <trkpt lat="46.8640017" lon="7.5449987">
        <ele>605.6</ele>
        <time>2026-09-15T15:22:15Z</time>
        <extensions>
          <gpxdata:distance>17189.54</gpxdata:distance>
          <gpxdata:speed>0.872</gpxdata:speed>
        </extensions>
      </trkpt>
      <trkpt lat="46.8640017" lon="7.5449987">
        <ele>605.6</ele>
        <time>2026-09-15T15:22:15Z</time>
        <extensions>
          <gpxdata:distance>17189.54</gpxdata:distance>
          <gpxdata:speed>0.000</gpxdata:speed>
        </extensions>
      </trkpt>
      <trkpt lat="46.8640377" lon="7.5450127">
        <ele>605.2</ele>
        <time>2026-09-15T15:22:19Z</time>
        <extensions>
          <gpxdata:distance>17193.68</gpxdata:distance>
          <gpxdata:speed>0.926</gpxdata:speed>
        </extensions>
      </trkpt>
      <trkpt lat="46.8640647" lon="7.5450257">
        <ele>604.7</ele>
        <time>2026-09-15T15:22:22Z</time>
        <extensions>
          <gpxdata:distance>17196.84</gpxdata:distance>
          <gpxdata:speed>0.930</gpxdata:speed>
        </extensions>
      </trkpt>
      <trkpt lat="46.8640647" lon="7.5450257">
        <ele>604.7</ele>
        <time>2026-09-15T15:22:22Z</time>
        <extensions>
          <gpxdata:distance>17196.84</gpxdata:distance>
          <gpxdata:speed>0.000</gpxdata:speed>
        </extensions>
      </trkpt>
      <trkpt lat="46.8641007" lon="7.5450907">
        <ele>602.7</ele>
        <time>2026-09-15T15:22:29Z</time>
        <extensions>
          <gpxdata:distance>17203.20</gpxdata:distance>
          <gpxdata:speed>0.908</gpxdata:speed>
        </extensions>
      </trkpt>
      <trkpt lat="46.8641097" lon="7.5451047">
        <ele>601.4</ele>
        <time>2026-09-15T15:22:31Z</time>
        <extensions>
          <gpxdata:distance>17204.66</gpxdata:distance>
          <gpxdata:speed>0.872</gpxdata:speed>
        </extensions>
      </trkpt>
      <trkpt lat="46.8641547" lon="7.5451437">
        <ele>599.2</ele>
        <time>2026-09-15T15:22:38Z</time>
        <extensions>
          <gpxdata:distance>17210.48</gpxdata:distance>
          <gpxdata:speed>0.872</gpxdata:speed>
        </extensions>
      </trkpt>
      <trkpt lat="46.8641997" lon="7.5451697">
        <ele>597.5</ele>
        <time>2026-09-15T15:22:44Z</time>
        <extensions>
          <gpxdata:distance>17215.86</gpxdata:distance>
          <gpxdata:speed>0.872</gpxdata:speed>
        </extensions>
      </trkpt>
      <trkpt lat="46.8642537" lon="7.5451697">
        <ele>596.2</ele>
        <time>2026-09-15T15:22:51Z</time>
        <extensions>
          <gpxdata:distance>17221.86</gpxdata:distance>
          <gpxdata:speed>0.872</gpxdata:speed>
        </extensions>
      </trkpt>
      <trkpt lat="46.8643077" lon="7.5451437">
        <ele>595.2</ele>
        <time>2026-09-15T15:22:58Z</time>
        <extensions>
          <gpxdata:distance>17228.18</gpxdata:distance>
          <gpxdata:speed>0.872</gpxdata:speed>
        </extensions>
      </trkpt>
      <trkpt lat="46.8643347" lon="7.5451307">
        <ele>594.2</ele>
        <time>2026-09-15T15:23:02Z</time>
        <extensions>
          <gpxdata:distance>17231.34</gpxdata:distance>
          <gpxdata:speed>0.872</gpxdata:speed>
        </extensions>
      </trkpt>
      <trkpt lat="46.8643707" lon="7.5451047">
        <ele>594.1</ele>
        <time>2026-09-15T15:23:07Z</time>
        <extensions>
          <gpxdata:distance>17235.81</gpxdata:distance>
          <gpxdata:speed>0.872</gpxdata:speed>
        </extensions>
      </trkpt>
      <trkpt lat="46.8644247" lon="7.5450657">
        <ele>593.5</ele>
        <time>2026-09-15T15:23:15Z</time>
        <extensions>
          <gpxdata:distance>17242.51</gpxdata:distance>
          <gpxdata:speed>0.872</gpxdata:speed>
        </extensions>
      </trkpt>
      <trkpt lat="46.8644607" lon="7.5450397">
        <ele>593.0</ele>
        <time>2026-09-15T15:23:20Z</time>
        <extensions>
          <gpxdata:distance>17246.97</gpxdata:distance>
          <gpxdata:speed>0.872</gpxdata:speed>
        </extensions>
      </trkpt>
      <trkpt lat="46.8644787" lon="7.5450397">
        <ele>592.7</ele>
        <time>2026-09-15T15:23:22Z</time>
        <extensions>
          <gpxdata:distance>17248.97</gpxdata:distance>
          <gpxdata:speed>0.877</gpxdata:speed>
        </extensions>
      </trkpt>
      <trkpt lat="46.8645147" lon="7.5450527">
        <ele>592.1</ele>
        <time>2026-09-15T15:23:26Z</time>
        <extensions>
          <gpxdata:distance>17253.09</gpxdata:distance>
          <gpxdata:speed>0.917</gpxdata:speed>
        </extensions>
      </trkpt>
      <trkpt lat="46.8645417" lon="7.5450787">
        <ele>591.4</ele>
        <time>2026-09-15T15:23:30Z</time>
        <extensions>
          <gpxdata:distance>17256.69</gpxdata:distance>
          <gpxdata:speed>0.940</gpxdata:speed>
        </extensions>
      </trkpt>
      <trkpt lat="46.8646047" lon="7.5451317">
        <ele>588.7</ele>
        <time>2026-09-15T15:23:39Z</time>
        <extensions>
          <gpxdata:distance>17264.77</gpxdata:distance>
          <gpxdata:speed>0.906</gpxdata:speed>
        </extensions>
      </trkpt>
      <trkpt lat="46.8647307" lon="7.5452237">
        <ele>583.6</ele>
        <time>2026-09-15T15:23:57Z</time>
        <extensions>
          <gpxdata:distance>17280.43</gpxdata:distance>
          <gpxdata:speed>0.872</gpxdata:speed>
        </extensions>
      </trkpt>
      <trkpt lat="46.8647667" lon="7.5452627">
        <ele>581.7</ele>
        <time>2026-09-15T15:24:03Z</time>
        <extensions>
          <gpxdata:distance>17285.41</gpxdata:distance>
          <gpxdata:speed>0.872</gpxdata:speed>
        </extensions>
      </trkpt>
      <trkpt lat="46.8648297" lon="7.5453027">
        <ele>578.7</ele>
        <time>2026-09-15T15:24:12Z</time>
        <extensions>
          <gpxdata:distance>17293.05</gpxdata:distance>
          <gpxdata:speed>0.872</gpxdata:speed>
        </extensions>
      </trkpt>
      <trkpt lat="46.8649007" lon="7.5453547">
        <ele>575.7</ele>
        <time>2026-09-15T15:24:22Z</time>
        <extensions>
          <gpxdata:distance>17301.88</gpxdata:distance>
          <gpxdata:speed>0.872</gpxdata:speed>
        </extensions>
      </trkpt>
      <trkpt lat="46.8649997" lon="7.5453817">
        <ele>571.0</ele>
        <time>2026-09-15T15:24:35Z</time>
        <extensions>
          <gpxdata:distance>17313.08</gpxdata:distance>
          <gpxdata:speed>0.872</gpxdata:speed>
        </extensions>
      </trkpt>
      <trkpt lat="46.8650537" lon="7.5453817">
        <ele>568.5</ele>
        <time>2026-09-15T15:24:41Z</time>
        <extensions>
          <gpxdata:distance>17319.08</gpxdata:distance>
          <gpxdata:speed>0.872</gpxdata:speed>
        </extensions>
      </trkpt>
      <trkpt lat="46.8650807" lon="7.5453947">
        <ele>566.4</ele>
        <time>2026-09-15T15:24:45Z</time>
        <extensions>
          <gpxdata:distance>17322.24</gpxdata:distance>
          <gpxdata:speed>0.872</gpxdata:speed>
        </extensions>
      </trkpt>
      <trkpt lat="46.8651257" lon="7.5454337">
        <ele>563.6</ele>
        <time>2026-09-15T15:24:52Z</time>
        <extensions>
          <gpxdata:distance>17328.06</gpxdata:distance>
          <gpxdata:speed>0.872</gpxdata:speed>
        </extensions>
      </trkpt>
      <trkpt lat="46.8651437" lon="7.5454607">
        <ele>562.7</ele>
        <time>2026-09-15T15:24:55Z</time>
        <extensions>
          <gpxdata:distance>17330.92</gpxdata:distance>
          <gpxdata:speed>0.872</gpxdata:speed>
        </extensions>
      </trkpt>
      <trkpt lat="46.8651527" lon="7.5454867">
        <ele>562.2</ele>
        <time>2026-09-15T15:24:58Z</time>
        <extensions>
          <gpxdata:distance>17333.14</gpxdata:distance>
          <gpxdata:speed>0.872</gpxdata:speed>
        </extensions>
      </trkpt>
      <trkpt lat="46.8651347" lon="7.5454997">
        <ele>561.8</ele>
        <time>2026-09-15T15:25:00Z</time>
        <extensions>
          <gpxdata:distance>17335.37</gpxdata:distance>
          <gpxdata:speed>0.872</gpxdata:speed>
        </extensions>
      </trkpt>
      <trkpt lat="46.8651167" lon="7.5455257">
        <ele>561.4</ele>
        <time>2026-09-15T15:25:03Z</time>
        <extensions>
          <gpxdata:distance>17338.19</gpxdata:distance>
          <gpxdata:speed>0.872</gpxdata:speed>
        </extensions>
      </trkpt>
      <trkpt lat="46.8651167" lon="7.5455387">
        <ele>561.1</ele>
        <time>2026-09-15T15:25:05Z</time>
        <extensions>
          <gpxdata:distance>17339.17</gpxdata:distance>
          <gpxdata:speed>0.872</gpxdata:speed>
        </extensions>
      </trkpt>
      <trkpt lat="46.8651347" lon="7.5455657">
        <ele>561.0</ele>
        <time>2026-09-15T15:25:08Z</time>
        <extensions>
          <gpxdata:distance>17342.04</gpxdata:distance>
          <gpxdata:speed>0.872</gpxdata:speed>
        </extensions>
      </trkpt>
      <trkpt lat="46.8651347" lon="7.5455657">
        <ele>561.0</ele>
        <time>2026-09-15T15:25:08Z</time>
        <extensions>
          <gpxdata:distance>17342.04</gpxdata:distance>
          <gpxdata:speed>0.000</gpxdata:speed>
        </extensions>
      </trkpt>
      <trkpt lat="46.8651617" lon="7.5455787">
        <ele>560.4</ele>
        <time>2026-09-15T15:25:11Z</time>
        <extensions>
          <gpxdata:distance>17345.20</gpxdata:distance>
          <gpxdata:speed>0.872</gpxdata:speed>
        </extensions>
      </trkpt>
      <trkpt lat="46.8651977" lon="7.5456177">
        <ele>559.0</ele>
        <time>2026-09-15T15:25:17Z</time>
        <extensions>
          <gpxdata:distance>17350.18</gpxdata:distance>
          <gpxdata:speed>0.872</gpxdata:speed>
        </extensions>
      </trkpt>
      <trkpt lat="46.8652517" lon="7.5456967">
        <ele>555.6</ele>
        <time>2026-09-15T15:25:27Z</time>
        <extensions>
          <gpxdata:distance>17358.68</gpxdata:distance>
          <gpxdata:speed>0.872</gpxdata:speed>
        </extensions>
      </trkpt>
      <trkpt lat="46.8653417" lon="7.5458277">
        <ele>551.3</ele>
        <time>2026-09-15T15:25:43Z</time>
        <extensions>
          <gpxdata:distance>17372.79</gpxdata:distance>
          <gpxdata:speed>0.872</gpxdata:speed>
        </extensions>
      </trkpt>
      <trkpt lat="46.8654047" lon="7.5459067">
        <ele>550.3</ele>
        <time>2026-09-15T15:25:54Z</time>
        <extensions>
          <gpxdata:distance>17382.02</gpxdata:distance>
          <gpxdata:speed>0.872</gpxdata:speed>
        </extensions>
      </trkpt>
      <trkpt lat="46.8654407" lon="7.5459987">
        <ele>549.1</ele>
        <time>2026-09-15T15:26:03Z</time>
        <extensions>
          <gpxdata:distance>17390.08</gpxdata:distance>
          <gpxdata:speed>0.872</gpxdata:speed>
        </extensions>
      </trkpt>
      <trkpt lat="46.8654847" lon="7.5461037">
        <ele>548.0</ele>
        <time>2026-09-15T15:26:14Z</time>
        <extensions>
          <gpxdata:distance>17399.44</gpxdata:distance>
          <gpxdata:speed>0.872</gpxdata:speed>
        </extensions>
      </trkpt>
      <trkpt lat="46.8655117" lon="7.5461827">
        <ele>547.1</ele>
        <time>2026-09-15T15:26:21Z</time>
        <extensions>
          <gpxdata:distance>17406.16</gpxdata:distance>
          <gpxdata:speed>0.872</gpxdata:speed>
        </extensions>
      </trkpt>
      <trkpt lat="46.8655297" lon="7.5461957">
        <ele>546.7</ele>
        <time>2026-09-15T15:26:24Z</time>
        <extensions>
          <gpxdata:distance>17408.39</gpxdata:distance>
          <gpxdata:speed>0.872</gpxdata:speed>
        </extensions>
      </trkpt>
      <trkpt lat="46.8655657" lon="7.5462087">
        <ele>546.4</ele>
        <time>2026-09-15T15:26:29Z</time>
        <extensions>
          <gpxdata:distance>17412.51</gpxdata:distance>
          <gpxdata:speed>0.872</gpxdata:speed>
        </extensions>
      </trkpt>
      <trkpt lat="46.8656107" lon="7.5462087">
        <ele>545.7</ele>
        <time>2026-09-15T15:26:34Z</time>
        <extensions>
          <gpxdata:distance>17417.52</gpxdata:distance>
          <gpxdata:speed>0.875</gpxdata:speed>
        </extensions>
      </trkpt>
      <trkpt lat="46.8656647" lon="7.5461827">
        <ele>545.1</ele>
        <time>2026-09-15T15:26:41Z</time>
        <extensions>
          <gpxdata:distance>17423.84</gpxdata:distance>
          <gpxdata:speed>0.925</gpxdata:speed>
        </extensions>
      </trkpt>
      <trkpt lat="46.8658447" lon="7.5460777">
        <ele>546.2</ele>
        <time>2026-09-15T15:27:04Z</time>
        <extensions>
          <gpxdata:distance>17445.39</gpxdata:distance>
          <gpxdata:speed>0.926</gpxdata:speed>
        </extensions>
      </trkpt>
      <trkpt lat="46.8659167" lon="7.5460517">
        <ele>545.9</ele>
        <time>2026-09-15T15:27:13Z</time>
        <extensions>
          <gpxdata:distance>17453.63</gpxdata:distance>
          <gpxdata:speed>0.936</gpxdata:speed>
        </extensions>
      </trkpt>
      <trkpt lat="46.8659617" lon="7.5460257">
        <ele>545.5</ele>
        <time>2026-09-15T15:27:19Z</time>
        <extensions>
          <gpxdata:distance>17459.01</gpxdata:distance>
          <gpxdata:speed>0.946</gpxdata:speed>
        </extensions>
      </trkpt>
      <trkpt lat="46.8660157" lon="7.5459347">
        <ele>544.6</ele>
        <time>2026-09-15T15:27:29Z</time>
        <extensions>
          <gpxdata:distance>17468.17</gpxdata:distance>
          <gpxdata:speed>0.949</gpxdata:speed>
        </extensions>
      </trkpt>
      <trkpt lat="46.8660427" lon="7.5458947">
        <ele>544.1</ele>
        <time>2026-09-15T15:27:33Z</time>
        <extensions>
          <gpxdata:distance>17472.45</gpxdata:distance>
          <gpxdata:speed>0.954</gpxdata:speed>
        </extensions>
      </trkpt>
      <trkpt lat="46.8660787" lon="7.5458687">
        <ele>543.1</ele>
        <time>2026-09-15T15:27:38Z</time>
        <extensions>
          <gpxdata:distance>17476.91</gpxdata:distance>
          <gpxdata:speed>0.945</gpxdata:speed>
        </extensions>
      </trkpt>
      <trkpt lat="46.8661147" lon="7.5458557">
        <ele>541.8</ele>
        <time>2026-09-15T15:27:42Z</time>
        <extensions>
          <gpxdata:distance>17481.04</gpxdata:distance>
          <gpxdata:speed>0.930</gpxdata:speed>
        </extensions>
      </trkpt>
      <trkpt lat="46.8661507" lon="7.5458557">
        <ele>539.9</ele>
        <time>2026-09-15T15:27:47Z</time>
        <extensions>
          <gpxdata:distance>17485.04</gpxdata:distance>
          <gpxdata:speed>0.910</gpxdata:speed>
        </extensions>
      </trkpt>
      <trkpt lat="46.8661867" lon="7.5458557">
        <ele>538.2</ele>
        <time>2026-09-15T15:27:51Z</time>
        <extensions>
          <gpxdata:distance>17489.04</gpxdata:distance>
          <gpxdata:speed>0.900</gpxdata:speed>
        </extensions>
      </trkpt>
      <trkpt lat="46.8662227" lon="7.5458827">
        <ele>535.8</ele>
        <time>2026-09-15T15:27:56Z</time>
        <extensions>
          <gpxdata:distance>17493.54</gpxdata:distance>
          <gpxdata:speed>0.872</gpxdata:speed>
        </extensions>
      </trkpt>
      <trkpt lat="46.8662587" lon="7.5459217">
        <ele>533.2</ele>
        <time>2026-09-15T15:28:02Z</time>
        <extensions>
          <gpxdata:distance>17498.52</gpxdata:distance>
          <gpxdata:speed>0.872</gpxdata:speed>
        </extensions>
      </trkpt>
      <trkpt lat="46.8663037" lon="7.5459477">
        <ele>530.7</ele>
        <time>2026-09-15T15:28:08Z</time>
        <extensions>
          <gpxdata:distance>17503.90</gpxdata:distance>
          <gpxdata:speed>0.872</gpxdata:speed>
        </extensions>
      </trkpt>
      <trkpt lat="46.8663307" lon="7.5459477">
        <ele>529.5</ele>
        <time>2026-09-15T15:28:12Z</time>
        <extensions>
          <gpxdata:distance>17506.90</gpxdata:distance>
          <gpxdata:speed>0.872</gpxdata:speed>
        </extensions>
      </trkpt>
      <trkpt lat="46.8663487" lon="7.5459217">
        <ele>529.2</ele>
        <time>2026-09-15T15:28:15Z</time>
        <extensions>
          <gpxdata:distance>17509.72</gpxdata:distance>
          <gpxdata:speed>0.872</gpxdata:speed>
        </extensions>
      </trkpt>
      <trkpt lat="46.8663847" lon="7.5458827">
        <ele>528.7</ele>
        <time>2026-09-15T15:28:21Z</time>
        <extensions>
          <gpxdata:distance>17514.70</gpxdata:distance>
          <gpxdata:speed>0.872</gpxdata:speed>
        </extensions>
      </trkpt>
      <trkpt lat="46.8664387" lon="7.5458167">
        <ele>528.0</ele>
        <time>2026-09-15T15:28:29Z</time>
        <extensions>
          <gpxdata:distance>17522.52</gpxdata:distance>
          <gpxdata:speed>0.872</gpxdata:speed>
        </extensions>
      </trkpt>
      <trkpt lat="46.8665017" lon="7.5457777">
        <ele>527.2</ele>
        <time>2026-09-15T15:28:38Z</time>
        <extensions>
          <gpxdata:distance>17530.13</gpxdata:distance>
          <gpxdata:speed>0.872</gpxdata:speed>
        </extensions>
      </trkpt>
      <trkpt lat="46.8665377" lon="7.5457387">
        <ele>526.6</ele>
        <time>2026-09-15T15:28:44Z</time>
        <extensions>
          <gpxdata:distance>17535.11</gpxdata:distance>
          <gpxdata:speed>0.872</gpxdata:speed>
        </extensions>
      </trkpt>
      <trkpt lat="46.8665377" lon="7.5457387">
        <ele>526.6</ele>
        <time>2026-09-15T15:28:44Z</time>
        <extensions>
          <gpxdata:distance>17535.11</gpxdata:distance>
          <gpxdata:speed>0.000</gpxdata:speed>
        </extensions>
      </trkpt>
      <trkpt lat="46.8665737" lon="7.5457127">
        <ele>526.5</ele>
        <time>2026-09-15T15:28:49Z</time>
        <extensions>
          <gpxdata:distance>17539.58</gpxdata:distance>
          <gpxdata:speed>0.922</gpxdata:speed>
        </extensions>
      </trkpt>
      <trkpt lat="46.8665737" lon="7.5457127">
        <ele>526.5</ele>
        <time>2026-09-15T15:28:49Z</time>
        <extensions>
          <gpxdata:distance>17539.58</gpxdata:distance>
          <gpxdata:speed>0.000</gpxdata:speed>
        </extensions>
      </trkpt>
      <trkpt lat="46.8666097" lon="7.5457258">
        <ele>525.9</ele>
        <time>2026-09-15T15:28:53Z</time>
        <extensions>
          <gpxdata:distance>17543.70</gpxdata:distance>
          <gpxdata:speed>0.897</gpxdata:speed>
        </extensions>
      </trkpt>
      <trkpt lat="46.8666457" lon="7.5457778">
        <ele>525.7</ele>
        <time>2026-09-15T15:29:00Z</time>
        <extensions>
          <gpxdata:distance>17549.33</gpxdata:distance>
          <gpxdata:speed>0.907</gpxdata:speed>
        </extensions>
      </trkpt>
      <trkpt lat="46.8667177" lon="7.5458968">
        <ele>525.2</ele>
        <time>2026-09-15T15:29:13Z</time>
        <extensions>
          <gpxdata:distance>17561.41</gpxdata:distance>
          <gpxdata:speed>0.921</gpxdata:speed>
        </extensions>
      </trkpt>
      <trkpt lat="46.8667357" lon="7.5459228">
        <ele>525.1</ele>
        <time>2026-09-15T15:29:16Z</time>
        <extensions>
          <gpxdata:distance>17564.22</gpxdata:distance>
          <gpxdata:speed>0.927</gpxdata:speed>
        </extensions>
      </trkpt>
      <trkpt lat="46.8667807" lon="7.5459228">
        <ele>525.1</ele>
        <time>2026-09-15T15:29:21Z</time>
        <extensions>
          <gpxdata:distance>17569.22</gpxdata:distance>
          <gpxdata:speed>0.944</gpxdata:speed>
        </extensions>
      </trkpt>
      <trkpt lat="46.8668167" lon="7.5459098">
        <ele>525.1</ele>
        <time>2026-09-15T15:29:25Z</time>
        <extensions>
          <gpxdata:distance>17573.35</gpxdata:distance>
          <gpxdata:speed>0.962</gpxdata:speed>
        </extensions>
      </trkpt>
      <trkpt lat="46.8668527" lon="7.5458968">
        <ele>525.1</ele>
        <time>2026-09-15T15:29:30Z</time>
        <extensions>
          <gpxdata:distance>17577.47</gpxdata:distance>
          <gpxdata:speed>0.967</gpxdata:speed>
        </extensions>
      </trkpt>
      <trkpt lat="46.8668527" lon="7.5458968">
        <ele>525.1</ele>
        <time>2026-09-15T15:29:30Z</time>
        <extensions>
          <gpxdata:distance>17577.47</gpxdata:distance>
          <gpxdata:speed>0.000</gpxdata:speed>
        </extensions>
      </trkpt>
      <trkpt lat="46.8668797" lon="7.5459758">
        <ele>525.2</ele>
        <time>2026-09-15T15:29:36Z</time>
        <extensions>
          <gpxdata:distance>17584.19</gpxdata:distance>
          <gpxdata:speed>0.975</gpxdata:speed>
        </extensions>
      </trkpt>
      <trkpt lat="46.8668797" lon="7.5459758">
        <ele>525.2</ele>
        <time>2026-09-15T15:29:36Z</time>
        <extensions>
          <gpxdata:distance>17584.19</gpxdata:distance>
          <gpxdata:speed>0.000</gpxdata:speed>
        </extensions>
      </trkpt>
      <trkpt lat="46.8670677" lon="7.5466708">
        <ele>525.0</ele>
        <time>2026-09-15T15:30:33Z</time>
        <extensions>
          <gpxdata:distance>17641.01</gpxdata:distance>
          <gpxdata:speed>1.003</gpxdata:speed>
        </extensions>
      </trkpt>
      <trkpt lat="46.8670677" lon="7.5466708">
        <ele>525.0</ele>
        <time>2026-09-15T15:30:33Z</time>
        <extensions>
          <gpxdata:distance>17641.01</gpxdata:distance>
          <gpxdata:speed>0.000</gpxdata:speed>
        </extensions>
      </trkpt>
      <trkpt lat="46.8670767" lon="7.5466968">
        <ele>524.8</ele>
        <time>2026-09-15T15:30:35Z</time>
        <extensions>
          <gpxdata:distance>17643.22</gpxdata:distance>
          <gpxdata:speed>1.008</gpxdata:speed>
        </extensions>
      </trkpt>
      <trkpt lat="46.8670767" lon="7.5467498">
        <ele>524.7</ele>
        <time>2026-09-15T15:30:39Z</time>
        <extensions>
          <gpxdata:distance>17647.25</gpxdata:distance>
          <gpxdata:speed>1.006</gpxdata:speed>
        </extensions>
      </trkpt>
      <trkpt lat="46.8670677" lon="7.5468018">
        <ele>524.3</ele>
        <time>2026-09-15T15:30:43Z</time>
        <extensions>
          <gpxdata:distance>17651.33</gpxdata:distance>
          <gpxdata:speed>0.999</gpxdata:speed>
        </extensions>
      </trkpt>
      <trkpt lat="46.8670497" lon="7.5468548">
        <ele>524.1</ele>
        <time>2026-09-15T15:30:48Z</time>
        <extensions>
          <gpxdata:distance>17655.83</gpxdata:distance>
          <gpxdata:speed>0.996</gpxdata:speed>
        </extensions>
      </trkpt>
      <trkpt lat="46.8670227" lon="7.5469328">
        <ele>523.8</ele>
        <time>2026-09-15T15:30:55Z</time>
        <extensions>
          <gpxdata:distance>17662.47</gpxdata:distance>
          <gpxdata:speed>0.993</gpxdata:speed>
        </extensions>
      </trkpt>
      <trkpt lat="46.8670227" lon="7.5469328">
        <ele>523.8</ele>
        <time>2026-09-15T15:30:55Z</time>
        <extensions>
          <gpxdata:distance>17662.47</gpxdata:distance>
          <gpxdata:speed>0.000</gpxdata:speed>
        </extensions>
      </trkpt>
      <trkpt lat="46.8668967" lon="7.5470378">
        <ele>523.6</ele>
        <time>2026-09-15T15:31:11Z</time>
        <extensions>
          <gpxdata:distance>17678.60</gpxdata:distance>
          <gpxdata:speed>0.991</gpxdata:speed>
        </extensions>
      </trkpt>
      <trkpt lat="46.8668967" lon="7.5470378">
        <ele>523.6</ele>
        <time>2026-09-15T15:31:11Z</time>
        <extensions>
          <gpxdata:distance>17678.60</gpxdata:distance>
          <gpxdata:speed>0.000</gpxdata:speed>
        </extensions>
      </trkpt>
      <trkpt lat="46.8668067" lon="7.5471168">
        <ele>523.7</ele>
        <time>2026-09-15T15:31:23Z</time>
        <extensions>
          <gpxdata:distance>17690.27</gpxdata:distance>
          <gpxdata:speed>0.978</gpxdata:speed>
        </extensions>
      </trkpt>
      <trkpt lat="46.8667347" lon="7.5471948">
        <ele>523.9</ele>
        <time>2026-09-15T15:31:33Z</time>
        <extensions>
          <gpxdata:distance>17700.23</gpxdata:distance>
          <gpxdata:speed>0.992</gpxdata:speed>
        </extensions>
      </trkpt>
      <trkpt lat="46.8666897" lon="7.5472468">
        <ele>524.2</ele>
        <time>2026-09-15T15:31:39Z</time>
        <extensions>
          <gpxdata:distance>17706.61</gpxdata:distance>
          <gpxdata:speed>1.002</gpxdata:speed>
        </extensions>
      </trkpt>
      <trkpt lat="46.8666897" lon="7.5472468">
        <ele>524.2</ele>
        <time>2026-09-15T15:31:39Z</time>
        <extensions>
          <gpxdata:distance>17706.61</gpxdata:distance>
          <gpxdata:speed>0.000</gpxdata:speed>
        </extensions>
      </trkpt>
      <trkpt lat="46.8666627" lon="7.5473258">
        <ele>524.4</ele>
        <time>2026-09-15T15:31:46Z</time>
        <extensions>
          <gpxdata:distance>17713.33</gpxdata:distance>
          <gpxdata:speed>0.999</gpxdata:speed>
        </extensions>
      </trkpt>
      <trkpt lat="46.8666357" lon="7.5473918">
        <ele>524.6</ele>
        <time>2026-09-15T15:31:52Z</time>
        <extensions>
          <gpxdata:distance>17719.17</gpxdata:distance>
          <gpxdata:speed>0.977</gpxdata:speed>
        </extensions>
      </trkpt>
      <trkpt lat="46.8666177" lon="7.5474698">
        <ele>524.9</ele>
        <time>2026-09-15T15:31:58Z</time>
        <extensions>
          <gpxdata:distance>17725.43</gpxdata:distance>
          <gpxdata:speed>0.968</gpxdata:speed>
        </extensions>
      </trkpt>
      <trkpt lat="46.8665987" lon="7.5475878">
        <ele>525.3</ele>
        <time>2026-09-15T15:32:08Z</time>
        <extensions>
          <gpxdata:distance>17734.65</gpxdata:distance>
          <gpxdata:speed>0.935</gpxdata:speed>
        </extensions>
      </trkpt>
      <trkpt lat="46.8665987" lon="7.5477058">
        <ele>525.7</ele>
        <time>2026-09-15T15:32:18Z</time>
        <extensions>
          <gpxdata:distance>17743.62</gpxdata:distance>
          <gpxdata:speed>0.930</gpxdata:speed>
        </extensions>
      </trkpt>
      <trkpt lat="46.8665987" lon="7.5478108">
        <ele>526.3</ele>
        <time>2026-09-15T15:32:27Z</time>
        <extensions>
          <gpxdata:distance>17751.60</gpxdata:distance>
          <gpxdata:speed>0.905</gpxdata:speed>
        </extensions>
      </trkpt>
      <trkpt lat="46.8666077" lon="7.5479688">
        <ele>526.8</ele>
        <time>2026-09-15T15:32:40Z</time>
        <extensions>
          <gpxdata:distance>17763.65</gpxdata:distance>
          <gpxdata:speed>0.896</gpxdata:speed>
        </extensions>
      </trkpt>
      <trkpt lat="46.8666616" lon="7.5485588">
        <ele>528.7</ele>
        <time>2026-09-15T15:33:30Z</time>
        <extensions>
          <gpxdata:distance>17808.91</gpxdata:distance>
          <gpxdata:speed>0.901</gpxdata:speed>
        </extensions>
      </trkpt>
      <trkpt lat="46.8666616" lon="7.5485588">
        <ele>528.7</ele>
        <time>2026-09-15T15:33:30Z</time>
        <extensions>
          <gpxdata:distance>17808.91</gpxdata:distance>
          <gpxdata:speed>0.000</gpxdata:speed>
        </extensions>
      </trkpt>
      <trkpt lat="46.8667856" lon="7.5498448">
        <ele>526.7</ele>
        <time>2026-09-15T15:35:11Z</time>
        <extensions>
          <gpxdata:distance>17907.64</gpxdata:distance>
          <gpxdata:speed>0.982</gpxdata:speed>
        </extensions>
      </trkpt>
      <trkpt lat="46.8667856" lon="7.5498448">
        <ele>526.7</ele>
        <time>2026-09-15T15:35:11Z</time>
        <extensions>
          <gpxdata:distance>17907.64</gpxdata:distance>
          <gpxdata:speed>0.000</gpxdata:speed>
        </extensions>
      </trkpt>
      <trkpt lat="46.8668216" lon="7.5501718">
        <ele>525.1</ele>
        <time>2026-09-15T15:35:36Z</time>
        <extensions>
          <gpxdata:distance>17932.82</gpxdata:distance>
          <gpxdata:speed>1.010</gpxdata:speed>
        </extensions>
      </trkpt>
      <trkpt lat="46.8668576" lon="7.5505398">
        <ele>523.7</ele>
        <time>2026-09-15T15:36:04Z</time>
        <extensions>
          <gpxdata:distance>17961.08</gpxdata:distance>
          <gpxdata:speed>1.003</gpxdata:speed>
        </extensions>
      </trkpt>
      <trkpt lat="46.8668576" lon="7.5505398">
        <ele>523.7</ele>
        <time>2026-09-15T15:36:04Z</time>
        <extensions>
          <gpxdata:distance>17961.08</gpxdata:distance>
          <gpxdata:speed>0.000</gpxdata:speed>
        </extensions>
      </trkpt>
      <trkpt lat="46.8668746" lon="7.5507228">
        <ele>523.5</ele>
        <time>2026-09-15T15:36:18Z</time>
        <extensions>
          <gpxdata:distance>17975.12</gpxdata:distance>
          <gpxdata:speed>0.996</gpxdata:speed>
        </extensions>
      </trkpt>
      <trkpt lat="46.8668746" lon="7.5507228">
        <ele>523.5</ele>
        <time>2026-09-15T15:36:18Z</time>
        <extensions>
          <gpxdata:distance>17975.12</gpxdata:distance>
          <gpxdata:speed>0.000</gpxdata:speed>
        </extensions>
      </trkpt>
      <trkpt lat="46.8668926" lon="7.5508808">
        <ele>523.1</ele>
        <time>2026-09-15T15:36:31Z</time>
        <extensions>
          <gpxdata:distance>17987.30</gpxdata:distance>
          <gpxdata:speed>0.972</gpxdata:speed>
        </extensions>
      </trkpt>
      <trkpt lat="46.8668926" lon="7.5508808">
        <ele>523.1</ele>
        <time>2026-09-15T15:36:31Z</time>
        <extensions>
          <gpxdata:distance>17987.30</gpxdata:distance>
          <gpxdata:speed>0.000</gpxdata:speed>
        </extensions>
      </trkpt>
      <trkpt lat="46.8669376" lon="7.5513918">
        <ele>523.0</ele>
        <time>2026-09-15T15:37:11Z</time>
        <extensions>
          <gpxdata:distance>18026.47</gpxdata:distance>
          <gpxdata:speed>0.972</gpxdata:speed>
        </extensions>
      </trkpt>
      <trkpt lat="46.8669996" lon="7.5520218">
        <ele>522.7</ele>
        <time>2026-09-15T15:38:00Z</time>
        <extensions>
          <gpxdata:distance>18074.86</gpxdata:distance>
          <gpxdata:speed>0.982</gpxdata:speed>
        </extensions>
      </trkpt>
      <trkpt lat="46.8670356" lon="7.5521798">
        <ele>522.7</ele>
        <time>2026-09-15T15:38:13Z</time>
        <extensions>
          <gpxdata:distance>18087.52</gpxdata:distance>
          <gpxdata:speed>0.992</gpxdata:speed>
        </extensions>
      </trkpt>
      <trkpt lat="46.8670356" lon="7.5521798">
        <ele>522.7</ele>
        <time>2026-09-15T15:38:13Z</time>
        <extensions>
          <gpxdata:distance>18087.52</gpxdata:distance>
          <gpxdata:speed>0.000</gpxdata:speed>
        </extensions>
      </trkpt>
      <trkpt lat="46.8670626" lon="7.5523108">
        <ele>522.6</ele>
        <time>2026-09-15T15:38:23Z</time>
        <extensions>
          <gpxdata:distance>18097.92</gpxdata:distance>
          <gpxdata:speed>1.002</gpxdata:speed>
        </extensions>
      </trkpt>
      <trkpt lat="46.8670986" lon="7.5524548">
        <ele>522.5</ele>
        <time>2026-09-15T15:38:35Z</time>
        <extensions>
          <gpxdata:distance>18109.58</gpxdata:distance>
          <gpxdata:speed>1.003</gpxdata:speed>
        </extensions>
      </trkpt>
      <trkpt lat="46.8671336" lon="7.5525598">
        <ele>522.5</ele>
        <time>2026-09-15T15:38:44Z</time>
        <extensions>
          <gpxdata:distance>18118.46</gpxdata:distance>
          <gpxdata:speed>1.003</gpxdata:speed>
        </extensions>
      </trkpt>
      <trkpt lat="46.8671336" lon="7.5525598">
        <ele>522.5</ele>
        <time>2026-09-15T15:38:44Z</time>
        <extensions>
          <gpxdata:distance>18118.46</gpxdata:distance>
          <gpxdata:speed>0.000</gpxdata:speed>
        </extensions>
      </trkpt>
      <trkpt lat="46.8671876" lon="7.5527308">
        <ele>522.2</ele>
        <time>2026-09-15T15:38:58Z</time>
        <extensions>
          <gpxdata:distance>18132.78</gpxdata:distance>
          <gpxdata:speed>1.004</gpxdata:speed>
        </extensions>
      </trkpt>
      <trkpt lat="46.8672416" lon="7.5528618">
        <ele>522.3</ele>
        <time>2026-09-15T15:39:10Z</time>
        <extensions>
          <gpxdata:distance>18144.41</gpxdata:distance>
          <gpxdata:speed>1.005</gpxdata:speed>
        </extensions>
      </trkpt>
      <trkpt lat="46.8672866" lon="7.5529668">
        <ele>522.3</ele>
        <time>2026-09-15T15:39:19Z</time>
        <extensions>
          <gpxdata:distance>18153.83</gpxdata:distance>
          <gpxdata:speed>1.006</gpxdata:speed>
        </extensions>
      </trkpt>
      <trkpt lat="46.8673316" lon="7.5530718">
        <ele>522.2</ele>
        <time>2026-09-15T15:39:28Z</time>
        <extensions>
          <gpxdata:distance>18163.25</gpxdata:distance>
          <gpxdata:speed>1.004</gpxdata:speed>
        </extensions>
      </trkpt>
      <trkpt lat="46.8673316" lon="7.5530718">
        <ele>522.2</ele>
        <time>2026-09-15T15:39:28Z</time>
        <extensions>
          <gpxdata:distance>18163.25</gpxdata:distance>
          <gpxdata:speed>0.000</gpxdata:speed>
        </extensions>
      </trkpt>
      <trkpt lat="46.8674126" lon="7.5532298">
        <ele>522.3</ele>
        <time>2026-09-15T15:39:43Z</time>
        <extensions>
          <gpxdata:distance>18178.26</gpxdata:distance>
          <gpxdata:speed>1.008</gpxdata:speed>
        </extensions>
      </trkpt>
      <trkpt lat="46.8675376" lon="7.5534398">
        <ele>522.4</ele>
        <time>2026-09-15T15:40:04Z</time>
        <extensions>
          <gpxdata:distance>18199.43</gpxdata:distance>
          <gpxdata:speed>1.011</gpxdata:speed>
        </extensions>
      </trkpt>
      <trkpt lat="46.8676996" lon="7.5537158">
        <ele>522.4</ele>
        <time>2026-09-15T15:40:32Z</time>
        <extensions>
          <gpxdata:distance>18227.08</gpxdata:distance>
          <gpxdata:speed>1.011</gpxdata:speed>
        </extensions>
      </trkpt>
      <trkpt lat="46.8676996" lon="7.5537158">
        <ele>522.4</ele>
        <time>2026-09-15T15:40:32Z</time>
        <extensions>
          <gpxdata:distance>18227.08</gpxdata:distance>
          <gpxdata:speed>0.000</gpxdata:speed>
        </extensions>
      </trkpt>
      <trkpt lat="46.8679506" lon="7.5541618">
        <ele>522.8</ele>
        <time>2026-09-15T15:41:15Z</time>
        <extensions>
          <gpxdata:distance>18271.00</gpxdata:distance>
          <gpxdata:speed>1.001</gpxdata:speed>
        </extensions>
      </trkpt>
      <trkpt lat="46.8679506" lon="7.5541618">
        <ele>522.8</ele>
        <time>2026-09-15T15:41:15Z</time>
        <extensions>
          <gpxdata:distance>18271.00</gpxdata:distance>
          <gpxdata:speed>0.000</gpxdata:speed>
        </extensions>
      </trkpt>
      <trkpt lat="46.8679866" lon="7.5541228">
        <ele>522.7</ele>
        <time>2026-09-15T15:41:20Z</time>
        <extensions>
          <gpxdata:distance>18275.98</gpxdata:distance>
          <gpxdata:speed>1.004</gpxdata:speed>
        </extensions>
      </trkpt>
      <trkpt lat="46.8680676" lon="7.5540308">
        <ele>522.0</ele>
        <time>2026-09-15T15:41:32Z</time>
        <extensions>
          <gpxdata:distance>18287.38</gpxdata:distance>
          <gpxdata:speed>1.010</gpxdata:speed>
        </extensions>
      </trkpt>
      <trkpt lat="46.8681666" lon="7.5539388">
        <ele>521.9</ele>
        <time>2026-09-15T15:41:45Z</time>
        <extensions>
          <gpxdata:distance>18300.43</gpxdata:distance>
          <gpxdata:speed>1.010</gpxdata:speed>
        </extensions>
      </trkpt>
      <trkpt lat="46.8682846" lon="7.5538348">
        <ele>522.1</ele>
        <time>2026-09-15T15:42:00Z</time>
        <extensions>
          <gpxdata:distance>18315.74</gpxdata:distance>
          <gpxdata:speed>1.011</gpxdata:speed>
        </extensions>
      </trkpt>
      <trkpt lat="46.8683296" lon="7.5538088">
        <ele>522.1</ele>
        <time>2026-09-15T15:42:05Z</time>
        <extensions>
          <gpxdata:distance>18321.12</gpxdata:distance>
          <gpxdata:speed>1.009</gpxdata:speed>
        </extensions>
      </trkpt>
      <trkpt lat="46.8683296" lon="7.5538088">
        <ele>522.1</ele>
        <time>2026-09-15T15:42:05Z</time>
        <extensions>
          <gpxdata:distance>18321.12</gpxdata:distance>
          <gpxdata:speed>0.000</gpxdata:speed>
        </extensions>
      </trkpt>
      <trkpt lat="46.8683746" lon="7.5537829">
        <ele>522.1</ele>
        <time>2026-09-15T15:42:10Z</time>
        <extensions>
          <gpxdata:distance>18326.50</gpxdata:distance>
          <gpxdata:speed>1.009</gpxdata:speed>
        </extensions>
      </trkpt>
      <trkpt lat="46.8684466" lon="7.5537169">
        <ele>522.1</ele>
        <time>2026-09-15T15:42:20Z</time>
        <extensions>
          <gpxdata:distance>18335.95</gpxdata:distance>
          <gpxdata:speed>0.999</gpxdata:speed>
        </extensions>
      </trkpt>
      <trkpt lat="46.8685186" lon="7.5536519">
        <ele>522.0</ele>
        <time>2026-09-15T15:42:29Z</time>
        <extensions>
          <gpxdata:distance>18345.36</gpxdata:distance>
          <gpxdata:speed>0.999</gpxdata:speed>
        </extensions>
      </trkpt>
      <trkpt lat="46.8685906" lon="7.5535599">
        <ele>522.1</ele>
        <time>2026-09-15T15:42:40Z</time>
        <extensions>
          <gpxdata:distance>18355.99</gpxdata:distance>
          <gpxdata:speed>1.003</gpxdata:speed>
        </extensions>
      </trkpt>
      <trkpt lat="46.8686176" lon="7.5535339">
        <ele>522.0</ele>
        <time>2026-09-15T15:42:43Z</time>
        <extensions>
          <gpxdata:distance>18359.58</gpxdata:distance>
          <gpxdata:speed>1.012</gpxdata:speed>
        </extensions>
      </trkpt>
      <trkpt lat="46.8688876" lon="7.5532329">
        <ele>522.2</ele>
        <time>2026-09-15T15:43:21Z</time>
        <extensions>
          <gpxdata:distance>18397.33</gpxdata:distance>
          <gpxdata:speed>1.005</gpxdata:speed>
        </extensions>
      </trkpt>
      <trkpt lat="46.8689506" lon="7.5531669">
        <ele>522.0</ele>
        <time>2026-09-15T15:43:30Z</time>
        <extensions>
          <gpxdata:distance>18405.95</gpxdata:distance>
          <gpxdata:speed>1.011</gpxdata:speed>
        </extensions>
      </trkpt>
      <trkpt lat="46.8689866" lon="7.5531149">
        <ele>522.0</ele>
        <time>2026-09-15T15:43:35Z</time>
        <extensions>
          <gpxdata:distance>18411.57</gpxdata:distance>
          <gpxdata:speed>1.011</gpxdata:speed>
        </extensions>
      </trkpt>
      <trkpt lat="46.8690586" lon="7.5530489">
        <ele>521.9</ele>
        <time>2026-09-15T15:43:45Z</time>
        <extensions>
          <gpxdata:distance>18421.02</gpxdata:distance>
          <gpxdata:speed>1.010</gpxdata:speed>
        </extensions>
      </trkpt>
      <trkpt lat="46.8691666" lon="7.5529579">
        <ele>521.8</ele>
        <time>2026-09-15T15:43:58Z</time>
        <extensions>
          <gpxdata:distance>18434.88</gpxdata:distance>
          <gpxdata:speed>1.009</gpxdata:speed>
        </extensions>
      </trkpt>
      <trkpt lat="46.8692566" lon="7.5528789">
        <ele>522.0</ele>
        <time>2026-09-15T15:44:10Z</time>
        <extensions>
          <gpxdata:distance>18446.55</gpxdata:distance>
          <gpxdata:speed>1.011</gpxdata:speed>
        </extensions>
      </trkpt>
      <trkpt lat="46.8692566" lon="7.5528789">
        <ele>522.0</ele>
        <time>2026-09-15T15:44:10Z</time>
        <extensions>
          <gpxdata:distance>18446.55</gpxdata:distance>
          <gpxdata:speed>0.000</gpxdata:speed>
        </extensions>
      </trkpt>
      <trkpt lat="46.8693466" lon="7.5527749">
        <ele>521.9</ele>
        <time>2026-09-15T15:44:22Z</time>
        <extensions>
          <gpxdata:distance>18459.31</gpxdata:distance>
          <gpxdata:speed>1.010</gpxdata:speed>
        </extensions>
      </trkpt>
      <trkpt lat="46.8694366" lon="7.5526959">
        <ele>521.7</ele>
        <time>2026-09-15T15:44:34Z</time>
        <extensions>
          <gpxdata:distance>18470.98</gpxdata:distance>
          <gpxdata:speed>1.009</gpxdata:speed>
        </extensions>
      </trkpt>
      <trkpt lat="46.8695176" lon="7.5526439">
        <ele>522.2</ele>
        <time>2026-09-15T15:44:44Z</time>
        <extensions>
          <gpxdata:distance>18480.81</gpxdata:distance>
          <gpxdata:speed>1.012</gpxdata:speed>
        </extensions>
      </trkpt>
      <trkpt lat="46.8695176" lon="7.5526439">
        <ele>522.2</ele>
        <time>2026-09-15T15:44:44Z</time>
        <extensions>
          <gpxdata:distance>18480.81</gpxdata:distance>
          <gpxdata:speed>0.000</gpxdata:speed>
        </extensions>
      </trkpt>
      <trkpt lat="46.8697156" lon="7.5525389">
        <ele>521.9</ele>
        <time>2026-09-15T15:45:07Z</time>
        <extensions>
          <gpxdata:distance>18504.23</gpxdata:distance>
          <gpxdata:speed>1.011</gpxdata:speed>
        </extensions>
      </trkpt>
      <trkpt lat="46.8698326" lon="7.5524739">
        <ele>521.7</ele>
        <time>2026-09-15T15:45:21Z</time>
        <extensions>
          <gpxdata:distance>18518.15</gpxdata:distance>
          <gpxdata:speed>1.010</gpxdata:speed>
        </extensions>
      </trkpt>
      <trkpt lat="46.8698866" lon="7.5524349">
        <ele>521.7</ele>
        <time>2026-09-15T15:45:27Z</time>
        <extensions>
          <gpxdata:distance>18524.85</gpxdata:distance>
          <gpxdata:speed>1.011</gpxdata:speed>
        </extensions>
      </trkpt>
      <trkpt lat="46.8699136" lon="7.5524219">
        <ele>521.6</ele>
        <time>2026-09-15T15:45:30Z</time>
        <extensions>
          <gpxdata:distance>18528.01</gpxdata:distance>
          <gpxdata:speed>1.006</gpxdata:speed>
        </extensions>
      </trkpt>
      <trkpt lat="46.8699496" lon="7.5523819">
        <ele>521.6</ele>
        <time>2026-09-15T15:45:35Z</time>
        <extensions>
          <gpxdata:distance>18533.03</gpxdata:distance>
          <gpxdata:speed>1.006</gpxdata:speed>
        </extensions>
      </trkpt>
      <trkpt lat="46.8699856" lon="7.5523299">
        <ele>521.6</ele>
        <time>2026-09-15T15:45:41Z</time>
        <extensions>
          <gpxdata:distance>18538.66</gpxdata:distance>
          <gpxdata:speed>1.008</gpxdata:speed>
        </extensions>
      </trkpt>
      <trkpt lat="46.8700666" lon="7.5521989">
        <ele>521.7</ele>
        <time>2026-09-15T15:45:54Z</time>
        <extensions>
          <gpxdata:distance>18552.09</gpxdata:distance>
          <gpxdata:speed>1.012</gpxdata:speed>
        </extensions>
      </trkpt>
      <trkpt lat="46.8701026" lon="7.5521069">
        <ele>521.7</ele>
        <time>2026-09-15T15:46:02Z</time>
        <extensions>
          <gpxdata:distance>18560.15</gpxdata:distance>
          <gpxdata:speed>1.004</gpxdata:speed>
        </extensions>
      </trkpt>
      <trkpt lat="46.8701026" lon="7.5521069">
        <ele>521.7</ele>
        <time>2026-09-15T15:46:02Z</time>
        <extensions>
          <gpxdata:distance>18560.15</gpxdata:distance>
          <gpxdata:speed>0.000</gpxdata:speed>
        </extensions>
      </trkpt>
      <trkpt lat="46.8701206" lon="7.5520549">
        <ele>522.0</ele>
        <time>2026-09-15T15:46:07Z</time>
        <extensions>
          <gpxdata:distance>18564.58</gpxdata:distance>
          <gpxdata:speed>1.008</gpxdata:speed>
        </extensions>
      </trkpt>
      <trkpt lat="46.8701656" lon="7.5519369">
        <ele>521.9</ele>
        <time>2026-09-15T15:46:17Z</time>
        <extensions>
          <gpxdata:distance>18574.85</gpxdata:distance>
          <gpxdata:speed>1.003</gpxdata:speed>
        </extensions>
      </trkpt>
      <trkpt lat="46.8702296" lon="7.5517669">
        <ele>522.1</ele>
        <time>2026-09-15T15:46:32Z</time>
        <extensions>
          <gpxdata:distance>18589.60</gpxdata:distance>
          <gpxdata:speed>0.997</gpxdata:speed>
        </extensions>
      </trkpt>
      <trkpt lat="46.8702296" lon="7.5517669">
        <ele>522.1</ele>
        <time>2026-09-15T15:46:32Z</time>
        <extensions>
          <gpxdata:distance>18589.60</gpxdata:distance>
          <gpxdata:speed>0.000</gpxdata:speed>
        </extensions>
      </trkpt>
      <trkpt lat="46.8702476" lon="7.5517269">
        <ele>521.8</ele>
        <time>2026-09-15T15:46:35Z</time>
        <extensions>
          <gpxdata:distance>18593.24</gpxdata:distance>
          <gpxdata:speed>1.004</gpxdata:speed>
        </extensions>
      </trkpt>
      <trkpt lat="46.8703016" lon="7.5515959">
        <ele>521.7</ele>
        <time>2026-09-15T15:46:47Z</time>
        <extensions>
          <gpxdata:distance>18604.87</gpxdata:distance>
          <gpxdata:speed>1.009</gpxdata:speed>
        </extensions>
      </trkpt>
      <trkpt lat="46.8704726" lon="7.5513339">
        <ele>521.4</ele>
        <time>2026-09-15T15:47:14Z</time>
        <extensions>
          <gpxdata:distance>18632.41</gpxdata:distance>
          <gpxdata:speed>1.008</gpxdata:speed>
        </extensions>
      </trkpt>
      <trkpt lat="46.8704906" lon="7.5512949">
        <ele>521.6</ele>
        <time>2026-09-15T15:47:18Z</time>
        <extensions>
          <gpxdata:distance>18635.98</gpxdata:distance>
          <gpxdata:speed>1.011</gpxdata:speed>
        </extensions>
      </trkpt>
      <trkpt lat="46.8704906" lon="7.5512949">
        <ele>521.6</ele>
        <time>2026-09-15T15:47:18Z</time>
        <extensions>
          <gpxdata:distance>18635.98</gpxdata:distance>
          <gpxdata:speed>0.000</gpxdata:speed>
        </extensions>
      </trkpt>
      <trkpt lat="46.8705086" lon="7.5512949">
        <ele>521.4</ele>
        <time>2026-09-15T15:47:20Z</time>
        <extensions>
          <gpxdata:distance>18637.98</gpxdata:distance>
          <gpxdata:speed>1.002</gpxdata:speed>
        </extensions>
      </trkpt>
      <trkpt lat="46.8705086" lon="7.5512949">
        <ele>521.4</ele>
        <time>2026-09-15T15:47:20Z</time>
        <extensions>
          <gpxdata:distance>18637.98</gpxdata:distance>
          <gpxdata:speed>0.000</gpxdata:speed>
        </extensions>
      </trkpt>
      <trkpt lat="46.8705356" lon="7.5512819">
        <ele>521.5</ele>
        <time>2026-09-15T15:47:23Z</time>
        <extensions>
          <gpxdata:distance>18641.14</gpxdata:distance>
          <gpxdata:speed>0.997</gpxdata:speed>
        </extensions>
      </trkpt>
      <trkpt lat="46.8705356" lon="7.5512819">
        <ele>521.5</ele>
        <time>2026-09-15T15:47:23Z</time>
        <extensions>
          <gpxdata:distance>18641.14</gpxdata:distance>
          <gpxdata:speed>0.000</gpxdata:speed>
        </extensions>
      </trkpt>
      <trkpt lat="46.8705806" lon="7.5512159">
        <ele>521.7</ele>
        <time>2026-09-15T15:47:30Z</time>
        <extensions>
          <gpxdata:distance>18648.23</gpxdata:distance>
          <gpxdata:speed>1.010</gpxdata:speed>
        </extensions>
      </trkpt>
      <trkpt lat="46.8705806" lon="7.5512159">
        <ele>521.7</ele>
        <time>2026-09-15T15:47:30Z</time>
        <extensions>
          <gpxdata:distance>18648.23</gpxdata:distance>
          <gpxdata:speed>0.000</gpxdata:speed>
        </extensions>
      </trkpt>
      <trkpt lat="46.8706346" lon="7.5512819">
        <ele>521.8</ele>
        <time>2026-09-15T15:47:38Z</time>
        <extensions>
          <gpxdata:distance>18656.06</gpxdata:distance>
          <gpxdata:speed>0.969</gpxdata:speed>
        </extensions>
      </trkpt>
      <trkpt lat="46.8706346" lon="7.5512819">
        <ele>521.8</ele>
        <time>2026-09-15T15:47:38Z</time>
        <extensions>
          <gpxdata:distance>18656.06</gpxdata:distance>
          <gpxdata:speed>0.000</gpxdata:speed>
        </extensions>
      </trkpt>
      <trkpt lat="46.8707247" lon="7.5512039">
        <ele>522.0</ele>
        <time>2026-09-15T15:47:50Z</time>
        <extensions>
          <gpxdata:distance>18667.70</gpxdata:distance>
          <gpxdata:speed>0.980</gpxdata:speed>
        </extensions>
      </trkpt>
      <trkpt lat="46.8707877" lon="7.5511509">
        <ele>522.0</ele>
        <time>2026-09-15T15:47:58Z</time>
        <extensions>
          <gpxdata:distance>18675.78</gpxdata:distance>
          <gpxdata:speed>0.972</gpxdata:speed>
        </extensions>
      </trkpt>
      <trkpt lat="46.8708057" lon="7.5511379">
        <ele>522.0</ele>
        <time>2026-09-15T15:48:00Z</time>
        <extensions>
          <gpxdata:distance>18678.01</gpxdata:distance>
          <gpxdata:speed>0.974</gpxdata:speed>
        </extensions>
      </trkpt>
      <trkpt lat="46.8708147" lon="7.5511379">
        <ele>522.1</ele>
        <time>2026-09-15T15:48:01Z</time>
        <extensions>
          <gpxdata:distance>18679.01</gpxdata:distance>
          <gpxdata:speed>0.972</gpxdata:speed>
        </extensions>
      </trkpt>
      <trkpt lat="46.8708237" lon="7.5511509">
        <ele>522.0</ele>
        <time>2026-09-15T15:48:03Z</time>
        <extensions>
          <gpxdata:distance>18680.42</gpxdata:distance>
          <gpxdata:speed>0.980</gpxdata:speed>
        </extensions>
      </trkpt>
      <trkpt lat="46.8708867" lon="7.5512169">
        <ele>522.0</ele>
        <time>2026-09-15T15:48:12Z</time>
        <extensions>
          <gpxdata:distance>18689.03</gpxdata:distance>
          <gpxdata:speed>0.994</gpxdata:speed>
        </extensions>
      </trkpt>
      <trkpt lat="46.8709587" lon="7.5512959">
        <ele>522.0</ele>
        <time>2026-09-15T15:48:22Z</time>
        <extensions>
          <gpxdata:distance>18699.04</gpxdata:distance>
          <gpxdata:speed>0.997</gpxdata:speed>
        </extensions>
      </trkpt>
      <trkpt lat="46.8710567" lon="7.5514139">
        <ele>522.3</ele>
        <time>2026-09-15T15:48:36Z</time>
        <extensions>
          <gpxdata:distance>18713.16</gpxdata:distance>
          <gpxdata:speed>0.990</gpxdata:speed>
        </extensions>
      </trkpt>
      <trkpt lat="46.8711467" lon="7.5515319">
        <ele>522.3</ele>
        <time>2026-09-15T15:48:49Z</time>
        <extensions>
          <gpxdata:distance>18726.60</gpxdata:distance>
          <gpxdata:speed>0.994</gpxdata:speed>
        </extensions>
      </trkpt>
      <trkpt lat="46.8711467" lon="7.5515319">
        <ele>522.3</ele>
        <time>2026-09-15T15:48:49Z</time>
        <extensions>
          <gpxdata:distance>18726.60</gpxdata:distance>
          <gpxdata:speed>0.000</gpxdata:speed>
        </extensions>
      </trkpt>
      <trkpt lat="46.8712457" lon="7.5515589">
        <ele>521.9</ele>
        <time>2026-09-15T15:49:00Z</time>
        <extensions>
          <gpxdata:distance>18737.79</gpxdata:distance>
          <gpxdata:speed>1.010</gpxdata:speed>
        </extensions>
      </trkpt>
      <trkpt lat="46.8712457" lon="7.5515589">
        <ele>521.9</ele>
        <time>2026-09-15T15:49:00Z</time>
        <extensions>
          <gpxdata:distance>18737.79</gpxdata:distance>
          <gpxdata:speed>0.000</gpxdata:speed>
        </extensions>
      </trkpt>
      <trkpt lat="46.8714257" lon="7.5515989">
        <ele>521.7</ele>
        <time>2026-09-15T15:49:21Z</time>
        <extensions>
          <gpxdata:distance>18758.04</gpxdata:distance>
          <gpxdata:speed>1.006</gpxdata:speed>
        </extensions>
      </trkpt>
      <trkpt lat="46.8714707" lon="7.5516119">
        <ele>521.7</ele>
        <time>2026-09-15T15:49:26Z</time>
        <extensions>
          <gpxdata:distance>18763.14</gpxdata:distance>
          <gpxdata:speed>1.008</gpxdata:speed>
        </extensions>
      </trkpt>
      <trkpt lat="46.8715157" lon="7.5516119">
        <ele>521.6</ele>
        <time>2026-09-15T15:49:31Z</time>
        <extensions>
          <gpxdata:distance>18768.14</gpxdata:distance>
          <gpxdata:speed>1.006</gpxdata:speed>
        </extensions>
      </trkpt>
      <trkpt lat="46.8715607" lon="7.5515989">
        <ele>521.7</ele>
        <time>2026-09-15T15:49:36Z</time>
        <extensions>
          <gpxdata:distance>18773.24</gpxdata:distance>
          <gpxdata:speed>1.007</gpxdata:speed>
        </extensions>
      </trkpt>
      <trkpt lat="46.8717047" lon="7.5515599">
        <ele>521.9</ele>
        <time>2026-09-15T15:49:52Z</time>
        <extensions>
          <gpxdata:distance>18789.53</gpxdata:distance>
          <gpxdata:speed>1.006</gpxdata:speed>
        </extensions>
      </trkpt>
      <trkpt lat="46.8717047" lon="7.5515599">
        <ele>521.9</ele>
        <time>2026-09-15T15:49:52Z</time>
        <extensions>
          <gpxdata:distance>18789.53</gpxdata:distance>
          <gpxdata:speed>0.000</gpxdata:speed>
        </extensions>
      </trkpt>
      <trkpt lat="46.8717767" lon="7.5519529">
        <ele>521.8</ele>
        <time>2026-09-15T15:50:23Z</time>
        <extensions>
          <gpxdata:distance>18820.46</gpxdata:distance>
          <gpxdata:speed>1.006</gpxdata:speed>
        </extensions>
      </trkpt>
      <trkpt lat="46.8717767" lon="7.5519529">
        <ele>521.8</ele>
        <time>2026-09-15T15:50:23Z</time>
        <extensions>
          <gpxdata:distance>18820.46</gpxdata:distance>
          <gpxdata:speed>0.000</gpxdata:speed>
        </extensions>
      </trkpt>
      <trkpt lat="46.8718026" lon="7.5521109">
        <ele>521.9</ele>
        <time>2026-09-15T15:50:35Z</time>
        <extensions>
          <gpxdata:distance>18832.81</gpxdata:distance>
          <gpxdata:speed>1.012</gpxdata:speed>
        </extensions>
      </trkpt>
      <trkpt lat="46.8718026" lon="7.5521109">
        <ele>521.9</ele>
        <time>2026-09-15T15:50:35Z</time>
        <extensions>
          <gpxdata:distance>18832.81</gpxdata:distance>
          <gpxdata:speed>0.000</gpxdata:speed>
        </extensions>
      </trkpt>
      <trkpt lat="46.8718836" lon="7.5526089">
        <ele>521.9</ele>
        <time>2026-09-15T15:51:13Z</time>
        <extensions>
          <gpxdata:distance>18871.72</gpxdata:distance>
          <gpxdata:speed>1.008</gpxdata:speed>
        </extensions>
      </trkpt>
      <trkpt lat="46.8718836" lon="7.5526089">
        <ele>521.9</ele>
        <time>2026-09-15T15:51:13Z</time>
        <extensions>
          <gpxdata:distance>18871.72</gpxdata:distance>
          <gpxdata:speed>0.000</gpxdata:speed>
        </extensions>
      </trkpt>
      <trkpt lat="46.8718926" lon="7.5526879">
        <ele>521.9</ele>
        <time>2026-09-15T15:51:20Z</time>
        <extensions>
          <gpxdata:distance>18877.81</gpxdata:distance>
          <gpxdata:speed>1.008</gpxdata:speed>
        </extensions>
      </trkpt>
      <trkpt lat="46.8718926" lon="7.5526879">
        <ele>521.9</ele>
        <time>2026-09-15T15:51:20Z</time>
        <extensions>
          <gpxdata:distance>18877.81</gpxdata:distance>
          <gpxdata:speed>0.000</gpxdata:speed>
        </extensions>
      </trkpt>
      <trkpt lat="46.8719286" lon="7.5528719">
        <ele>522.2</ele>
        <time>2026-09-15T15:51:34Z</time>
        <extensions>
          <gpxdata:distance>18892.36</gpxdata:distance>
          <gpxdata:speed>1.005</gpxdata:speed>
        </extensions>
      </trkpt>
      <trkpt lat="46.8719636" lon="7.5530559">
        <ele>522.4</ele>
        <time>2026-09-15T15:51:49Z</time>
        <extensions>
          <gpxdata:distance>18906.88</gpxdata:distance>
          <gpxdata:speed>0.995</gpxdata:speed>
        </extensions>
      </trkpt>
      <trkpt lat="46.8719636" lon="7.5530559">
        <ele>522.4</ele>
        <time>2026-09-15T15:51:49Z</time>
        <extensions>
          <gpxdata:distance>18906.88</gpxdata:distance>
          <gpxdata:speed>0.000</gpxdata:speed>
        </extensions>
      </trkpt>
      <trkpt lat="46.8719816" lon="7.5531339">
        <ele>522.5</ele>
        <time>2026-09-15T15:51:55Z</time>
        <extensions>
          <gpxdata:distance>18913.13</gpxdata:distance>
          <gpxdata:speed>0.993</gpxdata:speed>
        </extensions>
      </trkpt>
      <trkpt lat="46.8719996" lon="7.5531869">
        <ele>522.6</ele>
        <time>2026-09-15T15:51:59Z</time>
        <extensions>
          <gpxdata:distance>18917.63</gpxdata:distance>
          <gpxdata:speed>0.991</gpxdata:speed>
        </extensions>
      </trkpt>
      <trkpt lat="46.8720266" lon="7.5532529">
        <ele>522.5</ele>
        <time>2026-09-15T15:52:05Z</time>
        <extensions>
          <gpxdata:distance>18923.48</gpxdata:distance>
          <gpxdata:speed>0.983</gpxdata:speed>
        </extensions>
      </trkpt>
      <trkpt lat="46.8720266" lon="7.5532529">
        <ele>522.5</ele>
        <time>2026-09-15T15:52:05Z</time>
        <extensions>
          <gpxdata:distance>18923.48</gpxdata:distance>
          <gpxdata:speed>0.000</gpxdata:speed>
        </extensions>
      </trkpt>
      <trkpt lat="46.8722686" lon="7.5537910">
        <ele>522.8</ele>
        <time>2026-09-15T15:52:55Z</time>
        <extensions>
          <gpxdata:distance>18972.44</gpxdata:distance>
          <gpxdata:speed>0.988</gpxdata:speed>
        </extensions>
      </trkpt>
      <trkpt lat="46.8722686" lon="7.5537910">
        <ele>522.8</ele>
        <time>2026-09-15T15:52:55Z</time>
        <extensions>
          <gpxdata:distance>18972.44</gpxdata:distance>
          <gpxdata:speed>0.000</gpxdata:speed>
        </extensions>
      </trkpt>
      <trkpt lat="46.8723406" lon="7.5539350">
        <ele>522.7</ele>
        <time>2026-09-15T15:53:09Z</time>
        <extensions>
          <gpxdata:distance>18986.00</gpxdata:distance>
          <gpxdata:speed>0.999</gpxdata:speed>
        </extensions>
      </trkpt>
      <trkpt lat="46.8723406" lon="7.5539350">
        <ele>522.7</ele>
        <time>2026-09-15T15:53:09Z</time>
        <extensions>
          <gpxdata:distance>18986.00</gpxdata:distance>
          <gpxdata:speed>0.000</gpxdata:speed>
        </extensions>
      </trkpt>
      <trkpt lat="46.8724306" lon="7.5542240">
        <ele>522.8</ele>
        <time>2026-09-15T15:53:33Z</time>
        <extensions>
          <gpxdata:distance>19010.14</gpxdata:distance>
          <gpxdata:speed>1.003</gpxdata:speed>
        </extensions>
      </trkpt>
      <trkpt lat="46.8724306" lon="7.5542240">
        <ele>522.8</ele>
        <time>2026-09-15T15:53:33Z</time>
        <extensions>
          <gpxdata:distance>19010.14</gpxdata:distance>
          <gpxdata:speed>0.000</gpxdata:speed>
        </extensions>
      </trkpt>
      <trkpt lat="46.8724936" lon="7.5544080">
        <ele>522.7</ele>
        <time>2026-09-15T15:53:48Z</time>
        <extensions>
          <gpxdata:distance>19025.79</gpxdata:distance>
          <gpxdata:speed>1.010</gpxdata:speed>
        </extensions>
      </trkpt>
      <trkpt lat="46.8724936" lon="7.5544080">
        <ele>522.7</ele>
        <time>2026-09-15T15:53:48Z</time>
        <extensions>
          <gpxdata:distance>19025.79</gpxdata:distance>
          <gpxdata:speed>0.000</gpxdata:speed>
        </extensions>
      </trkpt>
      <trkpt lat="46.8725656" lon="7.5546180">
        <ele>522.8</ele>
        <time>2026-09-15T15:54:06Z</time>
        <extensions>
          <gpxdata:distance>19043.64</gpxdata:distance>
          <gpxdata:speed>1.006</gpxdata:speed>
        </extensions>
      </trkpt>
      <trkpt lat="46.8726276" lon="7.5548280">
        <ele>523.2</ele>
        <time>2026-09-15T15:54:23Z</time>
        <extensions>
          <gpxdata:distance>19061.03</gpxdata:distance>
          <gpxdata:speed>1.001</gpxdata:speed>
        </extensions>
      </trkpt>
      <trkpt lat="46.8726816" lon="7.5550250">
        <ele>523.5</ele>
        <time>2026-09-15T15:54:39Z</time>
        <extensions>
          <gpxdata:distance>19077.17</gpxdata:distance>
          <gpxdata:speed>0.995</gpxdata:speed>
        </extensions>
      </trkpt>
      <trkpt lat="46.8726816" lon="7.5550250">
        <ele>523.5</ele>
        <time>2026-09-15T15:54:39Z</time>
        <extensions>
          <gpxdata:distance>19077.17</gpxdata:distance>
          <gpxdata:speed>0.000</gpxdata:speed>
        </extensions>
      </trkpt>
      <trkpt lat="46.8727176" lon="7.5551820">
        <ele>523.7</ele>
        <time>2026-09-15T15:54:52Z</time>
        <extensions>
          <gpxdata:distance>19089.75</gpxdata:distance>
          <gpxdata:speed>0.988</gpxdata:speed>
        </extensions>
      </trkpt>
      <trkpt lat="46.8727976" lon="7.5555500">
        <ele>524.5</ele>
        <time>2026-09-15T15:55:22Z</time>
        <extensions>
          <gpxdata:distance>19119.11</gpxdata:distance>
          <gpxdata:speed>0.973</gpxdata:speed>
        </extensions>
      </trkpt>
      <trkpt lat="46.8727976" lon="7.5555500">
        <ele>524.5</ele>
        <time>2026-09-15T15:55:22Z</time>
        <extensions>
          <gpxdata:distance>19119.11</gpxdata:distance>
          <gpxdata:speed>0.000</gpxdata:speed>
        </extensions>
      </trkpt>
      <trkpt lat="46.8728246" lon="7.5556810">
        <ele>524.4</ele>
        <time>2026-09-15T15:55:33Z</time>
        <extensions>
          <gpxdata:distance>19129.51</gpxdata:distance>
          <gpxdata:speed>0.971</gpxdata:speed>
        </extensions>
      </trkpt>
      <trkpt lat="46.8728606" lon="7.5558510">
        <ele>524.7</ele>
        <time>2026-09-15T15:55:47Z</time>
        <extensions>
          <gpxdata:distance>19143.04</gpxdata:distance>
          <gpxdata:speed>0.969</gpxdata:speed>
        </extensions>
      </trkpt>
      <trkpt lat="46.8728606" lon="7.5558510">
        <ele>524.7</ele>
        <time>2026-09-15T15:55:47Z</time>
        <extensions>
          <gpxdata:distance>19143.04</gpxdata:distance>
          <gpxdata:speed>0.000</gpxdata:speed>
        </extensions>
      </trkpt>
      <trkpt lat="46.8728876" lon="7.5560090">
        <ele>524.9</ele>
        <time>2026-09-15T15:56:00Z</time>
        <extensions>
          <gpxdata:distance>19155.42</gpxdata:distance>
          <gpxdata:speed>0.967</gpxdata:speed>
        </extensions>
      </trkpt>
      <trkpt lat="46.8728876" lon="7.5560090">
        <ele>524.9</ele>
        <time>2026-09-15T15:56:00Z</time>
        <extensions>
          <gpxdata:distance>19155.42</gpxdata:distance>
          <gpxdata:speed>0.000</gpxdata:speed>
        </extensions>
      </trkpt>
      <trkpt lat="46.8729596" lon="7.5563370">
        <ele>525.6</ele>
        <time>2026-09-15T15:56:27Z</time>
        <extensions>
          <gpxdata:distance>19181.60</gpxdata:distance>
          <gpxdata:speed>0.961</gpxdata:speed>
        </extensions>
      </trkpt>
      <trkpt lat="46.8729596" lon="7.5563370">
        <ele>525.6</ele>
        <time>2026-09-15T15:56:27Z</time>
        <extensions>
          <gpxdata:distance>19181.60</gpxdata:distance>
          <gpxdata:speed>0.000</gpxdata:speed>
        </extensions>
      </trkpt>
      <trkpt lat="46.8730306" lon="7.5567440">
        <ele>526.7</ele>
        <time>2026-09-15T15:57:01Z</time>
        <extensions>
          <gpxdata:distance>19213.53</gpxdata:distance>
          <gpxdata:speed>0.953</gpxdata:speed>
        </extensions>
      </trkpt>
      <trkpt lat="46.8730306" lon="7.5567440">
        <ele>526.7</ele>
        <time>2026-09-15T15:57:01Z</time>
        <extensions>
          <gpxdata:distance>19213.53</gpxdata:distance>
          <gpxdata:speed>0.000</gpxdata:speed>
        </extensions>
      </trkpt>
      <trkpt lat="46.8730576" lon="7.5568750">
        <ele>527.1</ele>
        <time>2026-09-15T15:57:12Z</time>
        <extensions>
          <gpxdata:distance>19223.93</gpxdata:distance>
          <gpxdata:speed>0.940</gpxdata:speed>
        </extensions>
      </trkpt>
      <trkpt lat="46.8730576" lon="7.5568750">
        <ele>527.1</ele>
        <time>2026-09-15T15:57:12Z</time>
        <extensions>
          <gpxdata:distance>19223.93</gpxdata:distance>
          <gpxdata:speed>0.000</gpxdata:speed>
        </extensions>
      </trkpt>
      <trkpt lat="46.8730846" lon="7.5570320">
        <ele>527.5</ele>
        <time>2026-09-15T15:57:25Z</time>
        <extensions>
          <gpxdata:distance>19236.24</gpxdata:distance>
          <gpxdata:speed>0.936</gpxdata:speed>
        </extensions>
      </trkpt>
      <trkpt lat="46.8730936" lon="7.5571240">
        <ele>527.7</ele>
        <time>2026-09-15T15:57:32Z</time>
        <extensions>
          <gpxdata:distance>19243.30</gpxdata:distance>
          <gpxdata:speed>0.932</gpxdata:speed>
        </extensions>
      </trkpt>
      <trkpt lat="46.8730936" lon="7.5571770">
        <ele>527.8</ele>
        <time>2026-09-15T15:57:37Z</time>
        <extensions>
          <gpxdata:distance>19247.33</gpxdata:distance>
          <gpxdata:speed>0.932</gpxdata:speed>
        </extensions>
      </trkpt>
      <trkpt lat="46.8730936" lon="7.5571770">
        <ele>527.8</ele>
        <time>2026-09-15T15:57:37Z</time>
        <extensions>
          <gpxdata:distance>19247.33</gpxdata:distance>
          <gpxdata:speed>0.000</gpxdata:speed>
        </extensions>
      </trkpt>
      <trkpt lat="46.8731026" lon="7.5572820">
        <ele>528.1</ele>
        <time>2026-09-15T15:57:45Z</time>
        <extensions>
          <gpxdata:distance>19255.38</gpxdata:distance>
          <gpxdata:speed>0.926</gpxdata:speed>
        </extensions>
      </trkpt>
      <trkpt lat="46.8731016" lon="7.5573470">
        <ele>528.3</ele>
        <time>2026-09-15T15:57:51Z</time>
        <extensions>
          <gpxdata:distance>19260.32</gpxdata:distance>
          <gpxdata:speed>0.926</gpxdata:speed>
        </extensions>
      </trkpt>
      <trkpt lat="46.8731016" lon="7.5574130">
        <ele>528.4</ele>
        <time>2026-09-15T15:57:56Z</time>
        <extensions>
          <gpxdata:distance>19265.34</gpxdata:distance>
          <gpxdata:speed>0.929</gpxdata:speed>
        </extensions>
      </trkpt>
      <trkpt lat="46.8731106" lon="7.5575970">
        <ele>528.8</ele>
        <time>2026-09-15T15:58:11Z</time>
        <extensions>
          <gpxdata:distance>19279.36</gpxdata:distance>
          <gpxdata:speed>0.935</gpxdata:speed>
        </extensions>
      </trkpt>
      <trkpt lat="46.8731106" lon="7.5575970">
        <ele>528.8</ele>
        <time>2026-09-15T15:58:11Z</time>
        <extensions>
          <gpxdata:distance>19279.36</gpxdata:distance>
          <gpxdata:speed>0.000</gpxdata:speed>
        </extensions>
      </trkpt>
      <trkpt lat="46.8731286" lon="7.5578720">
        <ele>529.4</ele>
        <time>2026-09-15T15:58:33Z</time>
        <extensions>
          <gpxdata:distance>19300.36</gpxdata:distance>
          <gpxdata:speed>0.937</gpxdata:speed>
        </extensions>
      </trkpt>
      <trkpt lat="46.8731376" lon="7.5581480">
        <ele>530.0</ele>
        <time>2026-09-15T15:58:56Z</time>
        <extensions>
          <gpxdata:distance>19321.36</gpxdata:distance>
          <gpxdata:speed>0.938</gpxdata:speed>
        </extensions>
      </trkpt>
      <trkpt lat="46.8731376" lon="7.5581480">
        <ele>530.0</ele>
        <time>2026-09-15T15:58:56Z</time>
        <extensions>
          <gpxdata:distance>19321.36</gpxdata:distance>
          <gpxdata:speed>0.000</gpxdata:speed>
        </extensions>
      </trkpt>
      <trkpt lat="46.8731366" lon="7.5583570">
        <ele>530.4</ele>
        <time>2026-09-15T15:59:13Z</time>
        <extensions>
          <gpxdata:distance>19337.25</gpxdata:distance>
          <gpxdata:speed>0.939</gpxdata:speed>
        </extensions>
      </trkpt>
      <trkpt lat="46.8731456" lon="7.5585670">
        <ele>530.7</ele>
        <time>2026-09-15T15:59:30Z</time>
        <extensions>
          <gpxdata:distance>19353.24</gpxdata:distance>
          <gpxdata:speed>0.945</gpxdata:speed>
        </extensions>
      </trkpt>
      <trkpt lat="46.8731366" lon="7.5587640">
        <ele>530.9</ele>
        <time>2026-09-15T15:59:46Z</time>
        <extensions>
          <gpxdata:distance>19368.25</gpxdata:distance>
          <gpxdata:speed>0.951</gpxdata:speed>
        </extensions>
      </trkpt>
      <trkpt lat="46.8731366" lon="7.5587640">
        <ele>530.9</ele>
        <time>2026-09-15T15:59:46Z</time>
        <extensions>
          <gpxdata:distance>19368.25</gpxdata:distance>
          <gpxdata:speed>0.000</gpxdata:speed>
        </extensions>
      </trkpt>
      <trkpt lat="46.8731546" lon="7.5588170">
        <ele>531.1</ele>
        <time>2026-09-15T15:59:50Z</time>
        <extensions>
          <gpxdata:distance>19372.75</gpxdata:distance>
          <gpxdata:speed>0.950</gpxdata:speed>
        </extensions>
      </trkpt>
      <trkpt lat="46.8731636" lon="7.5588560">
        <ele>531.0</ele>
        <time>2026-09-15T15:59:54Z</time>
        <extensions>
          <gpxdata:distance>19375.88</gpxdata:distance>
          <gpxdata:speed>0.955</gpxdata:speed>
        </extensions>
      </trkpt>
      <trkpt lat="46.8731816" lon="7.5589080">
        <ele>531.0</ele>
        <time>2026-09-15T15:59:58Z</time>
        <extensions>
          <gpxdata:distance>19380.31</gpxdata:distance>
          <gpxdata:speed>0.962</gpxdata:speed>
        </extensions>
      </trkpt>
      <trkpt lat="46.8732086" lon="7.5589350">
        <ele>531.0</ele>
        <time>2026-09-15T16:00:02Z</time>
        <extensions>
          <gpxdata:distance>19383.95</gpxdata:distance>
          <gpxdata:speed>0.972</gpxdata:speed>
        </extensions>
      </trkpt>
      <trkpt lat="46.8732086" lon="7.5589350">
        <ele>531.0</ele>
        <time>2026-09-15T16:00:02Z</time>
        <extensions>
          <gpxdata:distance>19383.95</gpxdata:distance>
          <gpxdata:speed>0.000</gpxdata:speed>
        </extensions>
      </trkpt>
      <trkpt lat="46.8732356" lon="7.5589870">
        <ele>530.9</ele>
        <time>2026-09-15T16:00:07Z</time>
        <extensions>
          <gpxdata:distance>19388.91</gpxdata:distance>
          <gpxdata:speed>0.988</gpxdata:speed>
        </extensions>
      </trkpt>
      <trkpt lat="46.8732356" lon="7.5589870">
        <ele>530.9</ele>
        <time>2026-09-15T16:00:07Z</time>
        <extensions>
          <gpxdata:distance>19388.91</gpxdata:distance>
          <gpxdata:speed>0.000</gpxdata:speed>
        </extensions>
      </trkpt>
      <trkpt lat="46.8732626" lon="7.5590140">
        <ele>530.6</ele>
        <time>2026-09-15T16:00:11Z</time>
        <extensions>
          <gpxdata:distance>19392.55</gpxdata:distance>
          <gpxdata:speed>0.997</gpxdata:speed>
        </extensions>
      </trkpt>
      <trkpt lat="46.8733076" lon="7.5590400">
        <ele>530.2</ele>
        <time>2026-09-15T16:00:16Z</time>
        <extensions>
          <gpxdata:distance>19397.93</gpxdata:distance>
          <gpxdata:speed>0.982</gpxdata:speed>
        </extensions>
      </trkpt>
      <trkpt lat="46.8733346" lon="7.5590400">
        <ele>529.8</ele>
        <time>2026-09-15T16:00:19Z</time>
        <extensions>
          <gpxdata:distance>19400.93</gpxdata:distance>
          <gpxdata:speed>0.953</gpxdata:speed>
        </extensions>
      </trkpt>
      <trkpt lat="46.8733796" lon="7.5590400">
        <ele>529.4</ele>
        <time>2026-09-15T16:00:24Z</time>
        <extensions>
          <gpxdata:distance>19405.93</gpxdata:distance>
          <gpxdata:speed>0.945</gpxdata:speed>
        </extensions>
      </trkpt>
      <trkpt lat="46.8734246" lon="7.5590270">
        <ele>528.9</ele>
        <time>2026-09-15T16:00:30Z</time>
        <extensions>
          <gpxdata:distance>19411.03</gpxdata:distance>
          <gpxdata:speed>0.928</gpxdata:speed>
        </extensions>
      </trkpt>
      <trkpt lat="46.8734876" lon="7.5589880">
        <ele>528.2</ele>
        <time>2026-09-15T16:00:38Z</time>
        <extensions>
          <gpxdata:distance>19418.64</gpxdata:distance>
          <gpxdata:speed>0.915</gpxdata:speed>
        </extensions>
      </trkpt>
      <trkpt lat="46.8735236" lon="7.5589750">
        <ele>527.8</ele>
        <time>2026-09-15T16:00:43Z</time>
        <extensions>
          <gpxdata:distance>19422.76</gpxdata:distance>
          <gpxdata:speed>0.913</gpxdata:speed>
        </extensions>
      </trkpt>
      <trkpt lat="46.8735236" lon="7.5589750">
        <ele>527.8</ele>
        <time>2026-09-15T16:00:43Z</time>
        <extensions>
          <gpxdata:distance>19422.76</gpxdata:distance>
          <gpxdata:speed>0.000</gpxdata:speed>
        </extensions>
      </trkpt>
      <trkpt lat="46.8735316" lon="7.5590400">
        <ele>527.8</ele>
        <time>2026-09-15T16:00:48Z</time>
        <extensions>
          <gpxdata:distance>19427.78</gpxdata:distance>
          <gpxdata:speed>0.916</gpxdata:speed>
        </extensions>
      </trkpt>
      <trkpt lat="46.8735316" lon="7.5590400">
        <ele>527.8</ele>
        <time>2026-09-15T16:00:48Z</time>
        <extensions>
          <gpxdata:distance>19427.78</gpxdata:distance>
          <gpxdata:speed>0.000</gpxdata:speed>
        </extensions>
      </trkpt>
      <trkpt lat="46.8735496" lon="7.5591580">
        <ele>527.8</ele>
        <time>2026-09-15T16:00:58Z</time>
        <extensions>
          <gpxdata:distance>19436.98</gpxdata:distance>
          <gpxdata:speed>0.936</gpxdata:speed>
        </extensions>
      </trkpt>
      <trkpt lat="46.8735496" lon="7.5591580">
        <ele>527.8</ele>
        <time>2026-09-15T16:00:58Z</time>
        <extensions>
          <gpxdata:distance>19436.98</gpxdata:distance>
          <gpxdata:speed>0.000</gpxdata:speed>
        </extensions>
      </trkpt>
      <trkpt lat="46.8735766" lon="7.5593420">
        <ele>527.8</ele>
        <time>2026-09-15T16:01:13Z</time>
        <extensions>
          <gpxdata:distance>19451.28</gpxdata:distance>
          <gpxdata:speed>0.967</gpxdata:speed>
        </extensions>
      </trkpt>
      <trkpt lat="46.8735766" lon="7.5593420">
        <ele>527.8</ele>
        <time>2026-09-15T16:01:13Z</time>
        <extensions>
          <gpxdata:distance>19451.28</gpxdata:distance>
          <gpxdata:speed>0.000</gpxdata:speed>
        </extensions>
      </trkpt>
      <trkpt lat="46.8735676" lon="7.5593420">
        <ele>527.8</ele>
        <time>2026-09-15T16:01:14Z</time>
        <extensions>
          <gpxdata:distance>19452.28</gpxdata:distance>
          <gpxdata:speed>0.997</gpxdata:speed>
        </extensions>
      </trkpt>
      <trkpt lat="46.8735496" lon="7.5593810">
        <ele>527.8</ele>
        <time>2026-09-15T16:01:17Z</time>
        <extensions>
          <gpxdata:distance>19455.86</gpxdata:distance>
          <gpxdata:speed>1.012</gpxdata:speed>
        </extensions>
      </trkpt>
      <trkpt lat="46.8735496" lon="7.5593810">
        <ele>527.8</ele>
        <time>2026-09-15T16:01:17Z</time>
        <extensions>
          <gpxdata:distance>19455.86</gpxdata:distance>
          <gpxdata:speed>0.000</gpxdata:speed>
        </extensions>
      </trkpt>
      <trkpt lat="46.8735676" lon="7.5594860">
        <ele>530.7</ele>
        <time>2026-09-15T16:01:28Z</time>
        <extensions>
          <gpxdata:distance>19464.09</gpxdata:distance>
          <gpxdata:speed>0.807</gpxdata:speed>
        </extensions>
      </trkpt>
      <trkpt lat="46.8735676" lon="7.5594860">
        <ele>530.7</ele>
        <time>2026-09-15T16:01:28Z</time>
        <extensions>
          <gpxdata:distance>19464.09</gpxdata:distance>
          <gpxdata:speed>0.000</gpxdata:speed>
        </extensions>
      </trkpt>
      <trkpt lat="46.8735766" lon="7.5595130">
        <ele>530.8</ele>
        <time>2026-09-15T16:01:31Z</time>
        <extensions>
          <gpxdata:distance>19466.37</gpxdata:distance>
          <gpxdata:speed>0.749</gpxdata:speed>
        </extensions>
      </trkpt>
      <trkpt lat="46.8736216" lon="7.5594870">
        <ele>530.8</ele>
        <time>2026-09-15T16:01:37Z</time>
        <extensions>
          <gpxdata:distance>19471.75</gpxdata:distance>
          <gpxdata:speed>0.790</gpxdata:speed>
        </extensions>
      </trkpt>
      <trkpt lat="46.8736216" lon="7.5594870">
        <ele>530.8</ele>
        <time>2026-09-15T16:01:37Z</time>
        <extensions>
          <gpxdata:distance>19471.75</gpxdata:distance>
          <gpxdata:speed>0.000</gpxdata:speed>
        </extensions>
      </trkpt>
      <trkpt lat="46.8736396" lon="7.5596180">
        <ele>530.8</ele>
        <time>2026-09-15T16:01:51Z</time>
        <extensions>
          <gpxdata:distance>19481.91</gpxdata:distance>
          <gpxdata:speed>0.759</gpxdata:speed>
        </extensions>
      </trkpt>
      <trkpt lat="46.8736396" lon="7.5596570">
        <ele>530.8</ele>
        <time>2026-09-15T16:01:55Z</time>
        <extensions>
          <gpxdata:distance>19484.87</gpxdata:distance>
          <gpxdata:speed>0.775</gpxdata:speed>
        </extensions>
      </trkpt>
    </trkseg>
  </trk>
</gpx>