<?xml version='1.0' encoding='utf-8'?>
<gpx xmlns="http://www.topografix.com/GPX/1/1" xmlns:gpxdata="http://www.cluetrust.com/XML/GPXDATA/1/0" version="1.1" creator="crawler">
  <wpt lat="46.6773143" lon="7.8434680">
    <ele>561.5</ele>
    <time>2026-09-15T10:16:46Z</time>
    <name>1 km</name>
  </wpt>
  <wpt lat="46.6710823" lon="7.8350967">
    <ele>559.5</ele>
    <time>2026-09-15T10:32:45Z</time>
    <name>2 km</name>
  </wpt>
  <wpt lat="46.6715744" lon="7.8281607">
    <ele>558.3</ele>
    <time>2026-09-15T10:49:41Z</time>
    <name>3 km</name>
  </wpt>
  <wpt lat="46.6764295" lon="7.8182237">
    <ele>558.8</ele>
    <time>2026-09-15T11:06:25Z</time>
    <name>4 km</name>
  </wpt>
  <wpt lat="46.6826356" lon="7.8130658">
    <ele>578.1</ele>
    <time>2026-09-15T11:24:04Z</time>
    <name>5 km</name>
  </wpt>
  <wpt lat="46.6845087" lon="7.8014577">
    <ele>563.7</ele>
    <time>2026-09-15T11:43:01Z</time>
    <name>6 km</name>
  </wpt>
  <wpt lat="46.6850387" lon="7.7899716">
    <ele>558.7</ele>
    <time>2026-09-15T12:01:09Z</time>
    <name>7 km</name>
  </wpt>
  <wpt lat="46.6843607" lon="7.7822416">
    <ele>667.9</ele>
    <time>2026-09-15T12:24:49Z</time>
    <name>8 km</name>
  </wpt>
  <wpt lat="46.6849277" lon="7.7732265">
    <ele>693.2</ele>
    <time>2026-09-15T12:45:40Z</time>
    <name>9 km</name>
  </wpt>
  <wpt lat="46.6835858" lon="7.7612574">
    <ele>724.0</ele>
    <time>2026-09-15T13:06:05Z</time>
    <name>10 km</name>
  </wpt>
  <wpt lat="46.6849808" lon="7.7510443">
    <ele>646.5</ele>
    <time>2026-09-15T13:24:18Z</time>
    <name>11 km</name>
  </wpt>
  <wpt lat="46.6918370" lon="7.7441423">
    <ele>587.0</ele>
    <time>2026-09-15T13:41:59Z</time>
    <name>12 km</name>
  </wpt>
  <wpt lat="46.6966322" lon="7.7371872">
    <ele>560.6</ele>
    <time>2026-09-15T13:59:48Z</time>
    <name>13 km</name>
  </wpt>
  <wpt lat="46.6963622" lon="7.7371592">
    <ele>558.7</ele>
    <time>2026-09-15T14:00:30Z</time>
    <name>14 km</name>
  </wpt>
  <wpt lat="46.6884704" lon="7.6898982">
    <ele>558.3</ele>
    <time>2026-09-15T15:01:37Z</time>
    <name>15 km</name>
  </wpt>
  <wpt lat="46.6884704" lon="7.6898982">
    <ele>558.3</ele>
    <time>2026-09-15T15:01:37Z</time>
    <name>16 km</name>
  </wpt>
  <trk>
    <name>4.10 Interlaken - Spiez</name>
    <link href="https://schweizmobil.ch/fr/hiking-in-switzerland/route-4/stage-10" />
    <type>hiking</type>
    <trkseg>
      <trkpt lat="46.6849054" lon="7.8489373">
        <ele>565.5</ele>
        <time>2026-09-15T10:00:00Z</time>
        <extensions>
          <gpxdata:distance>0.00</gpxdata:distance>
          <gpxdata:speed>0.000</gpxdata:speed>
        </extensions>
      </trkpt>
      <trkpt lat="46.6847524" lon="7.8487793">
        <ele>565.5</ele>
        <time>2026-09-15T10:00:21Z</time>
        <extensions>
          <gpxdata:distance>20.85</gpxdata:distance>
          <gpxdata:speed>0.990</gpxdata:speed>
        </extensions>
      </trkpt>
      <trkpt lat="46.6846364" lon="7.8486343">
        <ele>565.6</ele>
        <time>2026-09-15T10:00:38Z</time>
        <extensions>
          <gpxdata:distance>37.84</gpxdata:distance>
          <gpxdata:speed>0.990</gpxdata:speed>
        </extensions>
      </trkpt>
      <trkpt lat="46.6844574" lon="7.8483843">
        <ele>565.4</ele>
        <time>2026-09-15T10:01:06Z</time>
        <extensions>
          <gpxdata:distance>65.41</gpxdata:distance>
          <gpxdata:speed>0.990</gpxdata:speed>
        </extensions>
      </trkpt>
      <trkpt lat="46.6844574" lon="7.8483843">
        <ele>565.4</ele>
        <time>2026-09-15T10:01:06Z</time>
        <extensions>
          <gpxdata:distance>65.41</gpxdata:distance>
          <gpxdata:speed>0.000</gpxdata:speed>
        </extensions>
      </trkpt>
      <trkpt lat="46.6844214" lon="7.8484363">
        <ele>565.3</ele>
        <time>2026-09-15T10:01:12Z</time>
        <extensions>
          <gpxdata:distance>71.04</gpxdata:distance>
          <gpxdata:speed>0.990</gpxdata:speed>
        </extensions>
      </trkpt>
      <trkpt lat="46.6843214" lon="7.8485533">
        <ele>564.6</ele>
        <time>2026-09-15T10:01:26Z</time>
        <extensions>
          <gpxdata:distance>85.30</gpxdata:distance>
          <gpxdata:speed>0.990</gpxdata:speed>
        </extensions>
      </trkpt>
      <trkpt lat="46.6842674" lon="7.8486183">
        <ele>564.2</ele>
        <time>2026-09-15T10:01:34Z</time>
        <extensions>
          <gpxdata:distance>93.09</gpxdata:distance>
          <gpxdata:speed>0.990</gpxdata:speed>
        </extensions>
      </trkpt>
      <trkpt lat="46.6842314" lon="7.8486833">
        <ele>563.8</ele>
        <time>2026-09-15T10:01:40Z</time>
        <extensions>
          <gpxdata:distance>99.46</gpxdata:distance>
          <gpxdata:speed>0.990</gpxdata:speed>
        </extensions>
      </trkpt>
      <trkpt lat="46.6842314" lon="7.8486833">
        <ele>563.8</ele>
        <time>2026-09-15T10:01:40Z</time>
        <extensions>
          <gpxdata:distance>99.46</gpxdata:distance>
          <gpxdata:speed>0.000</gpxdata:speed>
        </extensions>
      </trkpt>
      <trkpt lat="46.6841504" lon="7.8486433">
        <ele>564.7</ele>
        <time>2026-09-15T10:01:50Z</time>
        <extensions>
          <gpxdata:distance>108.97</gpxdata:distance>
          <gpxdata:speed>1.001</gpxdata:speed>
        </extensions>
      </trkpt>
      <trkpt lat="46.6841144" lon="7.8486173">
        <ele>564.8</ele>
        <time>2026-09-15T10:01:54Z</time>
        <extensions>
          <gpxdata:distance>113.44</gpxdata:distance>
          <gpxdata:speed>0.999</gpxdata:speed>
        </extensions>
      </trkpt>
      <trkpt lat="46.6840514" lon="7.8485643">
        <ele>564.7</ele>
        <time>2026-09-15T10:02:03Z</time>
        <extensions>
          <gpxdata:distance>121.52</gpxdata:distance>
          <gpxdata:speed>0.996</gpxdata:speed>
        </extensions>
      </trkpt>
      <trkpt lat="46.6839624" lon="7.8484983">
        <ele>564.9</ele>
        <time>2026-09-15T10:02:14Z</time>
        <extensions>
          <gpxdata:distance>132.63</gpxdata:distance>
          <gpxdata:speed>1.003</gpxdata:speed>
        </extensions>
      </trkpt>
      <trkpt lat="46.6839264" lon="7.8484593">
        <ele>564.6</ele>
        <time>2026-09-15T10:02:19Z</time>
        <extensions>
          <gpxdata:distance>137.62</gpxdata:distance>
          <gpxdata:speed>0.999</gpxdata:speed>
        </extensions>
      </trkpt>
      <trkpt lat="46.6839264" lon="7.8484593">
        <ele>564.6</ele>
        <time>2026-09-15T10:02:19Z</time>
        <extensions>
          <gpxdata:distance>137.62</gpxdata:distance>
          <gpxdata:speed>0.000</gpxdata:speed>
        </extensions>
      </trkpt>
      <trkpt lat="46.6838364" lon="7.8483933">
        <ele>564.5</ele>
        <time>2026-09-15T10:02:30Z</time>
        <extensions>
          <gpxdata:distance>148.82</gpxdata:distance>
          <gpxdata:speed>0.999</gpxdata:speed>
        </extensions>
      </trkpt>
      <trkpt lat="46.6837464" lon="7.8483263">
        <ele>564.3</ele>
        <time>2026-09-15T10:02:41Z</time>
        <extensions>
          <gpxdata:distance>160.06</gpxdata:distance>
          <gpxdata:speed>0.991</gpxdata:speed>
        </extensions>
      </trkpt>
      <trkpt lat="46.6836484" lon="7.8482213">
        <ele>564.5</ele>
        <time>2026-09-15T10:02:55Z</time>
        <extensions>
          <gpxdata:distance>173.58</gpxdata:distance>
          <gpxdata:speed>0.988</gpxdata:speed>
        </extensions>
      </trkpt>
      <trkpt lat="46.6836484" lon="7.8482213">
        <ele>564.5</ele>
        <time>2026-09-15T10:02:55Z</time>
        <extensions>
          <gpxdata:distance>173.58</gpxdata:distance>
          <gpxdata:speed>0.000</gpxdata:speed>
        </extensions>
      </trkpt>
      <trkpt lat="46.6835134" lon="7.8480893">
        <ele>564.6</ele>
        <time>2026-09-15T10:03:13Z</time>
        <extensions>
          <gpxdata:distance>191.66</gpxdata:distance>
          <gpxdata:speed>1.009</gpxdata:speed>
        </extensions>
      </trkpt>
      <trkpt lat="46.6833794" lon="7.8479323">
        <ele>564.7</ele>
        <time>2026-09-15T10:03:32Z</time>
        <extensions>
          <gpxdata:distance>210.77</gpxdata:distance>
          <gpxdata:speed>1.012</gpxdata:speed>
        </extensions>
      </trkpt>
      <trkpt lat="46.6832724" lon="7.8477873">
        <ele>564.6</ele>
        <time>2026-09-15T10:03:48Z</time>
        <extensions>
          <gpxdata:distance>227.02</gpxdata:distance>
          <gpxdata:speed>1.008</gpxdata:speed>
        </extensions>
      </trkpt>
      <trkpt lat="46.6828784" lon="7.8472092">
        <ele>564.3</ele>
        <time>2026-09-15T10:04:49Z</time>
        <extensions>
          <gpxdata:distance>289.18</gpxdata:distance>
          <gpxdata:speed>1.010</gpxdata:speed>
        </extensions>
      </trkpt>
      <trkpt lat="46.6825114" lon="7.8466442">
        <ele>564.4</ele>
        <time>2026-09-15T10:05:48Z</time>
        <extensions>
          <gpxdata:distance>348.53</gpxdata:distance>
          <gpxdata:speed>1.011</gpxdata:speed>
        </extensions>
      </trkpt>
      <trkpt lat="46.6825114" lon="7.8466442">
        <ele>564.4</ele>
        <time>2026-09-15T10:05:48Z</time>
        <extensions>
          <gpxdata:distance>348.53</gpxdata:distance>
          <gpxdata:speed>0.000</gpxdata:speed>
        </extensions>
      </trkpt>
      <trkpt lat="46.6823414" lon="7.8463942">
        <ele>564.2</ele>
        <time>2026-09-15T10:06:15Z</time>
        <extensions>
          <gpxdata:distance>375.39</gpxdata:distance>
          <gpxdata:speed>1.012</gpxdata:speed>
        </extensions>
      </trkpt>
      <trkpt lat="46.6822164" lon="7.8462102">
        <ele>564.2</ele>
        <time>2026-09-15T10:06:34Z</time>
        <extensions>
          <gpxdata:distance>395.14</gpxdata:distance>
          <gpxdata:speed>1.011</gpxdata:speed>
        </extensions>
      </trkpt>
      <trkpt lat="46.6821714" lon="7.8461582">
        <ele>564.6</ele>
        <time>2026-09-15T10:06:40Z</time>
        <extensions>
          <gpxdata:distance>401.53</gpxdata:distance>
          <gpxdata:speed>1.011</gpxdata:speed>
        </extensions>
      </trkpt>
      <trkpt lat="46.6821714" lon="7.8461582">
        <ele>564.6</ele>
        <time>2026-09-15T10:06:40Z</time>
        <extensions>
          <gpxdata:distance>401.53</gpxdata:distance>
          <gpxdata:speed>0.000</gpxdata:speed>
        </extensions>
      </trkpt>
      <trkpt lat="46.6821444" lon="7.8461182">
        <ele>564.6</ele>
        <time>2026-09-15T10:06:45Z</time>
        <extensions>
          <gpxdata:distance>405.81</gpxdata:distance>
          <gpxdata:speed>1.012</gpxdata:speed>
        </extensions>
      </trkpt>
      <trkpt lat="46.6820814" lon="7.8460532">
        <ele>564.8</ele>
        <time>2026-09-15T10:06:53Z</time>
        <extensions>
          <gpxdata:distance>414.39</gpxdata:distance>
          <gpxdata:speed>1.010</gpxdata:speed>
        </extensions>
      </trkpt>
      <trkpt lat="46.6820014" lon="7.8460002">
        <ele>564.8</ele>
        <time>2026-09-15T10:07:03Z</time>
        <extensions>
          <gpxdata:distance>424.16</gpxdata:distance>
          <gpxdata:speed>1.003</gpxdata:speed>
        </extensions>
      </trkpt>
      <trkpt lat="46.6815874" lon="7.8458142">
        <ele>564.9</ele>
        <time>2026-09-15T10:07:51Z</time>
        <extensions>
          <gpxdata:distance>472.33</gpxdata:distance>
          <gpxdata:speed>1.002</gpxdata:speed>
        </extensions>
      </trkpt>
      <trkpt lat="46.6814174" lon="7.8457472">
        <ele>564.9</ele>
        <time>2026-09-15T10:08:10Z</time>
        <extensions>
          <gpxdata:distance>491.91</gpxdata:distance>
          <gpxdata:speed>1.004</gpxdata:speed>
        </extensions>
      </trkpt>
      <trkpt lat="46.6813904" lon="7.8457472">
        <ele>564.9</ele>
        <time>2026-09-15T10:08:13Z</time>
        <extensions>
          <gpxdata:distance>494.92</gpxdata:distance>
          <gpxdata:speed>0.998</gpxdata:speed>
        </extensions>
      </trkpt>
      <trkpt lat="46.6813904" lon="7.8457472">
        <ele>564.9</ele>
        <time>2026-09-15T10:08:13Z</time>
        <extensions>
          <gpxdata:distance>494.92</gpxdata:distance>
          <gpxdata:speed>0.000</gpxdata:speed>
        </extensions>
      </trkpt>
      <trkpt lat="46.6810754" lon="7.8457181">
        <ele>564.7</ele>
        <time>2026-09-15T10:08:48Z</time>
        <extensions>
          <gpxdata:distance>530.01</gpxdata:distance>
          <gpxdata:speed>1.010</gpxdata:speed>
        </extensions>
      </trkpt>
      <trkpt lat="46.6809314" lon="7.8456781">
        <ele>564.5</ele>
        <time>2026-09-15T10:09:04Z</time>
        <extensions>
          <gpxdata:distance>546.31</gpxdata:distance>
          <gpxdata:speed>1.011</gpxdata:speed>
        </extensions>
      </trkpt>
      <trkpt lat="46.6808064" lon="7.8455991">
        <ele>564.5</ele>
        <time>2026-09-15T10:09:19Z</time>
        <extensions>
          <gpxdata:distance>561.46</gpxdata:distance>
          <gpxdata:speed>1.012</gpxdata:speed>
        </extensions>
      </trkpt>
      <trkpt lat="46.6806084" lon="7.8453881">
        <ele>564.2</ele>
        <time>2026-09-15T10:09:46Z</time>
        <extensions>
          <gpxdata:distance>588.74</gpxdata:distance>
          <gpxdata:speed>1.008</gpxdata:speed>
        </extensions>
      </trkpt>
      <trkpt lat="46.6804384" lon="7.8452041">
        <ele>564.0</ele>
        <time>2026-09-15T10:10:10Z</time>
        <extensions>
          <gpxdata:distance>612.28</gpxdata:distance>
          <gpxdata:speed>1.007</gpxdata:speed>
        </extensions>
      </trkpt>
      <trkpt lat="46.6804384" lon="7.8452041">
        <ele>564.0</ele>
        <time>2026-09-15T10:10:10Z</time>
        <extensions>
          <gpxdata:distance>612.28</gpxdata:distance>
          <gpxdata:speed>0.000</gpxdata:speed>
        </extensions>
      </trkpt>
      <trkpt lat="46.6803314" lon="7.8450721">
        <ele>564.0</ele>
        <time>2026-09-15T10:10:25Z</time>
        <extensions>
          <gpxdata:distance>627.87</gpxdata:distance>
          <gpxdata:speed>1.004</gpxdata:speed>
        </extensions>
      </trkpt>
      <trkpt lat="46.6802144" lon="7.8449411">
        <ele>563.9</ele>
        <time>2026-09-15T10:10:42Z</time>
        <extensions>
          <gpxdata:distance>644.27</gpxdata:distance>
          <gpxdata:speed>1.004</gpxdata:speed>
        </extensions>
      </trkpt>
      <trkpt lat="46.6801164" lon="7.8448221">
        <ele>563.9</ele>
        <time>2026-09-15T10:10:56Z</time>
        <extensions>
          <gpxdata:distance>658.46</gpxdata:distance>
          <gpxdata:speed>1.005</gpxdata:speed>
        </extensions>
      </trkpt>
      <trkpt lat="46.6800264" lon="7.8447171">
        <ele>563.8</ele>
        <time>2026-09-15T10:11:08Z</time>
        <extensions>
          <gpxdata:distance>671.27</gpxdata:distance>
          <gpxdata:speed>1.004</gpxdata:speed>
        </extensions>
      </trkpt>
      <trkpt lat="46.6799634" lon="7.8446251">
        <ele>563.7</ele>
        <time>2026-09-15T10:11:18Z</time>
        <extensions>
          <gpxdata:distance>681.19</gpxdata:distance>
          <gpxdata:speed>1.005</gpxdata:speed>
        </extensions>
      </trkpt>
      <trkpt lat="46.6798564" lon="7.8444541">
        <ele>563.5</ele>
        <time>2026-09-15T10:11:36Z</time>
        <extensions>
          <gpxdata:distance>698.85</gpxdata:distance>
          <gpxdata:speed>1.003</gpxdata:speed>
        </extensions>
      </trkpt>
      <trkpt lat="46.6798024" lon="7.8443761">
        <ele>563.5</ele>
        <time>2026-09-15T10:11:44Z</time>
        <extensions>
          <gpxdata:distance>707.30</gpxdata:distance>
          <gpxdata:speed>1.005</gpxdata:speed>
        </extensions>
      </trkpt>
      <trkpt lat="46.6797584" lon="7.8443361">
        <ele>563.5</ele>
        <time>2026-09-15T10:11:50Z</time>
        <extensions>
          <gpxdata:distance>713.07</gpxdata:distance>
          <gpxdata:speed>1.006</gpxdata:speed>
        </extensions>
      </trkpt>
      <trkpt lat="46.6796954" lon="7.8442701">
        <ele>563.5</ele>
        <time>2026-09-15T10:11:59Z</time>
        <extensions>
          <gpxdata:distance>721.69</gpxdata:distance>
          <gpxdata:speed>1.007</gpxdata:speed>
        </extensions>
      </trkpt>
      <trkpt lat="46.6796954" lon="7.8442701">
        <ele>563.5</ele>
        <time>2026-09-15T10:11:59Z</time>
        <extensions>
          <gpxdata:distance>721.69</gpxdata:distance>
          <gpxdata:speed>0.000</gpxdata:speed>
        </extensions>
      </trkpt>
      <trkpt lat="46.6795784" lon="7.8443081">
        <ele>563.4</ele>
        <time>2026-09-15T10:12:12Z</time>
        <extensions>
          <gpxdata:distance>735.02</gpxdata:distance>
          <gpxdata:speed>1.005</gpxdata:speed>
        </extensions>
      </trkpt>
      <trkpt lat="46.6793974" lon="7.8444121">
        <ele>563.2</ele>
        <time>2026-09-15T10:12:33Z</time>
        <extensions>
          <gpxdata:distance>756.66</gpxdata:distance>
          <gpxdata:speed>1.003</gpxdata:speed>
        </extensions>
      </trkpt>
      <trkpt lat="46.6792804" lon="7.8445021">
        <ele>563.0</ele>
        <time>2026-09-15T10:12:48Z</time>
        <extensions>
          <gpxdata:distance>771.37</gpxdata:distance>
          <gpxdata:speed>1.002</gpxdata:speed>
        </extensions>
      </trkpt>
      <trkpt lat="46.6791904" lon="7.8445541">
        <ele>562.9</ele>
        <time>2026-09-15T10:12:59Z</time>
        <extensions>
          <gpxdata:distance>782.13</gpxdata:distance>
          <gpxdata:speed>1.002</gpxdata:speed>
        </extensions>
      </trkpt>
      <trkpt lat="46.6791274" lon="7.8445801">
        <ele>562.8</ele>
        <time>2026-09-15T10:13:06Z</time>
        <extensions>
          <gpxdata:distance>789.41</gpxdata:distance>
          <gpxdata:speed>1.002</gpxdata:speed>
        </extensions>
      </trkpt>
      <trkpt lat="46.6790824" lon="7.8445921">
        <ele>562.6</ele>
        <time>2026-09-15T10:13:11Z</time>
        <extensions>
          <gpxdata:distance>794.50</gpxdata:distance>
          <gpxdata:speed>0.999</gpxdata:speed>
        </extensions>
      </trkpt>
      <trkpt lat="46.6790284" lon="7.8445791">
        <ele>562.4</ele>
        <time>2026-09-15T10:13:17Z</time>
        <extensions>
          <gpxdata:distance>800.59</gpxdata:distance>
          <gpxdata:speed>0.996</gpxdata:speed>
        </extensions>
      </trkpt>
      <trkpt lat="46.6789834" lon="7.8445521">
        <ele>562.4</ele>
        <time>2026-09-15T10:13:23Z</time>
        <extensions>
          <gpxdata:distance>806.00</gpxdata:distance>
          <gpxdata:speed>0.996</gpxdata:speed>
        </extensions>
      </trkpt>
      <trkpt lat="46.6788933" lon="7.8444860">
        <ele>562.3</ele>
        <time>2026-09-15T10:13:34Z</time>
        <extensions>
          <gpxdata:distance>817.21</gpxdata:distance>
          <gpxdata:speed>0.996</gpxdata:speed>
        </extensions>
      </trkpt>
      <trkpt lat="46.6787863" lon="7.8444200">
        <ele>562.3</ele>
        <time>2026-09-15T10:13:47Z</time>
        <extensions>
          <gpxdata:distance>830.13</gpxdata:distance>
          <gpxdata:speed>0.998</gpxdata:speed>
        </extensions>
      </trkpt>
      <trkpt lat="46.6786873" lon="7.8443540">
        <ele>562.0</ele>
        <time>2026-09-15T10:13:59Z</time>
        <extensions>
          <gpxdata:distance>842.24</gpxdata:distance>
          <gpxdata:speed>0.994</gpxdata:speed>
        </extensions>
      </trkpt>
      <trkpt lat="46.6786873" lon="7.8443540">
        <ele>562.0</ele>
        <time>2026-09-15T10:13:59Z</time>
        <extensions>
          <gpxdata:distance>842.24</gpxdata:distance>
          <gpxdata:speed>0.000</gpxdata:speed>
        </extensions>
      </trkpt>
      <trkpt lat="46.6784183" lon="7.8441820">
        <ele>561.7</ele>
        <time>2026-09-15T10:14:32Z</time>
        <extensions>
          <gpxdata:distance>874.90</gpxdata:distance>
          <gpxdata:speed>0.996</gpxdata:speed>
        </extensions>
      </trkpt>
      <trkpt lat="46.6780233" lon="7.8439310">
        <ele>561.6</ele>
        <time>2026-09-15T10:15:20Z</time>
        <extensions>
          <gpxdata:distance>922.81</gpxdata:distance>
          <gpxdata:speed>1.001</gpxdata:speed>
        </extensions>
      </trkpt>
      <trkpt lat="46.6776553" lon="7.8436800">
        <ele>561.1</ele>
        <time>2026-09-15T10:16:05Z</time>
        <extensions>
          <gpxdata:distance>967.99</gpxdata:distance>
          <gpxdata:speed>1.001</gpxdata:speed>
        </extensions>
      </trkpt>
      <trkpt lat="46.6773143" lon="7.8434680">
        <ele>561.5</ele>
        <time>2026-09-15T10:16:46Z</time>
        <extensions>
          <gpxdata:distance>1009.22</gpxdata:distance>
          <gpxdata:speed>1.007</gpxdata:speed>
        </extensions>
      </trkpt>
      <trkpt lat="46.6769913" lon="7.8432570">
        <ele>561.2</ele>
        <time>2026-09-15T10:17:25Z</time>
        <extensions>
          <gpxdata:distance>1048.57</gpxdata:distance>
          <gpxdata:speed>1.006</gpxdata:speed>
        </extensions>
      </trkpt>
      <trkpt lat="46.6764793" lon="7.8429259">
        <ele>560.5</ele>
        <time>2026-09-15T10:18:27Z</time>
        <extensions>
          <gpxdata:distance>1110.86</gpxdata:distance>
          <gpxdata:speed>1.005</gpxdata:speed>
        </extensions>
      </trkpt>
      <trkpt lat="46.6764793" lon="7.8429259">
        <ele>560.5</ele>
        <time>2026-09-15T10:18:27Z</time>
        <extensions>
          <gpxdata:distance>1110.86</gpxdata:distance>
          <gpxdata:speed>0.000</gpxdata:speed>
        </extensions>
      </trkpt>
      <trkpt lat="46.6759233" lon="7.8425689">
        <ele>560.6</ele>
        <time>2026-09-15T10:19:34Z</time>
        <extensions>
          <gpxdata:distance>1178.42</gpxdata:distance>
          <gpxdata:speed>1.007</gpxdata:speed>
        </extensions>
      </trkpt>
      <trkpt lat="46.6756543" lon="7.8423709">
        <ele>560.9</ele>
        <time>2026-09-15T10:20:07Z</time>
        <extensions>
          <gpxdata:distance>1211.93</gpxdata:distance>
          <gpxdata:speed>1.009</gpxdata:speed>
        </extensions>
      </trkpt>
      <trkpt lat="46.6753933" lon="7.8421859">
        <ele>560.6</ele>
        <time>2026-09-15T10:20:39Z</time>
        <extensions>
          <gpxdata:distance>1244.20</gpxdata:distance>
          <gpxdata:speed>1.009</gpxdata:speed>
        </extensions>
      </trkpt>
      <trkpt lat="46.6751513" lon="7.8419749">
        <ele>560.9</ele>
        <time>2026-09-15T10:21:10Z</time>
        <extensions>
          <gpxdata:distance>1275.56</gpxdata:distance>
          <gpxdata:speed>1.010</gpxdata:speed>
        </extensions>
      </trkpt>
      <trkpt lat="46.6749183" lon="7.8417639">
        <ele>560.0</ele>
        <time>2026-09-15T10:21:41Z</time>
        <extensions>
          <gpxdata:distance>1306.06</gpxdata:distance>
          <gpxdata:speed>1.008</gpxdata:speed>
        </extensions>
      </trkpt>
      <trkpt lat="46.6746763" lon="7.8415399">
        <ele>560.2</ele>
        <time>2026-09-15T10:22:12Z</time>
        <extensions>
          <gpxdata:distance>1337.94</gpxdata:distance>
          <gpxdata:speed>1.007</gpxdata:speed>
        </extensions>
      </trkpt>
      <trkpt lat="46.6744973" lon="7.8413559">
        <ele>560.1</ele>
        <time>2026-09-15T10:22:36Z</time>
        <extensions>
          <gpxdata:distance>1362.29</gpxdata:distance>
          <gpxdata:speed>1.008</gpxdata:speed>
        </extensions>
      </trkpt>
      <trkpt lat="46.6743093" lon="7.8411319">
        <ele>559.8</ele>
        <time>2026-09-15T10:23:03Z</time>
        <extensions>
          <gpxdata:distance>1389.29</gpxdata:distance>
          <gpxdata:speed>1.009</gpxdata:speed>
        </extensions>
      </trkpt>
      <trkpt lat="46.6741113" lon="7.8409089">
        <ele>559.9</ele>
        <time>2026-09-15T10:23:31Z</time>
        <extensions>
          <gpxdata:distance>1417.12</gpxdata:distance>
          <gpxdata:speed>1.010</gpxdata:speed>
        </extensions>
      </trkpt>
      <trkpt lat="46.6739323" lon="7.8406849">
        <ele>559.5</ele>
        <time>2026-09-15T10:23:57Z</time>
        <extensions>
          <gpxdata:distance>1443.35</gpxdata:distance>
          <gpxdata:speed>1.007</gpxdata:speed>
        </extensions>
      </trkpt>
      <trkpt lat="46.6737803" lon="7.8404749">
        <ele>559.8</ele>
        <time>2026-09-15T10:24:20Z</time>
        <extensions>
          <gpxdata:distance>1466.64</gpxdata:distance>
          <gpxdata:speed>1.007</gpxdata:speed>
        </extensions>
      </trkpt>
      <trkpt lat="46.6735923" lon="7.8402248">
        <ele>560.2</ele>
        <time>2026-09-15T10:24:48Z</time>
        <extensions>
          <gpxdata:distance>1494.95</gpxdata:distance>
          <gpxdata:speed>1.010</gpxdata:speed>
        </extensions>
      </trkpt>
      <trkpt lat="46.6734223" lon="7.8399628">
        <ele>560.4</ele>
        <time>2026-09-15T10:25:15Z</time>
        <extensions>
          <gpxdata:distance>1522.46</gpxdata:distance>
          <gpxdata:speed>1.010</gpxdata:speed>
        </extensions>
      </trkpt>
      <trkpt lat="46.6731003" lon="7.8394248">
        <ele>560.0</ele>
        <time>2026-09-15T10:26:09Z</time>
        <extensions>
          <gpxdata:distance>1576.93</gpxdata:distance>
          <gpxdata:speed>1.012</gpxdata:speed>
        </extensions>
      </trkpt>
      <trkpt lat="46.6729483" lon="7.8391488">
        <ele>560.0</ele>
        <time>2026-09-15T10:26:36Z</time>
        <extensions>
          <gpxdata:distance>1603.93</gpxdata:distance>
          <gpxdata:speed>1.011</gpxdata:speed>
        </extensions>
      </trkpt>
      <trkpt lat="46.6728053" lon="7.8388728">
        <ele>559.8</ele>
        <time>2026-09-15T10:27:02Z</time>
        <extensions>
          <gpxdata:distance>1630.32</gpxdata:distance>
          <gpxdata:speed>1.011</gpxdata:speed>
        </extensions>
      </trkpt>
      <trkpt lat="46.6726273" lon="7.8385058">
        <ele>559.6</ele>
        <time>2026-09-15T10:27:36Z</time>
        <extensions>
          <gpxdata:distance>1664.61</gpxdata:distance>
          <gpxdata:speed>1.011</gpxdata:speed>
        </extensions>
      </trkpt>
      <trkpt lat="46.6724483" lon="7.8380868">
        <ele>560.1</ele>
        <time>2026-09-15T10:28:13Z</time>
        <extensions>
          <gpxdata:distance>1702.27</gpxdata:distance>
          <gpxdata:speed>1.011</gpxdata:speed>
        </extensions>
      </trkpt>
      <trkpt lat="46.6723053" lon="7.8377588">
        <ele>560.0</ele>
        <time>2026-09-15T10:28:42Z</time>
        <extensions>
          <gpxdata:distance>1731.92</gpxdata:distance>
          <gpxdata:speed>1.008</gpxdata:speed>
        </extensions>
      </trkpt>
      <trkpt lat="46.6723053" lon="7.8377588">
        <ele>560.0</ele>
        <time>2026-09-15T10:28:42Z</time>
        <extensions>
          <gpxdata:distance>1731.92</gpxdata:distance>
          <gpxdata:speed>0.000</gpxdata:speed>
        </extensions>
      </trkpt>
      <trkpt lat="46.6721453" lon="7.8374438">
        <ele>559.7</ele>
        <time>2026-09-15T10:29:12Z</time>
        <extensions>
          <gpxdata:distance>1761.82</gpxdata:distance>
          <gpxdata:speed>1.010</gpxdata:speed>
        </extensions>
      </trkpt>
      <trkpt lat="46.6720113" lon="7.8371288">
        <ele>559.8</ele>
        <time>2026-09-15T10:29:40Z</time>
        <extensions>
          <gpxdata:distance>1790.10</gpxdata:distance>
          <gpxdata:speed>1.010</gpxdata:speed>
        </extensions>
      </trkpt>
      <trkpt lat="46.6719573" lon="7.8369978">
        <ele>559.9</ele>
        <time>2026-09-15T10:29:52Z</time>
        <extensions>
          <gpxdata:distance>1801.76</gpxdata:distance>
          <gpxdata:speed>1.012</gpxdata:speed>
        </extensions>
      </trkpt>
      <trkpt lat="46.6719573" lon="7.8369978">
        <ele>559.9</ele>
        <time>2026-09-15T10:29:52Z</time>
        <extensions>
          <gpxdata:distance>1801.76</gpxdata:distance>
          <gpxdata:speed>0.000</gpxdata:speed>
        </extensions>
      </trkpt>
      <trkpt lat="46.6718233" lon="7.8367358">
        <ele>559.7</ele>
        <time>2026-09-15T10:30:16Z</time>
        <extensions>
          <gpxdata:distance>1826.69</gpxdata:distance>
          <gpxdata:speed>1.012</gpxdata:speed>
        </extensions>
      </trkpt>
      <trkpt lat="46.6718233" lon="7.8367358">
        <ele>559.7</ele>
        <time>2026-09-15T10:30:16Z</time>
        <extensions>
          <gpxdata:distance>1826.69</gpxdata:distance>
          <gpxdata:speed>0.000</gpxdata:speed>
        </extensions>
      </trkpt>
      <trkpt lat="46.6716983" lon="7.8364608">
        <ele>559.2</ele>
        <time>2026-09-15T10:30:41Z</time>
        <extensions>
          <gpxdata:distance>1851.86</gpxdata:distance>
          <gpxdata:speed>1.005</gpxdata:speed>
        </extensions>
      </trkpt>
      <trkpt lat="46.6715383" lon="7.8360938">
        <ele>559.4</ele>
        <time>2026-09-15T10:31:14Z</time>
        <extensions>
          <gpxdata:distance>1885.03</gpxdata:distance>
          <gpxdata:speed>1.007</gpxdata:speed>
        </extensions>
      </trkpt>
      <trkpt lat="46.6713233" lon="7.8356348">
        <ele>559.6</ele>
        <time>2026-09-15T10:31:56Z</time>
        <extensions>
          <gpxdata:distance>1927.44</gpxdata:distance>
          <gpxdata:speed>1.010</gpxdata:speed>
        </extensions>
      </trkpt>
      <trkpt lat="46.6710823" lon="7.8350967">
        <ele>559.5</ele>
        <time>2026-09-15T10:32:45Z</time>
        <extensions>
          <gpxdata:distance>1976.47</gpxdata:distance>
          <gpxdata:speed>1.011</gpxdata:speed>
        </extensions>
      </trkpt>
      <trkpt lat="46.6707703" lon="7.8344277">
        <ele>559.2</ele>
        <time>2026-09-15T10:33:46Z</time>
        <extensions>
          <gpxdata:distance>2038.18</gpxdata:distance>
          <gpxdata:speed>1.009</gpxdata:speed>
        </extensions>
      </trkpt>
      <trkpt lat="46.6704483" lon="7.8337197">
        <ele>558.7</ele>
        <time>2026-09-15T10:34:50Z</time>
        <extensions>
          <gpxdata:distance>2102.99</gpxdata:distance>
          <gpxdata:speed>1.007</gpxdata:speed>
        </extensions>
      </trkpt>
      <trkpt lat="46.6701893" lon="7.8331697">
        <ele>558.8</ele>
        <time>2026-09-15T10:35:41Z</time>
        <extensions>
          <gpxdata:distance>2153.89</gpxdata:distance>
          <gpxdata:speed>1.008</gpxdata:speed>
        </extensions>
      </trkpt>
      <trkpt lat="46.6696543" lon="7.8319897">
        <ele>558.8</ele>
        <time>2026-09-15T10:37:28Z</time>
        <extensions>
          <gpxdata:distance>2261.81</gpxdata:distance>
          <gpxdata:speed>1.010</gpxdata:speed>
        </extensions>
      </trkpt>
      <trkpt lat="46.6694573" lon="7.8315567">
        <ele>559.0</ele>
        <time>2026-09-15T10:38:07Z</time>
        <extensions>
          <gpxdata:distance>2301.45</gpxdata:distance>
          <gpxdata:speed>1.010</gpxdata:speed>
        </extensions>
      </trkpt>
      <trkpt lat="46.6693593" lon="7.8313597">
        <ele>559.4</ele>
        <time>2026-09-15T10:38:25Z</time>
        <extensions>
          <gpxdata:distance>2320.01</gpxdata:distance>
          <gpxdata:speed>1.011</gpxdata:speed>
        </extensions>
      </trkpt>
      <trkpt lat="46.6693593" lon="7.8313597">
        <ele>559.4</ele>
        <time>2026-09-15T10:38:25Z</time>
        <extensions>
          <gpxdata:distance>2320.01</gpxdata:distance>
          <gpxdata:speed>0.000</gpxdata:speed>
        </extensions>
      </trkpt>
      <trkpt lat="46.6693773" lon="7.8313337">
        <ele>559.4</ele>
        <time>2026-09-15T10:38:28Z</time>
        <extensions>
          <gpxdata:distance>2322.83</gpxdata:distance>
          <gpxdata:speed>1.012</gpxdata:speed>
        </extensions>
      </trkpt>
      <trkpt lat="46.6694133" lon="7.8313077">
        <ele>559.2</ele>
        <time>2026-09-15T10:38:32Z</time>
        <extensions>
          <gpxdata:distance>2327.30</gpxdata:distance>
          <gpxdata:speed>1.011</gpxdata:speed>
        </extensions>
      </trkpt>
      <trkpt lat="46.6694313" lon="7.8312947">
        <ele>559.2</ele>
        <time>2026-09-15T10:38:34Z</time>
        <extensions>
          <gpxdata:distance>2329.53</gpxdata:distance>
          <gpxdata:speed>1.012</gpxdata:speed>
        </extensions>
      </trkpt>
      <trkpt lat="46.6695303" lon="7.8312307">
        <ele>559.0</ele>
        <time>2026-09-15T10:38:46Z</time>
        <extensions>
          <gpxdata:distance>2341.57</gpxdata:distance>
          <gpxdata:speed>1.009</gpxdata:speed>
        </extensions>
      </trkpt>
      <trkpt lat="46.6698283" lon="7.8310887">
        <ele>558.9</ele>
        <time>2026-09-15T10:39:21Z</time>
        <extensions>
          <gpxdata:distance>2376.44</gpxdata:distance>
          <gpxdata:speed>1.011</gpxdata:speed>
        </extensions>
      </trkpt>
      <trkpt lat="46.6698283" lon="7.8310887">
        <ele>558.9</ele>
        <time>2026-09-15T10:39:21Z</time>
        <extensions>
          <gpxdata:distance>2376.44</gpxdata:distance>
          <gpxdata:speed>0.000</gpxdata:speed>
        </extensions>
      </trkpt>
      <trkpt lat="46.6700443" lon="7.8310117">
        <ele>558.5</ele>
        <time>2026-09-15T10:39:45Z</time>
        <extensions>
          <gpxdata:distance>2401.16</gpxdata:distance>
          <gpxdata:speed>1.006</gpxdata:speed>
        </extensions>
      </trkpt>
      <trkpt lat="46.6702063" lon="7.8309867">
        <ele>558.8</ele>
        <time>2026-09-15T10:40:04Z</time>
        <extensions>
          <gpxdata:distance>2419.28</gpxdata:distance>
          <gpxdata:speed>1.005</gpxdata:speed>
        </extensions>
      </trkpt>
      <trkpt lat="46.6703683" lon="7.8309747">
        <ele>558.6</ele>
        <time>2026-09-15T10:40:21Z</time>
        <extensions>
          <gpxdata:distance>2437.31</gpxdata:distance>
          <gpxdata:speed>1.004</gpxdata:speed>
        </extensions>
      </trkpt>
      <trkpt lat="46.6705483" lon="7.8309767">
        <ele>558.6</ele>
        <time>2026-09-15T10:40:41Z</time>
        <extensions>
          <gpxdata:distance>2457.33</gpxdata:distance>
          <gpxdata:speed>1.005</gpxdata:speed>
        </extensions>
      </trkpt>
      <trkpt lat="46.6706923" lon="7.8310037">
        <ele>558.6</ele>
        <time>2026-09-15T10:40:57Z</time>
        <extensions>
          <gpxdata:distance>2473.47</gpxdata:distance>
          <gpxdata:speed>1.007</gpxdata:speed>
        </extensions>
      </trkpt>
      <trkpt lat="46.6708533" lon="7.8310567">
        <ele>558.5</ele>
        <time>2026-09-15T10:41:16Z</time>
        <extensions>
          <gpxdata:distance>2491.83</gpxdata:distance>
          <gpxdata:speed>1.007</gpxdata:speed>
        </extensions>
      </trkpt>
      <trkpt lat="46.6709433" lon="7.8310967">
        <ele>558.5</ele>
        <time>2026-09-15T10:41:26Z</time>
        <extensions>
          <gpxdata:distance>2502.29</gpxdata:distance>
          <gpxdata:speed>1.008</gpxdata:speed>
        </extensions>
      </trkpt>
      <trkpt lat="46.6711053" lon="7.8311897">
        <ele>558.8</ele>
        <time>2026-09-15T10:41:45Z</time>
        <extensions>
          <gpxdata:distance>2521.65</gpxdata:distance>
          <gpxdata:speed>1.012</gpxdata:speed>
        </extensions>
      </trkpt>
      <trkpt lat="46.6712393" lon="7.8312817">
        <ele>558.8</ele>
        <time>2026-09-15T10:42:01Z</time>
        <extensions>
          <gpxdata:distance>2538.12</gpxdata:distance>
          <gpxdata:speed>1.012</gpxdata:speed>
        </extensions>
      </trkpt>
      <trkpt lat="46.6713473" lon="7.8313877">
        <ele>559.0</ele>
        <time>2026-09-15T10:42:16Z</time>
        <extensions>
          <gpxdata:distance>2552.60</gpxdata:distance>
          <gpxdata:speed>1.004</gpxdata:speed>
        </extensions>
      </trkpt>
      <trkpt lat="46.6715353" lon="7.8315717">
        <ele>559.2</ele>
        <time>2026-09-15T10:42:41Z</time>
        <extensions>
          <gpxdata:distance>2577.78</gpxdata:distance>
          <gpxdata:speed>1.006</gpxdata:speed>
        </extensions>
      </trkpt>
      <trkpt lat="46.6716883" lon="7.8317557">
        <ele>559.1</ele>
        <time>2026-09-15T10:43:03Z</time>
        <extensions>
          <gpxdata:distance>2599.84</gpxdata:distance>
          <gpxdata:speed>1.005</gpxdata:speed>
        </extensions>
      </trkpt>
      <trkpt lat="46.6718133" lon="7.8319267">
        <ele>559.0</ele>
        <time>2026-09-15T10:43:22Z</time>
        <extensions>
          <gpxdata:distance>2618.90</gpxdata:distance>
          <gpxdata:speed>1.006</gpxdata:speed>
        </extensions>
      </trkpt>
      <trkpt lat="46.6718853" lon="7.8319927">
        <ele>559.0</ele>
        <time>2026-09-15T10:43:31Z</time>
        <extensions>
          <gpxdata:distance>2628.36</gpxdata:distance>
          <gpxdata:speed>1.006</gpxdata:speed>
        </extensions>
      </trkpt>
      <trkpt lat="46.6718853" lon="7.8319927">
        <ele>559.0</ele>
        <time>2026-09-15T10:43:31Z</time>
        <extensions>
          <gpxdata:distance>2628.36</gpxdata:distance>
          <gpxdata:speed>0.000</gpxdata:speed>
        </extensions>
      </trkpt>
      <trkpt lat="46.6719743" lon="7.8320717">
        <ele>559.0</ele>
        <time>2026-09-15T10:43:43Z</time>
        <extensions>
          <gpxdata:distance>2639.95</gpxdata:distance>
          <gpxdata:speed>1.003</gpxdata:speed>
        </extensions>
      </trkpt>
      <trkpt lat="46.6721183" lon="7.8322297">
        <ele>558.9</ele>
        <time>2026-09-15T10:44:03Z</time>
        <extensions>
          <gpxdata:distance>2659.99</gpxdata:distance>
          <gpxdata:speed>1.011</gpxdata:speed>
        </extensions>
      </trkpt>
      <trkpt lat="46.6721183" lon="7.8322297">
        <ele>558.9</ele>
        <time>2026-09-15T10:44:03Z</time>
        <extensions>
          <gpxdata:distance>2659.99</gpxdata:distance>
          <gpxdata:speed>0.000</gpxdata:speed>
        </extensions>
      </trkpt>
      <trkpt lat="46.6721634" lon="7.8320467">
        <ele>559.1</ele>
        <time>2026-09-15T10:44:17Z</time>
        <extensions>
          <gpxdata:distance>2674.83</gpxdata:distance>
          <gpxdata:speed>1.010</gpxdata:speed>
        </extensions>
      </trkpt>
      <trkpt lat="46.6721284" lon="7.8319807">
        <ele>558.8</ele>
        <time>2026-09-15T10:44:24Z</time>
        <extensions>
          <gpxdata:distance>2681.19</gpxdata:distance>
          <gpxdata:speed>1.007</gpxdata:speed>
        </extensions>
      </trkpt>
      <trkpt lat="46.6721284" lon="7.8319807">
        <ele>558.8</ele>
        <time>2026-09-15T10:44:24Z</time>
        <extensions>
          <gpxdata:distance>2681.19</gpxdata:distance>
          <gpxdata:speed>0.000</gpxdata:speed>
        </extensions>
      </trkpt>
      <trkpt lat="46.6721104" lon="7.8319287">
        <ele>558.5</ele>
        <time>2026-09-15T10:44:28Z</time>
        <extensions>
          <gpxdata:distance>2685.64</gpxdata:distance>
          <gpxdata:speed>1.003</gpxdata:speed>
        </extensions>
      </trkpt>
      <trkpt lat="46.6720834" lon="7.8317977">
        <ele>558.4</ele>
        <time>2026-09-15T10:44:38Z</time>
        <extensions>
          <gpxdata:distance>2696.07</gpxdata:distance>
          <gpxdata:speed>1.001</gpxdata:speed>
        </extensions>
      </trkpt>
      <trkpt lat="46.6720754" lon="7.8316797">
        <ele>558.5</ele>
        <time>2026-09-15T10:44:47Z</time>
        <extensions>
          <gpxdata:distance>2705.12</gpxdata:distance>
          <gpxdata:speed>1.004</gpxdata:speed>
        </extensions>
      </trkpt>
      <trkpt lat="46.6721474" lon="7.8314717">
        <ele>558.5</ele>
        <time>2026-09-15T10:45:05Z</time>
        <extensions>
          <gpxdata:distance>2722.89</gpxdata:distance>
          <gpxdata:speed>1.005</gpxdata:speed>
        </extensions>
      </trkpt>
      <trkpt lat="46.6721844" lon="7.8313277">
        <ele>558.4</ele>
        <time>2026-09-15T10:45:17Z</time>
        <extensions>
          <gpxdata:distance>2734.63</gpxdata:distance>
          <gpxdata:speed>1.004</gpxdata:speed>
        </extensions>
      </trkpt>
      <trkpt lat="46.6722384" lon="7.8311977">
        <ele>558.7</ele>
        <time>2026-09-15T10:45:28Z</time>
        <extensions>
          <gpxdata:distance>2746.22</gpxdata:distance>
          <gpxdata:speed>1.009</gpxdata:speed>
        </extensions>
      </trkpt>
      <trkpt lat="46.6722754" lon="7.8310937">
        <ele>559.6</ele>
        <time>2026-09-15T10:45:37Z</time>
        <extensions>
          <gpxdata:distance>2755.16</gpxdata:distance>
          <gpxdata:speed>0.997</gpxdata:speed>
        </extensions>
      </trkpt>
      <trkpt lat="46.6722754" lon="7.8310937">
        <ele>559.6</ele>
        <time>2026-09-15T10:45:37Z</time>
        <extensions>
          <gpxdata:distance>2755.16</gpxdata:distance>
          <gpxdata:speed>0.000</gpxdata:speed>
        </extensions>
      </trkpt>
      <trkpt lat="46.6722934" lon="7.8309757">
        <ele>559.1</ele>
        <time>2026-09-15T10:45:47Z</time>
        <extensions>
          <gpxdata:distance>2764.38</gpxdata:distance>
          <gpxdata:speed>1.003</gpxdata:speed>
        </extensions>
      </trkpt>
      <trkpt lat="46.6722934" lon="7.8309757">
        <ele>559.1</ele>
        <time>2026-09-15T10:45:47Z</time>
        <extensions>
          <gpxdata:distance>2764.38</gpxdata:distance>
          <gpxdata:speed>0.000</gpxdata:speed>
        </extensions>
      </trkpt>
      <trkpt lat="46.6723024" lon="7.8308847">
        <ele>559.0</ele>
        <time>2026-09-15T10:45:54Z</time>
        <extensions>
          <gpxdata:distance>2771.40</gpxdata:distance>
          <gpxdata:speed>0.992</gpxdata:speed>
        </extensions>
      </trkpt>
      <trkpt lat="46.6723124" lon="7.8307537">
        <ele>558.6</ele>
        <time>2026-09-15T10:46:04Z</time>
        <extensions>
          <gpxdata:distance>2781.45</gpxdata:distance>
          <gpxdata:speed>1.009</gpxdata:speed>
        </extensions>
      </trkpt>
      <trkpt lat="46.6723034" lon="7.8305967">
        <ele>558.2</ele>
        <time>2026-09-15T10:46:15Z</time>
        <extensions>
          <gpxdata:distance>2793.48</gpxdata:distance>
          <gpxdata:speed>1.007</gpxdata:speed>
        </extensions>
      </trkpt>
      <trkpt lat="46.6722604" lon="7.8300477">
        <ele>558.4</ele>
        <time>2026-09-15T10:46:57Z</time>
        <extensions>
          <gpxdata:distance>2835.64</gpxdata:distance>
          <gpxdata:speed>1.012</gpxdata:speed>
        </extensions>
      </trkpt>
      <trkpt lat="46.6722434" lon="7.8298257">
        <ele>558.4</ele>
        <time>2026-09-15T10:47:14Z</time>
        <extensions>
          <gpxdata:distance>2852.68</gpxdata:distance>
          <gpxdata:speed>1.009</gpxdata:speed>
        </extensions>
      </trkpt>
      <trkpt lat="46.6722164" lon="7.8297207">
        <ele>558.2</ele>
        <time>2026-09-15T10:47:23Z</time>
        <extensions>
          <gpxdata:distance>2861.23</gpxdata:distance>
          <gpxdata:speed>0.995</gpxdata:speed>
        </extensions>
      </trkpt>
      <trkpt lat="46.6721544" lon="7.8295377">
        <ele>558.2</ele>
        <time>2026-09-15T10:47:38Z</time>
        <extensions>
          <gpxdata:distance>2876.81</gpxdata:distance>
          <gpxdata:speed>0.998</gpxdata:speed>
        </extensions>
      </trkpt>
      <trkpt lat="46.6720654" lon="7.8292627">
        <ele>558.5</ele>
        <time>2026-09-15T10:48:01Z</time>
        <extensions>
          <gpxdata:distance>2900.00</gpxdata:distance>
          <gpxdata:speed>1.007</gpxdata:speed>
        </extensions>
      </trkpt>
      <trkpt lat="46.6720024" lon="7.8291047">
        <ele>558.3</ele>
        <time>2026-09-15T10:48:15Z</time>
        <extensions>
          <gpxdata:distance>2913.95</gpxdata:distance>
          <gpxdata:speed>1.006</gpxdata:speed>
        </extensions>
      </trkpt>
      <trkpt lat="46.6720024" lon="7.8291047">
        <ele>558.3</ele>
        <time>2026-09-15T10:48:15Z</time>
        <extensions>
          <gpxdata:distance>2913.95</gpxdata:distance>
          <gpxdata:speed>0.000</gpxdata:speed>
        </extensions>
      </trkpt>
      <trkpt lat="46.6719494" lon="7.8290137">
        <ele>558.3</ele>
        <time>2026-09-15T10:48:24Z</time>
        <extensions>
          <gpxdata:distance>2923.05</gpxdata:distance>
          <gpxdata:speed>1.010</gpxdata:speed>
        </extensions>
      </trkpt>
      <trkpt lat="46.6719494" lon="7.8290137">
        <ele>558.3</ele>
        <time>2026-09-15T10:48:24Z</time>
        <extensions>
          <gpxdata:distance>2923.05</gpxdata:distance>
          <gpxdata:speed>0.000</gpxdata:speed>
        </extensions>
      </trkpt>
      <trkpt lat="46.6718864" lon="7.8289217">
        <ele>558.5</ele>
        <time>2026-09-15T10:48:34Z</time>
        <extensions>
          <gpxdata:distance>2932.97</gpxdata:distance>
          <gpxdata:speed>1.010</gpxdata:speed>
        </extensions>
      </trkpt>
      <trkpt lat="46.6718154" lon="7.8287377">
        <ele>558.2</ele>
        <time>2026-09-15T10:48:50Z</time>
        <extensions>
          <gpxdata:distance>2949.08</gpxdata:distance>
          <gpxdata:speed>1.010</gpxdata:speed>
        </extensions>
      </trkpt>
      <trkpt lat="46.6716814" lon="7.8283967">
        <ele>558.4</ele>
        <time>2026-09-15T10:49:20Z</time>
        <extensions>
          <gpxdata:distance>2979.06</gpxdata:distance>
          <gpxdata:speed>1.008</gpxdata:speed>
        </extensions>
      </trkpt>
      <trkpt lat="46.6715744" lon="7.8281607">
        <ele>558.3</ele>
        <time>2026-09-15T10:49:41Z</time>
        <extensions>
          <gpxdata:distance>3000.64</gpxdata:distance>
          <gpxdata:speed>1.010</gpxdata:speed>
        </extensions>
      </trkpt>
      <trkpt lat="46.6715384" lon="7.8280307">
        <ele>558.4</ele>
        <time>2026-09-15T10:49:52Z</time>
        <extensions>
          <gpxdata:distance>3011.34</gpxdata:distance>
          <gpxdata:speed>1.011</gpxdata:speed>
        </extensions>
      </trkpt>
      <trkpt lat="46.6715304" lon="7.8279387">
        <ele>558.4</ele>
        <time>2026-09-15T10:49:59Z</time>
        <extensions>
          <gpxdata:distance>3018.42</gpxdata:distance>
          <gpxdata:speed>1.010</gpxdata:speed>
        </extensions>
      </trkpt>
      <trkpt lat="46.6715304" lon="7.8278607">
        <ele>558.3</ele>
        <time>2026-09-15T10:50:05Z</time>
        <extensions>
          <gpxdata:distance>3024.37</gpxdata:distance>
          <gpxdata:speed>1.012</gpxdata:speed>
        </extensions>
      </trkpt>
      <trkpt lat="46.6715394" lon="7.8278077">
        <ele>558.4</ele>
        <time>2026-09-15T10:50:09Z</time>
        <extensions>
          <gpxdata:distance>3028.53</gpxdata:distance>
          <gpxdata:speed>1.010</gpxdata:speed>
        </extensions>
      </trkpt>
      <trkpt lat="46.6715664" lon="7.8277297">
        <ele>558.9</ele>
        <time>2026-09-15T10:50:15Z</time>
        <extensions>
          <gpxdata:distance>3035.20</gpxdata:distance>
          <gpxdata:speed>0.999</gpxdata:speed>
        </extensions>
      </trkpt>
      <trkpt lat="46.6716304" lon="7.8275997">
        <ele>558.5</ele>
        <time>2026-09-15T10:50:27Z</time>
        <extensions>
          <gpxdata:distance>3047.41</gpxdata:distance>
          <gpxdata:speed>1.012</gpxdata:speed>
        </extensions>
      </trkpt>
      <trkpt lat="46.6716934" lon="7.8274827">
        <ele>558.3</ele>
        <time>2026-09-15T10:50:39Z</time>
        <extensions>
          <gpxdata:distance>3058.75</gpxdata:distance>
          <gpxdata:speed>1.010</gpxdata:speed>
        </extensions>
      </trkpt>
      <trkpt lat="46.6717484" lon="7.8273657">
        <ele>558.5</ele>
        <time>2026-09-15T10:50:49Z</time>
        <extensions>
          <gpxdata:distance>3069.57</gpxdata:distance>
          <gpxdata:speed>1.010</gpxdata:speed>
        </extensions>
      </trkpt>
      <trkpt lat="46.6718024" lon="7.8272347">
        <ele>558.2</ele>
        <time>2026-09-15T10:51:01Z</time>
        <extensions>
          <gpxdata:distance>3081.23</gpxdata:distance>
          <gpxdata:speed>1.011</gpxdata:speed>
        </extensions>
      </trkpt>
      <trkpt lat="46.6718294" lon="7.8271307">
        <ele>558.4</ele>
        <time>2026-09-15T10:51:09Z</time>
        <extensions>
          <gpxdata:distance>3089.72</gpxdata:distance>
          <gpxdata:speed>1.012</gpxdata:speed>
        </extensions>
      </trkpt>
      <trkpt lat="46.6718474" lon="7.8270657">
        <ele>558.5</ele>
        <time>2026-09-15T10:51:15Z</time>
        <extensions>
          <gpxdata:distance>3095.07</gpxdata:distance>
          <gpxdata:speed>1.009</gpxdata:speed>
        </extensions>
      </trkpt>
      <trkpt lat="46.6718474" lon="7.8270657">
        <ele>558.5</ele>
        <time>2026-09-15T10:51:15Z</time>
        <extensions>
          <gpxdata:distance>3095.07</gpxdata:distance>
          <gpxdata:speed>0.000</gpxdata:speed>
        </extensions>
      </trkpt>
      <trkpt lat="46.6718754" lon="7.8269477">
        <ele>558.9</ele>
        <time>2026-09-15T10:51:24Z</time>
        <extensions>
          <gpxdata:distance>3104.59</gpxdata:distance>
          <gpxdata:speed>0.996</gpxdata:speed>
        </extensions>
      </trkpt>
      <trkpt lat="46.6719214" lon="7.8267387">
        <ele>558.9</ele>
        <time>2026-09-15T10:51:41Z</time>
        <extensions>
          <gpxdata:distance>3121.34</gpxdata:distance>
          <gpxdata:speed>1.012</gpxdata:speed>
        </extensions>
      </trkpt>
      <trkpt lat="46.6720134" lon="7.8261517">
        <ele>558.9</ele>
        <time>2026-09-15T10:52:26Z</time>
        <extensions>
          <gpxdata:distance>3167.28</gpxdata:distance>
          <gpxdata:speed>1.004</gpxdata:speed>
        </extensions>
      </trkpt>
      <trkpt lat="46.6720404" lon="7.8260477">
        <ele>558.9</ele>
        <time>2026-09-15T10:52:35Z</time>
        <extensions>
          <gpxdata:distance>3175.77</gpxdata:distance>
          <gpxdata:speed>0.999</gpxdata:speed>
        </extensions>
      </trkpt>
      <trkpt lat="46.6720404" lon="7.8260477">
        <ele>558.9</ele>
        <time>2026-09-15T10:52:35Z</time>
        <extensions>
          <gpxdata:distance>3175.77</gpxdata:distance>
          <gpxdata:speed>0.000</gpxdata:speed>
        </extensions>
      </trkpt>
      <trkpt lat="46.6720584" lon="7.8259557">
        <ele>558.9</ele>
        <time>2026-09-15T10:52:42Z</time>
        <extensions>
          <gpxdata:distance>3183.06</gpxdata:distance>
          <gpxdata:speed>0.995</gpxdata:speed>
        </extensions>
      </trkpt>
      <trkpt lat="46.6720584" lon="7.8259557">
        <ele>558.9</ele>
        <time>2026-09-15T10:52:42Z</time>
        <extensions>
          <gpxdata:distance>3183.06</gpxdata:distance>
          <gpxdata:speed>0.000</gpxdata:speed>
        </extensions>
      </trkpt>
      <trkpt lat="46.6720954" lon="7.8258387">
        <ele>558.7</ele>
        <time>2026-09-15T10:52:52Z</time>
        <extensions>
          <gpxdata:distance>3192.89</gpxdata:distance>
          <gpxdata:speed>1.007</gpxdata:speed>
        </extensions>
      </trkpt>
      <trkpt lat="46.6720954" lon="7.8258387">
        <ele>558.7</ele>
        <time>2026-09-15T10:52:52Z</time>
        <extensions>
          <gpxdata:distance>3192.89</gpxdata:distance>
          <gpxdata:speed>0.000</gpxdata:speed>
        </extensions>
      </trkpt>
      <trkpt lat="46.6721494" lon="7.8257087">
        <ele>558.4</ele>
        <time>2026-09-15T10:53:04Z</time>
        <extensions>
          <gpxdata:distance>3204.49</gpxdata:distance>
          <gpxdata:speed>1.006</gpxdata:speed>
        </extensions>
      </trkpt>
      <trkpt lat="46.6721854" lon="7.8255647">
        <ele>558.3</ele>
        <time>2026-09-15T10:53:15Z</time>
        <extensions>
          <gpxdata:distance>3216.18</gpxdata:distance>
          <gpxdata:speed>1.004</gpxdata:speed>
        </extensions>
      </trkpt>
      <trkpt lat="46.6722044" lon="7.8254477">
        <ele>558.7</ele>
        <time>2026-09-15T10:53:24Z</time>
        <extensions>
          <gpxdata:distance>3225.36</gpxdata:distance>
          <gpxdata:speed>1.008</gpxdata:speed>
        </extensions>
      </trkpt>
      <trkpt lat="46.6722314" lon="7.8253167">
        <ele>558.8</ele>
        <time>2026-09-15T10:53:35Z</time>
        <extensions>
          <gpxdata:distance>3235.79</gpxdata:distance>
          <gpxdata:speed>1.010</gpxdata:speed>
        </extensions>
      </trkpt>
      <trkpt lat="46.6722774" lon="7.8251867">
        <ele>558.3</ele>
        <time>2026-09-15T10:53:46Z</time>
        <extensions>
          <gpxdata:distance>3246.95</gpxdata:distance>
          <gpxdata:speed>1.002</gpxdata:speed>
        </extensions>
      </trkpt>
      <trkpt lat="46.6724494" lon="7.8248347">
        <ele>558.5</ele>
        <time>2026-09-15T10:54:18Z</time>
        <extensions>
          <gpxdata:distance>3279.92</gpxdata:distance>
          <gpxdata:speed>1.007</gpxdata:speed>
        </extensions>
      </trkpt>
      <trkpt lat="46.6727294" lon="7.8242877">
        <ele>558.3</ele>
        <time>2026-09-15T10:55:10Z</time>
        <extensions>
          <gpxdata:distance>3331.99</gpxdata:distance>
          <gpxdata:speed>1.007</gpxdata:speed>
        </extensions>
      </trkpt>
      <trkpt lat="46.6728204" lon="7.8241057">
        <ele>558.7</ele>
        <time>2026-09-15T10:55:27Z</time>
        <extensions>
          <gpxdata:distance>3349.17</gpxdata:distance>
          <gpxdata:speed>1.012</gpxdata:speed>
        </extensions>
      </trkpt>
      <trkpt lat="46.6728744" lon="7.8239887">
        <ele>559.4</ele>
        <time>2026-09-15T10:55:38Z</time>
        <extensions>
          <gpxdata:distance>3359.93</gpxdata:distance>
          <gpxdata:speed>1.002</gpxdata:speed>
        </extensions>
      </trkpt>
      <trkpt lat="46.6728744" lon="7.8239887">
        <ele>559.4</ele>
        <time>2026-09-15T10:55:38Z</time>
        <extensions>
          <gpxdata:distance>3359.93</gpxdata:distance>
          <gpxdata:speed>0.000</gpxdata:speed>
        </extensions>
      </trkpt>
      <trkpt lat="46.6729114" lon="7.8238577">
        <ele>559.4</ele>
        <time>2026-09-15T10:55:49Z</time>
        <extensions>
          <gpxdata:distance>3370.74</gpxdata:distance>
          <gpxdata:speed>0.994</gpxdata:speed>
        </extensions>
      </trkpt>
      <trkpt lat="46.6729114" lon="7.8238577">
        <ele>559.4</ele>
        <time>2026-09-15T10:55:49Z</time>
        <extensions>
          <gpxdata:distance>3370.74</gpxdata:distance>
          <gpxdata:speed>0.000</gpxdata:speed>
        </extensions>
      </trkpt>
      <trkpt lat="46.6729754" lon="7.8235447">
        <ele>558.4</ele>
        <time>2026-09-15T10:56:13Z</time>
        <extensions>
          <gpxdata:distance>3395.66</gpxdata:distance>
          <gpxdata:speed>1.009</gpxdata:speed>
        </extensions>
      </trkpt>
      <trkpt lat="46.6730484" lon="7.8232577">
        <ele>558.5</ele>
        <time>2026-09-15T10:56:37Z</time>
        <extensions>
          <gpxdata:distance>3419.01</gpxdata:distance>
          <gpxdata:speed>1.009</gpxdata:speed>
        </extensions>
      </trkpt>
      <trkpt lat="46.6731214" lon="7.8228927">
        <ele>558.5</ele>
        <time>2026-09-15T10:57:05Z</time>
        <extensions>
          <gpxdata:distance>3448.02</gpxdata:distance>
          <gpxdata:speed>1.012</gpxdata:speed>
        </extensions>
      </trkpt>
      <trkpt lat="46.6731484" lon="7.8227887">
        <ele>558.4</ele>
        <time>2026-09-15T10:57:14Z</time>
        <extensions>
          <gpxdata:distance>3456.51</gpxdata:distance>
          <gpxdata:speed>1.010</gpxdata:speed>
        </extensions>
      </trkpt>
      <trkpt lat="46.6731674" lon="7.8225927">
        <ele>558.5</ele>
        <time>2026-09-15T10:57:29Z</time>
        <extensions>
          <gpxdata:distance>3471.61</gpxdata:distance>
          <gpxdata:speed>1.010</gpxdata:speed>
        </extensions>
      </trkpt>
      <trkpt lat="46.6731944" lon="7.8224877">
        <ele>558.5</ele>
        <time>2026-09-15T10:57:37Z</time>
        <extensions>
          <gpxdata:distance>3480.16</gpxdata:distance>
          <gpxdata:speed>1.003</gpxdata:speed>
        </extensions>
      </trkpt>
      <trkpt lat="46.6732674" lon="7.8223837">
        <ele>558.2</ele>
        <time>2026-09-15T10:57:48Z</time>
        <extensions>
          <gpxdata:distance>3491.51</gpxdata:distance>
          <gpxdata:speed>1.001</gpxdata:speed>
        </extensions>
      </trkpt>
      <trkpt lat="46.6733754" lon="7.8222407">
        <ele>558.3</ele>
        <time>2026-09-15T10:58:05Z</time>
        <extensions>
          <gpxdata:distance>3507.74</gpxdata:distance>
          <gpxdata:speed>1.002</gpxdata:speed>
        </extensions>
      </trkpt>
      <trkpt lat="46.6735114" lon="7.8220327">
        <ele>558.5</ele>
        <time>2026-09-15T10:58:26Z</time>
        <extensions>
          <gpxdata:distance>3529.66</gpxdata:distance>
          <gpxdata:speed>1.005</gpxdata:speed>
        </extensions>
      </trkpt>
      <trkpt lat="46.6736014" lon="7.8218897">
        <ele>558.5</ele>
        <time>2026-09-15T10:58:41Z</time>
        <extensions>
          <gpxdata:distance>3544.47</gpxdata:distance>
          <gpxdata:speed>1.011</gpxdata:speed>
        </extensions>
      </trkpt>
      <trkpt lat="46.6737464" lon="7.8215767">
        <ele>558.5</ele>
        <time>2026-09-15T10:59:10Z</time>
        <extensions>
          <gpxdata:distance>3573.28</gpxdata:distance>
          <gpxdata:speed>1.012</gpxdata:speed>
        </extensions>
      </trkpt>
      <trkpt lat="46.6738274" lon="7.8214997">
        <ele>558.6</ele>
        <time>2026-09-15T10:59:20Z</time>
        <extensions>
          <gpxdata:distance>3584.03</gpxdata:distance>
          <gpxdata:speed>1.011</gpxdata:speed>
        </extensions>
      </trkpt>
      <trkpt lat="46.6738994" lon="7.8214607">
        <ele>558.4</ele>
        <time>2026-09-15T10:59:29Z</time>
        <extensions>
          <gpxdata:distance>3592.57</gpxdata:distance>
          <gpxdata:speed>1.012</gpxdata:speed>
        </extensions>
      </trkpt>
      <trkpt lat="46.6740714" lon="7.8213707">
        <ele>558.5</ele>
        <time>2026-09-15T10:59:49Z</time>
        <extensions>
          <gpxdata:distance>3612.90</gpxdata:distance>
          <gpxdata:speed>1.012</gpxdata:speed>
        </extensions>
      </trkpt>
      <trkpt lat="46.6742244" lon="7.8212797">
        <ele>558.6</ele>
        <time>2026-09-15T11:00:07Z</time>
        <extensions>
          <gpxdata:distance>3631.27</gpxdata:distance>
          <gpxdata:speed>1.011</gpxdata:speed>
        </extensions>
      </trkpt>
      <trkpt lat="46.6743414" lon="7.8211757">
        <ele>558.4</ele>
        <time>2026-09-15T11:00:22Z</time>
        <extensions>
          <gpxdata:distance>3646.51</gpxdata:distance>
          <gpxdata:speed>1.009</gpxdata:speed>
        </extensions>
      </trkpt>
      <trkpt lat="46.6744764" lon="7.8210857">
        <ele>558.3</ele>
        <time>2026-09-15T11:00:38Z</time>
        <extensions>
          <gpxdata:distance>3663.02</gpxdata:distance>
          <gpxdata:speed>1.012</gpxdata:speed>
        </extensions>
      </trkpt>
      <trkpt lat="46.6746034" lon="7.8210207">
        <ele>558.4</ele>
        <time>2026-09-15T11:00:53Z</time>
        <extensions>
          <gpxdata:distance>3677.98</gpxdata:distance>
          <gpxdata:speed>1.012</gpxdata:speed>
        </extensions>
      </trkpt>
      <trkpt lat="46.6747384" lon="7.8209177">
        <ele>558.6</ele>
        <time>2026-09-15T11:01:10Z</time>
        <extensions>
          <gpxdata:distance>3694.93</gpxdata:distance>
          <gpxdata:speed>1.011</gpxdata:speed>
        </extensions>
      </trkpt>
      <trkpt lat="46.6748194" lon="7.8208657">
        <ele>558.4</ele>
        <time>2026-09-15T11:01:20Z</time>
        <extensions>
          <gpxdata:distance>3704.77</gpxdata:distance>
          <gpxdata:speed>1.011</gpxdata:speed>
        </extensions>
      </trkpt>
      <trkpt lat="46.6748194" lon="7.8208657">
        <ele>558.4</ele>
        <time>2026-09-15T11:01:20Z</time>
        <extensions>
          <gpxdata:distance>3704.77</gpxdata:distance>
          <gpxdata:speed>0.000</gpxdata:speed>
        </extensions>
      </trkpt>
      <trkpt lat="46.6748914" lon="7.8208407">
        <ele>558.5</ele>
        <time>2026-09-15T11:01:28Z</time>
        <extensions>
          <gpxdata:distance>3713.00</gpxdata:distance>
          <gpxdata:speed>1.010</gpxdata:speed>
        </extensions>
      </trkpt>
      <trkpt lat="46.6749364" lon="7.8208147">
        <ele>558.5</ele>
        <time>2026-09-15T11:01:33Z</time>
        <extensions>
          <gpxdata:distance>3718.38</gpxdata:distance>
          <gpxdata:speed>1.012</gpxdata:speed>
        </extensions>
      </trkpt>
      <trkpt lat="46.6749724" lon="7.8207757">
        <ele>558.5</ele>
        <time>2026-09-15T11:01:38Z</time>
        <extensions>
          <gpxdata:distance>3723.37</gpxdata:distance>
          <gpxdata:speed>1.011</gpxdata:speed>
        </extensions>
      </trkpt>
      <trkpt lat="46.6750174" lon="7.8207367">
        <ele>558.9</ele>
        <time>2026-09-15T11:01:44Z</time>
        <extensions>
          <gpxdata:distance>3729.19</gpxdata:distance>
          <gpxdata:speed>0.997</gpxdata:speed>
        </extensions>
      </trkpt>
      <trkpt lat="46.6750354" lon="7.8206977">
        <ele>558.7</ele>
        <time>2026-09-15T11:01:47Z</time>
        <extensions>
          <gpxdata:distance>3732.78</gpxdata:distance>
          <gpxdata:speed>0.998</gpxdata:speed>
        </extensions>
      </trkpt>
      <trkpt lat="46.6750544" lon="7.8206457">
        <ele>558.7</ele>
        <time>2026-09-15T11:01:52Z</time>
        <extensions>
          <gpxdata:distance>3737.27</gpxdata:distance>
          <gpxdata:speed>1.000</gpxdata:speed>
        </extensions>
      </trkpt>
      <trkpt lat="46.6750724" lon="7.8205797">
        <ele>558.7</ele>
        <time>2026-09-15T11:01:57Z</time>
        <extensions>
          <gpxdata:distance>3742.69</gpxdata:distance>
          <gpxdata:speed>1.007</gpxdata:speed>
        </extensions>
      </trkpt>
      <trkpt lat="46.6750724" lon="7.8205017">
        <ele>558.7</ele>
        <time>2026-09-15T11:02:03Z</time>
        <extensions>
          <gpxdata:distance>3748.64</gpxdata:distance>
          <gpxdata:speed>0.995</gpxdata:speed>
        </extensions>
      </trkpt>
      <trkpt lat="46.6750724" lon="7.8204237">
        <ele>558.7</ele>
        <time>2026-09-15T11:02:09Z</time>
        <extensions>
          <gpxdata:distance>3754.59</gpxdata:distance>
          <gpxdata:speed>0.997</gpxdata:speed>
        </extensions>
      </trkpt>
      <trkpt lat="46.6750464" lon="7.8203577">
        <ele>558.7</ele>
        <time>2026-09-15T11:02:15Z</time>
        <extensions>
          <gpxdata:distance>3760.40</gpxdata:distance>
          <gpxdata:speed>1.002</gpxdata:speed>
        </extensions>
      </trkpt>
      <trkpt lat="46.6750194" lon="7.8202527">
        <ele>558.4</ele>
        <time>2026-09-15T11:02:24Z</time>
        <extensions>
          <gpxdata:distance>3768.95</gpxdata:distance>
          <gpxdata:speed>1.010</gpxdata:speed>
        </extensions>
      </trkpt>
      <trkpt lat="46.6750194" lon="7.8202527">
        <ele>558.4</ele>
        <time>2026-09-15T11:02:24Z</time>
        <extensions>
          <gpxdata:distance>3768.95</gpxdata:distance>
          <gpxdata:speed>0.000</gpxdata:speed>
        </extensions>
      </trkpt>
      <trkpt lat="46.6750014" lon="7.8201087">
        <ele>558.4</ele>
        <time>2026-09-15T11:02:35Z</time>
        <extensions>
          <gpxdata:distance>3780.12</gpxdata:distance>
          <gpxdata:speed>1.000</gpxdata:speed>
        </extensions>
      </trkpt>
      <trkpt lat="46.6750114" lon="7.8199657">
        <ele>558.3</ele>
        <time>2026-09-15T11:02:46Z</time>
        <extensions>
          <gpxdata:distance>3791.09</gpxdata:distance>
          <gpxdata:speed>1.004</gpxdata:speed>
        </extensions>
      </trkpt>
      <trkpt lat="46.6750394" lon="7.8197697">
        <ele>558.5</ele>
        <time>2026-09-15T11:03:01Z</time>
        <extensions>
          <gpxdata:distance>3806.36</gpxdata:distance>
          <gpxdata:speed>1.009</gpxdata:speed>
        </extensions>
      </trkpt>
      <trkpt lat="46.6751024" lon="7.8195217">
        <ele>558.5</ele>
        <time>2026-09-15T11:03:21Z</time>
        <extensions>
          <gpxdata:distance>3826.54</gpxdata:distance>
          <gpxdata:speed>1.009</gpxdata:speed>
        </extensions>
      </trkpt>
      <trkpt lat="46.6751844" lon="7.8192997">
        <ele>558.3</ele>
        <time>2026-09-15T11:03:40Z</time>
        <extensions>
          <gpxdata:distance>3845.77</gpxdata:distance>
          <gpxdata:speed>1.007</gpxdata:speed>
        </extensions>
      </trkpt>
      <trkpt lat="46.6752114" lon="7.8191827">
        <ele>558.4</ele>
        <time>2026-09-15T11:03:49Z</time>
        <extensions>
          <gpxdata:distance>3855.19</gpxdata:distance>
          <gpxdata:speed>1.009</gpxdata:speed>
        </extensions>
      </trkpt>
      <trkpt lat="46.6752664" lon="7.8190657">
        <ele>558.7</ele>
        <time>2026-09-15T11:04:00Z</time>
        <extensions>
          <gpxdata:distance>3866.01</gpxdata:distance>
          <gpxdata:speed>1.012</gpxdata:speed>
        </extensions>
      </trkpt>
      <trkpt lat="46.6753385" lon="7.8189877">
        <ele>558.6</ele>
        <time>2026-09-15T11:04:10Z</time>
        <extensions>
          <gpxdata:distance>3876.00</gpxdata:distance>
          <gpxdata:speed>1.008</gpxdata:speed>
        </extensions>
      </trkpt>
      <trkpt lat="46.6754195" lon="7.8188837">
        <ele>558.4</ele>
        <time>2026-09-15T11:04:22Z</time>
        <extensions>
          <gpxdata:distance>3888.00</gpxdata:distance>
          <gpxdata:speed>1.012</gpxdata:speed>
        </extensions>
      </trkpt>
      <trkpt lat="46.6755465" lon="7.8188057">
        <ele>558.9</ele>
        <time>2026-09-15T11:04:37Z</time>
        <extensions>
          <gpxdata:distance>3903.33</gpxdata:distance>
          <gpxdata:speed>1.002</gpxdata:speed>
        </extensions>
      </trkpt>
      <trkpt lat="46.6758345" lon="7.8186777">
        <ele>558.4</ele>
        <time>2026-09-15T11:05:10Z</time>
        <extensions>
          <gpxdata:distance>3936.81</gpxdata:distance>
          <gpxdata:speed>1.011</gpxdata:speed>
        </extensions>
      </trkpt>
      <trkpt lat="46.6760415" lon="7.8185747">
        <ele>558.5</ele>
        <time>2026-09-15T11:05:34Z</time>
        <extensions>
          <gpxdata:distance>3961.13</gpxdata:distance>
          <gpxdata:speed>1.012</gpxdata:speed>
        </extensions>
      </trkpt>
      <trkpt lat="46.6762315" lon="7.8183797">
        <ele>559.0</ele>
        <time>2026-09-15T11:06:00Z</time>
        <extensions>
          <gpxdata:distance>3986.97</gpxdata:distance>
          <gpxdata:speed>1.004</gpxdata:speed>
        </extensions>
      </trkpt>
      <trkpt lat="46.6764295" lon="7.8182237">
        <ele>558.8</ele>
        <time>2026-09-15T11:06:25Z</time>
        <extensions>
          <gpxdata:distance>4011.99</gpxdata:distance>
          <gpxdata:speed>1.005</gpxdata:speed>
        </extensions>
      </trkpt>
      <trkpt lat="46.6765825" lon="7.8180817">
        <ele>558.6</ele>
        <time>2026-09-15T11:06:45Z</time>
        <extensions>
          <gpxdata:distance>4032.16</gpxdata:distance>
          <gpxdata:speed>1.010</gpxdata:speed>
        </extensions>
      </trkpt>
      <trkpt lat="46.6768805" lon="7.8178217">
        <ele>558.5</ele>
        <time>2026-09-15T11:07:23Z</time>
        <extensions>
          <gpxdata:distance>4070.78</gpxdata:distance>
          <gpxdata:speed>1.011</gpxdata:speed>
        </extensions>
      </trkpt>
      <trkpt lat="46.6768805" lon="7.8178217">
        <ele>558.5</ele>
        <time>2026-09-15T11:07:23Z</time>
        <extensions>
          <gpxdata:distance>4070.78</gpxdata:distance>
          <gpxdata:speed>0.000</gpxdata:speed>
        </extensions>
      </trkpt>
      <trkpt lat="46.6769345" lon="7.8177707">
        <ele>558.3</ele>
        <time>2026-09-15T11:07:30Z</time>
        <extensions>
          <gpxdata:distance>4077.94</gpxdata:distance>
          <gpxdata:speed>1.012</gpxdata:speed>
        </extensions>
      </trkpt>
      <trkpt lat="46.6769885" lon="7.8177317">
        <ele>558.3</ele>
        <time>2026-09-15T11:07:37Z</time>
        <extensions>
          <gpxdata:distance>4084.64</gpxdata:distance>
          <gpxdata:speed>1.008</gpxdata:speed>
        </extensions>
      </trkpt>
      <trkpt lat="46.6771425" lon="7.8176277">
        <ele>558.5</ele>
        <time>2026-09-15T11:07:55Z</time>
        <extensions>
          <gpxdata:distance>4103.51</gpxdata:distance>
          <gpxdata:speed>1.011</gpxdata:speed>
        </extensions>
      </trkpt>
      <trkpt lat="46.6772145" lon="7.8176027">
        <ele>558.4</ele>
        <time>2026-09-15T11:08:03Z</time>
        <extensions>
          <gpxdata:distance>4111.74</gpxdata:distance>
          <gpxdata:speed>1.012</gpxdata:speed>
        </extensions>
      </trkpt>
      <trkpt lat="46.6773495" lon="7.8175767">
        <ele>558.3</ele>
        <time>2026-09-15T11:08:18Z</time>
        <extensions>
          <gpxdata:distance>4126.88</gpxdata:distance>
          <gpxdata:speed>1.006</gpxdata:speed>
        </extensions>
      </trkpt>
      <trkpt lat="46.6774395" lon="7.8175387">
        <ele>558.3</ele>
        <time>2026-09-15T11:08:29Z</time>
        <extensions>
          <gpxdata:distance>4137.30</gpxdata:distance>
          <gpxdata:speed>1.007</gpxdata:speed>
        </extensions>
      </trkpt>
      <trkpt lat="46.6775115" lon="7.8174997">
        <ele>558.2</ele>
        <time>2026-09-15T11:08:37Z</time>
        <extensions>
          <gpxdata:distance>4145.84</gpxdata:distance>
          <gpxdata:speed>1.008</gpxdata:speed>
        </extensions>
      </trkpt>
      <trkpt lat="46.6775745" lon="7.8174217">
        <ele>558.3</ele>
        <time>2026-09-15T11:08:46Z</time>
        <extensions>
          <gpxdata:distance>4155.04</gpxdata:distance>
          <gpxdata:speed>1.009</gpxdata:speed>
        </extensions>
      </trkpt>
      <trkpt lat="46.6776285" lon="7.8173827">
        <ele>558.6</ele>
        <time>2026-09-15T11:08:53Z</time>
        <extensions>
          <gpxdata:distance>4161.74</gpxdata:distance>
          <gpxdata:speed>1.010</gpxdata:speed>
        </extensions>
      </trkpt>
      <trkpt lat="46.6777185" lon="7.8173317">
        <ele>558.3</ele>
        <time>2026-09-15T11:09:04Z</time>
        <extensions>
          <gpxdata:distance>4172.47</gpxdata:distance>
          <gpxdata:speed>1.012</gpxdata:speed>
        </extensions>
      </trkpt>
      <trkpt lat="46.6778085" lon="7.8172797">
        <ele>558.5</ele>
        <time>2026-09-15T11:09:14Z</time>
        <extensions>
          <gpxdata:distance>4183.24</gpxdata:distance>
          <gpxdata:speed>1.007</gpxdata:speed>
        </extensions>
      </trkpt>
      <trkpt lat="46.6778905" lon="7.8172277">
        <ele>558.3</ele>
        <time>2026-09-15T11:09:24Z</time>
        <extensions>
          <gpxdata:distance>4193.18</gpxdata:distance>
          <gpxdata:speed>1.010</gpxdata:speed>
        </extensions>
      </trkpt>
      <trkpt lat="46.6779625" lon="7.8171627">
        <ele>558.2</ele>
        <time>2026-09-15T11:09:33Z</time>
        <extensions>
          <gpxdata:distance>4202.60</gpxdata:distance>
          <gpxdata:speed>1.010</gpxdata:speed>
        </extensions>
      </trkpt>
      <trkpt lat="46.6780435" lon="7.8170857">
        <ele>558.2</ele>
        <time>2026-09-15T11:09:44Z</time>
        <extensions>
          <gpxdata:distance>4213.35</gpxdata:distance>
          <gpxdata:speed>1.011</gpxdata:speed>
        </extensions>
      </trkpt>
      <trkpt lat="46.6780975" lon="7.8170467">
        <ele>558.4</ele>
        <time>2026-09-15T11:09:51Z</time>
        <extensions>
          <gpxdata:distance>4220.05</gpxdata:distance>
          <gpxdata:speed>1.009</gpxdata:speed>
        </extensions>
      </trkpt>
      <trkpt lat="46.6781515" lon="7.8170207">
        <ele>558.5</ele>
        <time>2026-09-15T11:09:57Z</time>
        <extensions>
          <gpxdata:distance>4226.38</gpxdata:distance>
          <gpxdata:speed>1.003</gpxdata:speed>
        </extensions>
      </trkpt>
      <trkpt lat="46.6782235" lon="7.8170077">
        <ele>558.4</ele>
        <time>2026-09-15T11:10:05Z</time>
        <extensions>
          <gpxdata:distance>4234.45</gpxdata:distance>
          <gpxdata:speed>1.009</gpxdata:speed>
        </extensions>
      </trkpt>
      <trkpt lat="46.6783405" lon="7.8169698">
        <ele>558.3</ele>
        <time>2026-09-15T11:10:18Z</time>
        <extensions>
          <gpxdata:distance>4247.77</gpxdata:distance>
          <gpxdata:speed>1.008</gpxdata:speed>
        </extensions>
      </trkpt>
      <trkpt lat="46.6784575" lon="7.8169318">
        <ele>558.3</ele>
        <time>2026-09-15T11:10:31Z</time>
        <extensions>
          <gpxdata:distance>4261.10</gpxdata:distance>
          <gpxdata:speed>1.012</gpxdata:speed>
        </extensions>
      </trkpt>
      <trkpt lat="46.6785295" lon="7.8168928">
        <ele>558.4</ele>
        <time>2026-09-15T11:10:40Z</time>
        <extensions>
          <gpxdata:distance>4269.64</gpxdata:distance>
          <gpxdata:speed>1.011</gpxdata:speed>
        </extensions>
      </trkpt>
      <trkpt lat="46.6786655" lon="7.8167758">
        <ele>558.1</ele>
        <time>2026-09-15T11:10:57Z</time>
        <extensions>
          <gpxdata:distance>4287.20</gpxdata:distance>
          <gpxdata:speed>1.010</gpxdata:speed>
        </extensions>
      </trkpt>
      <trkpt lat="46.6786655" lon="7.8167758">
        <ele>558.1</ele>
        <time>2026-09-15T11:10:57Z</time>
        <extensions>
          <gpxdata:distance>4287.20</gpxdata:distance>
          <gpxdata:speed>0.000</gpxdata:speed>
        </extensions>
      </trkpt>
      <trkpt lat="46.6787015" lon="7.8167898">
        <ele>558.1</ele>
        <time>2026-09-15T11:11:01Z</time>
        <extensions>
          <gpxdata:distance>4291.35</gpxdata:distance>
          <gpxdata:speed>1.011</gpxdata:speed>
        </extensions>
      </trkpt>
      <trkpt lat="46.6787195" lon="7.8168158">
        <ele>558.1</ele>
        <time>2026-09-15T11:11:04Z</time>
        <extensions>
          <gpxdata:distance>4294.16</gpxdata:distance>
          <gpxdata:speed>1.007</gpxdata:speed>
        </extensions>
      </trkpt>
      <trkpt lat="46.6787455" lon="7.8168548">
        <ele>558.2</ele>
        <time>2026-09-15T11:11:08Z</time>
        <extensions>
          <gpxdata:distance>4298.31</gpxdata:distance>
          <gpxdata:speed>1.007</gpxdata:speed>
        </extensions>
      </trkpt>
      <trkpt lat="46.6787725" lon="7.8169338">
        <ele>558.4</ele>
        <time>2026-09-15T11:11:15Z</time>
        <extensions>
          <gpxdata:distance>4305.05</gpxdata:distance>
          <gpxdata:speed>1.012</gpxdata:speed>
        </extensions>
      </trkpt>
      <trkpt lat="46.6787905" lon="7.8169598">
        <ele>558.5</ele>
        <time>2026-09-15T11:11:18Z</time>
        <extensions>
          <gpxdata:distance>4307.86</gpxdata:distance>
          <gpxdata:speed>1.004</gpxdata:speed>
        </extensions>
      </trkpt>
      <trkpt lat="46.6787905" lon="7.8169598">
        <ele>558.5</ele>
        <time>2026-09-15T11:11:18Z</time>
        <extensions>
          <gpxdata:distance>4307.86</gpxdata:distance>
          <gpxdata:speed>0.000</gpxdata:speed>
        </extensions>
      </trkpt>
      <trkpt lat="46.6787455" lon="7.8170508">
        <ele>558.6</ele>
        <time>2026-09-15T11:11:26Z</time>
        <extensions>
          <gpxdata:distance>4316.42</gpxdata:distance>
          <gpxdata:speed>1.002</gpxdata:speed>
        </extensions>
      </trkpt>
      <trkpt lat="46.6787455" lon="7.8170908">
        <ele>558.5</ele>
        <time>2026-09-15T11:11:29Z</time>
        <extensions>
          <gpxdata:distance>4319.47</gpxdata:distance>
          <gpxdata:speed>0.981</gpxdata:speed>
        </extensions>
      </trkpt>
      <trkpt lat="46.6787545" lon="7.8171168">
        <ele>558.8</ele>
        <time>2026-09-15T11:11:32Z</time>
        <extensions>
          <gpxdata:distance>4321.69</gpxdata:distance>
          <gpxdata:speed>0.961</gpxdata:speed>
        </extensions>
      </trkpt>
      <trkpt lat="46.6788075" lon="7.8172478">
        <ele>558.8</ele>
        <time>2026-09-15T11:11:44Z</time>
        <extensions>
          <gpxdata:distance>4333.30</gpxdata:distance>
          <gpxdata:speed>0.970</gpxdata:speed>
        </extensions>
      </trkpt>
      <trkpt lat="46.6788615" lon="7.8173268">
        <ele>559.0</ele>
        <time>2026-09-15T11:11:53Z</time>
        <extensions>
          <gpxdata:distance>4341.80</gpxdata:distance>
          <gpxdata:speed>0.964</gpxdata:speed>
        </extensions>
      </trkpt>
      <trkpt lat="46.6788885" lon="7.8173528">
        <ele>559.1</ele>
        <time>2026-09-15T11:11:56Z</time>
        <extensions>
          <gpxdata:distance>4345.40</gpxdata:distance>
          <gpxdata:speed>0.964</gpxdata:speed>
        </extensions>
      </trkpt>
      <trkpt lat="46.6789155" lon="7.8173528">
        <ele>559.1</ele>
        <time>2026-09-15T11:11:59Z</time>
        <extensions>
          <gpxdata:distance>4348.40</gpxdata:distance>
          <gpxdata:speed>0.971</gpxdata:speed>
        </extensions>
      </trkpt>
      <trkpt lat="46.6789425" lon="7.8173528">
        <ele>559.1</ele>
        <time>2026-09-15T11:12:02Z</time>
        <extensions>
          <gpxdata:distance>4351.41</gpxdata:distance>
          <gpxdata:speed>0.977</gpxdata:speed>
        </extensions>
      </trkpt>
      <trkpt lat="46.6791225" lon="7.8172498">
        <ele>559.1</ele>
        <time>2026-09-15T11:12:24Z</time>
        <extensions>
          <gpxdata:distance>4372.91</gpxdata:distance>
          <gpxdata:speed>0.989</gpxdata:speed>
        </extensions>
      </trkpt>
      <trkpt lat="46.6791225" lon="7.8172498">
        <ele>559.1</ele>
        <time>2026-09-15T11:12:24Z</time>
        <extensions>
          <gpxdata:distance>4372.91</gpxdata:distance>
          <gpxdata:speed>0.000</gpxdata:speed>
        </extensions>
      </trkpt>
      <trkpt lat="46.6791135" lon="7.8171848">
        <ele>559.1</ele>
        <time>2026-09-15T11:12:29Z</time>
        <extensions>
          <gpxdata:distance>4377.97</gpxdata:distance>
          <gpxdata:speed>0.986</gpxdata:speed>
        </extensions>
      </trkpt>
      <trkpt lat="46.6791135" lon="7.8171848">
        <ele>559.1</ele>
        <time>2026-09-15T11:12:29Z</time>
        <extensions>
          <gpxdata:distance>4377.97</gpxdata:distance>
          <gpxdata:speed>0.000</gpxdata:speed>
        </extensions>
      </trkpt>
      <trkpt lat="46.6792305" lon="7.8171458">
        <ele>558.9</ele>
        <time>2026-09-15T11:12:43Z</time>
        <extensions>
          <gpxdata:distance>4391.31</gpxdata:distance>
          <gpxdata:speed>1.008</gpxdata:speed>
        </extensions>
      </trkpt>
      <trkpt lat="46.6795185" lon="7.8170308">
        <ele>559.3</ele>
        <time>2026-09-15T11:13:16Z</time>
        <extensions>
          <gpxdata:distance>4424.52</gpxdata:distance>
          <gpxdata:speed>1.003</gpxdata:speed>
        </extensions>
      </trkpt>
      <trkpt lat="46.6796815" lon="7.8169528">
        <ele>560.1</ele>
        <time>2026-09-15T11:13:35Z</time>
        <extensions>
          <gpxdata:distance>4443.59</gpxdata:distance>
          <gpxdata:speed>0.987</gpxdata:speed>
        </extensions>
      </trkpt>
      <trkpt lat="46.6797175" lon="7.8169268">
        <ele>560.4</ele>
        <time>2026-09-15T11:13:40Z</time>
        <extensions>
          <gpxdata:distance>4448.06</gpxdata:distance>
          <gpxdata:speed>0.979</gpxdata:speed>
        </extensions>
      </trkpt>
      <trkpt lat="46.6797445" lon="7.8168748">
        <ele>560.4</ele>
        <time>2026-09-15T11:13:45Z</time>
        <extensions>
          <gpxdata:distance>4453.04</gpxdata:distance>
          <gpxdata:speed>0.980</gpxdata:speed>
        </extensions>
      </trkpt>
      <trkpt lat="46.6797445" lon="7.8168748">
        <ele>560.4</ele>
        <time>2026-09-15T11:13:45Z</time>
        <extensions>
          <gpxdata:distance>4453.04</gpxdata:distance>
          <gpxdata:speed>0.000</gpxdata:speed>
        </extensions>
      </trkpt>
      <trkpt lat="46.6797895" lon="7.8168358">
        <ele>560.6</ele>
        <time>2026-09-15T11:13:51Z</time>
        <extensions>
          <gpxdata:distance>4458.86</gpxdata:distance>
          <gpxdata:speed>0.968</gpxdata:speed>
        </extensions>
      </trkpt>
      <trkpt lat="46.6798165" lon="7.8168098">
        <ele>560.5</ele>
        <time>2026-09-15T11:13:54Z</time>
        <extensions>
          <gpxdata:distance>4462.46</gpxdata:distance>
          <gpxdata:speed>0.970</gpxdata:speed>
        </extensions>
      </trkpt>
      <trkpt lat="46.6798615" lon="7.8167718">
        <ele>560.5</ele>
        <time>2026-09-15T11:14:00Z</time>
        <extensions>
          <gpxdata:distance>4468.24</gpxdata:distance>
          <gpxdata:speed>0.973</gpxdata:speed>
        </extensions>
      </trkpt>
      <trkpt lat="46.6799065" lon="7.8167198">
        <ele>560.5</ele>
        <time>2026-09-15T11:14:07Z</time>
        <extensions>
          <gpxdata:distance>4474.63</gpxdata:distance>
          <gpxdata:speed>0.964</gpxdata:speed>
        </extensions>
      </trkpt>
      <trkpt lat="46.6799245" lon="7.8167068">
        <ele>560.6</ele>
        <time>2026-09-15T11:14:09Z</time>
        <extensions>
          <gpxdata:distance>4476.86</gpxdata:distance>
          <gpxdata:speed>0.949</gpxdata:speed>
        </extensions>
      </trkpt>
      <trkpt lat="46.6799425" lon="7.8167198">
        <ele>560.5</ele>
        <time>2026-09-15T11:14:12Z</time>
        <extensions>
          <gpxdata:distance>4479.09</gpxdata:distance>
          <gpxdata:speed>0.984</gpxdata:speed>
        </extensions>
      </trkpt>
      <trkpt lat="46.6799425" lon="7.8167198">
        <ele>560.5</ele>
        <time>2026-09-15T11:14:12Z</time>
        <extensions>
          <gpxdata:distance>4479.09</gpxdata:distance>
          <gpxdata:speed>0.000</gpxdata:speed>
        </extensions>
      </trkpt>
      <trkpt lat="46.6800685" lon="7.8168778">
        <ele>561.5</ele>
        <time>2026-09-15T11:14:31Z</time>
        <extensions>
          <gpxdata:distance>4497.57</gpxdata:distance>
          <gpxdata:speed>0.950</gpxdata:speed>
        </extensions>
      </trkpt>
      <trkpt lat="46.6800685" lon="7.8168778">
        <ele>561.5</ele>
        <time>2026-09-15T11:14:31Z</time>
        <extensions>
          <gpxdata:distance>4497.57</gpxdata:distance>
          <gpxdata:speed>0.000</gpxdata:speed>
        </extensions>
      </trkpt>
      <trkpt lat="46.6801305" lon="7.8169698">
        <ele>562.6</ele>
        <time>2026-09-15T11:14:42Z</time>
        <extensions>
          <gpxdata:distance>4507.41</gpxdata:distance>
          <gpxdata:speed>0.908</gpxdata:speed>
        </extensions>
      </trkpt>
      <trkpt lat="46.6801575" lon="7.8169958">
        <ele>563.2</ele>
        <time>2026-09-15T11:14:46Z</time>
        <extensions>
          <gpxdata:distance>4511.01</gpxdata:distance>
          <gpxdata:speed>0.871</gpxdata:speed>
        </extensions>
      </trkpt>
      <trkpt lat="46.6801665" lon="7.8169958">
        <ele>563.5</ele>
        <time>2026-09-15T11:14:47Z</time>
        <extensions>
          <gpxdata:distance>4512.01</gpxdata:distance>
          <gpxdata:speed>0.837</gpxdata:speed>
        </extensions>
      </trkpt>
      <trkpt lat="46.6801755" lon="7.8169828">
        <ele>563.6</ele>
        <time>2026-09-15T11:14:49Z</time>
        <extensions>
          <gpxdata:distance>4513.42</gpxdata:distance>
          <gpxdata:speed>0.807</gpxdata:speed>
        </extensions>
      </trkpt>
      <trkpt lat="46.6801755" lon="7.8169568">
        <ele>563.9</ele>
        <time>2026-09-15T11:14:51Z</time>
        <extensions>
          <gpxdata:distance>4515.40</gpxdata:distance>
          <gpxdata:speed>0.792</gpxdata:speed>
        </extensions>
      </trkpt>
      <trkpt lat="46.6801585" lon="7.8169038">
        <ele>564.4</ele>
        <time>2026-09-15T11:14:57Z</time>
        <extensions>
          <gpxdata:distance>4519.87</gpxdata:distance>
          <gpxdata:speed>0.765</gpxdata:speed>
        </extensions>
      </trkpt>
      <trkpt lat="46.6801315" lon="7.8168128">
        <ele>565.1</ele>
        <time>2026-09-15T11:15:07Z</time>
        <extensions>
          <gpxdata:distance>4527.43</gpxdata:distance>
          <gpxdata:speed>0.767</gpxdata:speed>
        </extensions>
      </trkpt>
      <trkpt lat="46.6800955" lon="7.8166558">
        <ele>565.5</ele>
        <time>2026-09-15T11:15:24Z</time>
        <extensions>
          <gpxdata:distance>4540.06</gpxdata:distance>
          <gpxdata:speed>0.769</gpxdata:speed>
        </extensions>
      </trkpt>
      <trkpt lat="46.6800955" lon="7.8166558">
        <ele>565.5</ele>
        <time>2026-09-15T11:15:24Z</time>
        <extensions>
          <gpxdata:distance>4540.06</gpxdata:distance>
          <gpxdata:speed>0.000</gpxdata:speed>
        </extensions>
      </trkpt>
      <trkpt lat="46.6801145" lon="7.8166168">
        <ele>565.6</ele>
        <time>2026-09-15T11:15:28Z</time>
        <extensions>
          <gpxdata:distance>4543.71</gpxdata:distance>
          <gpxdata:speed>0.799</gpxdata:speed>
        </extensions>
      </trkpt>
      <trkpt lat="46.6801145" lon="7.8166168">
        <ele>565.6</ele>
        <time>2026-09-15T11:15:28Z</time>
        <extensions>
          <gpxdata:distance>4543.71</gpxdata:distance>
          <gpxdata:speed>0.000</gpxdata:speed>
        </extensions>
      </trkpt>
      <trkpt lat="46.6801235" lon="7.8166028">
        <ele>565.4</ele>
        <time>2026-09-15T11:15:30Z</time>
        <extensions>
          <gpxdata:distance>4545.17</gpxdata:distance>
          <gpxdata:speed>0.866</gpxdata:speed>
        </extensions>
      </trkpt>
      <trkpt lat="46.6801235" lon="7.8166028">
        <ele>565.4</ele>
        <time>2026-09-15T11:15:30Z</time>
        <extensions>
          <gpxdata:distance>4545.17</gpxdata:distance>
          <gpxdata:speed>0.000</gpxdata:speed>
        </extensions>
      </trkpt>
      <trkpt lat="46.6802405" lon="7.8164078">
        <ele>565.4</ele>
        <time>2026-09-15T11:15:51Z</time>
        <extensions>
          <gpxdata:distance>4564.93</gpxdata:distance>
          <gpxdata:speed>0.936</gpxdata:speed>
        </extensions>
      </trkpt>
      <trkpt lat="46.6802405" lon="7.8164078">
        <ele>565.4</ele>
        <time>2026-09-15T11:15:51Z</time>
        <extensions>
          <gpxdata:distance>4564.93</gpxdata:distance>
          <gpxdata:speed>0.000</gpxdata:speed>
        </extensions>
      </trkpt>
      <trkpt lat="46.6802675" lon="7.8163558">
        <ele>565.5</ele>
        <time>2026-09-15T11:15:56Z</time>
        <extensions>
          <gpxdata:distance>4569.91</gpxdata:distance>
          <gpxdata:speed>0.988</gpxdata:speed>
        </extensions>
      </trkpt>
      <trkpt lat="46.6802675" lon="7.8163558">
        <ele>565.5</ele>
        <time>2026-09-15T11:15:56Z</time>
        <extensions>
          <gpxdata:distance>4569.91</gpxdata:distance>
          <gpxdata:speed>0.000</gpxdata:speed>
        </extensions>
      </trkpt>
      <trkpt lat="46.6803485" lon="7.8164738">
        <ele>565.1</ele>
        <time>2026-09-15T11:16:09Z</time>
        <extensions>
          <gpxdata:distance>4582.64</gpxdata:distance>
          <gpxdata:speed>1.000</gpxdata:speed>
        </extensions>
      </trkpt>
      <trkpt lat="46.6803485" lon="7.8164738">
        <ele>565.1</ele>
        <time>2026-09-15T11:16:09Z</time>
        <extensions>
          <gpxdata:distance>4582.64</gpxdata:distance>
          <gpxdata:speed>0.000</gpxdata:speed>
        </extensions>
      </trkpt>
      <trkpt lat="46.6803755" lon="7.8165268">
        <ele>564.8</ele>
        <time>2026-09-15T11:16:14Z</time>
        <extensions>
          <gpxdata:distance>4587.68</gpxdata:distance>
          <gpxdata:speed>0.989</gpxdata:speed>
        </extensions>
      </trkpt>
      <trkpt lat="46.6804025" lon="7.8165658">
        <ele>564.4</ele>
        <time>2026-09-15T11:16:18Z</time>
        <extensions>
          <gpxdata:distance>4591.91</gpxdata:distance>
          <gpxdata:speed>0.985</gpxdata:speed>
        </extensions>
      </trkpt>
      <trkpt lat="46.6804285" lon="7.8165928">
        <ele>564.1</ele>
        <time>2026-09-15T11:16:22Z</time>
        <extensions>
          <gpxdata:distance>4595.46</gpxdata:distance>
          <gpxdata:speed>0.979</gpxdata:speed>
        </extensions>
      </trkpt>
      <trkpt lat="46.6804285" lon="7.8165928">
        <ele>564.1</ele>
        <time>2026-09-15T11:16:22Z</time>
        <extensions>
          <gpxdata:distance>4595.46</gpxdata:distance>
          <gpxdata:speed>0.000</gpxdata:speed>
        </extensions>
      </trkpt>
      <trkpt lat="46.6804385" lon="7.8165138">
        <ele>563.5</ele>
        <time>2026-09-15T11:16:28Z</time>
        <extensions>
          <gpxdata:distance>4601.58</gpxdata:distance>
          <gpxdata:speed>0.946</gpxdata:speed>
        </extensions>
      </trkpt>
      <trkpt lat="46.6804475" lon="7.8164098">
        <ele>562.4</ele>
        <time>2026-09-15T11:16:37Z</time>
        <extensions>
          <gpxdata:distance>4609.58</gpxdata:distance>
          <gpxdata:speed>0.918</gpxdata:speed>
        </extensions>
      </trkpt>
      <trkpt lat="46.6804655" lon="7.8163438">
        <ele>562.1</ele>
        <time>2026-09-15T11:16:43Z</time>
        <extensions>
          <gpxdata:distance>4615.00</gpxdata:distance>
          <gpxdata:speed>0.921</gpxdata:speed>
        </extensions>
      </trkpt>
      <trkpt lat="46.6804925" lon="7.8162918">
        <ele>561.6</ele>
        <time>2026-09-15T11:16:48Z</time>
        <extensions>
          <gpxdata:distance>4619.97</gpxdata:distance>
          <gpxdata:speed>0.901</gpxdata:speed>
        </extensions>
      </trkpt>
      <trkpt lat="46.6805565" lon="7.8162408">
        <ele>560.8</ele>
        <time>2026-09-15T11:16:57Z</time>
        <extensions>
          <gpxdata:distance>4628.08</gpxdata:distance>
          <gpxdata:speed>0.900</gpxdata:speed>
        </extensions>
      </trkpt>
      <trkpt lat="46.6806645" lon="7.8161368">
        <ele>560.1</ele>
        <time>2026-09-15T11:17:13Z</time>
        <extensions>
          <gpxdata:distance>4642.48</gpxdata:distance>
          <gpxdata:speed>0.910</gpxdata:speed>
        </extensions>
      </trkpt>
      <trkpt lat="46.6806825" lon="7.8160848">
        <ele>560.1</ele>
        <time>2026-09-15T11:17:18Z</time>
        <extensions>
          <gpxdata:distance>4646.92</gpxdata:distance>
          <gpxdata:speed>0.918</gpxdata:speed>
        </extensions>
      </trkpt>
      <trkpt lat="46.6806915" lon="7.8160448">
        <ele>560.2</ele>
        <time>2026-09-15T11:17:21Z</time>
        <extensions>
          <gpxdata:distance>4650.13</gpxdata:distance>
          <gpxdata:speed>0.925</gpxdata:speed>
        </extensions>
      </trkpt>
      <trkpt lat="46.6807005" lon="7.8159408">
        <ele>560.0</ele>
        <time>2026-09-15T11:17:30Z</time>
        <extensions>
          <gpxdata:distance>4658.13</gpxdata:distance>
          <gpxdata:speed>0.932</gpxdata:speed>
        </extensions>
      </trkpt>
      <trkpt lat="46.6807005" lon="7.8159408">
        <ele>560.0</ele>
        <time>2026-09-15T11:17:30Z</time>
        <extensions>
          <gpxdata:distance>4658.13</gpxdata:distance>
          <gpxdata:speed>0.000</gpxdata:speed>
        </extensions>
      </trkpt>
      <trkpt lat="46.6807375" lon="7.8158628">
        <ele>560.4</ele>
        <time>2026-09-15T11:17:37Z</time>
        <extensions>
          <gpxdata:distance>4665.36</gpxdata:distance>
          <gpxdata:speed>0.966</gpxdata:speed>
        </extensions>
      </trkpt>
      <trkpt lat="46.6807645" lon="7.8158238">
        <ele>560.5</ele>
        <time>2026-09-15T11:17:42Z</time>
        <extensions>
          <gpxdata:distance>4669.59</gpxdata:distance>
          <gpxdata:speed>0.975</gpxdata:speed>
        </extensions>
      </trkpt>
      <trkpt lat="46.6808095" lon="7.8157848">
        <ele>560.7</ele>
        <time>2026-09-15T11:17:48Z</time>
        <extensions>
          <gpxdata:distance>4675.41</gpxdata:distance>
          <gpxdata:speed>0.992</gpxdata:speed>
        </extensions>
      </trkpt>
      <trkpt lat="46.6808455" lon="7.8157718">
        <ele>560.9</ele>
        <time>2026-09-15T11:17:52Z</time>
        <extensions>
          <gpxdata:distance>4679.54</gpxdata:distance>
          <gpxdata:speed>1.007</gpxdata:speed>
        </extensions>
      </trkpt>
      <trkpt lat="46.6808815" lon="7.8157588">
        <ele>560.9</ele>
        <time>2026-09-15T11:17:56Z</time>
        <extensions>
          <gpxdata:distance>4683.66</gpxdata:distance>
          <gpxdata:speed>0.963</gpxdata:speed>
        </extensions>
      </trkpt>
      <trkpt lat="46.6809175" lon="7.8157458">
        <ele>561.2</ele>
        <time>2026-09-15T11:18:00Z</time>
        <extensions>
          <gpxdata:distance>4687.78</gpxdata:distance>
          <gpxdata:speed>0.944</gpxdata:speed>
        </extensions>
      </trkpt>
      <trkpt lat="46.6811425" lon="7.8155778">
        <ele>561.6</ele>
        <time>2026-09-15T11:18:30Z</time>
        <extensions>
          <gpxdata:distance>4715.89</gpxdata:distance>
          <gpxdata:speed>0.958</gpxdata:speed>
        </extensions>
      </trkpt>
      <trkpt lat="46.6812605" lon="7.8154998">
        <ele>561.0</ele>
        <time>2026-09-15T11:18:45Z</time>
        <extensions>
          <gpxdata:distance>4730.30</gpxdata:distance>
          <gpxdata:speed>0.977</gpxdata:speed>
        </extensions>
      </trkpt>
      <trkpt lat="46.6812605" lon="7.8154998">
        <ele>561.0</ele>
        <time>2026-09-15T11:18:45Z</time>
        <extensions>
          <gpxdata:distance>4730.30</gpxdata:distance>
          <gpxdata:speed>0.000</gpxdata:speed>
        </extensions>
      </trkpt>
      <trkpt lat="46.6812515" lon="7.8154608">
        <ele>561.2</ele>
        <time>2026-09-15T11:18:48Z</time>
        <extensions>
          <gpxdata:distance>4733.44</gpxdata:distance>
          <gpxdata:speed>0.983</gpxdata:speed>
        </extensions>
      </trkpt>
      <trkpt lat="46.6812515" lon="7.8154608">
        <ele>561.2</ele>
        <time>2026-09-15T11:18:48Z</time>
        <extensions>
          <gpxdata:distance>4733.44</gpxdata:distance>
          <gpxdata:speed>0.000</gpxdata:speed>
        </extensions>
      </trkpt>
      <trkpt lat="46.6812965" lon="7.8153958">
        <ele>561.3</ele>
        <time>2026-09-15T11:18:55Z</time>
        <extensions>
          <gpxdata:distance>4740.48</gpxdata:distance>
          <gpxdata:speed>0.989</gpxdata:speed>
        </extensions>
      </trkpt>
      <trkpt lat="46.6814675" lon="7.8152668">
        <ele>561.7</ele>
        <time>2026-09-15T11:19:17Z</time>
        <extensions>
          <gpxdata:distance>4761.89</gpxdata:distance>
          <gpxdata:speed>0.988</gpxdata:speed>
        </extensions>
      </trkpt>
      <trkpt lat="46.6818375" lon="7.8149818">
        <ele>562.9</ele>
        <time>2026-09-15T11:20:04Z</time>
        <extensions>
          <gpxdata:distance>4808.43</gpxdata:distance>
          <gpxdata:speed>0.972</gpxdata:speed>
        </extensions>
      </trkpt>
      <trkpt lat="46.6819365" lon="7.8148908">
        <ele>562.8</ele>
        <time>2026-09-15T11:20:18Z</time>
        <extensions>
          <gpxdata:distance>4821.44</gpxdata:distance>
          <gpxdata:speed>0.982</gpxdata:speed>
        </extensions>
      </trkpt>
      <trkpt lat="46.6820005" lon="7.8148128">
        <ele>562.8</ele>
        <time>2026-09-15T11:20:27Z</time>
        <extensions>
          <gpxdata:distance>4830.72</gpxdata:distance>
          <gpxdata:speed>0.986</gpxdata:speed>
        </extensions>
      </trkpt>
      <trkpt lat="46.6820456" lon="7.8147478">
        <ele>562.8</ele>
        <time>2026-09-15T11:20:34Z</time>
        <extensions>
          <gpxdata:distance>4837.77</gpxdata:distance>
          <gpxdata:speed>0.970</gpxdata:speed>
        </extensions>
      </trkpt>
      <trkpt lat="46.6820456" lon="7.8147478">
        <ele>562.8</ele>
        <time>2026-09-15T11:20:34Z</time>
        <extensions>
          <gpxdata:distance>4837.77</gpxdata:distance>
          <gpxdata:speed>0.000</gpxdata:speed>
        </extensions>
      </trkpt>
      <trkpt lat="46.6821716" lon="7.8146438">
        <ele>562.9</ele>
        <time>2026-09-15T11:20:51Z</time>
        <extensions>
          <gpxdata:distance>4853.87</gpxdata:distance>
          <gpxdata:speed>0.977</gpxdata:speed>
        </extensions>
      </trkpt>
      <trkpt lat="46.6822166" lon="7.8145788">
        <ele>562.9</ele>
        <time>2026-09-15T11:20:58Z</time>
        <extensions>
          <gpxdata:distance>4860.92</gpxdata:distance>
          <gpxdata:speed>0.979</gpxdata:speed>
        </extensions>
      </trkpt>
      <trkpt lat="46.6822796" lon="7.8145268">
        <ele>563.3</ele>
        <time>2026-09-15T11:21:06Z</time>
        <extensions>
          <gpxdata:distance>4868.97</gpxdata:distance>
          <gpxdata:speed>0.973</gpxdata:speed>
        </extensions>
      </trkpt>
      <trkpt lat="46.6824066" lon="7.8144368">
        <ele>564.1</ele>
        <time>2026-09-15T11:21:23Z</time>
        <extensions>
          <gpxdata:distance>4884.67</gpxdata:distance>
          <gpxdata:speed>0.963</gpxdata:speed>
        </extensions>
      </trkpt>
      <trkpt lat="46.6824066" lon="7.8144368">
        <ele>564.1</ele>
        <time>2026-09-15T11:21:23Z</time>
        <extensions>
          <gpxdata:distance>4884.67</gpxdata:distance>
          <gpxdata:speed>0.000</gpxdata:speed>
        </extensions>
      </trkpt>
      <trkpt lat="46.6824336" lon="7.8143578">
        <ele>564.0</ele>
        <time>2026-09-15T11:21:30Z</time>
        <extensions>
          <gpxdata:distance>4891.40</gpxdata:distance>
          <gpxdata:speed>0.969</gpxdata:speed>
        </extensions>
      </trkpt>
      <trkpt lat="46.6824516" lon="7.8142668">
        <ele>564.4</ele>
        <time>2026-09-15T11:21:37Z</time>
        <extensions>
          <gpxdata:distance>4898.63</gpxdata:distance>
          <gpxdata:speed>0.953</gpxdata:speed>
        </extensions>
      </trkpt>
      <trkpt lat="46.6824526" lon="7.8141618">
        <ele>564.5</ele>
        <time>2026-09-15T11:21:46Z</time>
        <extensions>
          <gpxdata:distance>4906.64</gpxdata:distance>
          <gpxdata:speed>0.950</gpxdata:speed>
        </extensions>
      </trkpt>
      <trkpt lat="46.6824706" lon="7.8141228">
        <ele>564.8</ele>
        <time>2026-09-15T11:21:49Z</time>
        <extensions>
          <gpxdata:distance>4910.22</gpxdata:distance>
          <gpxdata:speed>0.942</gpxdata:speed>
        </extensions>
      </trkpt>
      <trkpt lat="46.6824706" lon="7.8141228">
        <ele>564.8</ele>
        <time>2026-09-15T11:21:49Z</time>
        <extensions>
          <gpxdata:distance>4910.22</gpxdata:distance>
          <gpxdata:speed>0.000</gpxdata:speed>
        </extensions>
      </trkpt>
      <trkpt lat="46.6824706" lon="7.8140968">
        <ele>564.9</ele>
        <time>2026-09-15T11:21:52Z</time>
        <extensions>
          <gpxdata:distance>4912.21</gpxdata:distance>
          <gpxdata:speed>0.913</gpxdata:speed>
        </extensions>
      </trkpt>
      <trkpt lat="46.6825066" lon="7.8140188">
        <ele>565.9</ele>
        <time>2026-09-15T11:22:00Z</time>
        <extensions>
          <gpxdata:distance>4919.38</gpxdata:distance>
          <gpxdata:speed>0.881</gpxdata:speed>
        </extensions>
      </trkpt>
      <trkpt lat="46.6825426" lon="7.8139408">
        <ele>567.2</ele>
        <time>2026-09-15T11:22:08Z</time>
        <extensions>
          <gpxdata:distance>4926.55</gpxdata:distance>
          <gpxdata:speed>0.822</gpxdata:speed>
        </extensions>
      </trkpt>
      <trkpt lat="46.6825426" lon="7.8139408">
        <ele>567.2</ele>
        <time>2026-09-15T11:22:08Z</time>
        <extensions>
          <gpxdata:distance>4926.55</gpxdata:distance>
          <gpxdata:speed>0.000</gpxdata:speed>
        </extensions>
      </trkpt>
      <trkpt lat="46.6825786" lon="7.8139018">
        <ele>568.8</ele>
        <time>2026-09-15T11:22:15Z</time>
        <extensions>
          <gpxdata:distance>4931.54</gpxdata:distance>
          <gpxdata:speed>0.705</gpxdata:speed>
        </extensions>
      </trkpt>
      <trkpt lat="46.6826236" lon="7.8138368">
        <ele>569.6</ele>
        <time>2026-09-15T11:22:26Z</time>
        <extensions>
          <gpxdata:distance>4938.58</gpxdata:distance>
          <gpxdata:speed>0.679</gpxdata:speed>
        </extensions>
      </trkpt>
      <trkpt lat="46.6826606" lon="7.8137458">
        <ele>571.3</ele>
        <time>2026-09-15T11:22:38Z</time>
        <extensions>
          <gpxdata:distance>4946.65</gpxdata:distance>
          <gpxdata:speed>0.638</gpxdata:speed>
        </extensions>
      </trkpt>
      <trkpt lat="46.6827146" lon="7.8135368">
        <ele>575.0</ele>
        <time>2026-09-15T11:23:05Z</time>
        <extensions>
          <gpxdata:distance>4963.69</gpxdata:distance>
          <gpxdata:speed>0.645</gpxdata:speed>
        </extensions>
      </trkpt>
      <trkpt lat="46.6827146" lon="7.8135368">
        <ele>575.0</ele>
        <time>2026-09-15T11:23:05Z</time>
        <extensions>
          <gpxdata:distance>4963.69</gpxdata:distance>
          <gpxdata:speed>0.000</gpxdata:speed>
        </extensions>
      </trkpt>
      <trkpt lat="46.6826346" lon="7.8132748">
        <ele>577.6</ele>
        <time>2026-09-15T11:23:39Z</time>
        <extensions>
          <gpxdata:distance>4985.56</gpxdata:distance>
          <gpxdata:speed>0.639</gpxdata:speed>
        </extensions>
      </trkpt>
      <trkpt lat="46.6826266" lon="7.8131828">
        <ele>578.0</ele>
        <time>2026-09-15T11:23:50Z</time>
        <extensions>
          <gpxdata:distance>4992.64</gpxdata:distance>
          <gpxdata:speed>0.636</gpxdata:speed>
        </extensions>
      </trkpt>
      <trkpt lat="46.6826356" lon="7.8130658">
        <ele>578.1</ele>
        <time>2026-09-15T11:24:04Z</time>
        <extensions>
          <gpxdata:distance>5001.62</gpxdata:distance>
          <gpxdata:speed>0.642</gpxdata:speed>
        </extensions>
      </trkpt>
      <trkpt lat="46.6826626" lon="7.8129878">
        <ele>579.8</ele>
        <time>2026-09-15T11:24:15Z</time>
        <extensions>
          <gpxdata:distance>5008.28</gpxdata:distance>
          <gpxdata:speed>0.632</gpxdata:speed>
        </extensions>
      </trkpt>
      <trkpt lat="46.6826636" lon="7.8128568">
        <ele>580.0</ele>
        <time>2026-09-15T11:24:29Z</time>
        <extensions>
          <gpxdata:distance>5018.28</gpxdata:distance>
          <gpxdata:speed>0.682</gpxdata:speed>
        </extensions>
      </trkpt>
      <trkpt lat="46.6826546" lon="7.8126998">
        <ele>581.1</ele>
        <time>2026-09-15T11:24:47Z</time>
        <extensions>
          <gpxdata:distance>5030.30</gpxdata:distance>
          <gpxdata:speed>0.691</gpxdata:speed>
        </extensions>
      </trkpt>
      <trkpt lat="46.6826556" lon="7.8126078">
        <ele>581.9</ele>
        <time>2026-09-15T11:24:57Z</time>
        <extensions>
          <gpxdata:distance>5037.32</gpxdata:distance>
          <gpxdata:speed>0.712</gpxdata:speed>
        </extensions>
      </trkpt>
      <trkpt lat="46.6826916" lon="7.8124908">
        <ele>584.1</ele>
        <time>2026-09-15T11:25:10Z</time>
        <extensions>
          <gpxdata:distance>5047.10</gpxdata:distance>
          <gpxdata:speed>0.731</gpxdata:speed>
        </extensions>
      </trkpt>
      <trkpt lat="46.6827376" lon="7.8122558">
        <ele>584.6</ele>
        <time>2026-09-15T11:25:34Z</time>
        <extensions>
          <gpxdata:distance>5065.74</gpxdata:distance>
          <gpxdata:speed>0.769</gpxdata:speed>
        </extensions>
      </trkpt>
      <trkpt lat="46.6828016" lon="7.8119168">
        <ele>586.3</ele>
        <time>2026-09-15T11:26:08Z</time>
        <extensions>
          <gpxdata:distance>5092.56</gpxdata:distance>
          <gpxdata:speed>0.803</gpxdata:speed>
        </extensions>
      </trkpt>
      <trkpt lat="46.6828746" lon="7.8116028">
        <ele>588.1</ele>
        <time>2026-09-15T11:26:39Z</time>
        <extensions>
          <gpxdata:distance>5117.85</gpxdata:distance>
          <gpxdata:speed>0.805</gpxdata:speed>
        </extensions>
      </trkpt>
      <trkpt lat="46.6828926" lon="7.8113938">
        <ele>589.6</ele>
        <time>2026-09-15T11:27:00Z</time>
        <extensions>
          <gpxdata:distance>5133.92</gpxdata:distance>
          <gpxdata:speed>0.788</gpxdata:speed>
        </extensions>
      </trkpt>
      <trkpt lat="46.6829206" lon="7.8111458">
        <ele>590.9</ele>
        <time>2026-09-15T11:27:23Z</time>
        <extensions>
          <gpxdata:distance>5153.09</gpxdata:distance>
          <gpxdata:speed>0.815</gpxdata:speed>
        </extensions>
      </trkpt>
      <trkpt lat="46.6829116" lon="7.8110938">
        <ele>590.9</ele>
        <time>2026-09-15T11:27:28Z</time>
        <extensions>
          <gpxdata:distance>5157.18</gpxdata:distance>
          <gpxdata:speed>0.811</gpxdata:speed>
        </extensions>
      </trkpt>
      <trkpt lat="46.6828766" lon="7.8110148">
        <ele>590.4</ele>
        <time>2026-09-15T11:27:37Z</time>
        <extensions>
          <gpxdata:distance>5164.36</gpxdata:distance>
          <gpxdata:speed>0.834</gpxdata:speed>
        </extensions>
      </trkpt>
      <trkpt lat="46.6828586" lon="7.8109108">
        <ele>590.7</ele>
        <time>2026-09-15T11:27:46Z</time>
        <extensions>
          <gpxdata:distance>5172.54</gpxdata:distance>
          <gpxdata:speed>0.846</gpxdata:speed>
        </extensions>
      </trkpt>
      <trkpt lat="46.6828316" lon="7.8107538">
        <ele>593.0</ele>
        <time>2026-09-15T11:28:01Z</time>
        <extensions>
          <gpxdata:distance>5184.89</gpxdata:distance>
          <gpxdata:speed>0.847</gpxdata:speed>
        </extensions>
      </trkpt>
      <trkpt lat="46.6828146" lon="7.8106488">
        <ele>593.3</ele>
        <time>2026-09-15T11:28:11Z</time>
        <extensions>
          <gpxdata:distance>5193.12</gpxdata:distance>
          <gpxdata:speed>0.837</gpxdata:speed>
        </extensions>
      </trkpt>
      <trkpt lat="46.6827976" lon="7.8104398">
        <ele>594.3</ele>
        <time>2026-09-15T11:28:30Z</time>
        <extensions>
          <gpxdata:distance>5209.17</gpxdata:distance>
          <gpxdata:speed>0.836</gpxdata:speed>
        </extensions>
      </trkpt>
      <trkpt lat="46.6827886" lon="7.8102828">
        <ele>595.3</ele>
        <time>2026-09-15T11:28:44Z</time>
        <extensions>
          <gpxdata:distance>5221.19</gpxdata:distance>
          <gpxdata:speed>0.834</gpxdata:speed>
        </extensions>
      </trkpt>
      <trkpt lat="46.6827976" lon="7.8101388">
        <ele>595.8</ele>
        <time>2026-09-15T11:28:57Z</time>
        <extensions>
          <gpxdata:distance>5232.22</gpxdata:distance>
          <gpxdata:speed>0.851</gpxdata:speed>
        </extensions>
      </trkpt>
      <trkpt lat="46.6828166" lon="7.8099948">
        <ele>595.8</ele>
        <time>2026-09-15T11:29:10Z</time>
        <extensions>
          <gpxdata:distance>5243.41</gpxdata:distance>
          <gpxdata:speed>0.874</gpxdata:speed>
        </extensions>
      </trkpt>
      <trkpt lat="46.6828166" lon="7.8099168">
        <ele>595.6</ele>
        <time>2026-09-15T11:29:17Z</time>
        <extensions>
          <gpxdata:distance>5249.36</gpxdata:distance>
          <gpxdata:speed>0.883</gpxdata:speed>
        </extensions>
      </trkpt>
      <trkpt lat="46.6828076" lon="7.8098378">
        <ele>595.6</ele>
        <time>2026-09-15T11:29:24Z</time>
        <extensions>
          <gpxdata:distance>5255.47</gpxdata:distance>
          <gpxdata:speed>0.867</gpxdata:speed>
        </extensions>
      </trkpt>
      <trkpt lat="46.6827816" lon="7.8097078">
        <ele>595.6</ele>
        <time>2026-09-15T11:29:36Z</time>
        <extensions>
          <gpxdata:distance>5265.80</gpxdata:distance>
          <gpxdata:speed>0.879</gpxdata:speed>
        </extensions>
      </trkpt>
      <trkpt lat="46.6826926" lon="7.8093018">
        <ele>595.9</ele>
        <time>2026-09-15T11:30:10Z</time>
        <extensions>
          <gpxdata:distance>5298.31</gpxdata:distance>
          <gpxdata:speed>0.947</gpxdata:speed>
        </extensions>
      </trkpt>
      <trkpt lat="46.6826756" lon="7.8091578">
        <ele>596.0</ele>
        <time>2026-09-15T11:30:22Z</time>
        <extensions>
          <gpxdata:distance>5309.46</gpxdata:distance>
          <gpxdata:speed>0.953</gpxdata:speed>
        </extensions>
      </trkpt>
      <trkpt lat="46.6826666" lon="7.8090268">
        <ele>595.3</ele>
        <time>2026-09-15T11:30:32Z</time>
        <extensions>
          <gpxdata:distance>5319.50</gpxdata:distance>
          <gpxdata:speed>0.989</gpxdata:speed>
        </extensions>
      </trkpt>
      <trkpt lat="46.6826766" lon="7.8088048">
        <ele>592.0</ele>
        <time>2026-09-15T11:30:49Z</time>
        <extensions>
          <gpxdata:distance>5336.47</gpxdata:distance>
          <gpxdata:speed>0.976</gpxdata:speed>
        </extensions>
      </trkpt>
      <trkpt lat="46.6826766" lon="7.8086348">
        <ele>589.1</ele>
        <time>2026-09-15T11:31:03Z</time>
        <extensions>
          <gpxdata:distance>5349.44</gpxdata:distance>
          <gpxdata:speed>0.940</gpxdata:speed>
        </extensions>
      </trkpt>
      <trkpt lat="46.6827046" lon="7.8084128">
        <ele>588.8</ele>
        <time>2026-09-15T11:31:21Z</time>
        <extensions>
          <gpxdata:distance>5366.66</gpxdata:distance>
          <gpxdata:speed>0.941</gpxdata:speed>
        </extensions>
      </trkpt>
      <trkpt lat="46.6827046" lon="7.8083348">
        <ele>588.8</ele>
        <time>2026-09-15T11:31:28Z</time>
        <extensions>
          <gpxdata:distance>5372.61</gpxdata:distance>
          <gpxdata:speed>0.943</gpxdata:speed>
        </extensions>
      </trkpt>
      <trkpt lat="46.6826876" lon="7.8081778">
        <ele>588.0</ele>
        <time>2026-09-15T11:31:41Z</time>
        <extensions>
          <gpxdata:distance>5384.73</gpxdata:distance>
          <gpxdata:speed>0.939</gpxdata:speed>
        </extensions>
      </trkpt>
      <trkpt lat="46.6826876" lon="7.8080338">
        <ele>587.4</ele>
        <time>2026-09-15T11:31:52Z</time>
        <extensions>
          <gpxdata:distance>5395.72</gpxdata:distance>
          <gpxdata:speed>0.934</gpxdata:speed>
        </extensions>
      </trkpt>
      <trkpt lat="46.6826886" lon="7.8078378">
        <ele>587.2</ele>
        <time>2026-09-15T11:32:09Z</time>
        <extensions>
          <gpxdata:distance>5410.67</gpxdata:distance>
          <gpxdata:speed>0.919</gpxdata:speed>
        </extensions>
      </trkpt>
      <trkpt lat="46.6827256" lon="7.8076418">
        <ele>585.8</ele>
        <time>2026-09-15T11:32:26Z</time>
        <extensions>
          <gpxdata:distance>5426.18</gpxdata:distance>
          <gpxdata:speed>0.908</gpxdata:speed>
        </extensions>
      </trkpt>
      <trkpt lat="46.6827616" lon="7.8074718">
        <ele>582.1</ele>
        <time>2026-09-15T11:32:41Z</time>
        <extensions>
          <gpxdata:distance>5439.75</gpxdata:distance>
          <gpxdata:speed>0.903</gpxdata:speed>
        </extensions>
      </trkpt>
      <trkpt lat="46.6828076" lon="7.8073158">
        <ele>580.5</ele>
        <time>2026-09-15T11:32:55Z</time>
        <extensions>
          <gpxdata:distance>5452.70</gpxdata:distance>
          <gpxdata:speed>0.895</gpxdata:speed>
        </extensions>
      </trkpt>
      <trkpt lat="46.6828706" lon="7.8071718">
        <ele>578.5</ele>
        <time>2026-09-15T11:33:10Z</time>
        <extensions>
          <gpxdata:distance>5465.73</gpxdata:distance>
          <gpxdata:speed>0.904</gpxdata:speed>
        </extensions>
      </trkpt>
      <trkpt lat="46.6829336" lon="7.8070418">
        <ele>577.5</ele>
        <time>2026-09-15T11:33:23Z</time>
        <extensions>
          <gpxdata:distance>5477.87</gpxdata:distance>
          <gpxdata:speed>0.896</gpxdata:speed>
        </extensions>
      </trkpt>
      <trkpt lat="46.6829616" lon="7.8069638">
        <ele>577.1</ele>
        <time>2026-09-15T11:33:31Z</time>
        <extensions>
          <gpxdata:distance>5484.59</gpxdata:distance>
          <gpxdata:speed>0.898</gpxdata:speed>
        </extensions>
      </trkpt>
      <trkpt lat="46.6829526" lon="7.8069118">
        <ele>577.3</ele>
        <time>2026-09-15T11:33:35Z</time>
        <extensions>
          <gpxdata:distance>5488.68</gpxdata:distance>
          <gpxdata:speed>0.897</gpxdata:speed>
        </extensions>
      </trkpt>
      <trkpt lat="46.6829076" lon="7.8067808">
        <ele>575.5</ele>
        <time>2026-09-15T11:33:47Z</time>
        <extensions>
          <gpxdata:distance>5499.85</gpxdata:distance>
          <gpxdata:speed>0.907</gpxdata:speed>
        </extensions>
      </trkpt>
      <trkpt lat="46.6828456" lon="7.8066228">
        <ele>572.9</ele>
        <time>2026-09-15T11:34:02Z</time>
        <extensions>
          <gpxdata:distance>5513.74</gpxdata:distance>
          <gpxdata:speed>0.930</gpxdata:speed>
        </extensions>
      </trkpt>
      <trkpt lat="46.6828276" lon="7.8065708">
        <ele>572.1</ele>
        <time>2026-09-15T11:34:07Z</time>
        <extensions>
          <gpxdata:distance>5518.18</gpxdata:distance>
          <gpxdata:speed>0.939</gpxdata:speed>
        </extensions>
      </trkpt>
      <trkpt lat="46.6828006" lon="7.8064658">
        <ele>571.5</ele>
        <time>2026-09-15T11:34:16Z</time>
        <extensions>
          <gpxdata:distance>5526.74</gpxdata:distance>
          <gpxdata:speed>0.914</gpxdata:speed>
        </extensions>
      </trkpt>
      <trkpt lat="46.6827926" lon="7.8064008">
        <ele>571.1</ele>
        <time>2026-09-15T11:34:22Z</time>
        <extensions>
          <gpxdata:distance>5531.77</gpxdata:distance>
          <gpxdata:speed>0.912</gpxdata:speed>
        </extensions>
      </trkpt>
      <trkpt lat="46.6828106" lon="7.8063088">
        <ele>570.3</ele>
        <time>2026-09-15T11:34:30Z</time>
        <extensions>
          <gpxdata:distance>5539.07</gpxdata:distance>
          <gpxdata:speed>0.905</gpxdata:speed>
        </extensions>
      </trkpt>
      <trkpt lat="46.6828376" lon="7.8062308">
        <ele>569.5</ele>
        <time>2026-09-15T11:34:37Z</time>
        <extensions>
          <gpxdata:distance>5545.74</gpxdata:distance>
          <gpxdata:speed>0.911</gpxdata:speed>
        </extensions>
      </trkpt>
      <trkpt lat="46.6828736" lon="7.8061788">
        <ele>568.0</ele>
        <time>2026-09-15T11:34:43Z</time>
        <extensions>
          <gpxdata:distance>5551.37</gpxdata:distance>
          <gpxdata:speed>0.928</gpxdata:speed>
        </extensions>
      </trkpt>
      <trkpt lat="46.6829546" lon="7.8061268">
        <ele>565.5</ele>
        <time>2026-09-15T11:34:54Z</time>
        <extensions>
          <gpxdata:distance>5561.21</gpxdata:distance>
          <gpxdata:speed>0.923</gpxdata:speed>
        </extensions>
      </trkpt>
      <trkpt lat="46.6830806" lon="7.8060888">
        <ele>563.5</ele>
        <time>2026-09-15T11:35:10Z</time>
        <extensions>
          <gpxdata:distance>5575.52</gpxdata:distance>
          <gpxdata:speed>0.928</gpxdata:speed>
        </extensions>
      </trkpt>
      <trkpt lat="46.6831716" lon="7.8060238">
        <ele>560.7</ele>
        <time>2026-09-15T11:35:22Z</time>
        <extensions>
          <gpxdata:distance>5586.79</gpxdata:distance>
          <gpxdata:speed>0.917</gpxdata:speed>
        </extensions>
      </trkpt>
      <trkpt lat="46.6831986" lon="7.8059718">
        <ele>560.3</ele>
        <time>2026-09-15T11:35:27Z</time>
        <extensions>
          <gpxdata:distance>5591.76</gpxdata:distance>
          <gpxdata:speed>0.926</gpxdata:speed>
        </extensions>
      </trkpt>
      <trkpt lat="46.6832076" lon="7.8059458">
        <ele>560.0</ele>
        <time>2026-09-15T11:35:30Z</time>
        <extensions>
          <gpxdata:distance>5593.99</gpxdata:distance>
          <gpxdata:speed>0.911</gpxdata:speed>
        </extensions>
      </trkpt>
      <trkpt lat="46.6831986" lon="7.8058808">
        <ele>560.3</ele>
        <time>2026-09-15T11:35:35Z</time>
        <extensions>
          <gpxdata:distance>5599.04</gpxdata:distance>
          <gpxdata:speed>0.926</gpxdata:speed>
        </extensions>
      </trkpt>
      <trkpt lat="46.6831986" lon="7.8058808">
        <ele>560.3</ele>
        <time>2026-09-15T11:35:35Z</time>
        <extensions>
          <gpxdata:distance>5599.04</gpxdata:distance>
          <gpxdata:speed>0.000</gpxdata:speed>
        </extensions>
      </trkpt>
      <trkpt lat="46.6832436" lon="7.8058678">
        <ele>560.2</ele>
        <time>2026-09-15T11:35:41Z</time>
        <extensions>
          <gpxdata:distance>5604.15</gpxdata:distance>
          <gpxdata:speed>0.927</gpxdata:speed>
        </extensions>
      </trkpt>
      <trkpt lat="46.6832886" lon="7.8058418">
        <ele>560.1</ele>
        <time>2026-09-15T11:35:46Z</time>
        <extensions>
          <gpxdata:distance>5609.53</gpxdata:distance>
          <gpxdata:speed>0.927</gpxdata:speed>
        </extensions>
      </trkpt>
      <trkpt lat="46.6833426" lon="7.8058028">
        <ele>560.1</ele>
        <time>2026-09-15T11:35:54Z</time>
        <extensions>
          <gpxdata:distance>5616.23</gpxdata:distance>
          <gpxdata:speed>0.896</gpxdata:speed>
        </extensions>
      </trkpt>
      <trkpt lat="46.6833786" lon="7.8057638">
        <ele>560.1</ele>
        <time>2026-09-15T11:35:59Z</time>
        <extensions>
          <gpxdata:distance>5621.22</gpxdata:distance>
          <gpxdata:speed>0.922</gpxdata:speed>
        </extensions>
      </trkpt>
      <trkpt lat="46.6834056" lon="7.8057378">
        <ele>560.1</ele>
        <time>2026-09-15T11:36:03Z</time>
        <extensions>
          <gpxdata:distance>5624.82</gpxdata:distance>
          <gpxdata:speed>0.992</gpxdata:speed>
        </extensions>
      </trkpt>
      <trkpt lat="46.6834426" lon="7.8056858">
        <ele>560.1</ele>
        <time>2026-09-15T11:36:09Z</time>
        <extensions>
          <gpxdata:distance>5630.53</gpxdata:distance>
          <gpxdata:speed>1.006</gpxdata:speed>
        </extensions>
      </trkpt>
      <trkpt lat="46.6834696" lon="7.8056208">
        <ele>560.2</ele>
        <time>2026-09-15T11:36:14Z</time>
        <extensions>
          <gpxdata:distance>5636.33</gpxdata:distance>
          <gpxdata:speed>1.000</gpxdata:speed>
        </extensions>
      </trkpt>
      <trkpt lat="46.6834966" lon="7.8055428">
        <ele>560.2</ele>
        <time>2026-09-15T11:36:21Z</time>
        <extensions>
          <gpxdata:distance>5642.99</gpxdata:distance>
          <gpxdata:speed>1.009</gpxdata:speed>
        </extensions>
      </trkpt>
      <trkpt lat="46.6835236" lon="7.8054648">
        <ele>560.1</ele>
        <time>2026-09-15T11:36:28Z</time>
        <extensions>
          <gpxdata:distance>5649.66</gpxdata:distance>
          <gpxdata:speed>1.007</gpxdata:speed>
        </extensions>
      </trkpt>
      <trkpt lat="46.6835336" lon="7.8053858">
        <ele>560.1</ele>
        <time>2026-09-15T11:36:34Z</time>
        <extensions>
          <gpxdata:distance>5655.78</gpxdata:distance>
          <gpxdata:speed>1.010</gpxdata:speed>
        </extensions>
      </trkpt>
      <trkpt lat="46.6835336" lon="7.8052818">
        <ele>560.2</ele>
        <time>2026-09-15T11:36:42Z</time>
        <extensions>
          <gpxdata:distance>5663.72</gpxdata:distance>
          <gpxdata:speed>1.008</gpxdata:speed>
        </extensions>
      </trkpt>
      <trkpt lat="46.6835336" lon="7.8051767">
        <ele>560.3</ele>
        <time>2026-09-15T11:36:50Z</time>
        <extensions>
          <gpxdata:distance>5671.73</gpxdata:distance>
          <gpxdata:speed>1.003</gpxdata:speed>
        </extensions>
      </trkpt>
      <trkpt lat="46.6835256" lon="7.8050457">
        <ele>560.6</ele>
        <time>2026-09-15T11:37:00Z</time>
        <extensions>
          <gpxdata:distance>5681.77</gpxdata:distance>
          <gpxdata:speed>0.991</gpxdata:speed>
        </extensions>
      </trkpt>
      <trkpt lat="46.6835076" lon="7.8049017">
        <ele>561.1</ele>
        <time>2026-09-15T11:37:11Z</time>
        <extensions>
          <gpxdata:distance>5692.93</gpxdata:distance>
          <gpxdata:speed>0.975</gpxdata:speed>
        </extensions>
      </trkpt>
      <trkpt lat="46.6834986" lon="7.8047717">
        <ele>561.7</ele>
        <time>2026-09-15T11:37:22Z</time>
        <extensions>
          <gpxdata:distance>5702.90</gpxdata:distance>
          <gpxdata:speed>0.956</gpxdata:speed>
        </extensions>
      </trkpt>
      <trkpt lat="46.6834996" lon="7.8046667">
        <ele>562.2</ele>
        <time>2026-09-15T11:37:30Z</time>
        <extensions>
          <gpxdata:distance>5710.91</gpxdata:distance>
          <gpxdata:speed>0.944</gpxdata:speed>
        </extensions>
      </trkpt>
      <trkpt lat="46.6834996" lon="7.8045617">
        <ele>562.6</ele>
        <time>2026-09-15T11:37:39Z</time>
        <extensions>
          <gpxdata:distance>5718.92</gpxdata:distance>
          <gpxdata:speed>0.932</gpxdata:speed>
        </extensions>
      </trkpt>
      <trkpt lat="46.6835176" lon="7.8044707">
        <ele>563.1</ele>
        <time>2026-09-15T11:37:47Z</time>
        <extensions>
          <gpxdata:distance>5726.14</gpxdata:distance>
          <gpxdata:speed>0.913</gpxdata:speed>
        </extensions>
      </trkpt>
      <trkpt lat="46.6835366" lon="7.8043797">
        <ele>563.5</ele>
        <time>2026-09-15T11:37:55Z</time>
        <extensions>
          <gpxdata:distance>5733.40</gpxdata:distance>
          <gpxdata:speed>0.901</gpxdata:speed>
        </extensions>
      </trkpt>
      <trkpt lat="46.6835636" lon="7.8043147">
        <ele>563.9</ele>
        <time>2026-09-15T11:38:01Z</time>
        <extensions>
          <gpxdata:distance>5739.20</gpxdata:distance>
          <gpxdata:speed>0.888</gpxdata:speed>
        </extensions>
      </trkpt>
      <trkpt lat="46.6835906" lon="7.8042357">
        <ele>564.3</ele>
        <time>2026-09-15T11:38:09Z</time>
        <extensions>
          <gpxdata:distance>5745.93</gpxdata:distance>
          <gpxdata:speed>0.875</gpxdata:speed>
        </extensions>
      </trkpt>
      <trkpt lat="46.6836266" lon="7.8041707">
        <ele>564.8</ele>
        <time>2026-09-15T11:38:16Z</time>
        <extensions>
          <gpxdata:distance>5752.30</gpxdata:distance>
          <gpxdata:speed>0.860</gpxdata:speed>
        </extensions>
      </trkpt>
      <trkpt lat="46.6836726" lon="7.8041057">
        <ele>565.3</ele>
        <time>2026-09-15T11:38:25Z</time>
        <extensions>
          <gpxdata:distance>5759.43</gpxdata:distance>
          <gpxdata:speed>0.851</gpxdata:speed>
        </extensions>
      </trkpt>
      <trkpt lat="46.6837176" lon="7.8040277">
        <ele>565.6</ele>
        <time>2026-09-15T11:38:34Z</time>
        <extensions>
          <gpxdata:distance>5767.20</gpxdata:distance>
          <gpxdata:speed>0.857</gpxdata:speed>
        </extensions>
      </trkpt>
      <trkpt lat="46.6837536" lon="7.8039497">
        <ele>566.2</ele>
        <time>2026-09-15T11:38:42Z</time>
        <extensions>
          <gpxdata:distance>5774.37</gpxdata:distance>
          <gpxdata:speed>0.851</gpxdata:speed>
        </extensions>
      </trkpt>
      <trkpt lat="46.6837806" lon="7.8038847">
        <ele>566.5</ele>
        <time>2026-09-15T11:38:49Z</time>
        <extensions>
          <gpxdata:distance>5780.17</gpxdata:distance>
          <gpxdata:speed>0.849</gpxdata:speed>
        </extensions>
      </trkpt>
      <trkpt lat="46.6837896" lon="7.8038187">
        <ele>566.8</ele>
        <time>2026-09-15T11:38:55Z</time>
        <extensions>
          <gpxdata:distance>5785.30</gpxdata:distance>
          <gpxdata:speed>0.852</gpxdata:speed>
        </extensions>
      </trkpt>
      <trkpt lat="46.6838086" lon="7.8037407">
        <ele>566.9</ele>
        <time>2026-09-15T11:39:02Z</time>
        <extensions>
          <gpxdata:distance>5791.62</gpxdata:distance>
          <gpxdata:speed>0.863</gpxdata:speed>
        </extensions>
      </trkpt>
      <trkpt lat="46.6838086" lon="7.8036627">
        <ele>567.2</ele>
        <time>2026-09-15T11:39:09Z</time>
        <extensions>
          <gpxdata:distance>5797.57</gpxdata:distance>
          <gpxdata:speed>0.868</gpxdata:speed>
        </extensions>
      </trkpt>
      <trkpt lat="46.6838086" lon="7.8035577">
        <ele>567.8</ele>
        <time>2026-09-15T11:39:18Z</time>
        <extensions>
          <gpxdata:distance>5805.58</gpxdata:distance>
          <gpxdata:speed>0.863</gpxdata:speed>
        </extensions>
      </trkpt>
      <trkpt lat="46.6837916" lon="7.8032567">
        <ele>569.0</ele>
        <time>2026-09-15T11:39:45Z</time>
        <extensions>
          <gpxdata:distance>5828.61</gpxdata:distance>
          <gpxdata:speed>0.872</gpxdata:speed>
        </extensions>
      </trkpt>
      <trkpt lat="46.6837826" lon="7.8032047">
        <ele>569.3</ele>
        <time>2026-09-15T11:39:49Z</time>
        <extensions>
          <gpxdata:distance>5832.70</gpxdata:distance>
          <gpxdata:speed>0.873</gpxdata:speed>
        </extensions>
      </trkpt>
      <trkpt lat="46.6837926" lon="7.8031137">
        <ele>569.7</ele>
        <time>2026-09-15T11:39:58Z</time>
        <extensions>
          <gpxdata:distance>5839.74</gpxdata:distance>
          <gpxdata:speed>0.868</gpxdata:speed>
        </extensions>
      </trkpt>
      <trkpt lat="46.6837926" lon="7.8030347">
        <ele>570.2</ele>
        <time>2026-09-15T11:40:04Z</time>
        <extensions>
          <gpxdata:distance>5845.76</gpxdata:distance>
          <gpxdata:speed>0.870</gpxdata:speed>
        </extensions>
      </trkpt>
      <trkpt lat="46.6838106" lon="7.8029567">
        <ele>570.5</ele>
        <time>2026-09-15T11:40:12Z</time>
        <extensions>
          <gpxdata:distance>5852.04</gpxdata:distance>
          <gpxdata:speed>0.871</gpxdata:speed>
        </extensions>
      </trkpt>
      <trkpt lat="46.6838286" lon="7.8028647">
        <ele>571.0</ele>
        <time>2026-09-15T11:40:20Z</time>
        <extensions>
          <gpxdata:distance>5859.34</gpxdata:distance>
          <gpxdata:speed>0.868</gpxdata:speed>
        </extensions>
      </trkpt>
      <trkpt lat="46.6838476" lon="7.8027737">
        <ele>571.5</ele>
        <time>2026-09-15T11:40:29Z</time>
        <extensions>
          <gpxdata:distance>5866.59</gpxdata:distance>
          <gpxdata:speed>0.856</gpxdata:speed>
        </extensions>
      </trkpt>
      <trkpt lat="46.6838836" lon="7.8026697">
        <ele>572.1</ele>
        <time>2026-09-15T11:40:39Z</time>
        <extensions>
          <gpxdata:distance>5875.48</gpxdata:distance>
          <gpxdata:speed>0.852</gpxdata:speed>
        </extensions>
      </trkpt>
      <trkpt lat="46.6839016" lon="7.8026037">
        <ele>572.5</ele>
        <time>2026-09-15T11:40:45Z</time>
        <extensions>
          <gpxdata:distance>5880.90</gpxdata:distance>
          <gpxdata:speed>0.853</gpxdata:speed>
        </extensions>
      </trkpt>
      <trkpt lat="46.6839286" lon="7.8025387">
        <ele>572.8</ele>
        <time>2026-09-15T11:40:52Z</time>
        <extensions>
          <gpxdata:distance>5886.69</gpxdata:distance>
          <gpxdata:speed>0.845</gpxdata:speed>
        </extensions>
      </trkpt>
      <trkpt lat="46.6839656" lon="7.8024867">
        <ele>573.2</ele>
        <time>2026-09-15T11:40:59Z</time>
        <extensions>
          <gpxdata:distance>5892.41</gpxdata:distance>
          <gpxdata:speed>0.845</gpxdata:speed>
        </extensions>
      </trkpt>
      <trkpt lat="46.6840196" lon="7.8024087">
        <ele>573.6</ele>
        <time>2026-09-15T11:41:09Z</time>
        <extensions>
          <gpxdata:distance>5900.86</gpxdata:distance>
          <gpxdata:speed>0.849</gpxdata:speed>
        </extensions>
      </trkpt>
      <trkpt lat="46.6840826" lon="7.8023307">
        <ele>574.5</ele>
        <time>2026-09-15T11:41:20Z</time>
        <extensions>
          <gpxdata:distance>5910.05</gpxdata:distance>
          <gpxdata:speed>0.841</gpxdata:speed>
        </extensions>
      </trkpt>
      <trkpt lat="46.6841726" lon="7.8022397">
        <ele>575.3</ele>
        <time>2026-09-15T11:41:34Z</time>
        <extensions>
          <gpxdata:distance>5922.23</gpxdata:distance>
          <gpxdata:speed>0.837</gpxdata:speed>
        </extensions>
      </trkpt>
      <trkpt lat="46.6842446" lon="7.8021747">
        <ele>575.7</ele>
        <time>2026-09-15T11:41:46Z</time>
        <extensions>
          <gpxdata:distance>5931.65</gpxdata:distance>
          <gpxdata:speed>0.846</gpxdata:speed>
        </extensions>
      </trkpt>
      <trkpt lat="46.6842446" lon="7.8021747">
        <ele>575.7</ele>
        <time>2026-09-15T11:41:46Z</time>
        <extensions>
          <gpxdata:distance>5931.65</gpxdata:distance>
          <gpxdata:speed>0.000</gpxdata:speed>
        </extensions>
      </trkpt>
      <trkpt lat="46.6842186" lon="7.8021227">
        <ele>575.0</ele>
        <time>2026-09-15T11:41:51Z</time>
        <extensions>
          <gpxdata:distance>5936.56</gpxdata:distance>
          <gpxdata:speed>0.892</gpxdata:speed>
        </extensions>
      </trkpt>
      <trkpt lat="46.6842096" lon="7.8020837">
        <ele>573.1</ele>
        <time>2026-09-15T11:41:54Z</time>
        <extensions>
          <gpxdata:distance>5939.70</gpxdata:distance>
          <gpxdata:speed>0.986</gpxdata:speed>
        </extensions>
      </trkpt>
      <trkpt lat="46.6842096" lon="7.8019917">
        <ele>570.6</ele>
        <time>2026-09-15T11:42:02Z</time>
        <extensions>
          <gpxdata:distance>5946.71</gpxdata:distance>
          <gpxdata:speed>0.965</gpxdata:speed>
        </extensions>
      </trkpt>
      <trkpt lat="46.6842096" lon="7.8019397">
        <ele>570.5</ele>
        <time>2026-09-15T11:42:06Z</time>
        <extensions>
          <gpxdata:distance>5950.68</gpxdata:distance>
          <gpxdata:speed>0.953</gpxdata:speed>
        </extensions>
      </trkpt>
      <trkpt lat="46.6842456" lon="7.8018617">
        <ele>568.6</ele>
        <time>2026-09-15T11:42:14Z</time>
        <extensions>
          <gpxdata:distance>5957.85</gpxdata:distance>
          <gpxdata:speed>0.908</gpxdata:speed>
        </extensions>
      </trkpt>
      <trkpt lat="46.6843006" lon="7.8017967">
        <ele>567.9</ele>
        <time>2026-09-15T11:42:22Z</time>
        <extensions>
          <gpxdata:distance>5965.73</gpxdata:distance>
          <gpxdata:speed>0.911</gpxdata:speed>
        </extensions>
      </trkpt>
      <trkpt lat="46.6843907" lon="7.8016797">
        <ele>565.2</ele>
        <time>2026-09-15T11:42:37Z</time>
        <extensions>
          <gpxdata:distance>5979.14</gpxdata:distance>
          <gpxdata:speed>0.903</gpxdata:speed>
        </extensions>
      </trkpt>
      <trkpt lat="46.6844447" lon="7.8016017">
        <ele>564.5</ele>
        <time>2026-09-15T11:42:47Z</time>
        <extensions>
          <gpxdata:distance>5987.60</gpxdata:distance>
          <gpxdata:speed>0.872</gpxdata:speed>
        </extensions>
      </trkpt>
      <trkpt lat="46.6845087" lon="7.8014577">
        <ele>563.7</ele>
        <time>2026-09-15T11:43:01Z</time>
        <extensions>
          <gpxdata:distance>6000.68</gpxdata:distance>
          <gpxdata:speed>0.908</gpxdata:speed>
        </extensions>
      </trkpt>
      <trkpt lat="46.6845627" lon="7.8013667">
        <ele>562.6</ele>
        <time>2026-09-15T11:43:11Z</time>
        <extensions>
          <gpxdata:distance>6009.86</gpxdata:distance>
          <gpxdata:speed>0.914</gpxdata:speed>
        </extensions>
      </trkpt>
      <trkpt lat="46.6846257" lon="7.8012887">
        <ele>561.9</ele>
        <time>2026-09-15T11:43:21Z</time>
        <extensions>
          <gpxdata:distance>6019.05</gpxdata:distance>
          <gpxdata:speed>0.932</gpxdata:speed>
        </extensions>
      </trkpt>
      <trkpt lat="46.6846977" lon="7.8011717">
        <ele>561.3</ele>
        <time>2026-09-15T11:43:34Z</time>
        <extensions>
          <gpxdata:distance>6031.04</gpxdata:distance>
          <gpxdata:speed>0.904</gpxdata:speed>
        </extensions>
      </trkpt>
      <trkpt lat="46.6847437" lon="7.8010287">
        <ele>560.2</ele>
        <time>2026-09-15T11:43:48Z</time>
        <extensions>
          <gpxdata:distance>6043.09</gpxdata:distance>
          <gpxdata:speed>0.905</gpxdata:speed>
        </extensions>
      </trkpt>
      <trkpt lat="46.6847437" lon="7.8010287">
        <ele>560.2</ele>
        <time>2026-09-15T11:43:48Z</time>
        <extensions>
          <gpxdata:distance>6043.09</gpxdata:distance>
          <gpxdata:speed>0.000</gpxdata:speed>
        </extensions>
      </trkpt>
      <trkpt lat="46.6847527" lon="7.8010147">
        <ele>560.2</ele>
        <time>2026-09-15T11:43:49Z</time>
        <extensions>
          <gpxdata:distance>6044.55</gpxdata:distance>
          <gpxdata:speed>0.897</gpxdata:speed>
        </extensions>
      </trkpt>
      <trkpt lat="46.6849237" lon="7.8008077">
        <ele>559.1</ele>
        <time>2026-09-15T11:44:16Z</time>
        <extensions>
          <gpxdata:distance>6069.27</gpxdata:distance>
          <gpxdata:speed>0.929</gpxdata:speed>
        </extensions>
      </trkpt>
      <trkpt lat="46.6849607" lon="7.8007687">
        <ele>559.0</ele>
        <time>2026-09-15T11:44:21Z</time>
        <extensions>
          <gpxdata:distance>6074.35</gpxdata:distance>
          <gpxdata:speed>0.934</gpxdata:speed>
        </extensions>
      </trkpt>
      <trkpt lat="46.6850057" lon="7.8006897">
        <ele>558.8</ele>
        <time>2026-09-15T11:44:30Z</time>
        <extensions>
          <gpxdata:distance>6082.18</gpxdata:distance>
          <gpxdata:speed>0.937</gpxdata:speed>
        </extensions>
      </trkpt>
      <trkpt lat="46.6851237" lon="7.8004297">
        <ele>559.5</ele>
        <time>2026-09-15T11:44:54Z</time>
        <extensions>
          <gpxdata:distance>6105.96</gpxdata:distance>
          <gpxdata:speed>0.971</gpxdata:speed>
        </extensions>
      </trkpt>
      <trkpt lat="46.6851417" lon="7.8003647">
        <ele>559.6</ele>
        <time>2026-09-15T11:45:00Z</time>
        <extensions>
          <gpxdata:distance>6111.31</gpxdata:distance>
          <gpxdata:speed>0.980</gpxdata:speed>
        </extensions>
      </trkpt>
      <trkpt lat="46.6851507" lon="7.8002727">
        <ele>559.4</ele>
        <time>2026-09-15T11:45:07Z</time>
        <extensions>
          <gpxdata:distance>6118.40</gpxdata:distance>
          <gpxdata:speed>0.984</gpxdata:speed>
        </extensions>
      </trkpt>
      <trkpt lat="46.6851597" lon="7.8001417">
        <ele>559.3</ele>
        <time>2026-09-15T11:45:17Z</time>
        <extensions>
          <gpxdata:distance>6128.44</gpxdata:distance>
          <gpxdata:speed>0.999</gpxdata:speed>
        </extensions>
      </trkpt>
      <trkpt lat="46.6851607" lon="7.8000507">
        <ele>559.1</ele>
        <time>2026-09-15T11:45:24Z</time>
        <extensions>
          <gpxdata:distance>6135.38</gpxdata:distance>
          <gpxdata:speed>0.997</gpxdata:speed>
        </extensions>
      </trkpt>
      <trkpt lat="46.6851517" lon="7.7999987">
        <ele>559.5</ele>
        <time>2026-09-15T11:45:28Z</time>
        <extensions>
          <gpxdata:distance>6139.47</gpxdata:distance>
          <gpxdata:speed>1.003</gpxdata:speed>
        </extensions>
      </trkpt>
      <trkpt lat="46.6851337" lon="7.7999457">
        <ele>559.5</ele>
        <time>2026-09-15T11:45:32Z</time>
        <extensions>
          <gpxdata:distance>6143.98</gpxdata:distance>
          <gpxdata:speed>0.999</gpxdata:speed>
        </extensions>
      </trkpt>
      <trkpt lat="46.6850887" lon="7.7998277">
        <ele>559.8</ele>
        <time>2026-09-15T11:45:43Z</time>
        <extensions>
          <gpxdata:distance>6154.28</gpxdata:distance>
          <gpxdata:speed>0.987</gpxdata:speed>
        </extensions>
      </trkpt>
      <trkpt lat="46.6850537" lon="7.7997367">
        <ele>559.8</ele>
        <time>2026-09-15T11:45:51Z</time>
        <extensions>
          <gpxdata:distance>6162.24</gpxdata:distance>
          <gpxdata:speed>0.981</gpxdata:speed>
        </extensions>
      </trkpt>
      <trkpt lat="46.6850267" lon="7.7996447">
        <ele>559.9</ele>
        <time>2026-09-15T11:45:59Z</time>
        <extensions>
          <gpxdata:distance>6169.87</gpxdata:distance>
          <gpxdata:speed>0.996</gpxdata:speed>
        </extensions>
      </trkpt>
      <trkpt lat="46.6850007" lon="7.7994357">
        <ele>559.9</ele>
        <time>2026-09-15T11:46:15Z</time>
        <extensions>
          <gpxdata:distance>6186.08</gpxdata:distance>
          <gpxdata:speed>1.002</gpxdata:speed>
        </extensions>
      </trkpt>
      <trkpt lat="46.6849827" lon="7.7992917">
        <ele>559.9</ele>
        <time>2026-09-15T11:46:26Z</time>
        <extensions>
          <gpxdata:distance>6197.24</gpxdata:distance>
          <gpxdata:speed>0.996</gpxdata:speed>
        </extensions>
      </trkpt>
      <trkpt lat="46.6849737" lon="7.7992127">
        <ele>559.9</ele>
        <time>2026-09-15T11:46:32Z</time>
        <extensions>
          <gpxdata:distance>6203.35</gpxdata:distance>
          <gpxdata:speed>0.992</gpxdata:speed>
        </extensions>
      </trkpt>
      <trkpt lat="46.6849747" lon="7.7991607">
        <ele>560.1</ele>
        <time>2026-09-15T11:46:36Z</time>
        <extensions>
          <gpxdata:distance>6207.32</gpxdata:distance>
          <gpxdata:speed>0.977</gpxdata:speed>
        </extensions>
      </trkpt>
      <trkpt lat="46.6850017" lon="7.7990697">
        <ele>560.6</ele>
        <time>2026-09-15T11:46:44Z</time>
        <extensions>
          <gpxdata:distance>6214.88</gpxdata:distance>
          <gpxdata:speed>0.975</gpxdata:speed>
        </extensions>
      </trkpt>
      <trkpt lat="46.6850657" lon="7.7988607">
        <ele>562.3</ele>
        <time>2026-09-15T11:47:03Z</time>
        <extensions>
          <gpxdata:distance>6232.34</gpxdata:distance>
          <gpxdata:speed>0.932</gpxdata:speed>
        </extensions>
      </trkpt>
      <trkpt lat="46.6850927" lon="7.7986517">
        <ele>564.2</ele>
        <time>2026-09-15T11:47:21Z</time>
        <extensions>
          <gpxdata:distance>6248.56</gpxdata:distance>
          <gpxdata:speed>0.894</gpxdata:speed>
        </extensions>
      </trkpt>
      <trkpt lat="46.6850927" lon="7.7986517">
        <ele>564.2</ele>
        <time>2026-09-15T11:47:21Z</time>
        <extensions>
          <gpxdata:distance>6248.56</gpxdata:distance>
          <gpxdata:speed>0.000</gpxdata:speed>
        </extensions>
      </trkpt>
      <trkpt lat="46.6850927" lon="7.7985857">
        <ele>564.0</ele>
        <time>2026-09-15T11:47:27Z</time>
        <extensions>
          <gpxdata:distance>6253.60</gpxdata:distance>
          <gpxdata:speed>0.888</gpxdata:speed>
        </extensions>
      </trkpt>
      <trkpt lat="46.6850777" lon="7.7978937">
        <ele>569.9</ele>
        <time>2026-09-15T11:48:33Z</time>
        <extensions>
          <gpxdata:distance>6306.41</gpxdata:distance>
          <gpxdata:speed>0.798</gpxdata:speed>
        </extensions>
      </trkpt>
      <trkpt lat="46.6850687" lon="7.7978017">
        <ele>571.9</ele>
        <time>2026-09-15T11:48:42Z</time>
        <extensions>
          <gpxdata:distance>6313.50</gpxdata:distance>
          <gpxdata:speed>0.746</gpxdata:speed>
        </extensions>
      </trkpt>
      <trkpt lat="46.6850687" lon="7.7978017">
        <ele>571.9</ele>
        <time>2026-09-15T11:48:42Z</time>
        <extensions>
          <gpxdata:distance>6313.50</gpxdata:distance>
          <gpxdata:speed>0.000</gpxdata:speed>
        </extensions>
      </trkpt>
      <trkpt lat="46.6849437" lon="7.7973827">
        <ele>574.8</ele>
        <time>2026-09-15T11:49:29Z</time>
        <extensions>
          <gpxdata:distance>6348.35</gpxdata:distance>
          <gpxdata:speed>0.743</gpxdata:speed>
        </extensions>
      </trkpt>
      <trkpt lat="46.6849357" lon="7.7972647">
        <ele>575.1</ele>
        <time>2026-09-15T11:49:41Z</time>
        <extensions>
          <gpxdata:distance>6357.40</gpxdata:distance>
          <gpxdata:speed>0.750</gpxdata:speed>
        </extensions>
      </trkpt>
      <trkpt lat="46.6849267" lon="7.7971207">
        <ele>576.1</ele>
        <time>2026-09-15T11:49:56Z</time>
        <extensions>
          <gpxdata:distance>6368.43</gpxdata:distance>
          <gpxdata:speed>0.750</gpxdata:speed>
        </extensions>
      </trkpt>
      <trkpt lat="46.6849647" lon="7.7966507">
        <ele>575.6</ele>
        <time>2026-09-15T11:50:40Z</time>
        <extensions>
          <gpxdata:distance>6404.53</gpxdata:distance>
          <gpxdata:speed>0.825</gpxdata:speed>
        </extensions>
      </trkpt>
      <trkpt lat="46.6849647" lon="7.7966507">
        <ele>575.6</ele>
        <time>2026-09-15T11:50:40Z</time>
        <extensions>
          <gpxdata:distance>6404.53</gpxdata:distance>
          <gpxdata:speed>0.000</gpxdata:speed>
        </extensions>
      </trkpt>
      <trkpt lat="46.6850187" lon="7.7963507">
        <ele>577.0</ele>
        <time>2026-09-15T11:51:08Z</time>
        <extensions>
          <gpxdata:distance>6428.19</gpxdata:distance>
          <gpxdata:speed>0.821</gpxdata:speed>
        </extensions>
      </trkpt>
      <trkpt lat="46.6850197" lon="7.7962457">
        <ele>576.8</ele>
        <time>2026-09-15T11:51:18Z</time>
        <extensions>
          <gpxdata:distance>6436.20</gpxdata:distance>
          <gpxdata:speed>0.877</gpxdata:speed>
        </extensions>
      </trkpt>
      <trkpt lat="46.6850197" lon="7.7960627">
        <ele>576.6</ele>
        <time>2026-09-15T11:51:33Z</time>
        <extensions>
          <gpxdata:distance>6450.16</gpxdata:distance>
          <gpxdata:speed>0.925</gpxdata:speed>
        </extensions>
      </trkpt>
      <trkpt lat="46.6850197" lon="7.7960627">
        <ele>576.6</ele>
        <time>2026-09-15T11:51:33Z</time>
        <extensions>
          <gpxdata:distance>6450.16</gpxdata:distance>
          <gpxdata:speed>0.000</gpxdata:speed>
        </extensions>
      </trkpt>
      <trkpt lat="46.6850837" lon="7.7959847">
        <ele>577.1</ele>
        <time>2026-09-15T11:51:42Z</time>
        <extensions>
          <gpxdata:distance>6459.43</gpxdata:distance>
          <gpxdata:speed>0.960</gpxdata:speed>
        </extensions>
      </trkpt>
      <trkpt lat="46.6852547" lon="7.7958157">
        <ele>578.5</ele>
        <time>2026-09-15T11:52:07Z</time>
        <extensions>
          <gpxdata:distance>6482.40</gpxdata:distance>
          <gpxdata:speed>0.943</gpxdata:speed>
        </extensions>
      </trkpt>
      <trkpt lat="46.6852547" lon="7.7958157">
        <ele>578.5</ele>
        <time>2026-09-15T11:52:07Z</time>
        <extensions>
          <gpxdata:distance>6482.40</gpxdata:distance>
          <gpxdata:speed>0.000</gpxdata:speed>
        </extensions>
      </trkpt>
      <trkpt lat="46.6853277" lon="7.7956207">
        <ele>578.6</ele>
        <time>2026-09-15T11:52:25Z</time>
        <extensions>
          <gpxdata:distance>6499.35</gpxdata:distance>
          <gpxdata:speed>0.932</gpxdata:speed>
        </extensions>
      </trkpt>
      <trkpt lat="46.6853277" lon="7.7956207">
        <ele>578.6</ele>
        <time>2026-09-15T11:52:25Z</time>
        <extensions>
          <gpxdata:distance>6499.35</gpxdata:distance>
          <gpxdata:speed>0.000</gpxdata:speed>
        </extensions>
      </trkpt>
      <trkpt lat="46.6853277" lon="7.7955287">
        <ele>577.4</ele>
        <time>2026-09-15T11:52:32Z</time>
        <extensions>
          <gpxdata:distance>6506.37</gpxdata:distance>
          <gpxdata:speed>0.999</gpxdata:speed>
        </extensions>
      </trkpt>
      <trkpt lat="46.6853187" lon="7.7953717">
        <ele>576.0</ele>
        <time>2026-09-15T11:52:44Z</time>
        <extensions>
          <gpxdata:distance>6518.38</gpxdata:distance>
          <gpxdata:speed>1.000</gpxdata:speed>
        </extensions>
      </trkpt>
      <trkpt lat="46.6853647" lon="7.7951767">
        <ele>574.3</ele>
        <time>2026-09-15T11:53:00Z</time>
        <extensions>
          <gpxdata:distance>6534.11</gpxdata:distance>
          <gpxdata:speed>0.977</gpxdata:speed>
        </extensions>
      </trkpt>
      <trkpt lat="46.6854017" lon="7.7949017">
        <ele>573.1</ele>
        <time>2026-09-15T11:53:22Z</time>
        <extensions>
          <gpxdata:distance>6555.49</gpxdata:distance>
          <gpxdata:speed>0.970</gpxdata:speed>
        </extensions>
      </trkpt>
      <trkpt lat="46.6854377" lon="7.7947847">
        <ele>572.0</ele>
        <time>2026-09-15T11:53:32Z</time>
        <extensions>
          <gpxdata:distance>6565.27</gpxdata:distance>
          <gpxdata:speed>0.950</gpxdata:speed>
        </extensions>
      </trkpt>
      <trkpt lat="46.6854467" lon="7.7946797">
        <ele>571.4</ele>
        <time>2026-09-15T11:53:41Z</time>
        <extensions>
          <gpxdata:distance>6573.34</gpxdata:distance>
          <gpxdata:speed>0.918</gpxdata:speed>
        </extensions>
      </trkpt>
      <trkpt lat="46.6854117" lon="7.7943797">
        <ele>569.4</ele>
        <time>2026-09-15T11:54:07Z</time>
        <extensions>
          <gpxdata:distance>6596.56</gpxdata:distance>
          <gpxdata:speed>0.916</gpxdata:speed>
        </extensions>
      </trkpt>
      <trkpt lat="46.6854217" lon="7.7943007">
        <ele>569.4</ele>
        <time>2026-09-15T11:54:13Z</time>
        <extensions>
          <gpxdata:distance>6602.68</gpxdata:distance>
          <gpxdata:speed>0.906</gpxdata:speed>
        </extensions>
      </trkpt>
      <trkpt lat="46.6854847" lon="7.7942097">
        <ele>570.3</ele>
        <time>2026-09-15T11:54:24Z</time>
        <extensions>
          <gpxdata:distance>6612.55</gpxdata:distance>
          <gpxdata:speed>0.923</gpxdata:speed>
        </extensions>
      </trkpt>
      <trkpt lat="46.6854847" lon="7.7942097">
        <ele>570.3</ele>
        <time>2026-09-15T11:54:24Z</time>
        <extensions>
          <gpxdata:distance>6612.55</gpxdata:distance>
          <gpxdata:speed>0.000</gpxdata:speed>
        </extensions>
      </trkpt>
      <trkpt lat="46.6855027" lon="7.7941317">
        <ele>570.7</ele>
        <time>2026-09-15T11:54:31Z</time>
        <extensions>
          <gpxdata:distance>6618.82</gpxdata:distance>
          <gpxdata:speed>0.945</gpxdata:speed>
        </extensions>
      </trkpt>
      <trkpt lat="46.6855027" lon="7.7941317">
        <ele>570.7</ele>
        <time>2026-09-15T11:54:31Z</time>
        <extensions>
          <gpxdata:distance>6618.82</gpxdata:distance>
          <gpxdata:speed>0.000</gpxdata:speed>
        </extensions>
      </trkpt>
      <trkpt lat="46.6855747" lon="7.7940667">
        <ele>570.0</ele>
        <time>2026-09-15T11:54:40Z</time>
        <extensions>
          <gpxdata:distance>6628.24</gpxdata:distance>
          <gpxdata:speed>0.958</gpxdata:speed>
        </extensions>
      </trkpt>
      <trkpt lat="46.6857107" lon="7.7939107">
        <ele>571.4</ele>
        <time>2026-09-15T11:55:00Z</time>
        <extensions>
          <gpxdata:distance>6647.48</gpxdata:distance>
          <gpxdata:speed>1.003</gpxdata:speed>
        </extensions>
      </trkpt>
      <trkpt lat="46.6857737" lon="7.7938327">
        <ele>571.0</ele>
        <time>2026-09-15T11:55:09Z</time>
        <extensions>
          <gpxdata:distance>6656.67</gpxdata:distance>
          <gpxdata:speed>1.006</gpxdata:speed>
        </extensions>
      </trkpt>
      <trkpt lat="46.6858547" lon="7.7936897">
        <ele>570.6</ele>
        <time>2026-09-15T11:55:23Z</time>
        <extensions>
          <gpxdata:distance>6670.82</gpxdata:distance>
          <gpxdata:speed>0.971</gpxdata:speed>
        </extensions>
      </trkpt>
      <trkpt lat="46.6858827" lon="7.7935977">
        <ele>569.9</ele>
        <time>2026-09-15T11:55:31Z</time>
        <extensions>
          <gpxdata:distance>6678.50</gpxdata:distance>
          <gpxdata:speed>0.996</gpxdata:speed>
        </extensions>
      </trkpt>
      <trkpt lat="46.6859367" lon="7.7935457">
        <ele>570.0</ele>
        <time>2026-09-15T11:55:38Z</time>
        <extensions>
          <gpxdata:distance>6685.69</gpxdata:distance>
          <gpxdata:speed>1.007</gpxdata:speed>
        </extensions>
      </trkpt>
      <trkpt lat="46.6859367" lon="7.7935457">
        <ele>570.0</ele>
        <time>2026-09-15T11:55:38Z</time>
        <extensions>
          <gpxdata:distance>6685.69</gpxdata:distance>
          <gpxdata:speed>0.000</gpxdata:speed>
        </extensions>
      </trkpt>
      <trkpt lat="46.6859187" lon="7.7934807">
        <ele>569.2</ele>
        <time>2026-09-15T11:55:44Z</time>
        <extensions>
          <gpxdata:distance>6691.04</gpxdata:distance>
          <gpxdata:speed>0.986</gpxdata:speed>
        </extensions>
      </trkpt>
      <trkpt lat="46.6859187" lon="7.7934157">
        <ele>568.5</ele>
        <time>2026-09-15T11:55:49Z</time>
        <extensions>
          <gpxdata:distance>6696.00</gpxdata:distance>
          <gpxdata:speed>0.976</gpxdata:speed>
        </extensions>
      </trkpt>
      <trkpt lat="46.6859097" lon="7.7933627">
        <ele>568.0</ele>
        <time>2026-09-15T11:55:53Z</time>
        <extensions>
          <gpxdata:distance>6700.16</gpxdata:distance>
          <gpxdata:speed>0.977</gpxdata:speed>
        </extensions>
      </trkpt>
      <trkpt lat="46.6858747" lon="7.7933107">
        <ele>567.4</ele>
        <time>2026-09-15T11:55:59Z</time>
        <extensions>
          <gpxdata:distance>6705.72</gpxdata:distance>
          <gpxdata:speed>0.928</gpxdata:speed>
        </extensions>
      </trkpt>
      <trkpt lat="46.6858387" lon="7.7932707">
        <ele>566.6</ele>
        <time>2026-09-15T11:56:04Z</time>
        <extensions>
          <gpxdata:distance>6710.75</gpxdata:distance>
          <gpxdata:speed>0.914</gpxdata:speed>
        </extensions>
      </trkpt>
      <trkpt lat="46.6858027" lon="7.7932447">
        <ele>566.0</ele>
        <time>2026-09-15T11:56:09Z</time>
        <extensions>
          <gpxdata:distance>6715.22</gpxdata:distance>
          <gpxdata:speed>0.898</gpxdata:speed>
        </extensions>
      </trkpt>
      <trkpt lat="46.6857577" lon="7.7932047">
        <ele>565.2</ele>
        <time>2026-09-15T11:56:16Z</time>
        <extensions>
          <gpxdata:distance>6721.08</gpxdata:distance>
          <gpxdata:speed>0.904</gpxdata:speed>
        </extensions>
      </trkpt>
      <trkpt lat="46.6857307" lon="7.7931657">
        <ele>564.6</ele>
        <time>2026-09-15T11:56:20Z</time>
        <extensions>
          <gpxdata:distance>6725.31</gpxdata:distance>
          <gpxdata:speed>0.928</gpxdata:speed>
        </extensions>
      </trkpt>
      <trkpt lat="46.6857037" lon="7.7931267">
        <ele>564.1</ele>
        <time>2026-09-15T11:56:25Z</time>
        <extensions>
          <gpxdata:distance>6729.54</gpxdata:distance>
          <gpxdata:speed>0.926</gpxdata:speed>
        </extensions>
      </trkpt>
      <trkpt lat="46.6856857" lon="7.7930737">
        <ele>563.6</ele>
        <time>2026-09-15T11:56:30Z</time>
        <extensions>
          <gpxdata:distance>6734.05</gpxdata:distance>
          <gpxdata:speed>0.922</gpxdata:speed>
        </extensions>
      </trkpt>
      <trkpt lat="46.6856687" lon="7.7929827">
        <ele>562.8</ele>
        <time>2026-09-15T11:56:38Z</time>
        <extensions>
          <gpxdata:distance>6741.24</gpxdata:distance>
          <gpxdata:speed>0.918</gpxdata:speed>
        </extensions>
      </trkpt>
      <trkpt lat="46.6856777" lon="7.7928907">
        <ele>562.6</ele>
        <time>2026-09-15T11:56:46Z</time>
        <extensions>
          <gpxdata:distance>6748.33</gpxdata:distance>
          <gpxdata:speed>0.905</gpxdata:speed>
        </extensions>
      </trkpt>
      <trkpt lat="46.6856867" lon="7.7928257">
        <ele>562.5</ele>
        <time>2026-09-15T11:56:51Z</time>
        <extensions>
          <gpxdata:distance>6753.39</gpxdata:distance>
          <gpxdata:speed>0.897</gpxdata:speed>
        </extensions>
      </trkpt>
      <trkpt lat="46.6857047" lon="7.7927337">
        <ele>562.3</ele>
        <time>2026-09-15T11:56:59Z</time>
        <extensions>
          <gpxdata:distance>6760.69</gpxdata:distance>
          <gpxdata:speed>0.909</gpxdata:speed>
        </extensions>
      </trkpt>
      <trkpt lat="46.6857687" lon="7.7925907">
        <ele>561.6</ele>
        <time>2026-09-15T11:57:13Z</time>
        <extensions>
          <gpxdata:distance>6773.71</gpxdata:distance>
          <gpxdata:speed>0.921</gpxdata:speed>
        </extensions>
      </trkpt>
      <trkpt lat="46.6858047" lon="7.7924737">
        <ele>561.2</ele>
        <time>2026-09-15T11:57:24Z</time>
        <extensions>
          <gpxdata:distance>6783.49</gpxdata:distance>
          <gpxdata:speed>0.933</gpxdata:speed>
        </extensions>
      </trkpt>
      <trkpt lat="46.6858317" lon="7.7923687">
        <ele>560.7</ele>
        <time>2026-09-15T11:57:33Z</time>
        <extensions>
          <gpxdata:distance>6792.04</gpxdata:distance>
          <gpxdata:speed>0.939</gpxdata:speed>
        </extensions>
      </trkpt>
      <trkpt lat="46.6858417" lon="7.7922777">
        <ele>560.2</ele>
        <time>2026-09-15T11:57:40Z</time>
        <extensions>
          <gpxdata:distance>6799.07</gpxdata:distance>
          <gpxdata:speed>0.942</gpxdata:speed>
        </extensions>
      </trkpt>
      <trkpt lat="46.6858327" lon="7.7921857">
        <ele>559.7</ele>
        <time>2026-09-15T11:57:48Z</time>
        <extensions>
          <gpxdata:distance>6806.16</gpxdata:distance>
          <gpxdata:speed>0.944</gpxdata:speed>
        </extensions>
      </trkpt>
      <trkpt lat="46.6858247" lon="7.7919897">
        <ele>559.0</ele>
        <time>2026-09-15T11:58:04Z</time>
        <extensions>
          <gpxdata:distance>6821.14</gpxdata:distance>
          <gpxdata:speed>0.951</gpxdata:speed>
        </extensions>
      </trkpt>
      <trkpt lat="46.6858067" lon="7.7918327">
        <ele>559.1</ele>
        <time>2026-09-15T11:58:16Z</time>
        <extensions>
          <gpxdata:distance>6833.28</gpxdata:distance>
          <gpxdata:speed>0.959</gpxdata:speed>
        </extensions>
      </trkpt>
      <trkpt lat="46.6858067" lon="7.7918327">
        <ele>559.1</ele>
        <time>2026-09-15T11:58:16Z</time>
        <extensions>
          <gpxdata:distance>6833.28</gpxdata:distance>
          <gpxdata:speed>0.000</gpxdata:speed>
        </extensions>
      </trkpt>
      <trkpt lat="46.6857707" lon="7.7918197">
        <ele>558.7</ele>
        <time>2026-09-15T11:58:21Z</time>
        <extensions>
          <gpxdata:distance>6837.41</gpxdata:distance>
          <gpxdata:speed>0.952</gpxdata:speed>
        </extensions>
      </trkpt>
      <trkpt lat="46.6856987" lon="7.7917537">
        <ele>558.7</ele>
        <time>2026-09-15T11:58:31Z</time>
        <extensions>
          <gpxdata:distance>6846.86</gpxdata:distance>
          <gpxdata:speed>0.961</gpxdata:speed>
        </extensions>
      </trkpt>
      <trkpt lat="46.6856547" lon="7.7916877">
        <ele>558.6</ele>
        <time>2026-09-15T11:58:38Z</time>
        <extensions>
          <gpxdata:distance>6853.88</gpxdata:distance>
          <gpxdata:speed>0.965</gpxdata:speed>
        </extensions>
      </trkpt>
      <trkpt lat="46.6856277" lon="7.7915967">
        <ele>558.2</ele>
        <time>2026-09-15T11:58:46Z</time>
        <extensions>
          <gpxdata:distance>6861.45</gpxdata:distance>
          <gpxdata:speed>0.966</gpxdata:speed>
        </extensions>
      </trkpt>
      <trkpt lat="46.6855827" lon="7.7914257">
        <ele>558.5</ele>
        <time>2026-09-15T11:59:00Z</time>
        <extensions>
          <gpxdata:distance>6875.42</gpxdata:distance>
          <gpxdata:speed>0.984</gpxdata:speed>
        </extensions>
      </trkpt>
      <trkpt lat="46.6855477" lon="7.7912817">
        <ele>558.6</ele>
        <time>2026-09-15T11:59:12Z</time>
        <extensions>
          <gpxdata:distance>6887.07</gpxdata:distance>
          <gpxdata:speed>0.995</gpxdata:speed>
        </extensions>
      </trkpt>
      <trkpt lat="46.6855207" lon="7.7912037">
        <ele>558.5</ele>
        <time>2026-09-15T11:59:18Z</time>
        <extensions>
          <gpxdata:distance>6893.74</gpxdata:distance>
          <gpxdata:speed>1.004</gpxdata:speed>
        </extensions>
      </trkpt>
      <trkpt lat="46.6854317" lon="7.7910986">
        <ele>558.1</ele>
        <time>2026-09-15T11:59:31Z</time>
        <extensions>
          <gpxdata:distance>6906.47</gpxdata:distance>
          <gpxdata:speed>0.995</gpxdata:speed>
        </extensions>
      </trkpt>
      <trkpt lat="46.6853777" lon="7.7910196">
        <ele>558.1</ele>
        <time>2026-09-15T11:59:40Z</time>
        <extensions>
          <gpxdata:distance>6914.98</gpxdata:distance>
          <gpxdata:speed>0.997</gpxdata:speed>
        </extensions>
      </trkpt>
      <trkpt lat="46.6853417" lon="7.7909276">
        <ele>558.4</ele>
        <time>2026-09-15T11:59:48Z</time>
        <extensions>
          <gpxdata:distance>6923.06</gpxdata:distance>
          <gpxdata:speed>1.008</gpxdata:speed>
        </extensions>
      </trkpt>
      <trkpt lat="46.6852707" lon="7.7907186">
        <ele>558.7</ele>
        <time>2026-09-15T12:00:05Z</time>
        <extensions>
          <gpxdata:distance>6940.85</gpxdata:distance>
          <gpxdata:speed>1.012</gpxdata:speed>
        </extensions>
      </trkpt>
      <trkpt lat="46.6852527" lon="7.7906526">
        <ele>559.0</ele>
        <time>2026-09-15T12:00:11Z</time>
        <extensions>
          <gpxdata:distance>6946.27</gpxdata:distance>
          <gpxdata:speed>1.001</gpxdata:speed>
        </extensions>
      </trkpt>
      <trkpt lat="46.6852437" lon="7.7905616">
        <ele>559.4</ele>
        <time>2026-09-15T12:00:18Z</time>
        <extensions>
          <gpxdata:distance>6953.28</gpxdata:distance>
          <gpxdata:speed>0.979</gpxdata:speed>
        </extensions>
      </trkpt>
      <trkpt lat="46.6852357" lon="7.7904956">
        <ele>559.1</ele>
        <time>2026-09-15T12:00:23Z</time>
        <extensions>
          <gpxdata:distance>6958.39</gpxdata:distance>
          <gpxdata:speed>0.994</gpxdata:speed>
        </extensions>
      </trkpt>
      <trkpt lat="46.6852357" lon="7.7904956">
        <ele>559.1</ele>
        <time>2026-09-15T12:00:23Z</time>
        <extensions>
          <gpxdata:distance>6958.39</gpxdata:distance>
          <gpxdata:speed>0.000</gpxdata:speed>
        </extensions>
      </trkpt>
      <trkpt lat="46.6852177" lon="7.7904306">
        <ele>558.6</ele>
        <time>2026-09-15T12:00:28Z</time>
        <extensions>
          <gpxdata:distance>6963.74</gpxdata:distance>
          <gpxdata:speed>1.009</gpxdata:speed>
        </extensions>
      </trkpt>
      <trkpt lat="46.6852177" lon="7.7904306">
        <ele>558.6</ele>
        <time>2026-09-15T12:00:28Z</time>
        <extensions>
          <gpxdata:distance>6963.74</gpxdata:distance>
          <gpxdata:speed>0.000</gpxdata:speed>
        </extensions>
      </trkpt>
      <trkpt lat="46.6851907" lon="7.7903516">
        <ele>559.5</ele>
        <time>2026-09-15T12:00:35Z</time>
        <extensions>
          <gpxdata:distance>6970.47</gpxdata:distance>
          <gpxdata:speed>0.948</gpxdata:speed>
        </extensions>
      </trkpt>
      <trkpt lat="46.6851907" lon="7.7903516">
        <ele>559.5</ele>
        <time>2026-09-15T12:00:35Z</time>
        <extensions>
          <gpxdata:distance>6970.47</gpxdata:distance>
          <gpxdata:speed>0.000</gpxdata:speed>
        </extensions>
      </trkpt>
      <trkpt lat="46.6851547" lon="7.7902856">
        <ele>559.1</ele>
        <time>2026-09-15T12:00:42Z</time>
        <extensions>
          <gpxdata:distance>6976.90</gpxdata:distance>
          <gpxdata:speed>0.984</gpxdata:speed>
        </extensions>
      </trkpt>
      <trkpt lat="46.6851547" lon="7.7902856">
        <ele>559.1</ele>
        <time>2026-09-15T12:00:42Z</time>
        <extensions>
          <gpxdata:distance>6976.90</gpxdata:distance>
          <gpxdata:speed>0.000</gpxdata:speed>
        </extensions>
      </trkpt>
      <trkpt lat="46.6851017" lon="7.7901546">
        <ele>559.1</ele>
        <time>2026-09-15T12:00:53Z</time>
        <extensions>
          <gpxdata:distance>6988.50</gpxdata:distance>
          <gpxdata:speed>1.001</gpxdata:speed>
        </extensions>
      </trkpt>
      <trkpt lat="46.6850387" lon="7.7899716">
        <ele>558.7</ele>
        <time>2026-09-15T12:01:09Z</time>
        <extensions>
          <gpxdata:distance>7004.12</gpxdata:distance>
          <gpxdata:speed>1.001</gpxdata:speed>
        </extensions>
      </trkpt>
      <trkpt lat="46.6850387" lon="7.7899716">
        <ele>558.7</ele>
        <time>2026-09-15T12:01:09Z</time>
        <extensions>
          <gpxdata:distance>7004.12</gpxdata:distance>
          <gpxdata:speed>0.000</gpxdata:speed>
        </extensions>
      </trkpt>
      <trkpt lat="46.6850927" lon="7.7899456">
        <ele>559.6</ele>
        <time>2026-09-15T12:01:16Z</time>
        <extensions>
          <gpxdata:distance>7010.45</gpxdata:distance>
          <gpxdata:speed>0.958</gpxdata:speed>
        </extensions>
      </trkpt>
      <trkpt lat="46.6851287" lon="7.7899456">
        <ele>560.7</ele>
        <time>2026-09-15T12:01:20Z</time>
        <extensions>
          <gpxdata:distance>7014.45</gpxdata:distance>
          <gpxdata:speed>0.907</gpxdata:speed>
        </extensions>
      </trkpt>
      <trkpt lat="46.6851467" lon="7.7899466">
        <ele>561.0</ele>
        <time>2026-09-15T12:01:22Z</time>
        <extensions>
          <gpxdata:distance>7016.45</gpxdata:distance>
          <gpxdata:speed>0.930</gpxdata:speed>
        </extensions>
      </trkpt>
      <trkpt lat="46.6851737" lon="7.7899986">
        <ele>561.5</ele>
        <time>2026-09-15T12:01:28Z</time>
        <extensions>
          <gpxdata:distance>7021.43</gpxdata:distance>
          <gpxdata:speed>0.913</gpxdata:speed>
        </extensions>
      </trkpt>
      <trkpt lat="46.6852547" lon="7.7901166">
        <ele>564.7</ele>
        <time>2026-09-15T12:01:44Z</time>
        <extensions>
          <gpxdata:distance>7034.16</gpxdata:distance>
          <gpxdata:speed>0.760</gpxdata:speed>
        </extensions>
      </trkpt>
      <trkpt lat="46.6853167" lon="7.7902476">
        <ele>564.9</ele>
        <time>2026-09-15T12:02:00Z</time>
        <extensions>
          <gpxdata:distance>7046.30</gpxdata:distance>
          <gpxdata:speed>0.797</gpxdata:speed>
        </extensions>
      </trkpt>
      <trkpt lat="46.6854067" lon="7.7903926">
        <ele>565.8</ele>
        <time>2026-09-15T12:02:19Z</time>
        <extensions>
          <gpxdata:distance>7061.22</gpxdata:distance>
          <gpxdata:speed>0.775</gpxdata:speed>
        </extensions>
      </trkpt>
      <trkpt lat="46.6855047" lon="7.7905886">
        <ele>572.3</ele>
        <time>2026-09-15T12:02:48Z</time>
        <extensions>
          <gpxdata:distance>7079.72</gpxdata:distance>
          <gpxdata:speed>0.641</gpxdata:speed>
        </extensions>
      </trkpt>
      <trkpt lat="46.6856747" lon="7.7909696">
        <ele>577.5</ele>
        <time>2026-09-15T12:03:42Z</time>
        <extensions>
          <gpxdata:distance>7114.39</gpxdata:distance>
          <gpxdata:speed>0.638</gpxdata:speed>
        </extensions>
      </trkpt>
      <trkpt lat="46.6857637" lon="7.7911266">
        <ele>579.0</ele>
        <time>2026-09-15T12:04:06Z</time>
        <extensions>
          <gpxdata:distance>7129.92</gpxdata:distance>
          <gpxdata:speed>0.635</gpxdata:speed>
        </extensions>
      </trkpt>
      <trkpt lat="46.6858267" lon="7.7912186">
        <ele>579.3</ele>
        <time>2026-09-15T12:04:22Z</time>
        <extensions>
          <gpxdata:distance>7139.84</gpxdata:distance>
          <gpxdata:speed>0.634</gpxdata:speed>
        </extensions>
      </trkpt>
      <trkpt lat="46.6858447" lon="7.7912056">
        <ele>579.9</ele>
        <time>2026-09-15T12:04:26Z</time>
        <extensions>
          <gpxdata:distance>7142.07</gpxdata:distance>
          <gpxdata:speed>0.630</gpxdata:speed>
        </extensions>
      </trkpt>
      <trkpt lat="46.6857557" lon="7.7908386">
        <ele>584.9</ele>
        <time>2026-09-15T12:05:13Z</time>
        <extensions>
          <gpxdata:distance>7171.76</gpxdata:distance>
          <gpxdata:speed>0.632</gpxdata:speed>
        </extensions>
      </trkpt>
      <trkpt lat="46.6857297" lon="7.7905906">
        <ele>588.6</ele>
        <time>2026-09-15T12:05:43Z</time>
        <extensions>
          <gpxdata:distance>7190.90</gpxdata:distance>
          <gpxdata:speed>0.631</gpxdata:speed>
        </extensions>
      </trkpt>
      <trkpt lat="46.6857037" lon="7.7904076">
        <ele>591.7</ele>
        <time>2026-09-15T12:06:05Z</time>
        <extensions>
          <gpxdata:distance>7205.16</gpxdata:distance>
          <gpxdata:speed>0.637</gpxdata:speed>
        </extensions>
      </trkpt>
      <trkpt lat="46.6856677" lon="7.7902506">
        <ele>596.4</ele>
        <time>2026-09-15T12:06:25Z</time>
        <extensions>
          <gpxdata:distance>7217.78</gpxdata:distance>
          <gpxdata:speed>0.647</gpxdata:speed>
        </extensions>
      </trkpt>
      <trkpt lat="46.6856147" lon="7.7900536">
        <ele>602.4</ele>
        <time>2026-09-15T12:06:50Z</time>
        <extensions>
          <gpxdata:distance>7233.93</gpxdata:distance>
          <gpxdata:speed>0.647</gpxdata:speed>
        </extensions>
      </trkpt>
      <trkpt lat="46.6855987" lon="7.7894656">
        <ele>611.3</ele>
        <time>2026-09-15T12:08:01Z</time>
        <extensions>
          <gpxdata:distance>7278.81</gpxdata:distance>
          <gpxdata:speed>0.628</gpxdata:speed>
        </extensions>
      </trkpt>
      <trkpt lat="46.6855987" lon="7.7893736">
        <ele>611.1</ele>
        <time>2026-09-15T12:08:12Z</time>
        <extensions>
          <gpxdata:distance>7285.83</gpxdata:distance>
          <gpxdata:speed>0.627</gpxdata:speed>
        </extensions>
      </trkpt>
      <trkpt lat="46.6856077" lon="7.7892826">
        <ele>611.1</ele>
        <time>2026-09-15T12:08:24Z</time>
        <extensions>
          <gpxdata:distance>7292.84</gpxdata:distance>
          <gpxdata:speed>0.619</gpxdata:speed>
        </extensions>
      </trkpt>
      <trkpt lat="46.6855637" lon="7.7889816">
        <ele>614.5</ele>
        <time>2026-09-15T12:09:00Z</time>
        <extensions>
          <gpxdata:distance>7316.32</gpxdata:distance>
          <gpxdata:speed>0.648</gpxdata:speed>
        </extensions>
      </trkpt>
      <trkpt lat="46.6855367" lon="7.7888766">
        <ele>615.4</ele>
        <time>2026-09-15T12:09:13Z</time>
        <extensions>
          <gpxdata:distance>7324.87</gpxdata:distance>
          <gpxdata:speed>0.649</gpxdata:speed>
        </extensions>
      </trkpt>
      <trkpt lat="46.6855817" lon="7.7888506">
        <ele>615.3</ele>
        <time>2026-09-15T12:09:21Z</time>
        <extensions>
          <gpxdata:distance>7330.26</gpxdata:distance>
          <gpxdata:speed>0.646</gpxdata:speed>
        </extensions>
      </trkpt>
      <trkpt lat="46.6855817" lon="7.7888506">
        <ele>615.3</ele>
        <time>2026-09-15T12:09:21Z</time>
        <extensions>
          <gpxdata:distance>7330.26</gpxdata:distance>
          <gpxdata:speed>0.000</gpxdata:speed>
        </extensions>
      </trkpt>
      <trkpt lat="46.6855997" lon="7.7889556">
        <ele>615.2</ele>
        <time>2026-09-15T12:09:35Z</time>
        <extensions>
          <gpxdata:distance>7338.51</gpxdata:distance>
          <gpxdata:speed>0.632</gpxdata:speed>
        </extensions>
      </trkpt>
      <trkpt lat="46.6856267" lon="7.7890476">
        <ele>615.1</ele>
        <time>2026-09-15T12:09:45Z</time>
        <extensions>
          <gpxdata:distance>7346.14</gpxdata:distance>
          <gpxdata:speed>0.721</gpxdata:speed>
        </extensions>
      </trkpt>
      <trkpt lat="46.6856267" lon="7.7890476">
        <ele>615.1</ele>
        <time>2026-09-15T12:09:45Z</time>
        <extensions>
          <gpxdata:distance>7346.14</gpxdata:distance>
          <gpxdata:speed>0.000</gpxdata:speed>
        </extensions>
      </trkpt>
      <trkpt lat="46.6856537" lon="7.7890346">
        <ele>615.6</ele>
        <time>2026-09-15T12:09:49Z</time>
        <extensions>
          <gpxdata:distance>7349.31</gpxdata:distance>
          <gpxdata:speed>0.830</gpxdata:speed>
        </extensions>
      </trkpt>
      <trkpt lat="46.6856447" lon="7.7889686">
        <ele>616.6</ele>
        <time>2026-09-15T12:09:56Z</time>
        <extensions>
          <gpxdata:distance>7354.44</gpxdata:distance>
          <gpxdata:speed>0.782</gpxdata:speed>
        </extensions>
      </trkpt>
      <trkpt lat="46.6856447" lon="7.7888386">
        <ele>618.4</ele>
        <time>2026-09-15T12:10:08Z</time>
        <extensions>
          <gpxdata:distance>7364.36</gpxdata:distance>
          <gpxdata:speed>0.803</gpxdata:speed>
        </extensions>
      </trkpt>
      <trkpt lat="46.6856367" lon="7.7886946">
        <ele>622.3</ele>
        <time>2026-09-15T12:10:24Z</time>
        <extensions>
          <gpxdata:distance>7375.38</gpxdata:distance>
          <gpxdata:speed>0.663</gpxdata:speed>
        </extensions>
      </trkpt>
      <trkpt lat="46.6856097" lon="7.7885116">
        <ele>624.8</ele>
        <time>2026-09-15T12:10:47Z</time>
        <extensions>
          <gpxdata:distance>7389.65</gpxdata:distance>
          <gpxdata:speed>0.634</gpxdata:speed>
        </extensions>
      </trkpt>
      <trkpt lat="46.6856097" lon="7.7885116">
        <ele>624.8</ele>
        <time>2026-09-15T12:10:47Z</time>
        <extensions>
          <gpxdata:distance>7389.65</gpxdata:distance>
          <gpxdata:speed>0.000</gpxdata:speed>
        </extensions>
      </trkpt>
      <trkpt lat="46.6855837" lon="7.7883936">
        <ele>628.2</ele>
        <time>2026-09-15T12:11:03Z</time>
        <extensions>
          <gpxdata:distance>7399.11</gpxdata:distance>
          <gpxdata:speed>0.594</gpxdata:speed>
        </extensions>
      </trkpt>
      <trkpt lat="46.6855747" lon="7.7883416">
        <ele>632.6</ele>
        <time>2026-09-15T12:11:12Z</time>
        <extensions>
          <gpxdata:distance>7403.20</gpxdata:distance>
          <gpxdata:speed>0.461</gpxdata:speed>
        </extensions>
      </trkpt>
      <trkpt lat="46.6855747" lon="7.7882886">
        <ele>633.6</ele>
        <time>2026-09-15T12:11:21Z</time>
        <extensions>
          <gpxdata:distance>7407.24</gpxdata:distance>
          <gpxdata:speed>0.461</gpxdata:speed>
        </extensions>
      </trkpt>
      <trkpt lat="46.6855927" lon="7.7882366">
        <ele>634.0</ele>
        <time>2026-09-15T12:11:30Z</time>
        <extensions>
          <gpxdata:distance>7411.69</gpxdata:distance>
          <gpxdata:speed>0.461</gpxdata:speed>
        </extensions>
      </trkpt>
      <trkpt lat="46.6856287" lon="7.7881846">
        <ele>634.1</ele>
        <time>2026-09-15T12:11:42Z</time>
        <extensions>
          <gpxdata:distance>7417.32</gpxdata:distance>
          <gpxdata:speed>0.461</gpxdata:speed>
        </extensions>
      </trkpt>
      <trkpt lat="46.6856747" lon="7.7881066">
        <ele>637.5</ele>
        <time>2026-09-15T12:11:59Z</time>
        <extensions>
          <gpxdata:distance>7425.17</gpxdata:distance>
          <gpxdata:speed>0.461</gpxdata:speed>
        </extensions>
      </trkpt>
      <trkpt lat="46.6856927" lon="7.7880286">
        <ele>638.2</ele>
        <time>2026-09-15T12:12:13Z</time>
        <extensions>
          <gpxdata:distance>7431.44</gpxdata:distance>
          <gpxdata:speed>0.461</gpxdata:speed>
        </extensions>
      </trkpt>
      <trkpt lat="46.6856837" lon="7.7879236">
        <ele>638.3</ele>
        <time>2026-09-15T12:12:30Z</time>
        <extensions>
          <gpxdata:distance>7439.52</gpxdata:distance>
          <gpxdata:speed>0.461</gpxdata:speed>
        </extensions>
      </trkpt>
      <trkpt lat="46.6856747" lon="7.7878846">
        <ele>638.3</ele>
        <time>2026-09-15T12:12:37Z</time>
        <extensions>
          <gpxdata:distance>7442.65</gpxdata:distance>
          <gpxdata:speed>0.461</gpxdata:speed>
        </extensions>
      </trkpt>
      <trkpt lat="46.6856477" lon="7.7878446">
        <ele>639.0</ele>
        <time>2026-09-15T12:12:45Z</time>
        <extensions>
          <gpxdata:distance>7446.94</gpxdata:distance>
          <gpxdata:speed>0.552</gpxdata:speed>
        </extensions>
      </trkpt>
      <trkpt lat="46.6853967" lon="7.7877126">
        <ele>651.0</ele>
        <time>2026-09-15T12:13:49Z</time>
        <extensions>
          <gpxdata:distance>7476.61</gpxdata:distance>
          <gpxdata:speed>0.461</gpxdata:speed>
        </extensions>
      </trkpt>
      <trkpt lat="46.6853337" lon="7.7876596">
        <ele>652.0</ele>
        <time>2026-09-15T12:14:05Z</time>
        <extensions>
          <gpxdata:distance>7484.69</gpxdata:distance>
          <gpxdata:speed>0.508</gpxdata:speed>
        </extensions>
      </trkpt>
      <trkpt lat="46.6852807" lon="7.7875546">
        <ele>654.3</ele>
        <time>2026-09-15T12:14:26Z</time>
        <extensions>
          <gpxdata:distance>7494.64</gpxdata:distance>
          <gpxdata:speed>0.481</gpxdata:speed>
        </extensions>
      </trkpt>
      <trkpt lat="46.6852357" lon="7.7874496">
        <ele>656.4</ele>
        <time>2026-09-15T12:14:46Z</time>
        <extensions>
          <gpxdata:distance>7504.08</gpxdata:distance>
          <gpxdata:speed>0.461</gpxdata:speed>
        </extensions>
      </trkpt>
      <trkpt lat="46.6851547" lon="7.7873056">
        <ele>660.3</ele>
        <time>2026-09-15T12:15:16Z</time>
        <extensions>
          <gpxdata:distance>7518.29</gpxdata:distance>
          <gpxdata:speed>0.481</gpxdata:speed>
        </extensions>
      </trkpt>
      <trkpt lat="46.6850747" lon="7.7871876">
        <ele>662.0</ele>
        <time>2026-09-15T12:15:41Z</time>
        <extensions>
          <gpxdata:distance>7530.94</gpxdata:distance>
          <gpxdata:speed>0.502</gpxdata:speed>
        </extensions>
      </trkpt>
      <trkpt lat="46.6849847" lon="7.7870956">
        <ele>663.3</ele>
        <time>2026-09-15T12:16:06Z</time>
        <extensions>
          <gpxdata:distance>7543.16</gpxdata:distance>
          <gpxdata:speed>0.494</gpxdata:speed>
        </extensions>
      </trkpt>
      <trkpt lat="46.6848407" lon="7.7870036">
        <ele>663.6</ele>
        <time>2026-09-15T12:16:35Z</time>
        <extensions>
          <gpxdata:distance>7560.65</gpxdata:distance>
          <gpxdata:speed>0.595</gpxdata:speed>
        </extensions>
      </trkpt>
      <trkpt lat="46.6846527" lon="7.7868846">
        <ele>666.5</ele>
        <time>2026-09-15T12:17:11Z</time>
        <extensions>
          <gpxdata:distance>7583.44</gpxdata:distance>
          <gpxdata:speed>0.643</gpxdata:speed>
        </extensions>
      </trkpt>
      <trkpt lat="46.6845807" lon="7.7868186">
        <ele>667.0</ele>
        <time>2026-09-15T12:17:25Z</time>
        <extensions>
          <gpxdata:distance>7592.90</gpxdata:distance>
          <gpxdata:speed>0.661</gpxdata:speed>
        </extensions>
      </trkpt>
      <trkpt lat="46.6845267" lon="7.7867396">
        <ele>667.3</ele>
        <time>2026-09-15T12:17:38Z</time>
        <extensions>
          <gpxdata:distance>7601.40</gpxdata:distance>
          <gpxdata:speed>0.677</gpxdata:speed>
        </extensions>
      </trkpt>
      <trkpt lat="46.6844737" lon="7.7865826">
        <ele>666.9</ele>
        <time>2026-09-15T12:17:56Z</time>
        <extensions>
          <gpxdata:distance>7614.75</gpxdata:distance>
          <gpxdata:speed>0.742</gpxdata:speed>
        </extensions>
      </trkpt>
      <trkpt lat="46.6844297" lon="7.7863596">
        <ele>667.4</ele>
        <time>2026-09-15T12:18:18Z</time>
        <extensions>
          <gpxdata:distance>7632.45</gpxdata:distance>
          <gpxdata:speed>0.792</gpxdata:speed>
        </extensions>
      </trkpt>
      <trkpt lat="46.6844207" lon="7.7862426">
        <ele>667.7</ele>
        <time>2026-09-15T12:18:28Z</time>
        <extensions>
          <gpxdata:distance>7641.43</gpxdata:distance>
          <gpxdata:speed>0.859</gpxdata:speed>
        </extensions>
      </trkpt>
      <trkpt lat="46.6844487" lon="7.7859806">
        <ele>668.4</ele>
        <time>2026-09-15T12:18:51Z</time>
        <extensions>
          <gpxdata:distance>7661.66</gpxdata:distance>
          <gpxdata:speed>0.888</gpxdata:speed>
        </extensions>
      </trkpt>
      <trkpt lat="46.6844847" lon="7.7858246">
        <ele>668.4</ele>
        <time>2026-09-15T12:19:05Z</time>
        <extensions>
          <gpxdata:distance>7674.21</gpxdata:distance>
          <gpxdata:speed>0.914</gpxdata:speed>
        </extensions>
      </trkpt>
      <trkpt lat="46.6845307" lon="7.7856676">
        <ele>669.2</ele>
        <time>2026-09-15T12:19:19Z</time>
        <extensions>
          <gpxdata:distance>7687.24</gpxdata:distance>
          <gpxdata:speed>0.900</gpxdata:speed>
        </extensions>
      </trkpt>
      <trkpt lat="46.6845937" lon="7.7855636">
        <ele>670.4</ele>
        <time>2026-09-15T12:19:31Z</time>
        <extensions>
          <gpxdata:distance>7697.82</gpxdata:distance>
          <gpxdata:speed>0.926</gpxdata:speed>
        </extensions>
      </trkpt>
      <trkpt lat="46.6846567" lon="7.7854726">
        <ele>670.9</ele>
        <time>2026-09-15T12:19:41Z</time>
        <extensions>
          <gpxdata:distance>7707.68</gpxdata:distance>
          <gpxdata:speed>0.926</gpxdata:speed>
        </extensions>
      </trkpt>
      <trkpt lat="46.6846937" lon="7.7853556">
        <ele>671.4</ele>
        <time>2026-09-15T12:19:52Z</time>
        <extensions>
          <gpxdata:distance>7717.51</gpxdata:distance>
          <gpxdata:speed>0.923</gpxdata:speed>
        </extensions>
      </trkpt>
      <trkpt lat="46.6846937" lon="7.7852506">
        <ele>672.2</ele>
        <time>2026-09-15T12:20:01Z</time>
        <extensions>
          <gpxdata:distance>7725.52</gpxdata:distance>
          <gpxdata:speed>0.891</gpxdata:speed>
        </extensions>
      </trkpt>
      <trkpt lat="46.6846757" lon="7.7851066">
        <ele>672.0</ele>
        <time>2026-09-15T12:20:13Z</time>
        <extensions>
          <gpxdata:distance>7736.68</gpxdata:distance>
          <gpxdata:speed>0.900</gpxdata:speed>
        </extensions>
      </trkpt>
      <trkpt lat="46.6846407" lon="7.7848186">
        <ele>672.7</ele>
        <time>2026-09-15T12:20:38Z</time>
        <extensions>
          <gpxdata:distance>7758.99</gpxdata:distance>
          <gpxdata:speed>0.904</gpxdata:speed>
        </extensions>
      </trkpt>
      <trkpt lat="46.6846417" lon="7.7846486">
        <ele>673.6</ele>
        <time>2026-09-15T12:20:53Z</time>
        <extensions>
          <gpxdata:distance>7771.96</gpxdata:distance>
          <gpxdata:speed>0.893</gpxdata:speed>
        </extensions>
      </trkpt>
      <trkpt lat="46.6846417" lon="7.7845316">
        <ele>676.1</ele>
        <time>2026-09-15T12:21:03Z</time>
        <extensions>
          <gpxdata:distance>7780.89</gpxdata:distance>
          <gpxdata:speed>0.827</gpxdata:speed>
        </extensions>
      </trkpt>
      <trkpt lat="46.6846057" lon="7.7844526">
        <ele>673.9</ele>
        <time>2026-09-15T12:21:12Z</time>
        <extensions>
          <gpxdata:distance>7788.12</gpxdata:distance>
          <gpxdata:speed>0.894</gpxdata:speed>
        </extensions>
      </trkpt>
      <trkpt lat="46.6845887" lon="7.7843746">
        <ele>674.0</ele>
        <time>2026-09-15T12:21:18Z</time>
        <extensions>
          <gpxdata:distance>7794.37</gpxdata:distance>
          <gpxdata:speed>0.918</gpxdata:speed>
        </extensions>
      </trkpt>
      <trkpt lat="46.6845707" lon="7.7842176">
        <ele>675.0</ele>
        <time>2026-09-15T12:21:32Z</time>
        <extensions>
          <gpxdata:distance>7806.51</gpxdata:distance>
          <gpxdata:speed>0.907</gpxdata:speed>
        </extensions>
      </trkpt>
      <trkpt lat="46.6844187" lon="7.7839156">
        <ele>673.5</ele>
        <time>2026-09-15T12:22:01Z</time>
        <extensions>
          <gpxdata:distance>7835.08</gpxdata:distance>
          <gpxdata:speed>0.967</gpxdata:speed>
        </extensions>
      </trkpt>
      <trkpt lat="46.6843827" lon="7.7838236">
        <ele>672.6</ele>
        <time>2026-09-15T12:22:09Z</time>
        <extensions>
          <gpxdata:distance>7843.16</gpxdata:distance>
          <gpxdata:speed>1.004</gpxdata:speed>
        </extensions>
      </trkpt>
      <trkpt lat="46.6843477" lon="7.7837056">
        <ele>672.0</ele>
        <time>2026-09-15T12:22:19Z</time>
        <extensions>
          <gpxdata:distance>7852.97</gpxdata:distance>
          <gpxdata:speed>1.012</gpxdata:speed>
        </extensions>
      </trkpt>
      <trkpt lat="46.6843387" lon="7.7836146">
        <ele>672.3</ele>
        <time>2026-09-15T12:22:26Z</time>
        <extensions>
          <gpxdata:distance>7859.98</gpxdata:distance>
          <gpxdata:speed>1.007</gpxdata:speed>
        </extensions>
      </trkpt>
      <trkpt lat="46.6842937" lon="7.7834966">
        <ele>672.8</ele>
        <time>2026-09-15T12:22:36Z</time>
        <extensions>
          <gpxdata:distance>7870.28</gpxdata:distance>
          <gpxdata:speed>1.002</gpxdata:speed>
        </extensions>
      </trkpt>
      <trkpt lat="46.6842587" lon="7.7833396">
        <ele>674.6</ele>
        <time>2026-09-15T12:22:49Z</time>
        <extensions>
          <gpxdata:distance>7882.87</gpxdata:distance>
          <gpxdata:speed>0.993</gpxdata:speed>
        </extensions>
      </trkpt>
      <trkpt lat="46.6842407" lon="7.7831696">
        <ele>675.2</ele>
        <time>2026-09-15T12:23:02Z</time>
        <extensions>
          <gpxdata:distance>7895.99</gpxdata:distance>
          <gpxdata:speed>0.982</gpxdata:speed>
        </extensions>
      </trkpt>
      <trkpt lat="46.6842507" lon="7.7829866">
        <ele>675.3</ele>
        <time>2026-09-15T12:23:17Z</time>
        <extensions>
          <gpxdata:distance>7910.00</gpxdata:distance>
          <gpxdata:speed>0.984</gpxdata:speed>
        </extensions>
      </trkpt>
      <trkpt lat="46.6842787" lon="7.7827386">
        <ele>676.7</ele>
        <time>2026-09-15T12:23:36Z</time>
        <extensions>
          <gpxdata:distance>7929.17</gpxdata:distance>
          <gpxdata:speed>0.977</gpxdata:speed>
        </extensions>
      </trkpt>
      <trkpt lat="46.6843147" lon="7.7826336">
        <ele>677.8</ele>
        <time>2026-09-15T12:23:46Z</time>
        <extensions>
          <gpxdata:distance>7938.12</gpxdata:distance>
          <gpxdata:speed>0.906</gpxdata:speed>
        </extensions>
      </trkpt>
      <trkpt lat="46.6843147" lon="7.7826336">
        <ele>677.8</ele>
        <time>2026-09-15T12:23:46Z</time>
        <extensions>
          <gpxdata:distance>7938.12</gpxdata:distance>
          <gpxdata:speed>0.000</gpxdata:speed>
        </extensions>
      </trkpt>
      <trkpt lat="46.6843417" lon="7.7825036">
        <ele>676.2</ele>
        <time>2026-09-15T12:23:58Z</time>
        <extensions>
          <gpxdata:distance>7948.48</gpxdata:distance>
          <gpxdata:speed>0.901</gpxdata:speed>
        </extensions>
      </trkpt>
      <trkpt lat="46.6844057" lon="7.7822946">
        <ele>673.8</ele>
        <time>2026-09-15T12:24:15Z</time>
        <extensions>
          <gpxdata:distance>7965.94</gpxdata:distance>
          <gpxdata:speed>0.976</gpxdata:speed>
        </extensions>
      </trkpt>
      <trkpt lat="46.6843157" lon="7.7824116">
        <ele>672.2</ele>
        <time>2026-09-15T12:24:29Z</time>
        <extensions>
          <gpxdata:distance>7979.35</gpxdata:distance>
          <gpxdata:speed>1.005</gpxdata:speed>
        </extensions>
      </trkpt>
      <trkpt lat="46.6842977" lon="7.7824376">
        <ele>671.7</ele>
        <time>2026-09-15T12:24:32Z</time>
        <extensions>
          <gpxdata:distance>7982.17</gpxdata:distance>
          <gpxdata:speed>0.975</gpxdata:speed>
        </extensions>
      </trkpt>
      <trkpt lat="46.6843607" lon="7.7822416">
        <ele>667.9</ele>
        <time>2026-09-15T12:24:49Z</time>
        <extensions>
          <gpxdata:distance>7998.68</gpxdata:distance>
          <gpxdata:speed>0.925</gpxdata:speed>
        </extensions>
      </trkpt>
      <trkpt lat="46.6842527" lon="7.7823326">
        <ele>665.0</ele>
        <time>2026-09-15T12:25:05Z</time>
        <extensions>
          <gpxdata:distance>8012.55</gpxdata:distance>
          <gpxdata:speed>0.895</gpxdata:speed>
        </extensions>
      </trkpt>
      <trkpt lat="46.6842437" lon="7.7823196">
        <ele>664.5</ele>
        <time>2026-09-15T12:25:06Z</time>
        <extensions>
          <gpxdata:distance>8013.96</gpxdata:distance>
          <gpxdata:speed>0.934</gpxdata:speed>
        </extensions>
      </trkpt>
      <trkpt lat="46.6842797" lon="7.7822676">
        <ele>663.6</ele>
        <time>2026-09-15T12:25:13Z</time>
        <extensions>
          <gpxdata:distance>8019.60</gpxdata:distance>
          <gpxdata:speed>0.907</gpxdata:speed>
        </extensions>
      </trkpt>
      <trkpt lat="46.6842797" lon="7.7822416">
        <ele>663.7</ele>
        <time>2026-09-15T12:25:15Z</time>
        <extensions>
          <gpxdata:distance>8021.58</gpxdata:distance>
          <gpxdata:speed>0.914</gpxdata:speed>
        </extensions>
      </trkpt>
      <trkpt lat="46.6842797" lon="7.7822416">
        <ele>663.7</ele>
        <time>2026-09-15T12:25:15Z</time>
        <extensions>
          <gpxdata:distance>8021.58</gpxdata:distance>
          <gpxdata:speed>0.000</gpxdata:speed>
        </extensions>
      </trkpt>
      <trkpt lat="46.6843247" lon="7.7821766">
        <ele>663.7</ele>
        <time>2026-09-15T12:25:22Z</time>
        <extensions>
          <gpxdata:distance>8028.62</gpxdata:distance>
          <gpxdata:speed>0.925</gpxdata:speed>
        </extensions>
      </trkpt>
      <trkpt lat="46.6843517" lon="7.7821376">
        <ele>663.7</ele>
        <time>2026-09-15T12:25:27Z</time>
        <extensions>
          <gpxdata:distance>8032.85</gpxdata:distance>
          <gpxdata:speed>0.928</gpxdata:speed>
        </extensions>
      </trkpt>
      <trkpt lat="46.6843617" lon="7.7820986">
        <ele>664.0</ele>
        <time>2026-09-15T12:25:30Z</time>
        <extensions>
          <gpxdata:distance>8036.03</gpxdata:distance>
          <gpxdata:speed>0.934</gpxdata:speed>
        </extensions>
      </trkpt>
      <trkpt lat="46.6843797" lon="7.7820066">
        <ele>664.4</ele>
        <time>2026-09-15T12:25:38Z</time>
        <extensions>
          <gpxdata:distance>8043.32</gpxdata:distance>
          <gpxdata:speed>0.918</gpxdata:speed>
        </extensions>
      </trkpt>
      <trkpt lat="46.6843797" lon="7.7819546">
        <ele>664.5</ele>
        <time>2026-09-15T12:25:42Z</time>
        <extensions>
          <gpxdata:distance>8047.29</gpxdata:distance>
          <gpxdata:speed>0.994</gpxdata:speed>
        </extensions>
      </trkpt>
      <trkpt lat="46.6843797" lon="7.7818896">
        <ele>664.6</ele>
        <time>2026-09-15T12:25:47Z</time>
        <extensions>
          <gpxdata:distance>8052.25</gpxdata:distance>
          <gpxdata:speed>1.006</gpxdata:speed>
        </extensions>
      </trkpt>
      <trkpt lat="46.6843797" lon="7.7818896">
        <ele>664.6</ele>
        <time>2026-09-15T12:25:47Z</time>
        <extensions>
          <gpxdata:distance>8052.25</gpxdata:distance>
          <gpxdata:speed>0.000</gpxdata:speed>
        </extensions>
      </trkpt>
      <trkpt lat="46.6843797" lon="7.7818235">
        <ele>664.9</ele>
        <time>2026-09-15T12:25:53Z</time>
        <extensions>
          <gpxdata:distance>8057.29</gpxdata:distance>
          <gpxdata:speed>0.927</gpxdata:speed>
        </extensions>
      </trkpt>
      <trkpt lat="46.6843797" lon="7.7818235">
        <ele>664.9</ele>
        <time>2026-09-15T12:25:53Z</time>
        <extensions>
          <gpxdata:distance>8057.29</gpxdata:distance>
          <gpxdata:speed>0.000</gpxdata:speed>
        </extensions>
      </trkpt>
      <trkpt lat="46.6843807" lon="7.7817195">
        <ele>666.1</ele>
        <time>2026-09-15T12:26:02Z</time>
        <extensions>
          <gpxdata:distance>8065.22</gpxdata:distance>
          <gpxdata:speed>0.844</gpxdata:speed>
        </extensions>
      </trkpt>
      <trkpt lat="46.6843807" lon="7.7815625">
        <ele>667.9</ele>
        <time>2026-09-15T12:26:18Z</time>
        <extensions>
          <gpxdata:distance>8077.20</gpxdata:distance>
          <gpxdata:speed>0.768</gpxdata:speed>
        </extensions>
      </trkpt>
      <trkpt lat="46.6843807" lon="7.7815235">
        <ele>668.7</ele>
        <time>2026-09-15T12:26:22Z</time>
        <extensions>
          <gpxdata:distance>8080.18</gpxdata:distance>
          <gpxdata:speed>0.738</gpxdata:speed>
        </extensions>
      </trkpt>
      <trkpt lat="46.6843277" lon="7.7814315">
        <ele>671.1</ele>
        <time>2026-09-15T12:26:36Z</time>
        <extensions>
          <gpxdata:distance>8089.34</gpxdata:distance>
          <gpxdata:speed>0.641</gpxdata:speed>
        </extensions>
      </trkpt>
      <trkpt lat="46.6843007" lon="7.7813785">
        <ele>672.0</ele>
        <time>2026-09-15T12:26:44Z</time>
        <extensions>
          <gpxdata:distance>8094.38</gpxdata:distance>
          <gpxdata:speed>0.634</gpxdata:speed>
        </extensions>
      </trkpt>
      <trkpt lat="46.6842917" lon="7.7813135">
        <ele>672.0</ele>
        <time>2026-09-15T12:26:52Z</time>
        <extensions>
          <gpxdata:distance>8099.43</gpxdata:distance>
          <gpxdata:speed>0.633</gpxdata:speed>
        </extensions>
      </trkpt>
      <trkpt lat="46.6842917" lon="7.7812355">
        <ele>672.2</ele>
        <time>2026-09-15T12:27:01Z</time>
        <extensions>
          <gpxdata:distance>8105.38</gpxdata:distance>
          <gpxdata:speed>0.648</gpxdata:speed>
        </extensions>
      </trkpt>
      <trkpt lat="46.6842917" lon="7.7811825">
        <ele>672.7</ele>
        <time>2026-09-15T12:27:08Z</time>
        <extensions>
          <gpxdata:distance>8109.43</gpxdata:distance>
          <gpxdata:speed>0.631</gpxdata:speed>
        </extensions>
      </trkpt>
      <trkpt lat="46.6843097" lon="7.7811175">
        <ele>674.3</ele>
        <time>2026-09-15T12:27:16Z</time>
        <extensions>
          <gpxdata:distance>8114.77</gpxdata:distance>
          <gpxdata:speed>0.635</gpxdata:speed>
        </extensions>
      </trkpt>
      <trkpt lat="46.6843197" lon="7.7810655">
        <ele>674.7</ele>
        <time>2026-09-15T12:27:22Z</time>
        <extensions>
          <gpxdata:distance>8118.89</gpxdata:distance>
          <gpxdata:speed>0.634</gpxdata:speed>
        </extensions>
      </trkpt>
      <trkpt lat="46.6843197" lon="7.7810655">
        <ele>674.7</ele>
        <time>2026-09-15T12:27:22Z</time>
        <extensions>
          <gpxdata:distance>8118.89</gpxdata:distance>
          <gpxdata:speed>0.000</gpxdata:speed>
        </extensions>
      </trkpt>
      <trkpt lat="46.6843107" lon="7.7809865">
        <ele>673.8</ele>
        <time>2026-09-15T12:27:31Z</time>
        <extensions>
          <gpxdata:distance>8125.00</gpxdata:distance>
          <gpxdata:speed>0.720</gpxdata:speed>
        </extensions>
      </trkpt>
      <trkpt lat="46.6843017" lon="7.7808295">
        <ele>670.1</ele>
        <time>2026-09-15T12:27:43Z</time>
        <extensions>
          <gpxdata:distance>8137.02</gpxdata:distance>
          <gpxdata:speed>0.985</gpxdata:speed>
        </extensions>
      </trkpt>
      <trkpt lat="46.6842847" lon="7.7806205">
        <ele>665.9</ele>
        <time>2026-09-15T12:28:01Z</time>
        <extensions>
          <gpxdata:distance>8153.08</gpxdata:distance>
          <gpxdata:speed>0.898</gpxdata:speed>
        </extensions>
      </trkpt>
      <trkpt lat="46.6842587" lon="7.7804115">
        <ele>660.0</ele>
        <time>2026-09-15T12:28:19Z</time>
        <extensions>
          <gpxdata:distance>8169.28</gpxdata:distance>
          <gpxdata:speed>0.910</gpxdata:speed>
        </extensions>
      </trkpt>
      <trkpt lat="46.6841697" lon="7.7801365">
        <ele>652.3</ele>
        <time>2026-09-15T12:28:45Z</time>
        <extensions>
          <gpxdata:distance>8192.47</gpxdata:distance>
          <gpxdata:speed>0.872</gpxdata:speed>
        </extensions>
      </trkpt>
      <trkpt lat="46.6841157" lon="7.7800055">
        <ele>649.9</ele>
        <time>2026-09-15T12:28:59Z</time>
        <extensions>
          <gpxdata:distance>8204.13</gpxdata:distance>
          <gpxdata:speed>0.872</gpxdata:speed>
        </extensions>
      </trkpt>
      <trkpt lat="46.6839807" lon="7.7798865">
        <ele>645.3</ele>
        <time>2026-09-15T12:29:19Z</time>
        <extensions>
          <gpxdata:distance>8221.67</gpxdata:distance>
          <gpxdata:speed>0.872</gpxdata:speed>
        </extensions>
      </trkpt>
      <trkpt lat="46.6839367" lon="7.7798085">
        <ele>643.8</ele>
        <time>2026-09-15T12:29:28Z</time>
        <extensions>
          <gpxdata:distance>8229.38</gpxdata:distance>
          <gpxdata:speed>0.872</gpxdata:speed>
        </extensions>
      </trkpt>
      <trkpt lat="46.6839367" lon="7.7798085">
        <ele>643.8</ele>
        <time>2026-09-15T12:29:28Z</time>
        <extensions>
          <gpxdata:distance>8229.38</gpxdata:distance>
          <gpxdata:speed>0.000</gpxdata:speed>
        </extensions>
      </trkpt>
      <trkpt lat="46.6839097" lon="7.7797295">
        <ele>643.6</ele>
        <time>2026-09-15T12:29:36Z</time>
        <extensions>
          <gpxdata:distance>8236.11</gpxdata:distance>
          <gpxdata:speed>0.872</gpxdata:speed>
        </extensions>
      </trkpt>
      <trkpt lat="46.6838927" lon="7.7794945">
        <ele>642.0</ele>
        <time>2026-09-15T12:29:56Z</time>
        <extensions>
          <gpxdata:distance>8254.14</gpxdata:distance>
          <gpxdata:speed>0.872</gpxdata:speed>
        </extensions>
      </trkpt>
      <trkpt lat="46.6838657" lon="7.7793505">
        <ele>641.3</ele>
        <time>2026-09-15T12:30:09Z</time>
        <extensions>
          <gpxdata:distance>8265.52</gpxdata:distance>
          <gpxdata:speed>0.872</gpxdata:speed>
        </extensions>
      </trkpt>
      <trkpt lat="46.6837947" lon="7.7791925">
        <ele>640.7</ele>
        <time>2026-09-15T12:30:25Z</time>
        <extensions>
          <gpxdata:distance>8279.93</gpxdata:distance>
          <gpxdata:speed>0.907</gpxdata:speed>
        </extensions>
      </trkpt>
      <trkpt lat="46.6837767" lon="7.7790885">
        <ele>640.6</ele>
        <time>2026-09-15T12:30:34Z</time>
        <extensions>
          <gpxdata:distance>8288.11</gpxdata:distance>
          <gpxdata:speed>0.915</gpxdata:speed>
        </extensions>
      </trkpt>
      <trkpt lat="46.6838037" lon="7.7788795">
        <ele>640.3</ele>
        <time>2026-09-15T12:30:52Z</time>
        <extensions>
          <gpxdata:distance>8304.34</gpxdata:distance>
          <gpxdata:speed>0.899</gpxdata:speed>
        </extensions>
      </trkpt>
      <trkpt lat="46.6838037" lon="7.7788795">
        <ele>640.3</ele>
        <time>2026-09-15T12:30:52Z</time>
        <extensions>
          <gpxdata:distance>8304.34</gpxdata:distance>
          <gpxdata:speed>0.000</gpxdata:speed>
        </extensions>
      </trkpt>
      <trkpt lat="46.6838317" lon="7.7785785">
        <ele>641.3</ele>
        <time>2026-09-15T12:31:16Z</time>
        <extensions>
          <gpxdata:distance>8327.51</gpxdata:distance>
          <gpxdata:speed>0.980</gpxdata:speed>
        </extensions>
      </trkpt>
      <trkpt lat="46.6838607" lon="7.7781215">
        <ele>646.0</ele>
        <time>2026-09-15T12:31:52Z</time>
        <extensions>
          <gpxdata:distance>8362.52</gpxdata:distance>
          <gpxdata:speed>0.970</gpxdata:speed>
        </extensions>
      </trkpt>
      <trkpt lat="46.6838617" lon="7.7778075">
        <ele>641.4</ele>
        <time>2026-09-15T12:32:16Z</time>
        <extensions>
          <gpxdata:distance>8386.47</gpxdata:distance>
          <gpxdata:speed>0.994</gpxdata:speed>
        </extensions>
      </trkpt>
      <trkpt lat="46.6838707" lon="7.7776765">
        <ele>640.9</ele>
        <time>2026-09-15T12:32:26Z</time>
        <extensions>
          <gpxdata:distance>8396.51</gpxdata:distance>
          <gpxdata:speed>1.002</gpxdata:speed>
        </extensions>
      </trkpt>
      <trkpt lat="46.6838887" lon="7.7775595">
        <ele>640.3</ele>
        <time>2026-09-15T12:32:35Z</time>
        <extensions>
          <gpxdata:distance>8405.66</gpxdata:distance>
          <gpxdata:speed>1.003</gpxdata:speed>
        </extensions>
      </trkpt>
      <trkpt lat="46.6838807" lon="7.7774805">
        <ele>639.6</ele>
        <time>2026-09-15T12:32:41Z</time>
        <extensions>
          <gpxdata:distance>8411.75</gpxdata:distance>
          <gpxdata:speed>1.002</gpxdata:speed>
        </extensions>
      </trkpt>
      <trkpt lat="46.6838537" lon="7.7773765">
        <ele>638.7</ele>
        <time>2026-09-15T12:32:50Z</time>
        <extensions>
          <gpxdata:distance>8420.23</gpxdata:distance>
          <gpxdata:speed>0.994</gpxdata:speed>
        </extensions>
      </trkpt>
      <trkpt lat="46.6837827" lon="7.7771795">
        <ele>638.5</ele>
        <time>2026-09-15T12:33:07Z</time>
        <extensions>
          <gpxdata:distance>8437.21</gpxdata:distance>
          <gpxdata:speed>0.995</gpxdata:speed>
        </extensions>
      </trkpt>
      <trkpt lat="46.6837197" lon="7.7769835">
        <ele>638.0</ele>
        <time>2026-09-15T12:33:23Z</time>
        <extensions>
          <gpxdata:distance>8453.72</gpxdata:distance>
          <gpxdata:speed>0.993</gpxdata:speed>
        </extensions>
      </trkpt>
      <trkpt lat="46.6836307" lon="7.7767475">
        <ele>640.3</ele>
        <time>2026-09-15T12:33:44Z</time>
        <extensions>
          <gpxdata:distance>8474.26</gpxdata:distance>
          <gpxdata:speed>1.004</gpxdata:speed>
        </extensions>
      </trkpt>
      <trkpt lat="46.6836037" lon="7.7766555">
        <ele>641.1</ele>
        <time>2026-09-15T12:33:52Z</time>
        <extensions>
          <gpxdata:distance>8481.90</gpxdata:distance>
          <gpxdata:speed>0.960</gpxdata:speed>
        </extensions>
      </trkpt>
      <trkpt lat="46.6836037" lon="7.7765905">
        <ele>641.6</ele>
        <time>2026-09-15T12:33:57Z</time>
        <extensions>
          <gpxdata:distance>8486.86</gpxdata:distance>
          <gpxdata:speed>1.007</gpxdata:speed>
        </extensions>
      </trkpt>
      <trkpt lat="46.6836587" lon="7.7764735">
        <ele>639.5</ele>
        <time>2026-09-15T12:34:08Z</time>
        <extensions>
          <gpxdata:distance>8497.67</gpxdata:distance>
          <gpxdata:speed>0.995</gpxdata:speed>
        </extensions>
      </trkpt>
      <trkpt lat="46.6837127" lon="7.7763815">
        <ele>638.2</ele>
        <time>2026-09-15T12:34:17Z</time>
        <extensions>
          <gpxdata:distance>8506.91</gpxdata:distance>
          <gpxdata:speed>0.986</gpxdata:speed>
        </extensions>
      </trkpt>
      <trkpt lat="46.6837577" lon="7.7763435">
        <ele>637.4</ele>
        <time>2026-09-15T12:34:23Z</time>
        <extensions>
          <gpxdata:distance>8512.69</gpxdata:distance>
          <gpxdata:speed>0.984</gpxdata:speed>
        </extensions>
      </trkpt>
      <trkpt lat="46.6838117" lon="7.7763175">
        <ele>636.6</ele>
        <time>2026-09-15T12:34:29Z</time>
        <extensions>
          <gpxdata:distance>8519.02</gpxdata:distance>
          <gpxdata:speed>0.985</gpxdata:speed>
        </extensions>
      </trkpt>
      <trkpt lat="46.6838567" lon="7.7762915">
        <ele>635.5</ele>
        <time>2026-09-15T12:34:35Z</time>
        <extensions>
          <gpxdata:distance>8524.40</gpxdata:distance>
          <gpxdata:speed>0.968</gpxdata:speed>
        </extensions>
      </trkpt>
      <trkpt lat="46.6838837" lon="7.7762395">
        <ele>634.4</ele>
        <time>2026-09-15T12:34:40Z</time>
        <extensions>
          <gpxdata:distance>8529.37</gpxdata:distance>
          <gpxdata:speed>0.951</gpxdata:speed>
        </extensions>
      </trkpt>
      <trkpt lat="46.6838927" lon="7.7761875">
        <ele>634.4</ele>
        <time>2026-09-15T12:34:45Z</time>
        <extensions>
          <gpxdata:distance>8533.47</gpxdata:distance>
          <gpxdata:speed>0.895</gpxdata:speed>
        </extensions>
      </trkpt>
      <trkpt lat="46.6838927" lon="7.7761875">
        <ele>634.4</ele>
        <time>2026-09-15T12:34:45Z</time>
        <extensions>
          <gpxdata:distance>8533.47</gpxdata:distance>
          <gpxdata:speed>0.000</gpxdata:speed>
        </extensions>
      </trkpt>
      <trkpt lat="46.6839027" lon="7.7760695">
        <ele>634.4</ele>
        <time>2026-09-15T12:34:55Z</time>
        <extensions>
          <gpxdata:distance>8542.53</gpxdata:distance>
          <gpxdata:speed>0.921</gpxdata:speed>
        </extensions>
      </trkpt>
      <trkpt lat="46.6839027" lon="7.7760695">
        <ele>634.4</ele>
        <time>2026-09-15T12:34:55Z</time>
        <extensions>
          <gpxdata:distance>8542.53</gpxdata:distance>
          <gpxdata:speed>0.000</gpxdata:speed>
        </extensions>
      </trkpt>
      <trkpt lat="46.6839027" lon="7.7760305">
        <ele>633.6</ele>
        <time>2026-09-15T12:34:58Z</time>
        <extensions>
          <gpxdata:distance>8545.51</gpxdata:distance>
          <gpxdata:speed>0.912</gpxdata:speed>
        </extensions>
      </trkpt>
      <trkpt lat="46.6838937" lon="7.7759775">
        <ele>635.9</ele>
        <time>2026-09-15T12:35:02Z</time>
        <extensions>
          <gpxdata:distance>8549.67</gpxdata:distance>
          <gpxdata:speed>0.960</gpxdata:speed>
        </extensions>
      </trkpt>
      <trkpt lat="46.6838667" lon="7.7759385">
        <ele>636.2</ele>
        <time>2026-09-15T12:35:06Z</time>
        <extensions>
          <gpxdata:distance>8553.90</gpxdata:distance>
          <gpxdata:speed>0.998</gpxdata:speed>
        </extensions>
      </trkpt>
      <trkpt lat="46.6838307" lon="7.7758995">
        <ele>635.8</ele>
        <time>2026-09-15T12:35:11Z</time>
        <extensions>
          <gpxdata:distance>8558.89</gpxdata:distance>
          <gpxdata:speed>0.990</gpxdata:speed>
        </extensions>
      </trkpt>
      <trkpt lat="46.6837057" lon="7.7758325">
        <ele>637.6</ele>
        <time>2026-09-15T12:35:29Z</time>
        <extensions>
          <gpxdata:distance>8573.70</gpxdata:distance>
          <gpxdata:speed>0.827</gpxdata:speed>
        </extensions>
      </trkpt>
      <trkpt lat="46.6835977" lon="7.7757935">
        <ele>636.8</ele>
        <time>2026-09-15T12:35:43Z</time>
        <extensions>
          <gpxdata:distance>8586.07</gpxdata:distance>
          <gpxdata:speed>0.897</gpxdata:speed>
        </extensions>
      </trkpt>
      <trkpt lat="46.6835797" lon="7.7757665">
        <ele>636.8</ele>
        <time>2026-09-15T12:35:46Z</time>
        <extensions>
          <gpxdata:distance>8588.94</gpxdata:distance>
          <gpxdata:speed>0.903</gpxdata:speed>
        </extensions>
      </trkpt>
      <trkpt lat="46.6835797" lon="7.7757665">
        <ele>636.8</ele>
        <time>2026-09-15T12:35:46Z</time>
        <extensions>
          <gpxdata:distance>8588.94</gpxdata:distance>
          <gpxdata:speed>0.000</gpxdata:speed>
        </extensions>
      </trkpt>
      <trkpt lat="46.6836877" lon="7.7755715">
        <ele>642.7</ele>
        <time>2026-09-15T12:36:14Z</time>
        <extensions>
          <gpxdata:distance>8608.06</gpxdata:distance>
          <gpxdata:speed>0.688</gpxdata:speed>
        </extensions>
      </trkpt>
      <trkpt lat="46.6837877" lon="7.7753495">
        <ele>643.8</ele>
        <time>2026-09-15T12:36:43Z</time>
        <extensions>
          <gpxdata:distance>8628.32</gpxdata:distance>
          <gpxdata:speed>0.697</gpxdata:speed>
        </extensions>
      </trkpt>
      <trkpt lat="46.6838857" lon="7.7756645">
        <ele>649.0</ele>
        <time>2026-09-15T12:37:21Z</time>
        <extensions>
          <gpxdata:distance>8654.70</gpxdata:distance>
          <gpxdata:speed>0.693</gpxdata:speed>
        </extensions>
      </trkpt>
      <trkpt lat="46.6840397" lon="7.7754165">
        <ele>651.6</ele>
        <time>2026-09-15T12:37:58Z</time>
        <extensions>
          <gpxdata:distance>8680.22</gpxdata:distance>
          <gpxdata:speed>0.700</gpxdata:speed>
        </extensions>
      </trkpt>
      <trkpt lat="46.6840767" lon="7.7748945">
        <ele>657.3</ele>
        <time>2026-09-15T12:38:57Z</time>
        <extensions>
          <gpxdata:distance>8720.25</gpxdata:distance>
          <gpxdata:speed>0.672</gpxdata:speed>
        </extensions>
      </trkpt>
      <trkpt lat="46.6840767" lon="7.7748945">
        <ele>657.3</ele>
        <time>2026-09-15T12:38:57Z</time>
        <extensions>
          <gpxdata:distance>8720.25</gpxdata:distance>
          <gpxdata:speed>0.000</gpxdata:speed>
        </extensions>
      </trkpt>
      <trkpt lat="46.6841487" lon="7.7749465">
        <ele>659.3</ele>
        <time>2026-09-15T12:39:11Z</time>
        <extensions>
          <gpxdata:distance>8729.19</gpxdata:distance>
          <gpxdata:speed>0.633</gpxdata:speed>
        </extensions>
      </trkpt>
      <trkpt lat="46.6841847" lon="7.7749865">
        <ele>660.1</ele>
        <time>2026-09-15T12:39:19Z</time>
        <extensions>
          <gpxdata:distance>8734.22</gpxdata:distance>
          <gpxdata:speed>0.634</gpxdata:speed>
        </extensions>
      </trkpt>
      <trkpt lat="46.6842207" lon="7.7750515">
        <ele>661.1</ele>
        <time>2026-09-15T12:39:29Z</time>
        <extensions>
          <gpxdata:distance>8740.59</gpxdata:distance>
          <gpxdata:speed>0.634</gpxdata:speed>
        </extensions>
      </trkpt>
      <trkpt lat="46.6842467" lon="7.7750915">
        <ele>662.0</ele>
        <time>2026-09-15T12:39:36Z</time>
        <extensions>
          <gpxdata:distance>8744.80</gpxdata:distance>
          <gpxdata:speed>0.652</gpxdata:speed>
        </extensions>
      </trkpt>
      <trkpt lat="46.6842647" lon="7.7751955">
        <ele>663.3</ele>
        <time>2026-09-15T12:39:49Z</time>
        <extensions>
          <gpxdata:distance>8752.98</gpxdata:distance>
          <gpxdata:speed>0.633</gpxdata:speed>
        </extensions>
      </trkpt>
      <trkpt lat="46.6842737" lon="7.7752485">
        <ele>664.1</ele>
        <time>2026-09-15T12:39:55Z</time>
        <extensions>
          <gpxdata:distance>8757.14</gpxdata:distance>
          <gpxdata:speed>0.637</gpxdata:speed>
        </extensions>
      </trkpt>
      <trkpt lat="46.6842827" lon="7.7753265">
        <ele>664.9</ele>
        <time>2026-09-15T12:40:05Z</time>
        <extensions>
          <gpxdata:distance>8763.18</gpxdata:distance>
          <gpxdata:speed>0.634</gpxdata:speed>
        </extensions>
      </trkpt>
      <trkpt lat="46.6842917" lon="7.7753925">
        <ele>665.5</ele>
        <time>2026-09-15T12:40:13Z</time>
        <extensions>
          <gpxdata:distance>8768.31</gpxdata:distance>
          <gpxdata:speed>0.638</gpxdata:speed>
        </extensions>
      </trkpt>
      <trkpt lat="46.6843087" lon="7.7754315">
        <ele>665.9</ele>
        <time>2026-09-15T12:40:18Z</time>
        <extensions>
          <gpxdata:distance>8771.83</gpxdata:distance>
          <gpxdata:speed>0.636</gpxdata:speed>
        </extensions>
      </trkpt>
      <trkpt lat="46.6843357" lon="7.7754445">
        <ele>666.4</ele>
        <time>2026-09-15T12:40:23Z</time>
        <extensions>
          <gpxdata:distance>8775.00</gpxdata:distance>
          <gpxdata:speed>0.632</gpxdata:speed>
        </extensions>
      </trkpt>
      <trkpt lat="46.6843537" lon="7.7754445">
        <ele>666.9</ele>
        <time>2026-09-15T12:40:27Z</time>
        <extensions>
          <gpxdata:distance>8777.00</gpxdata:distance>
          <gpxdata:speed>0.634</gpxdata:speed>
        </extensions>
      </trkpt>
      <trkpt lat="46.6843807" lon="7.7754185">
        <ele>667.0</ele>
        <time>2026-09-15T12:40:32Z</time>
        <extensions>
          <gpxdata:distance>8780.60</gpxdata:distance>
          <gpxdata:speed>0.637</gpxdata:speed>
        </extensions>
      </trkpt>
      <trkpt lat="46.6843997" lon="7.7753795">
        <ele>668.0</ele>
        <time>2026-09-15T12:40:38Z</time>
        <extensions>
          <gpxdata:distance>8784.24</gpxdata:distance>
          <gpxdata:speed>0.631</gpxdata:speed>
        </extensions>
      </trkpt>
      <trkpt lat="46.6844267" lon="7.7753275">
        <ele>668.7</ele>
        <time>2026-09-15T12:40:46Z</time>
        <extensions>
          <gpxdata:distance>8789.22</gpxdata:distance>
          <gpxdata:speed>0.633</gpxdata:speed>
        </extensions>
      </trkpt>
      <trkpt lat="46.6844537" lon="7.7752235">
        <ele>670.3</ele>
        <time>2026-09-15T12:40:59Z</time>
        <extensions>
          <gpxdata:distance>8797.70</gpxdata:distance>
          <gpxdata:speed>0.631</gpxdata:speed>
        </extensions>
      </trkpt>
      <trkpt lat="46.6844717" lon="7.7751315">
        <ele>671.3</ele>
        <time>2026-09-15T12:41:11Z</time>
        <extensions>
          <gpxdata:distance>8805.00</gpxdata:distance>
          <gpxdata:speed>0.631</gpxdata:speed>
        </extensions>
      </trkpt>
      <trkpt lat="46.6844897" lon="7.7750405">
        <ele>673.0</ele>
        <time>2026-09-15T12:41:22Z</time>
        <extensions>
          <gpxdata:distance>8812.22</gpxdata:distance>
          <gpxdata:speed>0.638</gpxdata:speed>
        </extensions>
      </trkpt>
      <trkpt lat="46.6845087" lon="7.7750015">
        <ele>673.8</ele>
        <time>2026-09-15T12:41:28Z</time>
        <extensions>
          <gpxdata:distance>8815.87</gpxdata:distance>
          <gpxdata:speed>0.641</gpxdata:speed>
        </extensions>
      </trkpt>
      <trkpt lat="46.6845447" lon="7.7749625">
        <ele>674.6</ele>
        <time>2026-09-15T12:41:36Z</time>
        <extensions>
          <gpxdata:distance>8820.86</gpxdata:distance>
          <gpxdata:speed>0.641</gpxdata:speed>
        </extensions>
      </trkpt>
      <trkpt lat="46.6845987" lon="7.7749235">
        <ele>675.1</ele>
        <time>2026-09-15T12:41:46Z</time>
        <extensions>
          <gpxdata:distance>8827.56</gpxdata:distance>
          <gpxdata:speed>0.635</gpxdata:speed>
        </extensions>
      </trkpt>
      <trkpt lat="46.6846707" lon="7.7748845">
        <ele>675.9</ele>
        <time>2026-09-15T12:42:00Z</time>
        <extensions>
          <gpxdata:distance>8836.10</gpxdata:distance>
          <gpxdata:speed>0.634</gpxdata:speed>
        </extensions>
      </trkpt>
      <trkpt lat="46.6847067" lon="7.7748585">
        <ele>676.8</ele>
        <time>2026-09-15T12:42:07Z</time>
        <extensions>
          <gpxdata:distance>8840.57</gpxdata:distance>
          <gpxdata:speed>0.633</gpxdata:speed>
        </extensions>
      </trkpt>
      <trkpt lat="46.6847427" lon="7.7748065">
        <ele>677.5</ele>
        <time>2026-09-15T12:42:16Z</time>
        <extensions>
          <gpxdata:distance>8846.20</gpxdata:distance>
          <gpxdata:speed>0.632</gpxdata:speed>
        </extensions>
      </trkpt>
      <trkpt lat="46.6847607" lon="7.7747155">
        <ele>678.1</ele>
        <time>2026-09-15T12:42:27Z</time>
        <extensions>
          <gpxdata:distance>8853.43</gpxdata:distance>
          <gpxdata:speed>0.655</gpxdata:speed>
        </extensions>
      </trkpt>
      <trkpt lat="46.6847697" lon="7.7746505">
        <ele>679.0</ele>
        <time>2026-09-15T12:42:35Z</time>
        <extensions>
          <gpxdata:distance>8858.49</gpxdata:distance>
          <gpxdata:speed>0.645</gpxdata:speed>
        </extensions>
      </trkpt>
      <trkpt lat="46.6847977" lon="7.7745845">
        <ele>679.9</ele>
        <time>2026-09-15T12:42:43Z</time>
        <extensions>
          <gpxdata:distance>8864.41</gpxdata:distance>
          <gpxdata:speed>0.674</gpxdata:speed>
        </extensions>
      </trkpt>
      <trkpt lat="46.6848247" lon="7.7745325">
        <ele>680.4</ele>
        <time>2026-09-15T12:42:50Z</time>
        <extensions>
          <gpxdata:distance>8869.38</gpxdata:distance>
          <gpxdata:speed>0.696</gpxdata:speed>
        </extensions>
      </trkpt>
      <trkpt lat="46.6849417" lon="7.7744415">
        <ele>681.6</ele>
        <time>2026-09-15T12:43:11Z</time>
        <extensions>
          <gpxdata:distance>8884.13</gpxdata:distance>
          <gpxdata:speed>0.728</gpxdata:speed>
        </extensions>
      </trkpt>
      <trkpt lat="46.6849957" lon="7.7743765">
        <ele>682.2</ele>
        <time>2026-09-15T12:43:21Z</time>
        <extensions>
          <gpxdata:distance>8891.91</gpxdata:distance>
          <gpxdata:speed>0.728</gpxdata:speed>
        </extensions>
      </trkpt>
      <trkpt lat="46.6850317" lon="7.7743115">
        <ele>683.1</ele>
        <time>2026-09-15T12:43:30Z</time>
        <extensions>
          <gpxdata:distance>8898.29</gpxdata:distance>
          <gpxdata:speed>0.715</gpxdata:speed>
        </extensions>
      </trkpt>
      <trkpt lat="46.6850507" lon="7.7742465">
        <ele>684.0</ele>
        <time>2026-09-15T12:43:38Z</time>
        <extensions>
          <gpxdata:distance>8903.68</gpxdata:distance>
          <gpxdata:speed>0.719</gpxdata:speed>
        </extensions>
      </trkpt>
      <trkpt lat="46.6850507" lon="7.7741945">
        <ele>684.1</ele>
        <time>2026-09-15T12:43:43Z</time>
        <extensions>
          <gpxdata:distance>8907.64</gpxdata:distance>
          <gpxdata:speed>0.735</gpxdata:speed>
        </extensions>
      </trkpt>
      <trkpt lat="46.6850417" lon="7.7741555">
        <ele>684.7</ele>
        <time>2026-09-15T12:43:48Z</time>
        <extensions>
          <gpxdata:distance>8910.78</gpxdata:distance>
          <gpxdata:speed>0.717</gpxdata:speed>
        </extensions>
      </trkpt>
      <trkpt lat="46.6850147" lon="7.7741025">
        <ele>685.1</ele>
        <time>2026-09-15T12:43:54Z</time>
        <extensions>
          <gpxdata:distance>8915.82</gpxdata:distance>
          <gpxdata:speed>0.738</gpxdata:speed>
        </extensions>
      </trkpt>
      <trkpt lat="46.6849787" lon="7.7740375">
        <ele>686.8</ele>
        <time>2026-09-15T12:44:03Z</time>
        <extensions>
          <gpxdata:distance>8922.19</gpxdata:distance>
          <gpxdata:speed>0.706</gpxdata:speed>
        </extensions>
      </trkpt>
      <trkpt lat="46.6849517" lon="7.7739845">
        <ele>688.1</ele>
        <time>2026-09-15T12:44:11Z</time>
        <extensions>
          <gpxdata:distance>8927.23</gpxdata:distance>
          <gpxdata:speed>0.672</gpxdata:speed>
        </extensions>
      </trkpt>
      <trkpt lat="46.6849347" lon="7.7739325">
        <ele>688.6</ele>
        <time>2026-09-15T12:44:18Z</time>
        <extensions>
          <gpxdata:distance>8931.62</gpxdata:distance>
          <gpxdata:speed>0.637</gpxdata:speed>
        </extensions>
      </trkpt>
      <trkpt lat="46.6849437" lon="7.7738795">
        <ele>688.9</ele>
        <time>2026-09-15T12:44:24Z</time>
        <extensions>
          <gpxdata:distance>8935.78</gpxdata:distance>
          <gpxdata:speed>0.631</gpxdata:speed>
        </extensions>
      </trkpt>
      <trkpt lat="46.6849527" lon="7.7738275">
        <ele>688.9</ele>
        <time>2026-09-15T12:44:31Z</time>
        <extensions>
          <gpxdata:distance>8939.88</gpxdata:distance>
          <gpxdata:speed>0.656</gpxdata:speed>
        </extensions>
      </trkpt>
      <trkpt lat="46.6849797" lon="7.7737495">
        <ele>689.0</ele>
        <time>2026-09-15T12:44:40Z</time>
        <extensions>
          <gpxdata:distance>8946.54</gpxdata:distance>
          <gpxdata:speed>0.713</gpxdata:speed>
        </extensions>
      </trkpt>
      <trkpt lat="46.6850067" lon="7.7736715">
        <ele>690.7</ele>
        <time>2026-09-15T12:44:50Z</time>
        <extensions>
          <gpxdata:distance>8953.20</gpxdata:distance>
          <gpxdata:speed>0.643</gpxdata:speed>
        </extensions>
      </trkpt>
      <trkpt lat="46.6850157" lon="7.7736055">
        <ele>691.7</ele>
        <time>2026-09-15T12:44:58Z</time>
        <extensions>
          <gpxdata:distance>8958.34</gpxdata:distance>
          <gpxdata:speed>0.637</gpxdata:speed>
        </extensions>
      </trkpt>
      <trkpt lat="46.6850167" lon="7.7735405">
        <ele>692.1</ele>
        <time>2026-09-15T12:45:06Z</time>
        <extensions>
          <gpxdata:distance>8963.30</gpxdata:distance>
          <gpxdata:speed>0.637</gpxdata:speed>
        </extensions>
      </trkpt>
      <trkpt lat="46.6849987" lon="7.7734885">
        <ele>691.6</ele>
        <time>2026-09-15T12:45:12Z</time>
        <extensions>
          <gpxdata:distance>8967.74</gpxdata:distance>
          <gpxdata:speed>0.741</gpxdata:speed>
        </extensions>
      </trkpt>
      <trkpt lat="46.6849357" lon="7.7733435">
        <ele>692.3</ele>
        <time>2026-09-15T12:45:28Z</time>
        <extensions>
          <gpxdata:distance>8980.83</gpxdata:distance>
          <gpxdata:speed>0.811</gpxdata:speed>
        </extensions>
      </trkpt>
      <trkpt lat="46.6849267" lon="7.7732915">
        <ele>692.7</ele>
        <time>2026-09-15T12:45:33Z</time>
        <extensions>
          <gpxdata:distance>8984.92</gpxdata:distance>
          <gpxdata:speed>0.815</gpxdata:speed>
        </extensions>
      </trkpt>
      <trkpt lat="46.6849277" lon="7.7732265">
        <ele>693.2</ele>
        <time>2026-09-15T12:45:40Z</time>
        <extensions>
          <gpxdata:distance>8989.88</gpxdata:distance>
          <gpxdata:speed>0.808</gpxdata:speed>
        </extensions>
      </trkpt>
      <trkpt lat="46.6849377" lon="7.7729125">
        <ele>695.4</ele>
        <time>2026-09-15T12:46:10Z</time>
        <extensions>
          <gpxdata:distance>9013.86</gpxdata:distance>
          <gpxdata:speed>0.786</gpxdata:speed>
        </extensions>
      </trkpt>
      <trkpt lat="46.6849557" lon="7.7728215">
        <ele>694.9</ele>
        <time>2026-09-15T12:46:19Z</time>
        <extensions>
          <gpxdata:distance>9021.09</gpxdata:distance>
          <gpxdata:speed>0.809</gpxdata:speed>
        </extensions>
      </trkpt>
      <trkpt lat="46.6849647" lon="7.7727035">
        <ele>696.6</ele>
        <time>2026-09-15T12:46:30Z</time>
        <extensions>
          <gpxdata:distance>9030.14</gpxdata:distance>
          <gpxdata:speed>0.815</gpxdata:speed>
        </extensions>
      </trkpt>
      <trkpt lat="46.6849837" lon="7.7724425">
        <ele>697.4</ele>
        <time>2026-09-15T12:46:54Z</time>
        <extensions>
          <gpxdata:distance>9050.16</gpxdata:distance>
          <gpxdata:speed>0.854</gpxdata:speed>
        </extensions>
      </trkpt>
      <trkpt lat="46.6850017" lon="7.7723505">
        <ele>698.0</ele>
        <time>2026-09-15T12:47:02Z</time>
        <extensions>
          <gpxdata:distance>9057.46</gpxdata:distance>
          <gpxdata:speed>0.852</gpxdata:speed>
        </extensions>
      </trkpt>
      <trkpt lat="46.6850287" lon="7.7722335">
        <ele>698.5</ele>
        <time>2026-09-15T12:47:13Z</time>
        <extensions>
          <gpxdata:distance>9066.88</gpxdata:distance>
          <gpxdata:speed>0.834</gpxdata:speed>
        </extensions>
      </trkpt>
      <trkpt lat="46.6850568" lon="7.7721555">
        <ele>700.1</ele>
        <time>2026-09-15T12:47:22Z</time>
        <extensions>
          <gpxdata:distance>9073.60</gpxdata:distance>
          <gpxdata:speed>0.796</gpxdata:speed>
        </extensions>
      </trkpt>
      <trkpt lat="46.6850748" lon="7.7720895">
        <ele>700.9</ele>
        <time>2026-09-15T12:47:29Z</time>
        <extensions>
          <gpxdata:distance>9079.01</gpxdata:distance>
          <gpxdata:speed>0.788</gpxdata:speed>
        </extensions>
      </trkpt>
      <trkpt lat="46.6850748" lon="7.7719855">
        <ele>701.5</ele>
        <time>2026-09-15T12:47:39Z</time>
        <extensions>
          <gpxdata:distance>9086.95</gpxdata:distance>
          <gpxdata:speed>0.792</gpxdata:speed>
        </extensions>
      </trkpt>
      <trkpt lat="46.6850758" lon="7.7718415">
        <ele>703.2</ele>
        <time>2026-09-15T12:47:53Z</time>
        <extensions>
          <gpxdata:distance>9097.93</gpxdata:distance>
          <gpxdata:speed>0.773</gpxdata:speed>
        </extensions>
      </trkpt>
      <trkpt lat="46.6850758" lon="7.7716065">
        <ele>706.5</ele>
        <time>2026-09-15T12:48:19Z</time>
        <extensions>
          <gpxdata:distance>9115.86</gpxdata:distance>
          <gpxdata:speed>0.698</gpxdata:speed>
        </extensions>
      </trkpt>
      <trkpt lat="46.6850858" lon="7.7715145">
        <ele>707.2</ele>
        <time>2026-09-15T12:48:29Z</time>
        <extensions>
          <gpxdata:distance>9122.96</gpxdata:distance>
          <gpxdata:speed>0.719</gpxdata:speed>
        </extensions>
      </trkpt>
      <trkpt lat="46.6851128" lon="7.7713055">
        <ele>707.6</ele>
        <time>2026-09-15T12:48:51Z</time>
        <extensions>
          <gpxdata:distance>9139.19</gpxdata:distance>
          <gpxdata:speed>0.718</gpxdata:speed>
        </extensions>
      </trkpt>
      <trkpt lat="46.6851218" lon="7.7711755">
        <ele>709.5</ele>
        <time>2026-09-15T12:49:06Z</time>
        <extensions>
          <gpxdata:distance>9149.15</gpxdata:distance>
          <gpxdata:speed>0.691</gpxdata:speed>
        </extensions>
      </trkpt>
      <trkpt lat="46.6851228" lon="7.7710835">
        <ele>710.5</ele>
        <time>2026-09-15T12:49:16Z</time>
        <extensions>
          <gpxdata:distance>9156.17</gpxdata:distance>
          <gpxdata:speed>0.669</gpxdata:speed>
        </extensions>
      </trkpt>
      <trkpt lat="46.6851048" lon="7.7709265">
        <ele>711.3</ele>
        <time>2026-09-15T12:49:33Z</time>
        <extensions>
          <gpxdata:distance>9168.31</gpxdata:distance>
          <gpxdata:speed>0.709</gpxdata:speed>
        </extensions>
      </trkpt>
      <trkpt lat="46.6850788" lon="7.7707825">
        <ele>712.3</ele>
        <time>2026-09-15T12:49:49Z</time>
        <extensions>
          <gpxdata:distance>9179.67</gpxdata:distance>
          <gpxdata:speed>0.721</gpxdata:speed>
        </extensions>
      </trkpt>
      <trkpt lat="46.6849988" lon="7.7704295">
        <ele>716.9</ele>
        <time>2026-09-15T12:50:30Z</time>
        <extensions>
          <gpxdata:distance>9208.03</gpxdata:distance>
          <gpxdata:speed>0.687</gpxdata:speed>
        </extensions>
      </trkpt>
      <trkpt lat="46.6849098" lon="7.7700624">
        <ele>721.2</ele>
        <time>2026-09-15T12:51:14Z</time>
        <extensions>
          <gpxdata:distance>9237.73</gpxdata:distance>
          <gpxdata:speed>0.683</gpxdata:speed>
        </extensions>
      </trkpt>
      <trkpt lat="46.6849008" lon="7.7699844">
        <ele>721.7</ele>
        <time>2026-09-15T12:51:22Z</time>
        <extensions>
          <gpxdata:distance>9243.77</gpxdata:distance>
          <gpxdata:speed>0.707</gpxdata:speed>
        </extensions>
      </trkpt>
      <trkpt lat="46.6849098" lon="7.7699194">
        <ele>722.0</ele>
        <time>2026-09-15T12:51:29Z</time>
        <extensions>
          <gpxdata:distance>9248.82</gpxdata:distance>
          <gpxdata:speed>0.710</gpxdata:speed>
        </extensions>
      </trkpt>
      <trkpt lat="46.6849288" lon="7.7697234">
        <ele>723.9</ele>
        <time>2026-09-15T12:51:52Z</time>
        <extensions>
          <gpxdata:distance>9263.92</gpxdata:distance>
          <gpxdata:speed>0.678</gpxdata:speed>
        </extensions>
      </trkpt>
      <trkpt lat="46.6849388" lon="7.7694614">
        <ele>724.6</ele>
        <time>2026-09-15T12:52:19Z</time>
        <extensions>
          <gpxdata:distance>9283.94</gpxdata:distance>
          <gpxdata:speed>0.724</gpxdata:speed>
        </extensions>
      </trkpt>
      <trkpt lat="46.6849388" lon="7.7693174">
        <ele>725.2</ele>
        <time>2026-09-15T12:52:34Z</time>
        <extensions>
          <gpxdata:distance>9294.92</gpxdata:distance>
          <gpxdata:speed>0.739</gpxdata:speed>
        </extensions>
      </trkpt>
      <trkpt lat="46.6849298" lon="7.7691614">
        <ele>725.7</ele>
        <time>2026-09-15T12:52:50Z</time>
        <extensions>
          <gpxdata:distance>9306.87</gpxdata:distance>
          <gpxdata:speed>0.744</gpxdata:speed>
        </extensions>
      </trkpt>
      <trkpt lat="46.6849128" lon="7.7690564">
        <ele>726.0</ele>
        <time>2026-09-15T12:53:01Z</time>
        <extensions>
          <gpxdata:distance>9315.10</gpxdata:distance>
          <gpxdata:speed>0.751</gpxdata:speed>
        </extensions>
      </trkpt>
      <trkpt lat="46.6848768" lon="7.7689384">
        <ele>726.1</ele>
        <time>2026-09-15T12:53:13Z</time>
        <extensions>
          <gpxdata:distance>9324.95</gpxdata:distance>
          <gpxdata:speed>0.810</gpxdata:speed>
        </extensions>
      </trkpt>
      <trkpt lat="46.6848768" lon="7.7689384">
        <ele>726.1</ele>
        <time>2026-09-15T12:53:13Z</time>
        <extensions>
          <gpxdata:distance>9324.95</gpxdata:distance>
          <gpxdata:speed>0.000</gpxdata:speed>
        </extensions>
      </trkpt>
      <trkpt lat="46.6848408" lon="7.7688074">
        <ele>725.3</ele>
        <time>2026-09-15T12:53:25Z</time>
        <extensions>
          <gpxdata:distance>9335.71</gpxdata:distance>
          <gpxdata:speed>0.913</gpxdata:speed>
        </extensions>
      </trkpt>
      <trkpt lat="46.6847878" lon="7.7687024">
        <ele>724.2</ele>
        <time>2026-09-15T12:53:36Z</time>
        <extensions>
          <gpxdata:distance>9345.66</gpxdata:distance>
          <gpxdata:speed>0.955</gpxdata:speed>
        </extensions>
      </trkpt>
      <trkpt lat="46.6847158" lon="7.7685844">
        <ele>722.8</ele>
        <time>2026-09-15T12:53:48Z</time>
        <extensions>
          <gpxdata:distance>9357.70</gpxdata:distance>
          <gpxdata:speed>0.997</gpxdata:speed>
        </extensions>
      </trkpt>
      <trkpt lat="46.6846448" lon="7.7684794">
        <ele>722.0</ele>
        <time>2026-09-15T12:53:59Z</time>
        <extensions>
          <gpxdata:distance>9368.95</gpxdata:distance>
          <gpxdata:speed>0.973</gpxdata:speed>
        </extensions>
      </trkpt>
      <trkpt lat="46.6845908" lon="7.7683874">
        <ele>721.3</ele>
        <time>2026-09-15T12:54:09Z</time>
        <extensions>
          <gpxdata:distance>9378.18</gpxdata:distance>
          <gpxdata:speed>0.952</gpxdata:speed>
        </extensions>
      </trkpt>
      <trkpt lat="46.6845278" lon="7.7682564">
        <ele>719.0</ele>
        <time>2026-09-15T12:54:22Z</time>
        <extensions>
          <gpxdata:distance>9390.39</gpxdata:distance>
          <gpxdata:speed>0.916</gpxdata:speed>
        </extensions>
      </trkpt>
      <trkpt lat="46.6844837" lon="7.7681644">
        <ele>718.1</ele>
        <time>2026-09-15T12:54:32Z</time>
        <extensions>
          <gpxdata:distance>9398.95</gpxdata:distance>
          <gpxdata:speed>0.901</gpxdata:speed>
        </extensions>
      </trkpt>
      <trkpt lat="46.6844657" lon="7.7680864">
        <ele>717.7</ele>
        <time>2026-09-15T12:54:39Z</time>
        <extensions>
          <gpxdata:distance>9405.23</gpxdata:distance>
          <gpxdata:speed>0.899</gpxdata:speed>
        </extensions>
      </trkpt>
      <trkpt lat="46.6844477" lon="7.7680074">
        <ele>716.9</ele>
        <time>2026-09-15T12:54:46Z</time>
        <extensions>
          <gpxdata:distance>9411.58</gpxdata:distance>
          <gpxdata:speed>0.900</gpxdata:speed>
        </extensions>
      </trkpt>
      <trkpt lat="46.6844388" lon="7.7679034">
        <ele>716.0</ele>
        <time>2026-09-15T12:54:55Z</time>
        <extensions>
          <gpxdata:distance>9419.57</gpxdata:distance>
          <gpxdata:speed>0.904</gpxdata:speed>
        </extensions>
      </trkpt>
      <trkpt lat="46.6844308" lon="7.7677854">
        <ele>715.7</ele>
        <time>2026-09-15T12:55:05Z</time>
        <extensions>
          <gpxdata:distance>9428.62</gpxdata:distance>
          <gpxdata:speed>0.897</gpxdata:speed>
        </extensions>
      </trkpt>
      <trkpt lat="46.6844218" lon="7.7676024">
        <ele>713.7</ele>
        <time>2026-09-15T12:55:20Z</time>
        <extensions>
          <gpxdata:distance>9442.61</gpxdata:distance>
          <gpxdata:speed>0.901</gpxdata:speed>
        </extensions>
      </trkpt>
      <trkpt lat="46.6844228" lon="7.7673934">
        <ele>712.3</ele>
        <time>2026-09-15T12:55:38Z</time>
        <extensions>
          <gpxdata:distance>9458.56</gpxdata:distance>
          <gpxdata:speed>0.902</gpxdata:speed>
        </extensions>
      </trkpt>
      <trkpt lat="46.6844228" lon="7.7671714">
        <ele>711.6</ele>
        <time>2026-09-15T12:55:57Z</time>
        <extensions>
          <gpxdata:distance>9475.49</gpxdata:distance>
          <gpxdata:speed>0.895</gpxdata:speed>
        </extensions>
      </trkpt>
      <trkpt lat="46.6844428" lon="7.7667924">
        <ele>707.9</ele>
        <time>2026-09-15T12:56:29Z</time>
        <extensions>
          <gpxdata:distance>9504.49</gpxdata:distance>
          <gpxdata:speed>0.897</gpxdata:speed>
        </extensions>
      </trkpt>
      <trkpt lat="46.6844428" lon="7.7666614">
        <ele>707.0</ele>
        <time>2026-09-15T12:56:40Z</time>
        <extensions>
          <gpxdata:distance>9514.48</gpxdata:distance>
          <gpxdata:speed>0.899</gpxdata:speed>
        </extensions>
      </trkpt>
      <trkpt lat="46.6844248" lon="7.7665824">
        <ele>706.6</ele>
        <time>2026-09-15T12:56:47Z</time>
        <extensions>
          <gpxdata:distance>9520.83</gpxdata:distance>
          <gpxdata:speed>0.899</gpxdata:speed>
        </extensions>
      </trkpt>
      <trkpt lat="46.6843978" lon="7.7665434">
        <ele>706.4</ele>
        <time>2026-09-15T12:56:52Z</time>
        <extensions>
          <gpxdata:distance>9525.06</gpxdata:distance>
          <gpxdata:speed>0.902</gpxdata:speed>
        </extensions>
      </trkpt>
      <trkpt lat="46.6843798" lon="7.7665044">
        <ele>706.3</ele>
        <time>2026-09-15T12:56:56Z</time>
        <extensions>
          <gpxdata:distance>9528.64</gpxdata:distance>
          <gpxdata:speed>0.906</gpxdata:speed>
        </extensions>
      </trkpt>
      <trkpt lat="46.6843798" lon="7.7665044">
        <ele>706.3</ele>
        <time>2026-09-15T12:56:56Z</time>
        <extensions>
          <gpxdata:distance>9528.64</gpxdata:distance>
          <gpxdata:speed>0.000</gpxdata:speed>
        </extensions>
      </trkpt>
      <trkpt lat="46.6843438" lon="7.7665044">
        <ele>706.0</ele>
        <time>2026-09-15T12:57:00Z</time>
        <extensions>
          <gpxdata:distance>9532.64</gpxdata:distance>
          <gpxdata:speed>0.910</gpxdata:speed>
        </extensions>
      </trkpt>
      <trkpt lat="46.6843258" lon="7.7664904">
        <ele>705.9</ele>
        <time>2026-09-15T12:57:03Z</time>
        <extensions>
          <gpxdata:distance>9534.91</gpxdata:distance>
          <gpxdata:speed>0.912</gpxdata:speed>
        </extensions>
      </trkpt>
      <trkpt lat="46.6843088" lon="7.7664384">
        <ele>705.8</ele>
        <time>2026-09-15T12:57:08Z</time>
        <extensions>
          <gpxdata:distance>9539.31</gpxdata:distance>
          <gpxdata:speed>0.904</gpxdata:speed>
        </extensions>
      </trkpt>
      <trkpt lat="46.6842468" lon="7.7660724">
        <ele>703.5</ele>
        <time>2026-09-15T12:57:39Z</time>
        <extensions>
          <gpxdata:distance>9568.06</gpxdata:distance>
          <gpxdata:speed>0.927</gpxdata:speed>
        </extensions>
      </trkpt>
      <trkpt lat="46.6842108" lon="7.7659414">
        <ele>703.4</ele>
        <time>2026-09-15T12:57:50Z</time>
        <extensions>
          <gpxdata:distance>9578.83</gpxdata:distance>
          <gpxdata:speed>0.942</gpxdata:speed>
        </extensions>
      </trkpt>
      <trkpt lat="46.6842018" lon="7.7658624">
        <ele>703.5</ele>
        <time>2026-09-15T12:57:57Z</time>
        <extensions>
          <gpxdata:distance>9584.94</gpxdata:distance>
          <gpxdata:speed>0.950</gpxdata:speed>
        </extensions>
      </trkpt>
      <trkpt lat="46.6841838" lon="7.7658104">
        <ele>702.9</ele>
        <time>2026-09-15T12:58:01Z</time>
        <extensions>
          <gpxdata:distance>9589.38</gpxdata:distance>
          <gpxdata:speed>0.943</gpxdata:speed>
        </extensions>
      </trkpt>
      <trkpt lat="46.6841578" lon="7.7657574">
        <ele>702.2</ele>
        <time>2026-09-15T12:58:07Z</time>
        <extensions>
          <gpxdata:distance>9594.35</gpxdata:distance>
          <gpxdata:speed>0.935</gpxdata:speed>
        </extensions>
      </trkpt>
      <trkpt lat="46.6840138" lon="7.7656134">
        <ele>697.8</ele>
        <time>2026-09-15T12:58:28Z</time>
        <extensions>
          <gpxdata:distance>9613.77</gpxdata:distance>
          <gpxdata:speed>0.895</gpxdata:speed>
        </extensions>
      </trkpt>
      <trkpt lat="46.6840138" lon="7.7656134">
        <ele>697.8</ele>
        <time>2026-09-15T12:58:28Z</time>
        <extensions>
          <gpxdata:distance>9613.77</gpxdata:distance>
          <gpxdata:speed>0.000</gpxdata:speed>
        </extensions>
      </trkpt>
      <trkpt lat="46.6839688" lon="7.7655344">
        <ele>697.1</ele>
        <time>2026-09-15T12:58:37Z</time>
        <extensions>
          <gpxdata:distance>9621.60</gpxdata:distance>
          <gpxdata:speed>0.896</gpxdata:speed>
        </extensions>
      </trkpt>
      <trkpt lat="46.6839688" lon="7.7654824">
        <ele>697.4</ele>
        <time>2026-09-15T12:58:41Z</time>
        <extensions>
          <gpxdata:distance>9625.57</gpxdata:distance>
          <gpxdata:speed>0.897</gpxdata:speed>
        </extensions>
      </trkpt>
      <trkpt lat="46.6839788" lon="7.7653514">
        <ele>696.8</ele>
        <time>2026-09-15T12:58:53Z</time>
        <extensions>
          <gpxdata:distance>9635.62</gpxdata:distance>
          <gpxdata:speed>0.895</gpxdata:speed>
        </extensions>
      </trkpt>
      <trkpt lat="46.6840058" lon="7.7651944">
        <ele>698.2</ele>
        <time>2026-09-15T12:59:06Z</time>
        <extensions>
          <gpxdata:distance>9647.97</gpxdata:distance>
          <gpxdata:speed>0.921</gpxdata:speed>
        </extensions>
      </trkpt>
      <trkpt lat="46.6840158" lon="7.7650644">
        <ele>699.8</ele>
        <time>2026-09-15T12:59:17Z</time>
        <extensions>
          <gpxdata:distance>9657.95</gpxdata:distance>
          <gpxdata:speed>0.947</gpxdata:speed>
        </extensions>
      </trkpt>
      <trkpt lat="46.6840338" lon="7.7649464">
        <ele>700.9</ele>
        <time>2026-09-15T12:59:26Z</time>
        <extensions>
          <gpxdata:distance>9667.17</gpxdata:distance>
          <gpxdata:speed>0.979</gpxdata:speed>
        </extensions>
      </trkpt>
      <trkpt lat="46.6840428" lon="7.7648814">
        <ele>701.2</ele>
        <time>2026-09-15T12:59:31Z</time>
        <extensions>
          <gpxdata:distance>9672.23</gpxdata:distance>
          <gpxdata:speed>0.996</gpxdata:speed>
        </extensions>
      </trkpt>
      <trkpt lat="46.6840608" lon="7.7648294">
        <ele>701.4</ele>
        <time>2026-09-15T12:59:36Z</time>
        <extensions>
          <gpxdata:distance>9676.67</gpxdata:distance>
          <gpxdata:speed>0.866</gpxdata:speed>
        </extensions>
      </trkpt>
      <trkpt lat="46.6840878" lon="7.7647774">
        <ele>701.4</ele>
        <time>2026-09-15T12:59:42Z</time>
        <extensions>
          <gpxdata:distance>9681.65</gpxdata:distance>
          <gpxdata:speed>0.877</gpxdata:speed>
        </extensions>
      </trkpt>
      <trkpt lat="46.6840978" lon="7.7646984">
        <ele>701.8</ele>
        <time>2026-09-15T12:59:49Z</time>
        <extensions>
          <gpxdata:distance>9687.77</gpxdata:distance>
          <gpxdata:speed>0.830</gpxdata:speed>
        </extensions>
      </trkpt>
      <trkpt lat="46.6840978" lon="7.7646204">
        <ele>702.1</ele>
        <time>2026-09-15T12:59:56Z</time>
        <extensions>
          <gpxdata:distance>9693.72</gpxdata:distance>
          <gpxdata:speed>0.836</gpxdata:speed>
        </extensions>
      </trkpt>
      <trkpt lat="46.6840888" lon="7.7645414">
        <ele>702.1</ele>
        <time>2026-09-15T13:00:04Z</time>
        <extensions>
          <gpxdata:distance>9699.83</gpxdata:distance>
          <gpxdata:speed>0.800</gpxdata:speed>
        </extensions>
      </trkpt>
      <trkpt lat="46.6841168" lon="7.7643324">
        <ele>702.3</ele>
        <time>2026-09-15T13:00:23Z</time>
        <extensions>
          <gpxdata:distance>9716.08</gpxdata:distance>
          <gpxdata:speed>0.859</gpxdata:speed>
        </extensions>
      </trkpt>
      <trkpt lat="46.6841358" lon="7.7639794">
        <ele>702.9</ele>
        <time>2026-09-15T13:00:52Z</time>
        <extensions>
          <gpxdata:distance>9743.09</gpxdata:distance>
          <gpxdata:speed>0.920</gpxdata:speed>
        </extensions>
      </trkpt>
      <trkpt lat="46.6841358" lon="7.7638234">
        <ele>703.1</ele>
        <time>2026-09-15T13:01:05Z</time>
        <extensions>
          <gpxdata:distance>9754.99</gpxdata:distance>
          <gpxdata:speed>0.949</gpxdata:speed>
        </extensions>
      </trkpt>
      <trkpt lat="46.6841458" lon="7.7636534">
        <ele>703.5</ele>
        <time>2026-09-15T13:01:19Z</time>
        <extensions>
          <gpxdata:distance>9768.00</gpxdata:distance>
          <gpxdata:speed>0.951</gpxdata:speed>
        </extensions>
      </trkpt>
      <trkpt lat="46.6841458" lon="7.7634704">
        <ele>703.4</ele>
        <time>2026-09-15T13:01:33Z</time>
        <extensions>
          <gpxdata:distance>9781.96</gpxdata:distance>
          <gpxdata:speed>0.964</gpxdata:speed>
        </extensions>
      </trkpt>
      <trkpt lat="46.6841638" lon="7.7633654">
        <ele>703.4</ele>
        <time>2026-09-15T13:01:42Z</time>
        <extensions>
          <gpxdata:distance>9790.22</gpxdata:distance>
          <gpxdata:speed>0.966</gpxdata:speed>
        </extensions>
      </trkpt>
      <trkpt lat="46.6841828" lon="7.7632744">
        <ele>703.7</ele>
        <time>2026-09-15T13:01:49Z</time>
        <extensions>
          <gpxdata:distance>9797.47</gpxdata:distance>
          <gpxdata:speed>0.968</gpxdata:speed>
        </extensions>
      </trkpt>
      <trkpt lat="46.6842458" lon="7.7631314">
        <ele>704.8</ele>
        <time>2026-09-15T13:02:03Z</time>
        <extensions>
          <gpxdata:distance>9810.44</gpxdata:distance>
          <gpxdata:speed>0.954</gpxdata:speed>
        </extensions>
      </trkpt>
      <trkpt lat="46.6842728" lon="7.7630394">
        <ele>702.0</ele>
        <time>2026-09-15T13:02:10Z</time>
        <extensions>
          <gpxdata:distance>9818.07</gpxdata:distance>
          <gpxdata:speed>1.011</gpxdata:speed>
        </extensions>
      </trkpt>
      <trkpt lat="46.6842728" lon="7.7630394">
        <ele>702.0</ele>
        <time>2026-09-15T13:02:10Z</time>
        <extensions>
          <gpxdata:distance>9818.07</gpxdata:distance>
          <gpxdata:speed>0.000</gpxdata:speed>
        </extensions>
      </trkpt>
      <trkpt lat="46.6842018" lon="7.7628174">
        <ele>702.0</ele>
        <time>2026-09-15T13:02:29Z</time>
        <extensions>
          <gpxdata:distance>9836.76</gpxdata:distance>
          <gpxdata:speed>1.000</gpxdata:speed>
        </extensions>
      </trkpt>
      <trkpt lat="46.6842018" lon="7.7628174">
        <ele>702.0</ele>
        <time>2026-09-15T13:02:29Z</time>
        <extensions>
          <gpxdata:distance>9836.76</gpxdata:distance>
          <gpxdata:speed>0.000</gpxdata:speed>
        </extensions>
      </trkpt>
      <trkpt lat="46.6839948" lon="7.7628284">
        <ele>700.6</ele>
        <time>2026-09-15T13:02:53Z</time>
        <extensions>
          <gpxdata:distance>9859.79</gpxdata:distance>
          <gpxdata:speed>0.972</gpxdata:speed>
        </extensions>
      </trkpt>
      <trkpt lat="46.6839228" lon="7.7626974">
        <ele>705.8</ele>
        <time>2026-09-15T13:03:06Z</time>
        <extensions>
          <gpxdata:distance>9872.59</gpxdata:distance>
          <gpxdata:speed>0.945</gpxdata:speed>
        </extensions>
      </trkpt>
      <trkpt lat="46.6839328" lon="7.7625934">
        <ele>708.7</ele>
        <time>2026-09-15T13:03:15Z</time>
        <extensions>
          <gpxdata:distance>9880.60</gpxdata:distance>
          <gpxdata:speed>0.863</gpxdata:speed>
        </extensions>
      </trkpt>
      <trkpt lat="46.6839598" lon="7.7624364">
        <ele>710.5</ele>
        <time>2026-09-15T13:03:30Z</time>
        <extensions>
          <gpxdata:distance>9892.95</gpxdata:distance>
          <gpxdata:speed>0.830</gpxdata:speed>
        </extensions>
      </trkpt>
      <trkpt lat="46.6839778" lon="7.7623324">
        <ele>712.2</ele>
        <time>2026-09-15T13:03:41Z</time>
        <extensions>
          <gpxdata:distance>9901.13</gpxdata:distance>
          <gpxdata:speed>0.802</gpxdata:speed>
        </extensions>
      </trkpt>
      <trkpt lat="46.6839698" lon="7.7622274">
        <ele>712.8</ele>
        <time>2026-09-15T13:03:52Z</time>
        <extensions>
          <gpxdata:distance>9909.19</gpxdata:distance>
          <gpxdata:speed>0.708</gpxdata:speed>
        </extensions>
      </trkpt>
      <trkpt lat="46.6839518" lon="7.7620834">
        <ele>714.3</ele>
        <time>2026-09-15T13:04:08Z</time>
        <extensions>
          <gpxdata:distance>9920.36</gpxdata:distance>
          <gpxdata:speed>0.704</gpxdata:speed>
        </extensions>
      </trkpt>
      <trkpt lat="46.6838988" lon="7.7618744">
        <ele>716.8</ele>
        <time>2026-09-15T13:04:34Z</time>
        <extensions>
          <gpxdata:distance>9937.35</gpxdata:distance>
          <gpxdata:speed>0.637</gpxdata:speed>
        </extensions>
      </trkpt>
      <trkpt lat="46.6838008" lon="7.7616254">
        <ele>719.2</ele>
        <time>2026-09-15T13:05:08Z</time>
        <extensions>
          <gpxdata:distance>9959.25</gpxdata:distance>
          <gpxdata:speed>0.654</gpxdata:speed>
        </extensions>
      </trkpt>
      <trkpt lat="46.6837468" lon="7.7615204">
        <ele>720.1</ele>
        <time>2026-09-15T13:05:24Z</time>
        <extensions>
          <gpxdata:distance>9969.26</gpxdata:distance>
          <gpxdata:speed>0.641</gpxdata:speed>
        </extensions>
      </trkpt>
      <trkpt lat="46.6836928" lon="7.7614024">
        <ele>722.4</ele>
        <time>2026-09-15T13:05:41Z</time>
        <extensions>
          <gpxdata:distance>9980.08</gpxdata:distance>
          <gpxdata:speed>0.632</gpxdata:speed>
        </extensions>
      </trkpt>
      <trkpt lat="46.6835858" lon="7.7612574">
        <ele>724.0</ele>
        <time>2026-09-15T13:06:05Z</time>
        <extensions>
          <gpxdata:distance>9996.33</gpxdata:distance>
          <gpxdata:speed>0.674</gpxdata:speed>
        </extensions>
      </trkpt>
      <trkpt lat="46.6834868" lon="7.7611914">
        <ele>725.7</ele>
        <time>2026-09-15T13:06:23Z</time>
        <extensions>
          <gpxdata:distance>10008.43</gpxdata:distance>
          <gpxdata:speed>0.676</gpxdata:speed>
        </extensions>
      </trkpt>
      <trkpt lat="46.6833428" lon="7.7610994">
        <ele>724.7</ele>
        <time>2026-09-15T13:06:46Z</time>
        <extensions>
          <gpxdata:distance>10025.92</gpxdata:distance>
          <gpxdata:speed>0.753</gpxdata:speed>
        </extensions>
      </trkpt>
      <trkpt lat="46.6833428" lon="7.7610994">
        <ele>724.7</ele>
        <time>2026-09-15T13:06:46Z</time>
        <extensions>
          <gpxdata:distance>10025.92</gpxdata:distance>
          <gpxdata:speed>0.000</gpxdata:speed>
        </extensions>
      </trkpt>
      <trkpt lat="46.6832447" lon="7.7610204">
        <ele>723.1</ele>
        <time>2026-09-15T13:07:01Z</time>
        <extensions>
          <gpxdata:distance>10038.38</gpxdata:distance>
          <gpxdata:speed>0.821</gpxdata:speed>
        </extensions>
      </trkpt>
      <trkpt lat="46.6831367" lon="7.7609154">
        <ele>723.0</ele>
        <time>2026-09-15T13:07:18Z</time>
        <extensions>
          <gpxdata:distance>10052.81</gpxdata:distance>
          <gpxdata:speed>0.876</gpxdata:speed>
        </extensions>
      </trkpt>
      <trkpt lat="46.6830287" lon="7.7608624">
        <ele>721.1</ele>
        <time>2026-09-15T13:07:31Z</time>
        <extensions>
          <gpxdata:distance>10065.48</gpxdata:distance>
          <gpxdata:speed>0.967</gpxdata:speed>
        </extensions>
      </trkpt>
      <trkpt lat="46.6828487" lon="7.7608484">
        <ele>718.8</ele>
        <time>2026-09-15T13:07:51Z</time>
        <extensions>
          <gpxdata:distance>10085.53</gpxdata:distance>
          <gpxdata:speed>0.998</gpxdata:speed>
        </extensions>
      </trkpt>
      <trkpt lat="46.6827317" lon="7.7608604">
        <ele>718.6</ele>
        <time>2026-09-15T13:08:04Z</time>
        <extensions>
          <gpxdata:distance>10098.57</gpxdata:distance>
          <gpxdata:speed>0.971</gpxdata:speed>
        </extensions>
      </trkpt>
      <trkpt lat="46.6826597" lon="7.7608474">
        <ele>719.2</ele>
        <time>2026-09-15T13:08:13Z</time>
        <extensions>
          <gpxdata:distance>10106.64</gpxdata:distance>
          <gpxdata:speed>0.956</gpxdata:speed>
        </extensions>
      </trkpt>
      <trkpt lat="46.6826057" lon="7.7608074">
        <ele>719.3</ele>
        <time>2026-09-15T13:08:20Z</time>
        <extensions>
          <gpxdata:distance>10113.37</gpxdata:distance>
          <gpxdata:speed>0.936</gpxdata:speed>
        </extensions>
      </trkpt>
      <trkpt lat="46.6825527" lon="7.7607684">
        <ele>720.2</ele>
        <time>2026-09-15T13:08:27Z</time>
        <extensions>
          <gpxdata:distance>10119.97</gpxdata:distance>
          <gpxdata:speed>0.951</gpxdata:speed>
        </extensions>
      </trkpt>
      <trkpt lat="46.6825167" lon="7.7606894">
        <ele>721.5</ele>
        <time>2026-09-15T13:08:34Z</time>
        <extensions>
          <gpxdata:distance>10127.21</gpxdata:distance>
          <gpxdata:speed>0.972</gpxdata:speed>
        </extensions>
      </trkpt>
      <trkpt lat="46.6824897" lon="7.7605324">
        <ele>721.2</ele>
        <time>2026-09-15T13:08:47Z</time>
        <extensions>
          <gpxdata:distance>10139.56</gpxdata:distance>
          <gpxdata:speed>0.988</gpxdata:speed>
        </extensions>
      </trkpt>
      <trkpt lat="46.6824907" lon="7.7602574">
        <ele>723.5</ele>
        <time>2026-09-15T13:09:08Z</time>
        <extensions>
          <gpxdata:distance>10160.53</gpxdata:distance>
          <gpxdata:speed>1.001</gpxdata:speed>
        </extensions>
      </trkpt>
      <trkpt lat="46.6824907" lon="7.7601794">
        <ele>724.3</ele>
        <time>2026-09-15T13:09:14Z</time>
        <extensions>
          <gpxdata:distance>10166.48</gpxdata:distance>
          <gpxdata:speed>0.932</gpxdata:speed>
        </extensions>
      </trkpt>
      <trkpt lat="46.6824377" lon="7.7599703">
        <ele>722.3</ele>
        <time>2026-09-15T13:09:32Z</time>
        <extensions>
          <gpxdata:distance>10183.49</gpxdata:distance>
          <gpxdata:speed>0.922</gpxdata:speed>
        </extensions>
      </trkpt>
      <trkpt lat="46.6824197" lon="7.7597603">
        <ele>721.3</ele>
        <time>2026-09-15T13:09:50Z</time>
        <extensions>
          <gpxdata:distance>10199.63</gpxdata:distance>
          <gpxdata:speed>0.945</gpxdata:speed>
        </extensions>
      </trkpt>
      <trkpt lat="46.6824117" lon="7.7596823">
        <ele>721.2</ele>
        <time>2026-09-15T13:09:56Z</time>
        <extensions>
          <gpxdata:distance>10205.65</gpxdata:distance>
          <gpxdata:speed>0.961</gpxdata:speed>
        </extensions>
      </trkpt>
      <trkpt lat="46.6823847" lon="7.7595903">
        <ele>720.5</ele>
        <time>2026-09-15T13:10:04Z</time>
        <extensions>
          <gpxdata:distance>10213.28</gpxdata:distance>
          <gpxdata:speed>0.982</gpxdata:speed>
        </extensions>
      </trkpt>
      <trkpt lat="46.6823577" lon="7.7594863">
        <ele>719.3</ele>
        <time>2026-09-15T13:10:12Z</time>
        <extensions>
          <gpxdata:distance>10221.77</gpxdata:distance>
          <gpxdata:speed>1.001</gpxdata:speed>
        </extensions>
      </trkpt>
      <trkpt lat="46.6823227" lon="7.7592893">
        <ele>716.6</ele>
        <time>2026-09-15T13:10:28Z</time>
        <extensions>
          <gpxdata:distance>10237.29</gpxdata:distance>
          <gpxdata:speed>0.955</gpxdata:speed>
        </extensions>
      </trkpt>
      <trkpt lat="46.6822957" lon="7.7590803">
        <ele>714.7</ele>
        <time>2026-09-15T13:10:46Z</time>
        <extensions>
          <gpxdata:distance>10253.51</gpxdata:distance>
          <gpxdata:speed>0.941</gpxdata:speed>
        </extensions>
      </trkpt>
      <trkpt lat="46.6822877" lon="7.7588323">
        <ele>710.8</ele>
        <time>2026-09-15T13:11:06Z</time>
        <extensions>
          <gpxdata:distance>10272.45</gpxdata:distance>
          <gpxdata:speed>0.907</gpxdata:speed>
        </extensions>
      </trkpt>
      <trkpt lat="46.6822887" lon="7.7586493">
        <ele>710.4</ele>
        <time>2026-09-15T13:11:22Z</time>
        <extensions>
          <gpxdata:distance>10286.41</gpxdata:distance>
          <gpxdata:speed>0.909</gpxdata:speed>
        </extensions>
      </trkpt>
      <trkpt lat="46.6822797" lon="7.7584793">
        <ele>707.7</ele>
        <time>2026-09-15T13:11:36Z</time>
        <extensions>
          <gpxdata:distance>10299.42</gpxdata:distance>
          <gpxdata:speed>0.918</gpxdata:speed>
        </extensions>
      </trkpt>
      <trkpt lat="46.6822897" lon="7.7583353">
        <ele>707.2</ele>
        <time>2026-09-15T13:11:48Z</time>
        <extensions>
          <gpxdata:distance>10310.46</gpxdata:distance>
          <gpxdata:speed>0.919</gpxdata:speed>
        </extensions>
      </trkpt>
      <trkpt lat="46.6823347" lon="7.7581783">
        <ele>708.6</ele>
        <time>2026-09-15T13:12:02Z</time>
        <extensions>
          <gpxdata:distance>10323.44</gpxdata:distance>
          <gpxdata:speed>0.901</gpxdata:speed>
        </extensions>
      </trkpt>
      <trkpt lat="46.6823707" lon="7.7579963">
        <ele>708.5</ele>
        <time>2026-09-15T13:12:18Z</time>
        <extensions>
          <gpxdata:distance>10337.89</gpxdata:distance>
          <gpxdata:speed>0.898</gpxdata:speed>
        </extensions>
      </trkpt>
      <trkpt lat="46.6823717" lon="7.7578393">
        <ele>707.7</ele>
        <time>2026-09-15T13:12:32Z</time>
        <extensions>
          <gpxdata:distance>10349.87</gpxdata:distance>
          <gpxdata:speed>0.905</gpxdata:speed>
        </extensions>
      </trkpt>
      <trkpt lat="46.6823987" lon="7.7577213">
        <ele>706.8</ele>
        <time>2026-09-15T13:12:42Z</time>
        <extensions>
          <gpxdata:distance>10359.36</gpxdata:distance>
          <gpxdata:speed>0.916</gpxdata:speed>
        </extensions>
      </trkpt>
      <trkpt lat="46.6824357" lon="7.7575653">
        <ele>704.5</ele>
        <time>2026-09-15T13:12:56Z</time>
        <extensions>
          <gpxdata:distance>10371.95</gpxdata:distance>
          <gpxdata:speed>0.909</gpxdata:speed>
        </extensions>
      </trkpt>
      <trkpt lat="46.6824807" lon="7.7574603">
        <ele>703.4</ele>
        <time>2026-09-15T13:13:06Z</time>
        <extensions>
          <gpxdata:distance>10381.39</gpxdata:distance>
          <gpxdata:speed>0.929</gpxdata:speed>
        </extensions>
      </trkpt>
      <trkpt lat="46.6825078" lon="7.7573953">
        <ele>701.7</ele>
        <time>2026-09-15T13:13:12Z</time>
        <extensions>
          <gpxdata:distance>10387.20</gpxdata:distance>
          <gpxdata:speed>0.909</gpxdata:speed>
        </extensions>
      </trkpt>
      <trkpt lat="46.6825348" lon="7.7572783">
        <ele>699.4</ele>
        <time>2026-09-15T13:13:23Z</time>
        <extensions>
          <gpxdata:distance>10396.61</gpxdata:distance>
          <gpxdata:speed>0.910</gpxdata:speed>
        </extensions>
      </trkpt>
      <trkpt lat="46.6825348" lon="7.7572653">
        <ele>698.5</ele>
        <time>2026-09-15T13:13:24Z</time>
        <extensions>
          <gpxdata:distance>10397.60</gpxdata:distance>
          <gpxdata:speed>0.895</gpxdata:speed>
        </extensions>
      </trkpt>
      <trkpt lat="46.6825348" lon="7.7572653">
        <ele>698.5</ele>
        <time>2026-09-15T13:13:24Z</time>
        <extensions>
          <gpxdata:distance>10397.60</gpxdata:distance>
          <gpxdata:speed>0.000</gpxdata:speed>
        </extensions>
      </trkpt>
      <trkpt lat="46.6825358" lon="7.7571993">
        <ele>695.9</ele>
        <time>2026-09-15T13:13:30Z</time>
        <extensions>
          <gpxdata:distance>10402.64</gpxdata:distance>
          <gpxdata:speed>0.879</gpxdata:speed>
        </extensions>
      </trkpt>
      <trkpt lat="46.6825268" lon="7.7570953">
        <ele>690.0</ele>
        <time>2026-09-15T13:13:39Z</time>
        <extensions>
          <gpxdata:distance>10410.64</gpxdata:distance>
          <gpxdata:speed>0.872</gpxdata:speed>
        </extensions>
      </trkpt>
      <trkpt lat="46.6825088" lon="7.7569513">
        <ele>687.6</ele>
        <time>2026-09-15T13:13:52Z</time>
        <extensions>
          <gpxdata:distance>10421.80</gpxdata:distance>
          <gpxdata:speed>0.872</gpxdata:speed>
        </extensions>
      </trkpt>
      <trkpt lat="46.6825088" lon="7.7568853">
        <ele>686.3</ele>
        <time>2026-09-15T13:13:57Z</time>
        <extensions>
          <gpxdata:distance>10426.84</gpxdata:distance>
          <gpxdata:speed>0.872</gpxdata:speed>
        </extensions>
      </trkpt>
      <trkpt lat="46.6825278" lon="7.7568203">
        <ele>685.7</ele>
        <time>2026-09-15T13:14:04Z</time>
        <extensions>
          <gpxdata:distance>10432.23</gpxdata:distance>
          <gpxdata:speed>0.872</gpxdata:speed>
        </extensions>
      </trkpt>
      <trkpt lat="46.6825728" lon="7.7566903">
        <ele>684.6</ele>
        <time>2026-09-15T13:14:16Z</time>
        <extensions>
          <gpxdata:distance>10443.33</gpxdata:distance>
          <gpxdata:speed>0.872</gpxdata:speed>
        </extensions>
      </trkpt>
      <trkpt lat="46.6825818" lon="7.7566373">
        <ele>683.7</ele>
        <time>2026-09-15T13:14:21Z</time>
        <extensions>
          <gpxdata:distance>10447.50</gpxdata:distance>
          <gpxdata:speed>0.872</gpxdata:speed>
        </extensions>
      </trkpt>
      <trkpt lat="46.6826098" lon="7.7563893">
        <ele>679.9</ele>
        <time>2026-09-15T13:14:43Z</time>
        <extensions>
          <gpxdata:distance>10466.67</gpxdata:distance>
          <gpxdata:speed>0.872</gpxdata:speed>
        </extensions>
      </trkpt>
      <trkpt lat="46.6826188" lon="7.7562453">
        <ele>677.6</ele>
        <time>2026-09-15T13:14:56Z</time>
        <extensions>
          <gpxdata:distance>10477.70</gpxdata:distance>
          <gpxdata:speed>0.872</gpxdata:speed>
        </extensions>
      </trkpt>
      <trkpt lat="46.6826198" lon="7.7560763">
        <ele>676.5</ele>
        <time>2026-09-15T13:15:11Z</time>
        <extensions>
          <gpxdata:distance>10490.60</gpxdata:distance>
          <gpxdata:speed>0.872</gpxdata:speed>
        </extensions>
      </trkpt>
      <trkpt lat="46.6826288" lon="7.7559973">
        <ele>675.8</ele>
        <time>2026-09-15T13:15:17Z</time>
        <extensions>
          <gpxdata:distance>10496.70</gpxdata:distance>
          <gpxdata:speed>0.920</gpxdata:speed>
        </extensions>
      </trkpt>
      <trkpt lat="46.6826928" lon="7.7555793">
        <ele>672.0</ele>
        <time>2026-09-15T13:15:52Z</time>
        <extensions>
          <gpxdata:distance>10529.38</gpxdata:distance>
          <gpxdata:speed>0.936</gpxdata:speed>
        </extensions>
      </trkpt>
      <trkpt lat="46.6827018" lon="7.7555273">
        <ele>671.3</ele>
        <time>2026-09-15T13:15:57Z</time>
        <extensions>
          <gpxdata:distance>10533.47</gpxdata:distance>
          <gpxdata:speed>0.932</gpxdata:speed>
        </extensions>
      </trkpt>
      <trkpt lat="46.6827748" lon="7.7553053">
        <ele>669.8</ele>
        <time>2026-09-15T13:16:17Z</time>
        <extensions>
          <gpxdata:distance>10552.25</gpxdata:distance>
          <gpxdata:speed>0.924</gpxdata:speed>
        </extensions>
      </trkpt>
      <trkpt lat="46.6828108" lon="7.7551883">
        <ele>669.4</ele>
        <time>2026-09-15T13:16:27Z</time>
        <extensions>
          <gpxdata:distance>10562.03</gpxdata:distance>
          <gpxdata:speed>0.920</gpxdata:speed>
        </extensions>
      </trkpt>
      <trkpt lat="46.6828288" lon="7.7551233">
        <ele>668.8</ele>
        <time>2026-09-15T13:16:33Z</time>
        <extensions>
          <gpxdata:distance>10567.38</gpxdata:distance>
          <gpxdata:speed>0.917</gpxdata:speed>
        </extensions>
      </trkpt>
      <trkpt lat="46.6828378" lon="7.7550573">
        <ele>668.0</ele>
        <time>2026-09-15T13:16:39Z</time>
        <extensions>
          <gpxdata:distance>10572.51</gpxdata:distance>
          <gpxdata:speed>0.906</gpxdata:speed>
        </extensions>
      </trkpt>
      <trkpt lat="46.6828658" lon="7.7548743">
        <ele>665.8</ele>
        <time>2026-09-15T13:16:55Z</time>
        <extensions>
          <gpxdata:distance>10586.81</gpxdata:distance>
          <gpxdata:speed>0.902</gpxdata:speed>
        </extensions>
      </trkpt>
      <trkpt lat="46.6829018" lon="7.7547183">
        <ele>664.6</ele>
        <time>2026-09-15T13:17:09Z</time>
        <extensions>
          <gpxdata:distance>10599.37</gpxdata:distance>
          <gpxdata:speed>0.903</gpxdata:speed>
        </extensions>
      </trkpt>
      <trkpt lat="46.6829208" lon="7.7546133">
        <ele>663.4</ele>
        <time>2026-09-15T13:17:18Z</time>
        <extensions>
          <gpxdata:distance>10607.65</gpxdata:distance>
          <gpxdata:speed>0.905</gpxdata:speed>
        </extensions>
      </trkpt>
      <trkpt lat="46.6829658" lon="7.7545223">
        <ele>661.8</ele>
        <time>2026-09-15T13:17:27Z</time>
        <extensions>
          <gpxdata:distance>10616.21</gpxdata:distance>
          <gpxdata:speed>0.910</gpxdata:speed>
        </extensions>
      </trkpt>
      <trkpt lat="46.6830378" lon="7.7543793">
        <ele>660.8</ele>
        <time>2026-09-15T13:17:42Z</time>
        <extensions>
          <gpxdata:distance>10629.74</gpxdata:distance>
          <gpxdata:speed>0.903</gpxdata:speed>
        </extensions>
      </trkpt>
      <trkpt lat="46.6830738" lon="7.7543013">
        <ele>662.7</ele>
        <time>2026-09-15T13:17:50Z</time>
        <extensions>
          <gpxdata:distance>10636.91</gpxdata:distance>
          <gpxdata:speed>0.912</gpxdata:speed>
        </extensions>
      </trkpt>
      <trkpt lat="46.6830838" lon="7.7542353">
        <ele>665.1</ele>
        <time>2026-09-15T13:17:56Z</time>
        <extensions>
          <gpxdata:distance>10642.07</gpxdata:distance>
          <gpxdata:speed>0.944</gpxdata:speed>
        </extensions>
      </trkpt>
      <trkpt lat="46.6831108" lon="7.7541053">
        <ele>662.0</ele>
        <time>2026-09-15T13:18:07Z</time>
        <extensions>
          <gpxdata:distance>10652.43</gpxdata:distance>
          <gpxdata:speed>0.916</gpxdata:speed>
        </extensions>
      </trkpt>
      <trkpt lat="46.6831838" lon="7.7537913">
        <ele>659.3</ele>
        <time>2026-09-15T13:18:35Z</time>
        <extensions>
          <gpxdata:distance>10677.72</gpxdata:distance>
          <gpxdata:speed>0.913</gpxdata:speed>
        </extensions>
      </trkpt>
      <trkpt lat="46.6832738" lon="7.7535043">
        <ele>654.4</ele>
        <time>2026-09-15T13:19:02Z</time>
        <extensions>
          <gpxdata:distance>10701.79</gpxdata:distance>
          <gpxdata:speed>0.895</gpxdata:speed>
        </extensions>
      </trkpt>
      <trkpt lat="46.6833288" lon="7.7532833">
        <ele>652.5</ele>
        <time>2026-09-15T13:19:22Z</time>
        <extensions>
          <gpxdata:distance>10719.72</gpxdata:distance>
          <gpxdata:speed>0.895</gpxdata:speed>
        </extensions>
      </trkpt>
      <trkpt lat="46.6835198" lon="7.7526563">
        <ele>650.8</ele>
        <time>2026-09-15T13:20:18Z</time>
        <extensions>
          <gpxdata:distance>10772.06</gpxdata:distance>
          <gpxdata:speed>0.919</gpxdata:speed>
        </extensions>
      </trkpt>
      <trkpt lat="46.6836378" lon="7.7523043">
        <ele>647.9</ele>
        <time>2026-09-15T13:20:51Z</time>
        <extensions>
          <gpxdata:distance>10801.94</gpxdata:distance>
          <gpxdata:speed>0.921</gpxdata:speed>
        </extensions>
      </trkpt>
      <trkpt lat="46.6836828" lon="7.7522133">
        <ele>647.8</ele>
        <time>2026-09-15T13:21:00Z</time>
        <extensions>
          <gpxdata:distance>10810.50</gpxdata:distance>
          <gpxdata:speed>0.925</gpxdata:speed>
        </extensions>
      </trkpt>
      <trkpt lat="46.6837998" lon="7.7519913">
        <ele>646.3</ele>
        <time>2026-09-15T13:21:24Z</time>
        <extensions>
          <gpxdata:distance>10831.86</gpxdata:distance>
          <gpxdata:speed>0.911</gpxdata:speed>
        </extensions>
      </trkpt>
      <trkpt lat="46.6838638" lon="7.7519133">
        <ele>645.9</ele>
        <time>2026-09-15T13:21:34Z</time>
        <extensions>
          <gpxdata:distance>10841.13</gpxdata:distance>
          <gpxdata:speed>0.898</gpxdata:speed>
        </extensions>
      </trkpt>
      <trkpt lat="46.6839088" lon="7.7518743">
        <ele>645.8</ele>
        <time>2026-09-15T13:21:40Z</time>
        <extensions>
          <gpxdata:distance>10846.95</gpxdata:distance>
          <gpxdata:speed>0.912</gpxdata:speed>
        </extensions>
      </trkpt>
      <trkpt lat="46.6839718" lon="7.7518623">
        <ele>644.5</ele>
        <time>2026-09-15T13:21:48Z</time>
        <extensions>
          <gpxdata:distance>10854.02</gpxdata:distance>
          <gpxdata:speed>0.912</gpxdata:speed>
        </extensions>
      </trkpt>
      <trkpt lat="46.6840348" lon="7.7518623">
        <ele>644.3</ele>
        <time>2026-09-15T13:21:56Z</time>
        <extensions>
          <gpxdata:distance>10861.02</gpxdata:distance>
          <gpxdata:speed>0.934</gpxdata:speed>
        </extensions>
      </trkpt>
      <trkpt lat="46.6840348" lon="7.7518623">
        <ele>644.3</ele>
        <time>2026-09-15T13:21:56Z</time>
        <extensions>
          <gpxdata:distance>10861.02</gpxdata:distance>
          <gpxdata:speed>0.000</gpxdata:speed>
        </extensions>
      </trkpt>
      <trkpt lat="46.6840618" lon="7.7518753">
        <ele>644.0</ele>
        <time>2026-09-15T13:21:59Z</time>
        <extensions>
          <gpxdata:distance>10864.18</gpxdata:distance>
          <gpxdata:speed>0.923</gpxdata:speed>
        </extensions>
      </trkpt>
      <trkpt lat="46.6841688" lon="7.7519283">
        <ele>643.9</ele>
        <time>2026-09-15T13:22:12Z</time>
        <extensions>
          <gpxdata:distance>10876.75</gpxdata:distance>
          <gpxdata:speed>0.944</gpxdata:speed>
        </extensions>
      </trkpt>
      <trkpt lat="46.6843488" lon="7.7519813">
        <ele>643.1</ele>
        <time>2026-09-15T13:22:34Z</time>
        <extensions>
          <gpxdata:distance>10897.17</gpxdata:distance>
          <gpxdata:speed>0.944</gpxdata:speed>
        </extensions>
      </trkpt>
      <trkpt lat="46.6844028" lon="7.7519693">
        <ele>642.8</ele>
        <time>2026-09-15T13:22:40Z</time>
        <extensions>
          <gpxdata:distance>10903.24</gpxdata:distance>
          <gpxdata:speed>0.949</gpxdata:speed>
        </extensions>
      </trkpt>
      <trkpt lat="46.6844028" lon="7.7519693">
        <ele>642.8</ele>
        <time>2026-09-15T13:22:40Z</time>
        <extensions>
          <gpxdata:distance>10903.24</gpxdata:distance>
          <gpxdata:speed>0.000</gpxdata:speed>
        </extensions>
      </trkpt>
      <trkpt lat="46.6844388" lon="7.7519163">
        <ele>643.7</ele>
        <time>2026-09-15T13:22:46Z</time>
        <extensions>
          <gpxdata:distance>10908.93</gpxdata:distance>
          <gpxdata:speed>0.969</gpxdata:speed>
        </extensions>
      </trkpt>
      <trkpt lat="46.6845388" lon="7.7517603">
        <ele>644.1</ele>
        <time>2026-09-15T13:23:02Z</time>
        <extensions>
          <gpxdata:distance>10925.22</gpxdata:distance>
          <gpxdata:speed>1.005</gpxdata:speed>
        </extensions>
      </trkpt>
      <trkpt lat="46.6846468" lon="7.7515783">
        <ele>644.6</ele>
        <time>2026-09-15T13:23:21Z</time>
        <extensions>
          <gpxdata:distance>10943.58</gpxdata:distance>
          <gpxdata:speed>1.003</gpxdata:speed>
        </extensions>
      </trkpt>
      <trkpt lat="46.6847278" lon="7.7514483">
        <ele>644.5</ele>
        <time>2026-09-15T13:23:34Z</time>
        <extensions>
          <gpxdata:distance>10956.97</gpxdata:distance>
          <gpxdata:speed>1.007</gpxdata:speed>
        </extensions>
      </trkpt>
      <trkpt lat="46.6847738" lon="7.7513433">
        <ele>644.7</ele>
        <time>2026-09-15T13:23:44Z</time>
        <extensions>
          <gpxdata:distance>10966.48</gpxdata:distance>
          <gpxdata:speed>0.995</gpxdata:speed>
        </extensions>
      </trkpt>
      <trkpt lat="46.6848278" lon="7.7512263">
        <ele>644.6</ele>
        <time>2026-09-15T13:23:54Z</time>
        <extensions>
          <gpxdata:distance>10977.23</gpxdata:distance>
          <gpxdata:speed>0.995</gpxdata:speed>
        </extensions>
      </trkpt>
      <trkpt lat="46.6848638" lon="7.7511743">
        <ele>644.9</ele>
        <time>2026-09-15T13:24:00Z</time>
        <extensions>
          <gpxdata:distance>10982.87</gpxdata:distance>
          <gpxdata:speed>0.959</gpxdata:speed>
        </extensions>
      </trkpt>
      <trkpt lat="46.6849808" lon="7.7510443">
        <ele>646.5</ele>
        <time>2026-09-15T13:24:18Z</time>
        <extensions>
          <gpxdata:distance>10999.23</gpxdata:distance>
          <gpxdata:speed>0.915</gpxdata:speed>
        </extensions>
      </trkpt>
      <trkpt lat="46.6850258" lon="7.7510053">
        <ele>647.3</ele>
        <time>2026-09-15T13:24:25Z</time>
        <extensions>
          <gpxdata:distance>11005.05</gpxdata:distance>
          <gpxdata:speed>0.900</gpxdata:speed>
        </extensions>
      </trkpt>
      <trkpt lat="46.6850808" lon="7.7509793">
        <ele>647.5</ele>
        <time>2026-09-15T13:24:32Z</time>
        <extensions>
          <gpxdata:distance>11011.48</gpxdata:distance>
          <gpxdata:speed>0.918</gpxdata:speed>
        </extensions>
      </trkpt>
      <trkpt lat="46.6851258" lon="7.7509533">
        <ele>647.5</ele>
        <time>2026-09-15T13:24:37Z</time>
        <extensions>
          <gpxdata:distance>11016.86</gpxdata:distance>
          <gpxdata:speed>0.918</gpxdata:speed>
        </extensions>
      </trkpt>
      <trkpt lat="46.6851618" lon="7.7509013">
        <ele>647.5</ele>
        <time>2026-09-15T13:24:44Z</time>
        <extensions>
          <gpxdata:distance>11022.49</gpxdata:distance>
          <gpxdata:speed>0.919</gpxdata:speed>
        </extensions>
      </trkpt>
      <trkpt lat="46.6852068" lon="7.7508233">
        <ele>647.2</ele>
        <time>2026-09-15T13:24:52Z</time>
        <extensions>
          <gpxdata:distance>11030.27</gpxdata:distance>
          <gpxdata:speed>0.919</gpxdata:speed>
        </extensions>
      </trkpt>
      <trkpt lat="46.6852428" lon="7.7507583">
        <ele>646.7</ele>
        <time>2026-09-15T13:24:59Z</time>
        <extensions>
          <gpxdata:distance>11036.64</gpxdata:distance>
          <gpxdata:speed>0.940</gpxdata:speed>
        </extensions>
      </trkpt>
      <trkpt lat="46.6852518" lon="7.7507063">
        <ele>646.0</ele>
        <time>2026-09-15T13:25:03Z</time>
        <extensions>
          <gpxdata:distance>11040.73</gpxdata:distance>
          <gpxdata:speed>0.956</gpxdata:speed>
        </extensions>
      </trkpt>
      <trkpt lat="46.6852978" lon="7.7504843">
        <ele>644.6</ele>
        <time>2026-09-15T13:25:21Z</time>
        <extensions>
          <gpxdata:distance>11058.42</gpxdata:distance>
          <gpxdata:speed>1.007</gpxdata:speed>
        </extensions>
      </trkpt>
      <trkpt lat="46.6853159" lon="7.7503793">
        <ele>644.2</ele>
        <time>2026-09-15T13:25:29Z</time>
        <extensions>
          <gpxdata:distance>11066.68</gpxdata:distance>
          <gpxdata:speed>0.969</gpxdata:speed>
        </extensions>
      </trkpt>
      <trkpt lat="46.6853519" lon="7.7502623">
        <ele>644.0</ele>
        <time>2026-09-15T13:25:39Z</time>
        <extensions>
          <gpxdata:distance>11076.46</gpxdata:distance>
          <gpxdata:speed>0.953</gpxdata:speed>
        </extensions>
      </trkpt>
      <trkpt lat="46.6853799" lon="7.7501573">
        <ele>643.1</ele>
        <time>2026-09-15T13:25:49Z</time>
        <extensions>
          <gpxdata:distance>11085.06</gpxdata:distance>
          <gpxdata:speed>0.938</gpxdata:speed>
        </extensions>
      </trkpt>
      <trkpt lat="46.6854069" lon="7.7500663">
        <ele>642.5</ele>
        <time>2026-09-15T13:25:57Z</time>
        <extensions>
          <gpxdata:distance>11092.62</gpxdata:distance>
          <gpxdata:speed>0.931</gpxdata:speed>
        </extensions>
      </trkpt>
      <trkpt lat="46.6854249" lon="7.7499223">
        <ele>642.9</ele>
        <time>2026-09-15T13:26:09Z</time>
        <extensions>
          <gpxdata:distance>11103.78</gpxdata:distance>
          <gpxdata:speed>0.941</gpxdata:speed>
        </extensions>
      </trkpt>
      <trkpt lat="46.6854339" lon="7.7498573">
        <ele>642.7</ele>
        <time>2026-09-15T13:26:14Z</time>
        <extensions>
          <gpxdata:distance>11108.84</gpxdata:distance>
          <gpxdata:speed>0.940</gpxdata:speed>
        </extensions>
      </trkpt>
      <trkpt lat="46.6854429" lon="7.7498313">
        <ele>642.6</ele>
        <time>2026-09-15T13:26:16Z</time>
        <extensions>
          <gpxdata:distance>11111.06</gpxdata:distance>
          <gpxdata:speed>0.943</gpxdata:speed>
        </extensions>
      </trkpt>
      <trkpt lat="46.6854529" lon="7.7498183">
        <ele>642.6</ele>
        <time>2026-09-15T13:26:18Z</time>
        <extensions>
          <gpxdata:distance>11112.55</gpxdata:distance>
          <gpxdata:speed>0.952</gpxdata:speed>
        </extensions>
      </trkpt>
      <trkpt lat="46.6854709" lon="7.7497923">
        <ele>642.5</ele>
        <time>2026-09-15T13:26:21Z</time>
        <extensions>
          <gpxdata:distance>11115.37</gpxdata:distance>
          <gpxdata:speed>0.965</gpxdata:speed>
        </extensions>
      </trkpt>
      <trkpt lat="46.6854709" lon="7.7497923">
        <ele>642.5</ele>
        <time>2026-09-15T13:26:21Z</time>
        <extensions>
          <gpxdata:distance>11115.37</gpxdata:distance>
          <gpxdata:speed>0.000</gpxdata:speed>
        </extensions>
      </trkpt>
      <trkpt lat="46.6855339" lon="7.7497533">
        <ele>642.3</ele>
        <time>2026-09-15T13:26:29Z</time>
        <extensions>
          <gpxdata:distance>11122.98</gpxdata:distance>
          <gpxdata:speed>0.965</gpxdata:speed>
        </extensions>
      </trkpt>
      <trkpt lat="46.6855339" lon="7.7497533">
        <ele>642.3</ele>
        <time>2026-09-15T13:26:29Z</time>
        <extensions>
          <gpxdata:distance>11122.98</gpxdata:distance>
          <gpxdata:speed>0.000</gpxdata:speed>
        </extensions>
      </trkpt>
      <trkpt lat="46.6855519" lon="7.7497403">
        <ele>642.5</ele>
        <time>2026-09-15T13:26:31Z</time>
        <extensions>
          <gpxdata:distance>11125.22</gpxdata:distance>
          <gpxdata:speed>1.012</gpxdata:speed>
        </extensions>
      </trkpt>
      <trkpt lat="46.6855699" lon="7.7497143">
        <ele>642.6</ele>
        <time>2026-09-15T13:26:34Z</time>
        <extensions>
          <gpxdata:distance>11128.03</gpxdata:distance>
          <gpxdata:speed>0.996</gpxdata:speed>
        </extensions>
      </trkpt>
      <trkpt lat="46.6856689" lon="7.7495053">
        <ele>643.5</ele>
        <time>2026-09-15T13:26:54Z</time>
        <extensions>
          <gpxdata:distance>11147.41</gpxdata:distance>
          <gpxdata:speed>0.960</gpxdata:speed>
        </extensions>
      </trkpt>
      <trkpt lat="46.6859219" lon="7.7490493">
        <ele>647.3</ele>
        <time>2026-09-15T13:27:46Z</time>
        <extensions>
          <gpxdata:distance>11192.14</gpxdata:distance>
          <gpxdata:speed>0.864</gpxdata:speed>
        </extensions>
      </trkpt>
      <trkpt lat="46.6859949" lon="7.7489063">
        <ele>645.3</ele>
        <time>2026-09-15T13:28:00Z</time>
        <extensions>
          <gpxdata:distance>11205.74</gpxdata:distance>
          <gpxdata:speed>0.939</gpxdata:speed>
        </extensions>
      </trkpt>
      <trkpt lat="46.6860399" lon="7.7488023">
        <ele>645.0</ele>
        <time>2026-09-15T13:28:10Z</time>
        <extensions>
          <gpxdata:distance>11215.12</gpxdata:distance>
          <gpxdata:speed>0.949</gpxdata:speed>
        </extensions>
      </trkpt>
      <trkpt lat="46.6862389" lon="7.7483713">
        <ele>642.1</ele>
        <time>2026-09-15T13:28:49Z</time>
        <extensions>
          <gpxdata:distance>11254.75</gpxdata:distance>
          <gpxdata:speed>1.009</gpxdata:speed>
        </extensions>
      </trkpt>
      <trkpt lat="46.6863019" lon="7.7482283">
        <ele>641.1</ele>
        <time>2026-09-15T13:29:02Z</time>
        <extensions>
          <gpxdata:distance>11267.71</gpxdata:distance>
          <gpxdata:speed>1.002</gpxdata:speed>
        </extensions>
      </trkpt>
      <trkpt lat="46.6863019" lon="7.7482283">
        <ele>641.1</ele>
        <time>2026-09-15T13:29:02Z</time>
        <extensions>
          <gpxdata:distance>11267.71</gpxdata:distance>
          <gpxdata:speed>0.000</gpxdata:speed>
        </extensions>
      </trkpt>
      <trkpt lat="46.6863659" lon="7.7480983">
        <ele>640.3</ele>
        <time>2026-09-15T13:29:15Z</time>
        <extensions>
          <gpxdata:distance>11279.92</gpxdata:distance>
          <gpxdata:speed>0.994</gpxdata:speed>
        </extensions>
      </trkpt>
      <trkpt lat="46.6864109" lon="7.7479933">
        <ele>639.6</ele>
        <time>2026-09-15T13:29:24Z</time>
        <extensions>
          <gpxdata:distance>11289.36</gpxdata:distance>
          <gpxdata:speed>0.988</gpxdata:speed>
        </extensions>
      </trkpt>
      <trkpt lat="46.6864919" lon="7.7478633">
        <ele>639.6</ele>
        <time>2026-09-15T13:29:38Z</time>
        <extensions>
          <gpxdata:distance>11302.76</gpxdata:distance>
          <gpxdata:speed>0.980</gpxdata:speed>
        </extensions>
      </trkpt>
      <trkpt lat="46.6865649" lon="7.7477723">
        <ele>639.5</ele>
        <time>2026-09-15T13:29:49Z</time>
        <extensions>
          <gpxdata:distance>11313.44</gpxdata:distance>
          <gpxdata:speed>0.933</gpxdata:speed>
        </extensions>
      </trkpt>
      <trkpt lat="46.6866189" lon="7.7476943">
        <ele>639.3</ele>
        <time>2026-09-15T13:29:58Z</time>
        <extensions>
          <gpxdata:distance>11321.89</gpxdata:distance>
          <gpxdata:speed>0.946</gpxdata:speed>
        </extensions>
      </trkpt>
      <trkpt lat="46.6867449" lon="7.7474723">
        <ele>638.7</ele>
        <time>2026-09-15T13:30:21Z</time>
        <extensions>
          <gpxdata:distance>11343.87</gpxdata:distance>
          <gpxdata:speed>0.949</gpxdata:speed>
        </extensions>
      </trkpt>
      <trkpt lat="46.6868539" lon="7.7473293">
        <ele>638.5</ele>
        <time>2026-09-15T13:30:38Z</time>
        <extensions>
          <gpxdata:distance>11360.18</gpxdata:distance>
          <gpxdata:speed>0.968</gpxdata:speed>
        </extensions>
      </trkpt>
      <trkpt lat="46.6868989" lon="7.7473033">
        <ele>638.5</ele>
        <time>2026-09-15T13:30:44Z</time>
        <extensions>
          <gpxdata:distance>11365.56</gpxdata:distance>
          <gpxdata:speed>0.978</gpxdata:speed>
        </extensions>
      </trkpt>
      <trkpt lat="46.6869169" lon="7.7472643">
        <ele>638.5</ele>
        <time>2026-09-15T13:30:47Z</time>
        <extensions>
          <gpxdata:distance>11369.14</gpxdata:distance>
          <gpxdata:speed>0.979</gpxdata:speed>
        </extensions>
      </trkpt>
      <trkpt lat="46.6869349" lon="7.7472123">
        <ele>638.7</ele>
        <time>2026-09-15T13:30:52Z</time>
        <extensions>
          <gpxdata:distance>11373.59</gpxdata:distance>
          <gpxdata:speed>0.990</gpxdata:speed>
        </extensions>
      </trkpt>
      <trkpt lat="46.6869439" lon="7.7471733">
        <ele>638.8</ele>
        <time>2026-09-15T13:30:55Z</time>
        <extensions>
          <gpxdata:distance>11376.72</gpxdata:distance>
          <gpxdata:speed>1.001</gpxdata:speed>
        </extensions>
      </trkpt>
      <trkpt lat="46.6869529" lon="7.7470943">
        <ele>636.8</ele>
        <time>2026-09-15T13:31:01Z</time>
        <extensions>
          <gpxdata:distance>11382.83</gpxdata:distance>
          <gpxdata:speed>0.967</gpxdata:speed>
        </extensions>
      </trkpt>
      <trkpt lat="46.6869889" lon="7.7470293">
        <ele>635.6</ele>
        <time>2026-09-15T13:31:08Z</time>
        <extensions>
          <gpxdata:distance>11389.21</gpxdata:distance>
          <gpxdata:speed>0.947</gpxdata:speed>
        </extensions>
      </trkpt>
      <trkpt lat="46.6871249" lon="7.7468473">
        <ele>635.8</ele>
        <time>2026-09-15T13:31:29Z</time>
        <extensions>
          <gpxdata:distance>11409.73</gpxdata:distance>
          <gpxdata:speed>0.961</gpxdata:speed>
        </extensions>
      </trkpt>
      <trkpt lat="46.6871879" lon="7.7467563">
        <ele>634.0</ele>
        <time>2026-09-15T13:31:40Z</time>
        <extensions>
          <gpxdata:distance>11419.60</gpxdata:distance>
          <gpxdata:speed>0.935</gpxdata:speed>
        </extensions>
      </trkpt>
      <trkpt lat="46.6872779" lon="7.7466133">
        <ele>627.9</ele>
        <time>2026-09-15T13:31:56Z</time>
        <extensions>
          <gpxdata:distance>11434.40</gpxdata:distance>
          <gpxdata:speed>0.934</gpxdata:speed>
        </extensions>
      </trkpt>
      <trkpt lat="46.6873509" lon="7.7465223">
        <ele>626.6</ele>
        <time>2026-09-15T13:32:07Z</time>
        <extensions>
          <gpxdata:distance>11445.08</gpxdata:distance>
          <gpxdata:speed>0.940</gpxdata:speed>
        </extensions>
      </trkpt>
      <trkpt lat="46.6874409" lon="7.7464703">
        <ele>627.4</ele>
        <time>2026-09-15T13:32:19Z</time>
        <extensions>
          <gpxdata:distance>11455.84</gpxdata:distance>
          <gpxdata:speed>0.920</gpxdata:speed>
        </extensions>
      </trkpt>
      <trkpt lat="46.6875309" lon="7.7463923">
        <ele>627.5</ele>
        <time>2026-09-15T13:32:32Z</time>
        <extensions>
          <gpxdata:distance>11467.49</gpxdata:distance>
          <gpxdata:speed>0.912</gpxdata:speed>
        </extensions>
      </trkpt>
      <trkpt lat="46.6875309" lon="7.7463923">
        <ele>627.5</ele>
        <time>2026-09-15T13:32:32Z</time>
        <extensions>
          <gpxdata:distance>11467.49</gpxdata:distance>
          <gpxdata:speed>0.000</gpxdata:speed>
        </extensions>
      </trkpt>
      <trkpt lat="46.6875669" lon="7.7463013">
        <ele>626.2</ele>
        <time>2026-09-15T13:32:40Z</time>
        <extensions>
          <gpxdata:distance>11475.50</gpxdata:distance>
          <gpxdata:speed>0.908</gpxdata:speed>
        </extensions>
      </trkpt>
      <trkpt lat="46.6876929" lon="7.7461973">
        <ele>623.9</ele>
        <time>2026-09-15T13:32:58Z</time>
        <extensions>
          <gpxdata:distance>11491.60</gpxdata:distance>
          <gpxdata:speed>0.907</gpxdata:speed>
        </extensions>
      </trkpt>
      <trkpt lat="46.6877739" lon="7.7460933">
        <ele>622.0</ele>
        <time>2026-09-15T13:33:11Z</time>
        <extensions>
          <gpxdata:distance>11503.60</gpxdata:distance>
          <gpxdata:speed>0.937</gpxdata:speed>
        </extensions>
      </trkpt>
      <trkpt lat="46.6878829" lon="7.7460283">
        <ele>619.5</ele>
        <time>2026-09-15T13:33:25Z</time>
        <extensions>
          <gpxdata:distance>11516.70</gpxdata:distance>
          <gpxdata:speed>0.939</gpxdata:speed>
        </extensions>
      </trkpt>
      <trkpt lat="46.6879459" lon="7.7459633">
        <ele>618.2</ele>
        <time>2026-09-15T13:33:34Z</time>
        <extensions>
          <gpxdata:distance>11525.28</gpxdata:distance>
          <gpxdata:speed>0.901</gpxdata:speed>
        </extensions>
      </trkpt>
      <trkpt lat="46.6880269" lon="7.7458463">
        <ele>615.9</ele>
        <time>2026-09-15T13:33:48Z</time>
        <extensions>
          <gpxdata:distance>11537.96</gpxdata:distance>
          <gpxdata:speed>0.908</gpxdata:speed>
        </extensions>
      </trkpt>
      <trkpt lat="46.6881439" lon="7.7457033">
        <ele>613.7</ele>
        <time>2026-09-15T13:34:07Z</time>
        <extensions>
          <gpxdata:distance>11554.94</gpxdata:distance>
          <gpxdata:speed>0.929</gpxdata:speed>
        </extensions>
      </trkpt>
      <trkpt lat="46.6882079" lon="7.7456113">
        <ele>612.4</ele>
        <time>2026-09-15T13:34:17Z</time>
        <extensions>
          <gpxdata:distance>11564.93</gpxdata:distance>
          <gpxdata:speed>0.933</gpxdata:speed>
        </extensions>
      </trkpt>
      <trkpt lat="46.6882979" lon="7.7454813">
        <ele>610.0</ele>
        <time>2026-09-15T13:34:32Z</time>
        <extensions>
          <gpxdata:distance>11579.02</gpxdata:distance>
          <gpxdata:speed>0.931</gpxdata:speed>
        </extensions>
      </trkpt>
      <trkpt lat="46.6883609" lon="7.7454033">
        <ele>608.3</ele>
        <time>2026-09-15T13:34:42Z</time>
        <extensions>
          <gpxdata:distance>11588.21</gpxdata:distance>
          <gpxdata:speed>0.928</gpxdata:speed>
        </extensions>
      </trkpt>
      <trkpt lat="46.6884239" lon="7.7453253">
        <ele>607.2</ele>
        <time>2026-09-15T13:34:52Z</time>
        <extensions>
          <gpxdata:distance>11597.40</gpxdata:distance>
          <gpxdata:speed>0.929</gpxdata:speed>
        </extensions>
      </trkpt>
      <trkpt lat="46.6884689" lon="7.7452343">
        <ele>606.4</ele>
        <time>2026-09-15T13:35:01Z</time>
        <extensions>
          <gpxdata:distance>11605.96</gpxdata:distance>
          <gpxdata:speed>0.937</gpxdata:speed>
        </extensions>
      </trkpt>
      <trkpt lat="46.6885240" lon="7.7451693">
        <ele>605.6</ele>
        <time>2026-09-15T13:35:10Z</time>
        <extensions>
          <gpxdata:distance>11613.84</gpxdata:distance>
          <gpxdata:speed>0.934</gpxdata:speed>
        </extensions>
      </trkpt>
      <trkpt lat="46.6886500" lon="7.7450523">
        <ele>602.7</ele>
        <time>2026-09-15T13:35:28Z</time>
        <extensions>
          <gpxdata:distance>11630.45</gpxdata:distance>
          <gpxdata:speed>0.938</gpxdata:speed>
        </extensions>
      </trkpt>
      <trkpt lat="46.6888030" lon="7.7449093">
        <ele>600.1</ele>
        <time>2026-09-15T13:35:49Z</time>
        <extensions>
          <gpxdata:distance>11650.66</gpxdata:distance>
          <gpxdata:speed>0.931</gpxdata:speed>
        </extensions>
      </trkpt>
      <trkpt lat="46.6888750" lon="7.7448443">
        <ele>598.9</ele>
        <time>2026-09-15T13:35:59Z</time>
        <extensions>
          <gpxdata:distance>11660.08</gpxdata:distance>
          <gpxdata:speed>0.932</gpxdata:speed>
        </extensions>
      </trkpt>
      <trkpt lat="46.6889380" lon="7.7448053">
        <ele>599.0</ele>
        <time>2026-09-15T13:36:08Z</time>
        <extensions>
          <gpxdata:distance>11667.69</gpxdata:distance>
          <gpxdata:speed>0.922</gpxdata:speed>
        </extensions>
      </trkpt>
      <trkpt lat="46.6889740" lon="7.7447923">
        <ele>599.1</ele>
        <time>2026-09-15T13:36:12Z</time>
        <extensions>
          <gpxdata:distance>11671.81</gpxdata:distance>
          <gpxdata:speed>0.910</gpxdata:speed>
        </extensions>
      </trkpt>
      <trkpt lat="46.6890190" lon="7.7447403">
        <ele>596.9</ele>
        <time>2026-09-15T13:36:19Z</time>
        <extensions>
          <gpxdata:distance>11678.20</gpxdata:distance>
          <gpxdata:speed>0.919</gpxdata:speed>
        </extensions>
      </trkpt>
      <trkpt lat="46.6891010" lon="7.7446883">
        <ele>596.0</ele>
        <time>2026-09-15T13:36:30Z</time>
        <extensions>
          <gpxdata:distance>11688.14</gpxdata:distance>
          <gpxdata:speed>0.916</gpxdata:speed>
        </extensions>
      </trkpt>
      <trkpt lat="46.6891820" lon="7.7446363">
        <ele>595.2</ele>
        <time>2026-09-15T13:36:41Z</time>
        <extensions>
          <gpxdata:distance>11697.98</gpxdata:distance>
          <gpxdata:speed>0.914</gpxdata:speed>
        </extensions>
      </trkpt>
      <trkpt lat="46.6892450" lon="7.7445983">
        <ele>594.6</ele>
        <time>2026-09-15T13:36:49Z</time>
        <extensions>
          <gpxdata:distance>11705.56</gpxdata:distance>
          <gpxdata:speed>0.913</gpxdata:speed>
        </extensions>
      </trkpt>
      <trkpt lat="46.6893440" lon="7.7445593">
        <ele>594.0</ele>
        <time>2026-09-15T13:37:02Z</time>
        <extensions>
          <gpxdata:distance>11716.96</gpxdata:distance>
          <gpxdata:speed>0.895</gpxdata:speed>
        </extensions>
      </trkpt>
      <trkpt lat="46.6894520" lon="7.7445073">
        <ele>593.3</ele>
        <time>2026-09-15T13:37:16Z</time>
        <extensions>
          <gpxdata:distance>11729.61</gpxdata:distance>
          <gpxdata:speed>0.909</gpxdata:speed>
        </extensions>
      </trkpt>
      <trkpt lat="46.6896140" lon="7.7444043">
        <ele>590.5</ele>
        <time>2026-09-15T13:37:38Z</time>
        <extensions>
          <gpxdata:distance>11749.26</gpxdata:distance>
          <gpxdata:speed>0.901</gpxdata:speed>
        </extensions>
      </trkpt>
      <trkpt lat="46.6898030" lon="7.7442613">
        <ele>589.0</ele>
        <time>2026-09-15T13:38:04Z</time>
        <extensions>
          <gpxdata:distance>11772.94</gpxdata:distance>
          <gpxdata:speed>0.900</gpxdata:speed>
        </extensions>
      </trkpt>
      <trkpt lat="46.6899650" lon="7.7441833">
        <ele>588.8</ele>
        <time>2026-09-15T13:38:25Z</time>
        <extensions>
          <gpxdata:distance>11791.91</gpxdata:distance>
          <gpxdata:speed>0.910</gpxdata:speed>
        </extensions>
      </trkpt>
      <trkpt lat="46.6901640" lon="7.7441453">
        <ele>589.0</ele>
        <time>2026-09-15T13:38:48Z</time>
        <extensions>
          <gpxdata:distance>11814.23</gpxdata:distance>
          <gpxdata:speed>0.939</gpxdata:speed>
        </extensions>
      </trkpt>
      <trkpt lat="46.6902890" lon="7.7441463">
        <ele>589.2</ele>
        <time>2026-09-15T13:39:03Z</time>
        <extensions>
          <gpxdata:distance>11828.13</gpxdata:distance>
          <gpxdata:speed>0.950</gpxdata:speed>
        </extensions>
      </trkpt>
      <trkpt lat="46.6903790" lon="7.7441463">
        <ele>589.5</ele>
        <time>2026-09-15T13:39:14Z</time>
        <extensions>
          <gpxdata:distance>11838.14</gpxdata:distance>
          <gpxdata:speed>0.960</gpxdata:speed>
        </extensions>
      </trkpt>
      <trkpt lat="46.6905500" lon="7.7441473">
        <ele>589.3</ele>
        <time>2026-09-15T13:39:33Z</time>
        <extensions>
          <gpxdata:distance>11857.15</gpxdata:distance>
          <gpxdata:speed>0.967</gpxdata:speed>
        </extensions>
      </trkpt>
      <trkpt lat="46.6905950" lon="7.7441353">
        <ele>589.3</ele>
        <time>2026-09-15T13:39:38Z</time>
        <extensions>
          <gpxdata:distance>11862.24</gpxdata:distance>
          <gpxdata:speed>0.971</gpxdata:speed>
        </extensions>
      </trkpt>
      <trkpt lat="46.6906490" lon="7.7441223">
        <ele>589.3</ele>
        <time>2026-09-15T13:39:45Z</time>
        <extensions>
          <gpxdata:distance>11868.32</gpxdata:distance>
          <gpxdata:speed>0.975</gpxdata:speed>
        </extensions>
      </trkpt>
      <trkpt lat="46.6907030" lon="7.7440963">
        <ele>589.3</ele>
        <time>2026-09-15T13:39:51Z</time>
        <extensions>
          <gpxdata:distance>11874.65</gpxdata:distance>
          <gpxdata:speed>1.000</gpxdata:speed>
        </extensions>
      </trkpt>
      <trkpt lat="46.6907480" lon="7.7440963">
        <ele>589.2</ele>
        <time>2026-09-15T13:39:56Z</time>
        <extensions>
          <gpxdata:distance>11879.65</gpxdata:distance>
          <gpxdata:speed>1.008</gpxdata:speed>
        </extensions>
      </trkpt>
      <trkpt lat="46.6907840" lon="7.7440963">
        <ele>589.2</ele>
        <time>2026-09-15T13:40:00Z</time>
        <extensions>
          <gpxdata:distance>11883.65</gpxdata:distance>
          <gpxdata:speed>1.001</gpxdata:speed>
        </extensions>
      </trkpt>
      <trkpt lat="46.6908470" lon="7.7440973">
        <ele>589.1</ele>
        <time>2026-09-15T13:40:07Z</time>
        <extensions>
          <gpxdata:distance>11890.66</gpxdata:distance>
          <gpxdata:speed>1.009</gpxdata:speed>
        </extensions>
      </trkpt>
      <trkpt lat="46.6909820" lon="7.7441373">
        <ele>588.7</ele>
        <time>2026-09-15T13:40:22Z</time>
        <extensions>
          <gpxdata:distance>11905.98</gpxdata:distance>
          <gpxdata:speed>1.004</gpxdata:speed>
        </extensions>
      </trkpt>
      <trkpt lat="46.6910720" lon="7.7441503">
        <ele>588.6</ele>
        <time>2026-09-15T13:40:32Z</time>
        <extensions>
          <gpxdata:distance>11916.03</gpxdata:distance>
          <gpxdata:speed>0.998</gpxdata:speed>
        </extensions>
      </trkpt>
      <trkpt lat="46.6910720" lon="7.7441503">
        <ele>588.6</ele>
        <time>2026-09-15T13:40:32Z</time>
        <extensions>
          <gpxdata:distance>11916.03</gpxdata:distance>
          <gpxdata:speed>0.000</gpxdata:speed>
        </extensions>
      </trkpt>
      <trkpt lat="46.6910900" lon="7.7441503">
        <ele>588.5</ele>
        <time>2026-09-15T13:40:34Z</time>
        <extensions>
          <gpxdata:distance>11918.04</gpxdata:distance>
          <gpxdata:speed>0.994</gpxdata:speed>
        </extensions>
      </trkpt>
      <trkpt lat="46.6911440" lon="7.7441383">
        <ele>588.4</ele>
        <time>2026-09-15T13:40:40Z</time>
        <extensions>
          <gpxdata:distance>11924.11</gpxdata:distance>
          <gpxdata:speed>0.992</gpxdata:speed>
        </extensions>
      </trkpt>
      <trkpt lat="46.6912430" lon="7.7441253">
        <ele>588.1</ele>
        <time>2026-09-15T13:40:52Z</time>
        <extensions>
          <gpxdata:distance>11935.16</gpxdata:distance>
          <gpxdata:speed>0.987</gpxdata:speed>
        </extensions>
      </trkpt>
      <trkpt lat="46.6912430" lon="7.7441253">
        <ele>588.1</ele>
        <time>2026-09-15T13:40:52Z</time>
        <extensions>
          <gpxdata:distance>11935.16</gpxdata:distance>
          <gpxdata:speed>0.000</gpxdata:speed>
        </extensions>
      </trkpt>
      <trkpt lat="46.6915310" lon="7.7441403">
        <ele>587.1</ele>
        <time>2026-09-15T13:41:24Z</time>
        <extensions>
          <gpxdata:distance>11967.21</gpxdata:distance>
          <gpxdata:speed>0.980</gpxdata:speed>
        </extensions>
      </trkpt>
      <trkpt lat="46.6916030" lon="7.7441533">
        <ele>587.1</ele>
        <time>2026-09-15T13:41:32Z</time>
        <extensions>
          <gpxdata:distance>11975.27</gpxdata:distance>
          <gpxdata:speed>0.982</gpxdata:speed>
        </extensions>
      </trkpt>
      <trkpt lat="46.6916660" lon="7.7441673">
        <ele>587.0</ele>
        <time>2026-09-15T13:41:40Z</time>
        <extensions>
          <gpxdata:distance>11982.36</gpxdata:distance>
          <gpxdata:speed>0.984</gpxdata:speed>
        </extensions>
      </trkpt>
      <trkpt lat="46.6918370" lon="7.7441423">
        <ele>587.0</ele>
        <time>2026-09-15T13:41:59Z</time>
        <extensions>
          <gpxdata:distance>12001.47</gpxdata:distance>
          <gpxdata:speed>0.988</gpxdata:speed>
        </extensions>
      </trkpt>
      <trkpt lat="46.6918820" lon="7.7441423">
        <ele>586.7</ele>
        <time>2026-09-15T13:42:04Z</time>
        <extensions>
          <gpxdata:distance>12006.47</gpxdata:distance>
          <gpxdata:speed>0.985</gpxdata:speed>
        </extensions>
      </trkpt>
      <trkpt lat="46.6919090" lon="7.7441423">
        <ele>586.3</ele>
        <time>2026-09-15T13:42:07Z</time>
        <extensions>
          <gpxdata:distance>12009.48</gpxdata:distance>
          <gpxdata:speed>0.981</gpxdata:speed>
        </extensions>
      </trkpt>
      <trkpt lat="46.6919450" lon="7.7441293">
        <ele>585.9</ele>
        <time>2026-09-15T13:42:11Z</time>
        <extensions>
          <gpxdata:distance>12013.60</gpxdata:distance>
          <gpxdata:speed>0.976</gpxdata:speed>
        </extensions>
      </trkpt>
      <trkpt lat="46.6919720" lon="7.7441163">
        <ele>585.2</ele>
        <time>2026-09-15T13:42:15Z</time>
        <extensions>
          <gpxdata:distance>12016.76</gpxdata:distance>
          <gpxdata:speed>0.967</gpxdata:speed>
        </extensions>
      </trkpt>
      <trkpt lat="46.6919720" lon="7.7441163">
        <ele>585.2</ele>
        <time>2026-09-15T13:42:15Z</time>
        <extensions>
          <gpxdata:distance>12016.76</gpxdata:distance>
          <gpxdata:speed>0.000</gpxdata:speed>
        </extensions>
      </trkpt>
      <trkpt lat="46.6920890" lon="7.7440913">
        <ele>585.2</ele>
        <time>2026-09-15T13:42:28Z</time>
        <extensions>
          <gpxdata:distance>12029.91</gpxdata:distance>
          <gpxdata:speed>0.973</gpxdata:speed>
        </extensions>
      </trkpt>
      <trkpt lat="46.6922330" lon="7.7440653">
        <ele>586.5</ele>
        <time>2026-09-15T13:42:44Z</time>
        <extensions>
          <gpxdata:distance>12046.04</gpxdata:distance>
          <gpxdata:speed>1.001</gpxdata:speed>
        </extensions>
      </trkpt>
      <trkpt lat="46.6925030" lon="7.7440673">
        <ele>588.3</ele>
        <time>2026-09-15T13:43:15Z</time>
        <extensions>
          <gpxdata:distance>12076.07</gpxdata:distance>
          <gpxdata:speed>0.977</gpxdata:speed>
        </extensions>
      </trkpt>
      <trkpt lat="46.6925650" lon="7.7440933">
        <ele>588.9</ele>
        <time>2026-09-15T13:43:22Z</time>
        <extensions>
          <gpxdata:distance>12083.24</gpxdata:distance>
          <gpxdata:speed>0.953</gpxdata:speed>
        </extensions>
      </trkpt>
      <trkpt lat="46.6926191" lon="7.7441203">
        <ele>589.6</ele>
        <time>2026-09-15T13:43:29Z</time>
        <extensions>
          <gpxdata:distance>12089.60</gpxdata:distance>
          <gpxdata:speed>0.924</gpxdata:speed>
        </extensions>
      </trkpt>
      <trkpt lat="46.6931051" lon="7.7441493">
        <ele>593.7</ele>
        <time>2026-09-15T13:44:31Z</time>
        <extensions>
          <gpxdata:distance>12143.69</gpxdata:distance>
          <gpxdata:speed>0.872</gpxdata:speed>
        </extensions>
      </trkpt>
      <trkpt lat="46.6933301" lon="7.7441633">
        <ele>595.6</ele>
        <time>2026-09-15T13:45:01Z</time>
        <extensions>
          <gpxdata:distance>12168.73</gpxdata:distance>
          <gpxdata:speed>0.852</gpxdata:speed>
        </extensions>
      </trkpt>
      <trkpt lat="46.6934021" lon="7.7441503">
        <ele>596.2</ele>
        <time>2026-09-15T13:45:10Z</time>
        <extensions>
          <gpxdata:distance>12176.79</gpxdata:distance>
          <gpxdata:speed>0.836</gpxdata:speed>
        </extensions>
      </trkpt>
      <trkpt lat="46.6934831" lon="7.7441253">
        <ele>596.7</ele>
        <time>2026-09-15T13:45:21Z</time>
        <extensions>
          <gpxdata:distance>12186.00</gpxdata:distance>
          <gpxdata:speed>0.838</gpxdata:speed>
        </extensions>
      </trkpt>
      <trkpt lat="46.6935371" lon="7.7441123">
        <ele>596.7</ele>
        <time>2026-09-15T13:45:29Z</time>
        <extensions>
          <gpxdata:distance>12192.09</gpxdata:distance>
          <gpxdata:speed>0.830</gpxdata:speed>
        </extensions>
      </trkpt>
      <trkpt lat="46.6936541" lon="7.7441133">
        <ele>598.2</ele>
        <time>2026-09-15T13:45:45Z</time>
        <extensions>
          <gpxdata:distance>12205.10</gpxdata:distance>
          <gpxdata:speed>0.823</gpxdata:speed>
        </extensions>
      </trkpt>
      <trkpt lat="46.6937711" lon="7.7441263">
        <ele>597.8</ele>
        <time>2026-09-15T13:46:00Z</time>
        <extensions>
          <gpxdata:distance>12218.14</gpxdata:distance>
          <gpxdata:speed>0.841</gpxdata:speed>
        </extensions>
      </trkpt>
      <trkpt lat="46.6938251" lon="7.7441143">
        <ele>597.9</ele>
        <time>2026-09-15T13:46:07Z</time>
        <extensions>
          <gpxdata:distance>12224.22</gpxdata:distance>
          <gpxdata:speed>0.849</gpxdata:speed>
        </extensions>
      </trkpt>
      <trkpt lat="46.6939961" lon="7.7440233">
        <ele>598.0</ele>
        <time>2026-09-15T13:46:30Z</time>
        <extensions>
          <gpxdata:distance>12244.46</gpxdata:distance>
          <gpxdata:speed>0.874</gpxdata:speed>
        </extensions>
      </trkpt>
      <trkpt lat="46.6940321" lon="7.7440233">
        <ele>597.9</ele>
        <time>2026-09-15T13:46:35Z</time>
        <extensions>
          <gpxdata:distance>12248.46</gpxdata:distance>
          <gpxdata:speed>0.911</gpxdata:speed>
        </extensions>
      </trkpt>
      <trkpt lat="46.6941581" lon="7.7440763">
        <ele>598.2</ele>
        <time>2026-09-15T13:46:50Z</time>
        <extensions>
          <gpxdata:distance>12263.04</gpxdata:distance>
          <gpxdata:speed>0.942</gpxdata:speed>
        </extensions>
      </trkpt>
      <trkpt lat="46.6942661" lon="7.7441033">
        <ele>598.2</ele>
        <time>2026-09-15T13:47:03Z</time>
        <extensions>
          <gpxdata:distance>12275.23</gpxdata:distance>
          <gpxdata:speed>0.961</gpxdata:speed>
        </extensions>
      </trkpt>
      <trkpt lat="46.6943201" lon="7.7441033">
        <ele>598.5</ele>
        <time>2026-09-15T13:47:09Z</time>
        <extensions>
          <gpxdata:distance>12281.23</gpxdata:distance>
          <gpxdata:speed>0.964</gpxdata:speed>
        </extensions>
      </trkpt>
      <trkpt lat="46.6943741" lon="7.7440513">
        <ele>598.9</ele>
        <time>2026-09-15T13:47:17Z</time>
        <extensions>
          <gpxdata:distance>12288.43</gpxdata:distance>
          <gpxdata:speed>0.954</gpxdata:speed>
        </extensions>
      </trkpt>
      <trkpt lat="46.6944281" lon="7.7440253">
        <ele>598.9</ele>
        <time>2026-09-15T13:47:23Z</time>
        <extensions>
          <gpxdata:distance>12294.75</gpxdata:distance>
          <gpxdata:speed>0.993</gpxdata:speed>
        </extensions>
      </trkpt>
      <trkpt lat="46.6944821" lon="7.7440003">
        <ele>598.9</ele>
        <time>2026-09-15T13:47:29Z</time>
        <extensions>
          <gpxdata:distance>12301.05</gpxdata:distance>
          <gpxdata:speed>0.979</gpxdata:speed>
        </extensions>
      </trkpt>
      <trkpt lat="46.6945361" lon="7.7439613">
        <ele>598.8</ele>
        <time>2026-09-15T13:47:36Z</time>
        <extensions>
          <gpxdata:distance>12307.75</gpxdata:distance>
          <gpxdata:speed>0.985</gpxdata:speed>
        </extensions>
      </trkpt>
      <trkpt lat="46.6945901" lon="7.7439093">
        <ele>598.6</ele>
        <time>2026-09-15T13:47:44Z</time>
        <extensions>
          <gpxdata:distance>12314.95</gpxdata:distance>
          <gpxdata:speed>0.991</gpxdata:speed>
        </extensions>
      </trkpt>
      <trkpt lat="46.6946441" lon="7.7438443">
        <ele>598.9</ele>
        <time>2026-09-15T13:47:52Z</time>
        <extensions>
          <gpxdata:distance>12322.74</gpxdata:distance>
          <gpxdata:speed>0.978</gpxdata:speed>
        </extensions>
      </trkpt>
      <trkpt lat="46.6947431" lon="7.7437003">
        <ele>598.9</ele>
        <time>2026-09-15T13:48:07Z</time>
        <extensions>
          <gpxdata:distance>12338.29</gpxdata:distance>
          <gpxdata:speed>0.989</gpxdata:speed>
        </extensions>
      </trkpt>
      <trkpt lat="46.6948161" lon="7.7436093">
        <ele>598.9</ele>
        <time>2026-09-15T13:48:18Z</time>
        <extensions>
          <gpxdata:distance>12348.97</gpxdata:distance>
          <gpxdata:speed>0.988</gpxdata:speed>
        </extensions>
      </trkpt>
      <trkpt lat="46.6948431" lon="7.7435573">
        <ele>598.8</ele>
        <time>2026-09-15T13:48:23Z</time>
        <extensions>
          <gpxdata:distance>12353.94</gpxdata:distance>
          <gpxdata:speed>1.002</gpxdata:speed>
        </extensions>
      </trkpt>
      <trkpt lat="46.6949061" lon="7.7434013">
        <ele>598.4</ele>
        <time>2026-09-15T13:48:37Z</time>
        <extensions>
          <gpxdata:distance>12367.75</gpxdata:distance>
          <gpxdata:speed>1.004</gpxdata:speed>
        </extensions>
      </trkpt>
      <trkpt lat="46.6949511" lon="7.7432833">
        <ele>597.8</ele>
        <time>2026-09-15T13:48:47Z</time>
        <extensions>
          <gpxdata:distance>12378.04</gpxdata:distance>
          <gpxdata:speed>0.995</gpxdata:speed>
        </extensions>
      </trkpt>
      <trkpt lat="46.6949791" lon="7.7432053">
        <ele>597.6</ele>
        <time>2026-09-15T13:48:54Z</time>
        <extensions>
          <gpxdata:distance>12384.76</gpxdata:distance>
          <gpxdata:speed>0.992</gpxdata:speed>
        </extensions>
      </trkpt>
      <trkpt lat="46.6949881" lon="7.7431403">
        <ele>597.4</ele>
        <time>2026-09-15T13:48:59Z</time>
        <extensions>
          <gpxdata:distance>12389.82</gpxdata:distance>
          <gpxdata:speed>0.990</gpxdata:speed>
        </extensions>
      </trkpt>
      <trkpt lat="46.6949791" lon="7.7430873">
        <ele>597.0</ele>
        <time>2026-09-15T13:49:03Z</time>
        <extensions>
          <gpxdata:distance>12393.98</gpxdata:distance>
          <gpxdata:speed>0.986</gpxdata:speed>
        </extensions>
      </trkpt>
      <trkpt lat="46.6949701" lon="7.7429703">
        <ele>596.7</ele>
        <time>2026-09-15T13:49:12Z</time>
        <extensions>
          <gpxdata:distance>12402.96</gpxdata:distance>
          <gpxdata:speed>0.977</gpxdata:speed>
        </extensions>
      </trkpt>
      <trkpt lat="46.6949701" lon="7.7428913">
        <ele>595.6</ele>
        <time>2026-09-15T13:49:19Z</time>
        <extensions>
          <gpxdata:distance>12408.98</gpxdata:distance>
          <gpxdata:speed>0.952</gpxdata:speed>
        </extensions>
      </trkpt>
      <trkpt lat="46.6949701" lon="7.7428913">
        <ele>595.6</ele>
        <time>2026-09-15T13:49:19Z</time>
        <extensions>
          <gpxdata:distance>12408.98</gpxdata:distance>
          <gpxdata:speed>0.000</gpxdata:speed>
        </extensions>
      </trkpt>
      <trkpt lat="46.6949801" lon="7.7428523">
        <ele>595.2</ele>
        <time>2026-09-15T13:49:22Z</time>
        <extensions>
          <gpxdata:distance>12412.16</gpxdata:distance>
          <gpxdata:speed>0.935</gpxdata:speed>
        </extensions>
      </trkpt>
      <trkpt lat="46.6950431" lon="7.7427223">
        <ele>594.3</ele>
        <time>2026-09-15T13:49:35Z</time>
        <extensions>
          <gpxdata:distance>12424.30</gpxdata:distance>
          <gpxdata:speed>0.924</gpxdata:speed>
        </extensions>
      </trkpt>
      <trkpt lat="46.6950701" lon="7.7426563">
        <ele>594.3</ele>
        <time>2026-09-15T13:49:42Z</time>
        <extensions>
          <gpxdata:distance>12430.16</gpxdata:distance>
          <gpxdata:speed>0.930</gpxdata:speed>
        </extensions>
      </trkpt>
      <trkpt lat="46.6950881" lon="7.7426173">
        <ele>594.4</ele>
        <time>2026-09-15T13:49:45Z</time>
        <extensions>
          <gpxdata:distance>12433.75</gpxdata:distance>
          <gpxdata:speed>0.932</gpxdata:speed>
        </extensions>
      </trkpt>
      <trkpt lat="46.6951061" lon="7.7425393">
        <ele>593.9</ele>
        <time>2026-09-15T13:49:52Z</time>
        <extensions>
          <gpxdata:distance>12440.02</gpxdata:distance>
          <gpxdata:speed>0.927</gpxdata:speed>
        </extensions>
      </trkpt>
      <trkpt lat="46.6951431" lon="7.7424213">
        <ele>593.6</ele>
        <time>2026-09-15T13:50:03Z</time>
        <extensions>
          <gpxdata:distance>12449.92</gpxdata:distance>
          <gpxdata:speed>0.937</gpxdata:speed>
        </extensions>
      </trkpt>
      <trkpt lat="46.6951701" lon="7.7423563">
        <ele>593.5</ele>
        <time>2026-09-15T13:50:09Z</time>
        <extensions>
          <gpxdata:distance>12455.71</gpxdata:distance>
          <gpxdata:speed>0.937</gpxdata:speed>
        </extensions>
      </trkpt>
      <trkpt lat="46.6952061" lon="7.7422913">
        <ele>593.4</ele>
        <time>2026-09-15T13:50:16Z</time>
        <extensions>
          <gpxdata:distance>12462.08</gpxdata:distance>
          <gpxdata:speed>0.959</gpxdata:speed>
        </extensions>
      </trkpt>
      <trkpt lat="46.6952871" lon="7.7421873">
        <ele>592.8</ele>
        <time>2026-09-15T13:50:28Z</time>
        <extensions>
          <gpxdata:distance>12474.09</gpxdata:distance>
          <gpxdata:speed>0.957</gpxdata:speed>
        </extensions>
      </trkpt>
      <trkpt lat="46.6953681" lon="7.7420833">
        <ele>592.1</ele>
        <time>2026-09-15T13:50:41Z</time>
        <extensions>
          <gpxdata:distance>12486.09</gpxdata:distance>
          <gpxdata:speed>0.958</gpxdata:speed>
        </extensions>
      </trkpt>
      <trkpt lat="46.6954141" lon="7.7420443">
        <ele>592.3</ele>
        <time>2026-09-15T13:50:47Z</time>
        <extensions>
          <gpxdata:distance>12492.00</gpxdata:distance>
          <gpxdata:speed>0.974</gpxdata:speed>
        </extensions>
      </trkpt>
      <trkpt lat="46.6954951" lon="7.7419923">
        <ele>591.5</ele>
        <time>2026-09-15T13:50:57Z</time>
        <extensions>
          <gpxdata:distance>12501.85</gpxdata:distance>
          <gpxdata:speed>0.962</gpxdata:speed>
        </extensions>
      </trkpt>
      <trkpt lat="46.6957561" lon="7.7418233">
        <ele>590.0</ele>
        <time>2026-09-15T13:51:30Z</time>
        <extensions>
          <gpxdata:distance>12533.60</gpxdata:distance>
          <gpxdata:speed>0.956</gpxdata:speed>
        </extensions>
      </trkpt>
      <trkpt lat="46.6957921" lon="7.7417843">
        <ele>590.7</ele>
        <time>2026-09-15T13:51:35Z</time>
        <extensions>
          <gpxdata:distance>12538.59</gpxdata:distance>
          <gpxdata:speed>0.971</gpxdata:speed>
        </extensions>
      </trkpt>
      <trkpt lat="46.6958281" lon="7.7417323">
        <ele>589.8</ele>
        <time>2026-09-15T13:51:41Z</time>
        <extensions>
          <gpxdata:distance>12544.22</gpxdata:distance>
          <gpxdata:speed>0.961</gpxdata:speed>
        </extensions>
      </trkpt>
      <trkpt lat="46.6958461" lon="7.7416803">
        <ele>589.3</ele>
        <time>2026-09-15T13:51:46Z</time>
        <extensions>
          <gpxdata:distance>12548.66</gpxdata:distance>
          <gpxdata:speed>0.954</gpxdata:speed>
        </extensions>
      </trkpt>
      <trkpt lat="46.6958551" lon="7.7416283">
        <ele>589.2</ele>
        <time>2026-09-15T13:51:50Z</time>
        <extensions>
          <gpxdata:distance>12552.75</gpxdata:distance>
          <gpxdata:speed>0.953</gpxdata:speed>
        </extensions>
      </trkpt>
      <trkpt lat="46.6958741" lon="7.7413803">
        <ele>587.6</ele>
        <time>2026-09-15T13:52:10Z</time>
        <extensions>
          <gpxdata:distance>12571.79</gpxdata:distance>
          <gpxdata:speed>0.945</gpxdata:speed>
        </extensions>
      </trkpt>
      <trkpt lat="46.6958921" lon="7.7413143">
        <ele>587.2</ele>
        <time>2026-09-15T13:52:16Z</time>
        <extensions>
          <gpxdata:distance>12577.20</gpxdata:distance>
          <gpxdata:speed>0.944</gpxdata:speed>
        </extensions>
      </trkpt>
      <trkpt lat="46.6959101" lon="7.7412753">
        <ele>586.3</ele>
        <time>2026-09-15T13:52:20Z</time>
        <extensions>
          <gpxdata:distance>12580.79</gpxdata:distance>
          <gpxdata:speed>0.929</gpxdata:speed>
        </extensions>
      </trkpt>
      <trkpt lat="46.6959461" lon="7.7412493">
        <ele>586.3</ele>
        <time>2026-09-15T13:52:25Z</time>
        <extensions>
          <gpxdata:distance>12585.26</gpxdata:distance>
          <gpxdata:speed>0.935</gpxdata:speed>
        </extensions>
      </trkpt>
      <trkpt lat="46.6960182" lon="7.7412103">
        <ele>586.2</ele>
        <time>2026-09-15T13:52:34Z</time>
        <extensions>
          <gpxdata:distance>12593.81</gpxdata:distance>
          <gpxdata:speed>0.934</gpxdata:speed>
        </extensions>
      </trkpt>
      <trkpt lat="46.6960722" lon="7.7411723">
        <ele>585.8</ele>
        <time>2026-09-15T13:52:41Z</time>
        <extensions>
          <gpxdata:distance>12600.47</gpxdata:distance>
          <gpxdata:speed>0.917</gpxdata:speed>
        </extensions>
      </trkpt>
      <trkpt lat="46.6961362" lon="7.7411333">
        <ele>585.1</ele>
        <time>2026-09-15T13:52:49Z</time>
        <extensions>
          <gpxdata:distance>12608.19</gpxdata:distance>
          <gpxdata:speed>0.923</gpxdata:speed>
        </extensions>
      </trkpt>
      <trkpt lat="46.6962172" lon="7.7410683">
        <ele>584.1</ele>
        <time>2026-09-15T13:53:01Z</time>
        <extensions>
          <gpxdata:distance>12618.47</gpxdata:distance>
          <gpxdata:speed>0.922</gpxdata:speed>
        </extensions>
      </trkpt>
      <trkpt lat="46.6962532" lon="7.7410293">
        <ele>583.4</ele>
        <time>2026-09-15T13:53:06Z</time>
        <extensions>
          <gpxdata:distance>12623.45</gpxdata:distance>
          <gpxdata:speed>0.914</gpxdata:speed>
        </extensions>
      </trkpt>
      <trkpt lat="46.6962892" lon="7.7409773">
        <ele>582.7</ele>
        <time>2026-09-15T13:53:12Z</time>
        <extensions>
          <gpxdata:distance>12629.09</gpxdata:distance>
          <gpxdata:speed>0.910</gpxdata:speed>
        </extensions>
      </trkpt>
      <trkpt lat="46.6962892" lon="7.7409773">
        <ele>582.7</ele>
        <time>2026-09-15T13:53:12Z</time>
        <extensions>
          <gpxdata:distance>12629.09</gpxdata:distance>
          <gpxdata:speed>0.000</gpxdata:speed>
        </extensions>
      </trkpt>
      <trkpt lat="46.6963162" lon="7.7408983">
        <ele>583.0</ele>
        <time>2026-09-15T13:53:19Z</time>
        <extensions>
          <gpxdata:distance>12635.82</gpxdata:distance>
          <gpxdata:speed>0.937</gpxdata:speed>
        </extensions>
      </trkpt>
      <trkpt lat="46.6963712" lon="7.7406893">
        <ele>584.1</ele>
        <time>2026-09-15T13:53:37Z</time>
        <extensions>
          <gpxdata:distance>12652.89</gpxdata:distance>
          <gpxdata:speed>0.971</gpxdata:speed>
        </extensions>
      </trkpt>
      <trkpt lat="46.6963892" lon="7.7406503">
        <ele>584.4</ele>
        <time>2026-09-15T13:53:41Z</time>
        <extensions>
          <gpxdata:distance>12656.48</gpxdata:distance>
          <gpxdata:speed>0.975</gpxdata:speed>
        </extensions>
      </trkpt>
      <trkpt lat="46.6964162" lon="7.7406243">
        <ele>584.7</ele>
        <time>2026-09-15T13:53:44Z</time>
        <extensions>
          <gpxdata:distance>12660.08</gpxdata:distance>
          <gpxdata:speed>0.989</gpxdata:speed>
        </extensions>
      </trkpt>
      <trkpt lat="46.6964792" lon="7.7405993">
        <ele>585.4</ele>
        <time>2026-09-15T13:53:52Z</time>
        <extensions>
          <gpxdata:distance>12667.34</gpxdata:distance>
          <gpxdata:speed>1.000</gpxdata:speed>
        </extensions>
      </trkpt>
      <trkpt lat="46.6965512" lon="7.7405603">
        <ele>585.4</ele>
        <time>2026-09-15T13:54:01Z</time>
        <extensions>
          <gpxdata:distance>12675.88</gpxdata:distance>
          <gpxdata:speed>0.955</gpxdata:speed>
        </extensions>
      </trkpt>
      <trkpt lat="46.6965512" lon="7.7405603">
        <ele>585.4</ele>
        <time>2026-09-15T13:54:01Z</time>
        <extensions>
          <gpxdata:distance>12675.88</gpxdata:distance>
          <gpxdata:speed>0.000</gpxdata:speed>
        </extensions>
      </trkpt>
      <trkpt lat="46.6965962" lon="7.7405213">
        <ele>585.0</ele>
        <time>2026-09-15T13:54:07Z</time>
        <extensions>
          <gpxdata:distance>12681.70</gpxdata:distance>
          <gpxdata:speed>0.901</gpxdata:speed>
        </extensions>
      </trkpt>
      <trkpt lat="46.6966502" lon="7.7405083">
        <ele>584.6</ele>
        <time>2026-09-15T13:54:14Z</time>
        <extensions>
          <gpxdata:distance>12687.78</gpxdata:distance>
          <gpxdata:speed>0.930</gpxdata:speed>
        </extensions>
      </trkpt>
      <trkpt lat="46.6966772" lon="7.7404823">
        <ele>584.5</ele>
        <time>2026-09-15T13:54:17Z</time>
        <extensions>
          <gpxdata:distance>12691.38</gpxdata:distance>
          <gpxdata:speed>0.944</gpxdata:speed>
        </extensions>
      </trkpt>
      <trkpt lat="46.6967042" lon="7.7404693">
        <ele>583.9</ele>
        <time>2026-09-15T13:54:20Z</time>
        <extensions>
          <gpxdata:distance>12694.54</gpxdata:distance>
          <gpxdata:speed>1.006</gpxdata:speed>
        </extensions>
      </trkpt>
      <trkpt lat="46.6967222" lon="7.7404172">
        <ele>583.0</ele>
        <time>2026-09-15T13:54:25Z</time>
        <extensions>
          <gpxdata:distance>12698.99</gpxdata:distance>
          <gpxdata:speed>0.970</gpxdata:speed>
        </extensions>
      </trkpt>
      <trkpt lat="46.6968222" lon="7.7400252">
        <ele>582.5</ele>
        <time>2026-09-15T13:54:58Z</time>
        <extensions>
          <gpxdata:distance>12730.89</gpxdata:distance>
          <gpxdata:speed>0.972</gpxdata:speed>
        </extensions>
      </trkpt>
      <trkpt lat="46.6968222" lon="7.7400252">
        <ele>582.5</ele>
        <time>2026-09-15T13:54:58Z</time>
        <extensions>
          <gpxdata:distance>12730.89</gpxdata:distance>
          <gpxdata:speed>0.000</gpxdata:speed>
        </extensions>
      </trkpt>
      <trkpt lat="46.6968312" lon="7.7399732">
        <ele>582.5</ele>
        <time>2026-09-15T13:55:02Z</time>
        <extensions>
          <gpxdata:distance>12734.98</gpxdata:distance>
          <gpxdata:speed>0.949</gpxdata:speed>
        </extensions>
      </trkpt>
      <trkpt lat="46.6968312" lon="7.7399732">
        <ele>582.5</ele>
        <time>2026-09-15T13:55:02Z</time>
        <extensions>
          <gpxdata:distance>12734.98</gpxdata:distance>
          <gpxdata:speed>0.000</gpxdata:speed>
        </extensions>
      </trkpt>
      <trkpt lat="46.6968502" lon="7.7398552">
        <ele>582.1</ele>
        <time>2026-09-15T13:55:12Z</time>
        <extensions>
          <gpxdata:distance>12744.22</gpxdata:distance>
          <gpxdata:speed>0.953</gpxdata:speed>
        </extensions>
      </trkpt>
      <trkpt lat="46.6968502" lon="7.7398552">
        <ele>582.1</ele>
        <time>2026-09-15T13:55:12Z</time>
        <extensions>
          <gpxdata:distance>12744.22</gpxdata:distance>
          <gpxdata:speed>0.000</gpxdata:speed>
        </extensions>
      </trkpt>
      <trkpt lat="46.6968952" lon="7.7396992">
        <ele>580.5</ele>
        <time>2026-09-15T13:55:26Z</time>
        <extensions>
          <gpxdata:distance>12757.13</gpxdata:distance>
          <gpxdata:speed>0.936</gpxdata:speed>
        </extensions>
      </trkpt>
      <trkpt lat="46.6969492" lon="7.7395422">
        <ele>579.5</ele>
        <time>2026-09-15T13:55:40Z</time>
        <extensions>
          <gpxdata:distance>12770.52</gpxdata:distance>
          <gpxdata:speed>0.940</gpxdata:speed>
        </extensions>
      </trkpt>
      <trkpt lat="46.6970132" lon="7.7393732">
        <ele>578.2</ele>
        <time>2026-09-15T13:55:56Z</time>
        <extensions>
          <gpxdata:distance>12785.25</gpxdata:distance>
          <gpxdata:speed>0.942</gpxdata:speed>
        </extensions>
      </trkpt>
      <trkpt lat="46.6970852" lon="7.7391772">
        <ele>576.8</ele>
        <time>2026-09-15T13:56:14Z</time>
        <extensions>
          <gpxdata:distance>12802.20</gpxdata:distance>
          <gpxdata:speed>0.916</gpxdata:speed>
        </extensions>
      </trkpt>
      <trkpt lat="46.6970852" lon="7.7391772">
        <ele>576.8</ele>
        <time>2026-09-15T13:56:14Z</time>
        <extensions>
          <gpxdata:distance>12802.20</gpxdata:distance>
          <gpxdata:speed>0.000</gpxdata:speed>
        </extensions>
      </trkpt>
      <trkpt lat="46.6969782" lon="7.7389282">
        <ele>573.5</ele>
        <time>2026-09-15T13:56:39Z</time>
        <extensions>
          <gpxdata:distance>12824.61</gpxdata:distance>
          <gpxdata:speed>0.895</gpxdata:speed>
        </extensions>
      </trkpt>
      <trkpt lat="46.6968892" lon="7.7387052">
        <ele>570.9</ele>
        <time>2026-09-15T13:57:01Z</time>
        <extensions>
          <gpxdata:distance>12844.29</gpxdata:distance>
          <gpxdata:speed>0.900</gpxdata:speed>
        </extensions>
      </trkpt>
      <trkpt lat="46.6968892" lon="7.7387052">
        <ele>570.9</ele>
        <time>2026-09-15T13:57:01Z</time>
        <extensions>
          <gpxdata:distance>12844.29</gpxdata:distance>
          <gpxdata:speed>0.000</gpxdata:speed>
        </extensions>
      </trkpt>
      <trkpt lat="46.6967282" lon="7.7383252">
        <ele>567.8</ele>
        <time>2026-09-15T13:57:39Z</time>
        <extensions>
          <gpxdata:distance>12878.35</gpxdata:distance>
          <gpxdata:speed>0.900</gpxdata:speed>
        </extensions>
      </trkpt>
      <trkpt lat="46.6967282" lon="7.7383252">
        <ele>567.8</ele>
        <time>2026-09-15T13:57:39Z</time>
        <extensions>
          <gpxdata:distance>12878.35</gpxdata:distance>
          <gpxdata:speed>0.000</gpxdata:speed>
        </extensions>
      </trkpt>
      <trkpt lat="46.6965942" lon="7.7379972">
        <ele>565.5</ele>
        <time>2026-09-15T13:58:11Z</time>
        <extensions>
          <gpxdata:distance>12907.47</gpxdata:distance>
          <gpxdata:speed>0.896</gpxdata:speed>
        </extensions>
      </trkpt>
      <trkpt lat="46.6965942" lon="7.7379972">
        <ele>565.5</ele>
        <time>2026-09-15T13:58:11Z</time>
        <extensions>
          <gpxdata:distance>12907.47</gpxdata:distance>
          <gpxdata:speed>0.000</gpxdata:speed>
        </extensions>
      </trkpt>
      <trkpt lat="46.6965312" lon="7.7378402">
        <ele>564.8</ele>
        <time>2026-09-15T13:58:27Z</time>
        <extensions>
          <gpxdata:distance>12921.34</gpxdata:distance>
          <gpxdata:speed>0.895</gpxdata:speed>
        </extensions>
      </trkpt>
      <trkpt lat="46.6965312" lon="7.7378402">
        <ele>564.8</ele>
        <time>2026-09-15T13:58:27Z</time>
        <extensions>
          <gpxdata:distance>12921.34</gpxdata:distance>
          <gpxdata:speed>0.000</gpxdata:speed>
        </extensions>
      </trkpt>
      <trkpt lat="46.6966122" lon="7.7377752">
        <ele>564.4</ele>
        <time>2026-09-15T13:58:38Z</time>
        <extensions>
          <gpxdata:distance>12931.62</gpxdata:distance>
          <gpxdata:speed>0.910</gpxdata:speed>
        </extensions>
      </trkpt>
      <trkpt lat="46.6966752" lon="7.7377362">
        <ele>564.4</ele>
        <time>2026-09-15T13:58:46Z</time>
        <extensions>
          <gpxdata:distance>12939.23</gpxdata:distance>
          <gpxdata:speed>0.928</gpxdata:speed>
        </extensions>
      </trkpt>
      <trkpt lat="46.6967382" lon="7.7376982">
        <ele>564.3</ele>
        <time>2026-09-15T13:58:54Z</time>
        <extensions>
          <gpxdata:distance>12946.81</gpxdata:distance>
          <gpxdata:speed>0.933</gpxdata:speed>
        </extensions>
      </trkpt>
      <trkpt lat="46.6968102" lon="7.7376722">
        <ele>564.6</ele>
        <time>2026-09-15T13:59:03Z</time>
        <extensions>
          <gpxdata:distance>12955.06</gpxdata:distance>
          <gpxdata:speed>0.959</gpxdata:speed>
        </extensions>
      </trkpt>
      <trkpt lat="46.6968102" lon="7.7376722">
        <ele>564.6</ele>
        <time>2026-09-15T13:59:03Z</time>
        <extensions>
          <gpxdata:distance>12955.06</gpxdata:distance>
          <gpxdata:speed>0.000</gpxdata:speed>
        </extensions>
      </trkpt>
      <trkpt lat="46.6968022" lon="7.7376062">
        <ele>564.5</ele>
        <time>2026-09-15T13:59:08Z</time>
        <extensions>
          <gpxdata:distance>12960.17</gpxdata:distance>
          <gpxdata:speed>0.988</gpxdata:speed>
        </extensions>
      </trkpt>
      <trkpt lat="46.6967662" lon="7.7374882">
        <ele>563.7</ele>
        <time>2026-09-15T13:59:18Z</time>
        <extensions>
          <gpxdata:distance>12970.02</gpxdata:distance>
          <gpxdata:speed>0.975</gpxdata:speed>
        </extensions>
      </trkpt>
      <trkpt lat="46.6967572" lon="7.7374492">
        <ele>563.1</ele>
        <time>2026-09-15T13:59:21Z</time>
        <extensions>
          <gpxdata:distance>12973.16</gpxdata:distance>
          <gpxdata:speed>0.970</gpxdata:speed>
        </extensions>
      </trkpt>
      <trkpt lat="46.6966592" lon="7.7372002">
        <ele>560.6</ele>
        <time>2026-09-15T13:59:45Z</time>
        <extensions>
          <gpxdata:distance>12995.06</gpxdata:distance>
          <gpxdata:speed>0.941</gpxdata:speed>
        </extensions>
      </trkpt>
      <trkpt lat="46.6966502" lon="7.7371872">
        <ele>560.6</ele>
        <time>2026-09-15T13:59:46Z</time>
        <extensions>
          <gpxdata:distance>12996.46</gpxdata:distance>
          <gpxdata:speed>0.939</gpxdata:speed>
        </extensions>
      </trkpt>
      <trkpt lat="46.6966322" lon="7.7371872">
        <ele>560.6</ele>
        <time>2026-09-15T13:59:48Z</time>
        <extensions>
          <gpxdata:distance>12998.47</gpxdata:distance>
          <gpxdata:speed>0.933</gpxdata:speed>
        </extensions>
      </trkpt>
      <trkpt lat="46.6965152" lon="7.7372652">
        <ele>560.5</ele>
        <time>2026-09-15T14:00:04Z</time>
        <extensions>
          <gpxdata:distance>13012.77</gpxdata:distance>
          <gpxdata:speed>0.940</gpxdata:speed>
        </extensions>
      </trkpt>
      <trkpt lat="46.6965152" lon="7.7372652">
        <ele>560.5</ele>
        <time>2026-09-15T14:00:04Z</time>
        <extensions>
          <gpxdata:distance>13012.77</gpxdata:distance>
          <gpxdata:speed>0.000</gpxdata:speed>
        </extensions>
      </trkpt>
      <trkpt lat="46.6965062" lon="7.7372122">
        <ele>560.3</ele>
        <time>2026-09-15T14:00:08Z</time>
        <extensions>
          <gpxdata:distance>13016.94</gpxdata:distance>
          <gpxdata:speed>0.927</gpxdata:speed>
        </extensions>
      </trkpt>
      <trkpt lat="46.6964882" lon="7.7371992">
        <ele>559.9</ele>
        <time>2026-09-15T14:00:11Z</time>
        <extensions>
          <gpxdata:distance>13019.17</gpxdata:distance>
          <gpxdata:speed>0.918</gpxdata:speed>
        </extensions>
      </trkpt>
      <trkpt lat="46.6964792" lon="7.7371992">
        <ele>559.7</ele>
        <time>2026-09-15T14:00:12Z</time>
        <extensions>
          <gpxdata:distance>13020.17</gpxdata:distance>
          <gpxdata:speed>0.916</gpxdata:speed>
        </extensions>
      </trkpt>
      <trkpt lat="46.6964702" lon="7.7371992">
        <ele>559.8</ele>
        <time>2026-09-15T14:00:13Z</time>
        <extensions>
          <gpxdata:distance>13021.17</gpxdata:distance>
          <gpxdata:speed>0.928</gpxdata:speed>
        </extensions>
      </trkpt>
      <trkpt lat="46.6964162" lon="7.7372382">
        <ele>559.4</ele>
        <time>2026-09-15T14:00:20Z</time>
        <extensions>
          <gpxdata:distance>13027.87</gpxdata:distance>
          <gpxdata:speed>0.965</gpxdata:speed>
        </extensions>
      </trkpt>
      <trkpt lat="46.6963982" lon="7.7372382">
        <ele>559.3</ele>
        <time>2026-09-15T14:00:22Z</time>
        <extensions>
          <gpxdata:distance>13029.87</gpxdata:distance>
          <gpxdata:speed>0.962</gpxdata:speed>
        </extensions>
      </trkpt>
      <trkpt lat="46.6963802" lon="7.7372252">
        <ele>559.2</ele>
        <time>2026-09-15T14:00:24Z</time>
        <extensions>
          <gpxdata:distance>13032.11</gpxdata:distance>
          <gpxdata:speed>0.959</gpxdata:speed>
        </extensions>
      </trkpt>
      <trkpt lat="46.6963622" lon="7.7371592">
        <ele>558.7</ele>
        <time>2026-09-15T14:00:30Z</time>
        <extensions>
          <gpxdata:distance>13037.52</gpxdata:distance>
          <gpxdata:speed>0.924</gpxdata:speed>
        </extensions>
      </trkpt>
      <trkpt lat="46.6963622" lon="7.7371592">
        <ele>558.7</ele>
        <time>2026-09-15T14:00:30Z</time>
        <extensions>
          <gpxdata:distance>13037.52</gpxdata:distance>
          <gpxdata:speed>0.000</gpxdata:speed>
        </extensions>
      </trkpt>
      <trkpt lat="46.6884704" lon="7.6898982">
        <ele>558.3</ele>
        <time>2026-09-15T15:01:37Z</time>
        <extensions>
          <gpxdata:distance>16747.41</gpxdata:distance>
          <gpxdata:speed>1.012</gpxdata:speed>
        </extensions>
      </trkpt>
      <trkpt lat="46.6884704" lon="7.6898982">
        <ele>558.3</ele>
        <time>2026-09-15T15:01:37Z</time>
        <extensions>
          <gpxdata:distance>16747.41</gpxdata:distance>
          <gpxdata:speed>0.000</gpxdata:speed>
        </extensions>
      </trkpt>
      <trkpt lat="46.6884804" lon="7.6894012">
        <ele>558.8</ele>
        <time>2026-09-15T15:02:14Z</time>
        <extensions>
          <gpxdata:distance>16785.33</gpxdata:distance>
          <gpxdata:speed>1.012</gpxdata:speed>
        </extensions>
      </trkpt>
      <trkpt lat="46.6884894" lon="7.6889962">
        <ele>558.7</ele>
        <time>2026-09-15T15:02:45Z</time>
        <extensions>
          <gpxdata:distance>16816.24</gpxdata:distance>
          <gpxdata:speed>1.012</gpxdata:speed>
        </extensions>
      </trkpt>
      <trkpt lat="46.6885174" lon="7.6889702">
        <ele>558.8</ele>
        <time>2026-09-15T15:02:49Z</time>
        <extensions>
          <gpxdata:distance>16819.93</gpxdata:distance>
          <gpxdata:speed>1.012</gpxdata:speed>
        </extensions>
      </trkpt>
      <trkpt lat="46.6886434" lon="7.6887742">
        <ele>559.2</ele>
        <time>2026-09-15T15:03:09Z</time>
        <extensions>
          <gpxdata:distance>16840.42</gpxdata:distance>
          <gpxdata:speed>1.012</gpxdata:speed>
        </extensions>
      </trkpt>
      <trkpt lat="46.6886704" lon="7.6886962">
        <ele>559.3</ele>
        <time>2026-09-15T15:03:15Z</time>
        <extensions>
          <gpxdata:distance>16847.09</gpxdata:distance>
          <gpxdata:speed>1.012</gpxdata:speed>
        </extensions>
      </trkpt>
      <trkpt lat="46.6886704" lon="7.6886962">
        <ele>559.3</ele>
        <time>2026-09-15T15:03:15Z</time>
        <extensions>
          <gpxdata:distance>16847.09</gpxdata:distance>
          <gpxdata:speed>0.000</gpxdata:speed>
        </extensions>
      </trkpt>
      <trkpt lat="46.6887154" lon="7.6885261">
        <ele>559.4</ele>
        <time>2026-09-15T15:03:29Z</time>
        <extensions>
          <gpxdata:distance>16860.99</gpxdata:distance>
          <gpxdata:speed>1.012</gpxdata:speed>
        </extensions>
      </trkpt>
      <trkpt lat="46.6888074" lon="7.6879391">
        <ele>559.6</ele>
        <time>2026-09-15T15:04:15Z</time>
        <extensions>
          <gpxdata:distance>16906.92</gpxdata:distance>
          <gpxdata:speed>0.992</gpxdata:speed>
        </extensions>
      </trkpt>
    </trkseg>
  </trk>
</gpx>