<?xml version='1.0' encoding='utf-8'?>
<gpx xmlns="http://www.topografix.com/GPX/1/1" xmlns:gpxdata="http://www.cluetrust.com/XML/GPXDATA/1/0" version="1.1" creator="crawler">
  <wpt lat="47.2941608" lon="7.9469875">
    <ele>442.5</ele>
    <time>2026-09-15T10:17:12Z</time>
    <name>1 km</name>
  </wpt>
  <wpt lat="47.3010727" lon="7.9460756">
    <ele>449.8</ele>
    <time>2026-09-15T10:34:30Z</time>
    <name>2 km</name>
  </wpt>
  <wpt lat="47.3065427" lon="7.9436937">
    <ele>442.1</ele>
    <time>2026-09-15T10:51:54Z</time>
    <name>3 km</name>
  </wpt>
  <wpt lat="47.3132287" lon="7.9429638">
    <ele>450.5</ele>
    <time>2026-09-15T11:10:47Z</time>
    <name>4 km</name>
  </wpt>
  <wpt lat="47.3195866" lon="7.9474159">
    <ele>441.6</ele>
    <time>2026-09-15T11:28:06Z</time>
    <name>5 km</name>
  </wpt>
  <wpt lat="47.3279667" lon="7.9458680">
    <ele>524.1</ele>
    <time>2026-09-15T11:48:43Z</time>
    <name>6 km</name>
  </wpt>
  <wpt lat="47.3298960" lon="7.9345220">
    <ele>551.0</ele>
    <time>2026-09-15T12:07:39Z</time>
    <name>7 km</name>
  </wpt>
  <wpt lat="47.3308271" lon="7.9230340">
    <ele>560.8</ele>
    <time>2026-09-15T12:25:41Z</time>
    <name>8 km</name>
  </wpt>
  <wpt lat="47.3260443" lon="7.9137830">
    <ele>498.7</ele>
    <time>2026-09-15T12:43:13Z</time>
    <name>9 km</name>
  </wpt>
  <wpt lat="47.3225934" lon="7.9020860">
    <ele>425.8</ele>
    <time>2026-09-15T13:01:14Z</time>
    <name>10 km</name>
  </wpt>
  <wpt lat="47.3210815" lon="7.8932500">
    <ele>461.2</ele>
    <time>2026-09-15T13:21:19Z</time>
    <name>11 km</name>
  </wpt>
  <wpt lat="47.3296135" lon="7.8940771">
    <ele>463.4</ele>
    <time>2026-09-15T13:40:09Z</time>
    <name>12 km</name>
  </wpt>
  <wpt lat="47.3363024" lon="7.9016091">
    <ele>400.8</ele>
    <time>2026-09-15T13:57:55Z</time>
    <name>13 km</name>
  </wpt>
  <wpt lat="47.3429604" lon="7.9055571">
    <ele>390.5</ele>
    <time>2026-09-15T14:15:38Z</time>
    <name>14 km</name>
  </wpt>
  <wpt lat="47.3511795" lon="7.9061981">
    <ele>390.8</ele>
    <time>2026-09-15T14:32:49Z</time>
    <name>15 km</name>
  </wpt>
  <trk>
    <name>7.4r Zofingen - Olten</name>
    <link href="https://schweizmobil.ch/fr/hiking-in-switzerland/route-7/stage-4" />
    <type>hiking</type>
    <trkseg>
      <trkpt lat="47.2882568" lon="7.9437063">
        <ele>431.6</ele>
        <time>2026-09-15T10:00:00Z</time>
        <extensions>
          <gpxdata:distance>0.00</gpxdata:distance>
          <gpxdata:speed>0.000</gpxdata:speed>
        </extensions>
      </trkpt>
      <trkpt lat="47.2883088" lon="7.9439843">
        <ele>432.5</ele>
        <time>2026-09-15T10:00:23Z</time>
        <extensions>
          <gpxdata:distance>21.75</gpxdata:distance>
          <gpxdata:speed>0.934</gpxdata:speed>
        </extensions>
      </trkpt>
      <trkpt lat="47.2883088" lon="7.9439843">
        <ele>432.5</ele>
        <time>2026-09-15T10:00:23Z</time>
        <extensions>
          <gpxdata:distance>21.75</gpxdata:distance>
          <gpxdata:speed>0.000</gpxdata:speed>
        </extensions>
      </trkpt>
      <trkpt lat="47.2883698" lon="7.9443943">
        <ele>434.0</ele>
        <time>2026-09-15T10:00:57Z</time>
        <extensions>
          <gpxdata:distance>53.41</gpxdata:distance>
          <gpxdata:speed>0.934</gpxdata:speed>
        </extensions>
      </trkpt>
      <trkpt lat="47.2883788" lon="7.9444473">
        <ele>434.1</ele>
        <time>2026-09-15T10:01:02Z</time>
        <extensions>
          <gpxdata:distance>57.53</gpxdata:distance>
          <gpxdata:speed>0.934</gpxdata:speed>
        </extensions>
      </trkpt>
      <trkpt lat="47.2883788" lon="7.9444473">
        <ele>434.1</ele>
        <time>2026-09-15T10:01:02Z</time>
        <extensions>
          <gpxdata:distance>57.53</gpxdata:distance>
          <gpxdata:speed>0.000</gpxdata:speed>
        </extensions>
      </trkpt>
      <trkpt lat="47.2884508" lon="7.9445673">
        <ele>434.5</ele>
        <time>2026-09-15T10:01:15Z</time>
        <extensions>
          <gpxdata:distance>69.61</gpxdata:distance>
          <gpxdata:speed>0.934</gpxdata:speed>
        </extensions>
      </trkpt>
      <trkpt lat="47.2884508" lon="7.9445673">
        <ele>434.5</ele>
        <time>2026-09-15T10:01:15Z</time>
        <extensions>
          <gpxdata:distance>69.61</gpxdata:distance>
          <gpxdata:speed>0.000</gpxdata:speed>
        </extensions>
      </trkpt>
      <trkpt lat="47.2884228" lon="7.9446193">
        <ele>434.4</ele>
        <time>2026-09-15T10:01:20Z</time>
        <extensions>
          <gpxdata:distance>74.62</gpxdata:distance>
          <gpxdata:speed>0.934</gpxdata:speed>
        </extensions>
      </trkpt>
      <trkpt lat="47.2883128" lon="7.9451083">
        <ele>435.1</ele>
        <time>2026-09-15T10:02:01Z</time>
        <extensions>
          <gpxdata:distance>113.48</gpxdata:distance>
          <gpxdata:speed>0.934</gpxdata:speed>
        </extensions>
      </trkpt>
      <trkpt lat="47.2883128" lon="7.9451083">
        <ele>435.1</ele>
        <time>2026-09-15T10:02:01Z</time>
        <extensions>
          <gpxdata:distance>113.48</gpxdata:distance>
          <gpxdata:speed>0.000</gpxdata:speed>
        </extensions>
      </trkpt>
      <trkpt lat="47.2881688" lon="7.9451993">
        <ele>435.1</ele>
        <time>2026-09-15T10:02:20Z</time>
        <extensions>
          <gpxdata:distance>130.90</gpxdata:distance>
          <gpxdata:speed>0.952</gpxdata:speed>
        </extensions>
      </trkpt>
      <trkpt lat="47.2881688" lon="7.9451993">
        <ele>435.1</ele>
        <time>2026-09-15T10:02:20Z</time>
        <extensions>
          <gpxdata:distance>130.90</gpxdata:distance>
          <gpxdata:speed>0.000</gpxdata:speed>
        </extensions>
      </trkpt>
      <trkpt lat="47.2882128" lon="7.9453313">
        <ele>435.5</ele>
        <time>2026-09-15T10:02:31Z</time>
        <extensions>
          <gpxdata:distance>141.99</gpxdata:distance>
          <gpxdata:speed>0.970</gpxdata:speed>
        </extensions>
      </trkpt>
      <trkpt lat="47.2882578" lon="7.9454513">
        <ele>436.1</ele>
        <time>2026-09-15T10:02:42Z</time>
        <extensions>
          <gpxdata:distance>152.34</gpxdata:distance>
          <gpxdata:speed>0.959</gpxdata:speed>
        </extensions>
      </trkpt>
      <trkpt lat="47.2882578" lon="7.9454513">
        <ele>436.1</ele>
        <time>2026-09-15T10:02:42Z</time>
        <extensions>
          <gpxdata:distance>152.34</gpxdata:distance>
          <gpxdata:speed>0.000</gpxdata:speed>
        </extensions>
      </trkpt>
      <trkpt lat="47.2883288" lon="7.9456503">
        <ele>437.1</ele>
        <time>2026-09-15T10:03:00Z</time>
        <extensions>
          <gpxdata:distance>169.30</gpxdata:distance>
          <gpxdata:speed>0.946</gpxdata:speed>
        </extensions>
      </trkpt>
      <trkpt lat="47.2883468" lon="7.9456763">
        <ele>437.2</ele>
        <time>2026-09-15T10:03:03Z</time>
        <extensions>
          <gpxdata:distance>172.10</gpxdata:distance>
          <gpxdata:speed>0.939</gpxdata:speed>
        </extensions>
      </trkpt>
      <trkpt lat="47.2883648" lon="7.9456903">
        <ele>437.3</ele>
        <time>2026-09-15T10:03:05Z</time>
        <extensions>
          <gpxdata:distance>174.36</gpxdata:distance>
          <gpxdata:speed>0.921</gpxdata:speed>
        </extensions>
      </trkpt>
      <trkpt lat="47.2885068" lon="7.9460083">
        <ele>438.7</ele>
        <time>2026-09-15T10:03:37Z</time>
        <extensions>
          <gpxdata:distance>203.08</gpxdata:distance>
          <gpxdata:speed>0.910</gpxdata:speed>
        </extensions>
      </trkpt>
      <trkpt lat="47.2885068" lon="7.9460083">
        <ele>438.7</ele>
        <time>2026-09-15T10:03:37Z</time>
        <extensions>
          <gpxdata:distance>203.08</gpxdata:distance>
          <gpxdata:speed>0.000</gpxdata:speed>
        </extensions>
      </trkpt>
      <trkpt lat="47.2885248" lon="7.9460753">
        <ele>438.8</ele>
        <time>2026-09-15T10:03:43Z</time>
        <extensions>
          <gpxdata:distance>208.51</gpxdata:distance>
          <gpxdata:speed>0.891</gpxdata:speed>
        </extensions>
      </trkpt>
      <trkpt lat="47.2885338" lon="7.9461543">
        <ele>438.8</ele>
        <time>2026-09-15T10:03:50Z</time>
        <extensions>
          <gpxdata:distance>214.55</gpxdata:distance>
          <gpxdata:speed>0.897</gpxdata:speed>
        </extensions>
      </trkpt>
      <trkpt lat="47.2885238" lon="7.9462863">
        <ele>438.8</ele>
        <time>2026-09-15T10:04:01Z</time>
        <extensions>
          <gpxdata:distance>224.57</gpxdata:distance>
          <gpxdata:speed>0.918</gpxdata:speed>
        </extensions>
      </trkpt>
      <trkpt lat="47.2885238" lon="7.9462863">
        <ele>438.8</ele>
        <time>2026-09-15T10:04:01Z</time>
        <extensions>
          <gpxdata:distance>224.57</gpxdata:distance>
          <gpxdata:speed>0.000</gpxdata:speed>
        </extensions>
      </trkpt>
      <trkpt lat="47.2885228" lon="7.9464183">
        <ele>438.7</ele>
        <time>2026-09-15T10:04:11Z</time>
        <extensions>
          <gpxdata:distance>234.53</gpxdata:distance>
          <gpxdata:speed>0.950</gpxdata:speed>
        </extensions>
      </trkpt>
      <trkpt lat="47.2885498" lon="7.9466173">
        <ele>439.0</ele>
        <time>2026-09-15T10:04:27Z</time>
        <extensions>
          <gpxdata:distance>249.83</gpxdata:distance>
          <gpxdata:speed>0.954</gpxdata:speed>
        </extensions>
      </trkpt>
      <trkpt lat="47.2885498" lon="7.9466173">
        <ele>439.0</ele>
        <time>2026-09-15T10:04:27Z</time>
        <extensions>
          <gpxdata:distance>249.83</gpxdata:distance>
          <gpxdata:speed>0.000</gpxdata:speed>
        </extensions>
      </trkpt>
      <trkpt lat="47.2885748" lon="7.9468553">
        <ele>439.3</ele>
        <time>2026-09-15T10:04:46Z</time>
        <extensions>
          <gpxdata:distance>268.00</gpxdata:distance>
          <gpxdata:speed>0.989</gpxdata:speed>
        </extensions>
      </trkpt>
      <trkpt lat="47.2886198" lon="7.9470403">
        <ele>439.5</ele>
        <time>2026-09-15T10:05:01Z</time>
        <extensions>
          <gpxdata:distance>282.82</gpxdata:distance>
          <gpxdata:speed>0.987</gpxdata:speed>
        </extensions>
      </trkpt>
      <trkpt lat="47.2886198" lon="7.9470403">
        <ele>439.5</ele>
        <time>2026-09-15T10:05:01Z</time>
        <extensions>
          <gpxdata:distance>282.82</gpxdata:distance>
          <gpxdata:speed>0.000</gpxdata:speed>
        </extensions>
      </trkpt>
      <trkpt lat="47.2886548" lon="7.9471603">
        <ele>439.6</ele>
        <time>2026-09-15T10:05:11Z</time>
        <extensions>
          <gpxdata:distance>292.68</gpxdata:distance>
          <gpxdata:speed>0.986</gpxdata:speed>
        </extensions>
      </trkpt>
      <trkpt lat="47.2887798" lon="7.9474913">
        <ele>440.0</ele>
        <time>2026-09-15T10:05:40Z</time>
        <extensions>
          <gpxdata:distance>321.25</gpxdata:distance>
          <gpxdata:speed>0.981</gpxdata:speed>
        </extensions>
      </trkpt>
      <trkpt lat="47.2887798" lon="7.9474913">
        <ele>440.0</ele>
        <time>2026-09-15T10:05:40Z</time>
        <extensions>
          <gpxdata:distance>321.25</gpxdata:distance>
          <gpxdata:speed>0.000</gpxdata:speed>
        </extensions>
      </trkpt>
      <trkpt lat="47.2889148" lon="7.9473873">
        <ele>440.0</ele>
        <time>2026-09-15T10:05:57Z</time>
        <extensions>
          <gpxdata:distance>338.19</gpxdata:distance>
          <gpxdata:speed>0.981</gpxdata:speed>
        </extensions>
      </trkpt>
      <trkpt lat="47.2889148" lon="7.9473873">
        <ele>440.0</ele>
        <time>2026-09-15T10:05:57Z</time>
        <extensions>
          <gpxdata:distance>338.19</gpxdata:distance>
          <gpxdata:speed>0.000</gpxdata:speed>
        </extensions>
      </trkpt>
      <trkpt lat="47.2893298" lon="7.9470343">
        <ele>439.6</ele>
        <time>2026-09-15T10:06:50Z</time>
        <extensions>
          <gpxdata:distance>391.46</gpxdata:distance>
          <gpxdata:speed>1.002</gpxdata:speed>
        </extensions>
      </trkpt>
      <trkpt lat="47.2895558" lon="7.9468383">
        <ele>439.3</ele>
        <time>2026-09-15T10:07:19Z</time>
        <extensions>
          <gpxdata:distance>420.62</gpxdata:distance>
          <gpxdata:speed>1.012</gpxdata:speed>
        </extensions>
      </trkpt>
      <trkpt lat="47.2895558" lon="7.9468383">
        <ele>439.3</ele>
        <time>2026-09-15T10:07:19Z</time>
        <extensions>
          <gpxdata:distance>420.62</gpxdata:distance>
          <gpxdata:speed>0.000</gpxdata:speed>
        </extensions>
      </trkpt>
      <trkpt lat="47.2895918" lon="7.9467993">
        <ele>439.2</ele>
        <time>2026-09-15T10:07:24Z</time>
        <extensions>
          <gpxdata:distance>425.59</gpxdata:distance>
          <gpxdata:speed>1.010</gpxdata:speed>
        </extensions>
      </trkpt>
      <trkpt lat="47.2895918" lon="7.9467993">
        <ele>439.2</ele>
        <time>2026-09-15T10:07:24Z</time>
        <extensions>
          <gpxdata:distance>425.59</gpxdata:distance>
          <gpxdata:speed>0.000</gpxdata:speed>
        </extensions>
      </trkpt>
      <trkpt lat="47.2896908" lon="7.9467204">
        <ele>439.1</ele>
        <time>2026-09-15T10:07:36Z</time>
        <extensions>
          <gpxdata:distance>438.10</gpxdata:distance>
          <gpxdata:speed>1.002</gpxdata:speed>
        </extensions>
      </trkpt>
      <trkpt lat="47.2898898" lon="7.9465504">
        <ele>438.8</ele>
        <time>2026-09-15T10:08:02Z</time>
        <extensions>
          <gpxdata:distance>463.67</gpxdata:distance>
          <gpxdata:speed>1.002</gpxdata:speed>
        </extensions>
      </trkpt>
      <trkpt lat="47.2898898" lon="7.9465504">
        <ele>438.8</ele>
        <time>2026-09-15T10:08:02Z</time>
        <extensions>
          <gpxdata:distance>463.67</gpxdata:distance>
          <gpxdata:speed>0.000</gpxdata:speed>
        </extensions>
      </trkpt>
      <trkpt lat="47.2899078" lon="7.9466164">
        <ele>438.8</ele>
        <time>2026-09-15T10:08:07Z</time>
        <extensions>
          <gpxdata:distance>469.04</gpxdata:distance>
          <gpxdata:speed>1.001</gpxdata:speed>
        </extensions>
      </trkpt>
      <trkpt lat="47.2899078" lon="7.9466164">
        <ele>438.8</ele>
        <time>2026-09-15T10:08:07Z</time>
        <extensions>
          <gpxdata:distance>469.04</gpxdata:distance>
          <gpxdata:speed>0.000</gpxdata:speed>
        </extensions>
      </trkpt>
      <trkpt lat="47.2900958" lon="7.9466844">
        <ele>438.2</ele>
        <time>2026-09-15T10:08:29Z</time>
        <extensions>
          <gpxdata:distance>490.56</gpxdata:distance>
          <gpxdata:speed>0.992</gpxdata:speed>
        </extensions>
      </trkpt>
      <trkpt lat="47.2901858" lon="7.9467124">
        <ele>438.1</ele>
        <time>2026-09-15T10:08:39Z</time>
        <extensions>
          <gpxdata:distance>500.79</gpxdata:distance>
          <gpxdata:speed>0.993</gpxdata:speed>
        </extensions>
      </trkpt>
      <trkpt lat="47.2902938" lon="7.9467794">
        <ele>438.2</ele>
        <time>2026-09-15T10:08:52Z</time>
        <extensions>
          <gpxdata:distance>513.82</gpxdata:distance>
          <gpxdata:speed>0.998</gpxdata:speed>
        </extensions>
      </trkpt>
      <trkpt lat="47.2904188" lon="7.9468594">
        <ele>438.4</ele>
        <time>2026-09-15T10:09:07Z</time>
        <extensions>
          <gpxdata:distance>528.97</gpxdata:distance>
          <gpxdata:speed>1.002</gpxdata:speed>
        </extensions>
      </trkpt>
      <trkpt lat="47.2904998" lon="7.9468734">
        <ele>438.4</ele>
        <time>2026-09-15T10:09:16Z</time>
        <extensions>
          <gpxdata:distance>538.04</gpxdata:distance>
          <gpxdata:speed>1.003</gpxdata:speed>
        </extensions>
      </trkpt>
      <trkpt lat="47.2905448" lon="7.9468744">
        <ele>438.3</ele>
        <time>2026-09-15T10:09:21Z</time>
        <extensions>
          <gpxdata:distance>543.05</gpxdata:distance>
          <gpxdata:speed>1.004</gpxdata:speed>
        </extensions>
      </trkpt>
      <trkpt lat="47.2905988" lon="7.9468484">
        <ele>438.4</ele>
        <time>2026-09-15T10:09:28Z</time>
        <extensions>
          <gpxdata:distance>549.36</gpxdata:distance>
          <gpxdata:speed>1.006</gpxdata:speed>
        </extensions>
      </trkpt>
      <trkpt lat="47.2906348" lon="7.9468354">
        <ele>438.4</ele>
        <time>2026-09-15T10:09:32Z</time>
        <extensions>
          <gpxdata:distance>553.48</gpxdata:distance>
          <gpxdata:speed>1.006</gpxdata:speed>
        </extensions>
      </trkpt>
      <trkpt lat="47.2906528" lon="7.9468484">
        <ele>438.4</ele>
        <time>2026-09-15T10:09:34Z</time>
        <extensions>
          <gpxdata:distance>555.71</gpxdata:distance>
          <gpxdata:speed>1.006</gpxdata:speed>
        </extensions>
      </trkpt>
      <trkpt lat="47.2906888" lon="7.9468884">
        <ele>438.4</ele>
        <time>2026-09-15T10:09:39Z</time>
        <extensions>
          <gpxdata:distance>560.72</gpxdata:distance>
          <gpxdata:speed>1.005</gpxdata:speed>
        </extensions>
      </trkpt>
      <trkpt lat="47.2907338" lon="7.9469024">
        <ele>438.4</ele>
        <time>2026-09-15T10:09:44Z</time>
        <extensions>
          <gpxdata:distance>565.84</gpxdata:distance>
          <gpxdata:speed>1.001</gpxdata:speed>
        </extensions>
      </trkpt>
      <trkpt lat="47.2907788" lon="7.9469024">
        <ele>438.3</ele>
        <time>2026-09-15T10:09:49Z</time>
        <extensions>
          <gpxdata:distance>570.84</gpxdata:distance>
          <gpxdata:speed>1.008</gpxdata:speed>
        </extensions>
      </trkpt>
      <trkpt lat="47.2908418" lon="7.9468904">
        <ele>438.4</ele>
        <time>2026-09-15T10:09:56Z</time>
        <extensions>
          <gpxdata:distance>577.91</gpxdata:distance>
          <gpxdata:speed>1.012</gpxdata:speed>
        </extensions>
      </trkpt>
      <trkpt lat="47.2909138" lon="7.9468644">
        <ele>438.3</ele>
        <time>2026-09-15T10:10:04Z</time>
        <extensions>
          <gpxdata:distance>586.15</gpxdata:distance>
          <gpxdata:speed>1.010</gpxdata:speed>
        </extensions>
      </trkpt>
      <trkpt lat="47.2909138" lon="7.9468644">
        <ele>438.3</ele>
        <time>2026-09-15T10:10:04Z</time>
        <extensions>
          <gpxdata:distance>586.15</gpxdata:distance>
          <gpxdata:speed>0.000</gpxdata:speed>
        </extensions>
      </trkpt>
      <trkpt lat="47.2909408" lon="7.9469304">
        <ele>438.3</ele>
        <time>2026-09-15T10:10:10Z</time>
        <extensions>
          <gpxdata:distance>591.96</gpxdata:distance>
          <gpxdata:speed>1.009</gpxdata:speed>
        </extensions>
      </trkpt>
      <trkpt lat="47.2909408" lon="7.9469304">
        <ele>438.3</ele>
        <time>2026-09-15T10:10:10Z</time>
        <extensions>
          <gpxdata:distance>591.96</gpxdata:distance>
          <gpxdata:speed>0.000</gpxdata:speed>
        </extensions>
      </trkpt>
      <trkpt lat="47.2910118" lon="7.9471164">
        <ele>438.5</ele>
        <time>2026-09-15T10:10:26Z</time>
        <extensions>
          <gpxdata:distance>608.06</gpxdata:distance>
          <gpxdata:speed>1.008</gpxdata:speed>
        </extensions>
      </trkpt>
      <trkpt lat="47.2910918" lon="7.9473154">
        <ele>438.5</ele>
        <time>2026-09-15T10:10:43Z</time>
        <extensions>
          <gpxdata:distance>625.51</gpxdata:distance>
          <gpxdata:speed>1.008</gpxdata:speed>
        </extensions>
      </trkpt>
      <trkpt lat="47.2911458" lon="7.9474084">
        <ele>438.6</ele>
        <time>2026-09-15T10:10:52Z</time>
        <extensions>
          <gpxdata:distance>634.74</gpxdata:distance>
          <gpxdata:speed>1.005</gpxdata:speed>
        </extensions>
      </trkpt>
      <trkpt lat="47.2911458" lon="7.9474084">
        <ele>438.6</ele>
        <time>2026-09-15T10:10:52Z</time>
        <extensions>
          <gpxdata:distance>634.74</gpxdata:distance>
          <gpxdata:speed>0.000</gpxdata:speed>
        </extensions>
      </trkpt>
      <trkpt lat="47.2912888" lon="7.9474364">
        <ele>438.8</ele>
        <time>2026-09-15T10:11:09Z</time>
        <extensions>
          <gpxdata:distance>650.78</gpxdata:distance>
          <gpxdata:speed>0.998</gpxdata:speed>
        </extensions>
      </trkpt>
      <trkpt lat="47.2913158" lon="7.9474364">
        <ele>438.9</ele>
        <time>2026-09-15T10:11:12Z</time>
        <extensions>
          <gpxdata:distance>653.78</gpxdata:distance>
          <gpxdata:speed>0.990</gpxdata:speed>
        </extensions>
      </trkpt>
      <trkpt lat="47.2913158" lon="7.9474364">
        <ele>438.9</ele>
        <time>2026-09-15T10:11:12Z</time>
        <extensions>
          <gpxdata:distance>653.78</gpxdata:distance>
          <gpxdata:speed>0.000</gpxdata:speed>
        </extensions>
      </trkpt>
      <trkpt lat="47.2913428" lon="7.9474374">
        <ele>439.0</ele>
        <time>2026-09-15T10:11:15Z</time>
        <extensions>
          <gpxdata:distance>656.78</gpxdata:distance>
          <gpxdata:speed>0.985</gpxdata:speed>
        </extensions>
      </trkpt>
      <trkpt lat="47.2914238" lon="7.9474114">
        <ele>439.3</ele>
        <time>2026-09-15T10:11:24Z</time>
        <extensions>
          <gpxdata:distance>666.00</gpxdata:distance>
          <gpxdata:speed>0.978</gpxdata:speed>
        </extensions>
      </trkpt>
      <trkpt lat="47.2915498" lon="7.9473864">
        <ele>439.6</ele>
        <time>2026-09-15T10:11:39Z</time>
        <extensions>
          <gpxdata:distance>680.14</gpxdata:distance>
          <gpxdata:speed>0.974</gpxdata:speed>
        </extensions>
      </trkpt>
      <trkpt lat="47.2915498" lon="7.9473864">
        <ele>439.6</ele>
        <time>2026-09-15T10:11:39Z</time>
        <extensions>
          <gpxdata:distance>680.14</gpxdata:distance>
          <gpxdata:speed>0.000</gpxdata:speed>
        </extensions>
      </trkpt>
      <trkpt lat="47.2915758" lon="7.9476114">
        <ele>441.4</ele>
        <time>2026-09-15T10:11:58Z</time>
        <extensions>
          <gpxdata:distance>697.35</gpxdata:distance>
          <gpxdata:speed>0.899</gpxdata:speed>
        </extensions>
      </trkpt>
      <trkpt lat="47.2915938" lon="7.9477174">
        <ele>442.2</ele>
        <time>2026-09-15T10:12:07Z</time>
        <extensions>
          <gpxdata:distance>705.59</gpxdata:distance>
          <gpxdata:speed>0.883</gpxdata:speed>
        </extensions>
      </trkpt>
      <trkpt lat="47.2915938" lon="7.9477174">
        <ele>442.2</ele>
        <time>2026-09-15T10:12:07Z</time>
        <extensions>
          <gpxdata:distance>705.59</gpxdata:distance>
          <gpxdata:speed>0.000</gpxdata:speed>
        </extensions>
      </trkpt>
      <trkpt lat="47.2917198" lon="7.9476914">
        <ele>442.2</ele>
        <time>2026-09-15T10:12:23Z</time>
        <extensions>
          <gpxdata:distance>719.74</gpxdata:distance>
          <gpxdata:speed>0.885</gpxdata:speed>
        </extensions>
      </trkpt>
      <trkpt lat="47.2919088" lon="7.9476534">
        <ele>442.3</ele>
        <time>2026-09-15T10:12:46Z</time>
        <extensions>
          <gpxdata:distance>740.95</gpxdata:distance>
          <gpxdata:speed>0.913</gpxdata:speed>
        </extensions>
      </trkpt>
      <trkpt lat="47.2920798" lon="7.9476154">
        <ele>442.5</ele>
        <time>2026-09-15T10:13:07Z</time>
        <extensions>
          <gpxdata:distance>760.18</gpxdata:distance>
          <gpxdata:speed>0.926</gpxdata:speed>
        </extensions>
      </trkpt>
      <trkpt lat="47.2924668" lon="7.9475404">
        <ele>442.8</ele>
        <time>2026-09-15T10:13:53Z</time>
        <extensions>
          <gpxdata:distance>803.58</gpxdata:distance>
          <gpxdata:speed>0.948</gpxdata:speed>
        </extensions>
      </trkpt>
      <trkpt lat="47.2925028" lon="7.9475274">
        <ele>442.8</ele>
        <time>2026-09-15T10:13:57Z</time>
        <extensions>
          <gpxdata:distance>807.71</gpxdata:distance>
          <gpxdata:speed>0.949</gpxdata:speed>
        </extensions>
      </trkpt>
      <trkpt lat="47.2925028" lon="7.9475274">
        <ele>442.8</ele>
        <time>2026-09-15T10:13:57Z</time>
        <extensions>
          <gpxdata:distance>807.71</gpxdata:distance>
          <gpxdata:speed>0.000</gpxdata:speed>
        </extensions>
      </trkpt>
      <trkpt lat="47.2929438" lon="7.9474394">
        <ele>443.1</ele>
        <time>2026-09-15T10:14:47Z</time>
        <extensions>
          <gpxdata:distance>857.19</gpxdata:distance>
          <gpxdata:speed>0.985</gpxdata:speed>
        </extensions>
      </trkpt>
      <trkpt lat="47.2929438" lon="7.9474394">
        <ele>443.1</ele>
        <time>2026-09-15T10:14:47Z</time>
        <extensions>
          <gpxdata:distance>857.19</gpxdata:distance>
          <gpxdata:speed>0.000</gpxdata:speed>
        </extensions>
      </trkpt>
      <trkpt lat="47.2929438" lon="7.9474524">
        <ele>443.1</ele>
        <time>2026-09-15T10:14:48Z</time>
        <extensions>
          <gpxdata:distance>858.17</gpxdata:distance>
          <gpxdata:speed>0.997</gpxdata:speed>
        </extensions>
      </trkpt>
      <trkpt lat="47.2931058" lon="7.9474274">
        <ele>443.2</ele>
        <time>2026-09-15T10:15:07Z</time>
        <extensions>
          <gpxdata:distance>876.28</gpxdata:distance>
          <gpxdata:speed>0.996</gpxdata:speed>
        </extensions>
      </trkpt>
      <trkpt lat="47.2931778" lon="7.9474014">
        <ele>443.3</ele>
        <time>2026-09-15T10:15:15Z</time>
        <extensions>
          <gpxdata:distance>884.52</gpxdata:distance>
          <gpxdata:speed>0.995</gpxdata:speed>
        </extensions>
      </trkpt>
      <trkpt lat="47.2932508" lon="7.9473364">
        <ele>443.4</ele>
        <time>2026-09-15T10:15:24Z</time>
        <extensions>
          <gpxdata:distance>894.01</gpxdata:distance>
          <gpxdata:speed>0.995</gpxdata:speed>
        </extensions>
      </trkpt>
      <trkpt lat="47.2932508" lon="7.9473364">
        <ele>443.4</ele>
        <time>2026-09-15T10:15:24Z</time>
        <extensions>
          <gpxdata:distance>894.01</gpxdata:distance>
          <gpxdata:speed>0.000</gpxdata:speed>
        </extensions>
      </trkpt>
      <trkpt lat="47.2933138" lon="7.9473234">
        <ele>443.6</ele>
        <time>2026-09-15T10:15:31Z</time>
        <extensions>
          <gpxdata:distance>901.08</gpxdata:distance>
          <gpxdata:speed>0.991</gpxdata:speed>
        </extensions>
      </trkpt>
      <trkpt lat="47.2934218" lon="7.9472844">
        <ele>443.7</ele>
        <time>2026-09-15T10:15:44Z</time>
        <extensions>
          <gpxdata:distance>913.44</gpxdata:distance>
          <gpxdata:speed>0.991</gpxdata:speed>
        </extensions>
      </trkpt>
      <trkpt lat="47.2936918" lon="7.9471684">
        <ele>443.9</ele>
        <time>2026-09-15T10:16:16Z</time>
        <extensions>
          <gpxdata:distance>944.72</gpxdata:distance>
          <gpxdata:speed>0.989</gpxdata:speed>
        </extensions>
      </trkpt>
      <trkpt lat="47.2938808" lon="7.9470774">
        <ele>444.0</ele>
        <time>2026-09-15T10:16:38Z</time>
        <extensions>
          <gpxdata:distance>966.82</gpxdata:distance>
          <gpxdata:speed>0.992</gpxdata:speed>
        </extensions>
      </trkpt>
      <trkpt lat="47.2939528" lon="7.9470525">
        <ele>444.1</ele>
        <time>2026-09-15T10:16:46Z</time>
        <extensions>
          <gpxdata:distance>975.05</gpxdata:distance>
          <gpxdata:speed>0.991</gpxdata:speed>
        </extensions>
      </trkpt>
      <trkpt lat="47.2939798" lon="7.9470655">
        <ele>444.0</ele>
        <time>2026-09-15T10:16:49Z</time>
        <extensions>
          <gpxdata:distance>978.21</gpxdata:distance>
          <gpxdata:speed>0.992</gpxdata:speed>
        </extensions>
      </trkpt>
      <trkpt lat="47.2939978" lon="7.9470655">
        <ele>443.9</ele>
        <time>2026-09-15T10:16:51Z</time>
        <extensions>
          <gpxdata:distance>980.21</gpxdata:distance>
          <gpxdata:speed>0.996</gpxdata:speed>
        </extensions>
      </trkpt>
      <trkpt lat="47.2940068" lon="7.9470925">
        <ele>443.8</ele>
        <time>2026-09-15T10:16:54Z</time>
        <extensions>
          <gpxdata:distance>982.48</gpxdata:distance>
          <gpxdata:speed>1.001</gpxdata:speed>
        </extensions>
      </trkpt>
      <trkpt lat="47.2940068" lon="7.9470925">
        <ele>443.8</ele>
        <time>2026-09-15T10:16:54Z</time>
        <extensions>
          <gpxdata:distance>982.48</gpxdata:distance>
          <gpxdata:speed>0.000</gpxdata:speed>
        </extensions>
      </trkpt>
      <trkpt lat="47.2940788" lon="7.9470405">
        <ele>443.2</ele>
        <time>2026-09-15T10:17:02Z</time>
        <extensions>
          <gpxdata:distance>991.39</gpxdata:distance>
          <gpxdata:speed>1.007</gpxdata:speed>
        </extensions>
      </trkpt>
      <trkpt lat="47.2941608" lon="7.9469875">
        <ele>442.5</ele>
        <time>2026-09-15T10:17:12Z</time>
        <extensions>
          <gpxdata:distance>1001.35</gpxdata:distance>
          <gpxdata:speed>0.995</gpxdata:speed>
        </extensions>
      </trkpt>
      <trkpt lat="47.2943678" lon="7.9468845">
        <ele>441.0</ele>
        <time>2026-09-15T10:17:38Z</time>
        <extensions>
          <gpxdata:distance>1025.64</gpxdata:distance>
          <gpxdata:speed>0.966</gpxdata:speed>
        </extensions>
      </trkpt>
      <trkpt lat="47.2943948" lon="7.9468575">
        <ele>440.8</ele>
        <time>2026-09-15T10:17:41Z</time>
        <extensions>
          <gpxdata:distance>1029.27</gpxdata:distance>
          <gpxdata:speed>0.947</gpxdata:speed>
        </extensions>
      </trkpt>
      <trkpt lat="47.2944218" lon="7.9468185">
        <ele>440.5</ele>
        <time>2026-09-15T10:17:46Z</time>
        <extensions>
          <gpxdata:distance>1033.47</gpxdata:distance>
          <gpxdata:speed>0.936</gpxdata:speed>
        </extensions>
      </trkpt>
      <trkpt lat="47.2944678" lon="7.9466995">
        <ele>440.1</ele>
        <time>2026-09-15T10:17:57Z</time>
        <extensions>
          <gpxdata:distance>1043.80</gpxdata:distance>
          <gpxdata:speed>0.938</gpxdata:speed>
        </extensions>
      </trkpt>
      <trkpt lat="47.2944678" lon="7.9466995">
        <ele>440.1</ele>
        <time>2026-09-15T10:17:57Z</time>
        <extensions>
          <gpxdata:distance>1043.80</gpxdata:distance>
          <gpxdata:speed>0.000</gpxdata:speed>
        </extensions>
      </trkpt>
      <trkpt lat="47.2944138" lon="7.9466465">
        <ele>439.9</ele>
        <time>2026-09-15T10:18:05Z</time>
        <extensions>
          <gpxdata:distance>1051.01</gpxdata:distance>
          <gpxdata:speed>0.941</gpxdata:speed>
        </extensions>
      </trkpt>
      <trkpt lat="47.2944138" lon="7.9466465">
        <ele>439.9</ele>
        <time>2026-09-15T10:18:05Z</time>
        <extensions>
          <gpxdata:distance>1051.01</gpxdata:distance>
          <gpxdata:speed>0.000</gpxdata:speed>
        </extensions>
      </trkpt>
      <trkpt lat="47.2945768" lon="7.9464105">
        <ele>439.1</ele>
        <time>2026-09-15T10:18:31Z</time>
        <extensions>
          <gpxdata:distance>1076.42</gpxdata:distance>
          <gpxdata:speed>0.950</gpxdata:speed>
        </extensions>
      </trkpt>
      <trkpt lat="47.2945768" lon="7.9464105">
        <ele>439.1</ele>
        <time>2026-09-15T10:18:31Z</time>
        <extensions>
          <gpxdata:distance>1076.42</gpxdata:distance>
          <gpxdata:speed>0.000</gpxdata:speed>
        </extensions>
      </trkpt>
      <trkpt lat="47.2946758" lon="7.9462785">
        <ele>438.6</ele>
        <time>2026-09-15T10:18:47Z</time>
        <extensions>
          <gpxdata:distance>1091.26</gpxdata:distance>
          <gpxdata:speed>0.965</gpxdata:speed>
        </extensions>
      </trkpt>
      <trkpt lat="47.2946758" lon="7.9462785">
        <ele>438.6</ele>
        <time>2026-09-15T10:18:47Z</time>
        <extensions>
          <gpxdata:distance>1091.26</gpxdata:distance>
          <gpxdata:speed>0.000</gpxdata:speed>
        </extensions>
      </trkpt>
      <trkpt lat="47.2949658" lon="7.9458845">
        <ele>437.3</ele>
        <time>2026-09-15T10:19:32Z</time>
        <extensions>
          <gpxdata:distance>1135.11</gpxdata:distance>
          <gpxdata:speed>0.972</gpxdata:speed>
        </extensions>
      </trkpt>
      <trkpt lat="47.2951108" lon="7.9456885">
        <ele>436.8</ele>
        <time>2026-09-15T10:19:54Z</time>
        <extensions>
          <gpxdata:distance>1156.98</gpxdata:distance>
          <gpxdata:speed>0.975</gpxdata:speed>
        </extensions>
      </trkpt>
      <trkpt lat="47.2951108" lon="7.9456885">
        <ele>436.8</ele>
        <time>2026-09-15T10:19:54Z</time>
        <extensions>
          <gpxdata:distance>1156.98</gpxdata:distance>
          <gpxdata:speed>0.000</gpxdata:speed>
        </extensions>
      </trkpt>
      <trkpt lat="47.2952098" lon="7.9455705">
        <ele>436.6</ele>
        <time>2026-09-15T10:20:09Z</time>
        <extensions>
          <gpxdata:distance>1171.13</gpxdata:distance>
          <gpxdata:speed>0.977</gpxdata:speed>
        </extensions>
      </trkpt>
      <trkpt lat="47.2952098" lon="7.9455705">
        <ele>436.6</ele>
        <time>2026-09-15T10:20:09Z</time>
        <extensions>
          <gpxdata:distance>1171.13</gpxdata:distance>
          <gpxdata:speed>0.000</gpxdata:speed>
        </extensions>
      </trkpt>
      <trkpt lat="47.2952818" lon="7.9455045">
        <ele>436.5</ele>
        <time>2026-09-15T10:20:18Z</time>
        <extensions>
          <gpxdata:distance>1180.56</gpxdata:distance>
          <gpxdata:speed>0.980</gpxdata:speed>
        </extensions>
      </trkpt>
      <trkpt lat="47.2953278" lon="7.9454785">
        <ele>436.5</ele>
        <time>2026-09-15T10:20:24Z</time>
        <extensions>
          <gpxdata:distance>1186.04</gpxdata:distance>
          <gpxdata:speed>0.982</gpxdata:speed>
        </extensions>
      </trkpt>
      <trkpt lat="47.2953638" lon="7.9454525">
        <ele>436.5</ele>
        <time>2026-09-15T10:20:28Z</time>
        <extensions>
          <gpxdata:distance>1190.50</gpxdata:distance>
          <gpxdata:speed>0.985</gpxdata:speed>
        </extensions>
      </trkpt>
      <trkpt lat="47.2954178" lon="7.9454395">
        <ele>436.5</ele>
        <time>2026-09-15T10:20:35Z</time>
        <extensions>
          <gpxdata:distance>1196.58</gpxdata:distance>
          <gpxdata:speed>0.987</gpxdata:speed>
        </extensions>
      </trkpt>
      <trkpt lat="47.2954718" lon="7.9454135">
        <ele>436.4</ele>
        <time>2026-09-15T10:20:41Z</time>
        <extensions>
          <gpxdata:distance>1202.90</gpxdata:distance>
          <gpxdata:speed>0.995</gpxdata:speed>
        </extensions>
      </trkpt>
      <trkpt lat="47.2955168" lon="7.9454145">
        <ele>436.4</ele>
        <time>2026-09-15T10:20:46Z</time>
        <extensions>
          <gpxdata:distance>1207.90</gpxdata:distance>
          <gpxdata:speed>1.002</gpxdata:speed>
        </extensions>
      </trkpt>
      <trkpt lat="47.2955168" lon="7.9454145">
        <ele>436.4</ele>
        <time>2026-09-15T10:20:46Z</time>
        <extensions>
          <gpxdata:distance>1207.90</gpxdata:distance>
          <gpxdata:speed>0.000</gpxdata:speed>
        </extensions>
      </trkpt>
      <trkpt lat="47.2955528" lon="7.9454145">
        <ele>436.4</ele>
        <time>2026-09-15T10:20:50Z</time>
        <extensions>
          <gpxdata:distance>1211.91</gpxdata:distance>
          <gpxdata:speed>1.006</gpxdata:speed>
        </extensions>
      </trkpt>
      <trkpt lat="47.2956428" lon="7.9454155">
        <ele>436.3</ele>
        <time>2026-09-15T10:21:00Z</time>
        <extensions>
          <gpxdata:distance>1221.91</gpxdata:distance>
          <gpxdata:speed>1.005</gpxdata:speed>
        </extensions>
      </trkpt>
      <trkpt lat="47.2959568" lon="7.9454585">
        <ele>436.1</ele>
        <time>2026-09-15T10:21:35Z</time>
        <extensions>
          <gpxdata:distance>1256.98</gpxdata:distance>
          <gpxdata:speed>1.006</gpxdata:speed>
        </extensions>
      </trkpt>
      <trkpt lat="47.2960918" lon="7.9454725">
        <ele>436.0</ele>
        <time>2026-09-15T10:21:50Z</time>
        <extensions>
          <gpxdata:distance>1272.03</gpxdata:distance>
          <gpxdata:speed>1.005</gpxdata:speed>
        </extensions>
      </trkpt>
      <trkpt lat="47.2960918" lon="7.9454725">
        <ele>436.0</ele>
        <time>2026-09-15T10:21:50Z</time>
        <extensions>
          <gpxdata:distance>1272.03</gpxdata:distance>
          <gpxdata:speed>0.000</gpxdata:speed>
        </extensions>
      </trkpt>
      <trkpt lat="47.2961998" lon="7.9454605">
        <ele>435.9</ele>
        <time>2026-09-15T10:22:02Z</time>
        <extensions>
          <gpxdata:distance>1284.07</gpxdata:distance>
          <gpxdata:speed>1.004</gpxdata:speed>
        </extensions>
      </trkpt>
      <trkpt lat="47.2962178" lon="7.9454605">
        <ele>435.9</ele>
        <time>2026-09-15T10:22:04Z</time>
        <extensions>
          <gpxdata:distance>1286.07</gpxdata:distance>
          <gpxdata:speed>1.005</gpxdata:speed>
        </extensions>
      </trkpt>
      <trkpt lat="47.2962178" lon="7.9454605">
        <ele>435.9</ele>
        <time>2026-09-15T10:22:04Z</time>
        <extensions>
          <gpxdata:distance>1286.07</gpxdata:distance>
          <gpxdata:speed>0.000</gpxdata:speed>
        </extensions>
      </trkpt>
      <trkpt lat="47.2962988" lon="7.9454485">
        <ele>436.0</ele>
        <time>2026-09-15T10:22:13Z</time>
        <extensions>
          <gpxdata:distance>1295.12</gpxdata:distance>
          <gpxdata:speed>1.006</gpxdata:speed>
        </extensions>
      </trkpt>
      <trkpt lat="47.2962988" lon="7.9454485">
        <ele>436.0</ele>
        <time>2026-09-15T10:22:13Z</time>
        <extensions>
          <gpxdata:distance>1295.12</gpxdata:distance>
          <gpxdata:speed>0.000</gpxdata:speed>
        </extensions>
      </trkpt>
      <trkpt lat="47.2963078" lon="7.9455145">
        <ele>436.1</ele>
        <time>2026-09-15T10:22:18Z</time>
        <extensions>
          <gpxdata:distance>1300.20</gpxdata:distance>
          <gpxdata:speed>1.009</gpxdata:speed>
        </extensions>
      </trkpt>
      <trkpt lat="47.2963168" lon="7.9455805">
        <ele>436.1</ele>
        <time>2026-09-15T10:22:23Z</time>
        <extensions>
          <gpxdata:distance>1305.28</gpxdata:distance>
          <gpxdata:speed>1.012</gpxdata:speed>
        </extensions>
      </trkpt>
      <trkpt lat="47.2963248" lon="7.9456205">
        <ele>436.1</ele>
        <time>2026-09-15T10:22:26Z</time>
        <extensions>
          <gpxdata:distance>1308.42</gpxdata:distance>
          <gpxdata:speed>1.005</gpxdata:speed>
        </extensions>
      </trkpt>
      <trkpt lat="47.2963428" lon="7.9456735">
        <ele>436.1</ele>
        <time>2026-09-15T10:22:30Z</time>
        <extensions>
          <gpxdata:distance>1312.89</gpxdata:distance>
          <gpxdata:speed>1.006</gpxdata:speed>
        </extensions>
      </trkpt>
      <trkpt lat="47.2963968" lon="7.9457535">
        <ele>436.2</ele>
        <time>2026-09-15T10:22:39Z</time>
        <extensions>
          <gpxdata:distance>1321.40</gpxdata:distance>
          <gpxdata:speed>0.992</gpxdata:speed>
        </extensions>
      </trkpt>
      <trkpt lat="47.2963968" lon="7.9457535">
        <ele>436.2</ele>
        <time>2026-09-15T10:22:39Z</time>
        <extensions>
          <gpxdata:distance>1321.40</gpxdata:distance>
          <gpxdata:speed>0.000</gpxdata:speed>
        </extensions>
      </trkpt>
      <trkpt lat="47.2965308" lon="7.9459135">
        <ele>436.4</ele>
        <time>2026-09-15T10:22:58Z</time>
        <extensions>
          <gpxdata:distance>1340.58</gpxdata:distance>
          <gpxdata:speed>0.989</gpxdata:speed>
        </extensions>
      </trkpt>
      <trkpt lat="47.2965308" lon="7.9459135">
        <ele>436.4</ele>
        <time>2026-09-15T10:22:58Z</time>
        <extensions>
          <gpxdata:distance>1340.58</gpxdata:distance>
          <gpxdata:speed>0.000</gpxdata:speed>
        </extensions>
      </trkpt>
      <trkpt lat="47.2966108" lon="7.9460195">
        <ele>436.4</ele>
        <time>2026-09-15T10:23:10Z</time>
        <extensions>
          <gpxdata:distance>1352.54</gpxdata:distance>
          <gpxdata:speed>0.995</gpxdata:speed>
        </extensions>
      </trkpt>
      <trkpt lat="47.2966108" lon="7.9460195">
        <ele>436.4</ele>
        <time>2026-09-15T10:23:10Z</time>
        <extensions>
          <gpxdata:distance>1352.54</gpxdata:distance>
          <gpxdata:speed>0.000</gpxdata:speed>
        </extensions>
      </trkpt>
      <trkpt lat="47.2966558" lon="7.9460865">
        <ele>436.5</ele>
        <time>2026-09-15T10:23:18Z</time>
        <extensions>
          <gpxdata:distance>1359.65</gpxdata:distance>
          <gpxdata:speed>0.994</gpxdata:speed>
        </extensions>
      </trkpt>
      <trkpt lat="47.2966558" lon="7.9460865">
        <ele>436.5</ele>
        <time>2026-09-15T10:23:18Z</time>
        <extensions>
          <gpxdata:distance>1359.65</gpxdata:distance>
          <gpxdata:speed>0.000</gpxdata:speed>
        </extensions>
      </trkpt>
      <trkpt lat="47.2967098" lon="7.9461655">
        <ele>436.4</ele>
        <time>2026-09-15T10:23:26Z</time>
        <extensions>
          <gpxdata:distance>1368.11</gpxdata:distance>
          <gpxdata:speed>0.999</gpxdata:speed>
        </extensions>
      </trkpt>
      <trkpt lat="47.2967368" lon="7.9462055">
        <ele>436.4</ele>
        <time>2026-09-15T10:23:30Z</time>
        <extensions>
          <gpxdata:distance>1372.36</gpxdata:distance>
          <gpxdata:speed>1.002</gpxdata:speed>
        </extensions>
      </trkpt>
      <trkpt lat="47.2967368" lon="7.9462055">
        <ele>436.4</ele>
        <time>2026-09-15T10:23:30Z</time>
        <extensions>
          <gpxdata:distance>1372.36</gpxdata:distance>
          <gpxdata:speed>0.000</gpxdata:speed>
        </extensions>
      </trkpt>
      <trkpt lat="47.2967628" lon="7.9462595">
        <ele>436.5</ele>
        <time>2026-09-15T10:23:35Z</time>
        <extensions>
          <gpxdata:distance>1377.36</gpxdata:distance>
          <gpxdata:speed>1.005</gpxdata:speed>
        </extensions>
      </trkpt>
      <trkpt lat="47.2968438" lon="7.9463785">
        <ele>436.5</ele>
        <time>2026-09-15T10:23:48Z</time>
        <extensions>
          <gpxdata:distance>1390.07</gpxdata:distance>
          <gpxdata:speed>1.007</gpxdata:speed>
        </extensions>
      </trkpt>
      <trkpt lat="47.2969868" lon="7.9465785">
        <ele>436.7</ele>
        <time>2026-09-15T10:24:10Z</time>
        <extensions>
          <gpxdata:distance>1411.99</gpxdata:distance>
          <gpxdata:speed>1.000</gpxdata:speed>
        </extensions>
      </trkpt>
      <trkpt lat="47.2970398" lon="7.9466715">
        <ele>437.0</ele>
        <time>2026-09-15T10:24:19Z</time>
        <extensions>
          <gpxdata:distance>1421.15</gpxdata:distance>
          <gpxdata:speed>0.990</gpxdata:speed>
        </extensions>
      </trkpt>
      <trkpt lat="47.2970848" lon="7.9467385">
        <ele>437.0</ele>
        <time>2026-09-15T10:24:26Z</time>
        <extensions>
          <gpxdata:distance>1428.26</gpxdata:distance>
          <gpxdata:speed>0.994</gpxdata:speed>
        </extensions>
      </trkpt>
      <trkpt lat="47.2971648" lon="7.9469235">
        <ele>437.0</ele>
        <time>2026-09-15T10:24:43Z</time>
        <extensions>
          <gpxdata:distance>1444.81</gpxdata:distance>
          <gpxdata:speed>0.997</gpxdata:speed>
        </extensions>
      </trkpt>
      <trkpt lat="47.2973787" lon="7.9473355">
        <ele>436.9</ele>
        <time>2026-09-15T10:25:22Z</time>
        <extensions>
          <gpxdata:distance>1483.93</gpxdata:distance>
          <gpxdata:speed>1.001</gpxdata:speed>
        </extensions>
      </trkpt>
      <trkpt lat="47.2973787" lon="7.9473355">
        <ele>436.9</ele>
        <time>2026-09-15T10:25:22Z</time>
        <extensions>
          <gpxdata:distance>1483.93</gpxdata:distance>
          <gpxdata:speed>0.000</gpxdata:speed>
        </extensions>
      </trkpt>
      <trkpt lat="47.2974237" lon="7.9474425">
        <ele>437.0</ele>
        <time>2026-09-15T10:25:31Z</time>
        <extensions>
          <gpxdata:distance>1493.43</gpxdata:distance>
          <gpxdata:speed>1.000</gpxdata:speed>
        </extensions>
      </trkpt>
      <trkpt lat="47.2975217" lon="7.9476415">
        <ele>437.0</ele>
        <time>2026-09-15T10:25:50Z</time>
        <extensions>
          <gpxdata:distance>1511.97</gpxdata:distance>
          <gpxdata:speed>1.003</gpxdata:speed>
        </extensions>
      </trkpt>
      <trkpt lat="47.2975837" lon="7.9477875">
        <ele>437.2</ele>
        <time>2026-09-15T10:26:03Z</time>
        <extensions>
          <gpxdata:distance>1524.96</gpxdata:distance>
          <gpxdata:speed>0.999</gpxdata:speed>
        </extensions>
      </trkpt>
      <trkpt lat="47.2976287" lon="7.9478805">
        <ele>437.4</ele>
        <time>2026-09-15T10:26:11Z</time>
        <extensions>
          <gpxdata:distance>1533.58</gpxdata:distance>
          <gpxdata:speed>0.998</gpxdata:speed>
        </extensions>
      </trkpt>
      <trkpt lat="47.2976727" lon="7.9479335">
        <ele>437.4</ele>
        <time>2026-09-15T10:26:18Z</time>
        <extensions>
          <gpxdata:distance>1539.90</gpxdata:distance>
          <gpxdata:speed>1.004</gpxdata:speed>
        </extensions>
      </trkpt>
      <trkpt lat="47.2977087" lon="7.9480005">
        <ele>437.4</ele>
        <time>2026-09-15T10:26:24Z</time>
        <extensions>
          <gpxdata:distance>1546.34</gpxdata:distance>
          <gpxdata:speed>1.004</gpxdata:speed>
        </extensions>
      </trkpt>
      <trkpt lat="47.2977177" lon="7.9480395">
        <ele>437.4</ele>
        <time>2026-09-15T10:26:27Z</time>
        <extensions>
          <gpxdata:distance>1549.45</gpxdata:distance>
          <gpxdata:speed>1.003</gpxdata:speed>
        </extensions>
      </trkpt>
      <trkpt lat="47.2977437" lon="7.9481326">
        <ele>437.4</ele>
        <time>2026-09-15T10:26:35Z</time>
        <extensions>
          <gpxdata:distance>1557.04</gpxdata:distance>
          <gpxdata:speed>0.995</gpxdata:speed>
        </extensions>
      </trkpt>
      <trkpt lat="47.2977707" lon="7.9481856">
        <ele>437.6</ele>
        <time>2026-09-15T10:26:40Z</time>
        <extensions>
          <gpxdata:distance>1562.04</gpxdata:distance>
          <gpxdata:speed>0.990</gpxdata:speed>
        </extensions>
      </trkpt>
      <trkpt lat="47.2978067" lon="7.9482526">
        <ele>437.6</ele>
        <time>2026-09-15T10:26:46Z</time>
        <extensions>
          <gpxdata:distance>1568.49</gpxdata:distance>
          <gpxdata:speed>0.992</gpxdata:speed>
        </extensions>
      </trkpt>
      <trkpt lat="47.2978247" lon="7.9483056">
        <ele>437.6</ele>
        <time>2026-09-15T10:26:51Z</time>
        <extensions>
          <gpxdata:distance>1572.96</gpxdata:distance>
          <gpxdata:speed>0.987</gpxdata:speed>
        </extensions>
      </trkpt>
      <trkpt lat="47.2978597" lon="7.9484646">
        <ele>437.9</ele>
        <time>2026-09-15T10:27:04Z</time>
        <extensions>
          <gpxdata:distance>1585.56</gpxdata:distance>
          <gpxdata:speed>0.983</gpxdata:speed>
        </extensions>
      </trkpt>
      <trkpt lat="47.2978597" lon="7.9484646">
        <ele>437.9</ele>
        <time>2026-09-15T10:27:04Z</time>
        <extensions>
          <gpxdata:distance>1585.56</gpxdata:distance>
          <gpxdata:speed>0.000</gpxdata:speed>
        </extensions>
      </trkpt>
      <trkpt lat="47.2979397" lon="7.9486236">
        <ele>437.8</ele>
        <time>2026-09-15T10:27:19Z</time>
        <extensions>
          <gpxdata:distance>1600.49</gpxdata:distance>
          <gpxdata:speed>0.996</gpxdata:speed>
        </extensions>
      </trkpt>
      <trkpt lat="47.2979487" lon="7.9486236">
        <ele>437.8</ele>
        <time>2026-09-15T10:27:20Z</time>
        <extensions>
          <gpxdata:distance>1601.49</gpxdata:distance>
          <gpxdata:speed>0.994</gpxdata:speed>
        </extensions>
      </trkpt>
      <trkpt lat="47.2979757" lon="7.9486246">
        <ele>437.8</ele>
        <time>2026-09-15T10:27:23Z</time>
        <extensions>
          <gpxdata:distance>1604.50</gpxdata:distance>
          <gpxdata:speed>0.994</gpxdata:speed>
        </extensions>
      </trkpt>
      <trkpt lat="47.2980297" lon="7.9485986">
        <ele>437.7</ele>
        <time>2026-09-15T10:27:29Z</time>
        <extensions>
          <gpxdata:distance>1610.81</gpxdata:distance>
          <gpxdata:speed>0.998</gpxdata:speed>
        </extensions>
      </trkpt>
      <trkpt lat="47.2983367" lon="7.9483636">
        <ele>437.6</ele>
        <time>2026-09-15T10:28:07Z</time>
        <extensions>
          <gpxdata:distance>1649.28</gpxdata:distance>
          <gpxdata:speed>1.012</gpxdata:speed>
        </extensions>
      </trkpt>
      <trkpt lat="47.2985357" lon="7.9482196">
        <ele>437.6</ele>
        <time>2026-09-15T10:28:31Z</time>
        <extensions>
          <gpxdata:distance>1673.93</gpxdata:distance>
          <gpxdata:speed>1.012</gpxdata:speed>
        </extensions>
      </trkpt>
      <trkpt lat="47.2987877" lon="7.9480506">
        <ele>437.8</ele>
        <time>2026-09-15T10:29:02Z</time>
        <extensions>
          <gpxdata:distance>1704.71</gpxdata:distance>
          <gpxdata:speed>1.009</gpxdata:speed>
        </extensions>
      </trkpt>
      <trkpt lat="47.2989687" lon="7.9479196">
        <ele>438.7</ele>
        <time>2026-09-15T10:29:24Z</time>
        <extensions>
          <gpxdata:distance>1727.13</gpxdata:distance>
          <gpxdata:speed>0.998</gpxdata:speed>
        </extensions>
      </trkpt>
      <trkpt lat="47.2990767" lon="7.9478416">
        <ele>439.7</ele>
        <time>2026-09-15T10:29:38Z</time>
        <extensions>
          <gpxdata:distance>1740.50</gpxdata:distance>
          <gpxdata:speed>0.983</gpxdata:speed>
        </extensions>
      </trkpt>
      <trkpt lat="47.2991127" lon="7.9478156">
        <ele>440.0</ele>
        <time>2026-09-15T10:29:43Z</time>
        <extensions>
          <gpxdata:distance>1744.96</gpxdata:distance>
          <gpxdata:speed>0.974</gpxdata:speed>
        </extensions>
      </trkpt>
      <trkpt lat="47.2991127" lon="7.9478156">
        <ele>440.0</ele>
        <time>2026-09-15T10:29:43Z</time>
        <extensions>
          <gpxdata:distance>1744.96</gpxdata:distance>
          <gpxdata:speed>0.000</gpxdata:speed>
        </extensions>
      </trkpt>
      <trkpt lat="47.2992387" lon="7.9477366">
        <ele>440.9</ele>
        <time>2026-09-15T10:29:58Z</time>
        <extensions>
          <gpxdata:distance>1760.18</gpxdata:distance>
          <gpxdata:speed>0.962</gpxdata:speed>
        </extensions>
      </trkpt>
      <trkpt lat="47.2993837" lon="7.9476456">
        <ele>442.9</ele>
        <time>2026-09-15T10:30:17Z</time>
        <extensions>
          <gpxdata:distance>1777.71</gpxdata:distance>
          <gpxdata:speed>0.933</gpxdata:speed>
        </extensions>
      </trkpt>
      <trkpt lat="47.2993837" lon="7.9476456">
        <ele>442.9</ele>
        <time>2026-09-15T10:30:17Z</time>
        <extensions>
          <gpxdata:distance>1777.71</gpxdata:distance>
          <gpxdata:speed>0.000</gpxdata:speed>
        </extensions>
      </trkpt>
      <trkpt lat="47.2995007" lon="7.9475676">
        <ele>444.3</ele>
        <time>2026-09-15T10:30:34Z</time>
        <extensions>
          <gpxdata:distance>1791.98</gpxdata:distance>
          <gpxdata:speed>0.868</gpxdata:speed>
        </extensions>
      </trkpt>
      <trkpt lat="47.2995007" lon="7.9475676">
        <ele>444.3</ele>
        <time>2026-09-15T10:30:34Z</time>
        <extensions>
          <gpxdata:distance>1791.98</gpxdata:distance>
          <gpxdata:speed>0.000</gpxdata:speed>
        </extensions>
      </trkpt>
      <trkpt lat="47.2995907" lon="7.9475026">
        <ele>445.9</ele>
        <time>2026-09-15T10:30:48Z</time>
        <extensions>
          <gpxdata:distance>1803.13</gpxdata:distance>
          <gpxdata:speed>0.768</gpxdata:speed>
        </extensions>
      </trkpt>
      <trkpt lat="47.2996357" lon="7.9474766">
        <ele>446.7</ele>
        <time>2026-09-15T10:30:55Z</time>
        <extensions>
          <gpxdata:distance>1808.50</gpxdata:distance>
          <gpxdata:speed>0.747</gpxdata:speed>
        </extensions>
      </trkpt>
      <trkpt lat="47.2996807" lon="7.9474376">
        <ele>446.9</ele>
        <time>2026-09-15T10:31:03Z</time>
        <extensions>
          <gpxdata:distance>1814.30</gpxdata:distance>
          <gpxdata:speed>0.755</gpxdata:speed>
        </extensions>
      </trkpt>
      <trkpt lat="47.2997357" lon="7.9473846">
        <ele>447.5</ele>
        <time>2026-09-15T10:31:13Z</time>
        <extensions>
          <gpxdata:distance>1821.61</gpxdata:distance>
          <gpxdata:speed>0.760</gpxdata:speed>
        </extensions>
      </trkpt>
      <trkpt lat="47.2997897" lon="7.9472926">
        <ele>448.0</ele>
        <time>2026-09-15T10:31:25Z</time>
        <extensions>
          <gpxdata:distance>1830.79</gpxdata:distance>
          <gpxdata:speed>0.752</gpxdata:speed>
        </extensions>
      </trkpt>
      <trkpt lat="47.2998347" lon="7.9472136">
        <ele>448.2</ele>
        <time>2026-09-15T10:31:35Z</time>
        <extensions>
          <gpxdata:distance>1838.57</gpxdata:distance>
          <gpxdata:speed>0.788</gpxdata:speed>
        </extensions>
      </trkpt>
      <trkpt lat="47.2998617" lon="7.9471616">
        <ele>448.2</ele>
        <time>2026-09-15T10:31:41Z</time>
        <extensions>
          <gpxdata:distance>1843.50</gpxdata:distance>
          <gpxdata:speed>0.805</gpxdata:speed>
        </extensions>
      </trkpt>
      <trkpt lat="47.3000607" lon="7.9469116">
        <ele>447.4</ele>
        <time>2026-09-15T10:32:13Z</time>
        <extensions>
          <gpxdata:distance>1872.57</gpxdata:distance>
          <gpxdata:speed>0.915</gpxdata:speed>
        </extensions>
      </trkpt>
      <trkpt lat="47.3000607" lon="7.9469116">
        <ele>447.4</ele>
        <time>2026-09-15T10:32:13Z</time>
        <extensions>
          <gpxdata:distance>1872.57</gpxdata:distance>
          <gpxdata:speed>0.000</gpxdata:speed>
        </extensions>
      </trkpt>
      <trkpt lat="47.3001427" lon="7.9468206">
        <ele>450.1</ele>
        <time>2026-09-15T10:32:26Z</time>
        <extensions>
          <gpxdata:distance>1883.99</gpxdata:distance>
          <gpxdata:speed>0.880</gpxdata:speed>
        </extensions>
      </trkpt>
      <trkpt lat="47.3001427" lon="7.9468206">
        <ele>450.1</ele>
        <time>2026-09-15T10:32:26Z</time>
        <extensions>
          <gpxdata:distance>1883.99</gpxdata:distance>
          <gpxdata:speed>0.000</gpxdata:speed>
        </extensions>
      </trkpt>
      <trkpt lat="47.3002507" lon="7.9466756">
        <ele>449.6</ele>
        <time>2026-09-15T10:32:43Z</time>
        <extensions>
          <gpxdata:distance>1900.23</gpxdata:distance>
          <gpxdata:speed>0.933</gpxdata:speed>
        </extensions>
      </trkpt>
      <trkpt lat="47.3003687" lon="7.9465576">
        <ele>450.0</ele>
        <time>2026-09-15T10:33:00Z</time>
        <extensions>
          <gpxdata:distance>1916.08</gpxdata:distance>
          <gpxdata:speed>0.945</gpxdata:speed>
        </extensions>
      </trkpt>
      <trkpt lat="47.3005127" lon="7.9464536">
        <ele>450.5</ele>
        <time>2026-09-15T10:33:19Z</time>
        <extensions>
          <gpxdata:distance>1933.91</gpxdata:distance>
          <gpxdata:speed>0.951</gpxdata:speed>
        </extensions>
      </trkpt>
      <trkpt lat="47.3006397" lon="7.9463486">
        <ele>450.3</ele>
        <time>2026-09-15T10:33:35Z</time>
        <extensions>
          <gpxdata:distance>1950.10</gpxdata:distance>
          <gpxdata:speed>0.965</gpxdata:speed>
        </extensions>
      </trkpt>
      <trkpt lat="47.3006397" lon="7.9463486">
        <ele>450.3</ele>
        <time>2026-09-15T10:33:35Z</time>
        <extensions>
          <gpxdata:distance>1950.10</gpxdata:distance>
          <gpxdata:speed>0.000</gpxdata:speed>
        </extensions>
      </trkpt>
      <trkpt lat="47.3007117" lon="7.9462706">
        <ele>450.2</ele>
        <time>2026-09-15T10:33:46Z</time>
        <extensions>
          <gpxdata:distance>1960.03</gpxdata:distance>
          <gpxdata:speed>0.931</gpxdata:speed>
        </extensions>
      </trkpt>
      <trkpt lat="47.3008917" lon="7.9461526">
        <ele>448.6</ele>
        <time>2026-09-15T10:34:08Z</time>
        <extensions>
          <gpxdata:distance>1981.94</gpxdata:distance>
          <gpxdata:speed>0.985</gpxdata:speed>
        </extensions>
      </trkpt>
      <trkpt lat="47.3009367" lon="7.9461006">
        <ele>448.9</ele>
        <time>2026-09-15T10:34:15Z</time>
        <extensions>
          <gpxdata:distance>1988.29</gpxdata:distance>
          <gpxdata:speed>0.998</gpxdata:speed>
        </extensions>
      </trkpt>
      <trkpt lat="47.3009367" lon="7.9461006">
        <ele>448.9</ele>
        <time>2026-09-15T10:34:15Z</time>
        <extensions>
          <gpxdata:distance>1988.29</gpxdata:distance>
          <gpxdata:speed>0.000</gpxdata:speed>
        </extensions>
      </trkpt>
      <trkpt lat="47.3009997" lon="7.9460876">
        <ele>449.3</ele>
        <time>2026-09-15T10:34:22Z</time>
        <extensions>
          <gpxdata:distance>1995.37</gpxdata:distance>
          <gpxdata:speed>1.008</gpxdata:speed>
        </extensions>
      </trkpt>
      <trkpt lat="47.3010727" lon="7.9460756">
        <ele>449.8</ele>
        <time>2026-09-15T10:34:30Z</time>
        <extensions>
          <gpxdata:distance>2003.54</gpxdata:distance>
          <gpxdata:speed>1.009</gpxdata:speed>
        </extensions>
      </trkpt>
      <trkpt lat="47.3014057" lon="7.9459326">
        <ele>451.6</ele>
        <time>2026-09-15T10:35:09Z</time>
        <extensions>
          <gpxdata:distance>2042.10</gpxdata:distance>
          <gpxdata:speed>0.987</gpxdata:speed>
        </extensions>
      </trkpt>
      <trkpt lat="47.3015677" lon="7.9458946">
        <ele>452.1</ele>
        <time>2026-09-15T10:35:28Z</time>
        <extensions>
          <gpxdata:distance>2060.34</gpxdata:distance>
          <gpxdata:speed>0.971</gpxdata:speed>
        </extensions>
      </trkpt>
      <trkpt lat="47.3015677" lon="7.9458946">
        <ele>452.1</ele>
        <time>2026-09-15T10:35:28Z</time>
        <extensions>
          <gpxdata:distance>2060.34</gpxdata:distance>
          <gpxdata:speed>0.000</gpxdata:speed>
        </extensions>
      </trkpt>
      <trkpt lat="47.3016757" lon="7.9458956">
        <ele>452.5</ele>
        <time>2026-09-15T10:35:40Z</time>
        <extensions>
          <gpxdata:distance>2072.35</gpxdata:distance>
          <gpxdata:speed>0.960</gpxdata:speed>
        </extensions>
      </trkpt>
      <trkpt lat="47.3019007" lon="7.9459376">
        <ele>453.6</ele>
        <time>2026-09-15T10:36:08Z</time>
        <extensions>
          <gpxdata:distance>2097.57</gpxdata:distance>
          <gpxdata:speed>0.903</gpxdata:speed>
        </extensions>
      </trkpt>
      <trkpt lat="47.3021517" lon="7.9459796">
        <ele>455.2</ele>
        <time>2026-09-15T10:36:39Z</time>
        <extensions>
          <gpxdata:distance>2125.66</gpxdata:distance>
          <gpxdata:speed>0.896</gpxdata:speed>
        </extensions>
      </trkpt>
      <trkpt lat="47.3025027" lon="7.9460496">
        <ele>457.8</ele>
        <time>2026-09-15T10:37:24Z</time>
        <extensions>
          <gpxdata:distance>2165.04</gpxdata:distance>
          <gpxdata:speed>0.885</gpxdata:speed>
        </extensions>
      </trkpt>
      <trkpt lat="47.3025027" lon="7.9460496">
        <ele>457.8</ele>
        <time>2026-09-15T10:37:24Z</time>
        <extensions>
          <gpxdata:distance>2165.04</gpxdata:distance>
          <gpxdata:speed>0.000</gpxdata:speed>
        </extensions>
      </trkpt>
      <trkpt lat="47.3025657" lon="7.9460496">
        <ele>458.0</ele>
        <time>2026-09-15T10:37:32Z</time>
        <extensions>
          <gpxdata:distance>2172.05</gpxdata:distance>
          <gpxdata:speed>0.889</gpxdata:speed>
        </extensions>
      </trkpt>
      <trkpt lat="47.3026197" lon="7.9460506">
        <ele>458.2</ele>
        <time>2026-09-15T10:37:39Z</time>
        <extensions>
          <gpxdata:distance>2178.05</gpxdata:distance>
          <gpxdata:speed>0.889</gpxdata:speed>
        </extensions>
      </trkpt>
      <trkpt lat="47.3026737" lon="7.9460636">
        <ele>458.3</ele>
        <time>2026-09-15T10:37:45Z</time>
        <extensions>
          <gpxdata:distance>2184.14</gpxdata:distance>
          <gpxdata:speed>0.885</gpxdata:speed>
        </extensions>
      </trkpt>
      <trkpt lat="47.3027087" lon="7.9460906">
        <ele>458.3</ele>
        <time>2026-09-15T10:37:50Z</time>
        <extensions>
          <gpxdata:distance>2188.53</gpxdata:distance>
          <gpxdata:speed>0.890</gpxdata:speed>
        </extensions>
      </trkpt>
      <trkpt lat="47.3027447" lon="7.9461306">
        <ele>458.3</ele>
        <time>2026-09-15T10:37:56Z</time>
        <extensions>
          <gpxdata:distance>2193.54</gpxdata:distance>
          <gpxdata:speed>0.891</gpxdata:speed>
        </extensions>
      </trkpt>
      <trkpt lat="47.3027447" lon="7.9461306">
        <ele>458.3</ele>
        <time>2026-09-15T10:37:56Z</time>
        <extensions>
          <gpxdata:distance>2193.54</gpxdata:distance>
          <gpxdata:speed>0.000</gpxdata:speed>
        </extensions>
      </trkpt>
      <trkpt lat="47.3027717" lon="7.9461706">
        <ele>458.4</ele>
        <time>2026-09-15T10:38:01Z</time>
        <extensions>
          <gpxdata:distance>2197.80</gpxdata:distance>
          <gpxdata:speed>0.900</gpxdata:speed>
        </extensions>
      </trkpt>
      <trkpt lat="47.3027987" lon="7.9462236">
        <ele>458.4</ele>
        <time>2026-09-15T10:38:06Z</time>
        <extensions>
          <gpxdata:distance>2202.80</gpxdata:distance>
          <gpxdata:speed>0.972</gpxdata:speed>
        </extensions>
      </trkpt>
      <trkpt lat="47.3028167" lon="7.9462906">
        <ele>458.4</ele>
        <time>2026-09-15T10:38:11Z</time>
        <extensions>
          <gpxdata:distance>2208.23</gpxdata:distance>
          <gpxdata:speed>0.977</gpxdata:speed>
        </extensions>
      </trkpt>
      <trkpt lat="47.3028167" lon="7.9462906">
        <ele>458.4</ele>
        <time>2026-09-15T10:38:11Z</time>
        <extensions>
          <gpxdata:distance>2208.23</gpxdata:distance>
          <gpxdata:speed>0.000</gpxdata:speed>
        </extensions>
      </trkpt>
      <trkpt lat="47.3028517" lon="7.9463696">
        <ele>458.2</ele>
        <time>2026-09-15T10:38:19Z</time>
        <extensions>
          <gpxdata:distance>2215.35</gpxdata:distance>
          <gpxdata:speed>1.012</gpxdata:speed>
        </extensions>
      </trkpt>
      <trkpt lat="47.3028787" lon="7.9464896">
        <ele>458.2</ele>
        <time>2026-09-15T10:38:28Z</time>
        <extensions>
          <gpxdata:distance>2224.88</gpxdata:distance>
          <gpxdata:speed>1.009</gpxdata:speed>
        </extensions>
      </trkpt>
      <trkpt lat="47.3029307" lon="7.9467406">
        <ele>457.8</ele>
        <time>2026-09-15T10:38:48Z</time>
        <extensions>
          <gpxdata:distance>2244.67</gpxdata:distance>
          <gpxdata:speed>1.001</gpxdata:speed>
        </extensions>
      </trkpt>
      <trkpt lat="47.3029927" lon="7.9470057">
        <ele>457.4</ele>
        <time>2026-09-15T10:39:09Z</time>
        <extensions>
          <gpxdata:distance>2265.81</gpxdata:distance>
          <gpxdata:speed>0.996</gpxdata:speed>
        </extensions>
      </trkpt>
      <trkpt lat="47.3030457" lon="7.9472177">
        <ele>457.2</ele>
        <time>2026-09-15T10:39:26Z</time>
        <extensions>
          <gpxdata:distance>2282.85</gpxdata:distance>
          <gpxdata:speed>0.997</gpxdata:speed>
        </extensions>
      </trkpt>
      <trkpt lat="47.3031347" lon="7.9474967">
        <ele>456.9</ele>
        <time>2026-09-15T10:39:49Z</time>
        <extensions>
          <gpxdata:distance>2306.10</gpxdata:distance>
          <gpxdata:speed>0.995</gpxdata:speed>
        </extensions>
      </trkpt>
      <trkpt lat="47.3031967" lon="7.9477087">
        <ele>456.7</ele>
        <time>2026-09-15T10:40:07Z</time>
        <extensions>
          <gpxdata:distance>2323.51</gpxdata:distance>
          <gpxdata:speed>0.994</gpxdata:speed>
        </extensions>
      </trkpt>
      <trkpt lat="47.3033477" lon="7.9481997">
        <ele>455.4</ele>
        <time>2026-09-15T10:40:48Z</time>
        <extensions>
          <gpxdata:distance>2364.16</gpxdata:distance>
          <gpxdata:speed>0.988</gpxdata:speed>
        </extensions>
      </trkpt>
      <trkpt lat="47.3033917" lon="7.9482927">
        <ele>455.1</ele>
        <time>2026-09-15T10:40:57Z</time>
        <extensions>
          <gpxdata:distance>2372.71</gpxdata:distance>
          <gpxdata:speed>0.987</gpxdata:speed>
        </extensions>
      </trkpt>
      <trkpt lat="47.3034277" lon="7.9483587">
        <ele>454.7</ele>
        <time>2026-09-15T10:41:03Z</time>
        <extensions>
          <gpxdata:distance>2379.10</gpxdata:distance>
          <gpxdata:speed>0.985</gpxdata:speed>
        </extensions>
      </trkpt>
      <trkpt lat="47.3034907" lon="7.9484127">
        <ele>454.1</ele>
        <time>2026-09-15T10:41:12Z</time>
        <extensions>
          <gpxdata:distance>2387.20</gpxdata:distance>
          <gpxdata:speed>0.980</gpxdata:speed>
        </extensions>
      </trkpt>
      <trkpt lat="47.3035357" lon="7.9484397">
        <ele>453.7</ele>
        <time>2026-09-15T10:41:17Z</time>
        <extensions>
          <gpxdata:distance>2392.60</gpxdata:distance>
          <gpxdata:speed>0.977</gpxdata:speed>
        </extensions>
      </trkpt>
      <trkpt lat="47.3036077" lon="7.9484537">
        <ele>453.4</ele>
        <time>2026-09-15T10:41:25Z</time>
        <extensions>
          <gpxdata:distance>2400.68</gpxdata:distance>
          <gpxdata:speed>0.974</gpxdata:speed>
        </extensions>
      </trkpt>
      <trkpt lat="47.3036077" lon="7.9484537">
        <ele>453.4</ele>
        <time>2026-09-15T10:41:25Z</time>
        <extensions>
          <gpxdata:distance>2400.68</gpxdata:distance>
          <gpxdata:speed>0.000</gpxdata:speed>
        </extensions>
      </trkpt>
      <trkpt lat="47.3036797" lon="7.9483747">
        <ele>452.7</ele>
        <time>2026-09-15T10:41:36Z</time>
        <extensions>
          <gpxdata:distance>2410.66</gpxdata:distance>
          <gpxdata:speed>0.961</gpxdata:speed>
        </extensions>
      </trkpt>
      <trkpt lat="47.3036797" lon="7.9483747">
        <ele>452.7</ele>
        <time>2026-09-15T10:41:36Z</time>
        <extensions>
          <gpxdata:distance>2410.66</gpxdata:distance>
          <gpxdata:speed>0.000</gpxdata:speed>
        </extensions>
      </trkpt>
      <trkpt lat="47.3038147" lon="7.9482307">
        <ele>450.9</ele>
        <time>2026-09-15T10:41:56Z</time>
        <extensions>
          <gpxdata:distance>2429.18</gpxdata:distance>
          <gpxdata:speed>0.927</gpxdata:speed>
        </extensions>
      </trkpt>
      <trkpt lat="47.3039417" lon="7.9480727">
        <ele>449.5</ele>
        <time>2026-09-15T10:42:16Z</time>
        <extensions>
          <gpxdata:distance>2447.66</gpxdata:distance>
          <gpxdata:speed>0.922</gpxdata:speed>
        </extensions>
      </trkpt>
      <trkpt lat="47.3041137" lon="7.9478237">
        <ele>448.1</ele>
        <time>2026-09-15T10:42:45Z</time>
        <extensions>
          <gpxdata:distance>2474.46</gpxdata:distance>
          <gpxdata:speed>0.927</gpxdata:speed>
        </extensions>
      </trkpt>
      <trkpt lat="47.3041857" lon="7.9477187">
        <ele>447.3</ele>
        <time>2026-09-15T10:42:57Z</time>
        <extensions>
          <gpxdata:distance>2485.72</gpxdata:distance>
          <gpxdata:speed>0.928</gpxdata:speed>
        </extensions>
      </trkpt>
      <trkpt lat="47.3043037" lon="7.9474817">
        <ele>445.4</ele>
        <time>2026-09-15T10:43:21Z</time>
        <extensions>
          <gpxdata:distance>2507.89</gpxdata:distance>
          <gpxdata:speed>0.924</gpxdata:speed>
        </extensions>
      </trkpt>
      <trkpt lat="47.3045577" lon="7.9470477">
        <ele>441.0</ele>
        <time>2026-09-15T10:44:08Z</time>
        <extensions>
          <gpxdata:distance>2551.12</gpxdata:distance>
          <gpxdata:speed>0.913</gpxdata:speed>
        </extensions>
      </trkpt>
      <trkpt lat="47.3046217" lon="7.9469287">
        <ele>440.0</ele>
        <time>2026-09-15T10:44:21Z</time>
        <extensions>
          <gpxdata:distance>2562.57</gpxdata:distance>
          <gpxdata:speed>0.913</gpxdata:speed>
        </extensions>
      </trkpt>
      <trkpt lat="47.3046577" lon="7.9467967">
        <ele>438.8</ele>
        <time>2026-09-15T10:44:32Z</time>
        <extensions>
          <gpxdata:distance>2573.30</gpxdata:distance>
          <gpxdata:speed>0.910</gpxdata:speed>
        </extensions>
      </trkpt>
      <trkpt lat="47.3046947" lon="7.9466647">
        <ele>437.8</ele>
        <time>2026-09-15T10:44:44Z</time>
        <extensions>
          <gpxdata:distance>2584.07</gpxdata:distance>
          <gpxdata:speed>0.909</gpxdata:speed>
        </extensions>
      </trkpt>
      <trkpt lat="47.3046947" lon="7.9466647">
        <ele>437.8</ele>
        <time>2026-09-15T10:44:44Z</time>
        <extensions>
          <gpxdata:distance>2584.07</gpxdata:distance>
          <gpxdata:speed>0.000</gpxdata:speed>
        </extensions>
      </trkpt>
      <trkpt lat="47.3046677" lon="7.9466257">
        <ele>437.7</ele>
        <time>2026-09-15T10:44:49Z</time>
        <extensions>
          <gpxdata:distance>2588.27</gpxdata:distance>
          <gpxdata:speed>0.912</gpxdata:speed>
        </extensions>
      </trkpt>
      <trkpt lat="47.3046497" lon="7.9465587">
        <ele>437.6</ele>
        <time>2026-09-15T10:44:55Z</time>
        <extensions>
          <gpxdata:distance>2593.70</gpxdata:distance>
          <gpxdata:speed>0.907</gpxdata:speed>
        </extensions>
      </trkpt>
      <trkpt lat="47.3046057" lon="7.9464397">
        <ele>437.4</ele>
        <time>2026-09-15T10:45:06Z</time>
        <extensions>
          <gpxdata:distance>2603.92</gpxdata:distance>
          <gpxdata:speed>0.912</gpxdata:speed>
        </extensions>
      </trkpt>
      <trkpt lat="47.3046057" lon="7.9464397">
        <ele>437.4</ele>
        <time>2026-09-15T10:45:06Z</time>
        <extensions>
          <gpxdata:distance>2603.92</gpxdata:distance>
          <gpxdata:speed>0.000</gpxdata:speed>
        </extensions>
      </trkpt>
      <trkpt lat="47.3046237" lon="7.9464137">
        <ele>437.4</ele>
        <time>2026-09-15T10:45:09Z</time>
        <extensions>
          <gpxdata:distance>2606.73</gpxdata:distance>
          <gpxdata:speed>0.932</gpxdata:speed>
        </extensions>
      </trkpt>
      <trkpt lat="47.3046597" lon="7.9463737">
        <ele>437.4</ele>
        <time>2026-09-15T10:45:14Z</time>
        <extensions>
          <gpxdata:distance>2611.74</gpxdata:distance>
          <gpxdata:speed>0.945</gpxdata:speed>
        </extensions>
      </trkpt>
      <trkpt lat="47.3047777" lon="7.9460317">
        <ele>436.9</ele>
        <time>2026-09-15T10:45:44Z</time>
        <extensions>
          <gpxdata:distance>2640.67</gpxdata:distance>
          <gpxdata:speed>0.976</gpxdata:speed>
        </extensions>
      </trkpt>
      <trkpt lat="47.3049687" lon="7.9455567">
        <ele>436.2</ele>
        <time>2026-09-15T10:46:26Z</time>
        <extensions>
          <gpxdata:distance>2682.31</gpxdata:distance>
          <gpxdata:speed>0.991</gpxdata:speed>
        </extensions>
      </trkpt>
      <trkpt lat="47.3050057" lon="7.9454517">
        <ele>436.1</ele>
        <time>2026-09-15T10:46:35Z</time>
        <extensions>
          <gpxdata:distance>2691.23</gpxdata:distance>
          <gpxdata:speed>0.992</gpxdata:speed>
        </extensions>
      </trkpt>
      <trkpt lat="47.3050327" lon="7.9453597">
        <ele>435.9</ele>
        <time>2026-09-15T10:46:43Z</time>
        <extensions>
          <gpxdata:distance>2698.79</gpxdata:distance>
          <gpxdata:speed>0.991</gpxdata:speed>
        </extensions>
      </trkpt>
      <trkpt lat="47.3050427" lon="7.9452797">
        <ele>435.8</ele>
        <time>2026-09-15T10:46:49Z</time>
        <extensions>
          <gpxdata:distance>2704.93</gpxdata:distance>
          <gpxdata:speed>0.992</gpxdata:speed>
        </extensions>
      </trkpt>
      <trkpt lat="47.3050527" lon="7.9450157">
        <ele>435.6</ele>
        <time>2026-09-15T10:47:09Z</time>
        <extensions>
          <gpxdata:distance>2724.86</gpxdata:distance>
          <gpxdata:speed>0.993</gpxdata:speed>
        </extensions>
      </trkpt>
      <trkpt lat="47.3050717" lon="7.9447247">
        <ele>435.3</ele>
        <time>2026-09-15T10:47:31Z</time>
        <extensions>
          <gpxdata:distance>2746.91</gpxdata:distance>
          <gpxdata:speed>0.994</gpxdata:speed>
        </extensions>
      </trkpt>
      <trkpt lat="47.3050907" lon="7.9444077">
        <ele>435.0</ele>
        <time>2026-09-15T10:47:55Z</time>
        <extensions>
          <gpxdata:distance>2770.90</gpxdata:distance>
          <gpxdata:speed>0.994</gpxdata:speed>
        </extensions>
      </trkpt>
      <trkpt lat="47.3051197" lon="7.9440777">
        <ele>434.9</ele>
        <time>2026-09-15T10:48:20Z</time>
        <extensions>
          <gpxdata:distance>2795.99</gpxdata:distance>
          <gpxdata:speed>0.995</gpxdata:speed>
        </extensions>
      </trkpt>
      <trkpt lat="47.3051387" lon="7.9437207">
        <ele>434.7</ele>
        <time>2026-09-15T10:48:48Z</time>
        <extensions>
          <gpxdata:distance>2822.99</gpxdata:distance>
          <gpxdata:speed>0.997</gpxdata:speed>
        </extensions>
      </trkpt>
      <trkpt lat="47.3051577" lon="7.9435757">
        <ele>434.7</ele>
        <time>2026-09-15T10:48:59Z</time>
        <extensions>
          <gpxdata:distance>2834.13</gpxdata:distance>
          <gpxdata:speed>1.000</gpxdata:speed>
        </extensions>
      </trkpt>
      <trkpt lat="47.3051577" lon="7.9435757">
        <ele>434.7</ele>
        <time>2026-09-15T10:48:59Z</time>
        <extensions>
          <gpxdata:distance>2834.13</gpxdata:distance>
          <gpxdata:speed>0.000</gpxdata:speed>
        </extensions>
      </trkpt>
      <trkpt lat="47.3052837" lon="7.9436427">
        <ele>434.8</ele>
        <time>2026-09-15T10:49:14Z</time>
        <extensions>
          <gpxdata:distance>2849.02</gpxdata:distance>
          <gpxdata:speed>1.003</gpxdata:speed>
        </extensions>
      </trkpt>
      <trkpt lat="47.3054177" lon="7.9437097">
        <ele>435.0</ele>
        <time>2026-09-15T10:49:29Z</time>
        <extensions>
          <gpxdata:distance>2864.75</gpxdata:distance>
          <gpxdata:speed>1.006</gpxdata:speed>
        </extensions>
      </trkpt>
      <trkpt lat="47.3055437" lon="7.9437637">
        <ele>435.2</ele>
        <time>2026-09-15T10:49:44Z</time>
        <extensions>
          <gpxdata:distance>2879.34</gpxdata:distance>
          <gpxdata:speed>1.009</gpxdata:speed>
        </extensions>
      </trkpt>
      <trkpt lat="47.3056157" lon="7.9438047">
        <ele>435.4</ele>
        <time>2026-09-15T10:49:52Z</time>
        <extensions>
          <gpxdata:distance>2887.93</gpxdata:distance>
          <gpxdata:speed>1.011</gpxdata:speed>
        </extensions>
      </trkpt>
      <trkpt lat="47.3056157" lon="7.9438047">
        <ele>435.4</ele>
        <time>2026-09-15T10:49:52Z</time>
        <extensions>
          <gpxdata:distance>2887.93</gpxdata:distance>
          <gpxdata:speed>0.000</gpxdata:speed>
        </extensions>
      </trkpt>
      <trkpt lat="47.3056517" lon="7.9438177">
        <ele>435.4</ele>
        <time>2026-09-15T10:49:56Z</time>
        <extensions>
          <gpxdata:distance>2892.05</gpxdata:distance>
          <gpxdata:speed>0.999</gpxdata:speed>
        </extensions>
      </trkpt>
      <trkpt lat="47.3060737" lon="7.9439937">
        <ele>437.5</ele>
        <time>2026-09-15T10:50:47Z</time>
        <extensions>
          <gpxdata:distance>2940.81</gpxdata:distance>
          <gpxdata:speed>0.952</gpxdata:speed>
        </extensions>
      </trkpt>
      <trkpt lat="47.3060737" lon="7.9439937">
        <ele>437.5</ele>
        <time>2026-09-15T10:50:47Z</time>
        <extensions>
          <gpxdata:distance>2940.81</gpxdata:distance>
          <gpxdata:speed>0.000</gpxdata:speed>
        </extensions>
      </trkpt>
      <trkpt lat="47.3061457" lon="7.9439947">
        <ele>438.1</ele>
        <time>2026-09-15T10:50:56Z</time>
        <extensions>
          <gpxdata:distance>2948.82</gpxdata:distance>
          <gpxdata:speed>0.937</gpxdata:speed>
        </extensions>
      </trkpt>
      <trkpt lat="47.3062087" lon="7.9439947">
        <ele>438.7</ele>
        <time>2026-09-15T10:51:04Z</time>
        <extensions>
          <gpxdata:distance>2955.82</gpxdata:distance>
          <gpxdata:speed>0.920</gpxdata:speed>
        </extensions>
      </trkpt>
      <trkpt lat="47.3062807" lon="7.9439697">
        <ele>439.3</ele>
        <time>2026-09-15T10:51:13Z</time>
        <extensions>
          <gpxdata:distance>2964.05</gpxdata:distance>
          <gpxdata:speed>0.902</gpxdata:speed>
        </extensions>
      </trkpt>
      <trkpt lat="47.3062807" lon="7.9439697">
        <ele>439.3</ele>
        <time>2026-09-15T10:51:13Z</time>
        <extensions>
          <gpxdata:distance>2964.05</gpxdata:distance>
          <gpxdata:speed>0.000</gpxdata:speed>
        </extensions>
      </trkpt>
      <trkpt lat="47.3063257" lon="7.9439297">
        <ele>439.8</ele>
        <time>2026-09-15T10:51:19Z</time>
        <extensions>
          <gpxdata:distance>2969.89</gpxdata:distance>
          <gpxdata:speed>0.876</gpxdata:speed>
        </extensions>
      </trkpt>
      <trkpt lat="47.3064517" lon="7.9437857">
        <ele>441.2</ele>
        <time>2026-09-15T10:51:40Z</time>
        <extensions>
          <gpxdata:distance>2987.62</gpxdata:distance>
          <gpxdata:speed>0.864</gpxdata:speed>
        </extensions>
      </trkpt>
      <trkpt lat="47.3065427" lon="7.9436937">
        <ele>442.1</ele>
        <time>2026-09-15T10:51:54Z</time>
        <extensions>
          <gpxdata:distance>2999.88</gpxdata:distance>
          <gpxdata:speed>0.854</gpxdata:speed>
        </extensions>
      </trkpt>
      <trkpt lat="47.3066417" lon="7.9436157">
        <ele>442.7</ele>
        <time>2026-09-15T10:52:09Z</time>
        <extensions>
          <gpxdata:distance>3012.36</gpxdata:distance>
          <gpxdata:speed>0.826</gpxdata:speed>
        </extensions>
      </trkpt>
      <trkpt lat="47.3067677" lon="7.9435107">
        <ele>443.1</ele>
        <time>2026-09-15T10:52:28Z</time>
        <extensions>
          <gpxdata:distance>3028.46</gpxdata:distance>
          <gpxdata:speed>0.849</gpxdata:speed>
        </extensions>
      </trkpt>
      <trkpt lat="47.3068857" lon="7.9434197">
        <ele>443.1</ele>
        <time>2026-09-15T10:52:45Z</time>
        <extensions>
          <gpxdata:distance>3043.26</gpxdata:distance>
          <gpxdata:speed>0.878</gpxdata:speed>
        </extensions>
      </trkpt>
      <trkpt lat="47.3069487" lon="7.9433677">
        <ele>443.0</ele>
        <time>2026-09-15T10:52:54Z</time>
        <extensions>
          <gpxdata:distance>3051.29</gpxdata:distance>
          <gpxdata:speed>0.898</gpxdata:speed>
        </extensions>
      </trkpt>
      <trkpt lat="47.3069937" lon="7.9432887">
        <ele>442.8</ele>
        <time>2026-09-15T10:53:03Z</time>
        <extensions>
          <gpxdata:distance>3059.07</gpxdata:distance>
          <gpxdata:speed>0.919</gpxdata:speed>
        </extensions>
      </trkpt>
      <trkpt lat="47.3070937" lon="7.9430247">
        <ele>441.9</ele>
        <time>2026-09-15T10:53:26Z</time>
        <extensions>
          <gpxdata:distance>3081.87</gpxdata:distance>
          <gpxdata:speed>0.956</gpxdata:speed>
        </extensions>
      </trkpt>
      <trkpt lat="47.3071757" lon="7.9428667">
        <ele>441.5</ele>
        <time>2026-09-15T10:53:42Z</time>
        <extensions>
          <gpxdata:distance>3096.87</gpxdata:distance>
          <gpxdata:speed>0.978</gpxdata:speed>
        </extensions>
      </trkpt>
      <trkpt lat="47.3072747" lon="7.9427227">
        <ele>441.1</ele>
        <time>2026-09-15T10:53:57Z</time>
        <extensions>
          <gpxdata:distance>3112.33</gpxdata:distance>
          <gpxdata:speed>1.011</gpxdata:speed>
        </extensions>
      </trkpt>
      <trkpt lat="47.3073657" lon="7.9426177">
        <ele>440.8</ele>
        <time>2026-09-15T10:54:10Z</time>
        <extensions>
          <gpxdata:distance>3125.18</gpxdata:distance>
          <gpxdata:speed>0.999</gpxdata:speed>
        </extensions>
      </trkpt>
      <trkpt lat="47.3073657" lon="7.9426177">
        <ele>440.8</ele>
        <time>2026-09-15T10:54:10Z</time>
        <extensions>
          <gpxdata:distance>3125.18</gpxdata:distance>
          <gpxdata:speed>0.000</gpxdata:speed>
        </extensions>
      </trkpt>
      <trkpt lat="47.3073747" lon="7.9426307">
        <ele>440.8</ele>
        <time>2026-09-15T10:54:11Z</time>
        <extensions>
          <gpxdata:distance>3126.58</gpxdata:distance>
          <gpxdata:speed>0.982</gpxdata:speed>
        </extensions>
      </trkpt>
      <trkpt lat="47.3073837" lon="7.9426307">
        <ele>440.7</ele>
        <time>2026-09-15T10:54:12Z</time>
        <extensions>
          <gpxdata:distance>3127.58</gpxdata:distance>
          <gpxdata:speed>0.976</gpxdata:speed>
        </extensions>
      </trkpt>
      <trkpt lat="47.3074017" lon="7.9426307">
        <ele>440.8</ele>
        <time>2026-09-15T10:54:14Z</time>
        <extensions>
          <gpxdata:distance>3129.59</gpxdata:distance>
          <gpxdata:speed>0.976</gpxdata:speed>
        </extensions>
      </trkpt>
      <trkpt lat="47.3076267" lon="7.9425667">
        <ele>444.6</ele>
        <time>2026-09-15T10:54:41Z</time>
        <extensions>
          <gpxdata:distance>3155.07</gpxdata:distance>
          <gpxdata:speed>0.965</gpxdata:speed>
        </extensions>
      </trkpt>
      <trkpt lat="47.3076987" lon="7.9425277">
        <ele>445.8</ele>
        <time>2026-09-15T10:54:50Z</time>
        <extensions>
          <gpxdata:distance>3163.59</gpxdata:distance>
          <gpxdata:speed>0.891</gpxdata:speed>
        </extensions>
      </trkpt>
      <trkpt lat="47.3078167" lon="7.9423967">
        <ele>447.9</ele>
        <time>2026-09-15T10:55:11Z</time>
        <extensions>
          <gpxdata:distance>3180.02</gpxdata:distance>
          <gpxdata:speed>0.814</gpxdata:speed>
        </extensions>
      </trkpt>
      <trkpt lat="47.3079607" lon="7.9422657">
        <ele>449.7</ele>
        <time>2026-09-15T10:55:36Z</time>
        <extensions>
          <gpxdata:distance>3198.83</gpxdata:distance>
          <gpxdata:speed>0.755</gpxdata:speed>
        </extensions>
      </trkpt>
      <trkpt lat="47.3080327" lon="7.9422007">
        <ele>450.6</ele>
        <time>2026-09-15T10:55:49Z</time>
        <extensions>
          <gpxdata:distance>3208.22</gpxdata:distance>
          <gpxdata:speed>0.709</gpxdata:speed>
        </extensions>
      </trkpt>
      <trkpt lat="47.3081327" lon="7.9421227">
        <ele>451.9</ele>
        <time>2026-09-15T10:56:06Z</time>
        <extensions>
          <gpxdata:distance>3220.80</gpxdata:distance>
          <gpxdata:speed>0.714</gpxdata:speed>
        </extensions>
      </trkpt>
      <trkpt lat="47.3082497" lon="7.9420307">
        <ele>453.4</ele>
        <time>2026-09-15T10:56:27Z</time>
        <extensions>
          <gpxdata:distance>3235.54</gpxdata:distance>
          <gpxdata:speed>0.715</gpxdata:speed>
        </extensions>
      </trkpt>
      <trkpt lat="47.3083217" lon="7.9419917">
        <ele>454.2</ele>
        <time>2026-09-15T10:56:39Z</time>
        <extensions>
          <gpxdata:distance>3244.07</gpxdata:distance>
          <gpxdata:speed>0.715</gpxdata:speed>
        </extensions>
      </trkpt>
      <trkpt lat="47.3083217" lon="7.9419917">
        <ele>454.2</ele>
        <time>2026-09-15T10:56:39Z</time>
        <extensions>
          <gpxdata:distance>3244.07</gpxdata:distance>
          <gpxdata:speed>0.000</gpxdata:speed>
        </extensions>
      </trkpt>
      <trkpt lat="47.3085287" lon="7.9419277">
        <ele>457.7</ele>
        <time>2026-09-15T10:57:12Z</time>
        <extensions>
          <gpxdata:distance>3267.59</gpxdata:distance>
          <gpxdata:speed>0.713</gpxdata:speed>
        </extensions>
      </trkpt>
      <trkpt lat="47.3085917" lon="7.9419287">
        <ele>458.6</ele>
        <time>2026-09-15T10:57:22Z</time>
        <extensions>
          <gpxdata:distance>3274.59</gpxdata:distance>
          <gpxdata:speed>0.716</gpxdata:speed>
        </extensions>
      </trkpt>
      <trkpt lat="47.3085917" lon="7.9419287">
        <ele>458.6</ele>
        <time>2026-09-15T10:57:22Z</time>
        <extensions>
          <gpxdata:distance>3274.59</gpxdata:distance>
          <gpxdata:speed>0.000</gpxdata:speed>
        </extensions>
      </trkpt>
      <trkpt lat="47.3086817" lon="7.9419287">
        <ele>459.2</ele>
        <time>2026-09-15T10:57:35Z</time>
        <extensions>
          <gpxdata:distance>3284.60</gpxdata:distance>
          <gpxdata:speed>0.727</gpxdata:speed>
        </extensions>
      </trkpt>
      <trkpt lat="47.3088167" lon="7.9419307">
        <ele>460.1</ele>
        <time>2026-09-15T10:57:56Z</time>
        <extensions>
          <gpxdata:distance>3299.61</gpxdata:distance>
          <gpxdata:speed>0.744</gpxdata:speed>
        </extensions>
      </trkpt>
      <trkpt lat="47.3089067" lon="7.9419307">
        <ele>461.1</ele>
        <time>2026-09-15T10:58:09Z</time>
        <extensions>
          <gpxdata:distance>3309.62</gpxdata:distance>
          <gpxdata:speed>0.745</gpxdata:speed>
        </extensions>
      </trkpt>
      <trkpt lat="47.3089697" lon="7.9419057">
        <ele>462.1</ele>
        <time>2026-09-15T10:58:19Z</time>
        <extensions>
          <gpxdata:distance>3316.87</gpxdata:distance>
          <gpxdata:speed>0.737</gpxdata:speed>
        </extensions>
      </trkpt>
      <trkpt lat="47.3091777" lon="7.9417617">
        <ele>467.0</ele>
        <time>2026-09-15T10:58:56Z</time>
        <extensions>
          <gpxdata:distance>3342.42</gpxdata:distance>
          <gpxdata:speed>0.679</gpxdata:speed>
        </extensions>
      </trkpt>
      <trkpt lat="47.3092497" lon="7.9417357">
        <ele>468.2</ele>
        <time>2026-09-15T10:59:09Z</time>
        <extensions>
          <gpxdata:distance>3350.67</gpxdata:distance>
          <gpxdata:speed>0.676</gpxdata:speed>
        </extensions>
      </trkpt>
      <trkpt lat="47.3092947" lon="7.9417497">
        <ele>468.5</ele>
        <time>2026-09-15T10:59:16Z</time>
        <extensions>
          <gpxdata:distance>3355.78</gpxdata:distance>
          <gpxdata:speed>0.698</gpxdata:speed>
        </extensions>
      </trkpt>
      <trkpt lat="47.3092947" lon="7.9417497">
        <ele>468.5</ele>
        <time>2026-09-15T10:59:16Z</time>
        <extensions>
          <gpxdata:distance>3355.78</gpxdata:distance>
          <gpxdata:speed>0.000</gpxdata:speed>
        </extensions>
      </trkpt>
      <trkpt lat="47.3093127" lon="7.9416707">
        <ele>468.4</ele>
        <time>2026-09-15T10:59:25Z</time>
        <extensions>
          <gpxdata:distance>3362.06</gpxdata:distance>
          <gpxdata:speed>0.724</gpxdata:speed>
        </extensions>
      </trkpt>
      <trkpt lat="47.3093127" lon="7.9416707">
        <ele>468.4</ele>
        <time>2026-09-15T10:59:25Z</time>
        <extensions>
          <gpxdata:distance>3362.06</gpxdata:distance>
          <gpxdata:speed>0.000</gpxdata:speed>
        </extensions>
      </trkpt>
      <trkpt lat="47.3094127" lon="7.9413007">
        <ele>467.9</ele>
        <time>2026-09-15T11:00:02Z</time>
        <extensions>
          <gpxdata:distance>3392.09</gpxdata:distance>
          <gpxdata:speed>0.795</gpxdata:speed>
        </extensions>
      </trkpt>
      <trkpt lat="47.3094587" lon="7.9411827">
        <ele>468.0</ele>
        <time>2026-09-15T11:00:15Z</time>
        <extensions>
          <gpxdata:distance>3402.36</gpxdata:distance>
          <gpxdata:speed>0.821</gpxdata:speed>
        </extensions>
      </trkpt>
      <trkpt lat="47.3095037" lon="7.9411037">
        <ele>468.2</ele>
        <time>2026-09-15T11:00:24Z</time>
        <extensions>
          <gpxdata:distance>3410.14</gpxdata:distance>
          <gpxdata:speed>0.845</gpxdata:speed>
        </extensions>
      </trkpt>
      <trkpt lat="47.3096127" lon="7.9409457">
        <ele>468.8</ele>
        <time>2026-09-15T11:00:42Z</time>
        <extensions>
          <gpxdata:distance>3427.13</gpxdata:distance>
          <gpxdata:speed>0.958</gpxdata:speed>
        </extensions>
      </trkpt>
      <trkpt lat="47.3098297" lon="7.9406837">
        <ele>470.0</ele>
        <time>2026-09-15T11:01:14Z</time>
        <extensions>
          <gpxdata:distance>3458.31</gpxdata:distance>
          <gpxdata:speed>0.970</gpxdata:speed>
        </extensions>
      </trkpt>
      <trkpt lat="47.3099107" lon="7.9405517">
        <ele>470.6</ele>
        <time>2026-09-15T11:01:28Z</time>
        <extensions>
          <gpxdata:distance>3471.74</gpxdata:distance>
          <gpxdata:speed>0.966</gpxdata:speed>
        </extensions>
      </trkpt>
      <trkpt lat="47.3100107" lon="7.9403947">
        <ele>471.2</ele>
        <time>2026-09-15T11:01:45Z</time>
        <extensions>
          <gpxdata:distance>3487.98</gpxdata:distance>
          <gpxdata:speed>0.961</gpxdata:speed>
        </extensions>
      </trkpt>
      <trkpt lat="47.3102097" lon="7.9401317">
        <ele>472.2</ele>
        <time>2026-09-15T11:02:16Z</time>
        <extensions>
          <gpxdata:distance>3517.69</gpxdata:distance>
          <gpxdata:speed>0.950</gpxdata:speed>
        </extensions>
      </trkpt>
      <trkpt lat="47.3102637" lon="7.9400657">
        <ele>472.4</ele>
        <time>2026-09-15T11:02:24Z</time>
        <extensions>
          <gpxdata:distance>3525.49</gpxdata:distance>
          <gpxdata:speed>0.950</gpxdata:speed>
        </extensions>
      </trkpt>
      <trkpt lat="47.3103267" lon="7.9400268">
        <ele>472.7</ele>
        <time>2026-09-15T11:02:32Z</time>
        <extensions>
          <gpxdata:distance>3533.08</gpxdata:distance>
          <gpxdata:speed>0.926</gpxdata:speed>
        </extensions>
      </trkpt>
      <trkpt lat="47.3103897" lon="7.9400008">
        <ele>472.8</ele>
        <time>2026-09-15T11:02:40Z</time>
        <extensions>
          <gpxdata:distance>3540.36</gpxdata:distance>
          <gpxdata:speed>0.924</gpxdata:speed>
        </extensions>
      </trkpt>
      <trkpt lat="47.3104447" lon="7.9399748">
        <ele>472.9</ele>
        <time>2026-09-15T11:02:47Z</time>
        <extensions>
          <gpxdata:distance>3546.78</gpxdata:distance>
          <gpxdata:speed>0.925</gpxdata:speed>
        </extensions>
      </trkpt>
      <trkpt lat="47.3106697" lon="7.9399248">
        <ele>473.0</ele>
        <time>2026-09-15T11:03:14Z</time>
        <extensions>
          <gpxdata:distance>3572.08</gpxdata:distance>
          <gpxdata:speed>0.939</gpxdata:speed>
        </extensions>
      </trkpt>
      <trkpt lat="47.3107687" lon="7.9398858">
        <ele>472.9</ele>
        <time>2026-09-15T11:03:26Z</time>
        <extensions>
          <gpxdata:distance>3583.47</gpxdata:distance>
          <gpxdata:speed>0.954</gpxdata:speed>
        </extensions>
      </trkpt>
      <trkpt lat="47.3108947" lon="7.9398338">
        <ele>472.9</ele>
        <time>2026-09-15T11:03:41Z</time>
        <extensions>
          <gpxdata:distance>3598.02</gpxdata:distance>
          <gpxdata:speed>0.966</gpxdata:speed>
        </extensions>
      </trkpt>
      <trkpt lat="47.3110477" lon="7.9397298">
        <ele>472.9</ele>
        <time>2026-09-15T11:04:00Z</time>
        <extensions>
          <gpxdata:distance>3616.75</gpxdata:distance>
          <gpxdata:speed>0.979</gpxdata:speed>
        </extensions>
      </trkpt>
      <trkpt lat="47.3111197" lon="7.9396908">
        <ele>472.7</ele>
        <time>2026-09-15T11:04:09Z</time>
        <extensions>
          <gpxdata:distance>3625.28</gpxdata:distance>
          <gpxdata:speed>1.001</gpxdata:speed>
        </extensions>
      </trkpt>
      <trkpt lat="47.3112007" lon="7.9396778">
        <ele>472.5</ele>
        <time>2026-09-15T11:04:18Z</time>
        <extensions>
          <gpxdata:distance>3634.34</gpxdata:distance>
          <gpxdata:speed>1.010</gpxdata:speed>
        </extensions>
      </trkpt>
      <trkpt lat="47.3112907" lon="7.9396788">
        <ele>472.1</ele>
        <time>2026-09-15T11:04:28Z</time>
        <extensions>
          <gpxdata:distance>3644.35</gpxdata:distance>
          <gpxdata:speed>1.005</gpxdata:speed>
        </extensions>
      </trkpt>
      <trkpt lat="47.3113717" lon="7.9397058">
        <ele>471.7</ele>
        <time>2026-09-15T11:04:37Z</time>
        <extensions>
          <gpxdata:distance>3653.59</gpxdata:distance>
          <gpxdata:speed>1.000</gpxdata:speed>
        </extensions>
      </trkpt>
      <trkpt lat="47.3114437" lon="7.9397338">
        <ele>471.1</ele>
        <time>2026-09-15T11:04:45Z</time>
        <extensions>
          <gpxdata:distance>3661.86</gpxdata:distance>
          <gpxdata:speed>0.992</gpxdata:speed>
        </extensions>
      </trkpt>
      <trkpt lat="47.3115427" lon="7.9397738">
        <ele>470.5</ele>
        <time>2026-09-15T11:04:57Z</time>
        <extensions>
          <gpxdata:distance>3673.28</gpxdata:distance>
          <gpxdata:speed>0.981</gpxdata:speed>
        </extensions>
      </trkpt>
      <trkpt lat="47.3115427" lon="7.9397738">
        <ele>470.5</ele>
        <time>2026-09-15T11:04:57Z</time>
        <extensions>
          <gpxdata:distance>3673.28</gpxdata:distance>
          <gpxdata:speed>0.000</gpxdata:speed>
        </extensions>
      </trkpt>
      <trkpt lat="47.3116057" lon="7.9398138">
        <ele>469.9</ele>
        <time>2026-09-15T11:05:05Z</time>
        <extensions>
          <gpxdata:distance>3680.91</gpxdata:distance>
          <gpxdata:speed>0.966</gpxdata:speed>
        </extensions>
      </trkpt>
      <trkpt lat="47.3116057" lon="7.9398138">
        <ele>469.9</ele>
        <time>2026-09-15T11:05:05Z</time>
        <extensions>
          <gpxdata:distance>3680.91</gpxdata:distance>
          <gpxdata:speed>0.000</gpxdata:speed>
        </extensions>
      </trkpt>
      <trkpt lat="47.3117757" lon="7.9398948">
        <ele>467.9</ele>
        <time>2026-09-15T11:05:26Z</time>
        <extensions>
          <gpxdata:distance>3700.77</gpxdata:distance>
          <gpxdata:speed>0.934</gpxdata:speed>
        </extensions>
      </trkpt>
      <trkpt lat="47.3119377" lon="7.9399888">
        <ele>465.8</ele>
        <time>2026-09-15T11:05:47Z</time>
        <extensions>
          <gpxdata:distance>3720.13</gpxdata:distance>
          <gpxdata:speed>0.918</gpxdata:speed>
        </extensions>
      </trkpt>
      <trkpt lat="47.3120897" lon="7.9401228">
        <ele>463.8</ele>
        <time>2026-09-15T11:06:09Z</time>
        <extensions>
          <gpxdata:distance>3739.82</gpxdata:distance>
          <gpxdata:speed>0.908</gpxdata:speed>
        </extensions>
      </trkpt>
      <trkpt lat="47.3122237" lon="7.9402568">
        <ele>462.0</ele>
        <time>2026-09-15T11:06:29Z</time>
        <extensions>
          <gpxdata:distance>3757.82</gpxdata:distance>
          <gpxdata:speed>0.902</gpxdata:speed>
        </extensions>
      </trkpt>
      <trkpt lat="47.3123667" lon="7.9404168">
        <ele>460.2</ele>
        <time>2026-09-15T11:06:51Z</time>
        <extensions>
          <gpxdata:distance>3777.78</gpxdata:distance>
          <gpxdata:speed>0.901</gpxdata:speed>
        </extensions>
      </trkpt>
      <trkpt lat="47.3125017" lon="7.9406028">
        <ele>458.1</ele>
        <time>2026-09-15T11:07:14Z</time>
        <extensions>
          <gpxdata:distance>3798.32</gpxdata:distance>
          <gpxdata:speed>0.895</gpxdata:speed>
        </extensions>
      </trkpt>
      <trkpt lat="47.3125907" lon="7.9407488">
        <ele>456.7</ele>
        <time>2026-09-15T11:07:31Z</time>
        <extensions>
          <gpxdata:distance>3813.12</gpxdata:distance>
          <gpxdata:speed>0.896</gpxdata:speed>
        </extensions>
      </trkpt>
      <trkpt lat="47.3126977" lon="7.9409748">
        <ele>455.3</ele>
        <time>2026-09-15T11:07:54Z</time>
        <extensions>
          <gpxdata:distance>3833.90</gpxdata:distance>
          <gpxdata:speed>0.899</gpxdata:speed>
        </extensions>
      </trkpt>
      <trkpt lat="47.3127777" lon="7.9411738">
        <ele>454.5</ele>
        <time>2026-09-15T11:08:13Z</time>
        <extensions>
          <gpxdata:distance>3851.35</gpxdata:distance>
          <gpxdata:speed>0.905</gpxdata:speed>
        </extensions>
      </trkpt>
      <trkpt lat="47.3128757" lon="7.9414398">
        <ele>453.9</ele>
        <time>2026-09-15T11:08:38Z</time>
        <extensions>
          <gpxdata:distance>3874.17</gpxdata:distance>
          <gpxdata:speed>0.915</gpxdata:speed>
        </extensions>
      </trkpt>
      <trkpt lat="47.3131057" lon="7.9423018">
        <ele>452.4</ele>
        <time>2026-09-15T11:09:52Z</time>
        <extensions>
          <gpxdata:distance>3944.01</gpxdata:distance>
          <gpxdata:speed>0.938</gpxdata:speed>
        </extensions>
      </trkpt>
      <trkpt lat="47.3131767" lon="7.9425798">
        <ele>451.8</ele>
        <time>2026-09-15T11:10:16Z</time>
        <extensions>
          <gpxdata:distance>3966.40</gpxdata:distance>
          <gpxdata:speed>0.945</gpxdata:speed>
        </extensions>
      </trkpt>
      <trkpt lat="47.3132117" lon="7.9427128">
        <ele>451.4</ele>
        <time>2026-09-15T11:10:27Z</time>
        <extensions>
          <gpxdata:distance>3977.16</gpxdata:distance>
          <gpxdata:speed>0.950</gpxdata:speed>
        </extensions>
      </trkpt>
      <trkpt lat="47.3132207" lon="7.9428188">
        <ele>451.0</ele>
        <time>2026-09-15T11:10:36Z</time>
        <extensions>
          <gpxdata:distance>3985.21</gpxdata:distance>
          <gpxdata:speed>0.955</gpxdata:speed>
        </extensions>
      </trkpt>
      <trkpt lat="47.3132287" lon="7.9429638">
        <ele>450.5</ele>
        <time>2026-09-15T11:10:47Z</time>
        <extensions>
          <gpxdata:distance>3996.18</gpxdata:distance>
          <gpxdata:speed>0.963</gpxdata:speed>
        </extensions>
      </trkpt>
      <trkpt lat="47.3132367" lon="7.9431358">
        <ele>449.8</ele>
        <time>2026-09-15T11:11:01Z</time>
        <extensions>
          <gpxdata:distance>4009.18</gpxdata:distance>
          <gpxdata:speed>0.967</gpxdata:speed>
        </extensions>
      </trkpt>
      <trkpt lat="47.3132547" lon="7.9432418">
        <ele>449.5</ele>
        <time>2026-09-15T11:11:09Z</time>
        <extensions>
          <gpxdata:distance>4017.41</gpxdata:distance>
          <gpxdata:speed>0.972</gpxdata:speed>
        </extensions>
      </trkpt>
      <trkpt lat="47.3133437" lon="7.9434808">
        <ele>448.6</ele>
        <time>2026-09-15T11:11:30Z</time>
        <extensions>
          <gpxdata:distance>4037.97</gpxdata:distance>
          <gpxdata:speed>0.972</gpxdata:speed>
        </extensions>
      </trkpt>
      <trkpt lat="47.3133517" lon="7.9435338">
        <ele>448.5</ele>
        <time>2026-09-15T11:11:35Z</time>
        <extensions>
          <gpxdata:distance>4042.06</gpxdata:distance>
          <gpxdata:speed>0.971</gpxdata:speed>
        </extensions>
      </trkpt>
      <trkpt lat="47.3133517" lon="7.9435338">
        <ele>448.5</ele>
        <time>2026-09-15T11:11:35Z</time>
        <extensions>
          <gpxdata:distance>4042.06</gpxdata:distance>
          <gpxdata:speed>0.000</gpxdata:speed>
        </extensions>
      </trkpt>
      <trkpt lat="47.3133967" lon="7.9435338">
        <ele>448.4</ele>
        <time>2026-09-15T11:11:40Z</time>
        <extensions>
          <gpxdata:distance>4047.07</gpxdata:distance>
          <gpxdata:speed>0.958</gpxdata:speed>
        </extensions>
      </trkpt>
      <trkpt lat="47.3134327" lon="7.9435478">
        <ele>448.2</ele>
        <time>2026-09-15T11:11:44Z</time>
        <extensions>
          <gpxdata:distance>4051.21</gpxdata:distance>
          <gpxdata:speed>0.957</gpxdata:speed>
        </extensions>
      </trkpt>
      <trkpt lat="47.3134957" lon="7.9435878">
        <ele>447.9</ele>
        <time>2026-09-15T11:11:52Z</time>
        <extensions>
          <gpxdata:distance>4058.83</gpxdata:distance>
          <gpxdata:speed>0.958</gpxdata:speed>
        </extensions>
      </trkpt>
      <trkpt lat="47.3135947" lon="7.9436818">
        <ele>447.4</ele>
        <time>2026-09-15T11:12:06Z</time>
        <extensions>
          <gpxdata:distance>4071.93</gpxdata:distance>
          <gpxdata:speed>0.960</gpxdata:speed>
        </extensions>
      </trkpt>
      <trkpt lat="47.3137017" lon="7.9437888">
        <ele>447.2</ele>
        <time>2026-09-15T11:12:21Z</time>
        <extensions>
          <gpxdata:distance>4086.30</gpxdata:distance>
          <gpxdata:speed>0.969</gpxdata:speed>
        </extensions>
      </trkpt>
      <trkpt lat="47.3137017" lon="7.9437888">
        <ele>447.2</ele>
        <time>2026-09-15T11:12:21Z</time>
        <extensions>
          <gpxdata:distance>4086.30</gpxdata:distance>
          <gpxdata:speed>0.000</gpxdata:speed>
        </extensions>
      </trkpt>
      <trkpt lat="47.3138357" lon="7.9439088">
        <ele>447.1</ele>
        <time>2026-09-15T11:12:38Z</time>
        <extensions>
          <gpxdata:distance>4103.73</gpxdata:distance>
          <gpxdata:speed>0.983</gpxdata:speed>
        </extensions>
      </trkpt>
      <trkpt lat="47.3138717" lon="7.9439358">
        <ele>446.9</ele>
        <time>2026-09-15T11:12:43Z</time>
        <extensions>
          <gpxdata:distance>4108.22</gpxdata:distance>
          <gpxdata:speed>0.981</gpxdata:speed>
        </extensions>
      </trkpt>
      <trkpt lat="47.3138717" lon="7.9439358">
        <ele>446.9</ele>
        <time>2026-09-15T11:12:43Z</time>
        <extensions>
          <gpxdata:distance>4108.22</gpxdata:distance>
          <gpxdata:speed>0.000</gpxdata:speed>
        </extensions>
      </trkpt>
      <trkpt lat="47.3139167" lon="7.9440418">
        <ele>445.4</ele>
        <time>2026-09-15T11:12:53Z</time>
        <extensions>
          <gpxdata:distance>4117.65</gpxdata:distance>
          <gpxdata:speed>0.958</gpxdata:speed>
        </extensions>
      </trkpt>
      <trkpt lat="47.3139877" lon="7.9442278">
        <ele>442.4</ele>
        <time>2026-09-15T11:13:10Z</time>
        <extensions>
          <gpxdata:distance>4133.74</gpxdata:distance>
          <gpxdata:speed>0.926</gpxdata:speed>
        </extensions>
      </trkpt>
      <trkpt lat="47.3140587" lon="7.9444138">
        <ele>439.4</ele>
        <time>2026-09-15T11:13:28Z</time>
        <extensions>
          <gpxdata:distance>4149.84</gpxdata:distance>
          <gpxdata:speed>0.901</gpxdata:speed>
        </extensions>
      </trkpt>
      <trkpt lat="47.3141297" lon="7.9446388">
        <ele>436.8</ele>
        <time>2026-09-15T11:13:49Z</time>
        <extensions>
          <gpxdata:distance>4168.55</gpxdata:distance>
          <gpxdata:speed>0.903</gpxdata:speed>
        </extensions>
      </trkpt>
      <trkpt lat="47.3141827" lon="7.9448508">
        <ele>435.8</ele>
        <time>2026-09-15T11:14:07Z</time>
        <extensions>
          <gpxdata:distance>4185.58</gpxdata:distance>
          <gpxdata:speed>0.908</gpxdata:speed>
        </extensions>
      </trkpt>
      <trkpt lat="47.3142627" lon="7.9451688">
        <ele>435.5</ele>
        <time>2026-09-15T11:14:36Z</time>
        <extensions>
          <gpxdata:distance>4211.15</gpxdata:distance>
          <gpxdata:speed>0.901</gpxdata:speed>
        </extensions>
      </trkpt>
      <trkpt lat="47.3143507" lon="7.9454878">
        <ele>435.3</ele>
        <time>2026-09-15T11:15:04Z</time>
        <extensions>
          <gpxdata:distance>4237.11</gpxdata:distance>
          <gpxdata:speed>0.907</gpxdata:speed>
        </extensions>
      </trkpt>
      <trkpt lat="47.3144037" lon="7.9457258">
        <ele>435.6</ele>
        <time>2026-09-15T11:15:25Z</time>
        <extensions>
          <gpxdata:distance>4256.00</gpxdata:distance>
          <gpxdata:speed>0.920</gpxdata:speed>
        </extensions>
      </trkpt>
      <trkpt lat="47.3144397" lon="7.9458318">
        <ele>435.4</ele>
        <time>2026-09-15T11:15:35Z</time>
        <extensions>
          <gpxdata:distance>4264.94</gpxdata:distance>
          <gpxdata:speed>0.923</gpxdata:speed>
        </extensions>
      </trkpt>
      <trkpt lat="47.3144747" lon="7.9459118">
        <ele>435.1</ele>
        <time>2026-09-15T11:15:42Z</time>
        <extensions>
          <gpxdata:distance>4272.11</gpxdata:distance>
          <gpxdata:speed>0.930</gpxdata:speed>
        </extensions>
      </trkpt>
      <trkpt lat="47.3145107" lon="7.9459518">
        <ele>434.9</ele>
        <time>2026-09-15T11:15:48Z</time>
        <extensions>
          <gpxdata:distance>4277.13</gpxdata:distance>
          <gpxdata:speed>0.946</gpxdata:speed>
        </extensions>
      </trkpt>
      <trkpt lat="47.3145827" lon="7.9460058">
        <ele>434.9</ele>
        <time>2026-09-15T11:15:57Z</time>
        <extensions>
          <gpxdata:distance>4286.11</gpxdata:distance>
          <gpxdata:speed>0.970</gpxdata:speed>
        </extensions>
      </trkpt>
      <trkpt lat="47.3145827" lon="7.9460058">
        <ele>434.9</ele>
        <time>2026-09-15T11:15:57Z</time>
        <extensions>
          <gpxdata:distance>4286.11</gpxdata:distance>
          <gpxdata:speed>0.000</gpxdata:speed>
        </extensions>
      </trkpt>
      <trkpt lat="47.3147166" lon="7.9461128">
        <ele>435.1</ele>
        <time>2026-09-15T11:16:14Z</time>
        <extensions>
          <gpxdata:distance>4303.04</gpxdata:distance>
          <gpxdata:speed>1.005</gpxdata:speed>
        </extensions>
      </trkpt>
      <trkpt lat="47.3148246" lon="7.9461929">
        <ele>435.4</ele>
        <time>2026-09-15T11:16:27Z</time>
        <extensions>
          <gpxdata:distance>4316.48</gpxdata:distance>
          <gpxdata:speed>1.011</gpxdata:speed>
        </extensions>
      </trkpt>
      <trkpt lat="47.3149676" lon="7.9462869">
        <ele>435.8</ele>
        <time>2026-09-15T11:16:44Z</time>
        <extensions>
          <gpxdata:distance>4333.89</gpxdata:distance>
          <gpxdata:speed>0.999</gpxdata:speed>
        </extensions>
      </trkpt>
      <trkpt lat="47.3150486" lon="7.9463539">
        <ele>435.9</ele>
        <time>2026-09-15T11:16:55Z</time>
        <extensions>
          <gpxdata:distance>4344.22</gpxdata:distance>
          <gpxdata:speed>1.004</gpxdata:speed>
        </extensions>
      </trkpt>
      <trkpt lat="47.3151556" lon="7.9464609">
        <ele>436.2</ele>
        <time>2026-09-15T11:17:09Z</time>
        <extensions>
          <gpxdata:distance>4358.59</gpxdata:distance>
          <gpxdata:speed>0.991</gpxdata:speed>
        </extensions>
      </trkpt>
      <trkpt lat="47.3152726" lon="7.9465809">
        <ele>436.4</ele>
        <time>2026-09-15T11:17:25Z</time>
        <extensions>
          <gpxdata:distance>4374.44</gpxdata:distance>
          <gpxdata:speed>0.980</gpxdata:speed>
        </extensions>
      </trkpt>
      <trkpt lat="47.3153256" lon="7.9466609">
        <ele>436.3</ele>
        <time>2026-09-15T11:17:34Z</time>
        <extensions>
          <gpxdata:distance>4382.87</gpxdata:distance>
          <gpxdata:speed>0.979</gpxdata:speed>
        </extensions>
      </trkpt>
      <trkpt lat="47.3153976" lon="7.9467939">
        <ele>436.0</ele>
        <time>2026-09-15T11:17:47Z</time>
        <extensions>
          <gpxdata:distance>4395.70</gpxdata:distance>
          <gpxdata:speed>0.987</gpxdata:speed>
        </extensions>
      </trkpt>
      <trkpt lat="47.3154506" lon="7.9468599">
        <ele>435.6</ele>
        <time>2026-09-15T11:17:55Z</time>
        <extensions>
          <gpxdata:distance>4403.41</gpxdata:distance>
          <gpxdata:speed>0.997</gpxdata:speed>
        </extensions>
      </trkpt>
      <trkpt lat="47.3154776" lon="7.9468999">
        <ele>435.2</ele>
        <time>2026-09-15T11:17:59Z</time>
        <extensions>
          <gpxdata:distance>4407.67</gpxdata:distance>
          <gpxdata:speed>1.010</gpxdata:speed>
        </extensions>
      </trkpt>
      <trkpt lat="47.3155046" lon="7.9469139">
        <ele>435.1</ele>
        <time>2026-09-15T11:18:02Z</time>
        <extensions>
          <gpxdata:distance>4410.85</gpxdata:distance>
          <gpxdata:speed>1.008</gpxdata:speed>
        </extensions>
      </trkpt>
      <trkpt lat="47.3155226" lon="7.9469139">
        <ele>435.0</ele>
        <time>2026-09-15T11:18:04Z</time>
        <extensions>
          <gpxdata:distance>4412.85</gpxdata:distance>
          <gpxdata:speed>0.999</gpxdata:speed>
        </extensions>
      </trkpt>
      <trkpt lat="47.3155676" lon="7.9469009">
        <ele>435.1</ele>
        <time>2026-09-15T11:18:09Z</time>
        <extensions>
          <gpxdata:distance>4417.95</gpxdata:distance>
          <gpxdata:speed>0.998</gpxdata:speed>
        </extensions>
      </trkpt>
      <trkpt lat="47.3155676" lon="7.9469009">
        <ele>435.1</ele>
        <time>2026-09-15T11:18:09Z</time>
        <extensions>
          <gpxdata:distance>4417.95</gpxdata:distance>
          <gpxdata:speed>0.000</gpxdata:speed>
        </extensions>
      </trkpt>
      <trkpt lat="47.3156036" lon="7.9470469">
        <ele>435.5</ele>
        <time>2026-09-15T11:18:21Z</time>
        <extensions>
          <gpxdata:distance>4429.66</gpxdata:distance>
          <gpxdata:speed>0.991</gpxdata:speed>
        </extensions>
      </trkpt>
      <trkpt lat="47.3156036" lon="7.9470469">
        <ele>435.5</ele>
        <time>2026-09-15T11:18:21Z</time>
        <extensions>
          <gpxdata:distance>4429.66</gpxdata:distance>
          <gpxdata:speed>0.000</gpxdata:speed>
        </extensions>
      </trkpt>
      <trkpt lat="47.3156846" lon="7.9470079">
        <ele>435.0</ele>
        <time>2026-09-15T11:18:31Z</time>
        <extensions>
          <gpxdata:distance>4439.14</gpxdata:distance>
          <gpxdata:speed>0.983</gpxdata:speed>
        </extensions>
      </trkpt>
      <trkpt lat="47.3157116" lon="7.9470079">
        <ele>434.9</ele>
        <time>2026-09-15T11:18:34Z</time>
        <extensions>
          <gpxdata:distance>4442.14</gpxdata:distance>
          <gpxdata:speed>0.989</gpxdata:speed>
        </extensions>
      </trkpt>
      <trkpt lat="47.3157476" lon="7.9470089">
        <ele>434.6</ele>
        <time>2026-09-15T11:18:38Z</time>
        <extensions>
          <gpxdata:distance>4446.14</gpxdata:distance>
          <gpxdata:speed>0.992</gpxdata:speed>
        </extensions>
      </trkpt>
      <trkpt lat="47.3157836" lon="7.9470089">
        <ele>434.4</ele>
        <time>2026-09-15T11:18:42Z</time>
        <extensions>
          <gpxdata:distance>4450.15</gpxdata:distance>
          <gpxdata:speed>0.989</gpxdata:speed>
        </extensions>
      </trkpt>
      <trkpt lat="47.3158286" lon="7.9470229">
        <ele>434.2</ele>
        <time>2026-09-15T11:18:47Z</time>
        <extensions>
          <gpxdata:distance>4455.26</gpxdata:distance>
          <gpxdata:speed>0.988</gpxdata:speed>
        </extensions>
      </trkpt>
      <trkpt lat="47.3158636" lon="7.9470489">
        <ele>434.0</ele>
        <time>2026-09-15T11:18:51Z</time>
        <extensions>
          <gpxdata:distance>4459.62</gpxdata:distance>
          <gpxdata:speed>0.978</gpxdata:speed>
        </extensions>
      </trkpt>
      <trkpt lat="47.3158996" lon="7.9470759">
        <ele>434.0</ele>
        <time>2026-09-15T11:18:56Z</time>
        <extensions>
          <gpxdata:distance>4464.11</gpxdata:distance>
          <gpxdata:speed>0.982</gpxdata:speed>
        </extensions>
      </trkpt>
      <trkpt lat="47.3159896" lon="7.9471559">
        <ele>433.9</ele>
        <time>2026-09-15T11:19:08Z</time>
        <extensions>
          <gpxdata:distance>4475.79</gpxdata:distance>
          <gpxdata:speed>0.968</gpxdata:speed>
        </extensions>
      </trkpt>
      <trkpt lat="47.3160606" lon="7.9472629">
        <ele>433.9</ele>
        <time>2026-09-15T11:19:20Z</time>
        <extensions>
          <gpxdata:distance>4487.08</gpxdata:distance>
          <gpxdata:speed>0.977</gpxdata:speed>
        </extensions>
      </trkpt>
      <trkpt lat="47.3161946" lon="7.9474629">
        <ele>434.3</ele>
        <time>2026-09-15T11:19:41Z</time>
        <extensions>
          <gpxdata:distance>4508.28</gpxdata:distance>
          <gpxdata:speed>0.999</gpxdata:speed>
        </extensions>
      </trkpt>
      <trkpt lat="47.3163206" lon="7.9476089">
        <ele>434.9</ele>
        <time>2026-09-15T11:19:58Z</time>
        <extensions>
          <gpxdata:distance>4526.09</gpxdata:distance>
          <gpxdata:speed>1.012</gpxdata:speed>
        </extensions>
      </trkpt>
      <trkpt lat="47.3164096" lon="7.9477029">
        <ele>435.4</ele>
        <time>2026-09-15T11:20:11Z</time>
        <extensions>
          <gpxdata:distance>4538.26</gpxdata:distance>
          <gpxdata:speed>0.990</gpxdata:speed>
        </extensions>
      </trkpt>
      <trkpt lat="47.3165176" lon="7.9477699">
        <ele>436.0</ele>
        <time>2026-09-15T11:20:24Z</time>
        <extensions>
          <gpxdata:distance>4551.29</gpxdata:distance>
          <gpxdata:speed>0.972</gpxdata:speed>
        </extensions>
      </trkpt>
      <trkpt lat="47.3165176" lon="7.9477699">
        <ele>436.0</ele>
        <time>2026-09-15T11:20:24Z</time>
        <extensions>
          <gpxdata:distance>4551.29</gpxdata:distance>
          <gpxdata:speed>0.000</gpxdata:speed>
        </extensions>
      </trkpt>
      <trkpt lat="47.3165806" lon="7.9478099">
        <ele>436.3</ele>
        <time>2026-09-15T11:20:32Z</time>
        <extensions>
          <gpxdata:distance>4558.92</gpxdata:distance>
          <gpxdata:speed>0.954</gpxdata:speed>
        </extensions>
      </trkpt>
      <trkpt lat="47.3166606" lon="7.9478509">
        <ele>436.7</ele>
        <time>2026-09-15T11:20:42Z</time>
        <extensions>
          <gpxdata:distance>4568.34</gpxdata:distance>
          <gpxdata:speed>0.947</gpxdata:speed>
        </extensions>
      </trkpt>
      <trkpt lat="47.3167416" lon="7.9478649">
        <ele>437.0</ele>
        <time>2026-09-15T11:20:52Z</time>
        <extensions>
          <gpxdata:distance>4577.41</gpxdata:distance>
          <gpxdata:speed>0.935</gpxdata:speed>
        </extensions>
      </trkpt>
      <trkpt lat="47.3168226" lon="7.9478789">
        <ele>437.3</ele>
        <time>2026-09-15T11:21:02Z</time>
        <extensions>
          <gpxdata:distance>4586.47</gpxdata:distance>
          <gpxdata:speed>0.926</gpxdata:speed>
        </extensions>
      </trkpt>
      <trkpt lat="47.3168946" lon="7.9478789">
        <ele>437.5</ele>
        <time>2026-09-15T11:21:10Z</time>
        <extensions>
          <gpxdata:distance>4594.48</gpxdata:distance>
          <gpxdata:speed>0.918</gpxdata:speed>
        </extensions>
      </trkpt>
      <trkpt lat="47.3169756" lon="7.9478799">
        <ele>437.7</ele>
        <time>2026-09-15T11:21:20Z</time>
        <extensions>
          <gpxdata:distance>4603.49</gpxdata:distance>
          <gpxdata:speed>0.921</gpxdata:speed>
        </extensions>
      </trkpt>
      <trkpt lat="47.3169756" lon="7.9478799">
        <ele>437.7</ele>
        <time>2026-09-15T11:21:20Z</time>
        <extensions>
          <gpxdata:distance>4603.49</gpxdata:distance>
          <gpxdata:speed>0.000</gpxdata:speed>
        </extensions>
      </trkpt>
      <trkpt lat="47.3172996" lon="7.9478959">
        <ele>438.3</ele>
        <time>2026-09-15T11:21:58Z</time>
        <extensions>
          <gpxdata:distance>4639.53</gpxdata:distance>
          <gpxdata:speed>0.946</gpxdata:speed>
        </extensions>
      </trkpt>
      <trkpt lat="47.3174076" lon="7.9478969">
        <ele>438.2</ele>
        <time>2026-09-15T11:22:11Z</time>
        <extensions>
          <gpxdata:distance>4651.54</gpxdata:distance>
          <gpxdata:speed>0.957</gpxdata:speed>
        </extensions>
      </trkpt>
      <trkpt lat="47.3175516" lon="7.9479249">
        <ele>437.9</ele>
        <time>2026-09-15T11:22:27Z</time>
        <extensions>
          <gpxdata:distance>4667.69</gpxdata:distance>
          <gpxdata:speed>0.975</gpxdata:speed>
        </extensions>
      </trkpt>
      <trkpt lat="47.3175516" lon="7.9479249">
        <ele>437.9</ele>
        <time>2026-09-15T11:22:27Z</time>
        <extensions>
          <gpxdata:distance>4667.69</gpxdata:distance>
          <gpxdata:speed>0.000</gpxdata:speed>
        </extensions>
      </trkpt>
      <trkpt lat="47.3176136" lon="7.9479389">
        <ele>437.8</ele>
        <time>2026-09-15T11:22:34Z</time>
        <extensions>
          <gpxdata:distance>4674.67</gpxdata:distance>
          <gpxdata:speed>0.992</gpxdata:speed>
        </extensions>
      </trkpt>
      <trkpt lat="47.3177306" lon="7.9479799">
        <ele>437.5</ele>
        <time>2026-09-15T11:22:48Z</time>
        <extensions>
          <gpxdata:distance>4688.04</gpxdata:distance>
          <gpxdata:speed>1.007</gpxdata:speed>
        </extensions>
      </trkpt>
      <trkpt lat="47.3178026" lon="7.9480199">
        <ele>437.4</ele>
        <time>2026-09-15T11:22:56Z</time>
        <extensions>
          <gpxdata:distance>4696.60</gpxdata:distance>
          <gpxdata:speed>1.011</gpxdata:speed>
        </extensions>
      </trkpt>
      <trkpt lat="47.3178836" lon="7.9480739">
        <ele>437.1</ele>
        <time>2026-09-15T11:23:06Z</time>
        <extensions>
          <gpxdata:distance>4706.48</gpxdata:distance>
          <gpxdata:speed>1.005</gpxdata:speed>
        </extensions>
      </trkpt>
      <trkpt lat="47.3179456" lon="7.9481009">
        <ele>437.0</ele>
        <time>2026-09-15T11:23:13Z</time>
        <extensions>
          <gpxdata:distance>4713.67</gpxdata:distance>
          <gpxdata:speed>1.004</gpxdata:speed>
        </extensions>
      </trkpt>
      <trkpt lat="47.3180086" lon="7.9481539">
        <ele>436.8</ele>
        <time>2026-09-15T11:23:21Z</time>
        <extensions>
          <gpxdata:distance>4721.73</gpxdata:distance>
          <gpxdata:speed>0.989</gpxdata:speed>
        </extensions>
      </trkpt>
      <trkpt lat="47.3180806" lon="7.9482209">
        <ele>436.7</ele>
        <time>2026-09-15T11:23:31Z</time>
        <extensions>
          <gpxdata:distance>4731.20</gpxdata:distance>
          <gpxdata:speed>0.988</gpxdata:speed>
        </extensions>
      </trkpt>
      <trkpt lat="47.3180806" lon="7.9482209">
        <ele>436.7</ele>
        <time>2026-09-15T11:23:31Z</time>
        <extensions>
          <gpxdata:distance>4731.20</gpxdata:distance>
          <gpxdata:speed>0.000</gpxdata:speed>
        </extensions>
      </trkpt>
      <trkpt lat="47.3181346" lon="7.9480759">
        <ele>437.2</ele>
        <time>2026-09-15T11:23:43Z</time>
        <extensions>
          <gpxdata:distance>4743.67</gpxdata:distance>
          <gpxdata:speed>1.001</gpxdata:speed>
        </extensions>
      </trkpt>
      <trkpt lat="47.3181346" lon="7.9480759">
        <ele>437.2</ele>
        <time>2026-09-15T11:23:43Z</time>
        <extensions>
          <gpxdata:distance>4743.67</gpxdata:distance>
          <gpxdata:speed>0.000</gpxdata:speed>
        </extensions>
      </trkpt>
      <trkpt lat="47.3182446" lon="7.9477859">
        <ele>437.3</ele>
        <time>2026-09-15T11:24:08Z</time>
        <extensions>
          <gpxdata:distance>4768.72</gpxdata:distance>
          <gpxdata:speed>1.009</gpxdata:speed>
        </extensions>
      </trkpt>
      <trkpt lat="47.3183356" lon="7.9475229">
        <ele>436.6</ele>
        <time>2026-09-15T11:24:30Z</time>
        <extensions>
          <gpxdata:distance>4790.98</gpxdata:distance>
          <gpxdata:speed>1.001</gpxdata:speed>
        </extensions>
      </trkpt>
      <trkpt lat="47.3183806" lon="7.9474039">
        <ele>436.1</ele>
        <time>2026-09-15T11:24:41Z</time>
        <extensions>
          <gpxdata:distance>4801.25</gpxdata:distance>
          <gpxdata:speed>0.999</gpxdata:speed>
        </extensions>
      </trkpt>
      <trkpt lat="47.3183806" lon="7.9474039">
        <ele>436.1</ele>
        <time>2026-09-15T11:24:41Z</time>
        <extensions>
          <gpxdata:distance>4801.25</gpxdata:distance>
          <gpxdata:speed>0.000</gpxdata:speed>
        </extensions>
      </trkpt>
      <trkpt lat="47.3184266" lon="7.9473249">
        <ele>436.0</ele>
        <time>2026-09-15T11:24:48Z</time>
        <extensions>
          <gpxdata:distance>4809.10</gpxdata:distance>
          <gpxdata:speed>1.001</gpxdata:speed>
        </extensions>
      </trkpt>
      <trkpt lat="47.3185256" lon="7.9471669">
        <ele>435.9</ele>
        <time>2026-09-15T11:25:05Z</time>
        <extensions>
          <gpxdata:distance>4825.32</gpxdata:distance>
          <gpxdata:speed>1.001</gpxdata:speed>
        </extensions>
      </trkpt>
      <trkpt lat="47.3185986" lon="7.9470619">
        <ele>436.1</ele>
        <time>2026-09-15T11:25:16Z</time>
        <extensions>
          <gpxdata:distance>4836.66</gpxdata:distance>
          <gpxdata:speed>1.005</gpxdata:speed>
        </extensions>
      </trkpt>
      <trkpt lat="47.3185986" lon="7.9470619">
        <ele>436.1</ele>
        <time>2026-09-15T11:25:16Z</time>
        <extensions>
          <gpxdata:distance>4836.66</gpxdata:distance>
          <gpxdata:speed>0.000</gpxdata:speed>
        </extensions>
      </trkpt>
      <trkpt lat="47.3187426" lon="7.9469709">
        <ele>436.8</ele>
        <time>2026-09-15T11:25:33Z</time>
        <extensions>
          <gpxdata:distance>4854.07</gpxdata:distance>
          <gpxdata:speed>1.008</gpxdata:speed>
        </extensions>
      </trkpt>
      <trkpt lat="47.3192747" lon="7.9466449">
        <ele>440.5</ele>
        <time>2026-09-15T11:26:40Z</time>
        <extensions>
          <gpxdata:distance>4918.14</gpxdata:distance>
          <gpxdata:speed>0.958</gpxdata:speed>
        </extensions>
      </trkpt>
      <trkpt lat="47.3193737" lon="7.9465929">
        <ele>441.7</ele>
        <time>2026-09-15T11:26:53Z</time>
        <extensions>
          <gpxdata:distance>4929.83</gpxdata:distance>
          <gpxdata:speed>0.919</gpxdata:speed>
        </extensions>
      </trkpt>
      <trkpt lat="47.3193737" lon="7.9465929">
        <ele>441.7</ele>
        <time>2026-09-15T11:26:53Z</time>
        <extensions>
          <gpxdata:distance>4929.83</gpxdata:distance>
          <gpxdata:speed>0.000</gpxdata:speed>
        </extensions>
      </trkpt>
      <trkpt lat="47.3194097" lon="7.9467389">
        <ele>441.4</ele>
        <time>2026-09-15T11:27:06Z</time>
        <extensions>
          <gpxdata:distance>4941.54</gpxdata:distance>
          <gpxdata:speed>0.916</gpxdata:speed>
        </extensions>
      </trkpt>
      <trkpt lat="47.3194447" lon="7.9469249">
        <ele>441.6</ele>
        <time>2026-09-15T11:27:21Z</time>
        <extensions>
          <gpxdata:distance>4956.09</gpxdata:distance>
          <gpxdata:speed>0.916</gpxdata:speed>
        </extensions>
      </trkpt>
      <trkpt lat="47.3194796" lon="7.9471239">
        <ele>441.7</ele>
        <time>2026-09-15T11:27:38Z</time>
        <extensions>
          <gpxdata:distance>4971.58</gpxdata:distance>
          <gpxdata:speed>0.912</gpxdata:speed>
        </extensions>
      </trkpt>
      <trkpt lat="47.3195146" lon="7.9472429">
        <ele>441.7</ele>
        <time>2026-09-15T11:27:49Z</time>
        <extensions>
          <gpxdata:distance>4981.36</gpxdata:distance>
          <gpxdata:speed>0.914</gpxdata:speed>
        </extensions>
      </trkpt>
      <trkpt lat="47.3195416" lon="7.9473359">
        <ele>441.7</ele>
        <time>2026-09-15T11:27:57Z</time>
        <extensions>
          <gpxdata:distance>4988.99</gpxdata:distance>
          <gpxdata:speed>0.919</gpxdata:speed>
        </extensions>
      </trkpt>
      <trkpt lat="47.3195866" lon="7.9474159">
        <ele>441.6</ele>
        <time>2026-09-15T11:28:06Z</time>
        <extensions>
          <gpxdata:distance>4996.82</gpxdata:distance>
          <gpxdata:speed>0.927</gpxdata:speed>
        </extensions>
      </trkpt>
      <trkpt lat="47.3196396" lon="7.9474819">
        <ele>441.6</ele>
        <time>2026-09-15T11:28:14Z</time>
        <extensions>
          <gpxdata:distance>5004.54</gpxdata:distance>
          <gpxdata:speed>0.980</gpxdata:speed>
        </extensions>
      </trkpt>
      <trkpt lat="47.3197116" lon="7.9475359">
        <ele>441.6</ele>
        <time>2026-09-15T11:28:23Z</time>
        <extensions>
          <gpxdata:distance>5013.52</gpxdata:distance>
          <gpxdata:speed>1.011</gpxdata:speed>
        </extensions>
      </trkpt>
      <trkpt lat="47.3197836" lon="7.9475629">
        <ele>441.4</ele>
        <time>2026-09-15T11:28:31Z</time>
        <extensions>
          <gpxdata:distance>5021.78</gpxdata:distance>
          <gpxdata:speed>1.008</gpxdata:speed>
        </extensions>
      </trkpt>
      <trkpt lat="47.3198916" lon="7.9476039">
        <ele>441.5</ele>
        <time>2026-09-15T11:28:43Z</time>
        <extensions>
          <gpxdata:distance>5034.18</gpxdata:distance>
          <gpxdata:speed>1.010</gpxdata:speed>
        </extensions>
      </trkpt>
      <trkpt lat="47.3199536" lon="7.9476309">
        <ele>441.5</ele>
        <time>2026-09-15T11:28:50Z</time>
        <extensions>
          <gpxdata:distance>5041.37</gpxdata:distance>
          <gpxdata:speed>1.011</gpxdata:speed>
        </extensions>
      </trkpt>
      <trkpt lat="47.3200436" lon="7.9476709">
        <ele>441.7</ele>
        <time>2026-09-15T11:29:01Z</time>
        <extensions>
          <gpxdata:distance>5051.82</gpxdata:distance>
          <gpxdata:speed>1.012</gpxdata:speed>
        </extensions>
      </trkpt>
      <trkpt lat="47.3201786" lon="7.9477119">
        <ele>442.2</ele>
        <time>2026-09-15T11:29:16Z</time>
        <extensions>
          <gpxdata:distance>5067.14</gpxdata:distance>
          <gpxdata:speed>0.998</gpxdata:speed>
        </extensions>
      </trkpt>
      <trkpt lat="47.3202956" lon="7.9477269">
        <ele>442.7</ele>
        <time>2026-09-15T11:29:29Z</time>
        <extensions>
          <gpxdata:distance>5080.20</gpxdata:distance>
          <gpxdata:speed>0.985</gpxdata:speed>
        </extensions>
      </trkpt>
      <trkpt lat="47.3203856" lon="7.9477269">
        <ele>443.1</ele>
        <time>2026-09-15T11:29:39Z</time>
        <extensions>
          <gpxdata:distance>5090.21</gpxdata:distance>
          <gpxdata:speed>0.972</gpxdata:speed>
        </extensions>
      </trkpt>
      <trkpt lat="47.3204846" lon="7.9477279">
        <ele>443.6</ele>
        <time>2026-09-15T11:29:51Z</time>
        <extensions>
          <gpxdata:distance>5101.22</gpxdata:distance>
          <gpxdata:speed>0.960</gpxdata:speed>
        </extensions>
      </trkpt>
      <trkpt lat="47.3208086" lon="7.9476920">
        <ele>445.2</ele>
        <time>2026-09-15T11:30:29Z</time>
        <extensions>
          <gpxdata:distance>5137.35</gpxdata:distance>
          <gpxdata:speed>0.939</gpxdata:speed>
        </extensions>
      </trkpt>
      <trkpt lat="47.3209346" lon="7.9476800">
        <ele>445.8</ele>
        <time>2026-09-15T11:30:45Z</time>
        <extensions>
          <gpxdata:distance>5151.39</gpxdata:distance>
          <gpxdata:speed>0.926</gpxdata:speed>
        </extensions>
      </trkpt>
      <trkpt lat="47.3209346" lon="7.9476800">
        <ele>445.8</ele>
        <time>2026-09-15T11:30:45Z</time>
        <extensions>
          <gpxdata:distance>5151.39</gpxdata:distance>
          <gpxdata:speed>0.000</gpxdata:speed>
        </extensions>
      </trkpt>
      <trkpt lat="47.3209706" lon="7.9476670">
        <ele>445.9</ele>
        <time>2026-09-15T11:30:49Z</time>
        <extensions>
          <gpxdata:distance>5155.51</gpxdata:distance>
          <gpxdata:speed>0.915</gpxdata:speed>
        </extensions>
      </trkpt>
      <trkpt lat="47.3210516" lon="7.9476410">
        <ele>446.3</ele>
        <time>2026-09-15T11:30:59Z</time>
        <extensions>
          <gpxdata:distance>5164.73</gpxdata:distance>
          <gpxdata:speed>0.909</gpxdata:speed>
        </extensions>
      </trkpt>
      <trkpt lat="47.3213307" lon="7.9475780">
        <ele>447.9</ele>
        <time>2026-09-15T11:31:34Z</time>
        <extensions>
          <gpxdata:distance>5196.12</gpxdata:distance>
          <gpxdata:speed>0.900</gpxdata:speed>
        </extensions>
      </trkpt>
      <trkpt lat="47.3214297" lon="7.9475790">
        <ele>448.6</ele>
        <time>2026-09-15T11:31:46Z</time>
        <extensions>
          <gpxdata:distance>5207.13</gpxdata:distance>
          <gpxdata:speed>0.894</gpxdata:speed>
        </extensions>
      </trkpt>
      <trkpt lat="47.3215737" lon="7.9475800">
        <ele>449.8</ele>
        <time>2026-09-15T11:32:05Z</time>
        <extensions>
          <gpxdata:distance>5223.14</gpxdata:distance>
          <gpxdata:speed>0.884</gpxdata:speed>
        </extensions>
      </trkpt>
      <trkpt lat="47.3216637" lon="7.9475810">
        <ele>450.6</ele>
        <time>2026-09-15T11:32:16Z</time>
        <extensions>
          <gpxdata:distance>5233.15</gpxdata:distance>
          <gpxdata:speed>0.877</gpxdata:speed>
        </extensions>
      </trkpt>
      <trkpt lat="47.3217267" lon="7.9475680">
        <ele>451.2</ele>
        <time>2026-09-15T11:32:24Z</time>
        <extensions>
          <gpxdata:distance>5240.22</gpxdata:distance>
          <gpxdata:speed>0.864</gpxdata:speed>
        </extensions>
      </trkpt>
      <trkpt lat="47.3217897" lon="7.9475420">
        <ele>451.6</ele>
        <time>2026-09-15T11:32:33Z</time>
        <extensions>
          <gpxdata:distance>5247.50</gpxdata:distance>
          <gpxdata:speed>0.858</gpxdata:speed>
        </extensions>
      </trkpt>
      <trkpt lat="47.3218617" lon="7.9475170">
        <ele>452.2</ele>
        <time>2026-09-15T11:32:42Z</time>
        <extensions>
          <gpxdata:distance>5255.72</gpxdata:distance>
          <gpxdata:speed>0.856</gpxdata:speed>
        </extensions>
      </trkpt>
      <trkpt lat="47.3219337" lon="7.9475040">
        <ele>452.5</ele>
        <time>2026-09-15T11:32:52Z</time>
        <extensions>
          <gpxdata:distance>5263.79</gpxdata:distance>
          <gpxdata:speed>0.857</gpxdata:speed>
        </extensions>
      </trkpt>
      <trkpt lat="47.3221317" lon="7.9475060">
        <ele>453.8</ele>
        <time>2026-09-15T11:33:17Z</time>
        <extensions>
          <gpxdata:distance>5285.81</gpxdata:distance>
          <gpxdata:speed>0.854</gpxdata:speed>
        </extensions>
      </trkpt>
      <trkpt lat="47.3222757" lon="7.9474940">
        <ele>454.8</ele>
        <time>2026-09-15T11:33:36Z</time>
        <extensions>
          <gpxdata:distance>5301.84</gpxdata:distance>
          <gpxdata:speed>0.845</gpxdata:speed>
        </extensions>
      </trkpt>
      <trkpt lat="47.3224647" lon="7.9474690">
        <ele>456.0</ele>
        <time>2026-09-15T11:34:01Z</time>
        <extensions>
          <gpxdata:distance>5322.94</gpxdata:distance>
          <gpxdata:speed>0.849</gpxdata:speed>
        </extensions>
      </trkpt>
      <trkpt lat="47.3228327" lon="7.9474330">
        <ele>459.4</ele>
        <time>2026-09-15T11:34:50Z</time>
        <extensions>
          <gpxdata:distance>5363.95</gpxdata:distance>
          <gpxdata:speed>0.838</gpxdata:speed>
        </extensions>
      </trkpt>
      <trkpt lat="47.3229857" lon="7.9474210">
        <ele>460.3</ele>
        <time>2026-09-15T11:35:10Z</time>
        <extensions>
          <gpxdata:distance>5380.99</gpxdata:distance>
          <gpxdata:speed>0.844</gpxdata:speed>
        </extensions>
      </trkpt>
      <trkpt lat="47.3230667" lon="7.9474350">
        <ele>460.6</ele>
        <time>2026-09-15T11:35:21Z</time>
        <extensions>
          <gpxdata:distance>5390.06</gpxdata:distance>
          <gpxdata:speed>0.852</gpxdata:speed>
        </extensions>
      </trkpt>
      <trkpt lat="47.3231027" lon="7.9474490">
        <ele>460.9</ele>
        <time>2026-09-15T11:35:26Z</time>
        <extensions>
          <gpxdata:distance>5394.20</gpxdata:distance>
          <gpxdata:speed>0.850</gpxdata:speed>
        </extensions>
      </trkpt>
      <trkpt lat="47.3232107" lon="7.9475690">
        <ele>462.0</ele>
        <time>2026-09-15T11:35:44Z</time>
        <extensions>
          <gpxdata:distance>5409.23</gpxdata:distance>
          <gpxdata:speed>0.849</gpxdata:speed>
        </extensions>
      </trkpt>
      <trkpt lat="47.3233087" lon="7.9476890">
        <ele>463.7</ele>
        <time>2026-09-15T11:36:01Z</time>
        <extensions>
          <gpxdata:distance>5423.40</gpxdata:distance>
          <gpxdata:speed>0.832</gpxdata:speed>
        </extensions>
      </trkpt>
      <trkpt lat="47.3233807" lon="7.9477430">
        <ele>464.3</ele>
        <time>2026-09-15T11:36:11Z</time>
        <extensions>
          <gpxdata:distance>5432.38</gpxdata:distance>
          <gpxdata:speed>0.829</gpxdata:speed>
        </extensions>
      </trkpt>
      <trkpt lat="47.3234167" lon="7.9477430">
        <ele>464.4</ele>
        <time>2026-09-15T11:36:16Z</time>
        <extensions>
          <gpxdata:distance>5436.38</gpxdata:distance>
          <gpxdata:speed>0.829</gpxdata:speed>
        </extensions>
      </trkpt>
      <trkpt lat="47.3235247" lon="7.9477310">
        <ele>465.4</ele>
        <time>2026-09-15T11:36:31Z</time>
        <extensions>
          <gpxdata:distance>5448.42</gpxdata:distance>
          <gpxdata:speed>0.820</gpxdata:speed>
        </extensions>
      </trkpt>
      <trkpt lat="47.3236417" lon="7.9477060">
        <ele>466.6</ele>
        <time>2026-09-15T11:36:47Z</time>
        <extensions>
          <gpxdata:distance>5461.57</gpxdata:distance>
          <gpxdata:speed>0.823</gpxdata:speed>
        </extensions>
      </trkpt>
      <trkpt lat="47.3237947" lon="7.9476670">
        <ele>468.0</ele>
        <time>2026-09-15T11:37:08Z</time>
        <extensions>
          <gpxdata:distance>5478.83</gpxdata:distance>
          <gpxdata:speed>0.810</gpxdata:speed>
        </extensions>
      </trkpt>
      <trkpt lat="47.3239027" lon="7.9476290">
        <ele>467.6</ele>
        <time>2026-09-15T11:37:23Z</time>
        <extensions>
          <gpxdata:distance>5491.18</gpxdata:distance>
          <gpxdata:speed>0.835</gpxdata:speed>
        </extensions>
      </trkpt>
      <trkpt lat="47.3240737" lon="7.9475640">
        <ele>468.3</ele>
        <time>2026-09-15T11:37:46Z</time>
        <extensions>
          <gpxdata:distance>5510.81</gpxdata:distance>
          <gpxdata:speed>0.850</gpxdata:speed>
        </extensions>
      </trkpt>
      <trkpt lat="47.3243077" lon="7.9474740">
        <ele>470.4</ele>
        <time>2026-09-15T11:38:18Z</time>
        <extensions>
          <gpxdata:distance>5537.70</gpxdata:distance>
          <gpxdata:speed>0.845</gpxdata:speed>
        </extensions>
      </trkpt>
      <trkpt lat="47.3243987" lon="7.9474220">
        <ele>470.8</ele>
        <time>2026-09-15T11:38:30Z</time>
        <extensions>
          <gpxdata:distance>5548.56</gpxdata:distance>
          <gpxdata:speed>0.868</gpxdata:speed>
        </extensions>
      </trkpt>
      <trkpt lat="47.3244437" lon="7.9473820">
        <ele>471.0</ele>
        <time>2026-09-15T11:38:37Z</time>
        <extensions>
          <gpxdata:distance>5554.40</gpxdata:distance>
          <gpxdata:speed>0.873</gpxdata:speed>
        </extensions>
      </trkpt>
      <trkpt lat="47.3244437" lon="7.9473820">
        <ele>471.0</ele>
        <time>2026-09-15T11:38:37Z</time>
        <extensions>
          <gpxdata:distance>5554.40</gpxdata:distance>
          <gpxdata:speed>0.000</gpxdata:speed>
        </extensions>
      </trkpt>
      <trkpt lat="47.3244797" lon="7.9473830">
        <ele>471.3</ele>
        <time>2026-09-15T11:38:42Z</time>
        <extensions>
          <gpxdata:distance>5558.40</gpxdata:distance>
          <gpxdata:speed>0.876</gpxdata:speed>
        </extensions>
      </trkpt>
      <trkpt lat="47.3245517" lon="7.9473830">
        <ele>471.9</ele>
        <time>2026-09-15T11:38:51Z</time>
        <extensions>
          <gpxdata:distance>5566.41</gpxdata:distance>
          <gpxdata:speed>0.884</gpxdata:speed>
        </extensions>
      </trkpt>
      <trkpt lat="47.3246417" lon="7.9473980">
        <ele>472.6</ele>
        <time>2026-09-15T11:39:02Z</time>
        <extensions>
          <gpxdata:distance>5576.48</gpxdata:distance>
          <gpxdata:speed>0.893</gpxdata:speed>
        </extensions>
      </trkpt>
      <trkpt lat="47.3247397" lon="7.9474120">
        <ele>473.4</ele>
        <time>2026-09-15T11:39:15Z</time>
        <extensions>
          <gpxdata:distance>5587.43</gpxdata:distance>
          <gpxdata:speed>0.858</gpxdata:speed>
        </extensions>
      </trkpt>
      <trkpt lat="47.3248837" lon="7.9474530">
        <ele>474.5</ele>
        <time>2026-09-15T11:39:34Z</time>
        <extensions>
          <gpxdata:distance>5603.73</gpxdata:distance>
          <gpxdata:speed>0.841</gpxdata:speed>
        </extensions>
      </trkpt>
      <trkpt lat="47.3250097" lon="7.9474800">
        <ele>475.8</ele>
        <time>2026-09-15T11:39:51Z</time>
        <extensions>
          <gpxdata:distance>5617.89</gpxdata:distance>
          <gpxdata:speed>0.840</gpxdata:speed>
        </extensions>
      </trkpt>
      <trkpt lat="47.3251087" lon="7.9474810">
        <ele>476.6</ele>
        <time>2026-09-15T11:40:04Z</time>
        <extensions>
          <gpxdata:distance>5628.90</gpxdata:distance>
          <gpxdata:speed>0.827</gpxdata:speed>
        </extensions>
      </trkpt>
      <trkpt lat="47.3251717" lon="7.9474820">
        <ele>477.3</ele>
        <time>2026-09-15T11:40:13Z</time>
        <extensions>
          <gpxdata:distance>5635.91</gpxdata:distance>
          <gpxdata:speed>0.814</gpxdata:speed>
        </extensions>
      </trkpt>
      <trkpt lat="47.3251987" lon="7.9474560">
        <ele>477.6</ele>
        <time>2026-09-15T11:40:17Z</time>
        <extensions>
          <gpxdata:distance>5639.49</gpxdata:distance>
          <gpxdata:speed>0.813</gpxdata:speed>
        </extensions>
      </trkpt>
      <trkpt lat="47.3251987" lon="7.9474560">
        <ele>477.6</ele>
        <time>2026-09-15T11:40:17Z</time>
        <extensions>
          <gpxdata:distance>5639.49</gpxdata:distance>
          <gpxdata:speed>0.000</gpxdata:speed>
        </extensions>
      </trkpt>
      <trkpt lat="47.3252537" lon="7.9472980">
        <ele>478.5</ele>
        <time>2026-09-15T11:40:34Z</time>
        <extensions>
          <gpxdata:distance>5652.88</gpxdata:distance>
          <gpxdata:speed>0.816</gpxdata:speed>
        </extensions>
      </trkpt>
      <trkpt lat="47.3253077" lon="7.9471920">
        <ele>479.5</ele>
        <time>2026-09-15T11:40:46Z</time>
        <extensions>
          <gpxdata:distance>5662.87</gpxdata:distance>
          <gpxdata:speed>0.807</gpxdata:speed>
        </extensions>
      </trkpt>
      <trkpt lat="47.3253617" lon="7.9471270">
        <ele>480.6</ele>
        <time>2026-09-15T11:40:56Z</time>
        <extensions>
          <gpxdata:distance>5670.62</gpxdata:distance>
          <gpxdata:speed>0.789</gpxdata:speed>
        </extensions>
      </trkpt>
      <trkpt lat="47.3254257" lon="7.9470740">
        <ele>481.6</ele>
        <time>2026-09-15T11:41:07Z</time>
        <extensions>
          <gpxdata:distance>5678.78</gpxdata:distance>
          <gpxdata:speed>0.768</gpxdata:speed>
        </extensions>
      </trkpt>
      <trkpt lat="47.3255877" lon="7.9469830">
        <ele>484.3</ele>
        <time>2026-09-15T11:41:33Z</time>
        <extensions>
          <gpxdata:distance>5698.06</gpxdata:distance>
          <gpxdata:speed>0.739</gpxdata:speed>
        </extensions>
      </trkpt>
      <trkpt lat="47.3258757" lon="7.9468540">
        <ele>488.8</ele>
        <time>2026-09-15T11:42:20Z</time>
        <extensions>
          <gpxdata:distance>5731.53</gpxdata:distance>
          <gpxdata:speed>0.707</gpxdata:speed>
        </extensions>
      </trkpt>
      <trkpt lat="47.3261557" lon="7.9466980">
        <ele>492.9</ele>
        <time>2026-09-15T11:43:07Z</time>
        <extensions>
          <gpxdata:distance>5764.81</gpxdata:distance>
          <gpxdata:speed>0.702</gpxdata:speed>
        </extensions>
      </trkpt>
      <trkpt lat="47.3264347" lon="7.9465680">
        <ele>497.2</ele>
        <time>2026-09-15T11:43:54Z</time>
        <extensions>
          <gpxdata:distance>5797.34</gpxdata:distance>
          <gpxdata:speed>0.694</gpxdata:speed>
        </extensions>
      </trkpt>
      <trkpt lat="47.3268587" lon="7.9463470">
        <ele>504.5</ele>
        <time>2026-09-15T11:45:08Z</time>
        <extensions>
          <gpxdata:distance>5847.34</gpxdata:distance>
          <gpxdata:speed>0.681</gpxdata:speed>
        </extensions>
      </trkpt>
      <trkpt lat="47.3273997" lon="7.9460880">
        <ele>514.3</ele>
        <time>2026-09-15T11:46:44Z</time>
        <extensions>
          <gpxdata:distance>5910.59</gpxdata:distance>
          <gpxdata:speed>0.658</gpxdata:speed>
        </extensions>
      </trkpt>
      <trkpt lat="47.3274987" lon="7.9460360">
        <ele>516.3</ele>
        <time>2026-09-15T11:47:02Z</time>
        <extensions>
          <gpxdata:distance>5922.27</gpxdata:distance>
          <gpxdata:speed>0.650</gpxdata:speed>
        </extensions>
      </trkpt>
      <trkpt lat="47.3275347" lon="7.9460100">
        <ele>517.1</ele>
        <time>2026-09-15T11:47:09Z</time>
        <extensions>
          <gpxdata:distance>5926.73</gpxdata:distance>
          <gpxdata:speed>0.649</gpxdata:speed>
        </extensions>
      </trkpt>
      <trkpt lat="47.3275707" lon="7.9459970">
        <ele>517.8</ele>
        <time>2026-09-15T11:47:15Z</time>
        <extensions>
          <gpxdata:distance>5930.85</gpxdata:distance>
          <gpxdata:speed>0.646</gpxdata:speed>
        </extensions>
      </trkpt>
      <trkpt lat="47.3276247" lon="7.9459970">
        <ele>518.6</ele>
        <time>2026-09-15T11:47:24Z</time>
        <extensions>
          <gpxdata:distance>5936.85</gpxdata:distance>
          <gpxdata:speed>0.646</gpxdata:speed>
        </extensions>
      </trkpt>
      <trkpt lat="47.3277057" lon="7.9459980">
        <ele>519.8</ele>
        <time>2026-09-15T11:47:38Z</time>
        <extensions>
          <gpxdata:distance>5945.86</gpxdata:distance>
          <gpxdata:speed>0.644</gpxdata:speed>
        </extensions>
      </trkpt>
      <trkpt lat="47.3277867" lon="7.9459990">
        <ele>521.1</ele>
        <time>2026-09-15T11:47:53Z</time>
        <extensions>
          <gpxdata:distance>5954.87</gpxdata:distance>
          <gpxdata:speed>0.634</gpxdata:speed>
        </extensions>
      </trkpt>
      <trkpt lat="47.3279037" lon="7.9459870">
        <ele>522.9</ele>
        <time>2026-09-15T11:48:13Z</time>
        <extensions>
          <gpxdata:distance>5967.91</gpxdata:distance>
          <gpxdata:speed>0.631</gpxdata:speed>
        </extensions>
      </trkpt>
      <trkpt lat="47.3280027" lon="7.9459740">
        <ele>524.1</ele>
        <time>2026-09-15T11:48:31Z</time>
        <extensions>
          <gpxdata:distance>5978.96</gpxdata:distance>
          <gpxdata:speed>0.633</gpxdata:speed>
        </extensions>
      </trkpt>
      <trkpt lat="47.3280027" lon="7.9459740">
        <ele>524.1</ele>
        <time>2026-09-15T11:48:31Z</time>
        <extensions>
          <gpxdata:distance>5978.96</gpxdata:distance>
          <gpxdata:speed>0.000</gpxdata:speed>
        </extensions>
      </trkpt>
      <trkpt lat="47.3279667" lon="7.9458680">
        <ele>524.1</ele>
        <time>2026-09-15T11:48:43Z</time>
        <extensions>
          <gpxdata:distance>5987.90</gpxdata:distance>
          <gpxdata:speed>0.707</gpxdata:speed>
        </extensions>
      </trkpt>
      <trkpt lat="47.3278608" lon="7.9455630">
        <ele>522.9</ele>
        <time>2026-09-15T11:49:14Z</time>
        <extensions>
          <gpxdata:distance>6013.73</gpxdata:distance>
          <gpxdata:speed>0.842</gpxdata:speed>
        </extensions>
      </trkpt>
      <trkpt lat="47.3277988" lon="7.9452980">
        <ele>522.1</ele>
        <time>2026-09-15T11:49:37Z</time>
        <extensions>
          <gpxdata:distance>6034.85</gpxdata:distance>
          <gpxdata:speed>0.907</gpxdata:speed>
        </extensions>
      </trkpt>
      <trkpt lat="47.3277368" lon="7.9449660">
        <ele>521.0</ele>
        <time>2026-09-15T11:50:04Z</time>
        <extensions>
          <gpxdata:distance>6060.81</gpxdata:distance>
          <gpxdata:speed>0.963</gpxdata:speed>
        </extensions>
      </trkpt>
      <trkpt lat="47.3277028" lon="7.9446880">
        <ele>520.4</ele>
        <time>2026-09-15T11:50:26Z</time>
        <extensions>
          <gpxdata:distance>6082.10</gpxdata:distance>
          <gpxdata:speed>1.001</gpxdata:speed>
        </extensions>
      </trkpt>
      <trkpt lat="47.3276768" lon="7.9444230">
        <ele>520.1</ele>
        <time>2026-09-15T11:50:46Z</time>
        <extensions>
          <gpxdata:distance>6102.28</gpxdata:distance>
          <gpxdata:speed>1.004</gpxdata:speed>
        </extensions>
      </trkpt>
      <trkpt lat="47.3276768" lon="7.9444230">
        <ele>520.1</ele>
        <time>2026-09-15T11:50:46Z</time>
        <extensions>
          <gpxdata:distance>6102.28</gpxdata:distance>
          <gpxdata:speed>0.000</gpxdata:speed>
        </extensions>
      </trkpt>
      <trkpt lat="47.3276678" lon="7.9442910">
        <ele>519.9</ele>
        <time>2026-09-15T11:50:56Z</time>
        <extensions>
          <gpxdata:distance>6112.28</gpxdata:distance>
          <gpxdata:speed>0.972</gpxdata:speed>
        </extensions>
      </trkpt>
      <trkpt lat="47.3276518" lon="7.9439600">
        <ele>519.4</ele>
        <time>2026-09-15T11:51:22Z</time>
        <extensions>
          <gpxdata:distance>6137.29</gpxdata:distance>
          <gpxdata:speed>0.974</gpxdata:speed>
        </extensions>
      </trkpt>
      <trkpt lat="47.3276528" lon="7.9437090">
        <ele>519.1</ele>
        <time>2026-09-15T11:51:41Z</time>
        <extensions>
          <gpxdata:distance>6156.21</gpxdata:distance>
          <gpxdata:speed>0.974</gpxdata:speed>
        </extensions>
      </trkpt>
      <trkpt lat="47.3276528" lon="7.9437090">
        <ele>519.1</ele>
        <time>2026-09-15T11:51:41Z</time>
        <extensions>
          <gpxdata:distance>6156.21</gpxdata:distance>
          <gpxdata:speed>0.000</gpxdata:speed>
        </extensions>
      </trkpt>
      <trkpt lat="47.3276448" lon="7.9435240">
        <ele>518.9</ele>
        <time>2026-09-15T11:51:55Z</time>
        <extensions>
          <gpxdata:distance>6170.18</gpxdata:distance>
          <gpxdata:speed>0.982</gpxdata:speed>
        </extensions>
      </trkpt>
      <trkpt lat="47.3276368" lon="7.9432460">
        <ele>518.0</ele>
        <time>2026-09-15T11:52:17Z</time>
        <extensions>
          <gpxdata:distance>6191.15</gpxdata:distance>
          <gpxdata:speed>0.983</gpxdata:speed>
        </extensions>
      </trkpt>
      <trkpt lat="47.3276368" lon="7.9432460">
        <ele>518.0</ele>
        <time>2026-09-15T11:52:17Z</time>
        <extensions>
          <gpxdata:distance>6191.15</gpxdata:distance>
          <gpxdata:speed>0.000</gpxdata:speed>
        </extensions>
      </trkpt>
      <trkpt lat="47.3277458" lon="7.9430750">
        <ele>518.7</ele>
        <time>2026-09-15T11:52:34Z</time>
        <extensions>
          <gpxdata:distance>6208.84</gpxdata:distance>
          <gpxdata:speed>0.996</gpxdata:speed>
        </extensions>
      </trkpt>
      <trkpt lat="47.3277818" lon="7.9429820">
        <ele>519.1</ele>
        <time>2026-09-15T11:52:42Z</time>
        <extensions>
          <gpxdata:distance>6216.91</gpxdata:distance>
          <gpxdata:speed>1.001</gpxdata:speed>
        </extensions>
      </trkpt>
      <trkpt lat="47.3278098" lon="7.9428370">
        <ele>519.2</ele>
        <time>2026-09-15T11:52:54Z</time>
        <extensions>
          <gpxdata:distance>6228.28</gpxdata:distance>
          <gpxdata:speed>1.005</gpxdata:speed>
        </extensions>
      </trkpt>
      <trkpt lat="47.3278098" lon="7.9428370">
        <ele>519.2</ele>
        <time>2026-09-15T11:52:54Z</time>
        <extensions>
          <gpxdata:distance>6228.28</gpxdata:distance>
          <gpxdata:speed>0.000</gpxdata:speed>
        </extensions>
      </trkpt>
      <trkpt lat="47.3278728" lon="7.9427720">
        <ele>519.7</ele>
        <time>2026-09-15T11:53:02Z</time>
        <extensions>
          <gpxdata:distance>6236.83</gpxdata:distance>
          <gpxdata:speed>0.993</gpxdata:speed>
        </extensions>
      </trkpt>
      <trkpt lat="47.3280718" lon="7.9425750">
        <ele>522.1</ele>
        <time>2026-09-15T11:53:31Z</time>
        <extensions>
          <gpxdata:distance>6263.47</gpxdata:distance>
          <gpxdata:speed>0.941</gpxdata:speed>
        </extensions>
      </trkpt>
      <trkpt lat="47.3281618" lon="7.9424830">
        <ele>523.1</ele>
        <time>2026-09-15T11:53:44Z</time>
        <extensions>
          <gpxdata:distance>6275.65</gpxdata:distance>
          <gpxdata:speed>0.911</gpxdata:speed>
        </extensions>
      </trkpt>
      <trkpt lat="47.3282068" lon="7.9424310">
        <ele>523.6</ele>
        <time>2026-09-15T11:53:51Z</time>
        <extensions>
          <gpxdata:distance>6282.00</gpxdata:distance>
          <gpxdata:speed>0.855</gpxdata:speed>
        </extensions>
      </trkpt>
      <trkpt lat="47.3282338" lon="7.9423910">
        <ele>524.0</ele>
        <time>2026-09-15T11:53:56Z</time>
        <extensions>
          <gpxdata:distance>6286.26</gpxdata:distance>
          <gpxdata:speed>0.851</gpxdata:speed>
        </extensions>
      </trkpt>
      <trkpt lat="47.3282618" lon="7.9423260">
        <ele>524.5</ele>
        <time>2026-09-15T11:54:03Z</time>
        <extensions>
          <gpxdata:distance>6292.06</gpxdata:distance>
          <gpxdata:speed>0.834</gpxdata:speed>
        </extensions>
      </trkpt>
      <trkpt lat="47.3282798" lon="7.9422600">
        <ele>525.1</ele>
        <time>2026-09-15T11:54:10Z</time>
        <extensions>
          <gpxdata:distance>6297.43</gpxdata:distance>
          <gpxdata:speed>0.821</gpxdata:speed>
        </extensions>
      </trkpt>
      <trkpt lat="47.3282888" lon="7.9422070">
        <ele>525.6</ele>
        <time>2026-09-15T11:54:15Z</time>
        <extensions>
          <gpxdata:distance>6301.54</gpxdata:distance>
          <gpxdata:speed>0.787</gpxdata:speed>
        </extensions>
      </trkpt>
      <trkpt lat="47.3282888" lon="7.9421540">
        <ele>526.0</ele>
        <time>2026-09-15T11:54:20Z</time>
        <extensions>
          <gpxdata:distance>6305.54</gpxdata:distance>
          <gpxdata:speed>0.785</gpxdata:speed>
        </extensions>
      </trkpt>
      <trkpt lat="47.3282888" lon="7.9421540">
        <ele>526.0</ele>
        <time>2026-09-15T11:54:20Z</time>
        <extensions>
          <gpxdata:distance>6305.54</gpxdata:distance>
          <gpxdata:speed>0.000</gpxdata:speed>
        </extensions>
      </trkpt>
      <trkpt lat="47.3282898" lon="7.9421010">
        <ele>526.3</ele>
        <time>2026-09-15T11:54:25Z</time>
        <extensions>
          <gpxdata:distance>6309.53</gpxdata:distance>
          <gpxdata:speed>0.777</gpxdata:speed>
        </extensions>
      </trkpt>
      <trkpt lat="47.3282808" lon="7.9420480">
        <ele>526.6</ele>
        <time>2026-09-15T11:54:31Z</time>
        <extensions>
          <gpxdata:distance>6313.65</gpxdata:distance>
          <gpxdata:speed>0.775</gpxdata:speed>
        </extensions>
      </trkpt>
      <trkpt lat="47.3282538" lon="7.9419020">
        <ele>527.1</ele>
        <time>2026-09-15T11:54:45Z</time>
        <extensions>
          <gpxdata:distance>6325.06</gpxdata:distance>
          <gpxdata:speed>0.803</gpxdata:speed>
        </extensions>
      </trkpt>
      <trkpt lat="47.3282458" lon="7.9417700">
        <ele>527.5</ele>
        <time>2026-09-15T11:54:57Z</time>
        <extensions>
          <gpxdata:distance>6335.05</gpxdata:distance>
          <gpxdata:speed>0.828</gpxdata:speed>
        </extensions>
      </trkpt>
      <trkpt lat="47.3282558" lon="7.9416640">
        <ele>527.8</ele>
        <time>2026-09-15T11:55:07Z</time>
        <extensions>
          <gpxdata:distance>6343.11</gpxdata:distance>
          <gpxdata:speed>0.847</gpxdata:speed>
        </extensions>
      </trkpt>
      <trkpt lat="47.3282738" lon="7.9415720">
        <ele>528.1</ele>
        <time>2026-09-15T11:55:15Z</time>
        <extensions>
          <gpxdata:distance>6350.33</gpxdata:distance>
          <gpxdata:speed>0.868</gpxdata:speed>
        </extensions>
      </trkpt>
      <trkpt lat="47.3283278" lon="7.9414270">
        <ele>528.8</ele>
        <time>2026-09-15T11:55:29Z</time>
        <extensions>
          <gpxdata:distance>6362.80</gpxdata:distance>
          <gpxdata:speed>0.880</gpxdata:speed>
        </extensions>
      </trkpt>
      <trkpt lat="47.3283738" lon="7.9413340">
        <ele>529.2</ele>
        <time>2026-09-15T11:55:39Z</time>
        <extensions>
          <gpxdata:distance>6371.47</gpxdata:distance>
          <gpxdata:speed>0.889</gpxdata:speed>
        </extensions>
      </trkpt>
      <trkpt lat="47.3284548" lon="7.9412290">
        <ele>529.8</ele>
        <time>2026-09-15T11:55:52Z</time>
        <extensions>
          <gpxdata:distance>6383.46</gpxdata:distance>
          <gpxdata:speed>0.889</gpxdata:speed>
        </extensions>
      </trkpt>
      <trkpt lat="47.3285818" lon="7.9411110">
        <ele>531.0</ele>
        <time>2026-09-15T11:56:11Z</time>
        <extensions>
          <gpxdata:distance>6400.15</gpxdata:distance>
          <gpxdata:speed>0.881</gpxdata:speed>
        </extensions>
      </trkpt>
      <trkpt lat="47.3286088" lon="7.9410720">
        <ele>531.3</ele>
        <time>2026-09-15T11:56:16Z</time>
        <extensions>
          <gpxdata:distance>6404.35</gpxdata:distance>
          <gpxdata:speed>0.881</gpxdata:speed>
        </extensions>
      </trkpt>
      <trkpt lat="47.3286268" lon="7.9410330">
        <ele>531.7</ele>
        <time>2026-09-15T11:56:20Z</time>
        <extensions>
          <gpxdata:distance>6407.91</gpxdata:distance>
          <gpxdata:speed>0.871</gpxdata:speed>
        </extensions>
      </trkpt>
      <trkpt lat="47.3286448" lon="7.9409930">
        <ele>532.1</ele>
        <time>2026-09-15T11:56:24Z</time>
        <extensions>
          <gpxdata:distance>6411.53</gpxdata:distance>
          <gpxdata:speed>0.859</gpxdata:speed>
        </extensions>
      </trkpt>
      <trkpt lat="47.3286538" lon="7.9409270">
        <ele>532.9</ele>
        <time>2026-09-15T11:56:30Z</time>
        <extensions>
          <gpxdata:distance>6416.60</gpxdata:distance>
          <gpxdata:speed>0.834</gpxdata:speed>
        </extensions>
      </trkpt>
      <trkpt lat="47.3286638" lon="7.9408870">
        <ele>533.4</ele>
        <time>2026-09-15T11:56:34Z</time>
        <extensions>
          <gpxdata:distance>6419.82</gpxdata:distance>
          <gpxdata:speed>0.816</gpxdata:speed>
        </extensions>
      </trkpt>
      <trkpt lat="47.3286728" lon="7.9408080">
        <ele>534.1</ele>
        <time>2026-09-15T11:56:42Z</time>
        <extensions>
          <gpxdata:distance>6425.85</gpxdata:distance>
          <gpxdata:speed>0.796</gpxdata:speed>
        </extensions>
      </trkpt>
      <trkpt lat="47.3286728" lon="7.9407150">
        <ele>535.1</ele>
        <time>2026-09-15T11:56:51Z</time>
        <extensions>
          <gpxdata:distance>6432.86</gpxdata:distance>
          <gpxdata:speed>0.764</gpxdata:speed>
        </extensions>
      </trkpt>
      <trkpt lat="47.3286738" lon="7.9406360">
        <ele>535.9</ele>
        <time>2026-09-15T11:56:59Z</time>
        <extensions>
          <gpxdata:distance>6438.82</gpxdata:distance>
          <gpxdata:speed>0.729</gpxdata:speed>
        </extensions>
      </trkpt>
      <trkpt lat="47.3286568" lon="7.9404510">
        <ele>537.5</ele>
        <time>2026-09-15T11:57:19Z</time>
        <extensions>
          <gpxdata:distance>6452.89</gpxdata:distance>
          <gpxdata:speed>0.696</gpxdata:speed>
        </extensions>
      </trkpt>
      <trkpt lat="47.3286478" lon="7.9403710">
        <ele>538.1</ele>
        <time>2026-09-15T11:57:28Z</time>
        <extensions>
          <gpxdata:distance>6459.00</gpxdata:distance>
          <gpxdata:speed>0.693</gpxdata:speed>
        </extensions>
      </trkpt>
      <trkpt lat="47.3286298" lon="7.9402780">
        <ele>538.8</ele>
        <time>2026-09-15T11:57:39Z</time>
        <extensions>
          <gpxdata:distance>6466.29</gpxdata:distance>
          <gpxdata:speed>0.700</gpxdata:speed>
        </extensions>
      </trkpt>
      <trkpt lat="47.3285599" lon="7.9400000">
        <ele>539.6</ele>
        <time>2026-09-15T11:58:08Z</time>
        <extensions>
          <gpxdata:distance>6488.64</gpxdata:distance>
          <gpxdata:speed>0.761</gpxdata:speed>
        </extensions>
      </trkpt>
      <trkpt lat="47.3285419" lon="7.9397880">
        <ele>539.4</ele>
        <time>2026-09-15T11:58:28Z</time>
        <extensions>
          <gpxdata:distance>6504.74</gpxdata:distance>
          <gpxdata:speed>0.823</gpxdata:speed>
        </extensions>
      </trkpt>
      <trkpt lat="47.3285609" lon="7.9395770">
        <ele>540.0</ele>
        <time>2026-09-15T11:58:47Z</time>
        <extensions>
          <gpxdata:distance>6520.78</gpxdata:distance>
          <gpxdata:speed>0.845</gpxdata:speed>
        </extensions>
      </trkpt>
      <trkpt lat="47.3286169" lon="7.9391940">
        <ele>541.5</ele>
        <time>2026-09-15T11:59:21Z</time>
        <extensions>
          <gpxdata:distance>6550.31</gpxdata:distance>
          <gpxdata:speed>0.861</gpxdata:speed>
        </extensions>
      </trkpt>
      <trkpt lat="47.3286909" lon="7.9388370">
        <ele>541.6</ele>
        <time>2026-09-15T11:59:52Z</time>
        <extensions>
          <gpxdata:distance>6578.45</gpxdata:distance>
          <gpxdata:speed>0.899</gpxdata:speed>
        </extensions>
      </trkpt>
      <trkpt lat="47.3287729" lon="7.9385600">
        <ele>542.3</ele>
        <time>2026-09-15T12:00:17Z</time>
        <extensions>
          <gpxdata:distance>6601.23</gpxdata:distance>
          <gpxdata:speed>0.912</gpxdata:speed>
        </extensions>
      </trkpt>
      <trkpt lat="47.3287729" lon="7.9385600">
        <ele>542.3</ele>
        <time>2026-09-15T12:00:17Z</time>
        <extensions>
          <gpxdata:distance>6601.23</gpxdata:distance>
          <gpxdata:speed>0.000</gpxdata:speed>
        </extensions>
      </trkpt>
      <trkpt lat="47.3288639" lon="7.9382570">
        <ele>544.1</ele>
        <time>2026-09-15T12:00:44Z</time>
        <extensions>
          <gpxdata:distance>6626.21</gpxdata:distance>
          <gpxdata:speed>0.921</gpxdata:speed>
        </extensions>
      </trkpt>
      <trkpt lat="47.3289099" lon="7.9380320">
        <ele>546.1</ele>
        <time>2026-09-15T12:01:04Z</time>
        <extensions>
          <gpxdata:distance>6643.92</gpxdata:distance>
          <gpxdata:speed>0.908</gpxdata:speed>
        </extensions>
      </trkpt>
      <trkpt lat="47.3289369" lon="7.9379130">
        <ele>546.9</ele>
        <time>2026-09-15T12:01:14Z</time>
        <extensions>
          <gpxdata:distance>6653.38</gpxdata:distance>
          <gpxdata:speed>0.900</gpxdata:speed>
        </extensions>
      </trkpt>
      <trkpt lat="47.3289649" lon="7.9377810">
        <ele>547.6</ele>
        <time>2026-09-15T12:01:26Z</time>
        <extensions>
          <gpxdata:distance>6663.80</gpxdata:distance>
          <gpxdata:speed>0.881</gpxdata:speed>
        </extensions>
      </trkpt>
      <trkpt lat="47.3289829" lon="7.9376760">
        <ele>548.3</ele>
        <time>2026-09-15T12:01:35Z</time>
        <extensions>
          <gpxdata:distance>6671.96</gpxdata:distance>
          <gpxdata:speed>0.873</gpxdata:speed>
        </extensions>
      </trkpt>
      <trkpt lat="47.3289839" lon="7.9375700">
        <ele>548.9</ele>
        <time>2026-09-15T12:01:45Z</time>
        <extensions>
          <gpxdata:distance>6679.95</gpxdata:distance>
          <gpxdata:speed>0.867</gpxdata:speed>
        </extensions>
      </trkpt>
      <trkpt lat="47.3289929" lon="7.9374640">
        <ele>549.8</ele>
        <time>2026-09-15T12:01:55Z</time>
        <extensions>
          <gpxdata:distance>6688.00</gpxdata:distance>
          <gpxdata:speed>0.820</gpxdata:speed>
        </extensions>
      </trkpt>
      <trkpt lat="47.3289859" lon="7.9371200">
        <ele>552.3</ele>
        <time>2026-09-15T12:02:28Z</time>
        <extensions>
          <gpxdata:distance>6713.94</gpxdata:distance>
          <gpxdata:speed>0.784</gpxdata:speed>
        </extensions>
      </trkpt>
      <trkpt lat="47.3289879" lon="7.9366440">
        <ele>555.5</ele>
        <time>2026-09-15T12:03:13Z</time>
        <extensions>
          <gpxdata:distance>6749.82</gpxdata:distance>
          <gpxdata:speed>0.783</gpxdata:speed>
        </extensions>
      </trkpt>
      <trkpt lat="47.3289889" lon="7.9364060">
        <ele>556.4</ele>
        <time>2026-09-15T12:03:36Z</time>
        <extensions>
          <gpxdata:distance>6767.75</gpxdata:distance>
          <gpxdata:speed>0.788</gpxdata:speed>
        </extensions>
      </trkpt>
      <trkpt lat="47.3289889" lon="7.9362870">
        <ele>556.4</ele>
        <time>2026-09-15T12:03:47Z</time>
        <extensions>
          <gpxdata:distance>6776.72</gpxdata:distance>
          <gpxdata:speed>0.813</gpxdata:speed>
        </extensions>
      </trkpt>
      <trkpt lat="47.3290079" lon="7.9361810">
        <ele>556.2</ele>
        <time>2026-09-15T12:03:57Z</time>
        <extensions>
          <gpxdata:distance>6784.99</gpxdata:distance>
          <gpxdata:speed>0.831</gpxdata:speed>
        </extensions>
      </trkpt>
      <trkpt lat="47.3290269" lon="7.9359960">
        <ele>555.9</ele>
        <time>2026-09-15T12:04:14Z</time>
        <extensions>
          <gpxdata:distance>6799.09</gpxdata:distance>
          <gpxdata:speed>0.856</gpxdata:speed>
        </extensions>
      </trkpt>
      <trkpt lat="47.3290539" lon="7.9358370">
        <ele>555.6</ele>
        <time>2026-09-15T12:04:28Z</time>
        <extensions>
          <gpxdata:distance>6811.44</gpxdata:distance>
          <gpxdata:speed>0.879</gpxdata:speed>
        </extensions>
      </trkpt>
      <trkpt lat="47.3290729" lon="7.9356520">
        <ele>555.3</ele>
        <time>2026-09-15T12:04:43Z</time>
        <extensions>
          <gpxdata:distance>6825.54</gpxdata:distance>
          <gpxdata:speed>0.901</gpxdata:speed>
        </extensions>
      </trkpt>
      <trkpt lat="47.3290919" lon="7.9354940">
        <ele>555.2</ele>
        <time>2026-09-15T12:04:56Z</time>
        <extensions>
          <gpxdata:distance>6837.64</gpxdata:distance>
          <gpxdata:speed>0.921</gpxdata:speed>
        </extensions>
      </trkpt>
      <trkpt lat="47.3291009" lon="7.9353350">
        <ele>555.0</ele>
        <time>2026-09-15T12:05:09Z</time>
        <extensions>
          <gpxdata:distance>6849.66</gpxdata:distance>
          <gpxdata:speed>0.962</gpxdata:speed>
        </extensions>
      </trkpt>
      <trkpt lat="47.3291019" lon="7.9351100">
        <ele>554.8</ele>
        <time>2026-09-15T12:05:26Z</time>
        <extensions>
          <gpxdata:distance>6866.62</gpxdata:distance>
          <gpxdata:speed>1.005</gpxdata:speed>
        </extensions>
      </trkpt>
      <trkpt lat="47.3291309" lon="7.9347800">
        <ele>555.1</ele>
        <time>2026-09-15T12:05:51Z</time>
        <extensions>
          <gpxdata:distance>6891.70</gpxdata:distance>
          <gpxdata:speed>0.999</gpxdata:speed>
        </extensions>
      </trkpt>
      <trkpt lat="47.3291309" lon="7.9347800">
        <ele>555.1</ele>
        <time>2026-09-15T12:05:51Z</time>
        <extensions>
          <gpxdata:distance>6891.70</gpxdata:distance>
          <gpxdata:speed>0.000</gpxdata:speed>
        </extensions>
      </trkpt>
      <trkpt lat="47.3291399" lon="7.9346340">
        <ele>555.2</ele>
        <time>2026-09-15T12:06:02Z</time>
        <extensions>
          <gpxdata:distance>6902.75</gpxdata:distance>
          <gpxdata:speed>1.001</gpxdata:speed>
        </extensions>
      </trkpt>
      <trkpt lat="47.3291589" lon="7.9345950">
        <ele>555.2</ele>
        <time>2026-09-15T12:06:06Z</time>
        <extensions>
          <gpxdata:distance>6906.37</gpxdata:distance>
          <gpxdata:speed>1.004</gpxdata:speed>
        </extensions>
      </trkpt>
      <trkpt lat="47.3291679" lon="7.9345680">
        <ele>555.2</ele>
        <time>2026-09-15T12:06:08Z</time>
        <extensions>
          <gpxdata:distance>6908.64</gpxdata:distance>
          <gpxdata:speed>1.007</gpxdata:speed>
        </extensions>
      </trkpt>
      <trkpt lat="47.3291679" lon="7.9345680">
        <ele>555.2</ele>
        <time>2026-09-15T12:06:08Z</time>
        <extensions>
          <gpxdata:distance>6908.64</gpxdata:distance>
          <gpxdata:speed>0.000</gpxdata:speed>
        </extensions>
      </trkpt>
      <trkpt lat="47.3292309" lon="7.9344760">
        <ele>555.2</ele>
        <time>2026-09-15T12:06:18Z</time>
        <extensions>
          <gpxdata:distance>6918.49</gpxdata:distance>
          <gpxdata:speed>1.012</gpxdata:speed>
        </extensions>
      </trkpt>
      <trkpt lat="47.3292849" lon="7.9344240">
        <ele>555.3</ele>
        <time>2026-09-15T12:06:25Z</time>
        <extensions>
          <gpxdata:distance>6925.66</gpxdata:distance>
          <gpxdata:speed>1.002</gpxdata:speed>
        </extensions>
      </trkpt>
      <trkpt lat="47.3293299" lon="7.9343710">
        <ele>555.5</ele>
        <time>2026-09-15T12:06:31Z</time>
        <extensions>
          <gpxdata:distance>6932.07</gpxdata:distance>
          <gpxdata:speed>0.985</gpxdata:speed>
        </extensions>
      </trkpt>
      <trkpt lat="47.3293569" lon="7.9343580">
        <ele>555.5</ele>
        <time>2026-09-15T12:06:34Z</time>
        <extensions>
          <gpxdata:distance>6935.22</gpxdata:distance>
          <gpxdata:speed>0.989</gpxdata:speed>
        </extensions>
      </trkpt>
      <trkpt lat="47.3294019" lon="7.9343460">
        <ele>555.3</ele>
        <time>2026-09-15T12:06:40Z</time>
        <extensions>
          <gpxdata:distance>6940.31</gpxdata:distance>
          <gpxdata:speed>1.002</gpxdata:speed>
        </extensions>
      </trkpt>
      <trkpt lat="47.3294299" lon="7.9343330">
        <ele>555.2</ele>
        <time>2026-09-15T12:06:43Z</time>
        <extensions>
          <gpxdata:distance>6943.57</gpxdata:distance>
          <gpxdata:speed>1.012</gpxdata:speed>
        </extensions>
      </trkpt>
      <trkpt lat="47.3294740" lon="7.9343460">
        <ele>554.8</ele>
        <time>2026-09-15T12:06:48Z</time>
        <extensions>
          <gpxdata:distance>6948.57</gpxdata:distance>
          <gpxdata:speed>1.000</gpxdata:speed>
        </extensions>
      </trkpt>
      <trkpt lat="47.3295280" lon="7.9343600">
        <ele>554.1</ele>
        <time>2026-09-15T12:06:54Z</time>
        <extensions>
          <gpxdata:distance>6954.67</gpxdata:distance>
          <gpxdata:speed>0.982</gpxdata:speed>
        </extensions>
      </trkpt>
      <trkpt lat="47.3296900" lon="7.9344670">
        <ele>552.7</ele>
        <time>2026-09-15T12:07:14Z</time>
        <extensions>
          <gpxdata:distance>6974.41</gpxdata:distance>
          <gpxdata:speed>0.964</gpxdata:speed>
        </extensions>
      </trkpt>
      <trkpt lat="47.3297530" lon="7.9344940">
        <ele>552.0</ele>
        <time>2026-09-15T12:07:22Z</time>
        <extensions>
          <gpxdata:distance>6981.70</gpxdata:distance>
          <gpxdata:speed>0.947</gpxdata:speed>
        </extensions>
      </trkpt>
      <trkpt lat="47.3298420" lon="7.9345220">
        <ele>551.5</ele>
        <time>2026-09-15T12:07:33Z</time>
        <extensions>
          <gpxdata:distance>6991.82</gpxdata:distance>
          <gpxdata:speed>0.940</gpxdata:speed>
        </extensions>
      </trkpt>
      <trkpt lat="47.3298960" lon="7.9345220">
        <ele>551.0</ele>
        <time>2026-09-15T12:07:39Z</time>
        <extensions>
          <gpxdata:distance>6997.82</gpxdata:distance>
          <gpxdata:speed>0.928</gpxdata:speed>
        </extensions>
      </trkpt>
      <trkpt lat="47.3299410" lon="7.9345090">
        <ele>550.6</ele>
        <time>2026-09-15T12:07:45Z</time>
        <extensions>
          <gpxdata:distance>7002.92</gpxdata:distance>
          <gpxdata:speed>0.924</gpxdata:speed>
        </extensions>
      </trkpt>
      <trkpt lat="47.3299870" lon="7.9344700">
        <ele>549.7</ele>
        <time>2026-09-15T12:07:51Z</time>
        <extensions>
          <gpxdata:distance>7008.82</gpxdata:distance>
          <gpxdata:speed>0.914</gpxdata:speed>
        </extensions>
      </trkpt>
      <trkpt lat="47.3300140" lon="7.9344310">
        <ele>549.0</ele>
        <time>2026-09-15T12:07:56Z</time>
        <extensions>
          <gpxdata:distance>7013.02</gpxdata:distance>
          <gpxdata:speed>0.906</gpxdata:speed>
        </extensions>
      </trkpt>
      <trkpt lat="47.3300410" lon="7.9343780">
        <ele>548.0</ele>
        <time>2026-09-15T12:08:02Z</time>
        <extensions>
          <gpxdata:distance>7018.02</gpxdata:distance>
          <gpxdata:speed>0.897</gpxdata:speed>
        </extensions>
      </trkpt>
      <trkpt lat="47.3300680" lon="7.9342990">
        <ele>546.6</ele>
        <time>2026-09-15T12:08:09Z</time>
        <extensions>
          <gpxdata:distance>7024.69</gpxdata:distance>
          <gpxdata:speed>0.901</gpxdata:speed>
        </extensions>
      </trkpt>
      <trkpt lat="47.3300770" lon="7.9342460">
        <ele>545.6</ele>
        <time>2026-09-15T12:08:13Z</time>
        <extensions>
          <gpxdata:distance>7028.81</gpxdata:distance>
          <gpxdata:speed>0.922</gpxdata:speed>
        </extensions>
      </trkpt>
      <trkpt lat="47.3300780" lon="7.9341930">
        <ele>544.7</ele>
        <time>2026-09-15T12:08:18Z</time>
        <extensions>
          <gpxdata:distance>7032.80</gpxdata:distance>
          <gpxdata:speed>0.934</gpxdata:speed>
        </extensions>
      </trkpt>
      <trkpt lat="47.3300780" lon="7.9341141">
        <ele>543.4</ele>
        <time>2026-09-15T12:08:24Z</time>
        <extensions>
          <gpxdata:distance>7038.75</gpxdata:distance>
          <gpxdata:speed>0.909</gpxdata:speed>
        </extensions>
      </trkpt>
      <trkpt lat="47.3300430" lon="7.9338490">
        <ele>540.1</ele>
        <time>2026-09-15T12:08:47Z</time>
        <extensions>
          <gpxdata:distance>7059.10</gpxdata:distance>
          <gpxdata:speed>0.902</gpxdata:speed>
        </extensions>
      </trkpt>
      <trkpt lat="47.3300430" lon="7.9338490">
        <ele>540.1</ele>
        <time>2026-09-15T12:08:47Z</time>
        <extensions>
          <gpxdata:distance>7059.10</gpxdata:distance>
          <gpxdata:speed>0.000</gpxdata:speed>
        </extensions>
      </trkpt>
      <trkpt lat="47.3300350" lon="7.9336500">
        <ele>539.7</ele>
        <time>2026-09-15T12:09:03Z</time>
        <extensions>
          <gpxdata:distance>7074.13</gpxdata:distance>
          <gpxdata:speed>0.936</gpxdata:speed>
        </extensions>
      </trkpt>
      <trkpt lat="47.3300360" lon="7.9334920">
        <ele>539.4</ele>
        <time>2026-09-15T12:09:16Z</time>
        <extensions>
          <gpxdata:distance>7086.04</gpxdata:distance>
          <gpxdata:speed>0.923</gpxdata:speed>
        </extensions>
      </trkpt>
      <trkpt lat="47.3300450" lon="7.9333730">
        <ele>539.2</ele>
        <time>2026-09-15T12:09:26Z</time>
        <extensions>
          <gpxdata:distance>7095.06</gpxdata:distance>
          <gpxdata:speed>0.907</gpxdata:speed>
        </extensions>
      </trkpt>
      <trkpt lat="47.3300550" lon="7.9333070">
        <ele>539.1</ele>
        <time>2026-09-15T12:09:31Z</time>
        <extensions>
          <gpxdata:distance>7100.16</gpxdata:distance>
          <gpxdata:speed>0.895</gpxdata:speed>
        </extensions>
      </trkpt>
      <trkpt lat="47.3300820" lon="7.9332270">
        <ele>539.0</ele>
        <time>2026-09-15T12:09:39Z</time>
        <extensions>
          <gpxdata:distance>7106.89</gpxdata:distance>
          <gpxdata:speed>0.911</gpxdata:speed>
        </extensions>
      </trkpt>
      <trkpt lat="47.3301270" lon="7.9331351">
        <ele>538.8</ele>
        <time>2026-09-15T12:09:48Z</time>
        <extensions>
          <gpxdata:distance>7115.44</gpxdata:distance>
          <gpxdata:speed>0.925</gpxdata:speed>
        </extensions>
      </trkpt>
      <trkpt lat="47.3301910" lon="7.9330301">
        <ele>538.6</ele>
        <time>2026-09-15T12:09:59Z</time>
        <extensions>
          <gpxdata:distance>7126.08</gpxdata:distance>
          <gpxdata:speed>0.943</gpxdata:speed>
        </extensions>
      </trkpt>
      <trkpt lat="47.3302630" lon="7.9329381">
        <ele>538.5</ele>
        <time>2026-09-15T12:10:10Z</time>
        <extensions>
          <gpxdata:distance>7136.67</gpxdata:distance>
          <gpxdata:speed>0.986</gpxdata:speed>
        </extensions>
      </trkpt>
      <trkpt lat="47.3303260" lon="7.9328861">
        <ele>538.4</ele>
        <time>2026-09-15T12:10:18Z</time>
        <extensions>
          <gpxdata:distance>7144.70</gpxdata:distance>
          <gpxdata:speed>0.987</gpxdata:speed>
        </extensions>
      </trkpt>
      <trkpt lat="47.3303710" lon="7.9328461">
        <ele>538.3</ele>
        <time>2026-09-15T12:10:24Z</time>
        <extensions>
          <gpxdata:distance>7150.54</gpxdata:distance>
          <gpxdata:speed>0.989</gpxdata:speed>
        </extensions>
      </trkpt>
      <trkpt lat="47.3304340" lon="7.9328211">
        <ele>538.1</ele>
        <time>2026-09-15T12:10:31Z</time>
        <extensions>
          <gpxdata:distance>7157.79</gpxdata:distance>
          <gpxdata:speed>0.989</gpxdata:speed>
        </extensions>
      </trkpt>
      <trkpt lat="47.3304970" lon="7.9328081">
        <ele>537.9</ele>
        <time>2026-09-15T12:10:39Z</time>
        <extensions>
          <gpxdata:distance>7164.87</gpxdata:distance>
          <gpxdata:speed>0.988</gpxdata:speed>
        </extensions>
      </trkpt>
      <trkpt lat="47.3305870" lon="7.9327951">
        <ele>537.4</ele>
        <time>2026-09-15T12:10:49Z</time>
        <extensions>
          <gpxdata:distance>7174.92</gpxdata:distance>
          <gpxdata:speed>0.983</gpxdata:speed>
        </extensions>
      </trkpt>
      <trkpt lat="47.3306320" lon="7.9327831">
        <ele>537.0</ele>
        <time>2026-09-15T12:10:54Z</time>
        <extensions>
          <gpxdata:distance>7180.01</gpxdata:distance>
          <gpxdata:speed>0.977</gpxdata:speed>
        </extensions>
      </trkpt>
      <trkpt lat="47.3306770" lon="7.9327701">
        <ele>536.8</ele>
        <time>2026-09-15T12:10:59Z</time>
        <extensions>
          <gpxdata:distance>7185.11</gpxdata:distance>
          <gpxdata:speed>0.975</gpxdata:speed>
        </extensions>
      </trkpt>
      <trkpt lat="47.3307140" lon="7.9327301">
        <ele>536.6</ele>
        <time>2026-09-15T12:11:04Z</time>
        <extensions>
          <gpxdata:distance>7190.21</gpxdata:distance>
          <gpxdata:speed>0.972</gpxdata:speed>
        </extensions>
      </trkpt>
      <trkpt lat="47.3307590" lon="7.9326651">
        <ele>536.3</ele>
        <time>2026-09-15T12:11:12Z</time>
        <extensions>
          <gpxdata:distance>7197.21</gpxdata:distance>
          <gpxdata:speed>0.966</gpxdata:speed>
        </extensions>
      </trkpt>
      <trkpt lat="47.3308220" lon="7.9325331">
        <ele>535.5</ele>
        <time>2026-09-15T12:11:24Z</time>
        <extensions>
          <gpxdata:distance>7209.38</gpxdata:distance>
          <gpxdata:speed>0.955</gpxdata:speed>
        </extensions>
      </trkpt>
      <trkpt lat="47.3309040" lon="7.9323351">
        <ele>534.3</ele>
        <time>2026-09-15T12:11:43Z</time>
        <extensions>
          <gpxdata:distance>7226.86</gpxdata:distance>
          <gpxdata:speed>0.946</gpxdata:speed>
        </extensions>
      </trkpt>
      <trkpt lat="47.3309320" lon="7.9322171">
        <ele>534.1</ele>
        <time>2026-09-15T12:11:53Z</time>
        <extensions>
          <gpxdata:distance>7236.28</gpxdata:distance>
          <gpxdata:speed>0.947</gpxdata:speed>
        </extensions>
      </trkpt>
      <trkpt lat="47.3309690" lon="7.9320051">
        <ele>533.9</ele>
        <time>2026-09-15T12:12:10Z</time>
        <extensions>
          <gpxdata:distance>7252.78</gpxdata:distance>
          <gpxdata:speed>0.954</gpxdata:speed>
        </extensions>
      </trkpt>
      <trkpt lat="47.3309960" lon="7.9318201">
        <ele>533.9</ele>
        <time>2026-09-15T12:12:25Z</time>
        <extensions>
          <gpxdata:distance>7267.05</gpxdata:distance>
          <gpxdata:speed>0.964</gpxdata:speed>
        </extensions>
      </trkpt>
      <trkpt lat="47.3310240" lon="7.9315691">
        <ele>534.2</ele>
        <time>2026-09-15T12:12:45Z</time>
        <extensions>
          <gpxdata:distance>7286.22</gpxdata:distance>
          <gpxdata:speed>0.979</gpxdata:speed>
        </extensions>
      </trkpt>
      <trkpt lat="47.3310810" lon="7.9310271">
        <ele>535.3</ele>
        <time>2026-09-15T12:13:26Z</time>
        <extensions>
          <gpxdata:distance>7327.55</gpxdata:distance>
          <gpxdata:speed>0.999</gpxdata:speed>
        </extensions>
      </trkpt>
      <trkpt lat="47.3311090" lon="7.9306841">
        <ele>535.4</ele>
        <time>2026-09-15T12:13:52Z</time>
        <extensions>
          <gpxdata:distance>7353.59</gpxdata:distance>
          <gpxdata:speed>1.003</gpxdata:speed>
        </extensions>
      </trkpt>
      <trkpt lat="47.3311280" lon="7.9304061">
        <ele>535.9</ele>
        <time>2026-09-15T12:14:13Z</time>
        <extensions>
          <gpxdata:distance>7374.65</gpxdata:distance>
          <gpxdata:speed>1.009</gpxdata:speed>
        </extensions>
      </trkpt>
      <trkpt lat="47.3311470" lon="7.9301551">
        <ele>536.8</ele>
        <time>2026-09-15T12:14:32Z</time>
        <extensions>
          <gpxdata:distance>7393.68</gpxdata:distance>
          <gpxdata:speed>0.994</gpxdata:speed>
        </extensions>
      </trkpt>
      <trkpt lat="47.3311480" lon="7.9300891">
        <ele>536.9</ele>
        <time>2026-09-15T12:14:37Z</time>
        <extensions>
          <gpxdata:distance>7398.65</gpxdata:distance>
          <gpxdata:speed>0.974</gpxdata:speed>
        </extensions>
      </trkpt>
      <trkpt lat="47.3311390" lon="7.9300091">
        <ele>536.8</ele>
        <time>2026-09-15T12:14:43Z</time>
        <extensions>
          <gpxdata:distance>7404.77</gpxdata:distance>
          <gpxdata:speed>0.972</gpxdata:speed>
        </extensions>
      </trkpt>
      <trkpt lat="47.3311040" lon="7.9297441">
        <ele>535.4</ele>
        <time>2026-09-15T12:15:04Z</time>
        <extensions>
          <gpxdata:distance>7425.11</gpxdata:distance>
          <gpxdata:speed>0.990</gpxdata:speed>
        </extensions>
      </trkpt>
      <trkpt lat="47.3311040" lon="7.9297441">
        <ele>535.4</ele>
        <time>2026-09-15T12:15:04Z</time>
        <extensions>
          <gpxdata:distance>7425.11</gpxdata:distance>
          <gpxdata:speed>0.000</gpxdata:speed>
        </extensions>
      </trkpt>
      <trkpt lat="47.3310870" lon="7.9296511">
        <ele>534.5</ele>
        <time>2026-09-15T12:15:11Z</time>
        <extensions>
          <gpxdata:distance>7432.37</gpxdata:distance>
          <gpxdata:speed>1.007</gpxdata:speed>
        </extensions>
      </trkpt>
      <trkpt lat="47.3310780" lon="7.9296251">
        <ele>534.4</ele>
        <time>2026-09-15T12:15:13Z</time>
        <extensions>
          <gpxdata:distance>7434.57</gpxdata:distance>
          <gpxdata:speed>1.002</gpxdata:speed>
        </extensions>
      </trkpt>
      <trkpt lat="47.3310690" lon="7.9296251">
        <ele>534.3</ele>
        <time>2026-09-15T12:15:14Z</time>
        <extensions>
          <gpxdata:distance>7435.57</gpxdata:distance>
          <gpxdata:speed>0.995</gpxdata:speed>
        </extensions>
      </trkpt>
      <trkpt lat="47.3310600" lon="7.9296111">
        <ele>534.3</ele>
        <time>2026-09-15T12:15:16Z</time>
        <extensions>
          <gpxdata:distance>7437.03</gpxdata:distance>
          <gpxdata:speed>0.979</gpxdata:speed>
        </extensions>
      </trkpt>
      <trkpt lat="47.3310600" lon="7.9296111">
        <ele>534.3</ele>
        <time>2026-09-15T12:15:16Z</time>
        <extensions>
          <gpxdata:distance>7437.03</gpxdata:distance>
          <gpxdata:speed>0.000</gpxdata:speed>
        </extensions>
      </trkpt>
      <trkpt lat="47.3311831" lon="7.9282231">
        <ele>538.3</ele>
        <time>2026-09-15T12:17:03Z</time>
        <extensions>
          <gpxdata:distance>7542.52</gpxdata:distance>
          <gpxdata:speed>0.988</gpxdata:speed>
        </extensions>
      </trkpt>
      <trkpt lat="47.3312021" lon="7.9279061">
        <ele>538.9</ele>
        <time>2026-09-15T12:17:27Z</time>
        <extensions>
          <gpxdata:distance>7566.51</gpxdata:distance>
          <gpxdata:speed>0.979</gpxdata:speed>
        </extensions>
      </trkpt>
      <trkpt lat="47.3312201" lon="7.9277741">
        <ele>539.0</ele>
        <time>2026-09-15T12:17:38Z</time>
        <extensions>
          <gpxdata:distance>7576.65</gpxdata:distance>
          <gpxdata:speed>0.952</gpxdata:speed>
        </extensions>
      </trkpt>
      <trkpt lat="47.3312301" lon="7.9276681">
        <ele>539.0</ele>
        <time>2026-09-15T12:17:46Z</time>
        <extensions>
          <gpxdata:distance>7584.72</gpxdata:distance>
          <gpxdata:speed>0.955</gpxdata:speed>
        </extensions>
      </trkpt>
      <trkpt lat="47.3312481" lon="7.9276021">
        <ele>539.0</ele>
        <time>2026-09-15T12:17:52Z</time>
        <extensions>
          <gpxdata:distance>7590.08</gpxdata:distance>
          <gpxdata:speed>0.940</gpxdata:speed>
        </extensions>
      </trkpt>
      <trkpt lat="47.3312661" lon="7.9275361">
        <ele>538.9</ele>
        <time>2026-09-15T12:17:58Z</time>
        <extensions>
          <gpxdata:distance>7595.44</gpxdata:distance>
          <gpxdata:speed>0.941</gpxdata:speed>
        </extensions>
      </trkpt>
      <trkpt lat="47.3313031" lon="7.9274701">
        <ele>538.8</ele>
        <time>2026-09-15T12:18:04Z</time>
        <extensions>
          <gpxdata:distance>7601.90</gpxdata:distance>
          <gpxdata:speed>0.944</gpxdata:speed>
        </extensions>
      </trkpt>
      <trkpt lat="47.3313301" lon="7.9274181">
        <ele>538.7</ele>
        <time>2026-09-15T12:18:10Z</time>
        <extensions>
          <gpxdata:distance>7606.84</gpxdata:distance>
          <gpxdata:speed>0.947</gpxdata:speed>
        </extensions>
      </trkpt>
      <trkpt lat="47.3313661" lon="7.9273781">
        <ele>538.6</ele>
        <time>2026-09-15T12:18:15Z</time>
        <extensions>
          <gpxdata:distance>7611.85</gpxdata:distance>
          <gpxdata:speed>0.950</gpxdata:speed>
        </extensions>
      </trkpt>
      <trkpt lat="47.3314201" lon="7.9273261">
        <ele>538.4</ele>
        <time>2026-09-15T12:18:22Z</time>
        <extensions>
          <gpxdata:distance>7619.02</gpxdata:distance>
          <gpxdata:speed>1.009</gpxdata:speed>
        </extensions>
      </trkpt>
      <trkpt lat="47.3316181" lon="7.9272221">
        <ele>537.2</ele>
        <time>2026-09-15T12:18:46Z</time>
        <extensions>
          <gpxdata:distance>7642.39</gpxdata:distance>
          <gpxdata:speed>0.984</gpxdata:speed>
        </extensions>
      </trkpt>
      <trkpt lat="47.3316181" lon="7.9272221">
        <ele>537.2</ele>
        <time>2026-09-15T12:18:46Z</time>
        <extensions>
          <gpxdata:distance>7642.39</gpxdata:distance>
          <gpxdata:speed>0.000</gpxdata:speed>
        </extensions>
      </trkpt>
      <trkpt lat="47.3315921" lon="7.9271691">
        <ele>537.2</ele>
        <time>2026-09-15T12:18:51Z</time>
        <extensions>
          <gpxdata:distance>7647.32</gpxdata:distance>
          <gpxdata:speed>0.975</gpxdata:speed>
        </extensions>
      </trkpt>
      <trkpt lat="47.3315651" lon="7.9271021">
        <ele>537.2</ele>
        <time>2026-09-15T12:18:57Z</time>
        <extensions>
          <gpxdata:distance>7653.19</gpxdata:distance>
          <gpxdata:speed>0.976</gpxdata:speed>
        </extensions>
      </trkpt>
      <trkpt lat="47.3314941" lon="7.9268501">
        <ele>537.3</ele>
        <time>2026-09-15T12:19:18Z</time>
        <extensions>
          <gpxdata:distance>7673.76</gpxdata:distance>
          <gpxdata:speed>0.986</gpxdata:speed>
        </extensions>
      </trkpt>
      <trkpt lat="47.3314851" lon="7.9268111">
        <ele>537.4</ele>
        <time>2026-09-15T12:19:21Z</time>
        <extensions>
          <gpxdata:distance>7676.86</gpxdata:distance>
          <gpxdata:speed>0.988</gpxdata:speed>
        </extensions>
      </trkpt>
      <trkpt lat="47.3314231" lon="7.9266911">
        <ele>537.6</ele>
        <time>2026-09-15T12:19:32Z</time>
        <extensions>
          <gpxdata:distance>7688.24</gpxdata:distance>
          <gpxdata:speed>0.995</gpxdata:speed>
        </extensions>
      </trkpt>
      <trkpt lat="47.3313251" lon="7.9265181">
        <ele>538.0</ele>
        <time>2026-09-15T12:19:49Z</time>
        <extensions>
          <gpxdata:distance>7705.23</gpxdata:distance>
          <gpxdata:speed>1.004</gpxdata:speed>
        </extensions>
      </trkpt>
      <trkpt lat="47.3312261" lon="7.9263721">
        <ele>538.4</ele>
        <time>2026-09-15T12:20:05Z</time>
        <extensions>
          <gpxdata:distance>7720.79</gpxdata:distance>
          <gpxdata:speed>1.012</gpxdata:speed>
        </extensions>
      </trkpt>
      <trkpt lat="47.3311821" lon="7.9262921">
        <ele>538.6</ele>
        <time>2026-09-15T12:20:13Z</time>
        <extensions>
          <gpxdata:distance>7728.56</gpxdata:distance>
          <gpxdata:speed>0.971</gpxdata:speed>
        </extensions>
      </trkpt>
      <trkpt lat="47.3311551" lon="7.9262391">
        <ele>538.6</ele>
        <time>2026-09-15T12:20:18Z</time>
        <extensions>
          <gpxdata:distance>7733.55</gpxdata:distance>
          <gpxdata:speed>0.973</gpxdata:speed>
        </extensions>
      </trkpt>
      <trkpt lat="47.3311191" lon="7.9261721">
        <ele>538.7</ele>
        <time>2026-09-15T12:20:24Z</time>
        <extensions>
          <gpxdata:distance>7740.00</gpxdata:distance>
          <gpxdata:speed>0.971</gpxdata:speed>
        </extensions>
      </trkpt>
      <trkpt lat="47.3310841" lon="7.9260921">
        <ele>538.9</ele>
        <time>2026-09-15T12:20:32Z</time>
        <extensions>
          <gpxdata:distance>7747.17</gpxdata:distance>
          <gpxdata:speed>0.966</gpxdata:speed>
        </extensions>
      </trkpt>
      <trkpt lat="47.3310391" lon="7.9259731">
        <ele>539.0</ele>
        <time>2026-09-15T12:20:42Z</time>
        <extensions>
          <gpxdata:distance>7757.44</gpxdata:distance>
          <gpxdata:speed>0.961</gpxdata:speed>
        </extensions>
      </trkpt>
      <trkpt lat="47.3310211" lon="7.9259071">
        <ele>539.1</ele>
        <time>2026-09-15T12:20:48Z</time>
        <extensions>
          <gpxdata:distance>7762.80</gpxdata:distance>
          <gpxdata:speed>0.962</gpxdata:speed>
        </extensions>
      </trkpt>
      <trkpt lat="47.3310041" lon="7.9258271">
        <ele>539.2</ele>
        <time>2026-09-15T12:20:55Z</time>
        <extensions>
          <gpxdata:distance>7769.12</gpxdata:distance>
          <gpxdata:speed>0.962</gpxdata:speed>
        </extensions>
      </trkpt>
      <trkpt lat="47.3309771" lon="7.9257341">
        <ele>539.2</ele>
        <time>2026-09-15T12:21:02Z</time>
        <extensions>
          <gpxdata:distance>7776.75</gpxdata:distance>
          <gpxdata:speed>0.970</gpxdata:speed>
        </extensions>
      </trkpt>
      <trkpt lat="47.3309681" lon="7.9256681">
        <ele>539.3</ele>
        <time>2026-09-15T12:21:08Z</time>
        <extensions>
          <gpxdata:distance>7781.82</gpxdata:distance>
          <gpxdata:speed>0.975</gpxdata:speed>
        </extensions>
      </trkpt>
      <trkpt lat="47.3309511" lon="7.9255751">
        <ele>539.5</ele>
        <time>2026-09-15T12:21:15Z</time>
        <extensions>
          <gpxdata:distance>7789.08</gpxdata:distance>
          <gpxdata:speed>0.975</gpxdata:speed>
        </extensions>
      </trkpt>
      <trkpt lat="47.3309421" lon="7.9254691">
        <ele>539.7</ele>
        <time>2026-09-15T12:21:23Z</time>
        <extensions>
          <gpxdata:distance>7797.13</gpxdata:distance>
          <gpxdata:speed>0.968</gpxdata:speed>
        </extensions>
      </trkpt>
      <trkpt lat="47.3309251" lon="7.9251911">
        <ele>540.6</ele>
        <time>2026-09-15T12:21:46Z</time>
        <extensions>
          <gpxdata:distance>7818.17</gpxdata:distance>
          <gpxdata:speed>0.951</gpxdata:speed>
        </extensions>
      </trkpt>
      <trkpt lat="47.3308731" lon="7.9248601">
        <ele>542.0</ele>
        <time>2026-09-15T12:22:13Z</time>
        <extensions>
          <gpxdata:distance>7843.77</gpxdata:distance>
          <gpxdata:speed>0.931</gpxdata:speed>
        </extensions>
      </trkpt>
      <trkpt lat="47.3308551" lon="7.9247411">
        <ele>542.8</ele>
        <time>2026-09-15T12:22:23Z</time>
        <extensions>
          <gpxdata:distance>7852.96</gpxdata:distance>
          <gpxdata:speed>0.911</gpxdata:speed>
        </extensions>
      </trkpt>
      <trkpt lat="47.3308471" lon="7.9246751">
        <ele>543.3</ele>
        <time>2026-09-15T12:22:29Z</time>
        <extensions>
          <gpxdata:distance>7858.02</gpxdata:distance>
          <gpxdata:speed>0.900</gpxdata:speed>
        </extensions>
      </trkpt>
      <trkpt lat="47.3308471" lon="7.9245951">
        <ele>543.9</ele>
        <time>2026-09-15T12:22:36Z</time>
        <extensions>
          <gpxdata:distance>7864.05</gpxdata:distance>
          <gpxdata:speed>0.887</gpxdata:speed>
        </extensions>
      </trkpt>
      <trkpt lat="47.3308471" lon="7.9245951">
        <ele>543.9</ele>
        <time>2026-09-15T12:22:36Z</time>
        <extensions>
          <gpxdata:distance>7864.05</gpxdata:distance>
          <gpxdata:speed>0.000</gpxdata:speed>
        </extensions>
      </trkpt>
      <trkpt lat="47.3308481" lon="7.9244631">
        <ele>545.0</ele>
        <time>2026-09-15T12:22:47Z</time>
        <extensions>
          <gpxdata:distance>7873.99</gpxdata:distance>
          <gpxdata:speed>0.854</gpxdata:speed>
        </extensions>
      </trkpt>
      <trkpt lat="47.3308481" lon="7.9243971">
        <ele>545.6</ele>
        <time>2026-09-15T12:22:53Z</time>
        <extensions>
          <gpxdata:distance>7878.97</gpxdata:distance>
          <gpxdata:speed>0.838</gpxdata:speed>
        </extensions>
      </trkpt>
      <trkpt lat="47.3308301" lon="7.9243170">
        <ele>546.4</ele>
        <time>2026-09-15T12:23:01Z</time>
        <extensions>
          <gpxdata:distance>7885.33</gpxdata:distance>
          <gpxdata:speed>0.817</gpxdata:speed>
        </extensions>
      </trkpt>
      <trkpt lat="47.3308131" lon="7.9242250">
        <ele>547.4</ele>
        <time>2026-09-15T12:23:10Z</time>
        <extensions>
          <gpxdata:distance>7892.51</gpxdata:distance>
          <gpxdata:speed>0.776</gpxdata:speed>
        </extensions>
      </trkpt>
      <trkpt lat="47.3307771" lon="7.9241180">
        <ele>548.5</ele>
        <time>2026-09-15T12:23:23Z</time>
        <extensions>
          <gpxdata:distance>7901.52</gpxdata:distance>
          <gpxdata:speed>0.723</gpxdata:speed>
        </extensions>
      </trkpt>
      <trkpt lat="47.3307241" lon="7.9239990">
        <ele>549.7</ele>
        <time>2026-09-15T12:23:38Z</time>
        <extensions>
          <gpxdata:distance>7912.25</gpxdata:distance>
          <gpxdata:speed>0.713</gpxdata:speed>
        </extensions>
      </trkpt>
      <trkpt lat="47.3306611" lon="7.9238790">
        <ele>550.6</ele>
        <time>2026-09-15T12:23:53Z</time>
        <extensions>
          <gpxdata:distance>7923.69</gpxdata:distance>
          <gpxdata:speed>0.726</gpxdata:speed>
        </extensions>
      </trkpt>
      <trkpt lat="47.3306261" lon="7.9237730">
        <ele>551.3</ele>
        <time>2026-09-15T12:24:06Z</time>
        <extensions>
          <gpxdata:distance>7932.57</gpxdata:distance>
          <gpxdata:speed>0.734</gpxdata:speed>
        </extensions>
      </trkpt>
      <trkpt lat="47.3306081" lon="7.9237070">
        <ele>552.1</ele>
        <time>2026-09-15T12:24:13Z</time>
        <extensions>
          <gpxdata:distance>7937.94</gpxdata:distance>
          <gpxdata:speed>0.727</gpxdata:speed>
        </extensions>
      </trkpt>
      <trkpt lat="47.3305901" lon="7.9235870">
        <ele>553.5</ele>
        <time>2026-09-15T12:24:26Z</time>
        <extensions>
          <gpxdata:distance>7947.20</gpxdata:distance>
          <gpxdata:speed>0.714</gpxdata:speed>
        </extensions>
      </trkpt>
      <trkpt lat="47.3305911" lon="7.9234950">
        <ele>554.5</ele>
        <time>2026-09-15T12:24:36Z</time>
        <extensions>
          <gpxdata:distance>7954.13</gpxdata:distance>
          <gpxdata:speed>0.708</gpxdata:speed>
        </extensions>
      </trkpt>
      <trkpt lat="47.3305911" lon="7.9234420">
        <ele>555.0</ele>
        <time>2026-09-15T12:24:41Z</time>
        <extensions>
          <gpxdata:distance>7958.13</gpxdata:distance>
          <gpxdata:speed>0.709</gpxdata:speed>
        </extensions>
      </trkpt>
      <trkpt lat="47.3306091" lon="7.9234020">
        <ele>555.6</ele>
        <time>2026-09-15T12:24:46Z</time>
        <extensions>
          <gpxdata:distance>7961.75</gpxdata:distance>
          <gpxdata:speed>0.708</gpxdata:speed>
        </extensions>
      </trkpt>
      <trkpt lat="47.3306541" lon="7.9233370">
        <ele>556.7</ele>
        <time>2026-09-15T12:24:56Z</time>
        <extensions>
          <gpxdata:distance>7968.75</gpxdata:distance>
          <gpxdata:speed>0.700</gpxdata:speed>
        </extensions>
      </trkpt>
      <trkpt lat="47.3307811" lon="7.9231530">
        <ele>559.4</ele>
        <time>2026-09-15T12:25:25Z</time>
        <extensions>
          <gpxdata:distance>7988.54</gpxdata:distance>
          <gpxdata:speed>0.687</gpxdata:speed>
        </extensions>
      </trkpt>
      <trkpt lat="47.3308081" lon="7.9231000">
        <ele>560.2</ele>
        <time>2026-09-15T12:25:33Z</time>
        <extensions>
          <gpxdata:distance>7993.54</gpxdata:distance>
          <gpxdata:speed>0.661</gpxdata:speed>
        </extensions>
      </trkpt>
      <trkpt lat="47.3308271" lon="7.9230340">
        <ele>560.8</ele>
        <time>2026-09-15T12:25:41Z</time>
        <extensions>
          <gpxdata:distance>7998.94</gpxdata:distance>
          <gpxdata:speed>0.647</gpxdata:speed>
        </extensions>
      </trkpt>
      <trkpt lat="47.3308271" lon="7.9229940">
        <ele>561.3</ele>
        <time>2026-09-15T12:25:46Z</time>
        <extensions>
          <gpxdata:distance>8001.96</gpxdata:distance>
          <gpxdata:speed>0.646</gpxdata:speed>
        </extensions>
      </trkpt>
      <trkpt lat="47.3308271" lon="7.9229940">
        <ele>561.3</ele>
        <time>2026-09-15T12:25:46Z</time>
        <extensions>
          <gpxdata:distance>8001.96</gpxdata:distance>
          <gpxdata:speed>0.000</gpxdata:speed>
        </extensions>
      </trkpt>
      <trkpt lat="47.3307821" lon="7.9229940">
        <ele>561.2</ele>
        <time>2026-09-15T12:25:53Z</time>
        <extensions>
          <gpxdata:distance>8006.96</gpxdata:distance>
          <gpxdata:speed>0.688</gpxdata:speed>
        </extensions>
      </trkpt>
      <trkpt lat="47.3306921" lon="7.9229930">
        <ele>560.9</ele>
        <time>2026-09-15T12:26:06Z</time>
        <extensions>
          <gpxdata:distance>8016.97</gpxdata:distance>
          <gpxdata:speed>0.753</gpxdata:speed>
        </extensions>
      </trkpt>
      <trkpt lat="47.3306921" lon="7.9229930">
        <ele>560.9</ele>
        <time>2026-09-15T12:26:06Z</time>
        <extensions>
          <gpxdata:distance>8016.97</gpxdata:distance>
          <gpxdata:speed>0.000</gpxdata:speed>
        </extensions>
      </trkpt>
      <trkpt lat="47.3306201" lon="7.9229920">
        <ele>560.6</ele>
        <time>2026-09-15T12:26:16Z</time>
        <extensions>
          <gpxdata:distance>8024.97</gpxdata:distance>
          <gpxdata:speed>0.834</gpxdata:speed>
        </extensions>
      </trkpt>
      <trkpt lat="47.3305301" lon="7.9229780">
        <ele>560.2</ele>
        <time>2026-09-15T12:26:26Z</time>
        <extensions>
          <gpxdata:distance>8035.04</gpxdata:distance>
          <gpxdata:speed>0.969</gpxdata:speed>
        </extensions>
      </trkpt>
      <trkpt lat="47.3298831" lon="7.9228930">
        <ele>554.3</ele>
        <time>2026-09-15T12:27:43Z</time>
        <extensions>
          <gpxdata:distance>8107.26</gpxdata:distance>
          <gpxdata:speed>0.946</gpxdata:speed>
        </extensions>
      </trkpt>
      <trkpt lat="47.3297751" lon="7.9228920">
        <ele>552.9</ele>
        <time>2026-09-15T12:27:56Z</time>
        <extensions>
          <gpxdata:distance>8119.27</gpxdata:distance>
          <gpxdata:speed>0.931</gpxdata:speed>
        </extensions>
      </trkpt>
      <trkpt lat="47.3297211" lon="7.9228920">
        <ele>552.3</ele>
        <time>2026-09-15T12:28:02Z</time>
        <extensions>
          <gpxdata:distance>8125.28</gpxdata:distance>
          <gpxdata:speed>0.923</gpxdata:speed>
        </extensions>
      </trkpt>
      <trkpt lat="47.3297211" lon="7.9228920">
        <ele>552.3</ele>
        <time>2026-09-15T12:28:02Z</time>
        <extensions>
          <gpxdata:distance>8125.28</gpxdata:distance>
          <gpxdata:speed>0.000</gpxdata:speed>
        </extensions>
      </trkpt>
      <trkpt lat="47.3295051" lon="7.9229290">
        <ele>549.8</ele>
        <time>2026-09-15T12:28:29Z</time>
        <extensions>
          <gpxdata:distance>8149.46</gpxdata:distance>
          <gpxdata:speed>0.916</gpxdata:speed>
        </extensions>
      </trkpt>
      <trkpt lat="47.3294421" lon="7.9229290">
        <ele>549.2</ele>
        <time>2026-09-15T12:28:36Z</time>
        <extensions>
          <gpxdata:distance>8156.46</gpxdata:distance>
          <gpxdata:speed>0.912</gpxdata:speed>
        </extensions>
      </trkpt>
      <trkpt lat="47.3294061" lon="7.9229420">
        <ele>548.9</ele>
        <time>2026-09-15T12:28:41Z</time>
        <extensions>
          <gpxdata:distance>8160.58</gpxdata:distance>
          <gpxdata:speed>0.912</gpxdata:speed>
        </extensions>
      </trkpt>
      <trkpt lat="47.3292981" lon="7.9229670">
        <ele>548.2</ele>
        <time>2026-09-15T12:28:54Z</time>
        <extensions>
          <gpxdata:distance>8172.74</gpxdata:distance>
          <gpxdata:speed>0.912</gpxdata:speed>
        </extensions>
      </trkpt>
      <trkpt lat="47.3291721" lon="7.9229930">
        <ele>547.9</ele>
        <time>2026-09-15T12:29:10Z</time>
        <extensions>
          <gpxdata:distance>8186.89</gpxdata:distance>
          <gpxdata:speed>0.915</gpxdata:speed>
        </extensions>
      </trkpt>
      <trkpt lat="47.3291451" lon="7.9229790">
        <ele>547.8</ele>
        <time>2026-09-15T12:29:13Z</time>
        <extensions>
          <gpxdata:distance>8190.07</gpxdata:distance>
          <gpxdata:speed>0.917</gpxdata:speed>
        </extensions>
      </trkpt>
      <trkpt lat="47.3291451" lon="7.9229790">
        <ele>547.8</ele>
        <time>2026-09-15T12:29:13Z</time>
        <extensions>
          <gpxdata:distance>8190.07</gpxdata:distance>
          <gpxdata:speed>0.000</gpxdata:speed>
        </extensions>
      </trkpt>
      <trkpt lat="47.3290551" lon="7.9229520">
        <ele>547.3</ele>
        <time>2026-09-15T12:29:24Z</time>
        <extensions>
          <gpxdata:distance>8200.28</gpxdata:distance>
          <gpxdata:speed>0.930</gpxdata:speed>
        </extensions>
      </trkpt>
      <trkpt lat="47.3290011" lon="7.9229120">
        <ele>546.8</ele>
        <time>2026-09-15T12:29:31Z</time>
        <extensions>
          <gpxdata:distance>8207.00</gpxdata:distance>
          <gpxdata:speed>0.930</gpxdata:speed>
        </extensions>
      </trkpt>
      <trkpt lat="47.3289471" lon="7.9228710">
        <ele>546.1</ele>
        <time>2026-09-15T12:29:38Z</time>
        <extensions>
          <gpxdata:distance>8213.75</gpxdata:distance>
          <gpxdata:speed>0.940</gpxdata:speed>
        </extensions>
      </trkpt>
      <trkpt lat="47.3289471" lon="7.9228710">
        <ele>546.1</ele>
        <time>2026-09-15T12:29:38Z</time>
        <extensions>
          <gpxdata:distance>8213.75</gpxdata:distance>
          <gpxdata:speed>0.000</gpxdata:speed>
        </extensions>
      </trkpt>
      <trkpt lat="47.3289031" lon="7.9227920">
        <ele>545.2</ele>
        <time>2026-09-15T12:29:47Z</time>
        <extensions>
          <gpxdata:distance>8221.46</gpxdata:distance>
          <gpxdata:speed>0.937</gpxdata:speed>
        </extensions>
      </trkpt>
      <trkpt lat="47.3288581" lon="7.9226590">
        <ele>543.7</ele>
        <time>2026-09-15T12:29:59Z</time>
        <extensions>
          <gpxdata:distance>8232.66</gpxdata:distance>
          <gpxdata:speed>0.921</gpxdata:speed>
        </extensions>
      </trkpt>
      <trkpt lat="47.3288501" lon="7.9225660">
        <ele>542.5</ele>
        <time>2026-09-15T12:30:07Z</time>
        <extensions>
          <gpxdata:distance>8239.73</gpxdata:distance>
          <gpxdata:speed>0.896</gpxdata:speed>
        </extensions>
      </trkpt>
      <trkpt lat="47.3288432" lon="7.9219710">
        <ele>536.2</ele>
        <time>2026-09-15T12:30:56Z</time>
        <extensions>
          <gpxdata:distance>8284.58</gpxdata:distance>
          <gpxdata:speed>0.915</gpxdata:speed>
        </extensions>
      </trkpt>
      <trkpt lat="47.3288442" lon="7.9218390">
        <ele>535.2</ele>
        <time>2026-09-15T12:31:07Z</time>
        <extensions>
          <gpxdata:distance>8294.53</gpxdata:distance>
          <gpxdata:speed>0.913</gpxdata:speed>
        </extensions>
      </trkpt>
      <trkpt lat="47.3288262" lon="7.9217330">
        <ele>534.2</ele>
        <time>2026-09-15T12:31:15Z</time>
        <extensions>
          <gpxdata:distance>8302.76</gpxdata:distance>
          <gpxdata:speed>0.920</gpxdata:speed>
        </extensions>
      </trkpt>
      <trkpt lat="47.3288092" lon="7.9216530">
        <ele>533.4</ele>
        <time>2026-09-15T12:31:22Z</time>
        <extensions>
          <gpxdata:distance>8309.08</gpxdata:distance>
          <gpxdata:speed>0.923</gpxdata:speed>
        </extensions>
      </trkpt>
      <trkpt lat="47.3287732" lon="7.9215470">
        <ele>532.5</ele>
        <time>2026-09-15T12:31:32Z</time>
        <extensions>
          <gpxdata:distance>8318.02</gpxdata:distance>
          <gpxdata:speed>0.922</gpxdata:speed>
        </extensions>
      </trkpt>
      <trkpt lat="47.3287112" lon="7.9214010">
        <ele>531.1</ele>
        <time>2026-09-15T12:31:46Z</time>
        <extensions>
          <gpxdata:distance>8331.00</gpxdata:distance>
          <gpxdata:speed>0.920</gpxdata:speed>
        </extensions>
      </trkpt>
      <trkpt lat="47.3286302" lon="7.9212410">
        <ele>530.0</ele>
        <time>2026-09-15T12:32:03Z</time>
        <extensions>
          <gpxdata:distance>8346.05</gpxdata:distance>
          <gpxdata:speed>0.914</gpxdata:speed>
        </extensions>
      </trkpt>
      <trkpt lat="47.3285592" lon="7.9210690">
        <ele>529.0</ele>
        <time>2026-09-15T12:32:19Z</time>
        <extensions>
          <gpxdata:distance>8361.23</gpxdata:distance>
          <gpxdata:speed>0.907</gpxdata:speed>
        </extensions>
      </trkpt>
      <trkpt lat="47.3285592" lon="7.9210690">
        <ele>529.0</ele>
        <time>2026-09-15T12:32:19Z</time>
        <extensions>
          <gpxdata:distance>8361.23</gpxdata:distance>
          <gpxdata:speed>0.000</gpxdata:speed>
        </extensions>
      </trkpt>
      <trkpt lat="47.3285152" lon="7.9210020">
        <ele>528.7</ele>
        <time>2026-09-15T12:32:27Z</time>
        <extensions>
          <gpxdata:distance>8368.26</gpxdata:distance>
          <gpxdata:speed>0.906</gpxdata:speed>
        </extensions>
      </trkpt>
      <trkpt lat="47.3284702" lon="7.9209220">
        <ele>528.4</ele>
        <time>2026-09-15T12:32:36Z</time>
        <extensions>
          <gpxdata:distance>8376.10</gpxdata:distance>
          <gpxdata:speed>0.912</gpxdata:speed>
        </extensions>
      </trkpt>
      <trkpt lat="47.3284342" lon="7.9208160">
        <ele>528.2</ele>
        <time>2026-09-15T12:32:45Z</time>
        <extensions>
          <gpxdata:distance>8385.03</gpxdata:distance>
          <gpxdata:speed>0.923</gpxdata:speed>
        </extensions>
      </trkpt>
      <trkpt lat="47.3284082" lon="7.9207100">
        <ele>528.4</ele>
        <time>2026-09-15T12:32:54Z</time>
        <extensions>
          <gpxdata:distance>8393.53</gpxdata:distance>
          <gpxdata:speed>0.938</gpxdata:speed>
        </extensions>
      </trkpt>
      <trkpt lat="47.3283812" lon="7.9205640">
        <ele>528.9</ele>
        <time>2026-09-15T12:33:06Z</time>
        <extensions>
          <gpxdata:distance>8404.93</gpxdata:distance>
          <gpxdata:speed>0.959</gpxdata:speed>
        </extensions>
      </trkpt>
      <trkpt lat="47.3283552" lon="7.9204720">
        <ele>529.4</ele>
        <time>2026-09-15T12:33:14Z</time>
        <extensions>
          <gpxdata:distance>8412.45</gpxdata:distance>
          <gpxdata:speed>0.986</gpxdata:speed>
        </extensions>
      </trkpt>
      <trkpt lat="47.3283282" lon="7.9203920">
        <ele>529.5</ele>
        <time>2026-09-15T12:33:21Z</time>
        <extensions>
          <gpxdata:distance>8419.18</gpxdata:distance>
          <gpxdata:speed>1.004</gpxdata:speed>
        </extensions>
      </trkpt>
      <trkpt lat="47.3282752" lon="7.9202720">
        <ele>529.4</ele>
        <time>2026-09-15T12:33:31Z</time>
        <extensions>
          <gpxdata:distance>8429.98</gpxdata:distance>
          <gpxdata:speed>0.998</gpxdata:speed>
        </extensions>
      </trkpt>
      <trkpt lat="47.3280872" lon="7.9198870">
        <ele>528.6</ele>
        <time>2026-09-15T12:34:07Z</time>
        <extensions>
          <gpxdata:distance>8465.74</gpxdata:distance>
          <gpxdata:speed>1.007</gpxdata:speed>
        </extensions>
      </trkpt>
      <trkpt lat="47.3280432" lon="7.9198070">
        <ele>528.4</ele>
        <time>2026-09-15T12:34:15Z</time>
        <extensions>
          <gpxdata:distance>8473.50</gpxdata:distance>
          <gpxdata:speed>1.009</gpxdata:speed>
        </extensions>
      </trkpt>
      <trkpt lat="47.3280072" lon="7.9197540">
        <ele>528.4</ele>
        <time>2026-09-15T12:34:20Z</time>
        <extensions>
          <gpxdata:distance>8479.16</gpxdata:distance>
          <gpxdata:speed>1.012</gpxdata:speed>
        </extensions>
      </trkpt>
      <trkpt lat="47.3279622" lon="7.9197010">
        <ele>528.3</ele>
        <time>2026-09-15T12:34:27Z</time>
        <extensions>
          <gpxdata:distance>8485.56</gpxdata:distance>
          <gpxdata:speed>1.010</gpxdata:speed>
        </extensions>
      </trkpt>
      <trkpt lat="47.3279182" lon="7.9196470">
        <ele>528.2</ele>
        <time>2026-09-15T12:34:33Z</time>
        <extensions>
          <gpxdata:distance>8491.93</gpxdata:distance>
          <gpxdata:speed>1.010</gpxdata:speed>
        </extensions>
      </trkpt>
      <trkpt lat="47.3278642" lon="7.9196200">
        <ele>528.2</ele>
        <time>2026-09-15T12:34:39Z</time>
        <extensions>
          <gpxdata:distance>8498.27</gpxdata:distance>
          <gpxdata:speed>1.003</gpxdata:speed>
        </extensions>
      </trkpt>
      <trkpt lat="47.3277742" lon="7.9195530">
        <ele>528.2</ele>
        <time>2026-09-15T12:34:50Z</time>
        <extensions>
          <gpxdata:distance>8509.48</gpxdata:distance>
          <gpxdata:speed>0.996</gpxdata:speed>
        </extensions>
      </trkpt>
      <trkpt lat="47.3277202" lon="7.9195000">
        <ele>528.5</ele>
        <time>2026-09-15T12:34:58Z</time>
        <extensions>
          <gpxdata:distance>8516.69</gpxdata:distance>
          <gpxdata:speed>0.999</gpxdata:speed>
        </extensions>
      </trkpt>
      <trkpt lat="47.3276762" lon="7.9194470">
        <ele>528.9</ele>
        <time>2026-09-15T12:35:04Z</time>
        <extensions>
          <gpxdata:distance>8523.00</gpxdata:distance>
          <gpxdata:speed>1.005</gpxdata:speed>
        </extensions>
      </trkpt>
      <trkpt lat="47.3276402" lon="7.9193940">
        <ele>529.3</ele>
        <time>2026-09-15T12:35:10Z</time>
        <extensions>
          <gpxdata:distance>8528.66</gpxdata:distance>
          <gpxdata:speed>0.984</gpxdata:speed>
        </extensions>
      </trkpt>
      <trkpt lat="47.3275952" lon="7.9193140">
        <ele>529.7</ele>
        <time>2026-09-15T12:35:18Z</time>
        <extensions>
          <gpxdata:distance>8536.49</gpxdata:distance>
          <gpxdata:speed>0.960</gpxdata:speed>
        </extensions>
      </trkpt>
      <trkpt lat="47.3275682" lon="7.9192340">
        <ele>529.8</ele>
        <time>2026-09-15T12:35:25Z</time>
        <extensions>
          <gpxdata:distance>8543.23</gpxdata:distance>
          <gpxdata:speed>0.957</gpxdata:speed>
        </extensions>
      </trkpt>
      <trkpt lat="47.3275422" lon="7.9191410">
        <ele>529.7</ele>
        <time>2026-09-15T12:35:33Z</time>
        <extensions>
          <gpxdata:distance>8550.81</gpxdata:distance>
          <gpxdata:speed>0.958</gpxdata:speed>
        </extensions>
      </trkpt>
      <trkpt lat="47.3271092" lon="7.9171270">
        <ele>524.2</ele>
        <time>2026-09-15T12:38:14Z</time>
        <extensions>
          <gpxdata:distance>8710.06</gpxdata:distance>
          <gpxdata:speed>0.989</gpxdata:speed>
        </extensions>
      </trkpt>
      <trkpt lat="47.3270042" lon="7.9165570">
        <ele>521.5</ele>
        <time>2026-09-15T12:38:59Z</time>
        <extensions>
          <gpxdata:distance>8754.58</gpxdata:distance>
          <gpxdata:speed>0.979</gpxdata:speed>
        </extensions>
      </trkpt>
      <trkpt lat="47.3269602" lon="7.9163180">
        <ele>520.5</ele>
        <time>2026-09-15T12:39:18Z</time>
        <extensions>
          <gpxdata:distance>8773.24</gpxdata:distance>
          <gpxdata:speed>0.975</gpxdata:speed>
        </extensions>
      </trkpt>
      <trkpt lat="47.3269252" lon="7.9161590">
        <ele>520.2</ele>
        <time>2026-09-15T12:39:31Z</time>
        <extensions>
          <gpxdata:distance>8785.84</gpxdata:distance>
          <gpxdata:speed>0.973</gpxdata:speed>
        </extensions>
      </trkpt>
      <trkpt lat="47.3269252" lon="7.9161590">
        <ele>520.2</ele>
        <time>2026-09-15T12:39:31Z</time>
        <extensions>
          <gpxdata:distance>8785.84</gpxdata:distance>
          <gpxdata:speed>0.000</gpxdata:speed>
        </extensions>
      </trkpt>
      <trkpt lat="47.3268362" lon="7.9157880">
        <ele>518.7</ele>
        <time>2026-09-15T12:40:02Z</time>
        <extensions>
          <gpxdata:distance>8815.50</gpxdata:distance>
          <gpxdata:speed>0.965</gpxdata:speed>
        </extensions>
      </trkpt>
      <trkpt lat="47.3267572" lon="7.9154700">
        <ele>516.6</ele>
        <time>2026-09-15T12:40:29Z</time>
        <extensions>
          <gpxdata:distance>8841.03</gpxdata:distance>
          <gpxdata:speed>0.957</gpxdata:speed>
        </extensions>
      </trkpt>
      <trkpt lat="47.3267032" lon="7.9152580">
        <ele>515.1</ele>
        <time>2026-09-15T12:40:47Z</time>
        <extensions>
          <gpxdata:distance>8858.10</gpxdata:distance>
          <gpxdata:speed>0.952</gpxdata:speed>
        </extensions>
      </trkpt>
      <trkpt lat="47.3266592" lon="7.9151380">
        <ele>514.3</ele>
        <time>2026-09-15T12:40:58Z</time>
        <extensions>
          <gpxdata:distance>8868.38</gpxdata:distance>
          <gpxdata:speed>0.950</gpxdata:speed>
        </extensions>
      </trkpt>
      <trkpt lat="47.3266592" lon="7.9151380">
        <ele>514.3</ele>
        <time>2026-09-15T12:40:58Z</time>
        <extensions>
          <gpxdata:distance>8868.38</gpxdata:distance>
          <gpxdata:speed>0.000</gpxdata:speed>
        </extensions>
      </trkpt>
      <trkpt lat="47.3265612" lon="7.9149650">
        <ele>512.4</ele>
        <time>2026-09-15T12:41:16Z</time>
        <extensions>
          <gpxdata:distance>8885.38</gpxdata:distance>
          <gpxdata:speed>0.927</gpxdata:speed>
        </extensions>
      </trkpt>
      <trkpt lat="47.3264542" lon="7.9147530">
        <ele>509.5</ele>
        <time>2026-09-15T12:41:38Z</time>
        <extensions>
          <gpxdata:distance>8905.30</gpxdata:distance>
          <gpxdata:speed>0.912</gpxdata:speed>
        </extensions>
      </trkpt>
      <trkpt lat="47.3263293" lon="7.9144870">
        <ele>506.1</ele>
        <time>2026-09-15T12:42:05Z</time>
        <extensions>
          <gpxdata:distance>8929.69</gpxdata:distance>
          <gpxdata:speed>0.896</gpxdata:speed>
        </extensions>
      </trkpt>
      <trkpt lat="47.3262043" lon="7.9141950">
        <ele>503.0</ele>
        <time>2026-09-15T12:42:34Z</time>
        <extensions>
          <gpxdata:distance>8955.72</gpxdata:distance>
          <gpxdata:speed>0.896</gpxdata:speed>
        </extensions>
      </trkpt>
      <trkpt lat="47.3261333" lon="7.9140090">
        <ele>501.1</ele>
        <time>2026-09-15T12:42:52Z</time>
        <extensions>
          <gpxdata:distance>8971.81</gpxdata:distance>
          <gpxdata:speed>0.906</gpxdata:speed>
        </extensions>
      </trkpt>
      <trkpt lat="47.3260443" lon="7.9137830">
        <ele>498.7</ele>
        <time>2026-09-15T12:43:13Z</time>
        <extensions>
          <gpxdata:distance>8991.51</gpxdata:distance>
          <gpxdata:speed>0.912</gpxdata:speed>
        </extensions>
      </trkpt>
      <trkpt lat="47.3259643" lon="7.9135580">
        <ele>496.4</ele>
        <time>2026-09-15T12:43:34Z</time>
        <extensions>
          <gpxdata:distance>9010.66</gpxdata:distance>
          <gpxdata:speed>0.915</gpxdata:speed>
        </extensions>
      </trkpt>
      <trkpt lat="47.3259023" lon="7.9133980">
        <ele>494.5</ele>
        <time>2026-09-15T12:43:49Z</time>
        <extensions>
          <gpxdata:distance>9024.55</gpxdata:distance>
          <gpxdata:speed>0.919</gpxdata:speed>
        </extensions>
      </trkpt>
      <trkpt lat="47.3258303" lon="7.9132390">
        <ele>492.8</ele>
        <time>2026-09-15T12:44:05Z</time>
        <extensions>
          <gpxdata:distance>9038.96</gpxdata:distance>
          <gpxdata:speed>0.918</gpxdata:speed>
        </extensions>
      </trkpt>
      <trkpt lat="47.3258303" lon="7.9132390">
        <ele>492.8</ele>
        <time>2026-09-15T12:44:05Z</time>
        <extensions>
          <gpxdata:distance>9038.96</gpxdata:distance>
          <gpxdata:speed>0.000</gpxdata:speed>
        </extensions>
      </trkpt>
      <trkpt lat="47.3258043" lon="7.9131730">
        <ele>492.0</ele>
        <time>2026-09-15T12:44:11Z</time>
        <extensions>
          <gpxdata:distance>9044.71</gpxdata:distance>
          <gpxdata:speed>0.918</gpxdata:speed>
        </extensions>
      </trkpt>
      <trkpt lat="47.3258043" lon="7.9131730">
        <ele>492.0</ele>
        <time>2026-09-15T12:44:11Z</time>
        <extensions>
          <gpxdata:distance>9044.71</gpxdata:distance>
          <gpxdata:speed>0.000</gpxdata:speed>
        </extensions>
      </trkpt>
      <trkpt lat="47.3257063" lon="7.9128680">
        <ele>488.8</ele>
        <time>2026-09-15T12:44:39Z</time>
        <extensions>
          <gpxdata:distance>9070.15</gpxdata:distance>
          <gpxdata:speed>0.916</gpxdata:speed>
        </extensions>
      </trkpt>
      <trkpt lat="47.3255723" lon="7.9125090">
        <ele>485.8</ele>
        <time>2026-09-15T12:45:13Z</time>
        <extensions>
          <gpxdata:distance>9101.04</gpxdata:distance>
          <gpxdata:speed>0.911</gpxdata:speed>
        </extensions>
      </trkpt>
      <trkpt lat="47.3254483" lon="7.9121640">
        <ele>483.6</ele>
        <time>2026-09-15T12:45:46Z</time>
        <extensions>
          <gpxdata:distance>9130.48</gpxdata:distance>
          <gpxdata:speed>0.902</gpxdata:speed>
        </extensions>
      </trkpt>
      <trkpt lat="47.3253063" lon="7.9118060">
        <ele>481.9</ele>
        <time>2026-09-15T12:46:20Z</time>
        <extensions>
          <gpxdata:distance>9161.74</gpxdata:distance>
          <gpxdata:speed>0.899</gpxdata:speed>
        </extensions>
      </trkpt>
      <trkpt lat="47.3251373" lon="7.9113410">
        <ele>480.2</ele>
        <time>2026-09-15T12:47:04Z</time>
        <extensions>
          <gpxdata:distance>9201.51</gpxdata:distance>
          <gpxdata:speed>0.915</gpxdata:speed>
        </extensions>
      </trkpt>
      <trkpt lat="47.3250213" lon="7.9110360">
        <ele>479.2</ele>
        <time>2026-09-15T12:47:32Z</time>
        <extensions>
          <gpxdata:distance>9227.87</gpxdata:distance>
          <gpxdata:speed>0.924</gpxdata:speed>
        </extensions>
      </trkpt>
      <trkpt lat="47.3248783" lon="7.9107300">
        <ele>478.2</ele>
        <time>2026-09-15T12:48:03Z</time>
        <extensions>
          <gpxdata:distance>9255.88</gpxdata:distance>
          <gpxdata:speed>0.930</gpxdata:speed>
        </extensions>
      </trkpt>
      <trkpt lat="47.3248783" lon="7.9107300">
        <ele>478.2</ele>
        <time>2026-09-15T12:48:03Z</time>
        <extensions>
          <gpxdata:distance>9255.88</gpxdata:distance>
          <gpxdata:speed>0.000</gpxdata:speed>
        </extensions>
      </trkpt>
      <trkpt lat="47.3248603" lon="7.9106910">
        <ele>478.0</ele>
        <time>2026-09-15T12:48:06Z</time>
        <extensions>
          <gpxdata:distance>9259.44</gpxdata:distance>
          <gpxdata:speed>0.932</gpxdata:speed>
        </extensions>
      </trkpt>
      <trkpt lat="47.3246913" lon="7.9102660">
        <ele>477.1</ele>
        <time>2026-09-15T12:48:46Z</time>
        <extensions>
          <gpxdata:distance>9296.58</gpxdata:distance>
          <gpxdata:speed>0.946</gpxdata:speed>
        </extensions>
      </trkpt>
      <trkpt lat="47.3246473" lon="7.9101730">
        <ele>477.0</ele>
        <time>2026-09-15T12:48:55Z</time>
        <extensions>
          <gpxdata:distance>9305.12</gpxdata:distance>
          <gpxdata:speed>0.957</gpxdata:speed>
        </extensions>
      </trkpt>
      <trkpt lat="47.3246473" lon="7.9101730">
        <ele>477.0</ele>
        <time>2026-09-15T12:48:55Z</time>
        <extensions>
          <gpxdata:distance>9305.12</gpxdata:distance>
          <gpxdata:speed>0.000</gpxdata:speed>
        </extensions>
      </trkpt>
      <trkpt lat="47.3245133" lon="7.9098810">
        <ele>476.5</ele>
        <time>2026-09-15T12:49:22Z</time>
        <extensions>
          <gpxdata:distance>9331.70</gpxdata:distance>
          <gpxdata:speed>0.972</gpxdata:speed>
        </extensions>
      </trkpt>
      <trkpt lat="47.3245133" lon="7.9098810">
        <ele>476.5</ele>
        <time>2026-09-15T12:49:22Z</time>
        <extensions>
          <gpxdata:distance>9331.70</gpxdata:distance>
          <gpxdata:speed>0.000</gpxdata:speed>
        </extensions>
      </trkpt>
      <trkpt lat="47.3244683" lon="7.9098010">
        <ele>476.1</ele>
        <time>2026-09-15T12:49:30Z</time>
        <extensions>
          <gpxdata:distance>9339.54</gpxdata:distance>
          <gpxdata:speed>0.977</gpxdata:speed>
        </extensions>
      </trkpt>
      <trkpt lat="47.3244243" lon="7.9097210">
        <ele>475.8</ele>
        <time>2026-09-15T12:49:38Z</time>
        <extensions>
          <gpxdata:distance>9347.30</gpxdata:distance>
          <gpxdata:speed>0.979</gpxdata:speed>
        </extensions>
      </trkpt>
      <trkpt lat="47.3243703" lon="7.9096540">
        <ele>475.3</ele>
        <time>2026-09-15T12:49:46Z</time>
        <extensions>
          <gpxdata:distance>9355.15</gpxdata:distance>
          <gpxdata:speed>0.975</gpxdata:speed>
        </extensions>
      </trkpt>
      <trkpt lat="47.3243703" lon="7.9096540">
        <ele>475.3</ele>
        <time>2026-09-15T12:49:46Z</time>
        <extensions>
          <gpxdata:distance>9355.15</gpxdata:distance>
          <gpxdata:speed>0.000</gpxdata:speed>
        </extensions>
      </trkpt>
      <trkpt lat="47.3242453" lon="7.9094680">
        <ele>473.2</ele>
        <time>2026-09-15T12:50:07Z</time>
        <extensions>
          <gpxdata:distance>9374.89</gpxdata:distance>
          <gpxdata:speed>0.948</gpxdata:speed>
        </extensions>
      </trkpt>
      <trkpt lat="47.3241733" lon="7.9093750">
        <ele>471.9</ele>
        <time>2026-09-15T12:50:18Z</time>
        <extensions>
          <gpxdata:distance>9385.53</gpxdata:distance>
          <gpxdata:speed>0.934</gpxdata:speed>
        </extensions>
      </trkpt>
      <trkpt lat="47.3240933" lon="7.9092820">
        <ele>470.8</ele>
        <time>2026-09-15T12:50:30Z</time>
        <extensions>
          <gpxdata:distance>9396.86</gpxdata:distance>
          <gpxdata:speed>0.929</gpxdata:speed>
        </extensions>
      </trkpt>
      <trkpt lat="47.3240933" lon="7.9092820">
        <ele>470.8</ele>
        <time>2026-09-15T12:50:30Z</time>
        <extensions>
          <gpxdata:distance>9396.86</gpxdata:distance>
          <gpxdata:speed>0.000</gpxdata:speed>
        </extensions>
      </trkpt>
      <trkpt lat="47.3240213" lon="7.9091880">
        <ele>469.3</ele>
        <time>2026-09-15T12:50:42Z</time>
        <extensions>
          <gpxdata:distance>9407.55</gpxdata:distance>
          <gpxdata:speed>0.900</gpxdata:speed>
        </extensions>
      </trkpt>
      <trkpt lat="47.3239853" lon="7.9091480">
        <ele>468.4</ele>
        <time>2026-09-15T12:50:48Z</time>
        <extensions>
          <gpxdata:distance>9412.56</gpxdata:distance>
          <gpxdata:speed>0.899</gpxdata:speed>
        </extensions>
      </trkpt>
      <trkpt lat="47.3239673" lon="7.9090950">
        <ele>467.5</ele>
        <time>2026-09-15T12:50:53Z</time>
        <extensions>
          <gpxdata:distance>9417.03</gpxdata:distance>
          <gpxdata:speed>0.912</gpxdata:speed>
        </extensions>
      </trkpt>
      <trkpt lat="47.3239323" lon="7.9090290">
        <ele>466.6</ele>
        <time>2026-09-15T12:51:00Z</time>
        <extensions>
          <gpxdata:distance>9423.34</gpxdata:distance>
          <gpxdata:speed>0.920</gpxdata:speed>
        </extensions>
      </trkpt>
      <trkpt lat="47.3239053" lon="7.9089490">
        <ele>465.3</ele>
        <time>2026-09-15T12:51:07Z</time>
        <extensions>
          <gpxdata:distance>9430.08</gpxdata:distance>
          <gpxdata:speed>0.925</gpxdata:speed>
        </extensions>
      </trkpt>
      <trkpt lat="47.3238783" lon="7.9088700">
        <ele>464.1</ele>
        <time>2026-09-15T12:51:14Z</time>
        <extensions>
          <gpxdata:distance>9436.75</gpxdata:distance>
          <gpxdata:speed>0.937</gpxdata:speed>
        </extensions>
      </trkpt>
      <trkpt lat="47.3238523" lon="7.9087900">
        <ele>463.0</ele>
        <time>2026-09-15T12:51:21Z</time>
        <extensions>
          <gpxdata:distance>9443.43</gpxdata:distance>
          <gpxdata:speed>0.935</gpxdata:speed>
        </extensions>
      </trkpt>
      <trkpt lat="47.3237813" lon="7.9085380">
        <ele>459.4</ele>
        <time>2026-09-15T12:51:44Z</time>
        <extensions>
          <gpxdata:distance>9464.00</gpxdata:distance>
          <gpxdata:speed>0.913</gpxdata:speed>
        </extensions>
      </trkpt>
      <trkpt lat="47.3236303" lon="7.9080080">
        <ele>454.2</ele>
        <time>2026-09-15T12:52:30Z</time>
        <extensions>
          <gpxdata:distance>9507.34</gpxdata:distance>
          <gpxdata:speed>0.940</gpxdata:speed>
        </extensions>
      </trkpt>
      <trkpt lat="47.3235243" lon="7.9076100">
        <ele>451.0</ele>
        <time>2026-09-15T12:53:04Z</time>
        <extensions>
          <gpxdata:distance>9539.57</gpxdata:distance>
          <gpxdata:speed>0.930</gpxdata:speed>
        </extensions>
      </trkpt>
      <trkpt lat="47.3235063" lon="7.9075700">
        <ele>450.4</ele>
        <time>2026-09-15T12:53:08Z</time>
        <extensions>
          <gpxdata:distance>9543.19</gpxdata:distance>
          <gpxdata:speed>0.929</gpxdata:speed>
        </extensions>
      </trkpt>
      <trkpt lat="47.3234973" lon="7.9075440">
        <ele>450.2</ele>
        <time>2026-09-15T12:53:11Z</time>
        <extensions>
          <gpxdata:distance>9545.39</gpxdata:distance>
          <gpxdata:speed>0.926</gpxdata:speed>
        </extensions>
      </trkpt>
      <trkpt lat="47.3234703" lon="7.9075300">
        <ele>450.1</ele>
        <time>2026-09-15T12:53:14Z</time>
        <extensions>
          <gpxdata:distance>9548.57</gpxdata:distance>
          <gpxdata:speed>0.923</gpxdata:speed>
        </extensions>
      </trkpt>
      <trkpt lat="47.3234433" lon="7.9075170">
        <ele>450.0</ele>
        <time>2026-09-15T12:53:18Z</time>
        <extensions>
          <gpxdata:distance>9551.73</gpxdata:distance>
          <gpxdata:speed>0.918</gpxdata:speed>
        </extensions>
      </trkpt>
      <trkpt lat="47.3234433" lon="7.9075170">
        <ele>450.0</ele>
        <time>2026-09-15T12:53:18Z</time>
        <extensions>
          <gpxdata:distance>9551.73</gpxdata:distance>
          <gpxdata:speed>0.000</gpxdata:speed>
        </extensions>
      </trkpt>
      <trkpt lat="47.3234443" lon="7.9073580">
        <ele>449.5</ele>
        <time>2026-09-15T12:53:31Z</time>
        <extensions>
          <gpxdata:distance>9563.71</gpxdata:distance>
          <gpxdata:speed>0.906</gpxdata:speed>
        </extensions>
      </trkpt>
      <trkpt lat="47.3234443" lon="7.9073580">
        <ele>449.5</ele>
        <time>2026-09-15T12:53:31Z</time>
        <extensions>
          <gpxdata:distance>9563.71</gpxdata:distance>
          <gpxdata:speed>0.000</gpxdata:speed>
        </extensions>
      </trkpt>
      <trkpt lat="47.3234443" lon="7.9072260">
        <ele>448.3</ele>
        <time>2026-09-15T12:53:42Z</time>
        <extensions>
          <gpxdata:distance>9573.66</gpxdata:distance>
          <gpxdata:speed>0.906</gpxdata:speed>
        </extensions>
      </trkpt>
      <trkpt lat="47.3234363" lon="7.9071200">
        <ele>447.0</ele>
        <time>2026-09-15T12:53:51Z</time>
        <extensions>
          <gpxdata:distance>9581.70</gpxdata:distance>
          <gpxdata:speed>0.900</gpxdata:speed>
        </extensions>
      </trkpt>
      <trkpt lat="47.3234193" lon="7.9069340">
        <ele>444.9</ele>
        <time>2026-09-15T12:54:07Z</time>
        <extensions>
          <gpxdata:distance>9595.85</gpxdata:distance>
          <gpxdata:speed>0.898</gpxdata:speed>
        </extensions>
      </trkpt>
      <trkpt lat="47.3234103" lon="7.9068680">
        <ele>444.2</ele>
        <time>2026-09-15T12:54:12Z</time>
        <extensions>
          <gpxdata:distance>9600.92</gpxdata:distance>
          <gpxdata:speed>0.902</gpxdata:speed>
        </extensions>
      </trkpt>
      <trkpt lat="47.3234103" lon="7.9068280">
        <ele>443.7</ele>
        <time>2026-09-15T12:54:15Z</time>
        <extensions>
          <gpxdata:distance>9603.94</gpxdata:distance>
          <gpxdata:speed>0.909</gpxdata:speed>
        </extensions>
      </trkpt>
      <trkpt lat="47.3234194" lon="7.9067620">
        <ele>443.0</ele>
        <time>2026-09-15T12:54:21Z</time>
        <extensions>
          <gpxdata:distance>9609.02</gpxdata:distance>
          <gpxdata:speed>0.915</gpxdata:speed>
        </extensions>
      </trkpt>
      <trkpt lat="47.3234384" lon="7.9066830">
        <ele>441.8</ele>
        <time>2026-09-15T12:54:28Z</time>
        <extensions>
          <gpxdata:distance>9615.33</gpxdata:distance>
          <gpxdata:speed>0.921</gpxdata:speed>
        </extensions>
      </trkpt>
      <trkpt lat="47.3234744" lon="7.9065910">
        <ele>440.6</ele>
        <time>2026-09-15T12:54:36Z</time>
        <extensions>
          <gpxdata:distance>9623.34</gpxdata:distance>
          <gpxdata:speed>0.939</gpxdata:speed>
        </extensions>
      </trkpt>
      <trkpt lat="47.3234744" lon="7.9065910">
        <ele>440.6</ele>
        <time>2026-09-15T12:54:36Z</time>
        <extensions>
          <gpxdata:distance>9623.34</gpxdata:distance>
          <gpxdata:speed>0.000</gpxdata:speed>
        </extensions>
      </trkpt>
      <trkpt lat="47.3235104" lon="7.9065910">
        <ele>441.1</ele>
        <time>2026-09-15T12:54:41Z</time>
        <extensions>
          <gpxdata:distance>9627.34</gpxdata:distance>
          <gpxdata:speed>0.926</gpxdata:speed>
        </extensions>
      </trkpt>
      <trkpt lat="47.3235464" lon="7.9065780">
        <ele>441.5</ele>
        <time>2026-09-15T12:54:45Z</time>
        <extensions>
          <gpxdata:distance>9631.46</gpxdata:distance>
          <gpxdata:speed>0.904</gpxdata:speed>
        </extensions>
      </trkpt>
      <trkpt lat="47.3235824" lon="7.9065390">
        <ele>441.7</ele>
        <time>2026-09-15T12:54:51Z</time>
        <extensions>
          <gpxdata:distance>9636.43</gpxdata:distance>
          <gpxdata:speed>0.917</gpxdata:speed>
        </extensions>
      </trkpt>
      <trkpt lat="47.3236284" lon="7.9064070">
        <ele>442.6</ele>
        <time>2026-09-15T12:55:02Z</time>
        <extensions>
          <gpxdata:distance>9647.62</gpxdata:distance>
          <gpxdata:speed>0.968</gpxdata:speed>
        </extensions>
      </trkpt>
      <trkpt lat="47.3236734" lon="7.9062620">
        <ele>443.3</ele>
        <time>2026-09-15T12:55:14Z</time>
        <extensions>
          <gpxdata:distance>9659.64</gpxdata:distance>
          <gpxdata:speed>1.003</gpxdata:speed>
        </extensions>
      </trkpt>
      <trkpt lat="47.3237014" lon="7.9061170">
        <ele>443.6</ele>
        <time>2026-09-15T12:55:26Z</time>
        <extensions>
          <gpxdata:distance>9671.00</gpxdata:distance>
          <gpxdata:speed>0.988</gpxdata:speed>
        </extensions>
      </trkpt>
      <trkpt lat="47.3237014" lon="7.9061170">
        <ele>443.6</ele>
        <time>2026-09-15T12:55:26Z</time>
        <extensions>
          <gpxdata:distance>9671.00</gpxdata:distance>
          <gpxdata:speed>0.000</gpxdata:speed>
        </extensions>
      </trkpt>
      <trkpt lat="47.3237014" lon="7.9060770">
        <ele>443.6</ele>
        <time>2026-09-15T12:55:29Z</time>
        <extensions>
          <gpxdata:distance>9674.02</gpxdata:distance>
          <gpxdata:speed>0.861</gpxdata:speed>
        </extensions>
      </trkpt>
      <trkpt lat="47.3237014" lon="7.9060240">
        <ele>443.6</ele>
        <time>2026-09-15T12:55:34Z</time>
        <extensions>
          <gpxdata:distance>9678.01</gpxdata:distance>
          <gpxdata:speed>0.873</gpxdata:speed>
        </extensions>
      </trkpt>
      <trkpt lat="47.3237014" lon="7.9059580">
        <ele>443.7</ele>
        <time>2026-09-15T12:55:39Z</time>
        <extensions>
          <gpxdata:distance>9682.99</gpxdata:distance>
          <gpxdata:speed>0.894</gpxdata:speed>
        </extensions>
      </trkpt>
      <trkpt lat="47.3236664" lon="7.9058120">
        <ele>444.5</ele>
        <time>2026-09-15T12:55:52Z</time>
        <extensions>
          <gpxdata:distance>9694.66</gpxdata:distance>
          <gpxdata:speed>0.892</gpxdata:speed>
        </extensions>
      </trkpt>
      <trkpt lat="47.3236664" lon="7.9058120">
        <ele>444.5</ele>
        <time>2026-09-15T12:55:52Z</time>
        <extensions>
          <gpxdata:distance>9694.66</gpxdata:distance>
          <gpxdata:speed>0.000</gpxdata:speed>
        </extensions>
      </trkpt>
      <trkpt lat="47.3236484" lon="7.9056930">
        <ele>445.3</ele>
        <time>2026-09-15T12:56:03Z</time>
        <extensions>
          <gpxdata:distance>9703.85</gpxdata:distance>
          <gpxdata:speed>0.891</gpxdata:speed>
        </extensions>
      </trkpt>
      <trkpt lat="47.3236314" lon="7.9056000">
        <ele>445.6</ele>
        <time>2026-09-15T12:56:11Z</time>
        <extensions>
          <gpxdata:distance>9711.11</gpxdata:distance>
          <gpxdata:speed>0.899</gpxdata:speed>
        </extensions>
      </trkpt>
      <trkpt lat="47.3236314" lon="7.9055470">
        <ele>445.6</ele>
        <time>2026-09-15T12:56:15Z</time>
        <extensions>
          <gpxdata:distance>9715.10</gpxdata:distance>
          <gpxdata:speed>0.897</gpxdata:speed>
        </extensions>
      </trkpt>
      <trkpt lat="47.3236404" lon="7.9054940">
        <ele>445.5</ele>
        <time>2026-09-15T12:56:20Z</time>
        <extensions>
          <gpxdata:distance>9719.22</gpxdata:distance>
          <gpxdata:speed>0.912</gpxdata:speed>
        </extensions>
      </trkpt>
      <trkpt lat="47.3236404" lon="7.9054420">
        <ele>445.3</ele>
        <time>2026-09-15T12:56:24Z</time>
        <extensions>
          <gpxdata:distance>9723.14</gpxdata:distance>
          <gpxdata:speed>0.925</gpxdata:speed>
        </extensions>
      </trkpt>
      <trkpt lat="47.3236404" lon="7.9054420">
        <ele>445.3</ele>
        <time>2026-09-15T12:56:24Z</time>
        <extensions>
          <gpxdata:distance>9723.14</gpxdata:distance>
          <gpxdata:speed>0.000</gpxdata:speed>
        </extensions>
      </trkpt>
      <trkpt lat="47.3236054" lon="7.9052690">
        <ele>444.6</ele>
        <time>2026-09-15T12:56:38Z</time>
        <extensions>
          <gpxdata:distance>9736.75</gpxdata:distance>
          <gpxdata:speed>0.970</gpxdata:speed>
        </extensions>
      </trkpt>
      <trkpt lat="47.3235524" lon="7.9050700">
        <ele>444.1</ele>
        <time>2026-09-15T12:56:54Z</time>
        <extensions>
          <gpxdata:distance>9752.87</gpxdata:distance>
          <gpxdata:speed>1.004</gpxdata:speed>
        </extensions>
      </trkpt>
      <trkpt lat="47.3234454" lon="7.9047520">
        <ele>443.8</ele>
        <time>2026-09-15T12:57:21Z</time>
        <extensions>
          <gpxdata:distance>9779.63</gpxdata:distance>
          <gpxdata:speed>1.002</gpxdata:speed>
        </extensions>
      </trkpt>
      <trkpt lat="47.3232854" lon="7.9043800">
        <ele>443.8</ele>
        <time>2026-09-15T12:57:54Z</time>
        <extensions>
          <gpxdata:distance>9812.83</gpxdata:distance>
          <gpxdata:speed>0.995</gpxdata:speed>
        </extensions>
      </trkpt>
      <trkpt lat="47.3231344" lon="7.9040080">
        <ele>443.9</ele>
        <time>2026-09-15T12:58:27Z</time>
        <extensions>
          <gpxdata:distance>9845.52</gpxdata:distance>
          <gpxdata:speed>0.996</gpxdata:speed>
        </extensions>
      </trkpt>
      <trkpt lat="47.3230274" lon="7.9037300">
        <ele>443.8</ele>
        <time>2026-09-15T12:58:51Z</time>
        <extensions>
          <gpxdata:distance>9869.61</gpxdata:distance>
          <gpxdata:speed>0.997</gpxdata:speed>
        </extensions>
      </trkpt>
      <trkpt lat="47.3229374" lon="7.9035700">
        <ele>443.9</ele>
        <time>2026-09-15T12:59:07Z</time>
        <extensions>
          <gpxdata:distance>9885.28</gpxdata:distance>
          <gpxdata:speed>1.000</gpxdata:speed>
        </extensions>
      </trkpt>
      <trkpt lat="47.3229374" lon="7.9035700">
        <ele>443.9</ele>
        <time>2026-09-15T12:59:07Z</time>
        <extensions>
          <gpxdata:distance>9885.28</gpxdata:distance>
          <gpxdata:speed>0.000</gpxdata:speed>
        </extensions>
      </trkpt>
      <trkpt lat="47.3229474" lon="7.9035040">
        <ele>443.2</ele>
        <time>2026-09-15T12:59:12Z</time>
        <extensions>
          <gpxdata:distance>9890.38</gpxdata:distance>
          <gpxdata:speed>0.996</gpxdata:speed>
        </extensions>
      </trkpt>
      <trkpt lat="47.3229384" lon="7.9034640">
        <ele>442.7</ele>
        <time>2026-09-15T12:59:15Z</time>
        <extensions>
          <gpxdata:distance>9893.56</gpxdata:distance>
          <gpxdata:speed>0.997</gpxdata:speed>
        </extensions>
      </trkpt>
      <trkpt lat="47.3229114" lon="7.9033720">
        <ele>441.5</ele>
        <time>2026-09-15T12:59:23Z</time>
        <extensions>
          <gpxdata:distance>9901.11</gpxdata:distance>
          <gpxdata:speed>0.990</gpxdata:speed>
        </extensions>
      </trkpt>
      <trkpt lat="47.3228404" lon="7.9031330">
        <ele>438.7</ele>
        <time>2026-09-15T12:59:43Z</time>
        <extensions>
          <gpxdata:distance>9920.78</gpxdata:distance>
          <gpxdata:speed>0.966</gpxdata:speed>
        </extensions>
      </trkpt>
      <trkpt lat="47.3227784" lon="7.9029070">
        <ele>436.2</ele>
        <time>2026-09-15T13:00:03Z</time>
        <extensions>
          <gpxdata:distance>9939.16</gpxdata:distance>
          <gpxdata:speed>0.937</gpxdata:speed>
        </extensions>
      </trkpt>
      <trkpt lat="47.3226544" lon="7.9024570">
        <ele>430.4</ele>
        <time>2026-09-15T13:00:44Z</time>
        <extensions>
          <gpxdata:distance>9975.77</gpxdata:distance>
          <gpxdata:speed>0.898</gpxdata:speed>
        </extensions>
      </trkpt>
      <trkpt lat="47.3226284" lon="7.9023240">
        <ele>428.8</ele>
        <time>2026-09-15T13:00:55Z</time>
        <extensions>
          <gpxdata:distance>9986.21</gpxdata:distance>
          <gpxdata:speed>0.921</gpxdata:speed>
        </extensions>
      </trkpt>
      <trkpt lat="47.3226104" lon="7.9022310">
        <ele>427.6</ele>
        <time>2026-09-15T13:01:03Z</time>
        <extensions>
          <gpxdata:distance>9993.50</gpxdata:distance>
          <gpxdata:speed>0.939</gpxdata:speed>
        </extensions>
      </trkpt>
      <trkpt lat="47.3225934" lon="7.9020860">
        <ele>425.8</ele>
        <time>2026-09-15T13:01:14Z</time>
        <extensions>
          <gpxdata:distance>10004.59</gpxdata:distance>
          <gpxdata:speed>0.938</gpxdata:speed>
        </extensions>
      </trkpt>
      <trkpt lat="47.3225494" lon="7.9017150">
        <ele>421.2</ele>
        <time>2026-09-15T13:01:45Z</time>
        <extensions>
          <gpxdata:distance>10032.98</gpxdata:distance>
          <gpxdata:speed>0.934</gpxdata:speed>
        </extensions>
      </trkpt>
      <trkpt lat="47.3225314" lon="7.9016620">
        <ele>420.7</ele>
        <time>2026-09-15T13:01:50Z</time>
        <extensions>
          <gpxdata:distance>10037.45</gpxdata:distance>
          <gpxdata:speed>0.936</gpxdata:speed>
        </extensions>
      </trkpt>
      <trkpt lat="47.3225224" lon="7.9016350">
        <ele>420.4</ele>
        <time>2026-09-15T13:01:52Z</time>
        <extensions>
          <gpxdata:distance>10039.71</gpxdata:distance>
          <gpxdata:speed>0.937</gpxdata:speed>
        </extensions>
      </trkpt>
      <trkpt lat="47.3225144" lon="7.9016090">
        <ele>420.3</ele>
        <time>2026-09-15T13:01:54Z</time>
        <extensions>
          <gpxdata:distance>10041.87</gpxdata:distance>
          <gpxdata:speed>0.937</gpxdata:speed>
        </extensions>
      </trkpt>
      <trkpt lat="47.3225054" lon="7.9015950">
        <ele>420.2</ele>
        <time>2026-09-15T13:01:56Z</time>
        <extensions>
          <gpxdata:distance>10043.32</gpxdata:distance>
          <gpxdata:speed>0.935</gpxdata:speed>
        </extensions>
      </trkpt>
      <trkpt lat="47.3224604" lon="7.9015690">
        <ele>420.0</ele>
        <time>2026-09-15T13:02:02Z</time>
        <extensions>
          <gpxdata:distance>10048.70</gpxdata:distance>
          <gpxdata:speed>0.933</gpxdata:speed>
        </extensions>
      </trkpt>
      <trkpt lat="47.3223974" lon="7.9015150">
        <ele>419.8</ele>
        <time>2026-09-15T13:02:11Z</time>
        <extensions>
          <gpxdata:distance>10056.80</gpxdata:distance>
          <gpxdata:speed>0.920</gpxdata:speed>
        </extensions>
      </trkpt>
      <trkpt lat="47.3222894" lon="7.9014350">
        <ele>419.7</ele>
        <time>2026-09-15T13:02:25Z</time>
        <extensions>
          <gpxdata:distance>10070.24</gpxdata:distance>
          <gpxdata:speed>0.897</gpxdata:speed>
        </extensions>
      </trkpt>
      <trkpt lat="47.3222454" lon="7.9013950">
        <ele>419.6</ele>
        <time>2026-09-15T13:02:32Z</time>
        <extensions>
          <gpxdata:distance>10075.98</gpxdata:distance>
          <gpxdata:speed>0.909</gpxdata:speed>
        </extensions>
      </trkpt>
      <trkpt lat="47.3222184" lon="7.9013550">
        <ele>419.6</ele>
        <time>2026-09-15T13:02:36Z</time>
        <extensions>
          <gpxdata:distance>10080.24</gpxdata:distance>
          <gpxdata:speed>0.969</gpxdata:speed>
        </extensions>
      </trkpt>
      <trkpt lat="47.3221914" lon="7.9013150">
        <ele>419.4</ele>
        <time>2026-09-15T13:02:41Z</time>
        <extensions>
          <gpxdata:distance>10084.49</gpxdata:distance>
          <gpxdata:speed>0.977</gpxdata:speed>
        </extensions>
      </trkpt>
      <trkpt lat="47.3221464" lon="7.9012480">
        <ele>419.2</ele>
        <time>2026-09-15T13:02:48Z</time>
        <extensions>
          <gpxdata:distance>10091.60</gpxdata:distance>
          <gpxdata:speed>0.983</gpxdata:speed>
        </extensions>
      </trkpt>
      <trkpt lat="47.3221104" lon="7.9011950">
        <ele>418.8</ele>
        <time>2026-09-15T13:02:54Z</time>
        <extensions>
          <gpxdata:distance>10097.26</gpxdata:distance>
          <gpxdata:speed>0.978</gpxdata:speed>
        </extensions>
      </trkpt>
      <trkpt lat="47.3220664" lon="7.9011020">
        <ele>418.1</ele>
        <time>2026-09-15T13:03:02Z</time>
        <extensions>
          <gpxdata:distance>10105.81</gpxdata:distance>
          <gpxdata:speed>0.969</gpxdata:speed>
        </extensions>
      </trkpt>
      <trkpt lat="47.3219504" lon="7.9008760">
        <ele>416.0</ele>
        <time>2026-09-15T13:03:25Z</time>
        <extensions>
          <gpxdata:distance>10127.17</gpxdata:distance>
          <gpxdata:speed>0.947</gpxdata:speed>
        </extensions>
      </trkpt>
      <trkpt lat="47.3217984" lon="7.9005310">
        <ele>412.5</ele>
        <time>2026-09-15T13:03:59Z</time>
        <extensions>
          <gpxdata:distance>10158.19</gpxdata:distance>
          <gpxdata:speed>0.924</gpxdata:speed>
        </extensions>
      </trkpt>
      <trkpt lat="47.3217094" lon="7.9003060">
        <ele>409.2</ele>
        <time>2026-09-15T13:04:20Z</time>
        <extensions>
          <gpxdata:distance>10177.82</gpxdata:distance>
          <gpxdata:speed>0.897</gpxdata:speed>
        </extensions>
      </trkpt>
      <trkpt lat="47.3216914" lon="7.9002520">
        <ele>408.3</ele>
        <time>2026-09-15T13:04:25Z</time>
        <extensions>
          <gpxdata:distance>10182.36</gpxdata:distance>
          <gpxdata:speed>0.900</gpxdata:speed>
        </extensions>
      </trkpt>
      <trkpt lat="47.3216914" lon="7.9002520">
        <ele>408.3</ele>
        <time>2026-09-15T13:04:25Z</time>
        <extensions>
          <gpxdata:distance>10182.36</gpxdata:distance>
          <gpxdata:speed>0.000</gpxdata:speed>
        </extensions>
      </trkpt>
      <trkpt lat="47.3216744" lon="7.9002130">
        <ele>407.6</ele>
        <time>2026-09-15T13:04:29Z</time>
        <extensions>
          <gpxdata:distance>10185.85</gpxdata:distance>
          <gpxdata:speed>0.909</gpxdata:speed>
        </extensions>
      </trkpt>
      <trkpt lat="47.3216654" lon="7.9001730">
        <ele>407.0</ele>
        <time>2026-09-15T13:04:33Z</time>
        <extensions>
          <gpxdata:distance>10189.03</gpxdata:distance>
          <gpxdata:speed>0.917</gpxdata:speed>
        </extensions>
      </trkpt>
      <trkpt lat="47.3216564" lon="7.9000930">
        <ele>405.4</ele>
        <time>2026-09-15T13:04:39Z</time>
        <extensions>
          <gpxdata:distance>10195.14</gpxdata:distance>
          <gpxdata:speed>0.928</gpxdata:speed>
        </extensions>
      </trkpt>
      <trkpt lat="47.3216564" lon="7.9000410">
        <ele>404.4</ele>
        <time>2026-09-15T13:04:44Z</time>
        <extensions>
          <gpxdata:distance>10199.06</gpxdata:distance>
          <gpxdata:speed>0.937</gpxdata:speed>
        </extensions>
      </trkpt>
      <trkpt lat="47.3216564" lon="7.9000140">
        <ele>404.0</ele>
        <time>2026-09-15T13:04:46Z</time>
        <extensions>
          <gpxdata:distance>10201.10</gpxdata:distance>
          <gpxdata:speed>0.923</gpxdata:speed>
        </extensions>
      </trkpt>
      <trkpt lat="47.3216564" lon="7.9000010">
        <ele>403.7</ele>
        <time>2026-09-15T13:04:47Z</time>
        <extensions>
          <gpxdata:distance>10202.08</gpxdata:distance>
          <gpxdata:speed>0.872</gpxdata:speed>
        </extensions>
      </trkpt>
      <trkpt lat="47.3217114" lon="7.8998950">
        <ele>401.5</ele>
        <time>2026-09-15T13:04:58Z</time>
        <extensions>
          <gpxdata:distance>10212.14</gpxdata:distance>
          <gpxdata:speed>0.872</gpxdata:speed>
        </extensions>
      </trkpt>
      <trkpt lat="47.3217114" lon="7.8998820">
        <ele>401.0</ele>
        <time>2026-09-15T13:05:00Z</time>
        <extensions>
          <gpxdata:distance>10213.12</gpxdata:distance>
          <gpxdata:speed>0.872</gpxdata:speed>
        </extensions>
      </trkpt>
      <trkpt lat="47.3217204" lon="7.8998690">
        <ele>400.9</ele>
        <time>2026-09-15T13:05:01Z</time>
        <extensions>
          <gpxdata:distance>10214.52</gpxdata:distance>
          <gpxdata:speed>0.872</gpxdata:speed>
        </extensions>
      </trkpt>
      <trkpt lat="47.3217204" lon="7.8998690">
        <ele>400.9</ele>
        <time>2026-09-15T13:05:01Z</time>
        <extensions>
          <gpxdata:distance>10214.52</gpxdata:distance>
          <gpxdata:speed>0.000</gpxdata:speed>
        </extensions>
      </trkpt>
      <trkpt lat="47.3217474" lon="7.8998690">
        <ele>401.1</ele>
        <time>2026-09-15T13:05:05Z</time>
        <extensions>
          <gpxdata:distance>10217.52</gpxdata:distance>
          <gpxdata:speed>0.872</gpxdata:speed>
        </extensions>
      </trkpt>
      <trkpt lat="47.3217744" lon="7.8998430">
        <ele>401.2</ele>
        <time>2026-09-15T13:05:08Z</time>
        <extensions>
          <gpxdata:distance>10221.11</gpxdata:distance>
          <gpxdata:speed>0.924</gpxdata:speed>
        </extensions>
      </trkpt>
      <trkpt lat="47.3218194" lon="7.8997770">
        <ele>401.3</ele>
        <time>2026-09-15T13:05:16Z</time>
        <extensions>
          <gpxdata:distance>10228.16</gpxdata:distance>
          <gpxdata:speed>0.900</gpxdata:speed>
        </extensions>
      </trkpt>
      <trkpt lat="47.3218744" lon="7.8996720">
        <ele>401.5</ele>
        <time>2026-09-15T13:05:27Z</time>
        <extensions>
          <gpxdata:distance>10238.17</gpxdata:distance>
          <gpxdata:speed>0.929</gpxdata:speed>
        </extensions>
      </trkpt>
      <trkpt lat="47.3218744" lon="7.8996720">
        <ele>401.5</ele>
        <time>2026-09-15T13:05:27Z</time>
        <extensions>
          <gpxdata:distance>10238.17</gpxdata:distance>
          <gpxdata:speed>0.000</gpxdata:speed>
        </extensions>
      </trkpt>
      <trkpt lat="47.3218564" lon="7.8996320">
        <ele>401.3</ele>
        <time>2026-09-15T13:05:31Z</time>
        <extensions>
          <gpxdata:distance>10241.79</gpxdata:distance>
          <gpxdata:speed>1.004</gpxdata:speed>
        </extensions>
      </trkpt>
      <trkpt lat="47.3218114" lon="7.8995790">
        <ele>400.9</ele>
        <time>2026-09-15T13:05:37Z</time>
        <extensions>
          <gpxdata:distance>10248.19</gpxdata:distance>
          <gpxdata:speed>1.009</gpxdata:speed>
        </extensions>
      </trkpt>
      <trkpt lat="47.3217224" lon="7.8994860">
        <ele>400.4</ele>
        <time>2026-09-15T13:05:49Z</time>
        <extensions>
          <gpxdata:distance>10260.32</gpxdata:distance>
          <gpxdata:speed>0.998</gpxdata:speed>
        </extensions>
      </trkpt>
      <trkpt lat="47.3215604" lon="7.8993120">
        <ele>399.2</ele>
        <time>2026-09-15T13:06:12Z</time>
        <extensions>
          <gpxdata:distance>10282.60</gpxdata:distance>
          <gpxdata:speed>0.980</gpxdata:speed>
        </extensions>
      </trkpt>
      <trkpt lat="47.3215334" lon="7.8992720">
        <ele>399.0</ele>
        <time>2026-09-15T13:06:16Z</time>
        <extensions>
          <gpxdata:distance>10286.85</gpxdata:distance>
          <gpxdata:speed>0.973</gpxdata:speed>
        </extensions>
      </trkpt>
      <trkpt lat="47.3215345" lon="7.8992330">
        <ele>398.9</ele>
        <time>2026-09-15T13:06:19Z</time>
        <extensions>
          <gpxdata:distance>10289.80</gpxdata:distance>
          <gpxdata:speed>0.969</gpxdata:speed>
        </extensions>
      </trkpt>
      <trkpt lat="47.3216065" lon="7.8990220">
        <ele>398.2</ele>
        <time>2026-09-15T13:06:38Z</time>
        <extensions>
          <gpxdata:distance>10307.60</gpxdata:distance>
          <gpxdata:speed>0.962</gpxdata:speed>
        </extensions>
      </trkpt>
      <trkpt lat="47.3216255" lon="7.8989420">
        <ele>398.2</ele>
        <time>2026-09-15T13:06:44Z</time>
        <extensions>
          <gpxdata:distance>10313.99</gpxdata:distance>
          <gpxdata:speed>0.956</gpxdata:speed>
        </extensions>
      </trkpt>
      <trkpt lat="47.3216255" lon="7.8989420">
        <ele>398.2</ele>
        <time>2026-09-15T13:06:44Z</time>
        <extensions>
          <gpxdata:distance>10313.99</gpxdata:distance>
          <gpxdata:speed>0.000</gpxdata:speed>
        </extensions>
      </trkpt>
      <trkpt lat="47.3214815" lon="7.8989010">
        <ele>397.8</ele>
        <time>2026-09-15T13:07:01Z</time>
        <extensions>
          <gpxdata:distance>10330.30</gpxdata:distance>
          <gpxdata:speed>0.962</gpxdata:speed>
        </extensions>
      </trkpt>
      <trkpt lat="47.3208885" lon="7.8987770">
        <ele>397.0</ele>
        <time>2026-09-15T13:08:09Z</time>
        <extensions>
          <gpxdata:distance>10396.90</gpxdata:distance>
          <gpxdata:speed>0.979</gpxdata:speed>
        </extensions>
      </trkpt>
      <trkpt lat="47.3208885" lon="7.8987770">
        <ele>397.0</ele>
        <time>2026-09-15T13:08:09Z</time>
        <extensions>
          <gpxdata:distance>10396.90</gpxdata:distance>
          <gpxdata:speed>0.000</gpxdata:speed>
        </extensions>
      </trkpt>
      <trkpt lat="47.3208435" lon="7.8987640">
        <ele>397.1</ele>
        <time>2026-09-15T13:08:15Z</time>
        <extensions>
          <gpxdata:distance>10402.00</gpxdata:distance>
          <gpxdata:speed>0.990</gpxdata:speed>
        </extensions>
      </trkpt>
      <trkpt lat="47.3208075" lon="7.8987630">
        <ele>397.1</ele>
        <time>2026-09-15T13:08:19Z</time>
        <extensions>
          <gpxdata:distance>10406.00</gpxdata:distance>
          <gpxdata:speed>0.992</gpxdata:speed>
        </extensions>
      </trkpt>
      <trkpt lat="47.3208075" lon="7.8987630">
        <ele>397.1</ele>
        <time>2026-09-15T13:08:19Z</time>
        <extensions>
          <gpxdata:distance>10406.00</gpxdata:distance>
          <gpxdata:speed>0.000</gpxdata:speed>
        </extensions>
      </trkpt>
      <trkpt lat="47.3207534" lon="7.8987630">
        <ele>397.1</ele>
        <time>2026-09-15T13:08:25Z</time>
        <extensions>
          <gpxdata:distance>10412.01</gpxdata:distance>
          <gpxdata:speed>0.999</gpxdata:speed>
        </extensions>
      </trkpt>
      <trkpt lat="47.3206634" lon="7.8987749">
        <ele>397.2</ele>
        <time>2026-09-15T13:08:35Z</time>
        <extensions>
          <gpxdata:distance>10422.06</gpxdata:distance>
          <gpxdata:speed>1.000</gpxdata:speed>
        </extensions>
      </trkpt>
      <trkpt lat="47.3206184" lon="7.8987749">
        <ele>397.3</ele>
        <time>2026-09-15T13:08:40Z</time>
        <extensions>
          <gpxdata:distance>10427.07</gpxdata:distance>
          <gpxdata:speed>1.002</gpxdata:speed>
        </extensions>
      </trkpt>
      <trkpt lat="47.3205914" lon="7.8987749">
        <ele>397.3</ele>
        <time>2026-09-15T13:08:43Z</time>
        <extensions>
          <gpxdata:distance>10430.07</gpxdata:distance>
          <gpxdata:speed>1.006</gpxdata:speed>
        </extensions>
      </trkpt>
      <trkpt lat="47.3205464" lon="7.8987609">
        <ele>397.3</ele>
        <time>2026-09-15T13:08:48Z</time>
        <extensions>
          <gpxdata:distance>10435.18</gpxdata:distance>
          <gpxdata:speed>0.992</gpxdata:speed>
        </extensions>
      </trkpt>
      <trkpt lat="47.3204564" lon="7.8987209">
        <ele>397.3</ele>
        <time>2026-09-15T13:08:58Z</time>
        <extensions>
          <gpxdata:distance>10445.63</gpxdata:distance>
          <gpxdata:speed>0.997</gpxdata:speed>
        </extensions>
      </trkpt>
      <trkpt lat="47.3204564" lon="7.8987209">
        <ele>397.3</ele>
        <time>2026-09-15T13:08:58Z</time>
        <extensions>
          <gpxdata:distance>10445.63</gpxdata:distance>
          <gpxdata:speed>0.000</gpxdata:speed>
        </extensions>
      </trkpt>
      <trkpt lat="47.3204654" lon="7.8986809">
        <ele>397.4</ele>
        <time>2026-09-15T13:09:02Z</time>
        <extensions>
          <gpxdata:distance>10448.81</gpxdata:distance>
          <gpxdata:speed>0.995</gpxdata:speed>
        </extensions>
      </trkpt>
      <trkpt lat="47.3204664" lon="7.8986679">
        <ele>397.5</ele>
        <time>2026-09-15T13:09:03Z</time>
        <extensions>
          <gpxdata:distance>10449.80</gpxdata:distance>
          <gpxdata:speed>0.989</gpxdata:speed>
        </extensions>
      </trkpt>
      <trkpt lat="47.3204484" lon="7.8985879">
        <ele>397.6</ele>
        <time>2026-09-15T13:09:09Z</time>
        <extensions>
          <gpxdata:distance>10456.15</gpxdata:distance>
          <gpxdata:speed>0.984</gpxdata:speed>
        </extensions>
      </trkpt>
      <trkpt lat="47.3204304" lon="7.8985349">
        <ele>397.8</ele>
        <time>2026-09-15T13:09:14Z</time>
        <extensions>
          <gpxdata:distance>10460.62</gpxdata:distance>
          <gpxdata:speed>0.973</gpxdata:speed>
        </extensions>
      </trkpt>
      <trkpt lat="47.3204304" lon="7.8985349">
        <ele>397.8</ele>
        <time>2026-09-15T13:09:14Z</time>
        <extensions>
          <gpxdata:distance>10460.62</gpxdata:distance>
          <gpxdata:speed>0.000</gpxdata:speed>
        </extensions>
      </trkpt>
      <trkpt lat="47.3202975" lon="7.8980579">
        <ele>399.8</ele>
        <time>2026-09-15T13:09:56Z</time>
        <extensions>
          <gpxdata:distance>10499.49</gpxdata:distance>
          <gpxdata:speed>0.921</gpxdata:speed>
        </extensions>
      </trkpt>
      <trkpt lat="47.3202975" lon="7.8980579">
        <ele>399.8</ele>
        <time>2026-09-15T13:09:56Z</time>
        <extensions>
          <gpxdata:distance>10499.49</gpxdata:distance>
          <gpxdata:speed>0.000</gpxdata:speed>
        </extensions>
      </trkpt>
      <trkpt lat="47.3201735" lon="7.8976339">
        <ele>401.5</ele>
        <time>2026-09-15T13:10:35Z</time>
        <extensions>
          <gpxdata:distance>10534.30</gpxdata:distance>
          <gpxdata:speed>0.892</gpxdata:speed>
        </extensions>
      </trkpt>
      <trkpt lat="47.3201735" lon="7.8976339">
        <ele>401.5</ele>
        <time>2026-09-15T13:10:35Z</time>
        <extensions>
          <gpxdata:distance>10534.30</gpxdata:distance>
          <gpxdata:speed>0.000</gpxdata:speed>
        </extensions>
      </trkpt>
      <trkpt lat="47.3201645" lon="7.8975539">
        <ele>401.8</ele>
        <time>2026-09-15T13:10:42Z</time>
        <extensions>
          <gpxdata:distance>10540.41</gpxdata:distance>
          <gpxdata:speed>0.890</gpxdata:speed>
        </extensions>
      </trkpt>
      <trkpt lat="47.3201555" lon="7.8975009">
        <ele>402.0</ele>
        <time>2026-09-15T13:10:46Z</time>
        <extensions>
          <gpxdata:distance>10544.53</gpxdata:distance>
          <gpxdata:speed>0.892</gpxdata:speed>
        </extensions>
      </trkpt>
      <trkpt lat="47.3201565" lon="7.8974479">
        <ele>402.1</ele>
        <time>2026-09-15T13:10:51Z</time>
        <extensions>
          <gpxdata:distance>10548.53</gpxdata:distance>
          <gpxdata:speed>0.889</gpxdata:speed>
        </extensions>
      </trkpt>
      <trkpt lat="47.3201835" lon="7.8972899">
        <ele>402.7</ele>
        <time>2026-09-15T13:11:05Z</time>
        <extensions>
          <gpxdata:distance>10560.81</gpxdata:distance>
          <gpxdata:speed>0.888</gpxdata:speed>
        </extensions>
      </trkpt>
      <trkpt lat="47.3201935" lon="7.8971969">
        <ele>403.1</ele>
        <time>2026-09-15T13:11:13Z</time>
        <extensions>
          <gpxdata:distance>10567.91</gpxdata:distance>
          <gpxdata:speed>0.887</gpxdata:speed>
        </extensions>
      </trkpt>
      <trkpt lat="47.3201935" lon="7.8971309">
        <ele>403.3</ele>
        <time>2026-09-15T13:11:18Z</time>
        <extensions>
          <gpxdata:distance>10572.88</gpxdata:distance>
          <gpxdata:speed>0.891</gpxdata:speed>
        </extensions>
      </trkpt>
      <trkpt lat="47.3201755" lon="7.8970519">
        <ele>403.7</ele>
        <time>2026-09-15T13:11:25Z</time>
        <extensions>
          <gpxdata:distance>10579.17</gpxdata:distance>
          <gpxdata:speed>0.888</gpxdata:speed>
        </extensions>
      </trkpt>
      <trkpt lat="47.3201495" lon="7.8969459">
        <ele>404.1</ele>
        <time>2026-09-15T13:11:35Z</time>
        <extensions>
          <gpxdata:distance>10587.66</gpxdata:distance>
          <gpxdata:speed>0.889</gpxdata:speed>
        </extensions>
      </trkpt>
      <trkpt lat="47.3201315" lon="7.8968789">
        <ele>404.4</ele>
        <time>2026-09-15T13:11:41Z</time>
        <extensions>
          <gpxdata:distance>10593.10</gpxdata:distance>
          <gpxdata:speed>0.887</gpxdata:speed>
        </extensions>
      </trkpt>
      <trkpt lat="47.3201135" lon="7.8968389">
        <ele>404.6</ele>
        <time>2026-09-15T13:11:45Z</time>
        <extensions>
          <gpxdata:distance>10596.72</gpxdata:distance>
          <gpxdata:speed>0.886</gpxdata:speed>
        </extensions>
      </trkpt>
      <trkpt lat="47.3200865" lon="7.8968129">
        <ele>404.8</ele>
        <time>2026-09-15T13:11:49Z</time>
        <extensions>
          <gpxdata:distance>10600.30</gpxdata:distance>
          <gpxdata:speed>0.885</gpxdata:speed>
        </extensions>
      </trkpt>
      <trkpt lat="47.3200415" lon="7.8967589">
        <ele>405.0</ele>
        <time>2026-09-15T13:11:56Z</time>
        <extensions>
          <gpxdata:distance>10606.75</gpxdata:distance>
          <gpxdata:speed>0.886</gpxdata:speed>
        </extensions>
      </trkpt>
      <trkpt lat="47.3200415" lon="7.8967589">
        <ele>405.0</ele>
        <time>2026-09-15T13:11:56Z</time>
        <extensions>
          <gpxdata:distance>10606.75</gpxdata:distance>
          <gpxdata:speed>0.000</gpxdata:speed>
        </extensions>
      </trkpt>
      <trkpt lat="47.3200965" lon="7.8965879">
        <ele>405.6</ele>
        <time>2026-09-15T13:12:12Z</time>
        <extensions>
          <gpxdata:distance>10621.02</gpxdata:distance>
          <gpxdata:speed>0.893</gpxdata:speed>
        </extensions>
      </trkpt>
      <trkpt lat="47.3201425" lon="7.8963769">
        <ele>406.3</ele>
        <time>2026-09-15T13:12:31Z</time>
        <extensions>
          <gpxdata:distance>10637.73</gpxdata:distance>
          <gpxdata:speed>0.895</gpxdata:speed>
        </extensions>
      </trkpt>
      <trkpt lat="47.3201425" lon="7.8963769">
        <ele>406.3</ele>
        <time>2026-09-15T13:12:31Z</time>
        <extensions>
          <gpxdata:distance>10637.73</gpxdata:distance>
          <gpxdata:speed>0.000</gpxdata:speed>
        </extensions>
      </trkpt>
      <trkpt lat="47.3200795" lon="7.8963359">
        <ele>406.7</ele>
        <time>2026-09-15T13:12:40Z</time>
        <extensions>
          <gpxdata:distance>10645.38</gpxdata:distance>
          <gpxdata:speed>0.898</gpxdata:speed>
        </extensions>
      </trkpt>
      <trkpt lat="47.3199985" lon="7.8962699">
        <ele>407.9</ele>
        <time>2026-09-15T13:12:51Z</time>
        <extensions>
          <gpxdata:distance>10655.67</gpxdata:distance>
          <gpxdata:speed>0.870</gpxdata:speed>
        </extensions>
      </trkpt>
      <trkpt lat="47.3199185" lon="7.8962029">
        <ele>409.6</ele>
        <time>2026-09-15T13:13:04Z</time>
        <extensions>
          <gpxdata:distance>10665.90</gpxdata:distance>
          <gpxdata:speed>0.827</gpxdata:speed>
        </extensions>
      </trkpt>
      <trkpt lat="47.3198735" lon="7.8961629">
        <ele>410.6</ele>
        <time>2026-09-15T13:13:11Z</time>
        <extensions>
          <gpxdata:distance>10671.74</gpxdata:distance>
          <gpxdata:speed>0.803</gpxdata:speed>
        </extensions>
      </trkpt>
      <trkpt lat="47.3198465" lon="7.8961099">
        <ele>411.5</ele>
        <time>2026-09-15T13:13:17Z</time>
        <extensions>
          <gpxdata:distance>10676.74</gpxdata:distance>
          <gpxdata:speed>0.773</gpxdata:speed>
        </extensions>
      </trkpt>
      <trkpt lat="47.3198195" lon="7.8960559">
        <ele>412.2</ele>
        <time>2026-09-15T13:13:24Z</time>
        <extensions>
          <gpxdata:distance>10681.80</gpxdata:distance>
          <gpxdata:speed>0.765</gpxdata:speed>
        </extensions>
      </trkpt>
      <trkpt lat="47.3198025" lon="7.8959899">
        <ele>413.1</ele>
        <time>2026-09-15T13:13:31Z</time>
        <extensions>
          <gpxdata:distance>10687.12</gpxdata:distance>
          <gpxdata:speed>0.721</gpxdata:speed>
        </extensions>
      </trkpt>
      <trkpt lat="47.3197845" lon="7.8959109">
        <ele>414.0</ele>
        <time>2026-09-15T13:13:41Z</time>
        <extensions>
          <gpxdata:distance>10693.40</gpxdata:distance>
          <gpxdata:speed>0.659</gpxdata:speed>
        </extensions>
      </trkpt>
      <trkpt lat="47.3197755" lon="7.8958309">
        <ele>414.9</ele>
        <time>2026-09-15T13:13:50Z</time>
        <extensions>
          <gpxdata:distance>10699.52</gpxdata:distance>
          <gpxdata:speed>0.657</gpxdata:speed>
        </extensions>
      </trkpt>
      <trkpt lat="47.3197765" lon="7.8957389">
        <ele>416.0</ele>
        <time>2026-09-15T13:14:01Z</time>
        <extensions>
          <gpxdata:distance>10706.45</gpxdata:distance>
          <gpxdata:speed>0.631</gpxdata:speed>
        </extensions>
      </trkpt>
      <trkpt lat="47.3197675" lon="7.8956059">
        <ele>417.5</ele>
        <time>2026-09-15T13:14:17Z</time>
        <extensions>
          <gpxdata:distance>10716.53</gpxdata:distance>
          <gpxdata:speed>0.633</gpxdata:speed>
        </extensions>
      </trkpt>
      <trkpt lat="47.3197775" lon="7.8952889">
        <ele>421.3</ele>
        <time>2026-09-15T13:14:55Z</time>
        <extensions>
          <gpxdata:distance>10740.45</gpxdata:distance>
          <gpxdata:speed>0.633</gpxdata:speed>
        </extensions>
      </trkpt>
      <trkpt lat="47.3197785" lon="7.8951959">
        <ele>422.5</ele>
        <time>2026-09-15T13:15:06Z</time>
        <extensions>
          <gpxdata:distance>10747.46</gpxdata:distance>
          <gpxdata:speed>0.633</gpxdata:speed>
        </extensions>
      </trkpt>
      <trkpt lat="47.3197695" lon="7.8951429">
        <ele>423.3</ele>
        <time>2026-09-15T13:15:13Z</time>
        <extensions>
          <gpxdata:distance>10751.58</gpxdata:distance>
          <gpxdata:speed>0.633</gpxdata:speed>
        </extensions>
      </trkpt>
      <trkpt lat="47.3197695" lon="7.8950899">
        <ele>424.1</ele>
        <time>2026-09-15T13:15:19Z</time>
        <extensions>
          <gpxdata:distance>10755.57</gpxdata:distance>
          <gpxdata:speed>0.634</gpxdata:speed>
        </extensions>
      </trkpt>
      <trkpt lat="47.3197695" lon="7.8950899">
        <ele>424.1</ele>
        <time>2026-09-15T13:15:19Z</time>
        <extensions>
          <gpxdata:distance>10755.57</gpxdata:distance>
          <gpxdata:speed>0.000</gpxdata:speed>
        </extensions>
      </trkpt>
      <trkpt lat="47.3197875" lon="7.8950509">
        <ele>424.7</ele>
        <time>2026-09-15T13:15:24Z</time>
        <extensions>
          <gpxdata:distance>10759.13</gpxdata:distance>
          <gpxdata:speed>0.635</gpxdata:speed>
        </extensions>
      </trkpt>
      <trkpt lat="47.3198155" lon="7.8949319">
        <ele>426.6</ele>
        <time>2026-09-15T13:15:39Z</time>
        <extensions>
          <gpxdata:distance>10768.63</gpxdata:distance>
          <gpxdata:speed>0.637</gpxdata:speed>
        </extensions>
      </trkpt>
      <trkpt lat="47.3198425" lon="7.8947739">
        <ele>429.1</ele>
        <time>2026-09-15T13:15:59Z</time>
        <extensions>
          <gpxdata:distance>10780.91</gpxdata:distance>
          <gpxdata:speed>0.640</gpxdata:speed>
        </extensions>
      </trkpt>
      <trkpt lat="47.3198885" lon="7.8945889">
        <ele>432.0</ele>
        <time>2026-09-15T13:16:22Z</time>
        <extensions>
          <gpxdata:distance>10795.76</gpxdata:distance>
          <gpxdata:speed>0.643</gpxdata:speed>
        </extensions>
      </trkpt>
      <trkpt lat="47.3199525" lon="7.8943509">
        <ele>435.7</ele>
        <time>2026-09-15T13:16:52Z</time>
        <extensions>
          <gpxdata:distance>10815.06</gpxdata:distance>
          <gpxdata:speed>0.646</gpxdata:speed>
        </extensions>
      </trkpt>
      <trkpt lat="47.3200615" lon="7.8939419">
        <ele>442.0</ele>
        <time>2026-09-15T13:17:43Z</time>
        <extensions>
          <gpxdata:distance>10848.19</gpxdata:distance>
          <gpxdata:speed>0.646</gpxdata:speed>
        </extensions>
      </trkpt>
      <trkpt lat="47.3200895" lon="7.8938229">
        <ele>444.4</ele>
        <time>2026-09-15T13:17:57Z</time>
        <extensions>
          <gpxdata:distance>10857.68</gpxdata:distance>
          <gpxdata:speed>0.648</gpxdata:speed>
        </extensions>
      </trkpt>
      <trkpt lat="47.3201075" lon="7.8937569">
        <ele>446.9</ele>
        <time>2026-09-15T13:18:06Z</time>
        <extensions>
          <gpxdata:distance>10863.05</gpxdata:distance>
          <gpxdata:speed>0.603</gpxdata:speed>
        </extensions>
      </trkpt>
      <trkpt lat="47.3201075" lon="7.8936909">
        <ele>447.2</ele>
        <time>2026-09-15T13:18:14Z</time>
        <extensions>
          <gpxdata:distance>10868.02</gpxdata:distance>
          <gpxdata:speed>0.628</gpxdata:speed>
        </extensions>
      </trkpt>
      <trkpt lat="47.3201075" lon="7.8936909">
        <ele>447.2</ele>
        <time>2026-09-15T13:18:14Z</time>
        <extensions>
          <gpxdata:distance>10868.02</gpxdata:distance>
          <gpxdata:speed>0.000</gpxdata:speed>
        </extensions>
      </trkpt>
      <trkpt lat="47.3201795" lon="7.8937049">
        <ele>448.0</ele>
        <time>2026-09-15T13:18:27Z</time>
        <extensions>
          <gpxdata:distance>10876.10</gpxdata:distance>
          <gpxdata:speed>0.648</gpxdata:speed>
        </extensions>
      </trkpt>
      <trkpt lat="47.3203055" lon="7.8937459">
        <ele>449.5</ele>
        <time>2026-09-15T13:18:49Z</time>
        <extensions>
          <gpxdata:distance>10890.44</gpxdata:distance>
          <gpxdata:speed>0.644</gpxdata:speed>
        </extensions>
      </trkpt>
      <trkpt lat="47.3204765" lon="7.8937869">
        <ele>450.7</ele>
        <time>2026-09-15T13:19:19Z</time>
        <extensions>
          <gpxdata:distance>10909.71</gpxdata:distance>
          <gpxdata:speed>0.636</gpxdata:speed>
        </extensions>
      </trkpt>
      <trkpt lat="47.3205665" lon="7.8938009">
        <ele>451.0</ele>
        <time>2026-09-15T13:19:35Z</time>
        <extensions>
          <gpxdata:distance>10919.77</gpxdata:distance>
          <gpxdata:speed>0.640</gpxdata:speed>
        </extensions>
      </trkpt>
      <trkpt lat="47.3206115" lon="7.8937879">
        <ele>451.1</ele>
        <time>2026-09-15T13:19:42Z</time>
        <extensions>
          <gpxdata:distance>10924.87</gpxdata:distance>
          <gpxdata:speed>0.708</gpxdata:speed>
        </extensions>
      </trkpt>
      <trkpt lat="47.3206385" lon="7.8937749">
        <ele>451.2</ele>
        <time>2026-09-15T13:19:46Z</time>
        <extensions>
          <gpxdata:distance>10928.03</gpxdata:distance>
          <gpxdata:speed>0.763</gpxdata:speed>
        </extensions>
      </trkpt>
      <trkpt lat="47.3206565" lon="7.8937489">
        <ele>451.4</ele>
        <time>2026-09-15T13:19:50Z</time>
        <extensions>
          <gpxdata:distance>10930.83</gpxdata:distance>
          <gpxdata:speed>0.842</gpxdata:speed>
        </extensions>
      </trkpt>
      <trkpt lat="47.3206655" lon="7.8936829">
        <ele>451.6</ele>
        <time>2026-09-15T13:19:56Z</time>
        <extensions>
          <gpxdata:distance>10935.90</gpxdata:distance>
          <gpxdata:speed>0.846</gpxdata:speed>
        </extensions>
      </trkpt>
      <trkpt lat="47.3206655" lon="7.8936169">
        <ele>451.8</ele>
        <time>2026-09-15T13:20:02Z</time>
        <extensions>
          <gpxdata:distance>10940.88</gpxdata:distance>
          <gpxdata:speed>0.851</gpxdata:speed>
        </extensions>
      </trkpt>
      <trkpt lat="47.3206655" lon="7.8936169">
        <ele>451.8</ele>
        <time>2026-09-15T13:20:02Z</time>
        <extensions>
          <gpxdata:distance>10940.88</gpxdata:distance>
          <gpxdata:speed>0.000</gpxdata:speed>
        </extensions>
      </trkpt>
      <trkpt lat="47.3206755" lon="7.8935769">
        <ele>452.0</ele>
        <time>2026-09-15T13:20:05Z</time>
        <extensions>
          <gpxdata:distance>10944.09</gpxdata:distance>
          <gpxdata:speed>0.894</gpxdata:speed>
        </extensions>
      </trkpt>
      <trkpt lat="47.3207025" lon="7.8935509">
        <ele>452.2</ele>
        <time>2026-09-15T13:20:09Z</time>
        <extensions>
          <gpxdata:distance>10947.68</gpxdata:distance>
          <gpxdata:speed>0.912</gpxdata:speed>
        </extensions>
      </trkpt>
      <trkpt lat="47.3207565" lon="7.8935249">
        <ele>453.3</ele>
        <time>2026-09-15T13:20:17Z</time>
        <extensions>
          <gpxdata:distance>10953.99</gpxdata:distance>
          <gpxdata:speed>0.840</gpxdata:speed>
        </extensions>
      </trkpt>
      <trkpt lat="47.3208285" lon="7.8934729">
        <ele>454.8</ele>
        <time>2026-09-15T13:20:28Z</time>
        <extensions>
          <gpxdata:distance>10962.91</gpxdata:distance>
          <gpxdata:speed>0.761</gpxdata:speed>
        </extensions>
      </trkpt>
      <trkpt lat="47.3209095" lon="7.8933940">
        <ele>456.8</ele>
        <time>2026-09-15T13:20:44Z</time>
        <extensions>
          <gpxdata:distance>10973.70</gpxdata:distance>
          <gpxdata:speed>0.698</gpxdata:speed>
        </extensions>
      </trkpt>
      <trkpt lat="47.3210815" lon="7.8932500">
        <ele>461.2</ele>
        <time>2026-09-15T13:21:19Z</time>
        <extensions>
          <gpxdata:distance>10995.69</gpxdata:distance>
          <gpxdata:speed>0.631</gpxdata:speed>
        </extensions>
      </trkpt>
      <trkpt lat="47.3213335" lon="7.8930270">
        <ele>466.6</ele>
        <time>2026-09-15T13:22:10Z</time>
        <extensions>
          <gpxdata:distance>11028.37</gpxdata:distance>
          <gpxdata:speed>0.635</gpxdata:speed>
        </extensions>
      </trkpt>
      <trkpt lat="47.3213695" lon="7.8930140">
        <ele>466.7</ele>
        <time>2026-09-15T13:22:17Z</time>
        <extensions>
          <gpxdata:distance>11032.49</gpxdata:distance>
          <gpxdata:speed>0.635</gpxdata:speed>
        </extensions>
      </trkpt>
      <trkpt lat="47.3213695" lon="7.8930140">
        <ele>466.7</ele>
        <time>2026-09-15T13:22:17Z</time>
        <extensions>
          <gpxdata:distance>11032.49</gpxdata:distance>
          <gpxdata:speed>0.000</gpxdata:speed>
        </extensions>
      </trkpt>
      <trkpt lat="47.3214235" lon="7.8929880">
        <ele>466.2</ele>
        <time>2026-09-15T13:22:27Z</time>
        <extensions>
          <gpxdata:distance>11038.81</gpxdata:distance>
          <gpxdata:speed>0.630</gpxdata:speed>
        </extensions>
      </trkpt>
      <trkpt lat="47.3215955" lon="7.8929240">
        <ele>464.7</ele>
        <time>2026-09-15T13:22:54Z</time>
        <extensions>
          <gpxdata:distance>11058.53</gpxdata:distance>
          <gpxdata:speed>0.722</gpxdata:speed>
        </extensions>
      </trkpt>
      <trkpt lat="47.3217395" lon="7.8928980">
        <ele>465.1</ele>
        <time>2026-09-15T13:23:15Z</time>
        <extensions>
          <gpxdata:distance>11074.66</gpxdata:distance>
          <gpxdata:speed>0.760</gpxdata:speed>
        </extensions>
      </trkpt>
      <trkpt lat="47.3218115" lon="7.8928720">
        <ele>465.6</ele>
        <time>2026-09-15T13:23:26Z</time>
        <extensions>
          <gpxdata:distance>11082.90</gpxdata:distance>
          <gpxdata:speed>0.780</gpxdata:speed>
        </extensions>
      </trkpt>
      <trkpt lat="47.3218835" lon="7.8928470">
        <ele>466.5</ele>
        <time>2026-09-15T13:23:36Z</time>
        <extensions>
          <gpxdata:distance>11091.13</gpxdata:distance>
          <gpxdata:speed>0.800</gpxdata:speed>
        </extensions>
      </trkpt>
      <trkpt lat="47.3219285" lon="7.8928070">
        <ele>467.1</ele>
        <time>2026-09-15T13:23:43Z</time>
        <extensions>
          <gpxdata:distance>11096.97</gpxdata:distance>
          <gpxdata:speed>0.864</gpxdata:speed>
        </extensions>
      </trkpt>
      <trkpt lat="47.3219825" lon="7.8927420">
        <ele>467.9</ele>
        <time>2026-09-15T13:23:51Z</time>
        <extensions>
          <gpxdata:distance>11104.72</gpxdata:distance>
          <gpxdata:speed>0.969</gpxdata:speed>
        </extensions>
      </trkpt>
      <trkpt lat="47.3220095" lon="7.8927150">
        <ele>468.5</ele>
        <time>2026-09-15T13:23:55Z</time>
        <extensions>
          <gpxdata:distance>11108.35</gpxdata:distance>
          <gpxdata:speed>0.952</gpxdata:speed>
        </extensions>
      </trkpt>
      <trkpt lat="47.3220455" lon="7.8926890">
        <ele>469.0</ele>
        <time>2026-09-15T13:23:59Z</time>
        <extensions>
          <gpxdata:distance>11112.80</gpxdata:distance>
          <gpxdata:speed>0.940</gpxdata:speed>
        </extensions>
      </trkpt>
      <trkpt lat="47.3220815" lon="7.8926630">
        <ele>469.6</ele>
        <time>2026-09-15T13:24:04Z</time>
        <extensions>
          <gpxdata:distance>11117.26</gpxdata:distance>
          <gpxdata:speed>0.902</gpxdata:speed>
        </extensions>
      </trkpt>
      <trkpt lat="47.3221265" lon="7.8926500">
        <ele>470.3</ele>
        <time>2026-09-15T13:24:11Z</time>
        <extensions>
          <gpxdata:distance>11122.36</gpxdata:distance>
          <gpxdata:speed>0.786</gpxdata:speed>
        </extensions>
      </trkpt>
      <trkpt lat="47.3222075" lon="7.8926510">
        <ele>471.8</ele>
        <time>2026-09-15T13:24:23Z</time>
        <extensions>
          <gpxdata:distance>11131.37</gpxdata:distance>
          <gpxdata:speed>0.709</gpxdata:speed>
        </extensions>
      </trkpt>
      <trkpt lat="47.3223245" lon="7.8926520">
        <ele>474.4</ele>
        <time>2026-09-15T13:24:44Z</time>
        <extensions>
          <gpxdata:distance>11144.38</gpxdata:distance>
          <gpxdata:speed>0.647</gpxdata:speed>
        </extensions>
      </trkpt>
      <trkpt lat="47.3223785" lon="7.8926660">
        <ele>475.5</ele>
        <time>2026-09-15T13:24:53Z</time>
        <extensions>
          <gpxdata:distance>11150.47</gpxdata:distance>
          <gpxdata:speed>0.631</gpxdata:speed>
        </extensions>
      </trkpt>
      <trkpt lat="47.3224235" lon="7.8926530">
        <ele>476.1</ele>
        <time>2026-09-15T13:25:01Z</time>
        <extensions>
          <gpxdata:distance>11155.57</gpxdata:distance>
          <gpxdata:speed>0.632</gpxdata:speed>
        </extensions>
      </trkpt>
      <trkpt lat="47.3224955" lon="7.8926400">
        <ele>477.4</ele>
        <time>2026-09-15T13:25:14Z</time>
        <extensions>
          <gpxdata:distance>11163.64</gpxdata:distance>
          <gpxdata:speed>0.634</gpxdata:speed>
        </extensions>
      </trkpt>
      <trkpt lat="47.3225585" lon="7.8926140">
        <ele>478.0</ele>
        <time>2026-09-15T13:25:26Z</time>
        <extensions>
          <gpxdata:distance>11170.91</gpxdata:distance>
          <gpxdata:speed>0.631</gpxdata:speed>
        </extensions>
      </trkpt>
      <trkpt lat="47.3226215" lon="7.8925750">
        <ele>478.1</ele>
        <time>2026-09-15T13:25:37Z</time>
        <extensions>
          <gpxdata:distance>11178.51</gpxdata:distance>
          <gpxdata:speed>0.659</gpxdata:speed>
        </extensions>
      </trkpt>
      <trkpt lat="47.3227115" lon="7.8925230">
        <ele>478.1</ele>
        <time>2026-09-15T13:25:52Z</time>
        <extensions>
          <gpxdata:distance>11189.26</gpxdata:distance>
          <gpxdata:speed>0.709</gpxdata:speed>
        </extensions>
      </trkpt>
      <trkpt lat="47.3229375" lon="7.8923930">
        <ele>480.4</ele>
        <time>2026-09-15T13:26:29Z</time>
        <extensions>
          <gpxdata:distance>11216.23</gpxdata:distance>
          <gpxdata:speed>0.735</gpxdata:speed>
        </extensions>
      </trkpt>
      <trkpt lat="47.3231175" lon="7.8922880">
        <ele>482.4</ele>
        <time>2026-09-15T13:26:57Z</time>
        <extensions>
          <gpxdata:distance>11237.75</gpxdata:distance>
          <gpxdata:speed>0.755</gpxdata:speed>
        </extensions>
      </trkpt>
      <trkpt lat="47.3231715" lon="7.8922760">
        <ele>482.6</ele>
        <time>2026-09-15T13:27:05Z</time>
        <extensions>
          <gpxdata:distance>11243.83</gpxdata:distance>
          <gpxdata:speed>0.800</gpxdata:speed>
        </extensions>
      </trkpt>
      <trkpt lat="47.3236665" lon="7.8921870">
        <ele>484.3</ele>
        <time>2026-09-15T13:28:09Z</time>
        <extensions>
          <gpxdata:distance>11299.27</gpxdata:distance>
          <gpxdata:speed>0.861</gpxdata:speed>
        </extensions>
      </trkpt>
      <trkpt lat="47.3237115" lon="7.8921880">
        <ele>484.5</ele>
        <time>2026-09-15T13:28:15Z</time>
        <extensions>
          <gpxdata:distance>11304.28</gpxdata:distance>
          <gpxdata:speed>0.868</gpxdata:speed>
        </extensions>
      </trkpt>
      <trkpt lat="47.3237745" lon="7.8922010">
        <ele>484.7</ele>
        <time>2026-09-15T13:28:23Z</time>
        <extensions>
          <gpxdata:distance>11311.35</gpxdata:distance>
          <gpxdata:speed>0.887</gpxdata:speed>
        </extensions>
      </trkpt>
      <trkpt lat="47.3239095" lon="7.8922160">
        <ele>485.8</ele>
        <time>2026-09-15T13:28:40Z</time>
        <extensions>
          <gpxdata:distance>11326.41</gpxdata:distance>
          <gpxdata:speed>0.885</gpxdata:speed>
        </extensions>
      </trkpt>
      <trkpt lat="47.3241795" lon="7.8922180">
        <ele>485.4</ele>
        <time>2026-09-15T13:29:13Z</time>
        <extensions>
          <gpxdata:distance>11356.43</gpxdata:distance>
          <gpxdata:speed>0.908</gpxdata:speed>
        </extensions>
      </trkpt>
      <trkpt lat="47.3243325" lon="7.8922190">
        <ele>485.2</ele>
        <time>2026-09-15T13:29:32Z</time>
        <extensions>
          <gpxdata:distance>11373.44</gpxdata:distance>
          <gpxdata:speed>0.915</gpxdata:speed>
        </extensions>
      </trkpt>
      <trkpt lat="47.3244675" lon="7.8922340">
        <ele>484.8</ele>
        <time>2026-09-15T13:29:48Z</time>
        <extensions>
          <gpxdata:distance>11388.50</gpxdata:distance>
          <gpxdata:speed>0.948</gpxdata:speed>
        </extensions>
      </trkpt>
      <trkpt lat="47.3244675" lon="7.8922340">
        <ele>484.8</ele>
        <time>2026-09-15T13:29:48Z</time>
        <extensions>
          <gpxdata:distance>11388.50</gpxdata:distance>
          <gpxdata:speed>0.000</gpxdata:speed>
        </extensions>
      </trkpt>
      <trkpt lat="47.3248175" lon="7.8922760">
        <ele>482.9</ele>
        <time>2026-09-15T13:30:26Z</time>
        <extensions>
          <gpxdata:distance>11427.54</gpxdata:distance>
          <gpxdata:speed>1.008</gpxdata:speed>
        </extensions>
      </trkpt>
      <trkpt lat="47.3250065" lon="7.8923040">
        <ele>482.2</ele>
        <time>2026-09-15T13:30:48Z</time>
        <extensions>
          <gpxdata:distance>11448.66</gpxdata:distance>
          <gpxdata:speed>0.994</gpxdata:speed>
        </extensions>
      </trkpt>
      <trkpt lat="47.3250605" lon="7.8923310">
        <ele>481.9</ele>
        <time>2026-09-15T13:30:54Z</time>
        <extensions>
          <gpxdata:distance>11455.00</gpxdata:distance>
          <gpxdata:speed>0.990</gpxdata:speed>
        </extensions>
      </trkpt>
      <trkpt lat="47.3251145" lon="7.8923580">
        <ele>481.6</ele>
        <time>2026-09-15T13:31:00Z</time>
        <extensions>
          <gpxdata:distance>11461.34</gpxdata:distance>
          <gpxdata:speed>0.986</gpxdata:speed>
        </extensions>
      </trkpt>
      <trkpt lat="47.3252125" lon="7.8923990">
        <ele>480.8</ele>
        <time>2026-09-15T13:31:12Z</time>
        <extensions>
          <gpxdata:distance>11472.67</gpxdata:distance>
          <gpxdata:speed>0.968</gpxdata:speed>
        </extensions>
      </trkpt>
      <trkpt lat="47.3253295" lon="7.8924390">
        <ele>479.8</ele>
        <time>2026-09-15T13:31:26Z</time>
        <extensions>
          <gpxdata:distance>11486.03</gpxdata:distance>
          <gpxdata:speed>0.957</gpxdata:speed>
        </extensions>
      </trkpt>
      <trkpt lat="47.3254645" lon="7.8924800">
        <ele>478.8</ele>
        <time>2026-09-15T13:31:42Z</time>
        <extensions>
          <gpxdata:distance>11501.35</gpxdata:distance>
          <gpxdata:speed>0.948</gpxdata:speed>
        </extensions>
      </trkpt>
      <trkpt lat="47.3255275" lon="7.8924940">
        <ele>478.5</ele>
        <time>2026-09-15T13:31:50Z</time>
        <extensions>
          <gpxdata:distance>11508.44</gpxdata:distance>
          <gpxdata:speed>0.945</gpxdata:speed>
        </extensions>
      </trkpt>
      <trkpt lat="47.3255905" lon="7.8925340">
        <ele>477.7</ele>
        <time>2026-09-15T13:31:58Z</time>
        <extensions>
          <gpxdata:distance>11516.06</gpxdata:distance>
          <gpxdata:speed>0.942</gpxdata:speed>
        </extensions>
      </trkpt>
      <trkpt lat="47.3256445" lon="7.8925610">
        <ele>477.2</ele>
        <time>2026-09-15T13:32:05Z</time>
        <extensions>
          <gpxdata:distance>11522.40</gpxdata:distance>
          <gpxdata:speed>0.937</gpxdata:speed>
        </extensions>
      </trkpt>
      <trkpt lat="47.3256975" lon="7.8925750">
        <ele>476.9</ele>
        <time>2026-09-15T13:32:11Z</time>
        <extensions>
          <gpxdata:distance>11528.39</gpxdata:distance>
          <gpxdata:speed>0.930</gpxdata:speed>
        </extensions>
      </trkpt>
      <trkpt lat="47.3257515" lon="7.8925880">
        <ele>476.8</ele>
        <time>2026-09-15T13:32:18Z</time>
        <extensions>
          <gpxdata:distance>11534.47</gpxdata:distance>
          <gpxdata:speed>0.933</gpxdata:speed>
        </extensions>
      </trkpt>
      <trkpt lat="47.3259765" lon="7.8925770">
        <ele>474.9</ele>
        <time>2026-09-15T13:32:45Z</time>
        <extensions>
          <gpxdata:distance>11559.51</gpxdata:distance>
          <gpxdata:speed>0.928</gpxdata:speed>
        </extensions>
      </trkpt>
      <trkpt lat="47.3261835" lon="7.8925660">
        <ele>473.5</ele>
        <time>2026-09-15T13:33:09Z</time>
        <extensions>
          <gpxdata:distance>11582.54</gpxdata:distance>
          <gpxdata:speed>0.930</gpxdata:speed>
        </extensions>
      </trkpt>
      <trkpt lat="47.3265525" lon="7.8925420">
        <ele>472.1</ele>
        <time>2026-09-15T13:33:53Z</time>
        <extensions>
          <gpxdata:distance>11623.61</gpxdata:distance>
          <gpxdata:speed>0.942</gpxdata:speed>
        </extensions>
      </trkpt>
      <trkpt lat="47.3267145" lon="7.8925440">
        <ele>471.9</ele>
        <time>2026-09-15T13:34:12Z</time>
        <extensions>
          <gpxdata:distance>11641.62</gpxdata:distance>
          <gpxdata:speed>0.949</gpxdata:speed>
        </extensions>
      </trkpt>
      <trkpt lat="47.3268585" lon="7.8925580">
        <ele>471.9</ele>
        <time>2026-09-15T13:34:29Z</time>
        <extensions>
          <gpxdata:distance>11657.67</gpxdata:distance>
          <gpxdata:speed>0.956</gpxdata:speed>
        </extensions>
      </trkpt>
      <trkpt lat="47.3269935" lon="7.8925330">
        <ele>471.6</ele>
        <time>2026-09-15T13:34:44Z</time>
        <extensions>
          <gpxdata:distance>11672.80</gpxdata:distance>
          <gpxdata:speed>0.962</gpxdata:speed>
        </extensions>
      </trkpt>
      <trkpt lat="47.3270565" lon="7.8925470">
        <ele>471.5</ele>
        <time>2026-09-15T13:34:52Z</time>
        <extensions>
          <gpxdata:distance>11679.88</gpxdata:distance>
          <gpxdata:speed>0.966</gpxdata:speed>
        </extensions>
      </trkpt>
      <trkpt lat="47.3271195" lon="7.8925600">
        <ele>471.5</ele>
        <time>2026-09-15T13:34:59Z</time>
        <extensions>
          <gpxdata:distance>11686.96</gpxdata:distance>
          <gpxdata:speed>0.969</gpxdata:speed>
        </extensions>
      </trkpt>
      <trkpt lat="47.3271735" lon="7.8925740">
        <ele>471.5</ele>
        <time>2026-09-15T13:35:05Z</time>
        <extensions>
          <gpxdata:distance>11693.05</gpxdata:distance>
          <gpxdata:speed>0.969</gpxdata:speed>
        </extensions>
      </trkpt>
      <trkpt lat="47.3272355" lon="7.8926140">
        <ele>471.4</ele>
        <time>2026-09-15T13:35:13Z</time>
        <extensions>
          <gpxdata:distance>11700.58</gpxdata:distance>
          <gpxdata:speed>0.980</gpxdata:speed>
        </extensions>
      </trkpt>
      <trkpt lat="47.3272895" lon="7.8926410">
        <ele>471.6</ele>
        <time>2026-09-15T13:35:19Z</time>
        <extensions>
          <gpxdata:distance>11706.92</gpxdata:distance>
          <gpxdata:speed>0.993</gpxdata:speed>
        </extensions>
      </trkpt>
      <trkpt lat="47.3273525" lon="7.8926950">
        <ele>471.5</ele>
        <time>2026-09-15T13:35:27Z</time>
        <extensions>
          <gpxdata:distance>11715.02</gpxdata:distance>
          <gpxdata:speed>1.004</gpxdata:speed>
        </extensions>
      </trkpt>
      <trkpt lat="47.3274155" lon="7.8927480">
        <ele>471.1</ele>
        <time>2026-09-15T13:35:36Z</time>
        <extensions>
          <gpxdata:distance>11723.08</gpxdata:distance>
          <gpxdata:speed>1.000</gpxdata:speed>
        </extensions>
      </trkpt>
      <trkpt lat="47.3274955" lon="7.8928020">
        <ele>470.5</ele>
        <time>2026-09-15T13:35:45Z</time>
        <extensions>
          <gpxdata:distance>11732.87</gpxdata:distance>
          <gpxdata:speed>0.988</gpxdata:speed>
        </extensions>
      </trkpt>
      <trkpt lat="47.3275675" lon="7.8928420">
        <ele>470.5</ele>
        <time>2026-09-15T13:35:54Z</time>
        <extensions>
          <gpxdata:distance>11741.42</gpxdata:distance>
          <gpxdata:speed>0.992</gpxdata:speed>
        </extensions>
      </trkpt>
      <trkpt lat="47.3277115" lon="7.8929090">
        <ele>469.9</ele>
        <time>2026-09-15T13:36:11Z</time>
        <extensions>
          <gpxdata:distance>11758.21</gpxdata:distance>
          <gpxdata:speed>0.986</gpxdata:speed>
        </extensions>
      </trkpt>
      <trkpt lat="47.3280345" lon="7.8930311">
        <ele>468.5</ele>
        <time>2026-09-15T13:36:49Z</time>
        <extensions>
          <gpxdata:distance>11795.29</gpxdata:distance>
          <gpxdata:speed>0.977</gpxdata:speed>
        </extensions>
      </trkpt>
      <trkpt lat="47.3281515" lon="7.8931121">
        <ele>468.3</ele>
        <time>2026-09-15T13:37:04Z</time>
        <extensions>
          <gpxdata:distance>11809.66</gpxdata:distance>
          <gpxdata:speed>0.977</gpxdata:speed>
        </extensions>
      </trkpt>
      <trkpt lat="47.3283215" lon="7.8932451">
        <ele>468.1</ele>
        <time>2026-09-15T13:37:26Z</time>
        <extensions>
          <gpxdata:distance>11831.05</gpxdata:distance>
          <gpxdata:speed>0.980</gpxdata:speed>
        </extensions>
      </trkpt>
      <trkpt lat="47.3284205" lon="7.8933261">
        <ele>467.0</ele>
        <time>2026-09-15T13:37:39Z</time>
        <extensions>
          <gpxdata:distance>11843.64</gpxdata:distance>
          <gpxdata:speed>0.969</gpxdata:speed>
        </extensions>
      </trkpt>
      <trkpt lat="47.3284205" lon="7.8933261">
        <ele>467.0</ele>
        <time>2026-09-15T13:37:39Z</time>
        <extensions>
          <gpxdata:distance>11843.64</gpxdata:distance>
          <gpxdata:speed>0.000</gpxdata:speed>
        </extensions>
      </trkpt>
      <trkpt lat="47.3285015" lon="7.8933531">
        <ele>466.8</ele>
        <time>2026-09-15T13:37:48Z</time>
        <extensions>
          <gpxdata:distance>11852.88</gpxdata:distance>
          <gpxdata:speed>0.970</gpxdata:speed>
        </extensions>
      </trkpt>
      <trkpt lat="47.3285465" lon="7.8933661">
        <ele>466.9</ele>
        <time>2026-09-15T13:37:53Z</time>
        <extensions>
          <gpxdata:distance>11857.97</gpxdata:distance>
          <gpxdata:speed>0.975</gpxdata:speed>
        </extensions>
      </trkpt>
      <trkpt lat="47.3287615" lon="7.8934081">
        <ele>466.3</ele>
        <time>2026-09-15T13:38:18Z</time>
        <extensions>
          <gpxdata:distance>11882.09</gpxdata:distance>
          <gpxdata:speed>0.974</gpxdata:speed>
        </extensions>
      </trkpt>
      <trkpt lat="47.3288155" lon="7.8934351">
        <ele>466.0</ele>
        <time>2026-09-15T13:38:25Z</time>
        <extensions>
          <gpxdata:distance>11888.43</gpxdata:distance>
          <gpxdata:speed>0.974</gpxdata:speed>
        </extensions>
      </trkpt>
      <trkpt lat="47.3290125" lon="7.8935951">
        <ele>464.2</ele>
        <time>2026-09-15T13:38:51Z</time>
        <extensions>
          <gpxdata:distance>11913.44</gpxdata:distance>
          <gpxdata:speed>0.966</gpxdata:speed>
        </extensions>
      </trkpt>
      <trkpt lat="47.3291115" lon="7.8937021">
        <ele>463.3</ele>
        <time>2026-09-15T13:39:05Z</time>
        <extensions>
          <gpxdata:distance>11927.08</gpxdata:distance>
          <gpxdata:speed>0.958</gpxdata:speed>
        </extensions>
      </trkpt>
      <trkpt lat="47.3292185" lon="7.8938091">
        <ele>462.8</ele>
        <time>2026-09-15T13:39:20Z</time>
        <extensions>
          <gpxdata:distance>11941.45</gpxdata:distance>
          <gpxdata:speed>0.951</gpxdata:speed>
        </extensions>
      </trkpt>
      <trkpt lat="47.3292905" lon="7.8938621">
        <ele>462.9</ele>
        <time>2026-09-15T13:39:29Z</time>
        <extensions>
          <gpxdata:distance>11950.40</gpxdata:distance>
          <gpxdata:speed>0.963</gpxdata:speed>
        </extensions>
      </trkpt>
      <trkpt lat="47.3294255" lon="7.8939561">
        <ele>463.4</ele>
        <time>2026-09-15T13:39:46Z</time>
        <extensions>
          <gpxdata:distance>11967.00</gpxdata:distance>
          <gpxdata:speed>0.975</gpxdata:speed>
        </extensions>
      </trkpt>
      <trkpt lat="47.3295235" lon="7.8940231">
        <ele>463.6</ele>
        <time>2026-09-15T13:39:58Z</time>
        <extensions>
          <gpxdata:distance>11979.01</gpxdata:distance>
          <gpxdata:speed>0.980</gpxdata:speed>
        </extensions>
      </trkpt>
      <trkpt lat="47.3296135" lon="7.8940771">
        <ele>463.4</ele>
        <time>2026-09-15T13:40:09Z</time>
        <extensions>
          <gpxdata:distance>11989.81</gpxdata:distance>
          <gpxdata:speed>0.978</gpxdata:speed>
        </extensions>
      </trkpt>
      <trkpt lat="47.3299725" lon="7.8943051">
        <ele>460.9</ele>
        <time>2026-09-15T13:40:54Z</time>
        <extensions>
          <gpxdata:distance>12033.27</gpxdata:distance>
          <gpxdata:speed>0.966</gpxdata:speed>
        </extensions>
      </trkpt>
      <trkpt lat="47.3302325" lon="7.8944791">
        <ele>460.0</ele>
        <time>2026-09-15T13:41:27Z</time>
        <extensions>
          <gpxdata:distance>12065.02</gpxdata:distance>
          <gpxdata:speed>0.969</gpxdata:speed>
        </extensions>
      </trkpt>
      <trkpt lat="47.3304125" lon="7.8945861">
        <ele>459.5</ele>
        <time>2026-09-15T13:41:49Z</time>
        <extensions>
          <gpxdata:distance>12086.60</gpxdata:distance>
          <gpxdata:speed>0.978</gpxdata:speed>
        </extensions>
      </trkpt>
      <trkpt lat="47.3305375" lon="7.8946671">
        <ele>459.3</ele>
        <time>2026-09-15T13:42:05Z</time>
        <extensions>
          <gpxdata:distance>12101.78</gpxdata:distance>
          <gpxdata:speed>0.983</gpxdata:speed>
        </extensions>
      </trkpt>
      <trkpt lat="47.3305915" lon="7.8946931">
        <ele>459.0</ele>
        <time>2026-09-15T13:42:11Z</time>
        <extensions>
          <gpxdata:distance>12108.10</gpxdata:distance>
          <gpxdata:speed>0.983</gpxdata:speed>
        </extensions>
      </trkpt>
      <trkpt lat="47.3307355" lon="7.8948141">
        <ele>457.5</ele>
        <time>2026-09-15T13:42:30Z</time>
        <extensions>
          <gpxdata:distance>12126.52</gpxdata:distance>
          <gpxdata:speed>0.973</gpxdata:speed>
        </extensions>
      </trkpt>
      <trkpt lat="47.3308965" lon="7.8949211">
        <ele>456.9</ele>
        <time>2026-09-15T13:42:50Z</time>
        <extensions>
          <gpxdata:distance>12146.16</gpxdata:distance>
          <gpxdata:speed>0.966</gpxdata:speed>
        </extensions>
      </trkpt>
      <trkpt lat="47.3309955" lon="7.8950011">
        <ele>456.3</ele>
        <time>2026-09-15T13:43:04Z</time>
        <extensions>
          <gpxdata:distance>12158.71</gpxdata:distance>
          <gpxdata:speed>0.960</gpxdata:speed>
        </extensions>
      </trkpt>
      <trkpt lat="47.3310755" lon="7.8950811">
        <ele>456.0</ele>
        <time>2026-09-15T13:43:15Z</time>
        <extensions>
          <gpxdata:distance>12169.46</gpxdata:distance>
          <gpxdata:speed>0.959</gpxdata:speed>
        </extensions>
      </trkpt>
      <trkpt lat="47.3312635" lon="7.8953081">
        <ele>456.7</ele>
        <time>2026-09-15T13:43:42Z</time>
        <extensions>
          <gpxdata:distance>12196.47</gpxdata:distance>
          <gpxdata:speed>0.979</gpxdata:speed>
        </extensions>
      </trkpt>
      <trkpt lat="47.3313805" lon="7.8954411">
        <ele>456.4</ele>
        <time>2026-09-15T13:43:59Z</time>
        <extensions>
          <gpxdata:distance>12212.89</gpxdata:distance>
          <gpxdata:speed>0.981</gpxdata:speed>
        </extensions>
      </trkpt>
      <trkpt lat="47.3314245" lon="7.8954941">
        <ele>456.3</ele>
        <time>2026-09-15T13:44:05Z</time>
        <extensions>
          <gpxdata:distance>12219.21</gpxdata:distance>
          <gpxdata:speed>0.981</gpxdata:speed>
        </extensions>
      </trkpt>
      <trkpt lat="47.3315415" lon="7.8956281">
        <ele>457.0</ele>
        <time>2026-09-15T13:44:22Z</time>
        <extensions>
          <gpxdata:distance>12235.68</gpxdata:distance>
          <gpxdata:speed>0.990</gpxdata:speed>
        </extensions>
      </trkpt>
      <trkpt lat="47.3317025" lon="7.8957751">
        <ele>458.5</ele>
        <time>2026-09-15T13:44:43Z</time>
        <extensions>
          <gpxdata:distance>12256.73</gpxdata:distance>
          <gpxdata:speed>1.008</gpxdata:speed>
        </extensions>
      </trkpt>
      <trkpt lat="47.3317655" lon="7.8958541">
        <ele>457.2</ele>
        <time>2026-09-15T13:44:52Z</time>
        <extensions>
          <gpxdata:distance>12265.92</gpxdata:distance>
          <gpxdata:speed>1.010</gpxdata:speed>
        </extensions>
      </trkpt>
      <trkpt lat="47.3317925" lon="7.8958941">
        <ele>456.8</ele>
        <time>2026-09-15T13:44:56Z</time>
        <extensions>
          <gpxdata:distance>12270.18</gpxdata:distance>
          <gpxdata:speed>1.011</gpxdata:speed>
        </extensions>
      </trkpt>
      <trkpt lat="47.3318285" lon="7.8959211">
        <ele>456.5</ele>
        <time>2026-09-15T13:45:01Z</time>
        <extensions>
          <gpxdata:distance>12274.67</gpxdata:distance>
          <gpxdata:speed>1.008</gpxdata:speed>
        </extensions>
      </trkpt>
      <trkpt lat="47.3318635" lon="7.8959481">
        <ele>456.2</ele>
        <time>2026-09-15T13:45:05Z</time>
        <extensions>
          <gpxdata:distance>12279.06</gpxdata:distance>
          <gpxdata:speed>1.008</gpxdata:speed>
        </extensions>
      </trkpt>
      <trkpt lat="47.3318905" lon="7.8959751">
        <ele>456.3</ele>
        <time>2026-09-15T13:45:09Z</time>
        <extensions>
          <gpxdata:distance>12282.69</gpxdata:distance>
          <gpxdata:speed>1.006</gpxdata:speed>
        </extensions>
      </trkpt>
      <trkpt lat="47.3319715" lon="7.8960151">
        <ele>455.9</ele>
        <time>2026-09-15T13:45:18Z</time>
        <extensions>
          <gpxdata:distance>12292.18</gpxdata:distance>
          <gpxdata:speed>1.004</gpxdata:speed>
        </extensions>
      </trkpt>
      <trkpt lat="47.3319985" lon="7.8960151">
        <ele>455.9</ele>
        <time>2026-09-15T13:45:21Z</time>
        <extensions>
          <gpxdata:distance>12295.19</gpxdata:distance>
          <gpxdata:speed>1.006</gpxdata:speed>
        </extensions>
      </trkpt>
      <trkpt lat="47.3320435" lon="7.8960551">
        <ele>455.9</ele>
        <time>2026-09-15T13:45:27Z</time>
        <extensions>
          <gpxdata:distance>12301.03</gpxdata:distance>
          <gpxdata:speed>0.991</gpxdata:speed>
        </extensions>
      </trkpt>
      <trkpt lat="47.3321415" lon="7.8961751">
        <ele>455.7</ele>
        <time>2026-09-15T13:45:42Z</time>
        <extensions>
          <gpxdata:distance>12315.19</gpxdata:distance>
          <gpxdata:speed>0.951</gpxdata:speed>
        </extensions>
      </trkpt>
      <trkpt lat="47.3322405" lon="7.8962821">
        <ele>454.1</ele>
        <time>2026-09-15T13:45:56Z</time>
        <extensions>
          <gpxdata:distance>12328.83</gpxdata:distance>
          <gpxdata:speed>0.949</gpxdata:speed>
        </extensions>
      </trkpt>
      <trkpt lat="47.3323385" lon="7.8964151">
        <ele>452.2</ele>
        <time>2026-09-15T13:46:12Z</time>
        <extensions>
          <gpxdata:distance>12343.64</gpxdata:distance>
          <gpxdata:speed>0.935</gpxdata:speed>
        </extensions>
      </trkpt>
      <trkpt lat="47.3323835" lon="7.8964421">
        <ele>452.6</ele>
        <time>2026-09-15T13:46:18Z</time>
        <extensions>
          <gpxdata:distance>12349.04</gpxdata:distance>
          <gpxdata:speed>0.946</gpxdata:speed>
        </extensions>
      </trkpt>
      <trkpt lat="47.3327245" lon="7.8966041">
        <ele>454.5</ele>
        <time>2026-09-15T13:46:58Z</time>
        <extensions>
          <gpxdata:distance>12388.88</gpxdata:distance>
          <gpxdata:speed>0.992</gpxdata:speed>
        </extensions>
      </trkpt>
      <trkpt lat="47.3327605" lon="7.8966301">
        <ele>454.2</ele>
        <time>2026-09-15T13:47:03Z</time>
        <extensions>
          <gpxdata:distance>12393.33</gpxdata:distance>
          <gpxdata:speed>0.988</gpxdata:speed>
        </extensions>
      </trkpt>
      <trkpt lat="47.3329755" lon="7.8968171">
        <ele>452.1</ele>
        <time>2026-09-15T13:47:31Z</time>
        <extensions>
          <gpxdata:distance>12421.08</gpxdata:distance>
          <gpxdata:speed>0.974</gpxdata:speed>
        </extensions>
      </trkpt>
      <trkpt lat="47.3330835" lon="7.8969371">
        <ele>450.9</ele>
        <time>2026-09-15T13:47:47Z</time>
        <extensions>
          <gpxdata:distance>12436.12</gpxdata:distance>
          <gpxdata:speed>0.967</gpxdata:speed>
        </extensions>
      </trkpt>
      <trkpt lat="47.3331905" lon="7.8970711">
        <ele>449.0</ele>
        <time>2026-09-15T13:48:03Z</time>
        <extensions>
          <gpxdata:distance>12451.72</gpxdata:distance>
          <gpxdata:speed>0.954</gpxdata:speed>
        </extensions>
      </trkpt>
      <trkpt lat="47.3333335" lon="7.8972441">
        <ele>446.6</ele>
        <time>2026-09-15T13:48:25Z</time>
        <extensions>
          <gpxdata:distance>12472.29</gpxdata:distance>
          <gpxdata:speed>0.940</gpxdata:speed>
        </extensions>
      </trkpt>
      <trkpt lat="47.3334145" lon="7.8973641">
        <ele>445.0</ele>
        <time>2026-09-15T13:48:38Z</time>
        <extensions>
          <gpxdata:distance>12485.05</gpxdata:distance>
          <gpxdata:speed>0.939</gpxdata:speed>
        </extensions>
      </trkpt>
      <trkpt lat="47.3334595" lon="7.8974171">
        <ele>444.3</ele>
        <time>2026-09-15T13:48:45Z</time>
        <extensions>
          <gpxdata:distance>12491.45</gpxdata:distance>
          <gpxdata:speed>0.944</gpxdata:speed>
        </extensions>
      </trkpt>
      <trkpt lat="47.3335125" lon="7.8974701">
        <ele>443.4</ele>
        <time>2026-09-15T13:48:53Z</time>
        <extensions>
          <gpxdata:distance>12498.57</gpxdata:distance>
          <gpxdata:speed>0.936</gpxdata:speed>
        </extensions>
      </trkpt>
      <trkpt lat="47.3336475" lon="7.8975771">
        <ele>442.1</ele>
        <time>2026-09-15T13:49:12Z</time>
        <extensions>
          <gpxdata:distance>12515.61</gpxdata:distance>
          <gpxdata:speed>0.897</gpxdata:speed>
        </extensions>
      </trkpt>
      <trkpt lat="47.3340155" lon="7.8978581">
        <ele>440.7</ele>
        <time>2026-09-15T13:50:02Z</time>
        <extensions>
          <gpxdata:distance>12561.68</gpxdata:distance>
          <gpxdata:speed>0.916</gpxdata:speed>
        </extensions>
      </trkpt>
      <trkpt lat="47.3341135" lon="7.8979391">
        <ele>440.5</ele>
        <time>2026-09-15T13:50:16Z</time>
        <extensions>
          <gpxdata:distance>12574.18</gpxdata:distance>
          <gpxdata:speed>0.920</gpxdata:speed>
        </extensions>
      </trkpt>
      <trkpt lat="47.3344635" lon="7.8982721">
        <ele>437.7</ele>
        <time>2026-09-15T13:51:06Z</time>
        <extensions>
          <gpxdata:distance>12620.48</gpxdata:distance>
          <gpxdata:speed>0.925</gpxdata:speed>
        </extensions>
      </trkpt>
      <trkpt lat="47.3345705" lon="7.8983921">
        <ele>435.5</ele>
        <time>2026-09-15T13:51:22Z</time>
        <extensions>
          <gpxdata:distance>12635.43</gpxdata:distance>
          <gpxdata:speed>0.923</gpxdata:speed>
        </extensions>
      </trkpt>
      <trkpt lat="47.3346155" lon="7.8984321">
        <ele>434.5</ele>
        <time>2026-09-15T13:51:28Z</time>
        <extensions>
          <gpxdata:distance>12641.27</gpxdata:distance>
          <gpxdata:speed>0.925</gpxdata:speed>
        </extensions>
      </trkpt>
      <trkpt lat="47.3347585" lon="7.8986191">
        <ele>432.5</ele>
        <time>2026-09-15T13:51:51Z</time>
        <extensions>
          <gpxdata:distance>12662.52</gpxdata:distance>
          <gpxdata:speed>0.926</gpxdata:speed>
        </extensions>
      </trkpt>
      <trkpt lat="47.3348035" lon="7.8986591">
        <ele>431.6</ele>
        <time>2026-09-15T13:51:58Z</time>
        <extensions>
          <gpxdata:distance>12668.36</gpxdata:distance>
          <gpxdata:speed>0.925</gpxdata:speed>
        </extensions>
      </trkpt>
      <trkpt lat="47.3348485" lon="7.8987391">
        <ele>430.2</ele>
        <time>2026-09-15T13:52:06Z</time>
        <extensions>
          <gpxdata:distance>12676.19</gpxdata:distance>
          <gpxdata:speed>0.922</gpxdata:speed>
        </extensions>
      </trkpt>
      <trkpt lat="47.3349375" lon="7.8989121">
        <ele>428.5</ele>
        <time>2026-09-15T13:52:24Z</time>
        <extensions>
          <gpxdata:distance>12692.56</gpxdata:distance>
          <gpxdata:speed>0.919</gpxdata:speed>
        </extensions>
      </trkpt>
      <trkpt lat="47.3349735" lon="7.8989651">
        <ele>428.1</ele>
        <time>2026-09-15T13:52:30Z</time>
        <extensions>
          <gpxdata:distance>12698.21</gpxdata:distance>
          <gpxdata:speed>0.903</gpxdata:speed>
        </extensions>
      </trkpt>
      <trkpt lat="47.3350445" lon="7.8990581">
        <ele>427.3</ele>
        <time>2026-09-15T13:52:42Z</time>
        <extensions>
          <gpxdata:distance>12708.77</gpxdata:distance>
          <gpxdata:speed>0.896</gpxdata:speed>
        </extensions>
      </trkpt>
      <trkpt lat="47.3351165" lon="7.8991381">
        <ele>426.1</ele>
        <time>2026-09-15T13:52:53Z</time>
        <extensions>
          <gpxdata:distance>12718.79</gpxdata:distance>
          <gpxdata:speed>0.911</gpxdata:speed>
        </extensions>
      </trkpt>
      <trkpt lat="47.3352235" lon="7.8992981">
        <ele>424.3</ele>
        <time>2026-09-15T13:53:12Z</time>
        <extensions>
          <gpxdata:distance>12735.73</gpxdata:distance>
          <gpxdata:speed>0.905</gpxdata:speed>
        </extensions>
      </trkpt>
      <trkpt lat="47.3352595" lon="7.8993511">
        <ele>424.0</ele>
        <time>2026-09-15T13:53:18Z</time>
        <extensions>
          <gpxdata:distance>12741.39</gpxdata:distance>
          <gpxdata:speed>0.899</gpxdata:speed>
        </extensions>
      </trkpt>
      <trkpt lat="47.3352955" lon="7.8994171">
        <ele>423.7</ele>
        <time>2026-09-15T13:53:25Z</time>
        <extensions>
          <gpxdata:distance>12747.77</gpxdata:distance>
          <gpxdata:speed>0.897</gpxdata:speed>
        </extensions>
      </trkpt>
      <trkpt lat="47.3353755" lon="7.8995901">
        <ele>423.5</ele>
        <time>2026-09-15T13:53:42Z</time>
        <extensions>
          <gpxdata:distance>12763.55</gpxdata:distance>
          <gpxdata:speed>0.910</gpxdata:speed>
        </extensions>
      </trkpt>
      <trkpt lat="47.3354735" lon="7.8998161">
        <ele>422.3</ele>
        <time>2026-09-15T13:54:04Z</time>
        <extensions>
          <gpxdata:distance>12783.77</gpxdata:distance>
          <gpxdata:speed>0.923</gpxdata:speed>
        </extensions>
      </trkpt>
      <trkpt lat="47.3356875" lon="7.9002811">
        <ele>415.4</ele>
        <time>2026-09-15T13:54:51Z</time>
        <extensions>
          <gpxdata:distance>12826.13</gpxdata:distance>
          <gpxdata:speed>0.896</gpxdata:speed>
        </extensions>
      </trkpt>
      <trkpt lat="47.3356875" lon="7.9003071">
        <ele>415.1</ele>
        <time>2026-09-15T13:54:54Z</time>
        <extensions>
          <gpxdata:distance>12828.09</gpxdata:distance>
          <gpxdata:speed>0.894</gpxdata:speed>
        </extensions>
      </trkpt>
      <trkpt lat="47.3356785" lon="7.9003201">
        <ele>414.5</ele>
        <time>2026-09-15T13:54:55Z</time>
        <extensions>
          <gpxdata:distance>12829.49</gpxdata:distance>
          <gpxdata:speed>0.900</gpxdata:speed>
        </extensions>
      </trkpt>
      <trkpt lat="47.3356695" lon="7.9003341">
        <ele>414.1</ele>
        <time>2026-09-15T13:54:57Z</time>
        <extensions>
          <gpxdata:distance>12830.94</gpxdata:distance>
          <gpxdata:speed>0.901</gpxdata:speed>
        </extensions>
      </trkpt>
      <trkpt lat="47.3356515" lon="7.9003331">
        <ele>413.6</ele>
        <time>2026-09-15T13:54:59Z</time>
        <extensions>
          <gpxdata:distance>12832.95</gpxdata:distance>
          <gpxdata:speed>0.904</gpxdata:speed>
        </extensions>
      </trkpt>
      <trkpt lat="47.3355255" lon="7.9002531">
        <ele>411.5</ele>
        <time>2026-09-15T13:55:16Z</time>
        <extensions>
          <gpxdata:distance>12848.20</gpxdata:distance>
          <gpxdata:speed>0.910</gpxdata:speed>
        </extensions>
      </trkpt>
      <trkpt lat="47.3354985" lon="7.9002391">
        <ele>411.1</ele>
        <time>2026-09-15T13:55:19Z</time>
        <extensions>
          <gpxdata:distance>12851.38</gpxdata:distance>
          <gpxdata:speed>0.914</gpxdata:speed>
        </extensions>
      </trkpt>
      <trkpt lat="47.3354805" lon="7.9002531">
        <ele>410.9</ele>
        <time>2026-09-15T13:55:22Z</time>
        <extensions>
          <gpxdata:distance>12853.64</gpxdata:distance>
          <gpxdata:speed>0.931</gpxdata:speed>
        </extensions>
      </trkpt>
      <trkpt lat="47.3354715" lon="7.9002661">
        <ele>410.6</ele>
        <time>2026-09-15T13:55:23Z</time>
        <extensions>
          <gpxdata:distance>12855.04</gpxdata:distance>
          <gpxdata:speed>0.921</gpxdata:speed>
        </extensions>
      </trkpt>
      <trkpt lat="47.3354715" lon="7.9002791">
        <ele>410.3</ele>
        <time>2026-09-15T13:55:24Z</time>
        <extensions>
          <gpxdata:distance>12856.02</gpxdata:distance>
          <gpxdata:speed>0.912</gpxdata:speed>
        </extensions>
      </trkpt>
      <trkpt lat="47.3354805" lon="7.9003051">
        <ele>410.1</ele>
        <time>2026-09-15T13:55:27Z</time>
        <extensions>
          <gpxdata:distance>12858.22</gpxdata:distance>
          <gpxdata:speed>0.918</gpxdata:speed>
        </extensions>
      </trkpt>
      <trkpt lat="47.3359095" lon="7.9008911">
        <ele>403.9</ele>
        <time>2026-09-15T13:56:38Z</time>
        <extensions>
          <gpxdata:distance>12923.23</gpxdata:distance>
          <gpxdata:speed>0.906</gpxdata:speed>
        </extensions>
      </trkpt>
      <trkpt lat="47.3359905" lon="7.9010241">
        <ele>403.3</ele>
        <time>2026-09-15T13:56:53Z</time>
        <extensions>
          <gpxdata:distance>12936.70</gpxdata:distance>
          <gpxdata:speed>0.896</gpxdata:speed>
        </extensions>
      </trkpt>
      <trkpt lat="47.3360704" lon="7.9011571">
        <ele>402.2</ele>
        <time>2026-09-15T13:57:08Z</time>
        <extensions>
          <gpxdata:distance>12950.10</gpxdata:distance>
          <gpxdata:speed>0.897</gpxdata:speed>
        </extensions>
      </trkpt>
      <trkpt lat="47.3362134" lon="7.9014361">
        <ele>401.4</ele>
        <time>2026-09-15T13:57:37Z</time>
        <extensions>
          <gpxdata:distance>12976.46</gpxdata:distance>
          <gpxdata:speed>0.917</gpxdata:speed>
        </extensions>
      </trkpt>
      <trkpt lat="47.3363024" lon="7.9016091">
        <ele>400.8</ele>
        <time>2026-09-15T13:57:55Z</time>
        <extensions>
          <gpxdata:distance>12992.82</gpxdata:distance>
          <gpxdata:speed>0.924</gpxdata:speed>
        </extensions>
      </trkpt>
      <trkpt lat="47.3363734" lon="7.9017821">
        <ele>400.6</ele>
        <time>2026-09-15T13:58:11Z</time>
        <extensions>
          <gpxdata:distance>13008.06</gpxdata:distance>
          <gpxdata:speed>0.930</gpxdata:speed>
        </extensions>
      </trkpt>
      <trkpt lat="47.3363824" lon="7.9018221">
        <ele>400.5</ele>
        <time>2026-09-15T13:58:15Z</time>
        <extensions>
          <gpxdata:distance>13011.24</gpxdata:distance>
          <gpxdata:speed>0.932</gpxdata:speed>
        </extensions>
      </trkpt>
      <trkpt lat="47.3363914" lon="7.9018611">
        <ele>400.3</ele>
        <time>2026-09-15T13:58:18Z</time>
        <extensions>
          <gpxdata:distance>13014.35</gpxdata:distance>
          <gpxdata:speed>0.934</gpxdata:speed>
        </extensions>
      </trkpt>
      <trkpt lat="47.3364094" lon="7.9019541">
        <ele>399.2</ele>
        <time>2026-09-15T13:58:26Z</time>
        <extensions>
          <gpxdata:distance>13021.63</gpxdata:distance>
          <gpxdata:speed>0.930</gpxdata:speed>
        </extensions>
      </trkpt>
      <trkpt lat="47.3364174" lon="7.9021001">
        <ele>397.1</ele>
        <time>2026-09-15T13:58:38Z</time>
        <extensions>
          <gpxdata:distance>13032.67</gpxdata:distance>
          <gpxdata:speed>0.935</gpxdata:speed>
        </extensions>
      </trkpt>
      <trkpt lat="47.3364264" lon="7.9021401">
        <ele>396.8</ele>
        <time>2026-09-15T13:58:41Z</time>
        <extensions>
          <gpxdata:distance>13035.85</gpxdata:distance>
          <gpxdata:speed>0.931</gpxdata:speed>
        </extensions>
      </trkpt>
      <trkpt lat="47.3364354" lon="7.9021791">
        <ele>396.6</ele>
        <time>2026-09-15T13:58:44Z</time>
        <extensions>
          <gpxdata:distance>13038.95</gpxdata:distance>
          <gpxdata:speed>0.934</gpxdata:speed>
        </extensions>
      </trkpt>
      <trkpt lat="47.3364884" lon="7.9023391">
        <ele>396.4</ele>
        <time>2026-09-15T13:58:59Z</time>
        <extensions>
          <gpxdata:distance>13052.37</gpxdata:distance>
          <gpxdata:speed>0.931</gpxdata:speed>
        </extensions>
      </trkpt>
      <trkpt lat="47.3365064" lon="7.9023921">
        <ele>396.3</ele>
        <time>2026-09-15T13:59:04Z</time>
        <extensions>
          <gpxdata:distance>13056.84</gpxdata:distance>
          <gpxdata:speed>0.926</gpxdata:speed>
        </extensions>
      </trkpt>
      <trkpt lat="47.3365244" lon="7.9024321">
        <ele>396.3</ele>
        <time>2026-09-15T13:59:08Z</time>
        <extensions>
          <gpxdata:distance>13060.46</gpxdata:distance>
          <gpxdata:speed>0.914</gpxdata:speed>
        </extensions>
      </trkpt>
      <trkpt lat="47.3365594" lon="7.9024851">
        <ele>396.2</ele>
        <time>2026-09-15T13:59:14Z</time>
        <extensions>
          <gpxdata:distance>13066.03</gpxdata:distance>
          <gpxdata:speed>0.918</gpxdata:speed>
        </extensions>
      </trkpt>
      <trkpt lat="47.3365954" lon="7.9025381">
        <ele>396.0</ele>
        <time>2026-09-15T13:59:20Z</time>
        <extensions>
          <gpxdata:distance>13071.69</gpxdata:distance>
          <gpxdata:speed>0.921</gpxdata:speed>
        </extensions>
      </trkpt>
      <trkpt lat="47.3366494" lon="7.9026311">
        <ele>396.0</ele>
        <time>2026-09-15T13:59:30Z</time>
        <extensions>
          <gpxdata:distance>13080.92</gpxdata:distance>
          <gpxdata:speed>0.944</gpxdata:speed>
        </extensions>
      </trkpt>
      <trkpt lat="47.3367474" lon="7.9027641">
        <ele>396.3</ele>
        <time>2026-09-15T13:59:44Z</time>
        <extensions>
          <gpxdata:distance>13095.72</gpxdata:distance>
          <gpxdata:speed>0.996</gpxdata:speed>
        </extensions>
      </trkpt>
      <trkpt lat="47.3368814" lon="7.9029511">
        <ele>396.6</ele>
        <time>2026-09-15T14:00:05Z</time>
        <extensions>
          <gpxdata:distance>13116.23</gpxdata:distance>
          <gpxdata:speed>1.009</gpxdata:speed>
        </extensions>
      </trkpt>
      <trkpt lat="47.3370514" lon="7.9032301">
        <ele>396.7</ele>
        <time>2026-09-15T14:00:33Z</time>
        <extensions>
          <gpxdata:distance>13144.50</gpxdata:distance>
          <gpxdata:speed>1.010</gpxdata:speed>
        </extensions>
      </trkpt>
      <trkpt lat="47.3371054" lon="7.9033101">
        <ele>396.8</ele>
        <time>2026-09-15T14:00:41Z</time>
        <extensions>
          <gpxdata:distance>13153.01</gpxdata:distance>
          <gpxdata:speed>1.002</gpxdata:speed>
        </extensions>
      </trkpt>
      <trkpt lat="47.3371674" lon="7.9033901">
        <ele>397.0</ele>
        <time>2026-09-15T14:00:50Z</time>
        <extensions>
          <gpxdata:distance>13162.17</gpxdata:distance>
          <gpxdata:speed>0.996</gpxdata:speed>
        </extensions>
      </trkpt>
      <trkpt lat="47.3372034" lon="7.9034431">
        <ele>397.1</ele>
        <time>2026-09-15T14:00:56Z</time>
        <extensions>
          <gpxdata:distance>13167.82</gpxdata:distance>
          <gpxdata:speed>0.993</gpxdata:speed>
        </extensions>
      </trkpt>
      <trkpt lat="47.3372394" lon="7.9035091">
        <ele>397.1</ele>
        <time>2026-09-15T14:01:03Z</time>
        <extensions>
          <gpxdata:distance>13174.21</gpxdata:distance>
          <gpxdata:speed>0.991</gpxdata:speed>
        </extensions>
      </trkpt>
      <trkpt lat="47.3372754" lon="7.9035891">
        <ele>397.2</ele>
        <time>2026-09-15T14:01:10Z</time>
        <extensions>
          <gpxdata:distance>13181.45</gpxdata:distance>
          <gpxdata:speed>0.985</gpxdata:speed>
        </extensions>
      </trkpt>
      <trkpt lat="47.3372754" lon="7.9035891">
        <ele>397.2</ele>
        <time>2026-09-15T14:01:10Z</time>
        <extensions>
          <gpxdata:distance>13181.45</gpxdata:distance>
          <gpxdata:speed>0.000</gpxdata:speed>
        </extensions>
      </trkpt>
      <trkpt lat="47.3371854" lon="7.9035621">
        <ele>396.3</ele>
        <time>2026-09-15T14:01:20Z</time>
        <extensions>
          <gpxdata:distance>13191.66</gpxdata:distance>
          <gpxdata:speed>1.012</gpxdata:speed>
        </extensions>
      </trkpt>
      <trkpt lat="47.3370594" lon="7.9035211">
        <ele>395.3</ele>
        <time>2026-09-15T14:01:34Z</time>
        <extensions>
          <gpxdata:distance>13206.00</gpxdata:distance>
          <gpxdata:speed>0.994</gpxdata:speed>
        </extensions>
      </trkpt>
      <trkpt lat="47.3370594" lon="7.9035211">
        <ele>395.3</ele>
        <time>2026-09-15T14:01:34Z</time>
        <extensions>
          <gpxdata:distance>13206.00</gpxdata:distance>
          <gpxdata:speed>0.000</gpxdata:speed>
        </extensions>
      </trkpt>
      <trkpt lat="47.3371494" lon="7.9036151">
        <ele>395.3</ele>
        <time>2026-09-15T14:01:47Z</time>
        <extensions>
          <gpxdata:distance>13218.27</gpxdata:distance>
          <gpxdata:speed>0.983</gpxdata:speed>
        </extensions>
      </trkpt>
      <trkpt lat="47.3373014" lon="7.9037481">
        <ele>394.6</ele>
        <time>2026-09-15T14:02:07Z</time>
        <extensions>
          <gpxdata:distance>13237.91</gpxdata:distance>
          <gpxdata:speed>0.972</gpxdata:speed>
        </extensions>
      </trkpt>
      <trkpt lat="47.3373374" lon="7.9038011">
        <ele>394.1</ele>
        <time>2026-09-15T14:02:13Z</time>
        <extensions>
          <gpxdata:distance>13243.57</gpxdata:distance>
          <gpxdata:speed>0.961</gpxdata:speed>
        </extensions>
      </trkpt>
      <trkpt lat="47.3373724" lon="7.9038551">
        <ele>393.8</ele>
        <time>2026-09-15T14:02:19Z</time>
        <extensions>
          <gpxdata:distance>13249.20</gpxdata:distance>
          <gpxdata:speed>0.956</gpxdata:speed>
        </extensions>
      </trkpt>
      <trkpt lat="47.3373904" lon="7.9038951">
        <ele>393.5</ele>
        <time>2026-09-15T14:02:23Z</time>
        <extensions>
          <gpxdata:distance>13252.82</gpxdata:distance>
          <gpxdata:speed>0.946</gpxdata:speed>
        </extensions>
      </trkpt>
      <trkpt lat="47.3373994" lon="7.9039611">
        <ele>393.2</ele>
        <time>2026-09-15T14:02:28Z</time>
        <extensions>
          <gpxdata:distance>13257.89</gpxdata:distance>
          <gpxdata:speed>0.946</gpxdata:speed>
        </extensions>
      </trkpt>
      <trkpt lat="47.3374084" lon="7.9040271">
        <ele>393.1</ele>
        <time>2026-09-15T14:02:33Z</time>
        <extensions>
          <gpxdata:distance>13262.96</gpxdata:distance>
          <gpxdata:speed>0.955</gpxdata:speed>
        </extensions>
      </trkpt>
      <trkpt lat="47.3374084" lon="7.9040271">
        <ele>393.1</ele>
        <time>2026-09-15T14:02:33Z</time>
        <extensions>
          <gpxdata:distance>13262.96</gpxdata:distance>
          <gpxdata:speed>0.000</gpxdata:speed>
        </extensions>
      </trkpt>
      <trkpt lat="47.3374164" lon="7.9042261">
        <ele>393.0</ele>
        <time>2026-09-15T14:02:49Z</time>
        <extensions>
          <gpxdata:distance>13277.99</gpxdata:distance>
          <gpxdata:speed>0.971</gpxdata:speed>
        </extensions>
      </trkpt>
      <trkpt lat="47.3374164" lon="7.9042261">
        <ele>393.0</ele>
        <time>2026-09-15T14:02:49Z</time>
        <extensions>
          <gpxdata:distance>13277.99</gpxdata:distance>
          <gpxdata:speed>0.000</gpxdata:speed>
        </extensions>
      </trkpt>
      <trkpt lat="47.3374164" lon="7.9042921">
        <ele>393.1</ele>
        <time>2026-09-15T14:02:54Z</time>
        <extensions>
          <gpxdata:distance>13282.96</gpxdata:distance>
          <gpxdata:speed>0.970</gpxdata:speed>
        </extensions>
      </trkpt>
      <trkpt lat="47.3374164" lon="7.9042921">
        <ele>393.1</ele>
        <time>2026-09-15T14:02:54Z</time>
        <extensions>
          <gpxdata:distance>13282.96</gpxdata:distance>
          <gpxdata:speed>0.000</gpxdata:speed>
        </extensions>
      </trkpt>
      <trkpt lat="47.3375324" lon="7.9044651">
        <ele>393.6</ele>
        <time>2026-09-15T14:03:12Z</time>
        <extensions>
          <gpxdata:distance>13301.30</gpxdata:distance>
          <gpxdata:speed>1.007</gpxdata:speed>
        </extensions>
      </trkpt>
      <trkpt lat="47.3380154" lon="7.9051171">
        <ele>394.8</ele>
        <time>2026-09-15T14:04:26Z</time>
        <extensions>
          <gpxdata:distance>13374.09</gpxdata:distance>
          <gpxdata:speed>0.985</gpxdata:speed>
        </extensions>
      </trkpt>
      <trkpt lat="47.3381314" lon="7.9052641">
        <ele>394.7</ele>
        <time>2026-09-15T14:04:43Z</time>
        <extensions>
          <gpxdata:distance>13391.09</gpxdata:distance>
          <gpxdata:speed>0.984</gpxdata:speed>
        </extensions>
      </trkpt>
      <trkpt lat="47.3382304" lon="7.9053711">
        <ele>394.8</ele>
        <time>2026-09-15T14:04:57Z</time>
        <extensions>
          <gpxdata:distance>13404.74</gpxdata:distance>
          <gpxdata:speed>0.982</gpxdata:speed>
        </extensions>
      </trkpt>
      <trkpt lat="47.3383284" lon="7.9054771">
        <ele>394.9</ele>
        <time>2026-09-15T14:05:11Z</time>
        <extensions>
          <gpxdata:distance>13418.25</gpxdata:distance>
          <gpxdata:speed>0.983</gpxdata:speed>
        </extensions>
      </trkpt>
      <trkpt lat="47.3385974" lon="7.9057311">
        <ele>395.3</ele>
        <time>2026-09-15T14:05:47Z</time>
        <extensions>
          <gpxdata:distance>13453.76</gpxdata:distance>
          <gpxdata:speed>0.979</gpxdata:speed>
        </extensions>
      </trkpt>
      <trkpt lat="47.3387054" lon="7.9058111">
        <ele>395.4</ele>
        <time>2026-09-15T14:06:01Z</time>
        <extensions>
          <gpxdata:distance>13467.19</gpxdata:distance>
          <gpxdata:speed>0.980</gpxdata:speed>
        </extensions>
      </trkpt>
      <trkpt lat="47.3387854" lon="7.9058781">
        <ele>395.3</ele>
        <time>2026-09-15T14:06:11Z</time>
        <extensions>
          <gpxdata:distance>13477.42</gpxdata:distance>
          <gpxdata:speed>0.984</gpxdata:speed>
        </extensions>
      </trkpt>
      <trkpt lat="47.3388844" lon="7.9059451">
        <ele>395.3</ele>
        <time>2026-09-15T14:06:24Z</time>
        <extensions>
          <gpxdata:distance>13489.53</gpxdata:distance>
          <gpxdata:speed>0.985</gpxdata:speed>
        </extensions>
      </trkpt>
      <trkpt lat="47.3389474" lon="7.9059721">
        <ele>395.2</ele>
        <time>2026-09-15T14:06:31Z</time>
        <extensions>
          <gpxdata:distance>13496.83</gpxdata:distance>
          <gpxdata:speed>0.992</gpxdata:speed>
        </extensions>
      </trkpt>
      <trkpt lat="47.3389474" lon="7.9059721">
        <ele>395.2</ele>
        <time>2026-09-15T14:06:31Z</time>
        <extensions>
          <gpxdata:distance>13496.83</gpxdata:distance>
          <gpxdata:speed>0.000</gpxdata:speed>
        </extensions>
      </trkpt>
      <trkpt lat="47.3389924" lon="7.9059991">
        <ele>395.1</ele>
        <time>2026-09-15T14:06:36Z</time>
        <extensions>
          <gpxdata:distance>13502.23</gpxdata:distance>
          <gpxdata:speed>1.003</gpxdata:speed>
        </extensions>
      </trkpt>
      <trkpt lat="47.3389924" lon="7.9059991">
        <ele>395.1</ele>
        <time>2026-09-15T14:06:36Z</time>
        <extensions>
          <gpxdata:distance>13502.23</gpxdata:distance>
          <gpxdata:speed>0.000</gpxdata:speed>
        </extensions>
      </trkpt>
      <trkpt lat="47.3393064" lon="7.9061211">
        <ele>394.8</ele>
        <time>2026-09-15T14:07:12Z</time>
        <extensions>
          <gpxdata:distance>13538.34</gpxdata:distance>
          <gpxdata:speed>1.011</gpxdata:speed>
        </extensions>
      </trkpt>
      <trkpt lat="47.3393064" lon="7.9061211">
        <ele>394.8</ele>
        <time>2026-09-15T14:07:12Z</time>
        <extensions>
          <gpxdata:distance>13538.34</gpxdata:distance>
          <gpxdata:speed>0.000</gpxdata:speed>
        </extensions>
      </trkpt>
      <trkpt lat="47.3393964" lon="7.9061351">
        <ele>394.8</ele>
        <time>2026-09-15T14:07:22Z</time>
        <extensions>
          <gpxdata:distance>13548.40</gpxdata:distance>
          <gpxdata:speed>1.003</gpxdata:speed>
        </extensions>
      </trkpt>
      <trkpt lat="47.3395584" lon="7.9061631">
        <ele>395.9</ele>
        <time>2026-09-15T14:07:40Z</time>
        <extensions>
          <gpxdata:distance>13566.54</gpxdata:distance>
          <gpxdata:speed>0.995</gpxdata:speed>
        </extensions>
      </trkpt>
      <trkpt lat="47.3397384" lon="7.9061911">
        <ele>397.7</ele>
        <time>2026-09-15T14:08:02Z</time>
        <extensions>
          <gpxdata:distance>13586.66</gpxdata:distance>
          <gpxdata:speed>0.950</gpxdata:speed>
        </extensions>
      </trkpt>
      <trkpt lat="47.3398904" lon="7.9062051">
        <ele>398.6</ele>
        <time>2026-09-15T14:08:20Z</time>
        <extensions>
          <gpxdata:distance>13603.60</gpxdata:distance>
          <gpxdata:speed>0.932</gpxdata:speed>
        </extensions>
      </trkpt>
      <trkpt lat="47.3398904" lon="7.9062051">
        <ele>398.6</ele>
        <time>2026-09-15T14:08:20Z</time>
        <extensions>
          <gpxdata:distance>13603.60</gpxdata:distance>
          <gpxdata:speed>0.000</gpxdata:speed>
        </extensions>
      </trkpt>
      <trkpt lat="47.3401334" lon="7.9062611">
        <ele>398.9</ele>
        <time>2026-09-15T14:08:49Z</time>
        <extensions>
          <gpxdata:distance>13630.94</gpxdata:distance>
          <gpxdata:speed>0.937</gpxdata:speed>
        </extensions>
      </trkpt>
      <trkpt lat="47.3401964" lon="7.9062741">
        <ele>398.9</ele>
        <time>2026-09-15T14:08:56Z</time>
        <extensions>
          <gpxdata:distance>13638.02</gpxdata:distance>
          <gpxdata:speed>0.941</gpxdata:speed>
        </extensions>
      </trkpt>
      <trkpt lat="47.3402774" lon="7.9063011">
        <ele>399.0</ele>
        <time>2026-09-15T14:09:07Z</time>
        <extensions>
          <gpxdata:distance>13647.25</gpxdata:distance>
          <gpxdata:speed>0.915</gpxdata:speed>
        </extensions>
      </trkpt>
      <trkpt lat="47.3404034" lon="7.9063561">
        <ele>399.2</ele>
        <time>2026-09-15T14:09:22Z</time>
        <extensions>
          <gpxdata:distance>13661.86</gpxdata:distance>
          <gpxdata:speed>0.922</gpxdata:speed>
        </extensions>
      </trkpt>
      <trkpt lat="47.3407174" lon="7.9065301">
        <ele>399.7</ele>
        <time>2026-09-15T14:10:02Z</time>
        <extensions>
          <gpxdata:distance>13699.16</gpxdata:distance>
          <gpxdata:speed>0.930</gpxdata:speed>
        </extensions>
      </trkpt>
      <trkpt lat="47.3407974" lon="7.9065711">
        <ele>399.9</ele>
        <time>2026-09-15T14:10:12Z</time>
        <extensions>
          <gpxdata:distance>13708.57</gpxdata:distance>
          <gpxdata:speed>0.941</gpxdata:speed>
        </extensions>
      </trkpt>
      <trkpt lat="47.3408514" lon="7.9065841">
        <ele>400.1</ele>
        <time>2026-09-15T14:10:19Z</time>
        <extensions>
          <gpxdata:distance>13714.66</gpxdata:distance>
          <gpxdata:speed>0.965</gpxdata:speed>
        </extensions>
      </trkpt>
      <trkpt lat="47.3409054" lon="7.9065981">
        <ele>400.3</ele>
        <time>2026-09-15T14:10:25Z</time>
        <extensions>
          <gpxdata:distance>13720.75</gpxdata:distance>
          <gpxdata:speed>0.976</gpxdata:speed>
        </extensions>
      </trkpt>
      <trkpt lat="47.3409504" lon="7.9065981">
        <ele>400.6</ele>
        <time>2026-09-15T14:10:30Z</time>
        <extensions>
          <gpxdata:distance>13725.76</gpxdata:distance>
          <gpxdata:speed>0.971</gpxdata:speed>
        </extensions>
      </trkpt>
      <trkpt lat="47.3409954" lon="7.9065861">
        <ele>400.9</ele>
        <time>2026-09-15T14:10:35Z</time>
        <extensions>
          <gpxdata:distance>13730.84</gpxdata:distance>
          <gpxdata:speed>0.962</gpxdata:speed>
        </extensions>
      </trkpt>
      <trkpt lat="47.3410404" lon="7.9065601">
        <ele>401.3</ele>
        <time>2026-09-15T14:10:41Z</time>
        <extensions>
          <gpxdata:distance>13736.22</gpxdata:distance>
          <gpxdata:speed>0.950</gpxdata:speed>
        </extensions>
      </trkpt>
      <trkpt lat="47.3410944" lon="7.9065341">
        <ele>401.8</ele>
        <time>2026-09-15T14:10:48Z</time>
        <extensions>
          <gpxdata:distance>13742.53</gpxdata:distance>
          <gpxdata:speed>0.938</gpxdata:speed>
        </extensions>
      </trkpt>
      <trkpt lat="47.3411304" lon="7.9065071">
        <ele>402.2</ele>
        <time>2026-09-15T14:10:53Z</time>
        <extensions>
          <gpxdata:distance>13747.02</gpxdata:distance>
          <gpxdata:speed>0.923</gpxdata:speed>
        </extensions>
      </trkpt>
      <trkpt lat="47.3411764" lon="7.9064551">
        <ele>402.7</ele>
        <time>2026-09-15T14:11:00Z</time>
        <extensions>
          <gpxdata:distance>13753.47</gpxdata:distance>
          <gpxdata:speed>0.872</gpxdata:speed>
        </extensions>
      </trkpt>
      <trkpt lat="47.3412844" lon="7.9063101">
        <ele>404.1</ele>
        <time>2026-09-15T14:11:20Z</time>
        <extensions>
          <gpxdata:distance>13769.70</gpxdata:distance>
          <gpxdata:speed>0.836</gpxdata:speed>
        </extensions>
      </trkpt>
      <trkpt lat="47.3413844" lon="7.9061921">
        <ele>405.3</ele>
        <time>2026-09-15T14:11:37Z</time>
        <extensions>
          <gpxdata:distance>13783.94</gpxdata:distance>
          <gpxdata:speed>0.820</gpxdata:speed>
        </extensions>
      </trkpt>
      <trkpt lat="47.3414924" lon="7.9060871">
        <ele>406.5</ele>
        <time>2026-09-15T14:11:55Z</time>
        <extensions>
          <gpxdata:distance>13798.32</gpxdata:distance>
          <gpxdata:speed>0.807</gpxdata:speed>
        </extensions>
      </trkpt>
      <trkpt lat="47.3417004" lon="7.9059041">
        <ele>408.7</ele>
        <time>2026-09-15T14:12:28Z</time>
        <extensions>
          <gpxdata:distance>13825.25</gpxdata:distance>
          <gpxdata:speed>0.803</gpxdata:speed>
        </extensions>
      </trkpt>
      <trkpt lat="47.3417004" lon="7.9059041">
        <ele>408.7</ele>
        <time>2026-09-15T14:12:28Z</time>
        <extensions>
          <gpxdata:distance>13825.25</gpxdata:distance>
          <gpxdata:speed>0.000</gpxdata:speed>
        </extensions>
      </trkpt>
      <trkpt lat="47.3417174" lon="7.9059571">
        <ele>408.5</ele>
        <time>2026-09-15T14:12:34Z</time>
        <extensions>
          <gpxdata:distance>13829.66</gpxdata:distance>
          <gpxdata:speed>0.814</gpxdata:speed>
        </extensions>
      </trkpt>
      <trkpt lat="47.3417174" lon="7.9059571">
        <ele>408.5</ele>
        <time>2026-09-15T14:12:34Z</time>
        <extensions>
          <gpxdata:distance>13829.66</gpxdata:distance>
          <gpxdata:speed>0.000</gpxdata:speed>
        </extensions>
      </trkpt>
      <trkpt lat="47.3418794" lon="7.9059321">
        <ele>405.5</ele>
        <time>2026-09-15T14:12:53Z</time>
        <extensions>
          <gpxdata:distance>13847.78</gpxdata:distance>
          <gpxdata:speed>0.929</gpxdata:speed>
        </extensions>
      </trkpt>
      <trkpt lat="47.3418974" lon="7.9059451">
        <ele>405.0</ele>
        <time>2026-09-15T14:12:56Z</time>
        <extensions>
          <gpxdata:distance>13850.00</gpxdata:distance>
          <gpxdata:speed>0.952</gpxdata:speed>
        </extensions>
      </trkpt>
      <trkpt lat="47.3419784" lon="7.9059721">
        <ele>403.3</ele>
        <time>2026-09-15T14:13:05Z</time>
        <extensions>
          <gpxdata:distance>13859.24</gpxdata:distance>
          <gpxdata:speed>1.001</gpxdata:speed>
        </extensions>
      </trkpt>
      <trkpt lat="47.3420144" lon="7.9059861">
        <ele>402.7</ele>
        <time>2026-09-15T14:13:09Z</time>
        <extensions>
          <gpxdata:distance>13863.38</gpxdata:distance>
          <gpxdata:speed>0.970</gpxdata:speed>
        </extensions>
      </trkpt>
      <trkpt lat="47.3420504" lon="7.9059861">
        <ele>402.0</ele>
        <time>2026-09-15T14:13:13Z</time>
        <extensions>
          <gpxdata:distance>13867.38</gpxdata:distance>
          <gpxdata:speed>0.932</gpxdata:speed>
        </extensions>
      </trkpt>
      <trkpt lat="47.3421494" lon="7.9059741">
        <ele>400.1</ele>
        <time>2026-09-15T14:13:25Z</time>
        <extensions>
          <gpxdata:distance>13878.43</gpxdata:distance>
          <gpxdata:speed>0.924</gpxdata:speed>
        </extensions>
      </trkpt>
      <trkpt lat="47.3421854" lon="7.9059741">
        <ele>399.5</ele>
        <time>2026-09-15T14:13:30Z</time>
        <extensions>
          <gpxdata:distance>13882.43</gpxdata:distance>
          <gpxdata:speed>0.925</gpxdata:speed>
        </extensions>
      </trkpt>
      <trkpt lat="47.3422124" lon="7.9059881">
        <ele>398.9</ele>
        <time>2026-09-15T14:13:33Z</time>
        <extensions>
          <gpxdata:distance>13885.61</gpxdata:distance>
          <gpxdata:speed>0.911</gpxdata:speed>
        </extensions>
      </trkpt>
      <trkpt lat="47.3422844" lon="7.9060151">
        <ele>397.0</ele>
        <time>2026-09-15T14:13:42Z</time>
        <extensions>
          <gpxdata:distance>13893.87</gpxdata:distance>
          <gpxdata:speed>0.900</gpxdata:speed>
        </extensions>
      </trkpt>
      <trkpt lat="47.3423204" lon="7.9060281">
        <ele>396.2</ele>
        <time>2026-09-15T14:13:47Z</time>
        <extensions>
          <gpxdata:distance>13897.99</gpxdata:distance>
          <gpxdata:speed>0.892</gpxdata:speed>
        </extensions>
      </trkpt>
      <trkpt lat="47.3423474" lon="7.9060281">
        <ele>395.6</ele>
        <time>2026-09-15T14:13:50Z</time>
        <extensions>
          <gpxdata:distance>13901.00</gpxdata:distance>
          <gpxdata:speed>0.893</gpxdata:speed>
        </extensions>
      </trkpt>
      <trkpt lat="47.3423564" lon="7.9060151">
        <ele>395.2</ele>
        <time>2026-09-15T14:13:52Z</time>
        <extensions>
          <gpxdata:distance>13902.40</gpxdata:distance>
          <gpxdata:speed>0.889</gpxdata:speed>
        </extensions>
      </trkpt>
      <trkpt lat="47.3423744" lon="7.9060151">
        <ele>394.9</ele>
        <time>2026-09-15T14:13:54Z</time>
        <extensions>
          <gpxdata:distance>13904.40</gpxdata:distance>
          <gpxdata:speed>0.885</gpxdata:speed>
        </extensions>
      </trkpt>
      <trkpt lat="47.3423834" lon="7.9059891">
        <ele>394.6</ele>
        <time>2026-09-15T14:13:57Z</time>
        <extensions>
          <gpxdata:distance>13906.60</gpxdata:distance>
          <gpxdata:speed>0.887</gpxdata:speed>
        </extensions>
      </trkpt>
      <trkpt lat="47.3424014" lon="7.9059631">
        <ele>394.2</ele>
        <time>2026-09-15T14:14:00Z</time>
        <extensions>
          <gpxdata:distance>13909.40</gpxdata:distance>
          <gpxdata:speed>0.885</gpxdata:speed>
        </extensions>
      </trkpt>
      <trkpt lat="47.3424024" lon="7.9057251">
        <ele>395.2</ele>
        <time>2026-09-15T14:14:20Z</time>
        <extensions>
          <gpxdata:distance>13927.33</gpxdata:distance>
          <gpxdata:speed>0.899</gpxdata:speed>
        </extensions>
      </trkpt>
      <trkpt lat="47.3424114" lon="7.9056721">
        <ele>395.1</ele>
        <time>2026-09-15T14:14:24Z</time>
        <extensions>
          <gpxdata:distance>13931.45</gpxdata:distance>
          <gpxdata:speed>0.913</gpxdata:speed>
        </extensions>
      </trkpt>
      <trkpt lat="47.3424294" lon="7.9056061">
        <ele>394.0</ele>
        <time>2026-09-15T14:14:30Z</time>
        <extensions>
          <gpxdata:distance>13936.81</gpxdata:distance>
          <gpxdata:speed>0.927</gpxdata:speed>
        </extensions>
      </trkpt>
      <trkpt lat="47.3424384" lon="7.9055931">
        <ele>393.0</ele>
        <time>2026-09-15T14:14:32Z</time>
        <extensions>
          <gpxdata:distance>13938.21</gpxdata:distance>
          <gpxdata:speed>0.916</gpxdata:speed>
        </extensions>
      </trkpt>
      <trkpt lat="47.3424564" lon="7.9055661">
        <ele>390.6</ele>
        <time>2026-09-15T14:14:35Z</time>
        <extensions>
          <gpxdata:distance>13941.06</gpxdata:distance>
          <gpxdata:speed>0.917</gpxdata:speed>
        </extensions>
      </trkpt>
      <trkpt lat="47.3426194" lon="7.9054881">
        <ele>390.7</ele>
        <time>2026-09-15T14:14:55Z</time>
        <extensions>
          <gpxdata:distance>13960.12</gpxdata:distance>
          <gpxdata:speed>0.918</gpxdata:speed>
        </extensions>
      </trkpt>
      <trkpt lat="47.3426464" lon="7.9054751">
        <ele>390.6</ele>
        <time>2026-09-15T14:14:59Z</time>
        <extensions>
          <gpxdata:distance>13963.27</gpxdata:distance>
          <gpxdata:speed>0.923</gpxdata:speed>
        </extensions>
      </trkpt>
      <trkpt lat="47.3426824" lon="7.9054621">
        <ele>390.6</ele>
        <time>2026-09-15T14:15:03Z</time>
        <extensions>
          <gpxdata:distance>13967.40</gpxdata:distance>
          <gpxdata:speed>0.931</gpxdata:speed>
        </extensions>
      </trkpt>
      <trkpt lat="47.3427364" lon="7.9054631">
        <ele>390.6</ele>
        <time>2026-09-15T14:15:10Z</time>
        <extensions>
          <gpxdata:distance>13973.40</gpxdata:distance>
          <gpxdata:speed>0.941</gpxdata:speed>
        </extensions>
      </trkpt>
      <trkpt lat="47.3427634" lon="7.9054631">
        <ele>390.6</ele>
        <time>2026-09-15T14:15:13Z</time>
        <extensions>
          <gpxdata:distance>13976.40</gpxdata:distance>
          <gpxdata:speed>0.901</gpxdata:speed>
        </extensions>
      </trkpt>
      <trkpt lat="47.3428254" lon="7.9055031">
        <ele>390.6</ele>
        <time>2026-09-15T14:15:21Z</time>
        <extensions>
          <gpxdata:distance>13983.93</gpxdata:distance>
          <gpxdata:speed>0.910</gpxdata:speed>
        </extensions>
      </trkpt>
      <trkpt lat="47.3428974" lon="7.9055171">
        <ele>390.6</ele>
        <time>2026-09-15T14:15:30Z</time>
        <extensions>
          <gpxdata:distance>13992.00</gpxdata:distance>
          <gpxdata:speed>0.936</gpxdata:speed>
        </extensions>
      </trkpt>
      <trkpt lat="47.3429604" lon="7.9055571">
        <ele>390.5</ele>
        <time>2026-09-15T14:15:38Z</time>
        <extensions>
          <gpxdata:distance>13999.63</gpxdata:distance>
          <gpxdata:speed>0.960</gpxdata:speed>
        </extensions>
      </trkpt>
      <trkpt lat="47.3429784" lon="7.9055711">
        <ele>390.5</ele>
        <time>2026-09-15T14:15:40Z</time>
        <extensions>
          <gpxdata:distance>14001.89</gpxdata:distance>
          <gpxdata:speed>1.010</gpxdata:speed>
        </extensions>
      </trkpt>
      <trkpt lat="47.3430314" lon="7.9057571">
        <ele>390.5</ele>
        <time>2026-09-15T14:15:55Z</time>
        <extensions>
          <gpxdata:distance>14017.09</gpxdata:distance>
          <gpxdata:speed>1.008</gpxdata:speed>
        </extensions>
      </trkpt>
      <trkpt lat="47.3430584" lon="7.9057831">
        <ele>390.5</ele>
        <time>2026-09-15T14:15:59Z</time>
        <extensions>
          <gpxdata:distance>14020.68</gpxdata:distance>
          <gpxdata:speed>1.010</gpxdata:speed>
        </extensions>
      </trkpt>
      <trkpt lat="47.3430764" lon="7.9058101">
        <ele>390.4</ele>
        <time>2026-09-15T14:16:01Z</time>
        <extensions>
          <gpxdata:distance>14023.53</gpxdata:distance>
          <gpxdata:speed>1.008</gpxdata:speed>
        </extensions>
      </trkpt>
      <trkpt lat="47.3431034" lon="7.9058231">
        <ele>390.6</ele>
        <time>2026-09-15T14:16:05Z</time>
        <extensions>
          <gpxdata:distance>14026.69</gpxdata:distance>
          <gpxdata:speed>1.012</gpxdata:speed>
        </extensions>
      </trkpt>
      <trkpt lat="47.3431214" lon="7.9058371">
        <ele>390.6</ele>
        <time>2026-09-15T14:16:07Z</time>
        <extensions>
          <gpxdata:distance>14028.95</gpxdata:distance>
          <gpxdata:speed>1.012</gpxdata:speed>
        </extensions>
      </trkpt>
      <trkpt lat="47.3431664" lon="7.9058371">
        <ele>390.6</ele>
        <time>2026-09-15T14:16:12Z</time>
        <extensions>
          <gpxdata:distance>14033.96</gpxdata:distance>
          <gpxdata:speed>1.012</gpxdata:speed>
        </extensions>
      </trkpt>
      <trkpt lat="47.3431844" lon="7.9058511">
        <ele>390.6</ele>
        <time>2026-09-15T14:16:14Z</time>
        <extensions>
          <gpxdata:distance>14036.22</gpxdata:distance>
          <gpxdata:speed>1.012</gpxdata:speed>
        </extensions>
      </trkpt>
      <trkpt lat="47.3432114" lon="7.9058511">
        <ele>390.6</ele>
        <time>2026-09-15T14:16:17Z</time>
        <extensions>
          <gpxdata:distance>14039.22</gpxdata:distance>
          <gpxdata:speed>1.006</gpxdata:speed>
        </extensions>
      </trkpt>
      <trkpt lat="47.3432294" lon="7.9058771">
        <ele>390.6</ele>
        <time>2026-09-15T14:16:20Z</time>
        <extensions>
          <gpxdata:distance>14042.02</gpxdata:distance>
          <gpxdata:speed>1.006</gpxdata:speed>
        </extensions>
      </trkpt>
      <trkpt lat="47.3432384" lon="7.9059041">
        <ele>390.6</ele>
        <time>2026-09-15T14:16:22Z</time>
        <extensions>
          <gpxdata:distance>14044.29</gpxdata:distance>
          <gpxdata:speed>1.003</gpxdata:speed>
        </extensions>
      </trkpt>
      <trkpt lat="47.3432564" lon="7.9059171">
        <ele>390.6</ele>
        <time>2026-09-15T14:16:24Z</time>
        <extensions>
          <gpxdata:distance>14046.52</gpxdata:distance>
          <gpxdata:speed>1.003</gpxdata:speed>
        </extensions>
      </trkpt>
      <trkpt lat="47.3432734" lon="7.9059311">
        <ele>390.6</ele>
        <time>2026-09-15T14:16:26Z</time>
        <extensions>
          <gpxdata:distance>14048.68</gpxdata:distance>
          <gpxdata:speed>0.992</gpxdata:speed>
        </extensions>
      </trkpt>
      <trkpt lat="47.3432824" lon="7.9059311">
        <ele>390.6</ele>
        <time>2026-09-15T14:16:27Z</time>
        <extensions>
          <gpxdata:distance>14049.68</gpxdata:distance>
          <gpxdata:speed>1.012</gpxdata:speed>
        </extensions>
      </trkpt>
      <trkpt lat="47.3433104" lon="7.9059181">
        <ele>390.7</ele>
        <time>2026-09-15T14:16:31Z</time>
        <extensions>
          <gpxdata:distance>14052.95</gpxdata:distance>
          <gpxdata:speed>1.002</gpxdata:speed>
        </extensions>
      </trkpt>
      <trkpt lat="47.3433464" lon="7.9058781">
        <ele>390.6</ele>
        <time>2026-09-15T14:16:36Z</time>
        <extensions>
          <gpxdata:distance>14057.96</gpxdata:distance>
          <gpxdata:speed>1.012</gpxdata:speed>
        </extensions>
      </trkpt>
      <trkpt lat="47.3433734" lon="7.9058651">
        <ele>390.7</ele>
        <time>2026-09-15T14:16:39Z</time>
        <extensions>
          <gpxdata:distance>14061.12</gpxdata:distance>
          <gpxdata:speed>1.002</gpxdata:speed>
        </extensions>
      </trkpt>
      <trkpt lat="47.3436255" lon="7.9057491">
        <ele>390.7</ele>
        <time>2026-09-15T14:17:08Z</time>
        <extensions>
          <gpxdata:distance>14090.48</gpxdata:distance>
          <gpxdata:speed>1.007</gpxdata:speed>
        </extensions>
      </trkpt>
      <trkpt lat="47.3438685" lon="7.9056581">
        <ele>390.8</ele>
        <time>2026-09-15T14:17:36Z</time>
        <extensions>
          <gpxdata:distance>14118.36</gpxdata:distance>
          <gpxdata:speed>1.006</gpxdata:speed>
        </extensions>
      </trkpt>
      <trkpt lat="47.3440125" lon="7.9055931">
        <ele>390.9</ele>
        <time>2026-09-15T14:17:52Z</time>
        <extensions>
          <gpxdata:distance>14135.10</gpxdata:distance>
          <gpxdata:speed>1.004</gpxdata:speed>
        </extensions>
      </trkpt>
      <trkpt lat="47.3440845" lon="7.9055671">
        <ele>391.0</ele>
        <time>2026-09-15T14:18:01Z</time>
        <extensions>
          <gpxdata:distance>14143.34</gpxdata:distance>
          <gpxdata:speed>1.002</gpxdata:speed>
        </extensions>
      </trkpt>
      <trkpt lat="47.3443825" lon="7.9054511">
        <ele>392.7</ele>
        <time>2026-09-15T14:18:36Z</time>
        <extensions>
          <gpxdata:distance>14177.61</gpxdata:distance>
          <gpxdata:speed>0.971</gpxdata:speed>
        </extensions>
      </trkpt>
      <trkpt lat="47.3445085" lon="7.9054121">
        <ele>393.2</ele>
        <time>2026-09-15T14:18:51Z</time>
        <extensions>
          <gpxdata:distance>14191.93</gpxdata:distance>
          <gpxdata:speed>0.966</gpxdata:speed>
        </extensions>
      </trkpt>
      <trkpt lat="47.3447425" lon="7.9053881">
        <ele>393.3</ele>
        <time>2026-09-15T14:19:18Z</time>
        <extensions>
          <gpxdata:distance>14218.01</gpxdata:distance>
          <gpxdata:speed>0.972</gpxdata:speed>
        </extensions>
      </trkpt>
      <trkpt lat="47.3449855" lon="7.9053371">
        <ele>393.9</ele>
        <time>2026-09-15T14:19:46Z</time>
        <extensions>
          <gpxdata:distance>14245.30</gpxdata:distance>
          <gpxdata:speed>0.968</gpxdata:speed>
        </extensions>
      </trkpt>
      <trkpt lat="47.3450485" lon="7.9053381">
        <ele>393.7</ele>
        <time>2026-09-15T14:19:53Z</time>
        <extensions>
          <gpxdata:distance>14252.31</gpxdata:distance>
          <gpxdata:speed>0.973</gpxdata:speed>
        </extensions>
      </trkpt>
      <trkpt lat="47.3450485" lon="7.9053381">
        <ele>393.7</ele>
        <time>2026-09-15T14:19:53Z</time>
        <extensions>
          <gpxdata:distance>14252.31</gpxdata:distance>
          <gpxdata:speed>0.000</gpxdata:speed>
        </extensions>
      </trkpt>
      <trkpt lat="47.3451115" lon="7.9053511">
        <ele>393.3</ele>
        <time>2026-09-15T14:20:00Z</time>
        <extensions>
          <gpxdata:distance>14259.38</gpxdata:distance>
          <gpxdata:speed>0.967</gpxdata:speed>
        </extensions>
      </trkpt>
      <trkpt lat="47.3452285" lon="7.9053791">
        <ele>392.4</ele>
        <time>2026-09-15T14:20:14Z</time>
        <extensions>
          <gpxdata:distance>14272.56</gpxdata:distance>
          <gpxdata:speed>0.985</gpxdata:speed>
        </extensions>
      </trkpt>
      <trkpt lat="47.3453085" lon="7.9053791">
        <ele>391.8</ele>
        <time>2026-09-15T14:20:23Z</time>
        <extensions>
          <gpxdata:distance>14281.46</gpxdata:distance>
          <gpxdata:speed>0.998</gpxdata:speed>
        </extensions>
      </trkpt>
      <trkpt lat="47.3454345" lon="7.9053811">
        <ele>390.9</ele>
        <time>2026-09-15T14:20:37Z</time>
        <extensions>
          <gpxdata:distance>14295.47</gpxdata:distance>
          <gpxdata:speed>0.993</gpxdata:speed>
        </extensions>
      </trkpt>
      <trkpt lat="47.3454525" lon="7.9053811">
        <ele>390.9</ele>
        <time>2026-09-15T14:20:39Z</time>
        <extensions>
          <gpxdata:distance>14297.47</gpxdata:distance>
          <gpxdata:speed>0.984</gpxdata:speed>
        </extensions>
      </trkpt>
      <trkpt lat="47.3454705" lon="7.9053941">
        <ele>390.8</ele>
        <time>2026-09-15T14:20:41Z</time>
        <extensions>
          <gpxdata:distance>14299.70</gpxdata:distance>
          <gpxdata:speed>0.973</gpxdata:speed>
        </extensions>
      </trkpt>
      <trkpt lat="47.3454795" lon="7.9053941">
        <ele>390.9</ele>
        <time>2026-09-15T14:20:42Z</time>
        <extensions>
          <gpxdata:distance>14300.70</gpxdata:distance>
          <gpxdata:speed>0.944</gpxdata:speed>
        </extensions>
      </trkpt>
      <trkpt lat="47.3454795" lon="7.9053941">
        <ele>390.9</ele>
        <time>2026-09-15T14:20:42Z</time>
        <extensions>
          <gpxdata:distance>14300.70</gpxdata:distance>
          <gpxdata:speed>0.000</gpxdata:speed>
        </extensions>
      </trkpt>
      <trkpt lat="47.3456415" lon="7.9053691">
        <ele>390.8</ele>
        <time>2026-09-15T14:21:01Z</time>
        <extensions>
          <gpxdata:distance>14318.81</gpxdata:distance>
          <gpxdata:speed>0.956</gpxdata:speed>
        </extensions>
      </trkpt>
      <trkpt lat="47.3456415" lon="7.9053691">
        <ele>390.8</ele>
        <time>2026-09-15T14:21:01Z</time>
        <extensions>
          <gpxdata:distance>14318.81</gpxdata:distance>
          <gpxdata:speed>0.000</gpxdata:speed>
        </extensions>
      </trkpt>
      <trkpt lat="47.3456505" lon="7.9053561">
        <ele>390.8</ele>
        <time>2026-09-15T14:21:02Z</time>
        <extensions>
          <gpxdata:distance>14320.21</gpxdata:distance>
          <gpxdata:speed>0.969</gpxdata:speed>
        </extensions>
      </trkpt>
      <trkpt lat="47.3456685" lon="7.9053431">
        <ele>390.9</ele>
        <time>2026-09-15T14:21:05Z</time>
        <extensions>
          <gpxdata:distance>14322.44</gpxdata:distance>
          <gpxdata:speed>0.984</gpxdata:speed>
        </extensions>
      </trkpt>
      <trkpt lat="47.3456775" lon="7.9053301">
        <ele>390.7</ele>
        <time>2026-09-15T14:21:06Z</time>
        <extensions>
          <gpxdata:distance>14323.84</gpxdata:distance>
          <gpxdata:speed>1.003</gpxdata:speed>
        </extensions>
      </trkpt>
      <trkpt lat="47.3457955" lon="7.9052911">
        <ele>391.5</ele>
        <time>2026-09-15T14:21:20Z</time>
        <extensions>
          <gpxdata:distance>14337.28</gpxdata:distance>
          <gpxdata:speed>0.974</gpxdata:speed>
        </extensions>
      </trkpt>
      <trkpt lat="47.3459305" lon="7.9052391">
        <ele>392.3</ele>
        <time>2026-09-15T14:21:36Z</time>
        <extensions>
          <gpxdata:distance>14352.80</gpxdata:distance>
          <gpxdata:speed>0.941</gpxdata:speed>
        </extensions>
      </trkpt>
      <trkpt lat="47.3459575" lon="7.9052401">
        <ele>392.5</ele>
        <time>2026-09-15T14:21:40Z</time>
        <extensions>
          <gpxdata:distance>14355.80</gpxdata:distance>
          <gpxdata:speed>0.939</gpxdata:speed>
        </extensions>
      </trkpt>
      <trkpt lat="47.3460835" lon="7.9051611">
        <ele>393.3</ele>
        <time>2026-09-15T14:21:56Z</time>
        <extensions>
          <gpxdata:distance>14371.02</gpxdata:distance>
          <gpxdata:speed>0.926</gpxdata:speed>
        </extensions>
      </trkpt>
      <trkpt lat="47.3461465" lon="7.9051351">
        <ele>393.6</ele>
        <time>2026-09-15T14:22:04Z</time>
        <extensions>
          <gpxdata:distance>14378.30</gpxdata:distance>
          <gpxdata:speed>0.893</gpxdata:speed>
        </extensions>
      </trkpt>
      <trkpt lat="47.3461555" lon="7.9051351">
        <ele>393.6</ele>
        <time>2026-09-15T14:22:05Z</time>
        <extensions>
          <gpxdata:distance>14379.30</gpxdata:distance>
          <gpxdata:speed>0.895</gpxdata:speed>
        </extensions>
      </trkpt>
      <trkpt lat="47.3461555" lon="7.9050961">
        <ele>393.6</ele>
        <time>2026-09-15T14:22:09Z</time>
        <extensions>
          <gpxdata:distance>14382.24</gpxdata:distance>
          <gpxdata:speed>0.898</gpxdata:speed>
        </extensions>
      </trkpt>
      <trkpt lat="47.3461555" lon="7.9050961">
        <ele>393.6</ele>
        <time>2026-09-15T14:22:09Z</time>
        <extensions>
          <gpxdata:distance>14382.24</gpxdata:distance>
          <gpxdata:speed>0.000</gpxdata:speed>
        </extensions>
      </trkpt>
      <trkpt lat="47.3462545" lon="7.9050831">
        <ele>393.3</ele>
        <time>2026-09-15T14:22:21Z</time>
        <extensions>
          <gpxdata:distance>14393.29</gpxdata:distance>
          <gpxdata:speed>0.917</gpxdata:speed>
        </extensions>
      </trkpt>
      <trkpt lat="47.3462545" lon="7.9050831">
        <ele>393.3</ele>
        <time>2026-09-15T14:22:21Z</time>
        <extensions>
          <gpxdata:distance>14393.29</gpxdata:distance>
          <gpxdata:speed>0.000</gpxdata:speed>
        </extensions>
      </trkpt>
      <trkpt lat="47.3462725" lon="7.9051631">
        <ele>393.4</ele>
        <time>2026-09-15T14:22:27Z</time>
        <extensions>
          <gpxdata:distance>14399.64</gpxdata:distance>
          <gpxdata:speed>0.953</gpxdata:speed>
        </extensions>
      </trkpt>
      <trkpt lat="47.3463075" lon="7.9052691">
        <ele>393.5</ele>
        <time>2026-09-15T14:22:36Z</time>
        <extensions>
          <gpxdata:distance>14408.52</gpxdata:distance>
          <gpxdata:speed>0.964</gpxdata:speed>
        </extensions>
      </trkpt>
      <trkpt lat="47.3463345" lon="7.9053621">
        <ele>394.0</ele>
        <time>2026-09-15T14:22:44Z</time>
        <extensions>
          <gpxdata:distance>14416.15</gpxdata:distance>
          <gpxdata:speed>0.973</gpxdata:speed>
        </extensions>
      </trkpt>
      <trkpt lat="47.3463965" lon="7.9054821">
        <ele>394.3</ele>
        <time>2026-09-15T14:22:56Z</time>
        <extensions>
          <gpxdata:distance>14427.52</gpxdata:distance>
          <gpxdata:speed>0.976</gpxdata:speed>
        </extensions>
      </trkpt>
      <trkpt lat="47.3464685" lon="7.9056541">
        <ele>394.8</ele>
        <time>2026-09-15T14:23:12Z</time>
        <extensions>
          <gpxdata:distance>14442.75</gpxdata:distance>
          <gpxdata:speed>0.964</gpxdata:speed>
        </extensions>
      </trkpt>
      <trkpt lat="47.3465125" lon="7.9057341">
        <ele>394.7</ele>
        <time>2026-09-15T14:23:20Z</time>
        <extensions>
          <gpxdata:distance>14450.51</gpxdata:distance>
          <gpxdata:speed>0.971</gpxdata:speed>
        </extensions>
      </trkpt>
      <trkpt lat="47.3465485" lon="7.9058271">
        <ele>394.3</ele>
        <time>2026-09-15T14:23:28Z</time>
        <extensions>
          <gpxdata:distance>14458.58</gpxdata:distance>
          <gpxdata:speed>0.989</gpxdata:speed>
        </extensions>
      </trkpt>
      <trkpt lat="47.3465755" lon="7.9059071">
        <ele>393.9</ele>
        <time>2026-09-15T14:23:35Z</time>
        <extensions>
          <gpxdata:distance>14465.32</gpxdata:distance>
          <gpxdata:speed>0.991</gpxdata:speed>
        </extensions>
      </trkpt>
      <trkpt lat="47.3466015" lon="7.9059861">
        <ele>393.6</ele>
        <time>2026-09-15T14:23:41Z</time>
        <extensions>
          <gpxdata:distance>14471.93</gpxdata:distance>
          <gpxdata:speed>1.003</gpxdata:speed>
        </extensions>
      </trkpt>
      <trkpt lat="47.3466195" lon="7.9060531">
        <ele>393.1</ele>
        <time>2026-09-15T14:23:47Z</time>
        <extensions>
          <gpxdata:distance>14477.36</gpxdata:distance>
          <gpxdata:speed>1.007</gpxdata:speed>
        </extensions>
      </trkpt>
      <trkpt lat="47.3466375" lon="7.9061591">
        <ele>392.7</ele>
        <time>2026-09-15T14:23:55Z</time>
        <extensions>
          <gpxdata:distance>14485.60</gpxdata:distance>
          <gpxdata:speed>0.999</gpxdata:speed>
        </extensions>
      </trkpt>
      <trkpt lat="47.3466375" lon="7.9061591">
        <ele>392.7</ele>
        <time>2026-09-15T14:23:55Z</time>
        <extensions>
          <gpxdata:distance>14485.60</gpxdata:distance>
          <gpxdata:speed>0.000</gpxdata:speed>
        </extensions>
      </trkpt>
      <trkpt lat="47.3466365" lon="7.9061851">
        <ele>392.7</ele>
        <time>2026-09-15T14:23:57Z</time>
        <extensions>
          <gpxdata:distance>14487.56</gpxdata:distance>
          <gpxdata:speed>0.978</gpxdata:speed>
        </extensions>
      </trkpt>
      <trkpt lat="47.3466455" lon="7.9061981">
        <ele>392.6</ele>
        <time>2026-09-15T14:23:58Z</time>
        <extensions>
          <gpxdata:distance>14488.96</gpxdata:distance>
          <gpxdata:speed>0.951</gpxdata:speed>
        </extensions>
      </trkpt>
      <trkpt lat="47.3466635" lon="7.9061991">
        <ele>392.5</ele>
        <time>2026-09-15T14:24:01Z</time>
        <extensions>
          <gpxdata:distance>14490.96</gpxdata:distance>
          <gpxdata:speed>0.943</gpxdata:speed>
        </extensions>
      </trkpt>
      <trkpt lat="47.3467715" lon="7.9061601">
        <ele>391.9</ele>
        <time>2026-09-15T14:24:14Z</time>
        <extensions>
          <gpxdata:distance>14503.32</gpxdata:distance>
          <gpxdata:speed>0.944</gpxdata:speed>
        </extensions>
      </trkpt>
      <trkpt lat="47.3467805" lon="7.9061601">
        <ele>391.9</ele>
        <time>2026-09-15T14:24:15Z</time>
        <extensions>
          <gpxdata:distance>14504.33</gpxdata:distance>
          <gpxdata:speed>0.947</gpxdata:speed>
        </extensions>
      </trkpt>
      <trkpt lat="47.3467985" lon="7.9061871">
        <ele>391.8</ele>
        <time>2026-09-15T14:24:18Z</time>
        <extensions>
          <gpxdata:distance>14507.18</gpxdata:distance>
          <gpxdata:speed>0.947</gpxdata:speed>
        </extensions>
      </trkpt>
      <trkpt lat="47.3468075" lon="7.9062261">
        <ele>391.6</ele>
        <time>2026-09-15T14:24:21Z</time>
        <extensions>
          <gpxdata:distance>14510.28</gpxdata:distance>
          <gpxdata:speed>0.954</gpxdata:speed>
        </extensions>
      </trkpt>
      <trkpt lat="47.3468255" lon="7.9063191">
        <ele>391.5</ele>
        <time>2026-09-15T14:24:28Z</time>
        <extensions>
          <gpxdata:distance>14517.57</gpxdata:distance>
          <gpxdata:speed>0.964</gpxdata:speed>
        </extensions>
      </trkpt>
      <trkpt lat="47.3468255" lon="7.9063191">
        <ele>391.5</ele>
        <time>2026-09-15T14:24:28Z</time>
        <extensions>
          <gpxdata:distance>14517.57</gpxdata:distance>
          <gpxdata:speed>0.000</gpxdata:speed>
        </extensions>
      </trkpt>
      <trkpt lat="47.3473115" lon="7.9061251">
        <ele>391.6</ele>
        <time>2026-09-15T14:25:25Z</time>
        <extensions>
          <gpxdata:distance>14573.55</gpxdata:distance>
          <gpxdata:speed>0.996</gpxdata:speed>
        </extensions>
      </trkpt>
      <trkpt lat="47.3475185" lon="7.9060471">
        <ele>391.8</ele>
        <time>2026-09-15T14:25:48Z</time>
        <extensions>
          <gpxdata:distance>14597.31</gpxdata:distance>
          <gpxdata:speed>1.003</gpxdata:speed>
        </extensions>
      </trkpt>
      <trkpt lat="47.3476265" lon="7.9060221">
        <ele>391.9</ele>
        <time>2026-09-15T14:26:00Z</time>
        <extensions>
          <gpxdata:distance>14609.46</gpxdata:distance>
          <gpxdata:speed>1.006</gpxdata:speed>
        </extensions>
      </trkpt>
      <trkpt lat="47.3478245" lon="7.9059841">
        <ele>392.0</ele>
        <time>2026-09-15T14:26:22Z</time>
        <extensions>
          <gpxdata:distance>14631.67</gpxdata:distance>
          <gpxdata:speed>1.010</gpxdata:speed>
        </extensions>
      </trkpt>
      <trkpt lat="47.3479335" lon="7.9059581">
        <ele>391.9</ele>
        <time>2026-09-15T14:26:35Z</time>
        <extensions>
          <gpxdata:distance>14643.94</gpxdata:distance>
          <gpxdata:speed>1.012</gpxdata:speed>
        </extensions>
      </trkpt>
      <trkpt lat="47.3479335" lon="7.9059581">
        <ele>391.9</ele>
        <time>2026-09-15T14:26:35Z</time>
        <extensions>
          <gpxdata:distance>14643.94</gpxdata:distance>
          <gpxdata:speed>0.000</gpxdata:speed>
        </extensions>
      </trkpt>
      <trkpt lat="47.3479335" lon="7.9058391">
        <ele>391.9</ele>
        <time>2026-09-15T14:26:43Z</time>
        <extensions>
          <gpxdata:distance>14652.91</gpxdata:distance>
          <gpxdata:speed>1.007</gpxdata:speed>
        </extensions>
      </trkpt>
      <trkpt lat="47.3480055" lon="7.9058131">
        <ele>391.8</ele>
        <time>2026-09-15T14:26:52Z</time>
        <extensions>
          <gpxdata:distance>14661.15</gpxdata:distance>
          <gpxdata:speed>1.007</gpxdata:speed>
        </extensions>
      </trkpt>
      <trkpt lat="47.3481315" lon="7.9057751">
        <ele>391.8</ele>
        <time>2026-09-15T14:27:06Z</time>
        <extensions>
          <gpxdata:distance>14675.45</gpxdata:distance>
          <gpxdata:speed>1.008</gpxdata:speed>
        </extensions>
      </trkpt>
      <trkpt lat="47.3485005" lon="7.9057251">
        <ele>391.5</ele>
        <time>2026-09-15T14:27:47Z</time>
        <extensions>
          <gpxdata:distance>14716.65</gpxdata:distance>
          <gpxdata:speed>1.011</gpxdata:speed>
        </extensions>
      </trkpt>
      <trkpt lat="47.3487525" lon="7.9057011">
        <ele>390.5</ele>
        <time>2026-09-15T14:28:15Z</time>
        <extensions>
          <gpxdata:distance>14744.73</gpxdata:distance>
          <gpxdata:speed>1.001</gpxdata:speed>
        </extensions>
      </trkpt>
      <trkpt lat="47.3488605" lon="7.9057021">
        <ele>390.4</ele>
        <time>2026-09-15T14:28:27Z</time>
        <extensions>
          <gpxdata:distance>14756.74</gpxdata:distance>
          <gpxdata:speed>0.999</gpxdata:speed>
        </extensions>
      </trkpt>
      <trkpt lat="47.3488605" lon="7.9057021">
        <ele>390.4</ele>
        <time>2026-09-15T14:28:27Z</time>
        <extensions>
          <gpxdata:distance>14756.74</gpxdata:distance>
          <gpxdata:speed>0.000</gpxdata:speed>
        </extensions>
      </trkpt>
      <trkpt lat="47.3489325" lon="7.9056891">
        <ele>390.3</ele>
        <time>2026-09-15T14:28:35Z</time>
        <extensions>
          <gpxdata:distance>14764.81</gpxdata:distance>
          <gpxdata:speed>0.995</gpxdata:speed>
        </extensions>
      </trkpt>
      <trkpt lat="47.3490405" lon="7.9056771">
        <ele>390.3</ele>
        <time>2026-09-15T14:28:47Z</time>
        <extensions>
          <gpxdata:distance>14776.85</gpxdata:distance>
          <gpxdata:speed>0.997</gpxdata:speed>
        </extensions>
      </trkpt>
      <trkpt lat="47.3491395" lon="7.9056781">
        <ele>390.3</ele>
        <time>2026-09-15T14:28:58Z</time>
        <extensions>
          <gpxdata:distance>14787.86</gpxdata:distance>
          <gpxdata:speed>0.997</gpxdata:speed>
        </extensions>
      </trkpt>
      <trkpt lat="47.3492205" lon="7.9056921">
        <ele>390.2</ele>
        <time>2026-09-15T14:29:07Z</time>
        <extensions>
          <gpxdata:distance>14796.93</gpxdata:distance>
          <gpxdata:speed>0.997</gpxdata:speed>
        </extensions>
      </trkpt>
      <trkpt lat="47.3493285" lon="7.9057321">
        <ele>390.1</ele>
        <time>2026-09-15T14:29:19Z</time>
        <extensions>
          <gpxdata:distance>14809.31</gpxdata:distance>
          <gpxdata:speed>0.996</gpxdata:speed>
        </extensions>
      </trkpt>
      <trkpt lat="47.3493285" lon="7.9057321">
        <ele>390.1</ele>
        <time>2026-09-15T14:29:19Z</time>
        <extensions>
          <gpxdata:distance>14809.31</gpxdata:distance>
          <gpxdata:speed>0.000</gpxdata:speed>
        </extensions>
      </trkpt>
      <trkpt lat="47.3493735" lon="7.9057461">
        <ele>390.7</ele>
        <time>2026-09-15T14:29:24Z</time>
        <extensions>
          <gpxdata:distance>14814.42</gpxdata:distance>
          <gpxdata:speed>1.005</gpxdata:speed>
        </extensions>
      </trkpt>
      <trkpt lat="47.3494535" lon="7.9057731">
        <ele>390.6</ele>
        <time>2026-09-15T14:29:34Z</time>
        <extensions>
          <gpxdata:distance>14823.55</gpxdata:distance>
          <gpxdata:speed>1.005</gpxdata:speed>
        </extensions>
      </trkpt>
      <trkpt lat="47.3495255" lon="7.9058401">
        <ele>390.8</ele>
        <time>2026-09-15T14:29:43Z</time>
        <extensions>
          <gpxdata:distance>14833.01</gpxdata:distance>
          <gpxdata:speed>0.999</gpxdata:speed>
        </extensions>
      </trkpt>
      <trkpt lat="47.3495615" lon="7.9058531">
        <ele>390.6</ele>
        <time>2026-09-15T14:29:47Z</time>
        <extensions>
          <gpxdata:distance>14837.13</gpxdata:distance>
          <gpxdata:speed>1.002</gpxdata:speed>
        </extensions>
      </trkpt>
      <trkpt lat="47.3495615" lon="7.9058531">
        <ele>390.6</ele>
        <time>2026-09-15T14:29:47Z</time>
        <extensions>
          <gpxdata:distance>14837.13</gpxdata:distance>
          <gpxdata:speed>0.000</gpxdata:speed>
        </extensions>
      </trkpt>
      <trkpt lat="47.3496155" lon="7.9058541">
        <ele>390.6</ele>
        <time>2026-09-15T14:29:53Z</time>
        <extensions>
          <gpxdata:distance>14843.14</gpxdata:distance>
          <gpxdata:speed>0.999</gpxdata:speed>
        </extensions>
      </trkpt>
      <trkpt lat="47.3496425" lon="7.9058411">
        <ele>390.6</ele>
        <time>2026-09-15T14:29:56Z</time>
        <extensions>
          <gpxdata:distance>14846.30</gpxdata:distance>
          <gpxdata:speed>0.992</gpxdata:speed>
        </extensions>
      </trkpt>
      <trkpt lat="47.3497865" lon="7.9058421">
        <ele>390.7</ele>
        <time>2026-09-15T14:30:13Z</time>
        <extensions>
          <gpxdata:distance>14862.31</gpxdata:distance>
          <gpxdata:speed>0.984</gpxdata:speed>
        </extensions>
      </trkpt>
      <trkpt lat="47.3500915" lon="7.9059241">
        <ele>390.8</ele>
        <time>2026-09-15T14:30:47Z</time>
        <extensions>
          <gpxdata:distance>14896.78</gpxdata:distance>
          <gpxdata:speed>0.992</gpxdata:speed>
        </extensions>
      </trkpt>
      <trkpt lat="47.3502355" lon="7.9059651">
        <ele>390.6</ele>
        <time>2026-09-15T14:31:04Z</time>
        <extensions>
          <gpxdata:distance>14913.09</gpxdata:distance>
          <gpxdata:speed>1.011</gpxdata:speed>
        </extensions>
      </trkpt>
      <trkpt lat="47.3508015" lon="7.9061021">
        <ele>390.6</ele>
        <time>2026-09-15T14:32:07Z</time>
        <extensions>
          <gpxdata:distance>14976.87</gpxdata:distance>
          <gpxdata:speed>1.012</gpxdata:speed>
        </extensions>
      </trkpt>
      <trkpt lat="47.3511795" lon="7.9061981">
        <ele>390.8</ele>
        <time>2026-09-15T14:32:49Z</time>
        <extensions>
          <gpxdata:distance>15019.52</gpxdata:distance>
          <gpxdata:speed>1.012</gpxdata:speed>
        </extensions>
      </trkpt>
      <trkpt lat="47.3511795" lon="7.9061981">
        <ele>390.8</ele>
        <time>2026-09-15T14:32:49Z</time>
        <extensions>
          <gpxdata:distance>15019.52</gpxdata:distance>
          <gpxdata:speed>0.000</gpxdata:speed>
        </extensions>
      </trkpt>
      <trkpt lat="47.3512595" lon="7.9062261">
        <ele>390.9</ele>
        <time>2026-09-15T14:32:58Z</time>
        <extensions>
          <gpxdata:distance>15028.66</gpxdata:distance>
          <gpxdata:speed>1.008</gpxdata:speed>
        </extensions>
      </trkpt>
      <trkpt lat="47.3513405" lon="7.9062661">
        <ele>391.5</ele>
        <time>2026-09-15T14:33:07Z</time>
        <extensions>
          <gpxdata:distance>15038.16</gpxdata:distance>
          <gpxdata:speed>1.001</gpxdata:speed>
        </extensions>
      </trkpt>
      <trkpt lat="47.3513405" lon="7.9062661">
        <ele>391.5</ele>
        <time>2026-09-15T14:33:07Z</time>
        <extensions>
          <gpxdata:distance>15038.16</gpxdata:distance>
          <gpxdata:speed>0.000</gpxdata:speed>
        </extensions>
      </trkpt>
      <trkpt lat="47.3514395" lon="7.9062931">
        <ele>391.7</ele>
        <time>2026-09-15T14:33:18Z</time>
        <extensions>
          <gpxdata:distance>15049.35</gpxdata:distance>
          <gpxdata:speed>0.999</gpxdata:speed>
        </extensions>
      </trkpt>
      <trkpt lat="47.3514395" lon="7.9062931">
        <ele>391.7</ele>
        <time>2026-09-15T14:33:18Z</time>
        <extensions>
          <gpxdata:distance>15049.35</gpxdata:distance>
          <gpxdata:speed>0.000</gpxdata:speed>
        </extensions>
      </trkpt>
      <trkpt lat="47.3516825" lon="7.9063621">
        <ele>392.0</ele>
        <time>2026-09-15T14:33:46Z</time>
        <extensions>
          <gpxdata:distance>15076.87</gpxdata:distance>
          <gpxdata:speed>0.991</gpxdata:speed>
        </extensions>
      </trkpt>
      <trkpt lat="47.3516825" lon="7.9063621">
        <ele>392.0</ele>
        <time>2026-09-15T14:33:46Z</time>
        <extensions>
          <gpxdata:distance>15076.87</gpxdata:distance>
          <gpxdata:speed>0.000</gpxdata:speed>
        </extensions>
      </trkpt>
      <trkpt lat="47.3518075" lon="7.9063891">
        <ele>391.6</ele>
        <time>2026-09-15T14:34:00Z</time>
        <extensions>
          <gpxdata:distance>15090.91</gpxdata:distance>
          <gpxdata:speed>0.984</gpxdata:speed>
        </extensions>
      </trkpt>
      <trkpt lat="47.3518075" lon="7.9063891">
        <ele>391.6</ele>
        <time>2026-09-15T14:34:00Z</time>
        <extensions>
          <gpxdata:distance>15090.91</gpxdata:distance>
          <gpxdata:speed>0.000</gpxdata:speed>
        </extensions>
      </trkpt>
      <trkpt lat="47.3520235" lon="7.9064311">
        <ele>391.8</ele>
        <time>2026-09-15T14:34:25Z</time>
        <extensions>
          <gpxdata:distance>15115.14</gpxdata:distance>
          <gpxdata:speed>0.986</gpxdata:speed>
        </extensions>
      </trkpt>
      <trkpt lat="47.3521855" lon="7.9064591">
        <ele>391.3</ele>
        <time>2026-09-15T14:34:43Z</time>
        <extensions>
          <gpxdata:distance>15133.28</gpxdata:distance>
          <gpxdata:speed>1.010</gpxdata:speed>
        </extensions>
      </trkpt>
      <trkpt lat="47.3521855" lon="7.9064591">
        <ele>391.3</ele>
        <time>2026-09-15T14:34:43Z</time>
        <extensions>
          <gpxdata:distance>15133.28</gpxdata:distance>
          <gpxdata:speed>0.000</gpxdata:speed>
        </extensions>
      </trkpt>
      <trkpt lat="47.3521945" lon="7.9064721">
        <ele>391.1</ele>
        <time>2026-09-15T14:34:44Z</time>
        <extensions>
          <gpxdata:distance>15134.68</gpxdata:distance>
          <gpxdata:speed>1.003</gpxdata:speed>
        </extensions>
      </trkpt>
      <trkpt lat="47.3522125" lon="7.9064721">
        <ele>391.1</ele>
        <time>2026-09-15T14:34:46Z</time>
        <extensions>
          <gpxdata:distance>15136.68</gpxdata:distance>
          <gpxdata:speed>1.004</gpxdata:speed>
        </extensions>
      </trkpt>
      <trkpt lat="47.3522745" lon="7.9065521">
        <ele>391.3</ele>
        <time>2026-09-15T14:34:56Z</time>
        <extensions>
          <gpxdata:distance>15145.83</gpxdata:distance>
          <gpxdata:speed>0.999</gpxdata:speed>
        </extensions>
      </trkpt>
      <trkpt lat="47.3522745" lon="7.9065521">
        <ele>391.3</ele>
        <time>2026-09-15T14:34:56Z</time>
        <extensions>
          <gpxdata:distance>15145.83</gpxdata:distance>
          <gpxdata:speed>0.000</gpxdata:speed>
        </extensions>
      </trkpt>
      <trkpt lat="47.3523015" lon="7.9065661">
        <ele>392.8</ele>
        <time>2026-09-15T14:34:59Z</time>
        <extensions>
          <gpxdata:distance>15149.02</gpxdata:distance>
          <gpxdata:speed>0.960</gpxdata:speed>
        </extensions>
      </trkpt>
      <trkpt lat="47.3523375" lon="7.9065921">
        <ele>393.2</ele>
        <time>2026-09-15T14:35:04Z</time>
        <extensions>
          <gpxdata:distance>15153.47</gpxdata:distance>
          <gpxdata:speed>0.947</gpxdata:speed>
        </extensions>
      </trkpt>
      <trkpt lat="47.3524185" lon="7.9066201">
        <ele>396.5</ele>
        <time>2026-09-15T14:35:16Z</time>
        <extensions>
          <gpxdata:distance>15162.72</gpxdata:distance>
          <gpxdata:speed>0.757</gpxdata:speed>
        </extensions>
      </trkpt>
      <trkpt lat="47.3524185" lon="7.9066201">
        <ele>396.5</ele>
        <time>2026-09-15T14:35:16Z</time>
        <extensions>
          <gpxdata:distance>15162.72</gpxdata:distance>
          <gpxdata:speed>0.000</gpxdata:speed>
        </extensions>
      </trkpt>
      <trkpt lat="47.3524095" lon="7.9067651">
        <ele>396.5</ele>
        <time>2026-09-15T14:35:32Z</time>
        <extensions>
          <gpxdata:distance>15173.69</gpxdata:distance>
          <gpxdata:speed>0.683</gpxdata:speed>
        </extensions>
      </trkpt>
      <trkpt lat="47.3524095" lon="7.9067651">
        <ele>396.5</ele>
        <time>2026-09-15T14:35:32Z</time>
        <extensions>
          <gpxdata:distance>15173.69</gpxdata:distance>
          <gpxdata:speed>0.000</gpxdata:speed>
        </extensions>
      </trkpt>
      <trkpt lat="47.3523375" lon="7.9067381">
        <ele>396.4</ele>
        <time>2026-09-15T14:35:43Z</time>
        <extensions>
          <gpxdata:distance>15181.95</gpxdata:distance>
          <gpxdata:speed>0.712</gpxdata:speed>
        </extensions>
      </trkpt>
      <trkpt lat="47.3523375" lon="7.9067381">
        <ele>396.4</ele>
        <time>2026-09-15T14:35:43Z</time>
        <extensions>
          <gpxdata:distance>15181.95</gpxdata:distance>
          <gpxdata:speed>0.000</gpxdata:speed>
        </extensions>
      </trkpt>
      <trkpt lat="47.3522745" lon="7.9067111">
        <ele>396.4</ele>
        <time>2026-09-15T14:35:54Z</time>
        <extensions>
          <gpxdata:distance>15189.25</gpxdata:distance>
          <gpxdata:speed>0.711</gpxdata:speed>
        </extensions>
      </trkpt>
      <trkpt lat="47.3521935" lon="7.9066711">
        <ele>396.4</ele>
        <time>2026-09-15T14:36:05Z</time>
        <extensions>
          <gpxdata:distance>15198.75</gpxdata:distance>
          <gpxdata:speed>0.827</gpxdata:speed>
        </extensions>
      </trkpt>
      <trkpt lat="47.3519875" lon="7.9065631">
        <ele>396.4</ele>
        <time>2026-09-15T14:36:32Z</time>
        <extensions>
          <gpxdata:distance>15223.05</gpxdata:distance>
          <gpxdata:speed>0.896</gpxdata:speed>
        </extensions>
      </trkpt>
      <trkpt lat="47.3519875" lon="7.9065631">
        <ele>396.4</ele>
        <time>2026-09-15T14:36:32Z</time>
        <extensions>
          <gpxdata:distance>15223.05</gpxdata:distance>
          <gpxdata:speed>0.000</gpxdata:speed>
        </extensions>
      </trkpt>
      <trkpt lat="47.3519965" lon="7.9065361">
        <ele>396.4</ele>
        <time>2026-09-15T14:36:35Z</time>
        <extensions>
          <gpxdata:distance>15225.32</gpxdata:distance>
          <gpxdata:speed>1.010</gpxdata:speed>
        </extensions>
      </trkpt>
      <trkpt lat="47.3520145" lon="7.9065101">
        <ele>396.4</ele>
        <time>2026-09-15T14:36:37Z</time>
        <extensions>
          <gpxdata:distance>15228.12</gpxdata:distance>
          <gpxdata:speed>1.010</gpxdata:speed>
        </extensions>
      </trkpt>
      <trkpt lat="47.3520235" lon="7.9064711">
        <ele>396.5</ele>
        <time>2026-09-15T14:36:40Z</time>
        <extensions>
          <gpxdata:distance>15231.22</gpxdata:distance>
          <gpxdata:speed>1.012</gpxdata:speed>
        </extensions>
      </trkpt>
      <trkpt lat="47.3520235" lon="7.9064181">
        <ele>396.6</ele>
        <time>2026-09-15T14:36:44Z</time>
        <extensions>
          <gpxdata:distance>15235.22</gpxdata:distance>
          <gpxdata:speed>1.003</gpxdata:speed>
        </extensions>
      </trkpt>
    </trkseg>
  </trk>
</gpx>