<?xml version='1.0' encoding='utf-8'?>
<gpx xmlns="http://www.topografix.com/GPX/1/1" xmlns:gpxdata="http://www.cluetrust.com/XML/GPXDATA/1/0" version="1.1" creator="crawler">
  <wpt lat="46.4455480" lon="9.5690805">
    <ele>2111.4</ele>
    <time>2026-09-15T10:19:34Z</time>
    <name>1 km</name>
  </wpt>
  <wpt lat="46.4466370" lon="9.5575766">
    <ele>2039.2</ele>
    <time>2026-09-15T10:37:17Z</time>
    <name>2 km</name>
  </wpt>
  <wpt lat="46.4511290" lon="9.5488076">
    <ele>1994.5</ele>
    <time>2026-09-15T10:54:33Z</time>
    <name>3 km</name>
  </wpt>
  <wpt lat="46.4578150" lon="9.5400828">
    <ele>1985.1</ele>
    <time>2026-09-15T11:12:52Z</time>
    <name>4 km</name>
  </wpt>
  <wpt lat="46.4640370" lon="9.5325890">
    <ele>2024.8</ele>
    <time>2026-09-15T11:32:32Z</time>
    <name>5 km</name>
  </wpt>
  <wpt lat="46.4656310" lon="9.5271160">
    <ele>1954.3</ele>
    <time>2026-09-15T11:50:17Z</time>
    <name>6 km</name>
  </wpt>
  <wpt lat="46.4687180" lon="9.5177801">
    <ele>1882.4</ele>
    <time>2026-09-15T12:07:56Z</time>
    <name>7 km</name>
  </wpt>
  <wpt lat="46.4735710" lon="9.5097862">
    <ele>1941.7</ele>
    <time>2026-09-15T12:29:39Z</time>
    <name>8 km</name>
  </wpt>
  <wpt lat="46.4738130" lon="9.5038823">
    <ele>1822.3</ele>
    <time>2026-09-15T12:47:50Z</time>
    <name>9 km</name>
  </wpt>
  <wpt lat="46.4775109" lon="9.4939933">
    <ele>1843.2</ele>
    <time>2026-09-15T13:06:52Z</time>
    <name>10 km</name>
  </wpt>
  <wpt lat="46.4761659" lon="9.4877553">
    <ele>1737.3</ele>
    <time>2026-09-15T13:25:26Z</time>
    <name>11 km</name>
  </wpt>
  <wpt lat="46.4824798" lon="9.4804774">
    <ele>1710.5</ele>
    <time>2026-09-15T13:43:36Z</time>
    <name>12 km</name>
  </wpt>
  <wpt lat="46.4881856" lon="9.4743872">
    <ele>1688.1</ele>
    <time>2026-09-15T14:03:29Z</time>
    <name>13 km</name>
  </wpt>
  <wpt lat="46.4964655" lon="9.4718181">
    <ele>1701.8</ele>
    <time>2026-09-15T14:22:15Z</time>
    <name>14 km</name>
  </wpt>
  <wpt lat="46.5040714" lon="9.4681549">
    <ele>1686.3</ele>
    <time>2026-09-15T14:41:08Z</time>
    <name>15 km</name>
  </wpt>
  <wpt lat="46.5092804" lon="9.4657308">
    <ele>1568.7</ele>
    <time>2026-09-15T14:59:02Z</time>
    <name>16 km</name>
  </wpt>
  <wpt lat="46.5119644" lon="9.4559637">
    <ele>1553.6</ele>
    <time>2026-09-15T15:16:02Z</time>
    <name>17 km</name>
  </wpt>
  <wpt lat="46.5156174" lon="9.4479015">
    <ele>1503.6</ele>
    <time>2026-09-15T15:34:37Z</time>
    <name>18 km</name>
  </wpt>
  <wpt lat="46.5205114" lon="9.4438462">
    <ele>1475.6</ele>
    <time>2026-09-15T15:52:59Z</time>
    <name>19 km</name>
  </wpt>
  <wpt lat="46.5237503" lon="9.4377859">
    <ele>1495.3</ele>
    <time>2026-09-15T16:11:01Z</time>
    <name>20 km</name>
  </wpt>
  <wpt lat="46.5295383" lon="9.4325236">
    <ele>1449.9</ele>
    <time>2026-09-15T16:31:34Z</time>
    <name>21 km</name>
  </wpt>
  <wpt lat="46.5375503" lon="9.4343839">
    <ele>1422.7</ele>
    <time>2026-09-15T16:49:47Z</time>
    <name>22 km</name>
  </wpt>
  <wpt lat="46.5447564" lon="9.4355243">
    <ele>1394.5</ele>
    <time>2026-09-15T17:07:25Z</time>
    <name>23 km</name>
  </wpt>
  <wpt lat="46.5529595" lon="9.4377969">
    <ele>1330.1</ele>
    <time>2026-09-15T17:25:20Z</time>
    <name>24 km</name>
  </wpt>
  <wpt lat="46.5593136" lon="9.4362053">
    <ele>1280.8</ele>
    <time>2026-09-15T17:43:27Z</time>
    <name>25 km</name>
  </wpt>
  <wpt lat="46.5670267" lon="9.4376648">
    <ele>1242.9</ele>
    <time>2026-09-15T18:01:58Z</time>
    <name>26 km</name>
  </wpt>
  <wpt lat="46.5750727" lon="9.4370750">
    <ele>1211.4</ele>
    <time>2026-09-15T18:20:32Z</time>
    <name>27 km</name>
  </wpt>
  <wpt lat="46.5785534" lon="9.4289567">
    <ele>1163.0</ele>
    <time>2026-09-15T18:38:43Z</time>
    <name>28 km</name>
  </wpt>
  <wpt lat="46.5798783" lon="9.4200524">
    <ele>1169.2</ele>
    <time>2026-09-15T18:58:03Z</time>
    <name>29 km</name>
  </wpt>
  <trk>
    <name>757r Juf - Andeer</name>
    <link href="https://schweizmobil.ch/fr/hiking-in-switzerland/route-757" />
    <type>hiking</type>
    <trkseg>
      <trkpt lat="46.4448210" lon="9.5804954">
        <ele>2119.3</ele>
        <time>2026-09-15T10:00:00Z</time>
        <extensions>
          <gpxdata:distance>0.00</gpxdata:distance>
          <gpxdata:speed>0.000</gpxdata:speed>
        </extensions>
      </trkpt>
      <trkpt lat="46.4448030" lon="9.5804944">
        <ele>2119.0</ele>
        <time>2026-09-15T10:00:02Z</time>
        <extensions>
          <gpxdata:distance>2.00</gpxdata:distance>
          <gpxdata:speed>0.897</gpxdata:speed>
        </extensions>
      </trkpt>
      <trkpt lat="46.4447760" lon="9.5804804">
        <ele>2118.8</ele>
        <time>2026-09-15T10:00:06Z</time>
        <extensions>
          <gpxdata:distance>5.19</gpxdata:distance>
          <gpxdata:speed>0.897</gpxdata:speed>
        </extensions>
      </trkpt>
      <trkpt lat="46.4447400" lon="9.5804664">
        <ele>2118.4</ele>
        <time>2026-09-15T10:00:10Z</time>
        <extensions>
          <gpxdata:distance>9.34</gpxdata:distance>
          <gpxdata:speed>0.897</gpxdata:speed>
        </extensions>
      </trkpt>
      <trkpt lat="46.4447230" lon="9.5804394">
        <ele>2118.1</ele>
        <time>2026-09-15T10:00:14Z</time>
        <extensions>
          <gpxdata:distance>12.14</gpxdata:distance>
          <gpxdata:speed>0.897</gpxdata:speed>
        </extensions>
      </trkpt>
      <trkpt lat="46.4447050" lon="9.5804124">
        <ele>2117.8</ele>
        <time>2026-09-15T10:00:17Z</time>
        <extensions>
          <gpxdata:distance>15.02</gpxdata:distance>
          <gpxdata:speed>0.897</gpxdata:speed>
        </extensions>
      </trkpt>
      <trkpt lat="46.4446970" lon="9.5803864">
        <ele>2117.6</ele>
        <time>2026-09-15T10:00:19Z</time>
        <extensions>
          <gpxdata:distance>17.20</gpxdata:distance>
          <gpxdata:speed>0.897</gpxdata:speed>
        </extensions>
      </trkpt>
      <trkpt lat="46.4446970" lon="9.5803734">
        <ele>2117.4</ele>
        <time>2026-09-15T10:00:20Z</time>
        <extensions>
          <gpxdata:distance>18.19</gpxdata:distance>
          <gpxdata:speed>0.897</gpxdata:speed>
        </extensions>
      </trkpt>
      <trkpt lat="46.4446970" lon="9.5803734">
        <ele>2117.4</ele>
        <time>2026-09-15T10:00:20Z</time>
        <extensions>
          <gpxdata:distance>18.19</gpxdata:distance>
          <gpxdata:speed>0.000</gpxdata:speed>
        </extensions>
      </trkpt>
      <trkpt lat="46.4447070" lon="9.5803084">
        <ele>2116.9</ele>
        <time>2026-09-15T10:00:26Z</time>
        <extensions>
          <gpxdata:distance>23.30</gpxdata:distance>
          <gpxdata:speed>0.897</gpxdata:speed>
        </extensions>
      </trkpt>
      <trkpt lat="46.4447460" lon="9.5801404">
        <ele>2115.6</ele>
        <time>2026-09-15T10:00:41Z</time>
        <extensions>
          <gpxdata:distance>36.88</gpxdata:distance>
          <gpxdata:speed>0.897</gpxdata:speed>
        </extensions>
      </trkpt>
      <trkpt lat="46.4448050" lon="9.5798694">
        <ele>2113.8</ele>
        <time>2026-09-15T10:01:05Z</time>
        <extensions>
          <gpxdata:distance>58.66</gpxdata:distance>
          <gpxdata:speed>0.901</gpxdata:speed>
        </extensions>
      </trkpt>
      <trkpt lat="46.4448250" lon="9.5797794">
        <ele>2113.2</ele>
        <time>2026-09-15T10:01:13Z</time>
        <extensions>
          <gpxdata:distance>65.90</gpxdata:distance>
          <gpxdata:speed>0.903</gpxdata:speed>
        </extensions>
      </trkpt>
      <trkpt lat="46.4448440" lon="9.5797284">
        <ele>2112.9</ele>
        <time>2026-09-15T10:01:18Z</time>
        <extensions>
          <gpxdata:distance>70.34</gpxdata:distance>
          <gpxdata:speed>0.906</gpxdata:speed>
        </extensions>
      </trkpt>
      <trkpt lat="46.4448440" lon="9.5797284">
        <ele>2112.9</ele>
        <time>2026-09-15T10:01:18Z</time>
        <extensions>
          <gpxdata:distance>70.34</gpxdata:distance>
          <gpxdata:speed>0.000</gpxdata:speed>
        </extensions>
      </trkpt>
      <trkpt lat="46.4448540" lon="9.5796894">
        <ele>2112.7</ele>
        <time>2026-09-15T10:01:22Z</time>
        <extensions>
          <gpxdata:distance>73.53</gpxdata:distance>
          <gpxdata:speed>0.908</gpxdata:speed>
        </extensions>
      </trkpt>
      <trkpt lat="46.4448910" lon="9.5796254">
        <ele>2112.4</ele>
        <time>2026-09-15T10:01:29Z</time>
        <extensions>
          <gpxdata:distance>79.93</gpxdata:distance>
          <gpxdata:speed>0.915</gpxdata:speed>
        </extensions>
      </trkpt>
      <trkpt lat="46.4449650" lon="9.5795374">
        <ele>2112.0</ele>
        <time>2026-09-15T10:01:40Z</time>
        <extensions>
          <gpxdata:distance>90.57</gpxdata:distance>
          <gpxdata:speed>0.922</gpxdata:speed>
        </extensions>
      </trkpt>
      <trkpt lat="46.4449650" lon="9.5795374">
        <ele>2112.0</ele>
        <time>2026-09-15T10:01:40Z</time>
        <extensions>
          <gpxdata:distance>90.57</gpxdata:distance>
          <gpxdata:speed>0.000</gpxdata:speed>
        </extensions>
      </trkpt>
      <trkpt lat="46.4450110" lon="9.5794744">
        <ele>2112.0</ele>
        <time>2026-09-15T10:01:48Z</time>
        <extensions>
          <gpxdata:distance>97.60</gpxdata:distance>
          <gpxdata:speed>0.938</gpxdata:speed>
        </extensions>
      </trkpt>
      <trkpt lat="46.4450110" lon="9.5794744">
        <ele>2112.0</ele>
        <time>2026-09-15T10:01:48Z</time>
        <extensions>
          <gpxdata:distance>97.60</gpxdata:distance>
          <gpxdata:speed>0.000</gpxdata:speed>
        </extensions>
      </trkpt>
      <trkpt lat="46.4450480" lon="9.5794104">
        <ele>2112.3</ele>
        <time>2026-09-15T10:01:54Z</time>
        <extensions>
          <gpxdata:distance>104.00</gpxdata:distance>
          <gpxdata:speed>0.982</gpxdata:speed>
        </extensions>
      </trkpt>
      <trkpt lat="46.4450480" lon="9.5794104">
        <ele>2112.3</ele>
        <time>2026-09-15T10:01:54Z</time>
        <extensions>
          <gpxdata:distance>104.00</gpxdata:distance>
          <gpxdata:speed>0.000</gpxdata:speed>
        </extensions>
      </trkpt>
      <trkpt lat="46.4450030" lon="9.5793954">
        <ele>2111.8</ele>
        <time>2026-09-15T10:02:00Z</time>
        <extensions>
          <gpxdata:distance>109.14</gpxdata:distance>
          <gpxdata:speed>0.976</gpxdata:speed>
        </extensions>
      </trkpt>
      <trkpt lat="46.4449230" lon="9.5793664">
        <ele>2110.7</ele>
        <time>2026-09-15T10:02:09Z</time>
        <extensions>
          <gpxdata:distance>118.31</gpxdata:distance>
          <gpxdata:speed>0.955</gpxdata:speed>
        </extensions>
      </trkpt>
      <trkpt lat="46.4447980" lon="9.5793224">
        <ele>2108.6</ele>
        <time>2026-09-15T10:02:25Z</time>
        <extensions>
          <gpxdata:distance>132.61</gpxdata:distance>
          <gpxdata:speed>0.924</gpxdata:speed>
        </extensions>
      </trkpt>
      <trkpt lat="46.4447260" lon="9.5793064">
        <ele>2107.2</ele>
        <time>2026-09-15T10:02:34Z</time>
        <extensions>
          <gpxdata:distance>140.71</gpxdata:distance>
          <gpxdata:speed>0.899</gpxdata:speed>
        </extensions>
      </trkpt>
      <trkpt lat="46.4446460" lon="9.5792774">
        <ele>2105.9</ele>
        <time>2026-09-15T10:02:44Z</time>
        <extensions>
          <gpxdata:distance>149.88</gpxdata:distance>
          <gpxdata:speed>0.897</gpxdata:speed>
        </extensions>
      </trkpt>
      <trkpt lat="46.4445830" lon="9.5792494">
        <ele>2105.4</ele>
        <time>2026-09-15T10:02:52Z</time>
        <extensions>
          <gpxdata:distance>157.20</gpxdata:distance>
          <gpxdata:speed>0.904</gpxdata:speed>
        </extensions>
      </trkpt>
      <trkpt lat="46.4445830" lon="9.5792494">
        <ele>2105.4</ele>
        <time>2026-09-15T10:02:52Z</time>
        <extensions>
          <gpxdata:distance>157.20</gpxdata:distance>
          <gpxdata:speed>0.000</gpxdata:speed>
        </extensions>
      </trkpt>
      <trkpt lat="46.4444940" lon="9.5792064">
        <ele>2105.4</ele>
        <time>2026-09-15T10:03:03Z</time>
        <extensions>
          <gpxdata:distance>167.63</gpxdata:distance>
          <gpxdata:speed>0.902</gpxdata:speed>
        </extensions>
      </trkpt>
      <trkpt lat="46.4444940" lon="9.5792064">
        <ele>2105.4</ele>
        <time>2026-09-15T10:03:03Z</time>
        <extensions>
          <gpxdata:distance>167.63</gpxdata:distance>
          <gpxdata:speed>0.000</gpxdata:speed>
        </extensions>
      </trkpt>
      <trkpt lat="46.4444230" lon="9.5791774">
        <ele>2104.7</ele>
        <time>2026-09-15T10:03:13Z</time>
        <extensions>
          <gpxdata:distance>175.84</gpxdata:distance>
          <gpxdata:speed>0.900</gpxdata:speed>
        </extensions>
      </trkpt>
      <trkpt lat="46.4443870" lon="9.5791634">
        <ele>2104.4</ele>
        <time>2026-09-15T10:03:17Z</time>
        <extensions>
          <gpxdata:distance>179.98</gpxdata:distance>
          <gpxdata:speed>0.896</gpxdata:speed>
        </extensions>
      </trkpt>
      <trkpt lat="46.4443510" lon="9.5791484">
        <ele>2104.4</ele>
        <time>2026-09-15T10:03:22Z</time>
        <extensions>
          <gpxdata:distance>184.15</gpxdata:distance>
          <gpxdata:speed>0.914</gpxdata:speed>
        </extensions>
      </trkpt>
      <trkpt lat="46.4443240" lon="9.5791474">
        <ele>2104.5</ele>
        <time>2026-09-15T10:03:25Z</time>
        <extensions>
          <gpxdata:distance>187.15</gpxdata:distance>
          <gpxdata:speed>0.939</gpxdata:speed>
        </extensions>
      </trkpt>
      <trkpt lat="46.4443150" lon="9.5791474">
        <ele>2104.6</ele>
        <time>2026-09-15T10:03:26Z</time>
        <extensions>
          <gpxdata:distance>188.15</gpxdata:distance>
          <gpxdata:speed>0.969</gpxdata:speed>
        </extensions>
      </trkpt>
      <trkpt lat="46.4443150" lon="9.5791474">
        <ele>2104.6</ele>
        <time>2026-09-15T10:03:26Z</time>
        <extensions>
          <gpxdata:distance>188.15</gpxdata:distance>
          <gpxdata:speed>0.000</gpxdata:speed>
        </extensions>
      </trkpt>
      <trkpt lat="46.4443080" lon="9.5790564">
        <ele>2105.1</ele>
        <time>2026-09-15T10:03:33Z</time>
        <extensions>
          <gpxdata:distance>195.16</gpxdata:distance>
          <gpxdata:speed>1.002</gpxdata:speed>
        </extensions>
      </trkpt>
      <trkpt lat="46.4443090" lon="9.5790174">
        <ele>2105.1</ele>
        <time>2026-09-15T10:03:36Z</time>
        <extensions>
          <gpxdata:distance>198.15</gpxdata:distance>
          <gpxdata:speed>1.000</gpxdata:speed>
        </extensions>
      </trkpt>
      <trkpt lat="46.4443000" lon="9.5789774">
        <ele>2105.1</ele>
        <time>2026-09-15T10:03:39Z</time>
        <extensions>
          <gpxdata:distance>201.38</gpxdata:distance>
          <gpxdata:speed>1.001</gpxdata:speed>
        </extensions>
      </trkpt>
      <trkpt lat="46.4442920" lon="9.5789254">
        <ele>2105.0</ele>
        <time>2026-09-15T10:03:43Z</time>
        <extensions>
          <gpxdata:distance>205.46</gpxdata:distance>
          <gpxdata:speed>0.987</gpxdata:speed>
        </extensions>
      </trkpt>
      <trkpt lat="46.4442840" lon="9.5788984">
        <ele>2105.0</ele>
        <time>2026-09-15T10:03:46Z</time>
        <extensions>
          <gpxdata:distance>207.71</gpxdata:distance>
          <gpxdata:speed>0.957</gpxdata:speed>
        </extensions>
      </trkpt>
      <trkpt lat="46.4442750" lon="9.5788854">
        <ele>2105.0</ele>
        <time>2026-09-15T10:03:47Z</time>
        <extensions>
          <gpxdata:distance>209.13</gpxdata:distance>
          <gpxdata:speed>0.951</gpxdata:speed>
        </extensions>
      </trkpt>
      <trkpt lat="46.4442480" lon="9.5788714">
        <ele>2105.3</ele>
        <time>2026-09-15T10:03:51Z</time>
        <extensions>
          <gpxdata:distance>212.31</gpxdata:distance>
          <gpxdata:speed>0.932</gpxdata:speed>
        </extensions>
      </trkpt>
      <trkpt lat="46.4442400" lon="9.5788584">
        <ele>2105.3</ele>
        <time>2026-09-15T10:03:52Z</time>
        <extensions>
          <gpxdata:distance>213.65</gpxdata:distance>
          <gpxdata:speed>0.943</gpxdata:speed>
        </extensions>
      </trkpt>
      <trkpt lat="46.4442400" lon="9.5788454">
        <ele>2105.5</ele>
        <time>2026-09-15T10:03:53Z</time>
        <extensions>
          <gpxdata:distance>214.64</gpxdata:distance>
          <gpxdata:speed>0.926</gpxdata:speed>
        </extensions>
      </trkpt>
      <trkpt lat="46.4442590" lon="9.5787674">
        <ele>2106.4</ele>
        <time>2026-09-15T10:04:00Z</time>
        <extensions>
          <gpxdata:distance>220.98</gpxdata:distance>
          <gpxdata:speed>0.885</gpxdata:speed>
        </extensions>
      </trkpt>
      <trkpt lat="46.4443080" lon="9.5785744">
        <ele>2109.2</ele>
        <time>2026-09-15T10:04:22Z</time>
        <extensions>
          <gpxdata:distance>236.74</gpxdata:distance>
          <gpxdata:speed>0.738</gpxdata:speed>
        </extensions>
      </trkpt>
      <trkpt lat="46.4443380" lon="9.5784324">
        <ele>2111.2</ele>
        <time>2026-09-15T10:04:38Z</time>
        <extensions>
          <gpxdata:distance>248.12</gpxdata:distance>
          <gpxdata:speed>0.678</gpxdata:speed>
        </extensions>
      </trkpt>
      <trkpt lat="46.4443690" lon="9.5781994">
        <ele>2114.0</ele>
        <time>2026-09-15T10:05:07Z</time>
        <extensions>
          <gpxdata:distance>266.31</gpxdata:distance>
          <gpxdata:speed>0.635</gpxdata:speed>
        </extensions>
      </trkpt>
      <trkpt lat="46.4443720" lon="9.5780564">
        <ele>2115.9</ele>
        <time>2026-09-15T10:05:24Z</time>
        <extensions>
          <gpxdata:distance>277.27</gpxdata:distance>
          <gpxdata:speed>0.633</gpxdata:speed>
        </extensions>
      </trkpt>
      <trkpt lat="46.4444290" lon="9.5778634">
        <ele>2117.5</ele>
        <time>2026-09-15T10:05:50Z</time>
        <extensions>
          <gpxdata:distance>293.36</gpxdata:distance>
          <gpxdata:speed>0.634</gpxdata:speed>
        </extensions>
      </trkpt>
      <trkpt lat="46.4444680" lon="9.5777084">
        <ele>2118.6</ele>
        <time>2026-09-15T10:06:09Z</time>
        <extensions>
          <gpxdata:distance>306.00</gpxdata:distance>
          <gpxdata:speed>0.650</gpxdata:speed>
        </extensions>
      </trkpt>
      <trkpt lat="46.4444810" lon="9.5775134">
        <ele>2120.9</ele>
        <time>2026-09-15T10:06:33Z</time>
        <extensions>
          <gpxdata:distance>321.01</gpxdata:distance>
          <gpxdata:speed>0.642</gpxdata:speed>
        </extensions>
      </trkpt>
      <trkpt lat="46.4445200" lon="9.5773334">
        <ele>2123.1</ele>
        <time>2026-09-15T10:06:55Z</time>
        <extensions>
          <gpxdata:distance>335.47</gpxdata:distance>
          <gpxdata:speed>0.641</gpxdata:speed>
        </extensions>
      </trkpt>
      <trkpt lat="46.4445500" lon="9.5771775">
        <ele>2125.4</ele>
        <time>2026-09-15T10:07:15Z</time>
        <extensions>
          <gpxdata:distance>347.87</gpxdata:distance>
          <gpxdata:speed>0.631</gpxdata:speed>
        </extensions>
      </trkpt>
      <trkpt lat="46.4445350" lon="9.5770085">
        <ele>2127.7</ele>
        <time>2026-09-15T10:07:35Z</time>
        <extensions>
          <gpxdata:distance>360.92</gpxdata:distance>
          <gpxdata:speed>0.633</gpxdata:speed>
        </extensions>
      </trkpt>
      <trkpt lat="46.4445310" lon="9.5767865">
        <ele>2130.0</ele>
        <time>2026-09-15T10:08:02Z</time>
        <extensions>
          <gpxdata:distance>377.94</gpxdata:distance>
          <gpxdata:speed>0.643</gpxdata:speed>
        </extensions>
      </trkpt>
      <trkpt lat="46.4445510" lon="9.5766705">
        <ele>2130.1</ele>
        <time>2026-09-15T10:08:15Z</time>
        <extensions>
          <gpxdata:distance>387.10</gpxdata:distance>
          <gpxdata:speed>0.672</gpxdata:speed>
        </extensions>
      </trkpt>
      <trkpt lat="46.4445440" lon="9.5765785">
        <ele>2130.6</ele>
        <time>2026-09-15T10:08:26Z</time>
        <extensions>
          <gpxdata:distance>394.19</gpxdata:distance>
          <gpxdata:speed>0.690</gpxdata:speed>
        </extensions>
      </trkpt>
      <trkpt lat="46.4445720" lon="9.5764755">
        <ele>2131.4</ele>
        <time>2026-09-15T10:08:38Z</time>
        <extensions>
          <gpxdata:distance>402.68</gpxdata:distance>
          <gpxdata:speed>0.687</gpxdata:speed>
        </extensions>
      </trkpt>
      <trkpt lat="46.4446190" lon="9.5763865">
        <ele>2132.8</ele>
        <time>2026-09-15T10:08:51Z</time>
        <extensions>
          <gpxdata:distance>411.27</gpxdata:distance>
          <gpxdata:speed>0.668</gpxdata:speed>
        </extensions>
      </trkpt>
      <trkpt lat="46.4446210" lon="9.5763085">
        <ele>2133.7</ele>
        <time>2026-09-15T10:09:00Z</time>
        <extensions>
          <gpxdata:distance>417.25</gpxdata:distance>
          <gpxdata:speed>0.672</gpxdata:speed>
        </extensions>
      </trkpt>
      <trkpt lat="46.4446500" lon="9.5762055">
        <ele>2134.3</ele>
        <time>2026-09-15T10:09:12Z</time>
        <extensions>
          <gpxdata:distance>425.77</gpxdata:distance>
          <gpxdata:speed>0.694</gpxdata:speed>
        </extensions>
      </trkpt>
      <trkpt lat="46.4447240" lon="9.5760655">
        <ele>2135.7</ele>
        <time>2026-09-15T10:09:31Z</time>
        <extensions>
          <gpxdata:distance>439.29</gpxdata:distance>
          <gpxdata:speed>0.723</gpxdata:speed>
        </extensions>
      </trkpt>
      <trkpt lat="46.4447790" lon="9.5760025">
        <ele>2136.2</ele>
        <time>2026-09-15T10:09:41Z</time>
        <extensions>
          <gpxdata:distance>447.08</gpxdata:distance>
          <gpxdata:speed>0.757</gpxdata:speed>
        </extensions>
      </trkpt>
      <trkpt lat="46.4448190" lon="9.5758085">
        <ele>2135.8</ele>
        <time>2026-09-15T10:10:00Z</time>
        <extensions>
          <gpxdata:distance>462.60</gpxdata:distance>
          <gpxdata:speed>0.837</gpxdata:speed>
        </extensions>
      </trkpt>
      <trkpt lat="46.4448480" lon="9.5757055">
        <ele>2136.3</ele>
        <time>2026-09-15T10:10:10Z</time>
        <extensions>
          <gpxdata:distance>471.13</gpxdata:distance>
          <gpxdata:speed>0.823</gpxdata:speed>
        </extensions>
      </trkpt>
      <trkpt lat="46.4448590" lon="9.5756015">
        <ele>2136.6</ele>
        <time>2026-09-15T10:10:20Z</time>
        <extensions>
          <gpxdata:distance>479.19</gpxdata:distance>
          <gpxdata:speed>0.831</gpxdata:speed>
        </extensions>
      </trkpt>
      <trkpt lat="46.4448890" lon="9.5754595">
        <ele>2135.7</ele>
        <time>2026-09-15T10:10:33Z</time>
        <extensions>
          <gpxdata:distance>490.57</gpxdata:distance>
          <gpxdata:speed>0.888</gpxdata:speed>
        </extensions>
      </trkpt>
      <trkpt lat="46.4449010" lon="9.5753045">
        <ele>2134.7</ele>
        <time>2026-09-15T10:10:45Z</time>
        <extensions>
          <gpxdata:distance>502.52</gpxdata:distance>
          <gpxdata:speed>0.960</gpxdata:speed>
        </extensions>
      </trkpt>
      <trkpt lat="46.4449390" lon="9.5751495">
        <ele>2133.2</ele>
        <time>2026-09-15T10:10:58Z</time>
        <extensions>
          <gpxdata:distance>515.12</gpxdata:distance>
          <gpxdata:speed>1.006</gpxdata:speed>
        </extensions>
      </trkpt>
      <trkpt lat="46.4449960" lon="9.5750215">
        <ele>2132.3</ele>
        <time>2026-09-15T10:11:09Z</time>
        <extensions>
          <gpxdata:distance>526.80</gpxdata:distance>
          <gpxdata:speed>0.987</gpxdata:speed>
        </extensions>
      </trkpt>
      <trkpt lat="46.4450340" lon="9.5748795">
        <ele>2131.4</ele>
        <time>2026-09-15T10:11:22Z</time>
        <extensions>
          <gpxdata:distance>538.47</gpxdata:distance>
          <gpxdata:speed>0.957</gpxdata:speed>
        </extensions>
      </trkpt>
      <trkpt lat="46.4450650" lon="9.5747115">
        <ele>2129.6</ele>
        <time>2026-09-15T10:11:36Z</time>
        <extensions>
          <gpxdata:distance>551.80</gpxdata:distance>
          <gpxdata:speed>0.934</gpxdata:speed>
        </extensions>
      </trkpt>
      <trkpt lat="46.4450700" lon="9.5744515">
        <ele>2128.5</ele>
        <time>2026-09-15T10:11:57Z</time>
        <extensions>
          <gpxdata:distance>571.73</gpxdata:distance>
          <gpxdata:speed>0.930</gpxdata:speed>
        </extensions>
      </trkpt>
      <trkpt lat="46.4451080" lon="9.5743095">
        <ele>2128.2</ele>
        <time>2026-09-15T10:12:10Z</time>
        <extensions>
          <gpxdata:distance>583.40</gpxdata:distance>
          <gpxdata:speed>0.924</gpxdata:speed>
        </extensions>
      </trkpt>
      <trkpt lat="46.4451380" lon="9.5741805">
        <ele>2128.7</ele>
        <time>2026-09-15T10:12:21Z</time>
        <extensions>
          <gpxdata:distance>593.83</gpxdata:distance>
          <gpxdata:speed>0.928</gpxdata:speed>
        </extensions>
      </trkpt>
      <trkpt lat="46.4451500" lon="9.5740125">
        <ele>2130.4</ele>
        <time>2026-09-15T10:12:35Z</time>
        <extensions>
          <gpxdata:distance>606.77</gpxdata:distance>
          <gpxdata:speed>0.954</gpxdata:speed>
        </extensions>
      </trkpt>
      <trkpt lat="46.4451710" lon="9.5738565">
        <ele>2131.4</ele>
        <time>2026-09-15T10:12:47Z</time>
        <extensions>
          <gpxdata:distance>618.95</gpxdata:distance>
          <gpxdata:speed>0.976</gpxdata:speed>
        </extensions>
      </trkpt>
      <trkpt lat="46.4451810" lon="9.5738055">
        <ele>2130.1</ele>
        <time>2026-09-15T10:12:51Z</time>
        <extensions>
          <gpxdata:distance>623.01</gpxdata:distance>
          <gpxdata:speed>0.975</gpxdata:speed>
        </extensions>
      </trkpt>
      <trkpt lat="46.4452180" lon="9.5737155">
        <ele>2128.5</ele>
        <time>2026-09-15T10:13:00Z</time>
        <extensions>
          <gpxdata:distance>631.04</gpxdata:distance>
          <gpxdata:speed>0.966</gpxdata:speed>
        </extensions>
      </trkpt>
      <trkpt lat="46.4452280" lon="9.5736895">
        <ele>2128.6</ele>
        <time>2026-09-15T10:13:02Z</time>
        <extensions>
          <gpxdata:distance>633.32</gpxdata:distance>
          <gpxdata:speed>0.974</gpxdata:speed>
        </extensions>
      </trkpt>
      <trkpt lat="46.4452300" lon="9.5735985">
        <ele>2128.1</ele>
        <time>2026-09-15T10:13:09Z</time>
        <extensions>
          <gpxdata:distance>640.30</gpxdata:distance>
          <gpxdata:speed>0.991</gpxdata:speed>
        </extensions>
      </trkpt>
      <trkpt lat="46.4452490" lon="9.5735475">
        <ele>2127.7</ele>
        <time>2026-09-15T10:13:13Z</time>
        <extensions>
          <gpxdata:distance>644.74</gpxdata:distance>
          <gpxdata:speed>0.998</gpxdata:speed>
        </extensions>
      </trkpt>
      <trkpt lat="46.4452960" lon="9.5733935">
        <ele>2126.9</ele>
        <time>2026-09-15T10:13:27Z</time>
        <extensions>
          <gpxdata:distance>657.64</gpxdata:distance>
          <gpxdata:speed>0.990</gpxdata:speed>
        </extensions>
      </trkpt>
      <trkpt lat="46.4453250" lon="9.5733295">
        <ele>2127.1</ele>
        <time>2026-09-15T10:13:33Z</time>
        <extensions>
          <gpxdata:distance>663.51</gpxdata:distance>
          <gpxdata:speed>0.983</gpxdata:speed>
        </extensions>
      </trkpt>
      <trkpt lat="46.4453440" lon="9.5732515">
        <ele>2127.3</ele>
        <time>2026-09-15T10:13:39Z</time>
        <extensions>
          <gpxdata:distance>669.85</gpxdata:distance>
          <gpxdata:speed>0.949</gpxdata:speed>
        </extensions>
      </trkpt>
      <trkpt lat="46.4453730" lon="9.5731745">
        <ele>2127.3</ele>
        <time>2026-09-15T10:13:46Z</time>
        <extensions>
          <gpxdata:distance>676.58</gpxdata:distance>
          <gpxdata:speed>0.925</gpxdata:speed>
        </extensions>
      </trkpt>
      <trkpt lat="46.4454280" lon="9.5730725">
        <ele>2127.3</ele>
        <time>2026-09-15T10:13:57Z</time>
        <extensions>
          <gpxdata:distance>686.50</gpxdata:distance>
          <gpxdata:speed>0.956</gpxdata:speed>
        </extensions>
      </trkpt>
      <trkpt lat="46.4454660" lon="9.5729705">
        <ele>2128.3</ele>
        <time>2026-09-15T10:14:06Z</time>
        <extensions>
          <gpxdata:distance>695.38</gpxdata:distance>
          <gpxdata:speed>1.008</gpxdata:speed>
        </extensions>
      </trkpt>
      <trkpt lat="46.4455040" lon="9.5728805">
        <ele>2128.7</ele>
        <time>2026-09-15T10:14:14Z</time>
        <extensions>
          <gpxdata:distance>703.47</gpxdata:distance>
          <gpxdata:speed>1.009</gpxdata:speed>
        </extensions>
      </trkpt>
      <trkpt lat="46.4455150" lon="9.5727895">
        <ele>2129.0</ele>
        <time>2026-09-15T10:14:21Z</time>
        <extensions>
          <gpxdata:distance>710.55</gpxdata:distance>
          <gpxdata:speed>0.980</gpxdata:speed>
        </extensions>
      </trkpt>
      <trkpt lat="46.4455250" lon="9.5726995">
        <ele>2130.2</ele>
        <time>2026-09-15T10:14:28Z</time>
        <extensions>
          <gpxdata:distance>717.53</gpxdata:distance>
          <gpxdata:speed>0.925</gpxdata:speed>
        </extensions>
      </trkpt>
      <trkpt lat="46.4455370" lon="9.5725695">
        <ele>2130.0</ele>
        <time>2026-09-15T10:14:40Z</time>
        <extensions>
          <gpxdata:distance>727.58</gpxdata:distance>
          <gpxdata:speed>0.900</gpxdata:speed>
        </extensions>
      </trkpt>
      <trkpt lat="46.4455580" lon="9.5723875">
        <ele>2130.3</ele>
        <time>2026-09-15T10:14:55Z</time>
        <extensions>
          <gpxdata:distance>741.72</gpxdata:distance>
          <gpxdata:speed>0.909</gpxdata:speed>
        </extensions>
      </trkpt>
      <trkpt lat="46.4455780" lon="9.5722845">
        <ele>2130.4</ele>
        <time>2026-09-15T10:15:04Z</time>
        <extensions>
          <gpxdata:distance>749.92</gpxdata:distance>
          <gpxdata:speed>0.914</gpxdata:speed>
        </extensions>
      </trkpt>
      <trkpt lat="46.4456070" lon="9.5721685">
        <ele>2129.7</ele>
        <time>2026-09-15T10:15:14Z</time>
        <extensions>
          <gpxdata:distance>759.38</gpxdata:distance>
          <gpxdata:speed>0.939</gpxdata:speed>
        </extensions>
      </trkpt>
      <trkpt lat="46.4456180" lon="9.5720645">
        <ele>2129.3</ele>
        <time>2026-09-15T10:15:23Z</time>
        <extensions>
          <gpxdata:distance>767.44</gpxdata:distance>
          <gpxdata:speed>0.950</gpxdata:speed>
        </extensions>
      </trkpt>
      <trkpt lat="46.4456200" lon="9.5719735">
        <ele>2129.0</ele>
        <time>2026-09-15T10:15:30Z</time>
        <extensions>
          <gpxdata:distance>774.41</gpxdata:distance>
          <gpxdata:speed>0.990</gpxdata:speed>
        </extensions>
      </trkpt>
      <trkpt lat="46.4456310" lon="9.5718965">
        <ele>2128.6</ele>
        <time>2026-09-15T10:15:36Z</time>
        <extensions>
          <gpxdata:distance>780.44</gpxdata:distance>
          <gpxdata:speed>1.011</gpxdata:speed>
        </extensions>
      </trkpt>
      <trkpt lat="46.4456420" lon="9.5717535">
        <ele>2127.9</ele>
        <time>2026-09-15T10:15:47Z</time>
        <extensions>
          <gpxdata:distance>791.46</gpxdata:distance>
          <gpxdata:speed>0.995</gpxdata:speed>
        </extensions>
      </trkpt>
      <trkpt lat="46.4456530" lon="9.5716625">
        <ele>2127.5</ele>
        <time>2026-09-15T10:15:54Z</time>
        <extensions>
          <gpxdata:distance>798.54</gpxdata:distance>
          <gpxdata:speed>0.970</gpxdata:speed>
        </extensions>
      </trkpt>
      <trkpt lat="46.4456550" lon="9.5715715">
        <ele>2127.5</ele>
        <time>2026-09-15T10:16:01Z</time>
        <extensions>
          <gpxdata:distance>805.52</gpxdata:distance>
          <gpxdata:speed>0.971</gpxdata:speed>
        </extensions>
      </trkpt>
      <trkpt lat="46.4456560" lon="9.5714805">
        <ele>2126.7</ele>
        <time>2026-09-15T10:16:09Z</time>
        <extensions>
          <gpxdata:distance>812.49</gpxdata:distance>
          <gpxdata:speed>0.947</gpxdata:speed>
        </extensions>
      </trkpt>
      <trkpt lat="46.4456480" lon="9.5714285">
        <ele>2126.1</ele>
        <time>2026-09-15T10:16:13Z</time>
        <extensions>
          <gpxdata:distance>816.57</gpxdata:distance>
          <gpxdata:speed>0.933</gpxdata:speed>
        </extensions>
      </trkpt>
      <trkpt lat="46.4455810" lon="9.5711785">
        <ele>2123.6</ele>
        <time>2026-09-15T10:16:35Z</time>
        <extensions>
          <gpxdata:distance>837.12</gpxdata:distance>
          <gpxdata:speed>0.918</gpxdata:speed>
        </extensions>
      </trkpt>
      <trkpt lat="46.4455820" lon="9.5711525">
        <ele>2123.6</ele>
        <time>2026-09-15T10:16:38Z</time>
        <extensions>
          <gpxdata:distance>839.12</gpxdata:distance>
          <gpxdata:speed>0.916</gpxdata:speed>
        </extensions>
      </trkpt>
      <trkpt lat="46.4455830" lon="9.5711005">
        <ele>2123.8</ele>
        <time>2026-09-15T10:16:42Z</time>
        <extensions>
          <gpxdata:distance>843.11</gpxdata:distance>
          <gpxdata:speed>0.920</gpxdata:speed>
        </extensions>
      </trkpt>
      <trkpt lat="46.4455930" lon="9.5710225">
        <ele>2124.5</ele>
        <time>2026-09-15T10:16:48Z</time>
        <extensions>
          <gpxdata:distance>849.18</gpxdata:distance>
          <gpxdata:speed>0.938</gpxdata:speed>
        </extensions>
      </trkpt>
      <trkpt lat="46.4456120" lon="9.5709585">
        <ele>2125.1</ele>
        <time>2026-09-15T10:16:54Z</time>
        <extensions>
          <gpxdata:distance>854.52</gpxdata:distance>
          <gpxdata:speed>0.955</gpxdata:speed>
        </extensions>
      </trkpt>
      <trkpt lat="46.4456220" lon="9.5709065">
        <ele>2124.9</ele>
        <time>2026-09-15T10:16:58Z</time>
        <extensions>
          <gpxdata:distance>858.66</gpxdata:distance>
          <gpxdata:speed>0.957</gpxdata:speed>
        </extensions>
      </trkpt>
      <trkpt lat="46.4456330" lon="9.5708285">
        <ele>2124.6</ele>
        <time>2026-09-15T10:17:05Z</time>
        <extensions>
          <gpxdata:distance>864.76</gpxdata:distance>
          <gpxdata:speed>0.949</gpxdata:speed>
        </extensions>
      </trkpt>
      <trkpt lat="46.4456800" lon="9.5707135">
        <ele>2125.1</ele>
        <time>2026-09-15T10:17:15Z</time>
        <extensions>
          <gpxdata:distance>875.00</gpxdata:distance>
          <gpxdata:speed>0.979</gpxdata:speed>
        </extensions>
      </trkpt>
      <trkpt lat="46.4456900" lon="9.5706485">
        <ele>2125.3</ele>
        <time>2026-09-15T10:17:20Z</time>
        <extensions>
          <gpxdata:distance>880.11</gpxdata:distance>
          <gpxdata:speed>0.996</gpxdata:speed>
        </extensions>
      </trkpt>
      <trkpt lat="46.4456910" lon="9.5706095">
        <ele>2125.3</ele>
        <time>2026-09-15T10:17:24Z</time>
        <extensions>
          <gpxdata:distance>883.10</gpxdata:distance>
          <gpxdata:speed>0.919</gpxdata:speed>
        </extensions>
      </trkpt>
      <trkpt lat="46.4456820" lon="9.5705705">
        <ele>2124.9</ele>
        <time>2026-09-15T10:17:27Z</time>
        <extensions>
          <gpxdata:distance>886.25</gpxdata:distance>
          <gpxdata:speed>0.942</gpxdata:speed>
        </extensions>
      </trkpt>
      <trkpt lat="46.4456570" lon="9.5704915">
        <ele>2123.9</ele>
        <time>2026-09-15T10:17:34Z</time>
        <extensions>
          <gpxdata:distance>892.91</gpxdata:distance>
          <gpxdata:speed>1.007</gpxdata:speed>
        </extensions>
      </trkpt>
      <trkpt lat="46.4456400" lon="9.5704385">
        <ele>2123.9</ele>
        <time>2026-09-15T10:17:38Z</time>
        <extensions>
          <gpxdata:distance>897.39</gpxdata:distance>
          <gpxdata:speed>0.996</gpxdata:speed>
        </extensions>
      </trkpt>
      <trkpt lat="46.4456240" lon="9.5703465">
        <ele>2123.1</ele>
        <time>2026-09-15T10:17:46Z</time>
        <extensions>
          <gpxdata:distance>904.66</gpxdata:distance>
          <gpxdata:speed>0.961</gpxdata:speed>
        </extensions>
      </trkpt>
      <trkpt lat="46.4456160" lon="9.5702685">
        <ele>2122.1</ele>
        <time>2026-09-15T10:17:52Z</time>
        <extensions>
          <gpxdata:distance>910.70</gpxdata:distance>
          <gpxdata:speed>0.944</gpxdata:speed>
        </extensions>
      </trkpt>
      <trkpt lat="46.4456080" lon="9.5702285">
        <ele>2121.2</ele>
        <time>2026-09-15T10:17:55Z</time>
        <extensions>
          <gpxdata:distance>913.89</gpxdata:distance>
          <gpxdata:speed>0.927</gpxdata:speed>
        </extensions>
      </trkpt>
      <trkpt lat="46.4455910" lon="9.5701505">
        <ele>2120.2</ele>
        <time>2026-09-15T10:18:02Z</time>
        <extensions>
          <gpxdata:distance>920.16</gpxdata:distance>
          <gpxdata:speed>0.902</gpxdata:speed>
        </extensions>
      </trkpt>
      <trkpt lat="46.4455740" lon="9.5700975">
        <ele>2119.9</ele>
        <time>2026-09-15T10:18:07Z</time>
        <extensions>
          <gpxdata:distance>924.64</gpxdata:distance>
          <gpxdata:speed>0.914</gpxdata:speed>
        </extensions>
      </trkpt>
      <trkpt lat="46.4455750" lon="9.5700585">
        <ele>2119.7</ele>
        <time>2026-09-15T10:18:11Z</time>
        <extensions>
          <gpxdata:distance>927.63</gpxdata:distance>
          <gpxdata:speed>0.918</gpxdata:speed>
        </extensions>
      </trkpt>
      <trkpt lat="46.4455500" lon="9.5699665">
        <ele>2118.8</ele>
        <time>2026-09-15T10:18:19Z</time>
        <extensions>
          <gpxdata:distance>935.21</gpxdata:distance>
          <gpxdata:speed>0.917</gpxdata:speed>
        </extensions>
      </trkpt>
      <trkpt lat="46.4455420" lon="9.5699005">
        <ele>2117.9</ele>
        <time>2026-09-15T10:18:24Z</time>
        <extensions>
          <gpxdata:distance>940.34</gpxdata:distance>
          <gpxdata:speed>0.919</gpxdata:speed>
        </extensions>
      </trkpt>
      <trkpt lat="46.4455350" lon="9.5697835">
        <ele>2116.8</ele>
        <time>2026-09-15T10:18:34Z</time>
        <extensions>
          <gpxdata:distance>949.34</gpxdata:distance>
          <gpxdata:speed>0.928</gpxdata:speed>
        </extensions>
      </trkpt>
      <trkpt lat="46.4455370" lon="9.5696665">
        <ele>2116.4</ele>
        <time>2026-09-15T10:18:44Z</time>
        <extensions>
          <gpxdata:distance>958.31</gpxdata:distance>
          <gpxdata:speed>0.917</gpxdata:speed>
        </extensions>
      </trkpt>
      <trkpt lat="46.4455230" lon="9.5694575">
        <ele>2114.8</ele>
        <time>2026-09-15T10:19:02Z</time>
        <extensions>
          <gpxdata:distance>974.39</gpxdata:distance>
          <gpxdata:speed>0.908</gpxdata:speed>
        </extensions>
      </trkpt>
      <trkpt lat="46.4455270" lon="9.5692625">
        <ele>2114.2</ele>
        <time>2026-09-15T10:19:18Z</time>
        <extensions>
          <gpxdata:distance>989.34</gpxdata:distance>
          <gpxdata:speed>0.902</gpxdata:speed>
        </extensions>
      </trkpt>
      <trkpt lat="46.4455480" lon="9.5690805">
        <ele>2111.4</ele>
        <time>2026-09-15T10:19:34Z</time>
        <extensions>
          <gpxdata:distance>1003.48</gpxdata:distance>
          <gpxdata:speed>0.899</gpxdata:speed>
        </extensions>
      </trkpt>
      <trkpt lat="46.4455420" lon="9.5689635">
        <ele>2110.5</ele>
        <time>2026-09-15T10:19:44Z</time>
        <extensions>
          <gpxdata:distance>1012.47</gpxdata:distance>
          <gpxdata:speed>0.901</gpxdata:speed>
        </extensions>
      </trkpt>
      <trkpt lat="46.4454990" lon="9.5688445">
        <ele>2110.4</ele>
        <time>2026-09-15T10:19:55Z</time>
        <extensions>
          <gpxdata:distance>1022.76</gpxdata:distance>
          <gpxdata:speed>0.897</gpxdata:speed>
        </extensions>
      </trkpt>
      <trkpt lat="46.4454200" lon="9.5687245">
        <ele>2109.4</ele>
        <time>2026-09-15T10:20:09Z</time>
        <extensions>
          <gpxdata:distance>1035.48</gpxdata:distance>
          <gpxdata:speed>0.901</gpxdata:speed>
        </extensions>
      </trkpt>
      <trkpt lat="46.4453500" lon="9.5686435">
        <ele>2107.8</ele>
        <time>2026-09-15T10:20:21Z</time>
        <extensions>
          <gpxdata:distance>1045.44</gpxdata:distance>
          <gpxdata:speed>0.899</gpxdata:speed>
        </extensions>
      </trkpt>
      <trkpt lat="46.4451870" lon="9.5686765">
        <ele>2105.9</ele>
        <time>2026-09-15T10:20:41Z</time>
        <extensions>
          <gpxdata:distance>1063.74</gpxdata:distance>
          <gpxdata:speed>0.899</gpxdata:speed>
        </extensions>
      </trkpt>
      <trkpt lat="46.4451890" lon="9.5685855">
        <ele>2106.2</ele>
        <time>2026-09-15T10:20:49Z</time>
        <extensions>
          <gpxdata:distance>1070.71</gpxdata:distance>
          <gpxdata:speed>0.904</gpxdata:speed>
        </extensions>
      </trkpt>
      <trkpt lat="46.4451820" lon="9.5684675">
        <ele>2105.8</ele>
        <time>2026-09-15T10:20:59Z</time>
        <extensions>
          <gpxdata:distance>1079.79</gpxdata:distance>
          <gpxdata:speed>0.910</gpxdata:speed>
        </extensions>
      </trkpt>
      <trkpt lat="46.4451660" lon="9.5683365">
        <ele>2105.1</ele>
        <time>2026-09-15T10:21:10Z</time>
        <extensions>
          <gpxdata:distance>1089.98</gpxdata:distance>
          <gpxdata:speed>0.905</gpxdata:speed>
        </extensions>
      </trkpt>
      <trkpt lat="46.4451320" lon="9.5682705">
        <ele>2105.0</ele>
        <time>2026-09-15T10:21:17Z</time>
        <extensions>
          <gpxdata:distance>1096.29</gpxdata:distance>
          <gpxdata:speed>0.928</gpxdata:speed>
        </extensions>
      </trkpt>
      <trkpt lat="46.4451420" lon="9.5682185">
        <ele>2104.6</ele>
        <time>2026-09-15T10:21:21Z</time>
        <extensions>
          <gpxdata:distance>1100.43</gpxdata:distance>
          <gpxdata:speed>0.930</gpxdata:speed>
        </extensions>
      </trkpt>
      <trkpt lat="46.4451990" lon="9.5680645">
        <ele>2103.2</ele>
        <time>2026-09-15T10:21:36Z</time>
        <extensions>
          <gpxdata:distance>1113.82</gpxdata:distance>
          <gpxdata:speed>0.917</gpxdata:speed>
        </extensions>
      </trkpt>
      <trkpt lat="46.4452730" lon="9.5679115">
        <ele>2103.3</ele>
        <time>2026-09-15T10:21:51Z</time>
        <extensions>
          <gpxdata:distance>1128.15</gpxdata:distance>
          <gpxdata:speed>0.931</gpxdata:speed>
        </extensions>
      </trkpt>
      <trkpt lat="46.4452930" lon="9.5678215">
        <ele>2103.5</ele>
        <time>2026-09-15T10:21:59Z</time>
        <extensions>
          <gpxdata:distance>1135.39</gpxdata:distance>
          <gpxdata:speed>0.951</gpxdata:speed>
        </extensions>
      </trkpt>
      <trkpt lat="46.4453220" lon="9.5677315">
        <ele>2103.0</ele>
        <time>2026-09-15T10:22:07Z</time>
        <extensions>
          <gpxdata:distance>1143.00</gpxdata:distance>
          <gpxdata:speed>0.965</gpxdata:speed>
        </extensions>
      </trkpt>
      <trkpt lat="46.4453400" lon="9.5677055">
        <ele>2102.3</ele>
        <time>2026-09-15T10:22:10Z</time>
        <extensions>
          <gpxdata:distance>1145.83</gpxdata:distance>
          <gpxdata:speed>0.946</gpxdata:speed>
        </extensions>
      </trkpt>
      <trkpt lat="46.4453510" lon="9.5676285">
        <ele>2100.8</ele>
        <time>2026-09-15T10:22:16Z</time>
        <extensions>
          <gpxdata:distance>1151.85</gpxdata:distance>
          <gpxdata:speed>0.927</gpxdata:speed>
        </extensions>
      </trkpt>
      <trkpt lat="46.4453700" lon="9.5675635">
        <ele>2099.2</ele>
        <time>2026-09-15T10:22:22Z</time>
        <extensions>
          <gpxdata:distance>1157.26</gpxdata:distance>
          <gpxdata:speed>0.908</gpxdata:speed>
        </extensions>
      </trkpt>
      <trkpt lat="46.4454460" lon="9.5673585">
        <ele>2094.9</ele>
        <time>2026-09-15T10:22:41Z</time>
        <extensions>
          <gpxdata:distance>1175.10</gpxdata:distance>
          <gpxdata:speed>0.920</gpxdata:speed>
        </extensions>
      </trkpt>
      <trkpt lat="46.4454840" lon="9.5672165">
        <ele>2092.7</ele>
        <time>2026-09-15T10:22:54Z</time>
        <extensions>
          <gpxdata:distance>1186.77</gpxdata:distance>
          <gpxdata:speed>0.929</gpxdata:speed>
        </extensions>
      </trkpt>
      <trkpt lat="46.4454940" lon="9.5671655">
        <ele>2092.1</ele>
        <time>2026-09-15T10:22:58Z</time>
        <extensions>
          <gpxdata:distance>1190.83</gpxdata:distance>
          <gpxdata:speed>0.935</gpxdata:speed>
        </extensions>
      </trkpt>
      <trkpt lat="46.4454950" lon="9.5671255">
        <ele>2092.0</ele>
        <time>2026-09-15T10:23:02Z</time>
        <extensions>
          <gpxdata:distance>1193.90</gpxdata:distance>
          <gpxdata:speed>0.910</gpxdata:speed>
        </extensions>
      </trkpt>
      <trkpt lat="46.4454870" lon="9.5670865">
        <ele>2091.2</ele>
        <time>2026-09-15T10:23:05Z</time>
        <extensions>
          <gpxdata:distance>1197.02</gpxdata:distance>
          <gpxdata:speed>0.872</gpxdata:speed>
        </extensions>
      </trkpt>
      <trkpt lat="46.4454790" lon="9.5670345">
        <ele>2090.4</ele>
        <time>2026-09-15T10:23:10Z</time>
        <extensions>
          <gpxdata:distance>1201.10</gpxdata:distance>
          <gpxdata:speed>0.872</gpxdata:speed>
        </extensions>
      </trkpt>
      <trkpt lat="46.4454620" lon="9.5669815">
        <ele>2089.0</ele>
        <time>2026-09-15T10:23:15Z</time>
        <extensions>
          <gpxdata:distance>1205.58</gpxdata:distance>
          <gpxdata:speed>0.872</gpxdata:speed>
        </extensions>
      </trkpt>
      <trkpt lat="46.4454440" lon="9.5669545">
        <ele>2088.3</ele>
        <time>2026-09-15T10:23:18Z</time>
        <extensions>
          <gpxdata:distance>1208.46</gpxdata:distance>
          <gpxdata:speed>0.872</gpxdata:speed>
        </extensions>
      </trkpt>
      <trkpt lat="46.4454270" lon="9.5669155">
        <ele>2087.2</ele>
        <time>2026-09-15T10:23:22Z</time>
        <extensions>
          <gpxdata:distance>1211.99</gpxdata:distance>
          <gpxdata:speed>0.872</gpxdata:speed>
        </extensions>
      </trkpt>
      <trkpt lat="46.4454010" lon="9.5668745">
        <ele>2085.9</ele>
        <time>2026-09-15T10:23:27Z</time>
        <extensions>
          <gpxdata:distance>1216.26</gpxdata:distance>
          <gpxdata:speed>0.872</gpxdata:speed>
        </extensions>
      </trkpt>
      <trkpt lat="46.4453750" lon="9.5667955">
        <ele>2085.1</ele>
        <time>2026-09-15T10:23:35Z</time>
        <extensions>
          <gpxdata:distance>1222.97</gpxdata:distance>
          <gpxdata:speed>0.872</gpxdata:speed>
        </extensions>
      </trkpt>
      <trkpt lat="46.4453760" lon="9.5667695">
        <ele>2085.0</ele>
        <time>2026-09-15T10:23:37Z</time>
        <extensions>
          <gpxdata:distance>1224.97</gpxdata:distance>
          <gpxdata:speed>0.872</gpxdata:speed>
        </extensions>
      </trkpt>
      <trkpt lat="46.4454120" lon="9.5667455">
        <ele>2085.4</ele>
        <time>2026-09-15T10:23:42Z</time>
        <extensions>
          <gpxdata:distance>1229.37</gpxdata:distance>
          <gpxdata:speed>0.891</gpxdata:speed>
        </extensions>
      </trkpt>
      <trkpt lat="46.4454310" lon="9.5667325">
        <ele>2085.6</ele>
        <time>2026-09-15T10:23:45Z</time>
        <extensions>
          <gpxdata:distance>1231.71</gpxdata:distance>
          <gpxdata:speed>0.924</gpxdata:speed>
        </extensions>
      </trkpt>
      <trkpt lat="46.4454670" lon="9.5667085">
        <ele>2086.2</ele>
        <time>2026-09-15T10:23:50Z</time>
        <extensions>
          <gpxdata:distance>1236.11</gpxdata:distance>
          <gpxdata:speed>0.913</gpxdata:speed>
        </extensions>
      </trkpt>
      <trkpt lat="46.4456030" lon="9.5666355">
        <ele>2086.2</ele>
        <time>2026-09-15T10:24:07Z</time>
        <extensions>
          <gpxdata:distance>1252.24</gpxdata:distance>
          <gpxdata:speed>0.937</gpxdata:speed>
        </extensions>
      </trkpt>
      <trkpt lat="46.4456400" lon="9.5666105">
        <ele>2085.7</ele>
        <time>2026-09-15T10:24:12Z</time>
        <extensions>
          <gpxdata:distance>1256.77</gpxdata:distance>
          <gpxdata:speed>0.944</gpxdata:speed>
        </extensions>
      </trkpt>
      <trkpt lat="46.4457410" lon="9.5664846">
        <ele>2082.6</ele>
        <time>2026-09-15T10:24:28Z</time>
        <extensions>
          <gpxdata:distance>1271.58</gpxdata:distance>
          <gpxdata:speed>0.919</gpxdata:speed>
        </extensions>
      </trkpt>
      <trkpt lat="46.4457880" lon="9.5663826">
        <ele>2081.6</ele>
        <time>2026-09-15T10:24:38Z</time>
        <extensions>
          <gpxdata:distance>1280.98</gpxdata:distance>
          <gpxdata:speed>0.930</gpxdata:speed>
        </extensions>
      </trkpt>
      <trkpt lat="46.4458170" lon="9.5662796">
        <ele>2081.9</ele>
        <time>2026-09-15T10:24:47Z</time>
        <extensions>
          <gpxdata:distance>1289.50</gpxdata:distance>
          <gpxdata:speed>0.951</gpxdata:speed>
        </extensions>
      </trkpt>
      <trkpt lat="46.4458560" lon="9.5661376">
        <ele>2081.0</ele>
        <time>2026-09-15T10:24:59Z</time>
        <extensions>
          <gpxdata:distance>1301.22</gpxdata:distance>
          <gpxdata:speed>0.945</gpxdata:speed>
        </extensions>
      </trkpt>
      <trkpt lat="46.4458770" lon="9.5659696">
        <ele>2080.2</ele>
        <time>2026-09-15T10:25:13Z</time>
        <extensions>
          <gpxdata:distance>1314.30</gpxdata:distance>
          <gpxdata:speed>0.936</gpxdata:speed>
        </extensions>
      </trkpt>
      <trkpt lat="46.4459100" lon="9.5656326">
        <ele>2079.2</ele>
        <time>2026-09-15T10:25:41Z</time>
        <extensions>
          <gpxdata:distance>1340.38</gpxdata:distance>
          <gpxdata:speed>0.939</gpxdata:speed>
        </extensions>
      </trkpt>
      <trkpt lat="46.4459050" lon="9.5654496">
        <ele>2078.7</ele>
        <time>2026-09-15T10:25:56Z</time>
        <extensions>
          <gpxdata:distance>1354.41</gpxdata:distance>
          <gpxdata:speed>0.934</gpxdata:speed>
        </extensions>
      </trkpt>
      <trkpt lat="46.4458900" lon="9.5652536">
        <ele>2079.8</ele>
        <time>2026-09-15T10:26:12Z</time>
        <extensions>
          <gpxdata:distance>1369.52</gpxdata:distance>
          <gpxdata:speed>0.943</gpxdata:speed>
        </extensions>
      </trkpt>
      <trkpt lat="46.4458850" lon="9.5650326">
        <ele>2081.9</ele>
        <time>2026-09-15T10:26:29Z</time>
        <extensions>
          <gpxdata:distance>1386.46</gpxdata:distance>
          <gpxdata:speed>0.975</gpxdata:speed>
        </extensions>
      </trkpt>
      <trkpt lat="46.4458800" lon="9.5648626">
        <ele>2080.8</ele>
        <time>2026-09-15T10:26:42Z</time>
        <extensions>
          <gpxdata:distance>1399.50</gpxdata:distance>
          <gpxdata:speed>0.994</gpxdata:speed>
        </extensions>
      </trkpt>
      <trkpt lat="46.4458920" lon="9.5646946">
        <ele>2079.3</ele>
        <time>2026-09-15T10:26:56Z</time>
        <extensions>
          <gpxdata:distance>1412.44</gpxdata:distance>
          <gpxdata:speed>0.990</gpxdata:speed>
        </extensions>
      </trkpt>
      <trkpt lat="46.4458850" lon="9.5645506">
        <ele>2078.8</ele>
        <time>2026-09-15T10:27:07Z</time>
        <extensions>
          <gpxdata:distance>1423.50</gpxdata:distance>
          <gpxdata:speed>0.983</gpxdata:speed>
        </extensions>
      </trkpt>
      <trkpt lat="46.4458790" lon="9.5644076">
        <ele>2079.6</ele>
        <time>2026-09-15T10:27:18Z</time>
        <extensions>
          <gpxdata:distance>1434.48</gpxdata:distance>
          <gpxdata:speed>0.999</gpxdata:speed>
        </extensions>
      </trkpt>
      <trkpt lat="46.4459320" lon="9.5639926">
        <ele>2079.9</ele>
        <time>2026-09-15T10:27:50Z</time>
        <extensions>
          <gpxdata:distance>1466.81</gpxdata:distance>
          <gpxdata:speed>1.010</gpxdata:speed>
        </extensions>
      </trkpt>
      <trkpt lat="46.4459620" lon="9.5638116">
        <ele>2080.5</ele>
        <time>2026-09-15T10:28:04Z</time>
        <extensions>
          <gpxdata:distance>1481.08</gpxdata:distance>
          <gpxdata:speed>0.989</gpxdata:speed>
        </extensions>
      </trkpt>
      <trkpt lat="46.4459860" lon="9.5635136">
        <ele>2080.3</ele>
        <time>2026-09-15T10:28:28Z</time>
        <extensions>
          <gpxdata:distance>1504.06</gpxdata:distance>
          <gpxdata:speed>0.985</gpxdata:speed>
        </extensions>
      </trkpt>
      <trkpt lat="46.4459890" lon="9.5633436">
        <ele>2079.6</ele>
        <time>2026-09-15T10:28:40Z</time>
        <extensions>
          <gpxdata:distance>1517.09</gpxdata:distance>
          <gpxdata:speed>1.011</gpxdata:speed>
        </extensions>
      </trkpt>
      <trkpt lat="46.4460190" lon="9.5631886">
        <ele>2079.3</ele>
        <time>2026-09-15T10:28:53Z</time>
        <extensions>
          <gpxdata:distance>1529.43</gpxdata:distance>
          <gpxdata:speed>0.989</gpxdata:speed>
        </extensions>
      </trkpt>
      <trkpt lat="46.4460310" lon="9.5630336">
        <ele>2079.0</ele>
        <time>2026-09-15T10:29:05Z</time>
        <extensions>
          <gpxdata:distance>1541.38</gpxdata:distance>
          <gpxdata:speed>0.996</gpxdata:speed>
        </extensions>
      </trkpt>
      <trkpt lat="46.4460520" lon="9.5628906">
        <ele>2078.7</ele>
        <time>2026-09-15T10:29:16Z</time>
        <extensions>
          <gpxdata:distance>1552.58</gpxdata:distance>
          <gpxdata:speed>1.007</gpxdata:speed>
        </extensions>
      </trkpt>
      <trkpt lat="46.4461080" lon="9.5627756">
        <ele>2078.7</ele>
        <time>2026-09-15T10:29:27Z</time>
        <extensions>
          <gpxdata:distance>1563.37</gpxdata:distance>
          <gpxdata:speed>1.011</gpxdata:speed>
        </extensions>
      </trkpt>
      <trkpt lat="46.4461550" lon="9.5626606">
        <ele>2079.5</ele>
        <time>2026-09-15T10:29:37Z</time>
        <extensions>
          <gpxdata:distance>1573.62</gpxdata:distance>
          <gpxdata:speed>1.011</gpxdata:speed>
        </extensions>
      </trkpt>
      <trkpt lat="46.4460860" lon="9.5624756">
        <ele>2080.2</ele>
        <time>2026-09-15T10:29:53Z</time>
        <extensions>
          <gpxdata:distance>1589.73</gpxdata:distance>
          <gpxdata:speed>1.006</gpxdata:speed>
        </extensions>
      </trkpt>
      <trkpt lat="46.4460260" lon="9.5623296">
        <ele>2080.1</ele>
        <time>2026-09-15T10:30:06Z</time>
        <extensions>
          <gpxdata:distance>1602.76</gpxdata:distance>
          <gpxdata:speed>1.008</gpxdata:speed>
        </extensions>
      </trkpt>
      <trkpt lat="46.4459930" lon="9.5621726">
        <ele>2079.8</ele>
        <time>2026-09-15T10:30:18Z</time>
        <extensions>
          <gpxdata:distance>1615.33</gpxdata:distance>
          <gpxdata:speed>1.007</gpxdata:speed>
        </extensions>
      </trkpt>
      <trkpt lat="46.4459690" lon="9.5620286">
        <ele>2079.7</ele>
        <time>2026-09-15T10:30:30Z</time>
        <extensions>
          <gpxdata:distance>1626.69</gpxdata:distance>
          <gpxdata:speed>1.010</gpxdata:speed>
        </extensions>
      </trkpt>
      <trkpt lat="46.4459710" lon="9.5619246">
        <ele>2078.6</ele>
        <time>2026-09-15T10:30:37Z</time>
        <extensions>
          <gpxdata:distance>1634.66</gpxdata:distance>
          <gpxdata:speed>1.004</gpxdata:speed>
        </extensions>
      </trkpt>
      <trkpt lat="46.4460230" lon="9.5615486">
        <ele>2075.2</ele>
        <time>2026-09-15T10:31:08Z</time>
        <extensions>
          <gpxdata:distance>1664.04</gpxdata:distance>
          <gpxdata:speed>0.973</gpxdata:speed>
        </extensions>
      </trkpt>
      <trkpt lat="46.4461480" lon="9.5610976">
        <ele>2071.7</ele>
        <time>2026-09-15T10:31:47Z</time>
        <extensions>
          <gpxdata:distance>1701.28</gpxdata:distance>
          <gpxdata:speed>0.952</gpxdata:speed>
        </extensions>
      </trkpt>
      <trkpt lat="46.4461950" lon="9.5609956">
        <ele>2070.9</ele>
        <time>2026-09-15T10:31:57Z</time>
        <extensions>
          <gpxdata:distance>1710.69</gpxdata:distance>
          <gpxdata:speed>0.945</gpxdata:speed>
        </extensions>
      </trkpt>
      <trkpt lat="46.4462340" lon="9.5608536">
        <ele>2070.0</ele>
        <time>2026-09-15T10:32:09Z</time>
        <extensions>
          <gpxdata:distance>1722.40</gpxdata:distance>
          <gpxdata:speed>0.933</gpxdata:speed>
        </extensions>
      </trkpt>
      <trkpt lat="46.4462540" lon="9.5607116">
        <ele>2069.0</ele>
        <time>2026-09-15T10:32:21Z</time>
        <extensions>
          <gpxdata:distance>1733.50</gpxdata:distance>
          <gpxdata:speed>0.918</gpxdata:speed>
        </extensions>
      </trkpt>
      <trkpt lat="46.4462750" lon="9.5605566">
        <ele>2067.9</ele>
        <time>2026-09-15T10:32:35Z</time>
        <extensions>
          <gpxdata:distance>1745.61</gpxdata:distance>
          <gpxdata:speed>0.910</gpxdata:speed>
        </extensions>
      </trkpt>
      <trkpt lat="46.4462790" lon="9.5603486">
        <ele>2066.8</ele>
        <time>2026-09-15T10:32:52Z</time>
        <extensions>
          <gpxdata:distance>1761.55</gpxdata:distance>
          <gpxdata:speed>0.906</gpxdata:speed>
        </extensions>
      </trkpt>
      <trkpt lat="46.4462650" lon="9.5601266">
        <ele>2065.6</ele>
        <time>2026-09-15T10:33:11Z</time>
        <extensions>
          <gpxdata:distance>1778.63</gpxdata:distance>
          <gpxdata:speed>0.902</gpxdata:speed>
        </extensions>
      </trkpt>
      <trkpt lat="46.4462590" lon="9.5599566">
        <ele>2064.9</ele>
        <time>2026-09-15T10:33:26Z</time>
        <extensions>
          <gpxdata:distance>1791.67</gpxdata:distance>
          <gpxdata:speed>0.908</gpxdata:speed>
        </extensions>
      </trkpt>
      <trkpt lat="46.4462810" lon="9.5597886">
        <ele>2064.0</ele>
        <time>2026-09-15T10:33:40Z</time>
        <extensions>
          <gpxdata:distance>1804.77</gpxdata:distance>
          <gpxdata:speed>0.916</gpxdata:speed>
        </extensions>
      </trkpt>
      <trkpt lat="46.4463100" lon="9.5596596">
        <ele>2062.9</ele>
        <time>2026-09-15T10:33:51Z</time>
        <extensions>
          <gpxdata:distance>1815.17</gpxdata:distance>
          <gpxdata:speed>0.919</gpxdata:speed>
        </extensions>
      </trkpt>
      <trkpt lat="46.4463660" lon="9.5595316">
        <ele>2061.6</ele>
        <time>2026-09-15T10:34:04Z</time>
        <extensions>
          <gpxdata:distance>1826.79</gpxdata:distance>
          <gpxdata:speed>0.916</gpxdata:speed>
        </extensions>
      </trkpt>
      <trkpt lat="46.4464310" lon="9.5594556">
        <ele>2059.6</ele>
        <time>2026-09-15T10:34:14Z</time>
        <extensions>
          <gpxdata:distance>1836.07</gpxdata:distance>
          <gpxdata:speed>0.904</gpxdata:speed>
        </extensions>
      </trkpt>
      <trkpt lat="46.4464960" lon="9.5593546">
        <ele>2058.0</ele>
        <time>2026-09-15T10:34:26Z</time>
        <extensions>
          <gpxdata:distance>1846.66</gpxdata:distance>
          <gpxdata:speed>0.897</gpxdata:speed>
        </extensions>
      </trkpt>
      <trkpt lat="46.4465420" lon="9.5592646">
        <ele>2057.0</ele>
        <time>2026-09-15T10:34:36Z</time>
        <extensions>
          <gpxdata:distance>1855.24</gpxdata:distance>
          <gpxdata:speed>0.895</gpxdata:speed>
        </extensions>
      </trkpt>
      <trkpt lat="46.4465810" lon="9.5591106">
        <ele>2055.1</ele>
        <time>2026-09-15T10:34:49Z</time>
        <extensions>
          <gpxdata:distance>1867.81</gpxdata:distance>
          <gpxdata:speed>0.904</gpxdata:speed>
        </extensions>
      </trkpt>
      <trkpt lat="46.4466750" lon="9.5588796">
        <ele>2052.1</ele>
        <time>2026-09-15T10:35:12Z</time>
        <extensions>
          <gpxdata:distance>1888.37</gpxdata:distance>
          <gpxdata:speed>0.915</gpxdata:speed>
        </extensions>
      </trkpt>
      <trkpt lat="46.4467400" lon="9.5588166">
        <ele>2050.4</ele>
        <time>2026-09-15T10:35:21Z</time>
        <extensions>
          <gpxdata:distance>1897.06</gpxdata:distance>
          <gpxdata:speed>0.929</gpxdata:speed>
        </extensions>
      </trkpt>
      <trkpt lat="46.4468050" lon="9.5587026">
        <ele>2048.2</ele>
        <time>2026-09-15T10:35:33Z</time>
        <extensions>
          <gpxdata:distance>1908.39</gpxdata:distance>
          <gpxdata:speed>0.937</gpxdata:speed>
        </extensions>
      </trkpt>
      <trkpt lat="46.4468690" lon="9.5586136">
        <ele>2045.8</ele>
        <time>2026-09-15T10:35:44Z</time>
        <extensions>
          <gpxdata:distance>1918.25</gpxdata:distance>
          <gpxdata:speed>0.918</gpxdata:speed>
        </extensions>
      </trkpt>
      <trkpt lat="46.4468710" lon="9.5585486">
        <ele>2045.4</ele>
        <time>2026-09-15T10:35:50Z</time>
        <extensions>
          <gpxdata:distance>1923.24</gpxdata:distance>
          <gpxdata:speed>0.916</gpxdata:speed>
        </extensions>
      </trkpt>
      <trkpt lat="46.4468190" lon="9.5584296">
        <ele>2045.0</ele>
        <time>2026-09-15T10:36:01Z</time>
        <extensions>
          <gpxdata:distance>1934.03</gpxdata:distance>
          <gpxdata:speed>0.939</gpxdata:speed>
        </extensions>
      </trkpt>
      <trkpt lat="46.4467950" lon="9.5582856">
        <ele>2044.2</ele>
        <time>2026-09-15T10:36:13Z</time>
        <extensions>
          <gpxdata:distance>1945.38</gpxdata:distance>
          <gpxdata:speed>0.931</gpxdata:speed>
        </extensions>
      </trkpt>
      <trkpt lat="46.4467360" lon="9.5580746">
        <ele>2042.5</ele>
        <time>2026-09-15T10:36:32Z</time>
        <extensions>
          <gpxdata:distance>1962.83</gpxdata:distance>
          <gpxdata:speed>0.926</gpxdata:speed>
        </extensions>
      </trkpt>
      <trkpt lat="46.4466670" lon="9.5578636">
        <ele>2041.8</ele>
        <time>2026-09-15T10:36:52Z</time>
        <extensions>
          <gpxdata:distance>1980.72</gpxdata:distance>
          <gpxdata:speed>0.911</gpxdata:speed>
        </extensions>
      </trkpt>
      <trkpt lat="46.4466350" lon="9.5576936">
        <ele>2040.2</ele>
        <time>2026-09-15T10:37:07Z</time>
        <extensions>
          <gpxdata:distance>1994.23</gpxdata:distance>
          <gpxdata:speed>0.906</gpxdata:speed>
        </extensions>
      </trkpt>
      <trkpt lat="46.4466370" lon="9.5575766">
        <ele>2039.2</ele>
        <time>2026-09-15T10:37:17Z</time>
        <extensions>
          <gpxdata:distance>2003.19</gpxdata:distance>
          <gpxdata:speed>0.899</gpxdata:speed>
        </extensions>
      </trkpt>
      <trkpt lat="46.4466580" lon="9.5574076">
        <ele>2039.1</ele>
        <time>2026-09-15T10:37:31Z</time>
        <extensions>
          <gpxdata:distance>2016.35</gpxdata:distance>
          <gpxdata:speed>0.911</gpxdata:speed>
        </extensions>
      </trkpt>
      <trkpt lat="46.4466620" lon="9.5571996">
        <ele>2036.5</ele>
        <time>2026-09-15T10:37:48Z</time>
        <extensions>
          <gpxdata:distance>2032.29</gpxdata:distance>
          <gpxdata:speed>0.914</gpxdata:speed>
        </extensions>
      </trkpt>
      <trkpt lat="46.4466660" lon="9.5570046">
        <ele>2033.3</ele>
        <time>2026-09-15T10:38:05Z</time>
        <extensions>
          <gpxdata:distance>2047.24</gpxdata:distance>
          <gpxdata:speed>0.897</gpxdata:speed>
        </extensions>
      </trkpt>
      <trkpt lat="46.4466960" lon="9.5568236">
        <ele>2031.4</ele>
        <time>2026-09-15T10:38:21Z</time>
        <extensions>
          <gpxdata:distance>2061.50</gpxdata:distance>
          <gpxdata:speed>0.900</gpxdata:speed>
        </extensions>
      </trkpt>
      <trkpt lat="46.4467350" lon="9.5566686">
        <ele>2029.8</ele>
        <time>2026-09-15T10:38:35Z</time>
        <extensions>
          <gpxdata:distance>2074.14</gpxdata:distance>
          <gpxdata:speed>0.905</gpxdata:speed>
        </extensions>
      </trkpt>
      <trkpt lat="46.4467540" lon="9.5565786">
        <ele>2028.4</ele>
        <time>2026-09-15T10:38:43Z</time>
        <extensions>
          <gpxdata:distance>2081.36</gpxdata:distance>
          <gpxdata:speed>0.912</gpxdata:speed>
        </extensions>
      </trkpt>
      <trkpt lat="46.4468030" lon="9.5563976">
        <ele>2025.6</ele>
        <time>2026-09-15T10:38:59Z</time>
        <extensions>
          <gpxdata:distance>2096.26</gpxdata:distance>
          <gpxdata:speed>0.931</gpxdata:speed>
        </extensions>
      </trkpt>
      <trkpt lat="46.4468590" lon="9.5562696">
        <ele>2023.7</ele>
        <time>2026-09-15T10:39:11Z</time>
        <extensions>
          <gpxdata:distance>2107.87</gpxdata:distance>
          <gpxdata:speed>0.936</gpxdata:speed>
        </extensions>
      </trkpt>
      <trkpt lat="46.4468710" lon="9.5561276">
        <ele>2020.1</ele>
        <time>2026-09-15T10:39:23Z</time>
        <extensions>
          <gpxdata:distance>2118.83</gpxdata:distance>
          <gpxdata:speed>0.919</gpxdata:speed>
        </extensions>
      </trkpt>
      <trkpt lat="46.4468820" lon="9.5560366">
        <ele>2017.9</ele>
        <time>2026-09-15T10:39:31Z</time>
        <extensions>
          <gpxdata:distance>2125.91</gpxdata:distance>
          <gpxdata:speed>0.881</gpxdata:speed>
        </extensions>
      </trkpt>
      <trkpt lat="46.4467840" lon="9.5559546">
        <ele>2014.7</ele>
        <time>2026-09-15T10:39:46Z</time>
        <extensions>
          <gpxdata:distance>2138.49</gpxdata:distance>
          <gpxdata:speed>0.872</gpxdata:speed>
        </extensions>
      </trkpt>
      <trkpt lat="46.4467580" lon="9.5559276">
        <ele>2013.6</ele>
        <time>2026-09-15T10:39:50Z</time>
        <extensions>
          <gpxdata:distance>2142.05</gpxdata:distance>
          <gpxdata:speed>0.872</gpxdata:speed>
        </extensions>
      </trkpt>
      <trkpt lat="46.4467220" lon="9.5558996">
        <ele>2013.0</ele>
        <time>2026-09-15T10:39:55Z</time>
        <extensions>
          <gpxdata:distance>2146.59</gpxdata:distance>
          <gpxdata:speed>0.872</gpxdata:speed>
        </extensions>
      </trkpt>
      <trkpt lat="46.4466870" lon="9.5558466">
        <ele>2012.0</ele>
        <time>2026-09-15T10:40:01Z</time>
        <extensions>
          <gpxdata:distance>2152.21</gpxdata:distance>
          <gpxdata:speed>0.872</gpxdata:speed>
        </extensions>
      </trkpt>
      <trkpt lat="46.4466430" lon="9.5557926">
        <ele>2010.5</ele>
        <time>2026-09-15T10:40:09Z</time>
        <extensions>
          <gpxdata:distance>2158.62</gpxdata:distance>
          <gpxdata:speed>0.872</gpxdata:speed>
        </extensions>
      </trkpt>
      <trkpt lat="46.4466170" lon="9.5557266">
        <ele>2009.1</ele>
        <time>2026-09-15T10:40:15Z</time>
        <extensions>
          <gpxdata:distance>2164.44</gpxdata:distance>
          <gpxdata:speed>0.872</gpxdata:speed>
        </extensions>
      </trkpt>
      <trkpt lat="46.4465840" lon="9.5556086">
        <ele>2006.8</ele>
        <time>2026-09-15T10:40:27Z</time>
        <extensions>
          <gpxdata:distance>2174.20</gpxdata:distance>
          <gpxdata:speed>0.872</gpxdata:speed>
        </extensions>
      </trkpt>
      <trkpt lat="46.4465500" lon="9.5554896">
        <ele>2004.4</ele>
        <time>2026-09-15T10:40:38Z</time>
        <extensions>
          <gpxdata:distance>2184.07</gpxdata:distance>
          <gpxdata:speed>0.872</gpxdata:speed>
        </extensions>
      </trkpt>
      <trkpt lat="46.4465330" lon="9.5554106">
        <ele>2003.4</ele>
        <time>2026-09-15T10:40:45Z</time>
        <extensions>
          <gpxdata:distance>2190.41</gpxdata:distance>
          <gpxdata:speed>0.872</gpxdata:speed>
        </extensions>
      </trkpt>
      <trkpt lat="46.4465250" lon="9.5553456">
        <ele>2002.6</ele>
        <time>2026-09-15T10:40:51Z</time>
        <extensions>
          <gpxdata:distance>2195.47</gpxdata:distance>
          <gpxdata:speed>0.872</gpxdata:speed>
        </extensions>
      </trkpt>
      <trkpt lat="46.4465180" lon="9.5552546">
        <ele>2001.0</ele>
        <time>2026-09-15T10:40:59Z</time>
        <extensions>
          <gpxdata:distance>2202.49</gpxdata:distance>
          <gpxdata:speed>0.872</gpxdata:speed>
        </extensions>
      </trkpt>
      <trkpt lat="46.4465100" lon="9.5552146">
        <ele>2000.5</ele>
        <time>2026-09-15T10:41:03Z</time>
        <extensions>
          <gpxdata:distance>2205.68</gpxdata:distance>
          <gpxdata:speed>0.872</gpxdata:speed>
        </extensions>
      </trkpt>
      <trkpt lat="46.4465020" lon="9.5551756">
        <ele>1999.8</ele>
        <time>2026-09-15T10:41:06Z</time>
        <extensions>
          <gpxdata:distance>2208.80</gpxdata:distance>
          <gpxdata:speed>0.872</gpxdata:speed>
        </extensions>
      </trkpt>
      <trkpt lat="46.4464670" lon="9.5551216">
        <ele>1997.9</ele>
        <time>2026-09-15T10:41:13Z</time>
        <extensions>
          <gpxdata:distance>2214.48</gpxdata:distance>
          <gpxdata:speed>0.872</gpxdata:speed>
        </extensions>
      </trkpt>
      <trkpt lat="46.4464410" lon="9.5550686">
        <ele>1996.4</ele>
        <time>2026-09-15T10:41:19Z</time>
        <extensions>
          <gpxdata:distance>2219.46</gpxdata:distance>
          <gpxdata:speed>0.872</gpxdata:speed>
        </extensions>
      </trkpt>
      <trkpt lat="46.4464330" lon="9.5550166">
        <ele>1995.5</ele>
        <time>2026-09-15T10:41:23Z</time>
        <extensions>
          <gpxdata:distance>2223.54</gpxdata:distance>
          <gpxdata:speed>0.872</gpxdata:speed>
        </extensions>
      </trkpt>
      <trkpt lat="46.4464250" lon="9.5549646">
        <ele>1994.4</ele>
        <time>2026-09-15T10:41:28Z</time>
        <extensions>
          <gpxdata:distance>2227.62</gpxdata:distance>
          <gpxdata:speed>0.872</gpxdata:speed>
        </extensions>
      </trkpt>
      <trkpt lat="46.4464270" lon="9.5548466">
        <ele>1991.6</ele>
        <time>2026-09-15T10:41:38Z</time>
        <extensions>
          <gpxdata:distance>2236.67</gpxdata:distance>
          <gpxdata:speed>0.872</gpxdata:speed>
        </extensions>
      </trkpt>
      <trkpt lat="46.4464190" lon="9.5547686">
        <ele>1990.2</ele>
        <time>2026-09-15T10:41:45Z</time>
        <extensions>
          <gpxdata:distance>2242.71</gpxdata:distance>
          <gpxdata:speed>0.872</gpxdata:speed>
        </extensions>
      </trkpt>
      <trkpt lat="46.4464050" lon="9.5545856">
        <ele>1988.9</ele>
        <time>2026-09-15T10:42:01Z</time>
        <extensions>
          <gpxdata:distance>2256.82</gpxdata:distance>
          <gpxdata:speed>0.872</gpxdata:speed>
        </extensions>
      </trkpt>
      <trkpt lat="46.4464050" lon="9.5545856">
        <ele>1988.9</ele>
        <time>2026-09-15T10:42:01Z</time>
        <extensions>
          <gpxdata:distance>2256.82</gpxdata:distance>
          <gpxdata:speed>0.000</gpxdata:speed>
        </extensions>
      </trkpt>
      <trkpt lat="46.4468030" lon="9.5544326">
        <ele>1988.9</ele>
        <time>2026-09-15T10:42:52Z</time>
        <extensions>
          <gpxdata:distance>2302.60</gpxdata:distance>
          <gpxdata:speed>0.909</gpxdata:speed>
        </extensions>
      </trkpt>
      <trkpt lat="46.4468030" lon="9.5544326">
        <ele>1988.9</ele>
        <time>2026-09-15T10:42:52Z</time>
        <extensions>
          <gpxdata:distance>2302.60</gpxdata:distance>
          <gpxdata:speed>0.000</gpxdata:speed>
        </extensions>
      </trkpt>
      <trkpt lat="46.4468400" lon="9.5544206">
        <ele>1988.8</ele>
        <time>2026-09-15T10:42:56Z</time>
        <extensions>
          <gpxdata:distance>2306.81</gpxdata:distance>
          <gpxdata:speed>0.908</gpxdata:speed>
        </extensions>
      </trkpt>
      <trkpt lat="46.4468760" lon="9.5543826">
        <ele>1988.6</ele>
        <time>2026-09-15T10:43:02Z</time>
        <extensions>
          <gpxdata:distance>2311.76</gpxdata:distance>
          <gpxdata:speed>0.918</gpxdata:speed>
        </extensions>
      </trkpt>
      <trkpt lat="46.4468760" lon="9.5543826">
        <ele>1988.6</ele>
        <time>2026-09-15T10:43:02Z</time>
        <extensions>
          <gpxdata:distance>2311.76</gpxdata:distance>
          <gpxdata:speed>0.000</gpxdata:speed>
        </extensions>
      </trkpt>
      <trkpt lat="46.4469320" lon="9.5542806">
        <ele>1988.0</ele>
        <time>2026-09-15T10:43:12Z</time>
        <extensions>
          <gpxdata:distance>2321.76</gpxdata:distance>
          <gpxdata:speed>0.958</gpxdata:speed>
        </extensions>
      </trkpt>
      <trkpt lat="46.4469980" lon="9.5541406">
        <ele>1987.1</ele>
        <time>2026-09-15T10:43:26Z</time>
        <extensions>
          <gpxdata:distance>2334.75</gpxdata:distance>
          <gpxdata:speed>0.969</gpxdata:speed>
        </extensions>
      </trkpt>
      <trkpt lat="46.4470350" lon="9.5540766">
        <ele>1986.9</ele>
        <time>2026-09-15T10:43:32Z</time>
        <extensions>
          <gpxdata:distance>2341.15</gpxdata:distance>
          <gpxdata:speed>0.982</gpxdata:speed>
        </extensions>
      </trkpt>
      <trkpt lat="46.4470990" lon="9.5540136">
        <ele>1986.7</ele>
        <time>2026-09-15T10:43:41Z</time>
        <extensions>
          <gpxdata:distance>2349.75</gpxdata:distance>
          <gpxdata:speed>0.982</gpxdata:speed>
        </extensions>
      </trkpt>
      <trkpt lat="46.4473090" lon="9.5538396">
        <ele>1986.2</ele>
        <time>2026-09-15T10:44:09Z</time>
        <extensions>
          <gpxdata:distance>2376.64</gpxdata:distance>
          <gpxdata:speed>0.966</gpxdata:speed>
        </extensions>
      </trkpt>
      <trkpt lat="46.4475200" lon="9.5536396">
        <ele>1986.3</ele>
        <time>2026-09-15T10:44:37Z</time>
        <extensions>
          <gpxdata:distance>2404.66</gpxdata:distance>
          <gpxdata:speed>0.980</gpxdata:speed>
        </extensions>
      </trkpt>
      <trkpt lat="46.4479950" lon="9.5532806">
        <ele>1984.2</ele>
        <time>2026-09-15T10:45:38Z</time>
        <extensions>
          <gpxdata:distance>2464.21</gpxdata:distance>
          <gpxdata:speed>0.975</gpxdata:speed>
        </extensions>
      </trkpt>
      <trkpt lat="46.4480770" lon="9.5532056">
        <ele>1984.0</ele>
        <time>2026-09-15T10:45:49Z</time>
        <extensions>
          <gpxdata:distance>2474.99</gpxdata:distance>
          <gpxdata:speed>0.976</gpxdata:speed>
        </extensions>
      </trkpt>
      <trkpt lat="46.4481600" lon="9.5530916">
        <ele>1984.1</ele>
        <time>2026-09-15T10:46:02Z</time>
        <extensions>
          <gpxdata:distance>2487.70</gpxdata:distance>
          <gpxdata:speed>0.980</gpxdata:speed>
        </extensions>
      </trkpt>
      <trkpt lat="46.4482440" lon="9.5529266">
        <ele>1984.5</ele>
        <time>2026-09-15T10:46:18Z</time>
        <extensions>
          <gpxdata:distance>2503.42</gpxdata:distance>
          <gpxdata:speed>0.988</gpxdata:speed>
        </extensions>
      </trkpt>
      <trkpt lat="46.4483010" lon="9.5527856">
        <ele>1984.2</ele>
        <time>2026-09-15T10:46:31Z</time>
        <extensions>
          <gpxdata:distance>2515.94</gpxdata:distance>
          <gpxdata:speed>0.992</gpxdata:speed>
        </extensions>
      </trkpt>
      <trkpt lat="46.4484060" lon="9.5524896">
        <ele>1982.1</ele>
        <time>2026-09-15T10:46:57Z</time>
        <extensions>
          <gpxdata:distance>2541.45</gpxdata:distance>
          <gpxdata:speed>0.982</gpxdata:speed>
        </extensions>
      </trkpt>
      <trkpt lat="46.4485480" lon="9.5521046">
        <ele>1980.3</ele>
        <time>2026-09-15T10:47:31Z</time>
        <extensions>
          <gpxdata:distance>2574.90</gpxdata:distance>
          <gpxdata:speed>0.976</gpxdata:speed>
        </extensions>
      </trkpt>
      <trkpt lat="46.4487070" lon="9.5517726">
        <ele>1980.4</ele>
        <time>2026-09-15T10:48:03Z</time>
        <extensions>
          <gpxdata:distance>2605.88</gpxdata:distance>
          <gpxdata:speed>0.980</gpxdata:speed>
        </extensions>
      </trkpt>
      <trkpt lat="46.4488000" lon="9.5516196">
        <ele>1980.3</ele>
        <time>2026-09-15T10:48:19Z</time>
        <extensions>
          <gpxdata:distance>2621.51</gpxdata:distance>
          <gpxdata:speed>0.977</gpxdata:speed>
        </extensions>
      </trkpt>
      <trkpt lat="46.4488730" lon="9.5515316">
        <ele>1980.3</ele>
        <time>2026-09-15T10:48:30Z</time>
        <extensions>
          <gpxdata:distance>2632.06</gpxdata:distance>
          <gpxdata:speed>0.983</gpxdata:speed>
        </extensions>
      </trkpt>
      <trkpt lat="46.4489550" lon="9.5514696">
        <ele>1980.2</ele>
        <time>2026-09-15T10:48:40Z</time>
        <extensions>
          <gpxdata:distance>2642.35</gpxdata:distance>
          <gpxdata:speed>0.983</gpxdata:speed>
        </extensions>
      </trkpt>
      <trkpt lat="46.4491190" lon="9.5513716">
        <ele>1979.8</ele>
        <time>2026-09-15T10:49:00Z</time>
        <extensions>
          <gpxdata:distance>2662.07</gpxdata:distance>
          <gpxdata:speed>0.981</gpxdata:speed>
        </extensions>
      </trkpt>
      <trkpt lat="46.4492290" lon="9.5512976">
        <ele>1979.9</ele>
        <time>2026-09-15T10:49:14Z</time>
        <extensions>
          <gpxdata:distance>2675.55</gpxdata:distance>
          <gpxdata:speed>0.978</gpxdata:speed>
        </extensions>
      </trkpt>
      <trkpt lat="46.4492290" lon="9.5512976">
        <ele>1979.9</ele>
        <time>2026-09-15T10:49:14Z</time>
        <extensions>
          <gpxdata:distance>2675.55</gpxdata:distance>
          <gpxdata:speed>0.000</gpxdata:speed>
        </extensions>
      </trkpt>
      <trkpt lat="46.4492840" lon="9.5512486">
        <ele>1980.2</ele>
        <time>2026-09-15T10:49:21Z</time>
        <extensions>
          <gpxdata:distance>2682.72</gpxdata:distance>
          <gpxdata:speed>0.995</gpxdata:speed>
        </extensions>
      </trkpt>
      <trkpt lat="46.4493840" lon="9.5511736">
        <ele>1981.3</ele>
        <time>2026-09-15T10:49:34Z</time>
        <extensions>
          <gpxdata:distance>2695.24</gpxdata:distance>
          <gpxdata:speed>0.991</gpxdata:speed>
        </extensions>
      </trkpt>
      <trkpt lat="46.4493840" lon="9.5511736">
        <ele>1981.3</ele>
        <time>2026-09-15T10:49:34Z</time>
        <extensions>
          <gpxdata:distance>2695.24</gpxdata:distance>
          <gpxdata:speed>0.000</gpxdata:speed>
        </extensions>
      </trkpt>
      <trkpt lat="46.4495110" lon="9.5510876">
        <ele>1982.7</ele>
        <time>2026-09-15T10:49:50Z</time>
        <extensions>
          <gpxdata:distance>2710.82</gpxdata:distance>
          <gpxdata:speed>0.944</gpxdata:speed>
        </extensions>
      </trkpt>
      <trkpt lat="46.4495940" lon="9.5510126">
        <ele>1983.5</ele>
        <time>2026-09-15T10:50:02Z</time>
        <extensions>
          <gpxdata:distance>2721.70</gpxdata:distance>
          <gpxdata:speed>0.922</gpxdata:speed>
        </extensions>
      </trkpt>
      <trkpt lat="46.4496490" lon="9.5509626">
        <ele>1983.9</ele>
        <time>2026-09-15T10:50:10Z</time>
        <extensions>
          <gpxdata:distance>2728.91</gpxdata:distance>
          <gpxdata:speed>0.904</gpxdata:speed>
        </extensions>
      </trkpt>
      <trkpt lat="46.4497040" lon="9.5508996">
        <ele>1984.2</ele>
        <time>2026-09-15T10:50:19Z</time>
        <extensions>
          <gpxdata:distance>2736.70</gpxdata:distance>
          <gpxdata:speed>0.862</gpxdata:speed>
        </extensions>
      </trkpt>
      <trkpt lat="46.4497510" lon="9.5508106">
        <ele>1984.3</ele>
        <time>2026-09-15T10:50:29Z</time>
        <extensions>
          <gpxdata:distance>2745.29</gpxdata:distance>
          <gpxdata:speed>0.851</gpxdata:speed>
        </extensions>
      </trkpt>
      <trkpt lat="46.4497980" lon="9.5507086">
        <ele>1984.3</ele>
        <time>2026-09-15T10:50:40Z</time>
        <extensions>
          <gpxdata:distance>2754.69</gpxdata:distance>
          <gpxdata:speed>0.871</gpxdata:speed>
        </extensions>
      </trkpt>
      <trkpt lat="46.4498450" lon="9.5505796">
        <ele>1984.4</ele>
        <time>2026-09-15T10:50:53Z</time>
        <extensions>
          <gpxdata:distance>2765.87</gpxdata:distance>
          <gpxdata:speed>0.884</gpxdata:speed>
        </extensions>
      </trkpt>
      <trkpt lat="46.4499320" lon="9.5502576">
        <ele>1984.8</ele>
        <time>2026-09-15T10:51:21Z</time>
        <extensions>
          <gpxdata:distance>2792.37</gpxdata:distance>
          <gpxdata:speed>0.921</gpxdata:speed>
        </extensions>
      </trkpt>
      <trkpt lat="46.4499690" lon="9.5501816">
        <ele>1985.1</ele>
        <time>2026-09-15T10:51:29Z</time>
        <extensions>
          <gpxdata:distance>2799.50</gpxdata:distance>
          <gpxdata:speed>0.920</gpxdata:speed>
        </extensions>
      </trkpt>
      <trkpt lat="46.4501100" lon="9.5499006">
        <ele>1985.8</ele>
        <time>2026-09-15T10:51:57Z</time>
        <extensions>
          <gpxdata:distance>2826.13</gpxdata:distance>
          <gpxdata:speed>0.944</gpxdata:speed>
        </extensions>
      </trkpt>
      <trkpt lat="46.4501750" lon="9.5497856">
        <ele>1985.9</ele>
        <time>2026-09-15T10:52:09Z</time>
        <extensions>
          <gpxdata:distance>2837.53</gpxdata:distance>
          <gpxdata:speed>0.960</gpxdata:speed>
        </extensions>
      </trkpt>
      <trkpt lat="46.4504060" lon="9.5494296">
        <ele>1986.6</ele>
        <time>2026-09-15T10:52:48Z</time>
        <extensions>
          <gpxdata:distance>2874.99</gpxdata:distance>
          <gpxdata:speed>0.965</gpxdata:speed>
        </extensions>
      </trkpt>
      <trkpt lat="46.4506470" lon="9.5490746">
        <ele>1988.4</ele>
        <time>2026-09-15T10:53:28Z</time>
        <extensions>
          <gpxdata:distance>2913.18</gpxdata:distance>
          <gpxdata:speed>0.952</gpxdata:speed>
        </extensions>
      </trkpt>
      <trkpt lat="46.4506470" lon="9.5490746">
        <ele>1988.4</ele>
        <time>2026-09-15T10:53:28Z</time>
        <extensions>
          <gpxdata:distance>2913.18</gpxdata:distance>
          <gpxdata:speed>0.000</gpxdata:speed>
        </extensions>
      </trkpt>
      <trkpt lat="46.4507290" lon="9.5490126">
        <ele>1989.1</ele>
        <time>2026-09-15T10:53:39Z</time>
        <extensions>
          <gpxdata:distance>2923.46</gpxdata:distance>
          <gpxdata:speed>0.940</gpxdata:speed>
        </extensions>
      </trkpt>
      <trkpt lat="46.4508290" lon="9.5489646">
        <ele>1990.4</ele>
        <time>2026-09-15T10:53:52Z</time>
        <extensions>
          <gpxdata:distance>2935.17</gpxdata:distance>
          <gpxdata:speed>0.922</gpxdata:speed>
        </extensions>
      </trkpt>
      <trkpt lat="46.4508930" lon="9.5489286">
        <ele>1991.3</ele>
        <time>2026-09-15T10:54:00Z</time>
        <extensions>
          <gpxdata:distance>2942.80</gpxdata:distance>
          <gpxdata:speed>0.903</gpxdata:speed>
        </extensions>
      </trkpt>
      <trkpt lat="46.4508930" lon="9.5489286">
        <ele>1991.3</ele>
        <time>2026-09-15T10:54:00Z</time>
        <extensions>
          <gpxdata:distance>2942.80</gpxdata:distance>
          <gpxdata:speed>0.000</gpxdata:speed>
        </extensions>
      </trkpt>
      <trkpt lat="46.4509650" lon="9.5488916">
        <ele>1992.4</ele>
        <time>2026-09-15T10:54:10Z</time>
        <extensions>
          <gpxdata:distance>2951.29</gpxdata:distance>
          <gpxdata:speed>0.878</gpxdata:speed>
        </extensions>
      </trkpt>
      <trkpt lat="46.4511290" lon="9.5488076">
        <ele>1994.5</ele>
        <time>2026-09-15T10:54:33Z</time>
        <extensions>
          <gpxdata:distance>2970.63</gpxdata:distance>
          <gpxdata:speed>0.847</gpxdata:speed>
        </extensions>
      </trkpt>
      <trkpt lat="46.4517470" lon="9.5484797">
        <ele>2001.5</ele>
        <time>2026-09-15T10:56:06Z</time>
        <extensions>
          <gpxdata:distance>3043.80</gpxdata:distance>
          <gpxdata:speed>0.785</gpxdata:speed>
        </extensions>
      </trkpt>
      <trkpt lat="46.4518830" lon="9.5484067">
        <ele>2002.9</ele>
        <time>2026-09-15T10:56:27Z</time>
        <extensions>
          <gpxdata:distance>3059.92</gpxdata:distance>
          <gpxdata:speed>0.757</gpxdata:speed>
        </extensions>
      </trkpt>
      <trkpt lat="46.4519370" lon="9.5483957">
        <ele>2003.2</ele>
        <time>2026-09-15T10:56:35Z</time>
        <extensions>
          <gpxdata:distance>3065.99</gpxdata:distance>
          <gpxdata:speed>0.762</gpxdata:speed>
        </extensions>
      </trkpt>
      <trkpt lat="46.4519730" lon="9.5483977">
        <ele>2003.3</ele>
        <time>2026-09-15T10:56:41Z</time>
        <extensions>
          <gpxdata:distance>3069.99</gpxdata:distance>
          <gpxdata:speed>0.762</gpxdata:speed>
        </extensions>
      </trkpt>
      <trkpt lat="46.4519910" lon="9.5484377">
        <ele>2003.4</ele>
        <time>2026-09-15T10:56:45Z</time>
        <extensions>
          <gpxdata:distance>3073.65</gpxdata:distance>
          <gpxdata:speed>0.770</gpxdata:speed>
        </extensions>
      </trkpt>
      <trkpt lat="46.4519910" lon="9.5484377">
        <ele>2003.4</ele>
        <time>2026-09-15T10:56:45Z</time>
        <extensions>
          <gpxdata:distance>3073.65</gpxdata:distance>
          <gpxdata:speed>0.000</gpxdata:speed>
        </extensions>
      </trkpt>
      <trkpt lat="46.4520370" lon="9.5483607">
        <ele>2003.2</ele>
        <time>2026-09-15T10:56:55Z</time>
        <extensions>
          <gpxdata:distance>3081.46</gpxdata:distance>
          <gpxdata:speed>0.791</gpxdata:speed>
        </extensions>
      </trkpt>
      <trkpt lat="46.4520370" lon="9.5483607">
        <ele>2003.2</ele>
        <time>2026-09-15T10:56:55Z</time>
        <extensions>
          <gpxdata:distance>3081.46</gpxdata:distance>
          <gpxdata:speed>0.000</gpxdata:speed>
        </extensions>
      </trkpt>
      <trkpt lat="46.4520830" lon="9.5482847">
        <ele>2003.1</ele>
        <time>2026-09-15T10:57:05Z</time>
        <extensions>
          <gpxdata:distance>3089.21</gpxdata:distance>
          <gpxdata:speed>0.826</gpxdata:speed>
        </extensions>
      </trkpt>
      <trkpt lat="46.4520830" lon="9.5482847">
        <ele>2003.1</ele>
        <time>2026-09-15T10:57:05Z</time>
        <extensions>
          <gpxdata:distance>3089.21</gpxdata:distance>
          <gpxdata:speed>0.000</gpxdata:speed>
        </extensions>
      </trkpt>
      <trkpt lat="46.4522410" lon="9.5480567">
        <ele>2002.7</ele>
        <time>2026-09-15T10:57:29Z</time>
        <extensions>
          <gpxdata:distance>3113.98</gpxdata:distance>
          <gpxdata:speed>1.008</gpxdata:speed>
        </extensions>
      </trkpt>
      <trkpt lat="46.4522500" lon="9.5480307">
        <ele>2002.6</ele>
        <time>2026-09-15T10:57:31Z</time>
        <extensions>
          <gpxdata:distance>3116.21</gpxdata:distance>
          <gpxdata:speed>0.997</gpxdata:speed>
        </extensions>
      </trkpt>
      <trkpt lat="46.4522500" lon="9.5480307">
        <ele>2002.6</ele>
        <time>2026-09-15T10:57:31Z</time>
        <extensions>
          <gpxdata:distance>3116.21</gpxdata:distance>
          <gpxdata:speed>0.000</gpxdata:speed>
        </extensions>
      </trkpt>
      <trkpt lat="46.4523790" lon="9.5478667">
        <ele>2002.2</ele>
        <time>2026-09-15T10:57:51Z</time>
        <extensions>
          <gpxdata:distance>3135.28</gpxdata:distance>
          <gpxdata:speed>0.987</gpxdata:speed>
        </extensions>
      </trkpt>
      <trkpt lat="46.4529210" lon="9.5472757">
        <ele>1999.5</ele>
        <time>2026-09-15T10:59:08Z</time>
        <extensions>
          <gpxdata:distance>3210.66</gpxdata:distance>
          <gpxdata:speed>0.976</gpxdata:speed>
        </extensions>
      </trkpt>
      <trkpt lat="46.4530320" lon="9.5471367">
        <ele>1998.6</ele>
        <time>2026-09-15T10:59:25Z</time>
        <extensions>
          <gpxdata:distance>3226.96</gpxdata:distance>
          <gpxdata:speed>0.972</gpxdata:speed>
        </extensions>
      </trkpt>
      <trkpt lat="46.4530970" lon="9.5470087">
        <ele>1997.9</ele>
        <time>2026-09-15T10:59:37Z</time>
        <extensions>
          <gpxdata:distance>3239.14</gpxdata:distance>
          <gpxdata:speed>0.969</gpxdata:speed>
        </extensions>
      </trkpt>
      <trkpt lat="46.4531720" lon="9.5468427">
        <ele>1997.1</ele>
        <time>2026-09-15T10:59:53Z</time>
        <extensions>
          <gpxdata:distance>3254.35</gpxdata:distance>
          <gpxdata:speed>0.966</gpxdata:speed>
        </extensions>
      </trkpt>
      <trkpt lat="46.4532190" lon="9.5467407">
        <ele>1996.5</ele>
        <time>2026-09-15T11:00:03Z</time>
        <extensions>
          <gpxdata:distance>3263.75</gpxdata:distance>
          <gpxdata:speed>0.964</gpxdata:speed>
        </extensions>
      </trkpt>
      <trkpt lat="46.4532190" lon="9.5467407">
        <ele>1996.5</ele>
        <time>2026-09-15T11:00:03Z</time>
        <extensions>
          <gpxdata:distance>3263.75</gpxdata:distance>
          <gpxdata:speed>0.000</gpxdata:speed>
        </extensions>
      </trkpt>
      <trkpt lat="46.4532280" lon="9.5467147">
        <ele>1996.4</ele>
        <time>2026-09-15T11:00:05Z</time>
        <extensions>
          <gpxdata:distance>3265.98</gpxdata:distance>
          <gpxdata:speed>0.959</gpxdata:speed>
        </extensions>
      </trkpt>
      <trkpt lat="46.4532750" lon="9.5466127">
        <ele>1995.9</ele>
        <time>2026-09-15T11:00:15Z</time>
        <extensions>
          <gpxdata:distance>3275.38</gpxdata:distance>
          <gpxdata:speed>0.958</gpxdata:speed>
        </extensions>
      </trkpt>
      <trkpt lat="46.4533780" lon="9.5464207">
        <ele>1994.8</ele>
        <time>2026-09-15T11:00:34Z</time>
        <extensions>
          <gpxdata:distance>3294.02</gpxdata:distance>
          <gpxdata:speed>0.952</gpxdata:speed>
        </extensions>
      </trkpt>
      <trkpt lat="46.4536100" lon="9.5460137">
        <ele>1992.2</ele>
        <time>2026-09-15T11:01:18Z</time>
        <extensions>
          <gpxdata:distance>3334.49</gpxdata:distance>
          <gpxdata:speed>0.938</gpxdata:speed>
        </extensions>
      </trkpt>
      <trkpt lat="46.4538530" lon="9.5455667">
        <ele>1989.1</ele>
        <time>2026-09-15T11:02:04Z</time>
        <extensions>
          <gpxdata:distance>3378.11</gpxdata:distance>
          <gpxdata:speed>0.934</gpxdata:speed>
        </extensions>
      </trkpt>
      <trkpt lat="46.4539550" lon="9.5453887">
        <ele>1987.8</ele>
        <time>2026-09-15T11:02:23Z</time>
        <extensions>
          <gpxdata:distance>3395.85</gpxdata:distance>
          <gpxdata:speed>0.933</gpxdata:speed>
        </extensions>
      </trkpt>
      <trkpt lat="46.4540290" lon="9.5452877">
        <ele>1987.0</ele>
        <time>2026-09-15T11:02:35Z</time>
        <extensions>
          <gpxdata:distance>3407.14</gpxdata:distance>
          <gpxdata:speed>0.931</gpxdata:speed>
        </extensions>
      </trkpt>
      <trkpt lat="46.4540840" lon="9.5452117">
        <ele>1986.4</ele>
        <time>2026-09-15T11:02:45Z</time>
        <extensions>
          <gpxdata:distance>3415.58</gpxdata:distance>
          <gpxdata:speed>0.930</gpxdata:speed>
        </extensions>
      </trkpt>
      <trkpt lat="46.4543870" lon="9.5448847">
        <ele>1983.4</ele>
        <time>2026-09-15T11:03:30Z</time>
        <extensions>
          <gpxdata:distance>3457.57</gpxdata:distance>
          <gpxdata:speed>0.929</gpxdata:speed>
        </extensions>
      </trkpt>
      <trkpt lat="46.4545070" lon="9.5447337">
        <ele>1982.1</ele>
        <time>2026-09-15T11:03:49Z</time>
        <extensions>
          <gpxdata:distance>3475.23</gpxdata:distance>
          <gpxdata:speed>0.928</gpxdata:speed>
        </extensions>
      </trkpt>
      <trkpt lat="46.4545900" lon="9.5446327">
        <ele>1981.2</ele>
        <time>2026-09-15T11:04:02Z</time>
        <extensions>
          <gpxdata:distance>3487.27</gpxdata:distance>
          <gpxdata:speed>0.927</gpxdata:speed>
        </extensions>
      </trkpt>
      <trkpt lat="46.4546640" lon="9.5445048">
        <ele>1980.3</ele>
        <time>2026-09-15T11:04:16Z</time>
        <extensions>
          <gpxdata:distance>3500.07</gpxdata:distance>
          <gpxdata:speed>0.926</gpxdata:speed>
        </extensions>
      </trkpt>
      <trkpt lat="46.4546640" lon="9.5445048">
        <ele>1980.3</ele>
        <time>2026-09-15T11:04:16Z</time>
        <extensions>
          <gpxdata:distance>3500.07</gpxdata:distance>
          <gpxdata:speed>0.000</gpxdata:speed>
        </extensions>
      </trkpt>
      <trkpt lat="46.4547000" lon="9.5444938">
        <ele>1980.2</ele>
        <time>2026-09-15T11:04:20Z</time>
        <extensions>
          <gpxdata:distance>3504.16</gpxdata:distance>
          <gpxdata:speed>0.926</gpxdata:speed>
        </extensions>
      </trkpt>
      <trkpt lat="46.4547190" lon="9.5444808">
        <ele>1980.1</ele>
        <time>2026-09-15T11:04:22Z</time>
        <extensions>
          <gpxdata:distance>3506.49</gpxdata:distance>
          <gpxdata:speed>0.927</gpxdata:speed>
        </extensions>
      </trkpt>
      <trkpt lat="46.4547740" lon="9.5444048">
        <ele>1980.3</ele>
        <time>2026-09-15T11:04:31Z</time>
        <extensions>
          <gpxdata:distance>3514.94</gpxdata:distance>
          <gpxdata:speed>0.935</gpxdata:speed>
        </extensions>
      </trkpt>
      <trkpt lat="46.4548480" lon="9.5443168">
        <ele>1980.3</ele>
        <time>2026-09-15T11:04:43Z</time>
        <extensions>
          <gpxdata:distance>3525.57</gpxdata:distance>
          <gpxdata:speed>0.942</gpxdata:speed>
        </extensions>
      </trkpt>
      <trkpt lat="46.4548750" lon="9.5442788">
        <ele>1980.4</ele>
        <time>2026-09-15T11:04:47Z</time>
        <extensions>
          <gpxdata:distance>3529.76</gpxdata:distance>
          <gpxdata:speed>0.959</gpxdata:speed>
        </extensions>
      </trkpt>
      <trkpt lat="46.4549580" lon="9.5441778">
        <ele>1980.6</ele>
        <time>2026-09-15T11:04:59Z</time>
        <extensions>
          <gpxdata:distance>3541.80</gpxdata:distance>
          <gpxdata:speed>0.983</gpxdata:speed>
        </extensions>
      </trkpt>
      <trkpt lat="46.4550410" lon="9.5441028">
        <ele>1980.8</ele>
        <time>2026-09-15T11:05:10Z</time>
        <extensions>
          <gpxdata:distance>3552.67</gpxdata:distance>
          <gpxdata:speed>1.005</gpxdata:speed>
        </extensions>
      </trkpt>
      <trkpt lat="46.4551050" lon="9.5440278">
        <ele>1980.7</ele>
        <time>2026-09-15T11:05:19Z</time>
        <extensions>
          <gpxdata:distance>3561.82</gpxdata:distance>
          <gpxdata:speed>0.996</gpxdata:speed>
        </extensions>
      </trkpt>
      <trkpt lat="46.4551690" lon="9.5439518">
        <ele>1980.7</ele>
        <time>2026-09-15T11:05:29Z</time>
        <extensions>
          <gpxdata:distance>3571.01</gpxdata:distance>
          <gpxdata:speed>0.998</gpxdata:speed>
        </extensions>
      </trkpt>
      <trkpt lat="46.4552440" lon="9.5437988">
        <ele>1980.7</ele>
        <time>2026-09-15T11:05:43Z</time>
        <extensions>
          <gpxdata:distance>3585.40</gpxdata:distance>
          <gpxdata:speed>0.997</gpxdata:speed>
        </extensions>
      </trkpt>
      <trkpt lat="46.4553190" lon="9.5436708">
        <ele>1980.8</ele>
        <time>2026-09-15T11:05:56Z</time>
        <extensions>
          <gpxdata:distance>3598.27</gpxdata:distance>
          <gpxdata:speed>0.993</gpxdata:speed>
        </extensions>
      </trkpt>
      <trkpt lat="46.4553750" lon="9.5435428">
        <ele>1981.2</ele>
        <time>2026-09-15T11:06:08Z</time>
        <extensions>
          <gpxdata:distance>3609.88</gpxdata:distance>
          <gpxdata:speed>0.988</gpxdata:speed>
        </extensions>
      </trkpt>
      <trkpt lat="46.4554300" lon="9.5434668">
        <ele>1981.4</ele>
        <time>2026-09-15T11:06:16Z</time>
        <extensions>
          <gpxdata:distance>3618.33</gpxdata:distance>
          <gpxdata:speed>0.982</gpxdata:speed>
        </extensions>
      </trkpt>
      <trkpt lat="46.4555040" lon="9.5434048">
        <ele>1981.5</ele>
        <time>2026-09-15T11:06:26Z</time>
        <extensions>
          <gpxdata:distance>3627.83</gpxdata:distance>
          <gpxdata:speed>0.984</gpxdata:speed>
        </extensions>
      </trkpt>
      <trkpt lat="46.4555680" lon="9.5433418">
        <ele>1981.6</ele>
        <time>2026-09-15T11:06:35Z</time>
        <extensions>
          <gpxdata:distance>3636.43</gpxdata:distance>
          <gpxdata:speed>0.986</gpxdata:speed>
        </extensions>
      </trkpt>
      <trkpt lat="46.4556050" lon="9.5432658">
        <ele>1981.7</ele>
        <time>2026-09-15T11:06:42Z</time>
        <extensions>
          <gpxdata:distance>3643.55</gpxdata:distance>
          <gpxdata:speed>0.987</gpxdata:speed>
        </extensions>
      </trkpt>
      <trkpt lat="46.4557280" lon="9.5429448">
        <ele>1982.0</ele>
        <time>2026-09-15T11:07:11Z</time>
        <extensions>
          <gpxdata:distance>3671.69</gpxdata:distance>
          <gpxdata:speed>0.982</gpxdata:speed>
        </extensions>
      </trkpt>
      <trkpt lat="46.4557560" lon="9.5428808">
        <ele>1982.0</ele>
        <time>2026-09-15T11:07:16Z</time>
        <extensions>
          <gpxdata:distance>3677.50</gpxdata:distance>
          <gpxdata:speed>0.981</gpxdata:speed>
        </extensions>
      </trkpt>
      <trkpt lat="46.4558030" lon="9.5428048">
        <ele>1982.0</ele>
        <time>2026-09-15T11:07:24Z</time>
        <extensions>
          <gpxdata:distance>3685.32</gpxdata:distance>
          <gpxdata:speed>0.979</gpxdata:speed>
        </extensions>
      </trkpt>
      <trkpt lat="46.4558030" lon="9.5428048">
        <ele>1982.0</ele>
        <time>2026-09-15T11:07:24Z</time>
        <extensions>
          <gpxdata:distance>3685.32</gpxdata:distance>
          <gpxdata:speed>0.000</gpxdata:speed>
        </extensions>
      </trkpt>
      <trkpt lat="46.4558960" lon="9.5426388">
        <ele>1982.0</ele>
        <time>2026-09-15T11:07:41Z</time>
        <extensions>
          <gpxdata:distance>3701.71</gpxdata:distance>
          <gpxdata:speed>0.990</gpxdata:speed>
        </extensions>
      </trkpt>
      <trkpt lat="46.4559880" lon="9.5424988">
        <ele>1982.4</ele>
        <time>2026-09-15T11:07:56Z</time>
        <extensions>
          <gpxdata:distance>3716.54</gpxdata:distance>
          <gpxdata:speed>0.987</gpxdata:speed>
        </extensions>
      </trkpt>
      <trkpt lat="46.4561930" lon="9.5421428">
        <ele>1982.6</ele>
        <time>2026-09-15T11:08:32Z</time>
        <extensions>
          <gpxdata:distance>3752.08</gpxdata:distance>
          <gpxdata:speed>0.990</gpxdata:speed>
        </extensions>
      </trkpt>
      <trkpt lat="46.4562390" lon="9.5420788">
        <ele>1982.7</ele>
        <time>2026-09-15T11:08:39Z</time>
        <extensions>
          <gpxdata:distance>3759.16</gpxdata:distance>
          <gpxdata:speed>0.990</gpxdata:speed>
        </extensions>
      </trkpt>
      <trkpt lat="46.4563400" lon="9.5419918">
        <ele>1983.0</ele>
        <time>2026-09-15T11:08:52Z</time>
        <extensions>
          <gpxdata:distance>3772.22</gpxdata:distance>
          <gpxdata:speed>0.987</gpxdata:speed>
        </extensions>
      </trkpt>
      <trkpt lat="46.4564400" lon="9.5418918">
        <ele>1982.9</ele>
        <time>2026-09-15T11:09:06Z</time>
        <extensions>
          <gpxdata:distance>3785.73</gpxdata:distance>
          <gpxdata:speed>0.992</gpxdata:speed>
        </extensions>
      </trkpt>
      <trkpt lat="46.4565150" lon="9.5417778">
        <ele>1983.2</ele>
        <time>2026-09-15T11:09:18Z</time>
        <extensions>
          <gpxdata:distance>3797.80</gpxdata:distance>
          <gpxdata:speed>0.987</gpxdata:speed>
        </extensions>
      </trkpt>
      <trkpt lat="46.4566080" lon="9.5416118">
        <ele>1983.5</ele>
        <time>2026-09-15T11:09:35Z</time>
        <extensions>
          <gpxdata:distance>3814.19</gpxdata:distance>
          <gpxdata:speed>0.983</gpxdata:speed>
        </extensions>
      </trkpt>
      <trkpt lat="46.4567370" lon="9.5414088">
        <ele>1984.1</ele>
        <time>2026-09-15T11:09:57Z</time>
        <extensions>
          <gpxdata:distance>3835.35</gpxdata:distance>
          <gpxdata:speed>0.977</gpxdata:speed>
        </extensions>
      </trkpt>
      <trkpt lat="46.4567740" lon="9.5413578">
        <ele>1984.0</ele>
        <time>2026-09-15T11:10:02Z</time>
        <extensions>
          <gpxdata:distance>3841.02</gpxdata:distance>
          <gpxdata:speed>0.976</gpxdata:speed>
        </extensions>
      </trkpt>
      <trkpt lat="46.4568210" lon="9.5412688">
        <ele>1983.8</ele>
        <time>2026-09-15T11:10:11Z</time>
        <extensions>
          <gpxdata:distance>3849.61</gpxdata:distance>
          <gpxdata:speed>0.986</gpxdata:speed>
        </extensions>
      </trkpt>
      <trkpt lat="46.4568670" lon="9.5412178">
        <ele>1983.7</ele>
        <time>2026-09-15T11:10:18Z</time>
        <extensions>
          <gpxdata:distance>3856.05</gpxdata:distance>
          <gpxdata:speed>0.986</gpxdata:speed>
        </extensions>
      </trkpt>
      <trkpt lat="46.4569310" lon="9.5411688">
        <ele>1983.9</ele>
        <time>2026-09-15T11:10:26Z</time>
        <extensions>
          <gpxdata:distance>3864.09</gpxdata:distance>
          <gpxdata:speed>0.983</gpxdata:speed>
        </extensions>
      </trkpt>
      <trkpt lat="46.4570580" lon="9.5410828">
        <ele>1983.9</ele>
        <time>2026-09-15T11:10:41Z</time>
        <extensions>
          <gpxdata:distance>3879.67</gpxdata:distance>
          <gpxdata:speed>0.991</gpxdata:speed>
        </extensions>
      </trkpt>
      <trkpt lat="46.4571040" lon="9.5410708">
        <ele>1983.8</ele>
        <time>2026-09-15T11:10:47Z</time>
        <extensions>
          <gpxdata:distance>3884.87</gpxdata:distance>
          <gpxdata:speed>0.989</gpxdata:speed>
        </extensions>
      </trkpt>
      <trkpt lat="46.4571390" lon="9.5410858">
        <ele>1983.9</ele>
        <time>2026-09-15T11:10:51Z</time>
        <extensions>
          <gpxdata:distance>3888.93</gpxdata:distance>
          <gpxdata:speed>0.993</gpxdata:speed>
        </extensions>
      </trkpt>
      <trkpt lat="46.4572100" lon="9.5411408">
        <ele>1984.0</ele>
        <time>2026-09-15T11:11:00Z</time>
        <extensions>
          <gpxdata:distance>3897.88</gpxdata:distance>
          <gpxdata:speed>0.997</gpxdata:speed>
        </extensions>
      </trkpt>
      <trkpt lat="46.4572380" lon="9.5411288">
        <ele>1984.0</ele>
        <time>2026-09-15T11:11:03Z</time>
        <extensions>
          <gpxdata:distance>3901.12</gpxdata:distance>
          <gpxdata:speed>1.010</gpxdata:speed>
        </extensions>
      </trkpt>
      <trkpt lat="46.4572650" lon="9.5411038">
        <ele>1983.9</ele>
        <time>2026-09-15T11:11:07Z</time>
        <extensions>
          <gpxdata:distance>3904.69</gpxdata:distance>
          <gpxdata:speed>1.010</gpxdata:speed>
        </extensions>
      </trkpt>
      <trkpt lat="46.4572840" lon="9.5410388">
        <ele>1983.8</ele>
        <time>2026-09-15T11:11:12Z</time>
        <extensions>
          <gpxdata:distance>3910.09</gpxdata:distance>
          <gpxdata:speed>1.012</gpxdata:speed>
        </extensions>
      </trkpt>
      <trkpt lat="46.4572950" lon="9.5409488">
        <ele>1984.0</ele>
        <time>2026-09-15T11:11:19Z</time>
        <extensions>
          <gpxdata:distance>3917.10</gpxdata:distance>
          <gpxdata:speed>1.000</gpxdata:speed>
        </extensions>
      </trkpt>
      <trkpt lat="46.4572960" lon="9.5408698">
        <ele>1984.2</ele>
        <time>2026-09-15T11:11:25Z</time>
        <extensions>
          <gpxdata:distance>3923.15</gpxdata:distance>
          <gpxdata:speed>0.999</gpxdata:speed>
        </extensions>
      </trkpt>
      <trkpt lat="46.4573250" lon="9.5407928">
        <ele>1984.4</ele>
        <time>2026-09-15T11:11:32Z</time>
        <extensions>
          <gpxdata:distance>3929.87</gpxdata:distance>
          <gpxdata:speed>0.987</gpxdata:speed>
        </extensions>
      </trkpt>
      <trkpt lat="46.4573910" lon="9.5406268">
        <ele>1984.9</ele>
        <time>2026-09-15T11:11:47Z</time>
        <extensions>
          <gpxdata:distance>3944.55</gpxdata:distance>
          <gpxdata:speed>0.966</gpxdata:speed>
        </extensions>
      </trkpt>
      <trkpt lat="46.4574650" lon="9.5405118">
        <ele>1985.1</ele>
        <time>2026-09-15T11:11:59Z</time>
        <extensions>
          <gpxdata:distance>3956.61</gpxdata:distance>
          <gpxdata:speed>0.967</gpxdata:speed>
        </extensions>
      </trkpt>
      <trkpt lat="46.4575490" lon="9.5403588">
        <ele>1985.4</ele>
        <time>2026-09-15T11:12:15Z</time>
        <extensions>
          <gpxdata:distance>3971.59</gpxdata:distance>
          <gpxdata:speed>0.964</gpxdata:speed>
        </extensions>
      </trkpt>
      <trkpt lat="46.4576220" lon="9.5402708">
        <ele>1985.2</ele>
        <time>2026-09-15T11:12:26Z</time>
        <extensions>
          <gpxdata:distance>3982.15</gpxdata:distance>
          <gpxdata:speed>0.975</gpxdata:speed>
        </extensions>
      </trkpt>
      <trkpt lat="46.4578150" lon="9.5400828">
        <ele>1985.1</ele>
        <time>2026-09-15T11:12:52Z</time>
        <extensions>
          <gpxdata:distance>4007.99</gpxdata:distance>
          <gpxdata:speed>0.983</gpxdata:speed>
        </extensions>
      </trkpt>
      <trkpt lat="46.4578600" lon="9.5400588">
        <ele>1985.2</ele>
        <time>2026-09-15T11:12:58Z</time>
        <extensions>
          <gpxdata:distance>4013.32</gpxdata:distance>
          <gpxdata:speed>0.978</gpxdata:speed>
        </extensions>
      </trkpt>
      <trkpt lat="46.4578970" lon="9.5400338">
        <ele>1985.3</ele>
        <time>2026-09-15T11:13:02Z</time>
        <extensions>
          <gpxdata:distance>4017.86</gpxdata:distance>
          <gpxdata:speed>0.980</gpxdata:speed>
        </extensions>
      </trkpt>
      <trkpt lat="46.4578970" lon="9.5400338">
        <ele>1985.3</ele>
        <time>2026-09-15T11:13:02Z</time>
        <extensions>
          <gpxdata:distance>4017.86</gpxdata:distance>
          <gpxdata:speed>0.000</gpxdata:speed>
        </extensions>
      </trkpt>
      <trkpt lat="46.4579430" lon="9.5399578">
        <ele>1985.4</ele>
        <time>2026-09-15T11:13:10Z</time>
        <extensions>
          <gpxdata:distance>4025.61</gpxdata:distance>
          <gpxdata:speed>0.986</gpxdata:speed>
        </extensions>
      </trkpt>
      <trkpt lat="46.4579990" lon="9.5398818">
        <ele>1985.5</ele>
        <time>2026-09-15T11:13:19Z</time>
        <extensions>
          <gpxdata:distance>4034.13</gpxdata:distance>
          <gpxdata:speed>0.995</gpxdata:speed>
        </extensions>
      </trkpt>
      <trkpt lat="46.4582020" lon="9.5396028">
        <ele>1985.5</ele>
        <time>2026-09-15T11:13:50Z</time>
        <extensions>
          <gpxdata:distance>4065.22</gpxdata:distance>
          <gpxdata:speed>1.003</gpxdata:speed>
        </extensions>
      </trkpt>
      <trkpt lat="46.4582940" lon="9.5395028">
        <ele>1985.5</ele>
        <time>2026-09-15T11:14:02Z</time>
        <extensions>
          <gpxdata:distance>4078.00</gpxdata:distance>
          <gpxdata:speed>1.010</gpxdata:speed>
        </extensions>
      </trkpt>
      <trkpt lat="46.4583490" lon="9.5394138">
        <ele>1985.8</ele>
        <time>2026-09-15T11:14:11Z</time>
        <extensions>
          <gpxdata:distance>4087.16</gpxdata:distance>
          <gpxdata:speed>0.998</gpxdata:speed>
        </extensions>
      </trkpt>
      <trkpt lat="46.4584050" lon="9.5392988">
        <ele>1985.9</ele>
        <time>2026-09-15T11:14:22Z</time>
        <extensions>
          <gpxdata:distance>4097.94</gpxdata:distance>
          <gpxdata:speed>0.990</gpxdata:speed>
        </extensions>
      </trkpt>
      <trkpt lat="46.4584880" lon="9.5391978">
        <ele>1986.1</ele>
        <time>2026-09-15T11:14:34Z</time>
        <extensions>
          <gpxdata:distance>4109.99</gpxdata:distance>
          <gpxdata:speed>0.989</gpxdata:speed>
        </extensions>
      </trkpt>
      <trkpt lat="46.4585710" lon="9.5390838">
        <ele>1986.0</ele>
        <time>2026-09-15T11:14:47Z</time>
        <extensions>
          <gpxdata:distance>4122.69</gpxdata:distance>
          <gpxdata:speed>0.995</gpxdata:speed>
        </extensions>
      </trkpt>
      <trkpt lat="46.4586180" lon="9.5389948">
        <ele>1985.7</ele>
        <time>2026-09-15T11:14:56Z</time>
        <extensions>
          <gpxdata:distance>4131.28</gpxdata:distance>
          <gpxdata:speed>1.003</gpxdata:speed>
        </extensions>
      </trkpt>
      <trkpt lat="46.4586560" lon="9.5389048">
        <ele>1985.2</ele>
        <time>2026-09-15T11:15:04Z</time>
        <extensions>
          <gpxdata:distance>4139.37</gpxdata:distance>
          <gpxdata:speed>1.010</gpxdata:speed>
        </extensions>
      </trkpt>
      <trkpt lat="46.4587030" lon="9.5387498">
        <ele>1984.0</ele>
        <time>2026-09-15T11:15:17Z</time>
        <extensions>
          <gpxdata:distance>4152.34</gpxdata:distance>
          <gpxdata:speed>0.996</gpxdata:speed>
        </extensions>
      </trkpt>
      <trkpt lat="46.4587310" lon="9.5387118">
        <ele>1983.9</ele>
        <time>2026-09-15T11:15:21Z</time>
        <extensions>
          <gpxdata:distance>4156.60</gpxdata:distance>
          <gpxdata:speed>0.990</gpxdata:speed>
        </extensions>
      </trkpt>
      <trkpt lat="46.4587870" lon="9.5386098">
        <ele>1983.5</ele>
        <time>2026-09-15T11:15:31Z</time>
        <extensions>
          <gpxdata:distance>4166.59</gpxdata:distance>
          <gpxdata:speed>0.983</gpxdata:speed>
        </extensions>
      </trkpt>
      <trkpt lat="46.4588060" lon="9.5385718">
        <ele>1983.6</ele>
        <time>2026-09-15T11:15:35Z</time>
        <extensions>
          <gpxdata:distance>4170.19</gpxdata:distance>
          <gpxdata:speed>0.978</gpxdata:speed>
        </extensions>
      </trkpt>
      <trkpt lat="46.4588250" lon="9.5385078">
        <ele>1984.0</ele>
        <time>2026-09-15T11:15:40Z</time>
        <extensions>
          <gpxdata:distance>4175.53</gpxdata:distance>
          <gpxdata:speed>0.981</gpxdata:speed>
        </extensions>
      </trkpt>
      <trkpt lat="46.4588250" lon="9.5385078">
        <ele>1984.0</ele>
        <time>2026-09-15T11:15:40Z</time>
        <extensions>
          <gpxdata:distance>4175.53</gpxdata:distance>
          <gpxdata:speed>0.000</gpxdata:speed>
        </extensions>
      </trkpt>
      <trkpt lat="46.4588520" lon="9.5384828">
        <ele>1984.3</ele>
        <time>2026-09-15T11:15:44Z</time>
        <extensions>
          <gpxdata:distance>4179.09</gpxdata:distance>
          <gpxdata:speed>0.974</gpxdata:speed>
        </extensions>
      </trkpt>
      <trkpt lat="46.4589170" lon="9.5384068">
        <ele>1985.2</ele>
        <time>2026-09-15T11:15:53Z</time>
        <extensions>
          <gpxdata:distance>4188.37</gpxdata:distance>
          <gpxdata:speed>1.001</gpxdata:speed>
        </extensions>
      </trkpt>
      <trkpt lat="46.4590080" lon="9.5383458">
        <ele>1986.0</ele>
        <time>2026-09-15T11:16:05Z</time>
        <extensions>
          <gpxdata:distance>4199.52</gpxdata:distance>
          <gpxdata:speed>0.979</gpxdata:speed>
        </extensions>
      </trkpt>
      <trkpt lat="46.4590540" lon="9.5383078">
        <ele>1986.2</ele>
        <time>2026-09-15T11:16:11Z</time>
        <extensions>
          <gpxdata:distance>4205.40</gpxdata:distance>
          <gpxdata:speed>0.907</gpxdata:speed>
        </extensions>
      </trkpt>
      <trkpt lat="46.4590900" lon="9.5382968">
        <ele>1986.2</ele>
        <time>2026-09-15T11:16:16Z</time>
        <extensions>
          <gpxdata:distance>4209.49</gpxdata:distance>
          <gpxdata:speed>0.902</gpxdata:speed>
        </extensions>
      </trkpt>
      <trkpt lat="46.4591260" lon="9.5382979">
        <ele>1986.1</ele>
        <time>2026-09-15T11:16:20Z</time>
        <extensions>
          <gpxdata:distance>4213.50</gpxdata:distance>
          <gpxdata:speed>0.871</gpxdata:speed>
        </extensions>
      </trkpt>
      <trkpt lat="46.4591620" lon="9.5382729">
        <ele>1986.2</ele>
        <time>2026-09-15T11:16:25Z</time>
        <extensions>
          <gpxdata:distance>4217.93</gpxdata:distance>
          <gpxdata:speed>0.874</gpxdata:speed>
        </extensions>
      </trkpt>
      <trkpt lat="46.4591620" lon="9.5382729">
        <ele>1986.2</ele>
        <time>2026-09-15T11:16:25Z</time>
        <extensions>
          <gpxdata:distance>4217.93</gpxdata:distance>
          <gpxdata:speed>0.000</gpxdata:speed>
        </extensions>
      </trkpt>
      <trkpt lat="46.4592270" lon="9.5381589">
        <ele>1987.2</ele>
        <time>2026-09-15T11:16:39Z</time>
        <extensions>
          <gpxdata:distance>4229.27</gpxdata:distance>
          <gpxdata:speed>0.860</gpxdata:speed>
        </extensions>
      </trkpt>
      <trkpt lat="46.4592270" lon="9.5381589">
        <ele>1987.2</ele>
        <time>2026-09-15T11:16:39Z</time>
        <extensions>
          <gpxdata:distance>4229.27</gpxdata:distance>
          <gpxdata:speed>0.000</gpxdata:speed>
        </extensions>
      </trkpt>
      <trkpt lat="46.4592550" lon="9.5381209">
        <ele>1987.8</ele>
        <time>2026-09-15T11:16:44Z</time>
        <extensions>
          <gpxdata:distance>4233.53</gpxdata:distance>
          <gpxdata:speed>0.866</gpxdata:speed>
        </extensions>
      </trkpt>
      <trkpt lat="46.4592830" lon="9.5380829">
        <ele>1988.5</ele>
        <time>2026-09-15T11:16:49Z</time>
        <extensions>
          <gpxdata:distance>4237.79</gpxdata:distance>
          <gpxdata:speed>0.845</gpxdata:speed>
        </extensions>
      </trkpt>
      <trkpt lat="46.4592830" lon="9.5380829">
        <ele>1988.5</ele>
        <time>2026-09-15T11:16:49Z</time>
        <extensions>
          <gpxdata:distance>4237.79</gpxdata:distance>
          <gpxdata:speed>0.000</gpxdata:speed>
        </extensions>
      </trkpt>
      <trkpt lat="46.4593560" lon="9.5380199">
        <ele>1990.1</ele>
        <time>2026-09-15T11:17:01Z</time>
        <extensions>
          <gpxdata:distance>4247.24</gpxdata:distance>
          <gpxdata:speed>0.746</gpxdata:speed>
        </extensions>
      </trkpt>
      <trkpt lat="46.4594100" lon="9.5379969">
        <ele>1990.9</ele>
        <time>2026-09-15T11:17:10Z</time>
        <extensions>
          <gpxdata:distance>4253.49</gpxdata:distance>
          <gpxdata:speed>0.704</gpxdata:speed>
        </extensions>
      </trkpt>
      <trkpt lat="46.4595280" lon="9.5379619">
        <ele>1992.4</ele>
        <time>2026-09-15T11:17:30Z</time>
        <extensions>
          <gpxdata:distance>4266.89</gpxdata:distance>
          <gpxdata:speed>0.688</gpxdata:speed>
        </extensions>
      </trkpt>
      <trkpt lat="46.4596010" lon="9.5379259">
        <ele>1993.5</ele>
        <time>2026-09-15T11:17:42Z</time>
        <extensions>
          <gpxdata:distance>4275.46</gpxdata:distance>
          <gpxdata:speed>0.687</gpxdata:speed>
        </extensions>
      </trkpt>
      <trkpt lat="46.4597470" lon="9.5378009">
        <ele>1996.6</ele>
        <time>2026-09-15T11:18:11Z</time>
        <extensions>
          <gpxdata:distance>4294.31</gpxdata:distance>
          <gpxdata:speed>0.644</gpxdata:speed>
        </extensions>
      </trkpt>
      <trkpt lat="46.4598110" lon="9.5377649">
        <ele>1997.8</ele>
        <time>2026-09-15T11:18:23Z</time>
        <extensions>
          <gpxdata:distance>4301.94</gpxdata:distance>
          <gpxdata:speed>0.641</gpxdata:speed>
        </extensions>
      </trkpt>
      <trkpt lat="46.4598830" lon="9.5377539">
        <ele>1999.2</ele>
        <time>2026-09-15T11:18:36Z</time>
        <extensions>
          <gpxdata:distance>4309.99</gpxdata:distance>
          <gpxdata:speed>0.633</gpxdata:speed>
        </extensions>
      </trkpt>
      <trkpt lat="46.4600450" lon="9.5377479">
        <ele>2001.6</ele>
        <time>2026-09-15T11:19:04Z</time>
        <extensions>
          <gpxdata:distance>4328.01</gpxdata:distance>
          <gpxdata:speed>0.642</gpxdata:speed>
        </extensions>
      </trkpt>
      <trkpt lat="46.4601080" lon="9.5377369">
        <ele>2002.7</ele>
        <time>2026-09-15T11:19:15Z</time>
        <extensions>
          <gpxdata:distance>4335.06</gpxdata:distance>
          <gpxdata:speed>0.640</gpxdata:speed>
        </extensions>
      </trkpt>
      <trkpt lat="46.4601630" lon="9.5376869">
        <ele>2004.1</ele>
        <time>2026-09-15T11:19:26Z</time>
        <extensions>
          <gpxdata:distance>4342.28</gpxdata:distance>
          <gpxdata:speed>0.637</gpxdata:speed>
        </extensions>
      </trkpt>
      <trkpt lat="46.4602460" lon="9.5375859">
        <ele>2006.0</ele>
        <time>2026-09-15T11:19:45Z</time>
        <extensions>
          <gpxdata:distance>4354.32</gpxdata:distance>
          <gpxdata:speed>0.631</gpxdata:speed>
        </extensions>
      </trkpt>
      <trkpt lat="46.4604210" lon="9.5373719">
        <ele>2009.6</ele>
        <time>2026-09-15T11:20:26Z</time>
        <extensions>
          <gpxdata:distance>4379.77</gpxdata:distance>
          <gpxdata:speed>0.631</gpxdata:speed>
        </extensions>
      </trkpt>
      <trkpt lat="46.4604660" lon="9.5373339">
        <ele>2010.7</ele>
        <time>2026-09-15T11:20:35Z</time>
        <extensions>
          <gpxdata:distance>4385.55</gpxdata:distance>
          <gpxdata:speed>0.633</gpxdata:speed>
        </extensions>
      </trkpt>
      <trkpt lat="46.4605570" lon="9.5372989">
        <ele>2012.4</ele>
        <time>2026-09-15T11:20:52Z</time>
        <extensions>
          <gpxdata:distance>4396.02</gpxdata:distance>
          <gpxdata:speed>0.632</gpxdata:speed>
        </extensions>
      </trkpt>
      <trkpt lat="46.4606210" lon="9.5372359">
        <ele>2012.6</ele>
        <time>2026-09-15T11:21:05Z</time>
        <extensions>
          <gpxdata:distance>4404.62</gpxdata:distance>
          <gpxdata:speed>0.645</gpxdata:speed>
        </extensions>
      </trkpt>
      <trkpt lat="46.4606860" lon="9.5371599">
        <ele>2012.7</ele>
        <time>2026-09-15T11:21:18Z</time>
        <extensions>
          <gpxdata:distance>4413.90</gpxdata:distance>
          <gpxdata:speed>0.680</gpxdata:speed>
        </extensions>
      </trkpt>
      <trkpt lat="46.4607590" lon="9.5370719">
        <ele>2012.6</ele>
        <time>2026-09-15T11:21:33Z</time>
        <extensions>
          <gpxdata:distance>4424.45</gpxdata:distance>
          <gpxdata:speed>0.719</gpxdata:speed>
        </extensions>
      </trkpt>
      <trkpt lat="46.4608240" lon="9.5369569">
        <ele>2012.6</ele>
        <time>2026-09-15T11:21:48Z</time>
        <extensions>
          <gpxdata:distance>4435.85</gpxdata:distance>
          <gpxdata:speed>0.758</gpxdata:speed>
        </extensions>
      </trkpt>
      <trkpt lat="46.4609080" lon="9.5368039">
        <ele>2013.1</ele>
        <time>2026-09-15T11:22:07Z</time>
        <extensions>
          <gpxdata:distance>4450.83</gpxdata:distance>
          <gpxdata:speed>0.799</gpxdata:speed>
        </extensions>
      </trkpt>
      <trkpt lat="46.4611120" lon="9.5364999">
        <ele>2013.4</ele>
        <time>2026-09-15T11:22:44Z</time>
        <extensions>
          <gpxdata:distance>4483.34</gpxdata:distance>
          <gpxdata:speed>0.866</gpxdata:speed>
        </extensions>
      </trkpt>
      <trkpt lat="46.4612320" lon="9.5363089">
        <ele>2013.8</ele>
        <time>2026-09-15T11:23:06Z</time>
        <extensions>
          <gpxdata:distance>4503.14</gpxdata:distance>
          <gpxdata:speed>0.926</gpxdata:speed>
        </extensions>
      </trkpt>
      <trkpt lat="46.4613150" lon="9.5361949">
        <ele>2013.4</ele>
        <time>2026-09-15T11:23:19Z</time>
        <extensions>
          <gpxdata:distance>4515.85</gpxdata:distance>
          <gpxdata:speed>0.960</gpxdata:speed>
        </extensions>
      </trkpt>
      <trkpt lat="46.4614180" lon="9.5360039">
        <ele>2013.4</ele>
        <time>2026-09-15T11:23:38Z</time>
        <extensions>
          <gpxdata:distance>4534.43</gpxdata:distance>
          <gpxdata:speed>0.994</gpxdata:speed>
        </extensions>
      </trkpt>
      <trkpt lat="46.4614920" lon="9.5358629">
        <ele>2013.4</ele>
        <time>2026-09-15T11:23:51Z</time>
        <extensions>
          <gpxdata:distance>4548.00</gpxdata:distance>
          <gpxdata:speed>0.998</gpxdata:speed>
        </extensions>
      </trkpt>
      <trkpt lat="46.4615850" lon="9.5357239">
        <ele>2013.1</ele>
        <time>2026-09-15T11:24:06Z</time>
        <extensions>
          <gpxdata:distance>4562.85</gpxdata:distance>
          <gpxdata:speed>1.006</gpxdata:speed>
        </extensions>
      </trkpt>
      <trkpt lat="46.4615850" lon="9.5357239">
        <ele>2013.1</ele>
        <time>2026-09-15T11:24:06Z</time>
        <extensions>
          <gpxdata:distance>4562.85</gpxdata:distance>
          <gpxdata:speed>0.000</gpxdata:speed>
        </extensions>
      </trkpt>
      <trkpt lat="46.4616310" lon="9.5356469">
        <ele>2012.8</ele>
        <time>2026-09-15T11:24:14Z</time>
        <extensions>
          <gpxdata:distance>4570.65</gpxdata:distance>
          <gpxdata:speed>1.009</gpxdata:speed>
        </extensions>
      </trkpt>
      <trkpt lat="46.4616960" lon="9.5355849">
        <ele>2012.1</ele>
        <time>2026-09-15T11:24:23Z</time>
        <extensions>
          <gpxdata:distance>4579.30</gpxdata:distance>
          <gpxdata:speed>1.002</gpxdata:speed>
        </extensions>
      </trkpt>
      <trkpt lat="46.4617770" lon="9.5355619">
        <ele>2012.0</ele>
        <time>2026-09-15T11:24:32Z</time>
        <extensions>
          <gpxdata:distance>4588.48</gpxdata:distance>
          <gpxdata:speed>0.995</gpxdata:speed>
        </extensions>
      </trkpt>
      <trkpt lat="46.4618400" lon="9.5355639">
        <ele>2011.7</ele>
        <time>2026-09-15T11:24:39Z</time>
        <extensions>
          <gpxdata:distance>4595.49</gpxdata:distance>
          <gpxdata:speed>0.983</gpxdata:speed>
        </extensions>
      </trkpt>
      <trkpt lat="46.4618400" lon="9.5355639">
        <ele>2011.7</ele>
        <time>2026-09-15T11:24:39Z</time>
        <extensions>
          <gpxdata:distance>4595.49</gpxdata:distance>
          <gpxdata:speed>0.000</gpxdata:speed>
        </extensions>
      </trkpt>
      <trkpt lat="46.4618750" lon="9.5355919">
        <ele>2009.8</ele>
        <time>2026-09-15T11:24:44Z</time>
        <extensions>
          <gpxdata:distance>4599.93</gpxdata:distance>
          <gpxdata:speed>0.943</gpxdata:speed>
        </extensions>
      </trkpt>
      <trkpt lat="46.4619100" lon="9.5356449">
        <ele>2007.6</ele>
        <time>2026-09-15T11:24:50Z</time>
        <extensions>
          <gpxdata:distance>4605.55</gpxdata:distance>
          <gpxdata:speed>0.895</gpxdata:speed>
        </extensions>
      </trkpt>
      <trkpt lat="46.4619100" lon="9.5356449">
        <ele>2007.6</ele>
        <time>2026-09-15T11:24:50Z</time>
        <extensions>
          <gpxdata:distance>4605.55</gpxdata:distance>
          <gpxdata:speed>0.000</gpxdata:speed>
        </extensions>
      </trkpt>
      <trkpt lat="46.4619460" lon="9.5356859">
        <ele>2005.8</ele>
        <time>2026-09-15T11:24:55Z</time>
        <extensions>
          <gpxdata:distance>4610.64</gpxdata:distance>
          <gpxdata:speed>0.936</gpxdata:speed>
        </extensions>
      </trkpt>
      <trkpt lat="46.4619540" lon="9.5357249">
        <ele>2005.6</ele>
        <time>2026-09-15T11:24:59Z</time>
        <extensions>
          <gpxdata:distance>4613.76</gpxdata:distance>
          <gpxdata:speed>0.917</gpxdata:speed>
        </extensions>
      </trkpt>
      <trkpt lat="46.4619800" lon="9.5357649">
        <ele>2005.6</ele>
        <time>2026-09-15T11:25:03Z</time>
        <extensions>
          <gpxdata:distance>4617.97</gpxdata:distance>
          <gpxdata:speed>0.915</gpxdata:speed>
        </extensions>
      </trkpt>
      <trkpt lat="46.4619890" lon="9.5357779">
        <ele>2006.2</ele>
        <time>2026-09-15T11:25:05Z</time>
        <extensions>
          <gpxdata:distance>4619.38</gpxdata:distance>
          <gpxdata:speed>0.889</gpxdata:speed>
        </extensions>
      </trkpt>
      <trkpt lat="46.4619980" lon="9.5357919">
        <ele>2006.7</ele>
        <time>2026-09-15T11:25:07Z</time>
        <extensions>
          <gpxdata:distance>4620.85</gpxdata:distance>
          <gpxdata:speed>0.876</gpxdata:speed>
        </extensions>
      </trkpt>
      <trkpt lat="46.4619880" lon="9.5358179">
        <ele>2006.7</ele>
        <time>2026-09-15T11:25:09Z</time>
        <extensions>
          <gpxdata:distance>4623.13</gpxdata:distance>
          <gpxdata:speed>0.898</gpxdata:speed>
        </extensions>
      </trkpt>
      <trkpt lat="46.4619970" lon="9.5358309">
        <ele>2006.9</ele>
        <time>2026-09-15T11:25:11Z</time>
        <extensions>
          <gpxdata:distance>4624.54</gpxdata:distance>
          <gpxdata:speed>0.911</gpxdata:speed>
        </extensions>
      </trkpt>
      <trkpt lat="46.4620060" lon="9.5358309">
        <ele>2007.4</ele>
        <time>2026-09-15T11:25:12Z</time>
        <extensions>
          <gpxdata:distance>4625.54</gpxdata:distance>
          <gpxdata:speed>1.000</gpxdata:speed>
        </extensions>
      </trkpt>
      <trkpt lat="46.4620150" lon="9.5358319">
        <ele>2007.7</ele>
        <time>2026-09-15T11:25:13Z</time>
        <extensions>
          <gpxdata:distance>4626.55</gpxdata:distance>
          <gpxdata:speed>1.000</gpxdata:speed>
        </extensions>
      </trkpt>
      <trkpt lat="46.4620150" lon="9.5358319">
        <ele>2007.7</ele>
        <time>2026-09-15T11:25:13Z</time>
        <extensions>
          <gpxdata:distance>4626.55</gpxdata:distance>
          <gpxdata:speed>0.000</gpxdata:speed>
        </extensions>
      </trkpt>
      <trkpt lat="46.4620420" lon="9.5358199">
        <ele>2007.7</ele>
        <time>2026-09-15T11:25:17Z</time>
        <extensions>
          <gpxdata:distance>4629.69</gpxdata:distance>
          <gpxdata:speed>0.675</gpxdata:speed>
        </extensions>
      </trkpt>
      <trkpt lat="46.4620420" lon="9.5358199">
        <ele>2007.7</ele>
        <time>2026-09-15T11:25:17Z</time>
        <extensions>
          <gpxdata:distance>4629.69</gpxdata:distance>
          <gpxdata:speed>0.000</gpxdata:speed>
        </extensions>
      </trkpt>
      <trkpt lat="46.4620520" lon="9.5357809">
        <ele>2009.4</ele>
        <time>2026-09-15T11:25:24Z</time>
        <extensions>
          <gpxdata:distance>4632.87</gpxdata:distance>
          <gpxdata:speed>0.509</gpxdata:speed>
        </extensions>
      </trkpt>
      <trkpt lat="46.4620620" lon="9.5357029">
        <ele>2009.8</ele>
        <time>2026-09-15T11:25:33Z</time>
        <extensions>
          <gpxdata:distance>4638.95</gpxdata:distance>
          <gpxdata:speed>0.638</gpxdata:speed>
        </extensions>
      </trkpt>
      <trkpt lat="46.4620720" lon="9.5356649">
        <ele>2010.8</ele>
        <time>2026-09-15T11:25:38Z</time>
        <extensions>
          <gpxdata:distance>4642.07</gpxdata:distance>
          <gpxdata:speed>0.587</gpxdata:speed>
        </extensions>
      </trkpt>
      <trkpt lat="46.4621100" lon="9.5355489">
        <ele>2012.8</ele>
        <time>2026-09-15T11:25:55Z</time>
        <extensions>
          <gpxdata:distance>4651.90</gpxdata:distance>
          <gpxdata:speed>0.590</gpxdata:speed>
        </extensions>
      </trkpt>
      <trkpt lat="46.4621190" lon="9.5355489">
        <ele>2013.6</ele>
        <time>2026-09-15T11:25:57Z</time>
        <extensions>
          <gpxdata:distance>4652.90</gpxdata:distance>
          <gpxdata:speed>0.549</gpxdata:speed>
        </extensions>
      </trkpt>
      <trkpt lat="46.4621270" lon="9.5356019">
        <ele>2014.5</ele>
        <time>2026-09-15T11:26:04Z</time>
        <extensions>
          <gpxdata:distance>4657.06</gpxdata:distance>
          <gpxdata:speed>0.563</gpxdata:speed>
        </extensions>
      </trkpt>
      <trkpt lat="46.4621350" lon="9.5356669">
        <ele>2015.6</ele>
        <time>2026-09-15T11:26:13Z</time>
        <extensions>
          <gpxdata:distance>4662.12</gpxdata:distance>
          <gpxdata:speed>0.566</gpxdata:speed>
        </extensions>
      </trkpt>
      <trkpt lat="46.4621260" lon="9.5356929">
        <ele>2016.0</ele>
        <time>2026-09-15T11:26:18Z</time>
        <extensions>
          <gpxdata:distance>4664.35</gpxdata:distance>
          <gpxdata:speed>0.501</gpxdata:speed>
        </extensions>
      </trkpt>
      <trkpt lat="46.4621160" lon="9.5357309">
        <ele>2016.1</ele>
        <time>2026-09-15T11:26:23Z</time>
        <extensions>
          <gpxdata:distance>4667.46</gpxdata:distance>
          <gpxdata:speed>0.565</gpxdata:speed>
        </extensions>
      </trkpt>
      <trkpt lat="46.4621250" lon="9.5357449">
        <ele>2016.5</ele>
        <time>2026-09-15T11:26:25Z</time>
        <extensions>
          <gpxdata:distance>4668.93</gpxdata:distance>
          <gpxdata:speed>0.648</gpxdata:speed>
        </extensions>
      </trkpt>
      <trkpt lat="46.4621520" lon="9.5357069">
        <ele>2017.4</ele>
        <time>2026-09-15T11:26:33Z</time>
        <extensions>
          <gpxdata:distance>4673.11</gpxdata:distance>
          <gpxdata:speed>0.565</gpxdata:speed>
        </extensions>
      </trkpt>
      <trkpt lat="46.4621710" lon="9.5356679">
        <ele>2018.6</ele>
        <time>2026-09-15T11:26:39Z</time>
        <extensions>
          <gpxdata:distance>4676.77</gpxdata:distance>
          <gpxdata:speed>0.556</gpxdata:speed>
        </extensions>
      </trkpt>
      <trkpt lat="46.4621990" lon="9.5356169">
        <ele>2020.0</ele>
        <time>2026-09-15T11:26:50Z</time>
        <extensions>
          <gpxdata:distance>4681.77</gpxdata:distance>
          <gpxdata:speed>0.495</gpxdata:speed>
        </extensions>
      </trkpt>
      <trkpt lat="46.4622170" lon="9.5355919">
        <ele>2021.4</ele>
        <time>2026-09-15T11:26:55Z</time>
        <extensions>
          <gpxdata:distance>4684.54</gpxdata:distance>
          <gpxdata:speed>0.474</gpxdata:speed>
        </extensions>
      </trkpt>
      <trkpt lat="46.4622280" lon="9.5355269">
        <ele>2022.6</ele>
        <time>2026-09-15T11:27:06Z</time>
        <extensions>
          <gpxdata:distance>4689.66</gpxdata:distance>
          <gpxdata:speed>0.467</gpxdata:speed>
        </extensions>
      </trkpt>
      <trkpt lat="46.4622280" lon="9.5355269">
        <ele>2022.6</ele>
        <time>2026-09-15T11:27:06Z</time>
        <extensions>
          <gpxdata:distance>4689.66</gpxdata:distance>
          <gpxdata:speed>0.000</gpxdata:speed>
        </extensions>
      </trkpt>
      <trkpt lat="46.4622200" lon="9.5354749">
        <ele>2022.9</ele>
        <time>2026-09-15T11:27:14Z</time>
        <extensions>
          <gpxdata:distance>4693.74</gpxdata:distance>
          <gpxdata:speed>0.519</gpxdata:speed>
        </extensions>
      </trkpt>
      <trkpt lat="46.4622210" lon="9.5354099">
        <ele>2023.2</ele>
        <time>2026-09-15T11:27:23Z</time>
        <extensions>
          <gpxdata:distance>4698.72</gpxdata:distance>
          <gpxdata:speed>0.547</gpxdata:speed>
        </extensions>
      </trkpt>
      <trkpt lat="46.4622220" lon="9.5353579">
        <ele>2023.1</ele>
        <time>2026-09-15T11:27:29Z</time>
        <extensions>
          <gpxdata:distance>4702.71</gpxdata:distance>
          <gpxdata:speed>0.647</gpxdata:speed>
        </extensions>
      </trkpt>
      <trkpt lat="46.4622320" lon="9.5352929">
        <ele>2023.0</ele>
        <time>2026-09-15T11:27:37Z</time>
        <extensions>
          <gpxdata:distance>4707.81</gpxdata:distance>
          <gpxdata:speed>0.635</gpxdata:speed>
        </extensions>
      </trkpt>
      <trkpt lat="46.4622510" lon="9.5352549">
        <ele>2022.9</ele>
        <time>2026-09-15T11:27:43Z</time>
        <extensions>
          <gpxdata:distance>4711.41</gpxdata:distance>
          <gpxdata:speed>0.694</gpxdata:speed>
        </extensions>
      </trkpt>
      <trkpt lat="46.4622690" lon="9.5352289">
        <ele>2023.0</ele>
        <time>2026-09-15T11:27:46Z</time>
        <extensions>
          <gpxdata:distance>4714.23</gpxdata:distance>
          <gpxdata:speed>0.774</gpxdata:speed>
        </extensions>
      </trkpt>
      <trkpt lat="46.4624070" lon="9.5350649">
        <ele>2022.7</ele>
        <time>2026-09-15T11:28:07Z</time>
        <extensions>
          <gpxdata:distance>4734.06</gpxdata:distance>
          <gpxdata:speed>0.946</gpxdata:speed>
        </extensions>
      </trkpt>
      <trkpt lat="46.4624530" lon="9.5350019">
        <ele>2022.8</ele>
        <time>2026-09-15T11:28:14Z</time>
        <extensions>
          <gpxdata:distance>4741.09</gpxdata:distance>
          <gpxdata:speed>1.003</gpxdata:speed>
        </extensions>
      </trkpt>
      <trkpt lat="46.4624730" lon="9.5349249">
        <ele>2022.7</ele>
        <time>2026-09-15T11:28:21Z</time>
        <extensions>
          <gpxdata:distance>4747.39</gpxdata:distance>
          <gpxdata:speed>1.008</gpxdata:speed>
        </extensions>
      </trkpt>
      <trkpt lat="46.4625100" lon="9.5348609">
        <ele>2022.9</ele>
        <time>2026-09-15T11:28:27Z</time>
        <extensions>
          <gpxdata:distance>4753.79</gpxdata:distance>
          <gpxdata:speed>1.012</gpxdata:speed>
        </extensions>
      </trkpt>
      <trkpt lat="46.4626850" lon="9.5346459">
        <ele>2023.1</ele>
        <time>2026-09-15T11:28:52Z</time>
        <extensions>
          <gpxdata:distance>4779.29</gpxdata:distance>
          <gpxdata:speed>1.011</gpxdata:speed>
        </extensions>
      </trkpt>
      <trkpt lat="46.4628500" lon="9.5344439">
        <ele>2023.3</ele>
        <time>2026-09-15T11:29:16Z</time>
        <extensions>
          <gpxdata:distance>4803.29</gpxdata:distance>
          <gpxdata:speed>1.007</gpxdata:speed>
        </extensions>
      </trkpt>
      <trkpt lat="46.4630260" lon="9.5342170">
        <ele>2023.7</ele>
        <time>2026-09-15T11:29:42Z</time>
        <extensions>
          <gpxdata:distance>4829.46</gpxdata:distance>
          <gpxdata:speed>0.998</gpxdata:speed>
        </extensions>
      </trkpt>
      <trkpt lat="46.4631740" lon="9.5340010">
        <ele>2024.0</ele>
        <time>2026-09-15T11:30:06Z</time>
        <extensions>
          <gpxdata:distance>4852.79</gpxdata:distance>
          <gpxdata:speed>0.993</gpxdata:speed>
        </extensions>
      </trkpt>
      <trkpt lat="46.4633590" lon="9.5337350">
        <ele>2024.0</ele>
        <time>2026-09-15T11:30:35Z</time>
        <extensions>
          <gpxdata:distance>4881.75</gpxdata:distance>
          <gpxdata:speed>0.997</gpxdata:speed>
        </extensions>
      </trkpt>
      <trkpt lat="46.4634330" lon="9.5335940">
        <ele>2023.9</ele>
        <time>2026-09-15T11:30:48Z</time>
        <extensions>
          <gpxdata:distance>4895.32</gpxdata:distance>
          <gpxdata:speed>0.993</gpxdata:speed>
        </extensions>
      </trkpt>
      <trkpt lat="46.4635070" lon="9.5334670">
        <ele>2024.3</ele>
        <time>2026-09-15T11:31:01Z</time>
        <extensions>
          <gpxdata:distance>4908.07</gpxdata:distance>
          <gpxdata:speed>0.990</gpxdata:speed>
        </extensions>
      </trkpt>
      <trkpt lat="46.4635810" lon="9.5333790">
        <ele>2024.1</ele>
        <time>2026-09-15T11:31:12Z</time>
        <extensions>
          <gpxdata:distance>4918.70</gpxdata:distance>
          <gpxdata:speed>0.992</gpxdata:speed>
        </extensions>
      </trkpt>
      <trkpt lat="46.4636270" lon="9.5333020">
        <ele>2024.1</ele>
        <time>2026-09-15T11:31:20Z</time>
        <extensions>
          <gpxdata:distance>4926.51</gpxdata:distance>
          <gpxdata:speed>0.995</gpxdata:speed>
        </extensions>
      </trkpt>
      <trkpt lat="46.4637680" lon="9.5329950">
        <ele>2024.8</ele>
        <time>2026-09-15T11:31:48Z</time>
        <extensions>
          <gpxdata:distance>4954.77</gpxdata:distance>
          <gpxdata:speed>0.988</gpxdata:speed>
        </extensions>
      </trkpt>
      <trkpt lat="46.4638520" lon="9.5328160">
        <ele>2025.0</ele>
        <time>2026-09-15T11:32:05Z</time>
        <extensions>
          <gpxdata:distance>4971.36</gpxdata:distance>
          <gpxdata:speed>0.987</gpxdata:speed>
        </extensions>
      </trkpt>
      <trkpt lat="46.4639170" lon="9.5327280">
        <ele>2024.9</ele>
        <time>2026-09-15T11:32:15Z</time>
        <extensions>
          <gpxdata:distance>4981.24</gpxdata:distance>
          <gpxdata:speed>0.992</gpxdata:speed>
        </extensions>
      </trkpt>
      <trkpt lat="46.4639900" lon="9.5326520">
        <ele>2024.9</ele>
        <time>2026-09-15T11:32:25Z</time>
        <extensions>
          <gpxdata:distance>4991.23</gpxdata:distance>
          <gpxdata:speed>0.996</gpxdata:speed>
        </extensions>
      </trkpt>
      <trkpt lat="46.4640370" lon="9.5325890">
        <ele>2024.8</ele>
        <time>2026-09-15T11:32:32Z</time>
        <extensions>
          <gpxdata:distance>4998.34</gpxdata:distance>
          <gpxdata:speed>0.995</gpxdata:speed>
        </extensions>
      </trkpt>
      <trkpt lat="46.4640740" lon="9.5325380">
        <ele>2024.7</ele>
        <time>2026-09-15T11:32:38Z</time>
        <extensions>
          <gpxdata:distance>5004.02</gpxdata:distance>
          <gpxdata:speed>0.994</gpxdata:speed>
        </extensions>
      </trkpt>
      <trkpt lat="46.4641110" lon="9.5324360">
        <ele>2025.3</ele>
        <time>2026-09-15T11:32:47Z</time>
        <extensions>
          <gpxdata:distance>5012.85</gpxdata:distance>
          <gpxdata:speed>0.988</gpxdata:speed>
        </extensions>
      </trkpt>
      <trkpt lat="46.4642050" lon="9.5322570">
        <ele>2025.5</ele>
        <time>2026-09-15T11:33:05Z</time>
        <extensions>
          <gpxdata:distance>5030.09</gpxdata:distance>
          <gpxdata:speed>0.980</gpxdata:speed>
        </extensions>
      </trkpt>
      <trkpt lat="46.4642700" lon="9.5321160">
        <ele>2025.4</ele>
        <time>2026-09-15T11:33:18Z</time>
        <extensions>
          <gpxdata:distance>5043.08</gpxdata:distance>
          <gpxdata:speed>0.984</gpxdata:speed>
        </extensions>
      </trkpt>
      <trkpt lat="46.4643160" lon="9.5320530">
        <ele>2025.5</ele>
        <time>2026-09-15T11:33:25Z</time>
        <extensions>
          <gpxdata:distance>5050.11</gpxdata:distance>
          <gpxdata:speed>0.994</gpxdata:speed>
        </extensions>
      </trkpt>
      <trkpt lat="46.4644270" lon="9.5319010">
        <ele>2025.6</ele>
        <time>2026-09-15T11:33:42Z</time>
        <extensions>
          <gpxdata:distance>5067.08</gpxdata:distance>
          <gpxdata:speed>0.996</gpxdata:speed>
        </extensions>
      </trkpt>
      <trkpt lat="46.4644920" lon="9.5317990">
        <ele>2025.5</ele>
        <time>2026-09-15T11:33:53Z</time>
        <extensions>
          <gpxdata:distance>5077.72</gpxdata:distance>
          <gpxdata:speed>0.997</gpxdata:speed>
        </extensions>
      </trkpt>
      <trkpt lat="46.4644920" lon="9.5317990">
        <ele>2025.5</ele>
        <time>2026-09-15T11:33:53Z</time>
        <extensions>
          <gpxdata:distance>5077.72</gpxdata:distance>
          <gpxdata:speed>0.000</gpxdata:speed>
        </extensions>
      </trkpt>
      <trkpt lat="46.4645660" lon="9.5316720">
        <ele>2025.7</ele>
        <time>2026-09-15T11:34:05Z</time>
        <extensions>
          <gpxdata:distance>5090.46</gpxdata:distance>
          <gpxdata:speed>0.988</gpxdata:speed>
        </extensions>
      </trkpt>
      <trkpt lat="46.4646220" lon="9.5316090">
        <ele>2025.9</ele>
        <time>2026-09-15T11:34:14Z</time>
        <extensions>
          <gpxdata:distance>5098.34</gpxdata:distance>
          <gpxdata:speed>0.980</gpxdata:speed>
        </extensions>
      </trkpt>
      <trkpt lat="46.4646500" lon="9.5315580">
        <ele>2025.8</ele>
        <time>2026-09-15T11:34:19Z</time>
        <extensions>
          <gpxdata:distance>5103.34</gpxdata:distance>
          <gpxdata:speed>0.998</gpxdata:speed>
        </extensions>
      </trkpt>
      <trkpt lat="46.4646500" lon="9.5315580">
        <ele>2025.8</ele>
        <time>2026-09-15T11:34:19Z</time>
        <extensions>
          <gpxdata:distance>5103.34</gpxdata:distance>
          <gpxdata:speed>0.000</gpxdata:speed>
        </extensions>
      </trkpt>
      <trkpt lat="46.4647770" lon="9.5314850">
        <ele>2025.7</ele>
        <time>2026-09-15T11:34:34Z</time>
        <extensions>
          <gpxdata:distance>5118.52</gpxdata:distance>
          <gpxdata:speed>1.002</gpxdata:speed>
        </extensions>
      </trkpt>
      <trkpt lat="46.4648040" lon="9.5314860">
        <ele>2025.7</ele>
        <time>2026-09-15T11:34:37Z</time>
        <extensions>
          <gpxdata:distance>5121.53</gpxdata:distance>
          <gpxdata:speed>1.005</gpxdata:speed>
        </extensions>
      </trkpt>
      <trkpt lat="46.4648400" lon="9.5314870">
        <ele>2025.7</ele>
        <time>2026-09-15T11:34:41Z</time>
        <extensions>
          <gpxdata:distance>5125.53</gpxdata:distance>
          <gpxdata:speed>1.008</gpxdata:speed>
        </extensions>
      </trkpt>
      <trkpt lat="46.4649030" lon="9.5314900">
        <ele>2025.7</ele>
        <time>2026-09-15T11:34:48Z</time>
        <extensions>
          <gpxdata:distance>5132.54</gpxdata:distance>
          <gpxdata:speed>1.003</gpxdata:speed>
        </extensions>
      </trkpt>
      <trkpt lat="46.4649740" lon="9.5315180">
        <ele>2025.8</ele>
        <time>2026-09-15T11:34:56Z</time>
        <extensions>
          <gpxdata:distance>5140.72</gpxdata:distance>
          <gpxdata:speed>1.000</gpxdata:speed>
        </extensions>
      </trkpt>
      <trkpt lat="46.4650370" lon="9.5315210">
        <ele>2025.5</ele>
        <time>2026-09-15T11:35:03Z</time>
        <extensions>
          <gpxdata:distance>5147.73</gpxdata:distance>
          <gpxdata:speed>1.008</gpxdata:speed>
        </extensions>
      </trkpt>
      <trkpt lat="46.4650550" lon="9.5315080">
        <ele>2025.1</ele>
        <time>2026-09-15T11:35:05Z</time>
        <extensions>
          <gpxdata:distance>5149.97</gpxdata:distance>
          <gpxdata:speed>0.992</gpxdata:speed>
        </extensions>
      </trkpt>
      <trkpt lat="46.4650830" lon="9.5314960">
        <ele>2024.7</ele>
        <time>2026-09-15T11:35:08Z</time>
        <extensions>
          <gpxdata:distance>5153.21</gpxdata:distance>
          <gpxdata:speed>0.984</gpxdata:speed>
        </extensions>
      </trkpt>
      <trkpt lat="46.4651010" lon="9.5314710">
        <ele>2024.5</ele>
        <time>2026-09-15T11:35:11Z</time>
        <extensions>
          <gpxdata:distance>5155.98</gpxdata:distance>
          <gpxdata:speed>0.981</gpxdata:speed>
        </extensions>
      </trkpt>
      <trkpt lat="46.4651010" lon="9.5314710">
        <ele>2024.5</ele>
        <time>2026-09-15T11:35:11Z</time>
        <extensions>
          <gpxdata:distance>5155.98</gpxdata:distance>
          <gpxdata:speed>0.000</gpxdata:speed>
        </extensions>
      </trkpt>
      <trkpt lat="46.4651200" lon="9.5314200">
        <ele>2024.4</ele>
        <time>2026-09-15T11:35:16Z</time>
        <extensions>
          <gpxdata:distance>5160.42</gpxdata:distance>
          <gpxdata:speed>0.969</gpxdata:speed>
        </extensions>
      </trkpt>
      <trkpt lat="46.4651200" lon="9.5314200">
        <ele>2024.4</ele>
        <time>2026-09-15T11:35:16Z</time>
        <extensions>
          <gpxdata:distance>5160.42</gpxdata:distance>
          <gpxdata:speed>0.000</gpxdata:speed>
        </extensions>
      </trkpt>
      <trkpt lat="46.4651300" lon="9.5313420">
        <ele>2024.5</ele>
        <time>2026-09-15T11:35:22Z</time>
        <extensions>
          <gpxdata:distance>5166.50</gpxdata:distance>
          <gpxdata:speed>0.967</gpxdata:speed>
        </extensions>
      </trkpt>
      <trkpt lat="46.4651240" lon="9.5312120">
        <ele>2025.6</ele>
        <time>2026-09-15T11:35:32Z</time>
        <extensions>
          <gpxdata:distance>5176.48</gpxdata:distance>
          <gpxdata:speed>1.005</gpxdata:speed>
        </extensions>
      </trkpt>
      <trkpt lat="46.4651260" lon="9.5310940">
        <ele>2027.1</ele>
        <time>2026-09-15T11:35:42Z</time>
        <extensions>
          <gpxdata:distance>5185.52</gpxdata:distance>
          <gpxdata:speed>0.905</gpxdata:speed>
        </extensions>
      </trkpt>
      <trkpt lat="46.4651100" lon="9.5309900">
        <ele>2027.5</ele>
        <time>2026-09-15T11:35:51Z</time>
        <extensions>
          <gpxdata:distance>5193.68</gpxdata:distance>
          <gpxdata:speed>0.873</gpxdata:speed>
        </extensions>
      </trkpt>
      <trkpt lat="46.4651110" lon="9.5309380">
        <ele>2027.8</ele>
        <time>2026-09-15T11:35:56Z</time>
        <extensions>
          <gpxdata:distance>5197.67</gpxdata:distance>
          <gpxdata:speed>0.834</gpxdata:speed>
        </extensions>
      </trkpt>
      <trkpt lat="46.4651210" lon="9.5308860">
        <ele>2027.8</ele>
        <time>2026-09-15T11:36:01Z</time>
        <extensions>
          <gpxdata:distance>5201.80</gpxdata:distance>
          <gpxdata:speed>0.827</gpxdata:speed>
        </extensions>
      </trkpt>
      <trkpt lat="46.4651580" lon="9.5308220">
        <ele>2027.9</ele>
        <time>2026-09-15T11:36:09Z</time>
        <extensions>
          <gpxdata:distance>5208.20</gpxdata:distance>
          <gpxdata:speed>0.846</gpxdata:speed>
        </extensions>
      </trkpt>
      <trkpt lat="46.4652510" lon="9.5306820">
        <ele>2027.7</ele>
        <time>2026-09-15T11:36:26Z</time>
        <extensions>
          <gpxdata:distance>5223.10</gpxdata:distance>
          <gpxdata:speed>0.878</gpxdata:speed>
        </extensions>
      </trkpt>
      <trkpt lat="46.4653060" lon="9.5305800">
        <ele>2027.7</ele>
        <time>2026-09-15T11:36:37Z</time>
        <extensions>
          <gpxdata:distance>5233.02</gpxdata:distance>
          <gpxdata:speed>0.897</gpxdata:speed>
        </extensions>
      </trkpt>
      <trkpt lat="46.4653540" lon="9.5304520">
        <ele>2028.0</ele>
        <time>2026-09-15T11:36:49Z</time>
        <extensions>
          <gpxdata:distance>5244.18</gpxdata:distance>
          <gpxdata:speed>0.898</gpxdata:speed>
        </extensions>
      </trkpt>
      <trkpt lat="46.4654010" lon="9.5303500">
        <ele>2028.1</ele>
        <time>2026-09-15T11:36:59Z</time>
        <extensions>
          <gpxdata:distance>5253.58</gpxdata:distance>
          <gpxdata:speed>0.930</gpxdata:speed>
        </extensions>
      </trkpt>
      <trkpt lat="46.4655510" lon="9.5300170">
        <ele>2028.4</ele>
        <time>2026-09-15T11:37:30Z</time>
        <extensions>
          <gpxdata:distance>5284.05</gpxdata:distance>
          <gpxdata:speed>0.979</gpxdata:speed>
        </extensions>
      </trkpt>
      <trkpt lat="46.4656160" lon="9.5299020">
        <ele>2028.6</ele>
        <time>2026-09-15T11:37:42Z</time>
        <extensions>
          <gpxdata:distance>5295.45</gpxdata:distance>
          <gpxdata:speed>0.985</gpxdata:speed>
        </extensions>
      </trkpt>
      <trkpt lat="46.4656630" lon="9.5298000">
        <ele>2028.5</ele>
        <time>2026-09-15T11:37:51Z</time>
        <extensions>
          <gpxdata:distance>5304.85</gpxdata:distance>
          <gpxdata:speed>0.996</gpxdata:speed>
        </extensions>
      </trkpt>
      <trkpt lat="46.4657280" lon="9.5296590">
        <ele>2028.6</ele>
        <time>2026-09-15T11:38:04Z</time>
        <extensions>
          <gpxdata:distance>5317.84</gpxdata:distance>
          <gpxdata:speed>0.995</gpxdata:speed>
        </extensions>
      </trkpt>
      <trkpt lat="46.4658040" lon="9.5294800">
        <ele>2029.1</ele>
        <time>2026-09-15T11:38:21Z</time>
        <extensions>
          <gpxdata:distance>5333.95</gpxdata:distance>
          <gpxdata:speed>0.988</gpxdata:speed>
        </extensions>
      </trkpt>
      <trkpt lat="46.4658690" lon="9.5293650">
        <ele>2029.0</ele>
        <time>2026-09-15T11:38:32Z</time>
        <extensions>
          <gpxdata:distance>5345.34</gpxdata:distance>
          <gpxdata:speed>0.985</gpxdata:speed>
        </extensions>
      </trkpt>
      <trkpt lat="46.4659900" lon="9.5291220">
        <ele>2029.0</ele>
        <time>2026-09-15T11:38:55Z</time>
        <extensions>
          <gpxdata:distance>5368.31</gpxdata:distance>
          <gpxdata:speed>0.988</gpxdata:speed>
        </extensions>
      </trkpt>
      <trkpt lat="46.4660550" lon="9.5290080">
        <ele>2029.2</ele>
        <time>2026-09-15T11:39:07Z</time>
        <extensions>
          <gpxdata:distance>5379.64</gpxdata:distance>
          <gpxdata:speed>0.990</gpxdata:speed>
        </extensions>
      </trkpt>
      <trkpt lat="46.4661300" lon="9.5288670">
        <ele>2029.6</ele>
        <time>2026-09-15T11:39:21Z</time>
        <extensions>
          <gpxdata:distance>5393.28</gpxdata:distance>
          <gpxdata:speed>0.985</gpxdata:speed>
        </extensions>
      </trkpt>
      <trkpt lat="46.4662120" lon="9.5287920">
        <ele>2029.9</ele>
        <time>2026-09-15T11:39:32Z</time>
        <extensions>
          <gpxdata:distance>5404.06</gpxdata:distance>
          <gpxdata:speed>0.981</gpxdata:speed>
        </extensions>
      </trkpt>
      <trkpt lat="46.4662500" lon="9.5287020">
        <ele>2029.2</ele>
        <time>2026-09-15T11:39:40Z</time>
        <extensions>
          <gpxdata:distance>5412.15</gpxdata:distance>
          <gpxdata:speed>0.999</gpxdata:speed>
        </extensions>
      </trkpt>
      <trkpt lat="46.4662880" lon="9.5286130">
        <ele>2029.0</ele>
        <time>2026-09-15T11:39:48Z</time>
        <extensions>
          <gpxdata:distance>5420.17</gpxdata:distance>
          <gpxdata:speed>1.001</gpxdata:speed>
        </extensions>
      </trkpt>
      <trkpt lat="46.4662880" lon="9.5286130">
        <ele>2029.0</ele>
        <time>2026-09-15T11:39:48Z</time>
        <extensions>
          <gpxdata:distance>5420.17</gpxdata:distance>
          <gpxdata:speed>0.000</gpxdata:speed>
        </extensions>
      </trkpt>
      <trkpt lat="46.4661420" lon="9.5286850">
        <ele>2026.9</ele>
        <time>2026-09-15T11:40:05Z</time>
        <extensions>
          <gpxdata:distance>5437.31</gpxdata:distance>
          <gpxdata:speed>0.985</gpxdata:speed>
        </extensions>
      </trkpt>
      <trkpt lat="46.4659780" lon="9.5287960">
        <ele>2024.4</ele>
        <time>2026-09-15T11:40:26Z</time>
        <extensions>
          <gpxdata:distance>5457.43</gpxdata:distance>
          <gpxdata:speed>0.960</gpxdata:speed>
        </extensions>
      </trkpt>
      <trkpt lat="46.4659230" lon="9.5288460">
        <ele>2023.4</ele>
        <time>2026-09-15T11:40:34Z</time>
        <extensions>
          <gpxdata:distance>5464.65</gpxdata:distance>
          <gpxdata:speed>0.939</gpxdata:speed>
        </extensions>
      </trkpt>
      <trkpt lat="46.4657680" lon="9.5289960">
        <ele>2020.6</ele>
        <time>2026-09-15T11:40:57Z</time>
        <extensions>
          <gpxdata:distance>5485.36</gpxdata:distance>
          <gpxdata:speed>0.914</gpxdata:speed>
        </extensions>
      </trkpt>
      <trkpt lat="46.4656580" lon="9.5290960">
        <ele>2018.8</ele>
        <time>2026-09-15T11:41:13Z</time>
        <extensions>
          <gpxdata:distance>5499.79</gpxdata:distance>
          <gpxdata:speed>0.896</gpxdata:speed>
        </extensions>
      </trkpt>
      <trkpt lat="46.4655480" lon="9.5292090">
        <ele>2016.8</ele>
        <time>2026-09-15T11:41:29Z</time>
        <extensions>
          <gpxdata:distance>5514.78</gpxdata:distance>
          <gpxdata:speed>0.911</gpxdata:speed>
        </extensions>
      </trkpt>
      <trkpt lat="46.4654280" lon="9.5293480">
        <ele>2014.6</ele>
        <time>2026-09-15T11:41:48Z</time>
        <extensions>
          <gpxdata:distance>5531.85</gpxdata:distance>
          <gpxdata:speed>0.914</gpxdata:speed>
        </extensions>
      </trkpt>
      <trkpt lat="46.4653550" lon="9.5294100">
        <ele>2013.5</ele>
        <time>2026-09-15T11:41:58Z</time>
        <extensions>
          <gpxdata:distance>5541.25</gpxdata:distance>
          <gpxdata:speed>0.920</gpxdata:speed>
        </extensions>
      </trkpt>
      <trkpt lat="46.4651450" lon="9.5295840">
        <ele>2010.0</ele>
        <time>2026-09-15T11:42:27Z</time>
        <extensions>
          <gpxdata:distance>5568.14</gpxdata:distance>
          <gpxdata:speed>0.920</gpxdata:speed>
        </extensions>
      </trkpt>
      <trkpt lat="46.4650630" lon="9.5296460">
        <ele>2008.7</ele>
        <time>2026-09-15T11:42:38Z</time>
        <extensions>
          <gpxdata:distance>5578.42</gpxdata:distance>
          <gpxdata:speed>0.921</gpxdata:speed>
        </extensions>
      </trkpt>
      <trkpt lat="46.4649800" lon="9.5297600">
        <ele>2007.2</ele>
        <time>2026-09-15T11:42:52Z</time>
        <extensions>
          <gpxdata:distance>5591.12</gpxdata:distance>
          <gpxdata:speed>0.921</gpxdata:speed>
        </extensions>
      </trkpt>
      <trkpt lat="46.4649060" lon="9.5298490">
        <ele>2005.8</ele>
        <time>2026-09-15T11:43:04Z</time>
        <extensions>
          <gpxdata:distance>5601.81</gpxdata:distance>
          <gpxdata:speed>0.920</gpxdata:speed>
        </extensions>
      </trkpt>
      <trkpt lat="46.4648130" lon="9.5299880">
        <ele>2003.9</ele>
        <time>2026-09-15T11:43:20Z</time>
        <extensions>
          <gpxdata:distance>5616.65</gpxdata:distance>
          <gpxdata:speed>0.919</gpxdata:speed>
        </extensions>
      </trkpt>
      <trkpt lat="46.4647670" lon="9.5300520">
        <ele>2003.1</ele>
        <time>2026-09-15T11:43:28Z</time>
        <extensions>
          <gpxdata:distance>5623.73</gpxdata:distance>
          <gpxdata:speed>0.919</gpxdata:speed>
        </extensions>
      </trkpt>
      <trkpt lat="46.4647400" lon="9.5300900">
        <ele>2002.7</ele>
        <time>2026-09-15T11:43:32Z</time>
        <extensions>
          <gpxdata:distance>5627.91</gpxdata:distance>
          <gpxdata:speed>0.917</gpxdata:speed>
        </extensions>
      </trkpt>
      <trkpt lat="46.4647120" lon="9.5301150">
        <ele>2002.3</ele>
        <time>2026-09-15T11:43:36Z</time>
        <extensions>
          <gpxdata:distance>5631.57</gpxdata:distance>
          <gpxdata:speed>0.916</gpxdata:speed>
        </extensions>
      </trkpt>
      <trkpt lat="46.4647120" lon="9.5301150">
        <ele>2002.3</ele>
        <time>2026-09-15T11:43:36Z</time>
        <extensions>
          <gpxdata:distance>5631.57</gpxdata:distance>
          <gpxdata:speed>0.000</gpxdata:speed>
        </extensions>
      </trkpt>
      <trkpt lat="46.4645840" lon="9.5302140">
        <ele>2000.3</ele>
        <time>2026-09-15T11:43:54Z</time>
        <extensions>
          <gpxdata:distance>5647.70</gpxdata:distance>
          <gpxdata:speed>0.914</gpxdata:speed>
        </extensions>
      </trkpt>
      <trkpt lat="46.4645020" lon="9.5302760">
        <ele>1999.0</ele>
        <time>2026-09-15T11:44:05Z</time>
        <extensions>
          <gpxdata:distance>5657.98</gpxdata:distance>
          <gpxdata:speed>0.914</gpxdata:speed>
        </extensions>
      </trkpt>
      <trkpt lat="46.4644650" lon="9.5303530">
        <ele>1998.1</ele>
        <time>2026-09-15T11:44:13Z</time>
        <extensions>
          <gpxdata:distance>5665.17</gpxdata:distance>
          <gpxdata:speed>0.915</gpxdata:speed>
        </extensions>
      </trkpt>
      <trkpt lat="46.4644370" lon="9.5304170">
        <ele>1997.4</ele>
        <time>2026-09-15T11:44:19Z</time>
        <extensions>
          <gpxdata:distance>5670.97</gpxdata:distance>
          <gpxdata:speed>0.914</gpxdata:speed>
        </extensions>
      </trkpt>
      <trkpt lat="46.4644170" lon="9.5304810">
        <ele>1996.9</ele>
        <time>2026-09-15T11:44:25Z</time>
        <extensions>
          <gpxdata:distance>5676.36</gpxdata:distance>
          <gpxdata:speed>0.910</gpxdata:speed>
        </extensions>
      </trkpt>
      <trkpt lat="46.4643980" lon="9.5305320">
        <ele>1996.6</ele>
        <time>2026-09-15T11:44:30Z</time>
        <extensions>
          <gpxdata:distance>5680.80</gpxdata:distance>
          <gpxdata:speed>0.907</gpxdata:speed>
        </extensions>
      </trkpt>
      <trkpt lat="46.4643800" lon="9.5305580">
        <ele>1996.4</ele>
        <time>2026-09-15T11:44:33Z</time>
        <extensions>
          <gpxdata:distance>5683.62</gpxdata:distance>
          <gpxdata:speed>0.906</gpxdata:speed>
        </extensions>
      </trkpt>
      <trkpt lat="46.4643530" lon="9.5305570">
        <ele>1996.3</ele>
        <time>2026-09-15T11:44:37Z</time>
        <extensions>
          <gpxdata:distance>5686.62</gpxdata:distance>
          <gpxdata:speed>0.903</gpxdata:speed>
        </extensions>
      </trkpt>
      <trkpt lat="46.4643260" lon="9.5305560">
        <ele>1996.2</ele>
        <time>2026-09-15T11:44:40Z</time>
        <extensions>
          <gpxdata:distance>5689.63</gpxdata:distance>
          <gpxdata:speed>0.899</gpxdata:speed>
        </extensions>
      </trkpt>
      <trkpt lat="46.4643180" lon="9.5305290">
        <ele>1995.9</ele>
        <time>2026-09-15T11:44:42Z</time>
        <extensions>
          <gpxdata:distance>5691.88</gpxdata:distance>
          <gpxdata:speed>0.895</gpxdata:speed>
        </extensions>
      </trkpt>
      <trkpt lat="46.4643090" lon="9.5304900">
        <ele>1995.6</ele>
        <time>2026-09-15T11:44:46Z</time>
        <extensions>
          <gpxdata:distance>5695.03</gpxdata:distance>
          <gpxdata:speed>0.903</gpxdata:speed>
        </extensions>
      </trkpt>
      <trkpt lat="46.4643190" lon="9.5304380">
        <ele>1995.1</ele>
        <time>2026-09-15T11:44:50Z</time>
        <extensions>
          <gpxdata:distance>5699.16</gpxdata:distance>
          <gpxdata:speed>0.907</gpxdata:speed>
        </extensions>
      </trkpt>
      <trkpt lat="46.4643380" lon="9.5303740">
        <ele>1994.3</ele>
        <time>2026-09-15T11:44:56Z</time>
        <extensions>
          <gpxdata:distance>5704.50</gpxdata:distance>
          <gpxdata:speed>0.902</gpxdata:speed>
        </extensions>
      </trkpt>
      <trkpt lat="46.4643580" lon="9.5303090">
        <ele>1993.4</ele>
        <time>2026-09-15T11:45:02Z</time>
        <extensions>
          <gpxdata:distance>5709.95</gpxdata:distance>
          <gpxdata:speed>0.898</gpxdata:speed>
        </extensions>
      </trkpt>
      <trkpt lat="46.4644350" lon="9.5300260">
        <ele>1990.6</ele>
        <time>2026-09-15T11:45:28Z</time>
        <extensions>
          <gpxdata:distance>5733.26</gpxdata:distance>
          <gpxdata:speed>0.907</gpxdata:speed>
        </extensions>
      </trkpt>
      <trkpt lat="46.4644450" lon="9.5299740">
        <ele>1990.1</ele>
        <time>2026-09-15T11:45:33Z</time>
        <extensions>
          <gpxdata:distance>5737.40</gpxdata:distance>
          <gpxdata:speed>0.910</gpxdata:speed>
        </extensions>
      </trkpt>
      <trkpt lat="46.4644920" lon="9.5298720">
        <ele>1988.8</ele>
        <time>2026-09-15T11:45:43Z</time>
        <extensions>
          <gpxdata:distance>5746.79</gpxdata:distance>
          <gpxdata:speed>0.917</gpxdata:speed>
        </extensions>
      </trkpt>
      <trkpt lat="46.4645290" lon="9.5297950">
        <ele>1987.9</ele>
        <time>2026-09-15T11:45:51Z</time>
        <extensions>
          <gpxdata:distance>5753.99</gpxdata:distance>
          <gpxdata:speed>0.921</gpxdata:speed>
        </extensions>
      </trkpt>
      <trkpt lat="46.4645670" lon="9.5297050">
        <ele>1986.7</ele>
        <time>2026-09-15T11:45:59Z</time>
        <extensions>
          <gpxdata:distance>5762.07</gpxdata:distance>
          <gpxdata:speed>0.923</gpxdata:speed>
        </extensions>
      </trkpt>
      <trkpt lat="46.4645860" lon="9.5296150">
        <ele>1985.6</ele>
        <time>2026-09-15T11:46:07Z</time>
        <extensions>
          <gpxdata:distance>5769.28</gpxdata:distance>
          <gpxdata:speed>0.926</gpxdata:speed>
        </extensions>
      </trkpt>
      <trkpt lat="46.4646440" lon="9.5294350">
        <ele>1983.2</ele>
        <time>2026-09-15T11:46:24Z</time>
        <extensions>
          <gpxdata:distance>5784.50</gpxdata:distance>
          <gpxdata:speed>0.930</gpxdata:speed>
        </extensions>
      </trkpt>
      <trkpt lat="46.4646720" lon="9.5293450">
        <ele>1982.1</ele>
        <time>2026-09-15T11:46:32Z</time>
        <extensions>
          <gpxdata:distance>5792.06</gpxdata:distance>
          <gpxdata:speed>0.930</gpxdata:speed>
        </extensions>
      </trkpt>
      <trkpt lat="46.4647020" lon="9.5291770">
        <ele>1980.4</ele>
        <time>2026-09-15T11:46:46Z</time>
        <extensions>
          <gpxdata:distance>5805.36</gpxdata:distance>
          <gpxdata:speed>0.928</gpxdata:speed>
        </extensions>
      </trkpt>
      <trkpt lat="46.4647310" lon="9.5291000">
        <ele>1979.4</ele>
        <time>2026-09-15T11:46:53Z</time>
        <extensions>
          <gpxdata:distance>5812.08</gpxdata:distance>
          <gpxdata:speed>0.933</gpxdata:speed>
        </extensions>
      </trkpt>
      <trkpt lat="46.4647960" lon="9.5289590">
        <ele>1977.2</ele>
        <time>2026-09-15T11:47:07Z</time>
        <extensions>
          <gpxdata:distance>5825.07</gpxdata:distance>
          <gpxdata:speed>0.937</gpxdata:speed>
        </extensions>
      </trkpt>
      <trkpt lat="46.4648810" lon="9.5287670">
        <ele>1975.2</ele>
        <time>2026-09-15T11:47:26Z</time>
        <extensions>
          <gpxdata:distance>5842.55</gpxdata:distance>
          <gpxdata:speed>0.933</gpxdata:speed>
        </extensions>
      </trkpt>
      <trkpt lat="46.4649290" lon="9.5286120">
        <ele>1973.7</ele>
        <time>2026-09-15T11:47:40Z</time>
        <extensions>
          <gpxdata:distance>5855.57</gpxdata:distance>
          <gpxdata:speed>0.931</gpxdata:speed>
        </extensions>
      </trkpt>
      <trkpt lat="46.4649680" lon="9.5284190">
        <ele>1971.4</ele>
        <time>2026-09-15T11:47:56Z</time>
        <extensions>
          <gpxdata:distance>5870.98</gpxdata:distance>
          <gpxdata:speed>0.931</gpxdata:speed>
        </extensions>
      </trkpt>
      <trkpt lat="46.4649870" lon="9.5283670">
        <ele>1970.7</ele>
        <time>2026-09-15T11:48:01Z</time>
        <extensions>
          <gpxdata:distance>5875.48</gpxdata:distance>
          <gpxdata:speed>0.931</gpxdata:speed>
        </extensions>
      </trkpt>
      <trkpt lat="46.4650060" lon="9.5283030">
        <ele>1969.9</ele>
        <time>2026-09-15T11:48:07Z</time>
        <extensions>
          <gpxdata:distance>5880.82</gpxdata:distance>
          <gpxdata:speed>0.929</gpxdata:speed>
        </extensions>
      </trkpt>
      <trkpt lat="46.4650630" lon="9.5281750">
        <ele>1968.3</ele>
        <time>2026-09-15T11:48:20Z</time>
        <extensions>
          <gpxdata:distance>5892.50</gpxdata:distance>
          <gpxdata:speed>0.929</gpxdata:speed>
        </extensions>
      </trkpt>
      <trkpt lat="46.4650730" lon="9.5281230">
        <ele>1967.8</ele>
        <time>2026-09-15T11:48:24Z</time>
        <extensions>
          <gpxdata:distance>5896.63</gpxdata:distance>
          <gpxdata:speed>0.929</gpxdata:speed>
        </extensions>
      </trkpt>
      <trkpt lat="46.4650830" lon="9.5280710">
        <ele>1967.4</ele>
        <time>2026-09-15T11:48:29Z</time>
        <extensions>
          <gpxdata:distance>5900.77</gpxdata:distance>
          <gpxdata:speed>0.927</gpxdata:speed>
        </extensions>
      </trkpt>
      <trkpt lat="46.4650930" lon="9.5280070">
        <ele>1966.7</ele>
        <time>2026-09-15T11:48:34Z</time>
        <extensions>
          <gpxdata:distance>5905.79</gpxdata:distance>
          <gpxdata:speed>0.922</gpxdata:speed>
        </extensions>
      </trkpt>
      <trkpt lat="46.4650940" lon="9.5279550">
        <ele>1966.1</ele>
        <time>2026-09-15T11:48:38Z</time>
        <extensions>
          <gpxdata:distance>5909.78</gpxdata:distance>
          <gpxdata:speed>0.927</gpxdata:speed>
        </extensions>
      </trkpt>
      <trkpt lat="46.4651040" lon="9.5279030">
        <ele>1965.7</ele>
        <time>2026-09-15T11:48:43Z</time>
        <extensions>
          <gpxdata:distance>5913.91</gpxdata:distance>
          <gpxdata:speed>0.928</gpxdata:speed>
        </extensions>
      </trkpt>
      <trkpt lat="46.4651610" lon="9.5277490">
        <ele>1963.9</ele>
        <time>2026-09-15T11:48:57Z</time>
        <extensions>
          <gpxdata:distance>5927.30</gpxdata:distance>
          <gpxdata:speed>0.925</gpxdata:speed>
        </extensions>
      </trkpt>
      <trkpt lat="46.4652740" lon="9.5274800">
        <ele>1960.9</ele>
        <time>2026-09-15T11:49:23Z</time>
        <extensions>
          <gpxdata:distance>5951.43</gpxdata:distance>
          <gpxdata:speed>0.921</gpxdata:speed>
        </extensions>
      </trkpt>
      <trkpt lat="46.4653480" lon="9.5273390">
        <ele>1959.2</ele>
        <time>2026-09-15T11:49:38Z</time>
        <extensions>
          <gpxdata:distance>5965.01</gpxdata:distance>
          <gpxdata:speed>0.919</gpxdata:speed>
        </extensions>
      </trkpt>
      <trkpt lat="46.4653850" lon="9.5272890">
        <ele>1958.6</ele>
        <time>2026-09-15T11:49:44Z</time>
        <extensions>
          <gpxdata:distance>5970.63</gpxdata:distance>
          <gpxdata:speed>0.916</gpxdata:speed>
        </extensions>
      </trkpt>
      <trkpt lat="46.4654310" lon="9.5272380">
        <ele>1957.5</ele>
        <time>2026-09-15T11:49:51Z</time>
        <extensions>
          <gpxdata:distance>5977.07</gpxdata:distance>
          <gpxdata:speed>0.920</gpxdata:speed>
        </extensions>
      </trkpt>
      <trkpt lat="46.4655860" lon="9.5271400">
        <ele>1955.1</ele>
        <time>2026-09-15T11:50:12Z</time>
        <extensions>
          <gpxdata:distance>5995.87</gpxdata:distance>
          <gpxdata:speed>0.921</gpxdata:speed>
        </extensions>
      </trkpt>
      <trkpt lat="46.4656310" lon="9.5271160">
        <ele>1954.3</ele>
        <time>2026-09-15T11:50:17Z</time>
        <extensions>
          <gpxdata:distance>6001.20</gpxdata:distance>
          <gpxdata:speed>0.922</gpxdata:speed>
        </extensions>
      </trkpt>
      <trkpt lat="46.4656490" lon="9.5271040">
        <ele>1954.0</ele>
        <time>2026-09-15T11:50:20Z</time>
        <extensions>
          <gpxdata:distance>6003.40</gpxdata:distance>
          <gpxdata:speed>0.921</gpxdata:speed>
        </extensions>
      </trkpt>
      <trkpt lat="46.4656680" lon="9.5270650">
        <ele>1953.6</ele>
        <time>2026-09-15T11:50:24Z</time>
        <extensions>
          <gpxdata:distance>6007.06</gpxdata:distance>
          <gpxdata:speed>0.922</gpxdata:speed>
        </extensions>
      </trkpt>
      <trkpt lat="46.4656780" lon="9.5270130">
        <ele>1953.2</ele>
        <time>2026-09-15T11:50:28Z</time>
        <extensions>
          <gpxdata:distance>6011.19</gpxdata:distance>
          <gpxdata:speed>0.920</gpxdata:speed>
        </extensions>
      </trkpt>
      <trkpt lat="46.4656800" lon="9.5269090">
        <ele>1952.2</ele>
        <time>2026-09-15T11:50:37Z</time>
        <extensions>
          <gpxdata:distance>6019.16</gpxdata:distance>
          <gpxdata:speed>0.920</gpxdata:speed>
        </extensions>
      </trkpt>
      <trkpt lat="46.4656730" lon="9.5267920">
        <ele>1951.2</ele>
        <time>2026-09-15T11:50:47Z</time>
        <extensions>
          <gpxdata:distance>6028.16</gpxdata:distance>
          <gpxdata:speed>0.919</gpxdata:speed>
        </extensions>
      </trkpt>
      <trkpt lat="46.4656830" lon="9.5267270">
        <ele>1950.5</ele>
        <time>2026-09-15T11:50:52Z</time>
        <extensions>
          <gpxdata:distance>6033.26</gpxdata:distance>
          <gpxdata:speed>0.921</gpxdata:speed>
        </extensions>
      </trkpt>
      <trkpt lat="46.4656840" lon="9.5266750">
        <ele>1950.0</ele>
        <time>2026-09-15T11:50:57Z</time>
        <extensions>
          <gpxdata:distance>6037.24</gpxdata:distance>
          <gpxdata:speed>0.917</gpxdata:speed>
        </extensions>
      </trkpt>
      <trkpt lat="46.4657130" lon="9.5265720">
        <ele>1948.9</ele>
        <time>2026-09-15T11:51:06Z</time>
        <extensions>
          <gpxdata:distance>6045.76</gpxdata:distance>
          <gpxdata:speed>0.917</gpxdata:speed>
        </extensions>
      </trkpt>
      <trkpt lat="46.4657230" lon="9.5265070">
        <ele>1948.2</ele>
        <time>2026-09-15T11:51:12Z</time>
        <extensions>
          <gpxdata:distance>6050.86</gpxdata:distance>
          <gpxdata:speed>0.915</gpxdata:speed>
        </extensions>
      </trkpt>
      <trkpt lat="46.4657610" lon="9.5264050">
        <ele>1947.0</ele>
        <time>2026-09-15T11:51:21Z</time>
        <extensions>
          <gpxdata:distance>6059.75</gpxdata:distance>
          <gpxdata:speed>0.917</gpxdata:speed>
        </extensions>
      </trkpt>
      <trkpt lat="46.4657720" lon="9.5263270">
        <ele>1946.2</ele>
        <time>2026-09-15T11:51:28Z</time>
        <extensions>
          <gpxdata:distance>6065.84</gpxdata:distance>
          <gpxdata:speed>0.918</gpxdata:speed>
        </extensions>
      </trkpt>
      <trkpt lat="46.4657820" lon="9.5262620">
        <ele>1945.3</ele>
        <time>2026-09-15T11:51:33Z</time>
        <extensions>
          <gpxdata:distance>6070.94</gpxdata:distance>
          <gpxdata:speed>0.924</gpxdata:speed>
        </extensions>
      </trkpt>
      <trkpt lat="46.4657880" lon="9.5259500">
        <ele>1941.9</ele>
        <time>2026-09-15T11:51:59Z</time>
        <extensions>
          <gpxdata:distance>6094.85</gpxdata:distance>
          <gpxdata:speed>0.927</gpxdata:speed>
        </extensions>
      </trkpt>
      <trkpt lat="46.4657990" lon="9.5258460">
        <ele>1940.9</ele>
        <time>2026-09-15T11:52:08Z</time>
        <extensions>
          <gpxdata:distance>6102.91</gpxdata:distance>
          <gpxdata:speed>0.929</gpxdata:speed>
        </extensions>
      </trkpt>
      <trkpt lat="46.4658000" lon="9.5257680">
        <ele>1940.0</ele>
        <time>2026-09-15T11:52:14Z</time>
        <extensions>
          <gpxdata:distance>6108.88</gpxdata:distance>
          <gpxdata:speed>0.930</gpxdata:speed>
        </extensions>
      </trkpt>
      <trkpt lat="46.4658200" lon="9.5256780">
        <ele>1938.9</ele>
        <time>2026-09-15T11:52:22Z</time>
        <extensions>
          <gpxdata:distance>6116.13</gpxdata:distance>
          <gpxdata:speed>0.932</gpxdata:speed>
        </extensions>
      </trkpt>
      <trkpt lat="46.4659170" lon="9.5253040">
        <ele>1934.8</ele>
        <time>2026-09-15T11:52:55Z</time>
        <extensions>
          <gpxdata:distance>6146.73</gpxdata:distance>
          <gpxdata:speed>0.931</gpxdata:speed>
        </extensions>
      </trkpt>
      <trkpt lat="46.4659450" lon="9.5252010">
        <ele>1933.5</ele>
        <time>2026-09-15T11:53:04Z</time>
        <extensions>
          <gpxdata:distance>6155.22</gpxdata:distance>
          <gpxdata:speed>0.932</gpxdata:speed>
        </extensions>
      </trkpt>
      <trkpt lat="46.4659650" lon="9.5251360">
        <ele>1932.6</ele>
        <time>2026-09-15T11:53:10Z</time>
        <extensions>
          <gpxdata:distance>6160.67</gpxdata:distance>
          <gpxdata:speed>0.933</gpxdata:speed>
        </extensions>
      </trkpt>
      <trkpt lat="46.4660220" lon="9.5249690">
        <ele>1930.4</ele>
        <time>2026-09-15T11:53:25Z</time>
        <extensions>
          <gpxdata:distance>6174.94</gpxdata:distance>
          <gpxdata:speed>0.935</gpxdata:speed>
        </extensions>
      </trkpt>
      <trkpt lat="46.4660700" lon="9.5248021">
        <ele>1928.4</ele>
        <time>2026-09-15T11:53:40Z</time>
        <extensions>
          <gpxdata:distance>6188.79</gpxdata:distance>
          <gpxdata:speed>0.934</gpxdata:speed>
        </extensions>
      </trkpt>
      <trkpt lat="46.4660880" lon="9.5247761">
        <ele>1927.8</ele>
        <time>2026-09-15T11:53:43Z</time>
        <extensions>
          <gpxdata:distance>6191.62</gpxdata:distance>
          <gpxdata:speed>0.936</gpxdata:speed>
        </extensions>
      </trkpt>
      <trkpt lat="46.4661160" lon="9.5247251">
        <ele>1927.0</ele>
        <time>2026-09-15T11:53:48Z</time>
        <extensions>
          <gpxdata:distance>6196.61</gpxdata:distance>
          <gpxdata:speed>0.939</gpxdata:speed>
        </extensions>
      </trkpt>
      <trkpt lat="46.4661530" lon="9.5246881">
        <ele>1926.2</ele>
        <time>2026-09-15T11:53:54Z</time>
        <extensions>
          <gpxdata:distance>6201.61</gpxdata:distance>
          <gpxdata:speed>0.939</gpxdata:speed>
        </extensions>
      </trkpt>
      <trkpt lat="46.4661720" lon="9.5246491">
        <ele>1925.7</ele>
        <time>2026-09-15T11:53:58Z</time>
        <extensions>
          <gpxdata:distance>6205.27</gpxdata:distance>
          <gpxdata:speed>0.938</gpxdata:speed>
        </extensions>
      </trkpt>
      <trkpt lat="46.4661810" lon="9.5246371">
        <ele>1925.5</ele>
        <time>2026-09-15T11:53:59Z</time>
        <extensions>
          <gpxdata:distance>6206.63</gpxdata:distance>
          <gpxdata:speed>0.933</gpxdata:speed>
        </extensions>
      </trkpt>
      <trkpt lat="46.4661900" lon="9.5245981">
        <ele>1925.3</ele>
        <time>2026-09-15T11:54:02Z</time>
        <extensions>
          <gpxdata:distance>6209.78</gpxdata:distance>
          <gpxdata:speed>0.940</gpxdata:speed>
        </extensions>
      </trkpt>
      <trkpt lat="46.4661910" lon="9.5245721">
        <ele>1925.2</ele>
        <time>2026-09-15T11:54:04Z</time>
        <extensions>
          <gpxdata:distance>6211.77</gpxdata:distance>
          <gpxdata:speed>0.935</gpxdata:speed>
        </extensions>
      </trkpt>
      <trkpt lat="46.4661920" lon="9.5245331">
        <ele>1925.1</ele>
        <time>2026-09-15T11:54:08Z</time>
        <extensions>
          <gpxdata:distance>6214.76</gpxdata:distance>
          <gpxdata:speed>0.925</gpxdata:speed>
        </extensions>
      </trkpt>
      <trkpt lat="46.4661830" lon="9.5245061">
        <ele>1925.0</ele>
        <time>2026-09-15T11:54:10Z</time>
        <extensions>
          <gpxdata:distance>6217.06</gpxdata:distance>
          <gpxdata:speed>0.913</gpxdata:speed>
        </extensions>
      </trkpt>
      <trkpt lat="46.4661660" lon="9.5244671">
        <ele>1925.0</ele>
        <time>2026-09-15T11:54:14Z</time>
        <extensions>
          <gpxdata:distance>6220.59</gpxdata:distance>
          <gpxdata:speed>0.898</gpxdata:speed>
        </extensions>
      </trkpt>
      <trkpt lat="46.4661660" lon="9.5244671">
        <ele>1925.0</ele>
        <time>2026-09-15T11:54:14Z</time>
        <extensions>
          <gpxdata:distance>6220.59</gpxdata:distance>
          <gpxdata:speed>0.000</gpxdata:speed>
        </extensions>
      </trkpt>
      <trkpt lat="46.4661010" lon="9.5245551">
        <ele>1924.4</ele>
        <time>2026-09-15T11:54:25Z</time>
        <extensions>
          <gpxdata:distance>6230.47</gpxdata:distance>
          <gpxdata:speed>0.935</gpxdata:speed>
        </extensions>
      </trkpt>
      <trkpt lat="46.4660280" lon="9.5246441">
        <ele>1923.8</ele>
        <time>2026-09-15T11:54:36Z</time>
        <extensions>
          <gpxdata:distance>6241.07</gpxdata:distance>
          <gpxdata:speed>0.945</gpxdata:speed>
        </extensions>
      </trkpt>
      <trkpt lat="46.4659450" lon="9.5247321">
        <ele>1923.3</ele>
        <time>2026-09-15T11:54:48Z</time>
        <extensions>
          <gpxdata:distance>6252.50</gpxdata:distance>
          <gpxdata:speed>0.951</gpxdata:speed>
        </extensions>
      </trkpt>
      <trkpt lat="46.4657430" lon="9.5249320">
        <ele>1922.1</ele>
        <time>2026-09-15T11:55:16Z</time>
        <extensions>
          <gpxdata:distance>6279.69</gpxdata:distance>
          <gpxdata:speed>0.954</gpxdata:speed>
        </extensions>
      </trkpt>
      <trkpt lat="46.4656520" lon="9.5250200">
        <ele>1921.6</ele>
        <time>2026-09-15T11:55:29Z</time>
        <extensions>
          <gpxdata:distance>6291.84</gpxdata:distance>
          <gpxdata:speed>0.955</gpxdata:speed>
        </extensions>
      </trkpt>
      <trkpt lat="46.4655970" lon="9.5250830">
        <ele>1921.4</ele>
        <time>2026-09-15T11:55:37Z</time>
        <extensions>
          <gpxdata:distance>6299.63</gpxdata:distance>
          <gpxdata:speed>0.956</gpxdata:speed>
        </extensions>
      </trkpt>
      <trkpt lat="46.4655970" lon="9.5250830">
        <ele>1921.4</ele>
        <time>2026-09-15T11:55:37Z</time>
        <extensions>
          <gpxdata:distance>6299.63</gpxdata:distance>
          <gpxdata:speed>0.000</gpxdata:speed>
        </extensions>
      </trkpt>
      <trkpt lat="46.4655890" lon="9.5250310">
        <ele>1921.5</ele>
        <time>2026-09-15T11:55:42Z</time>
        <extensions>
          <gpxdata:distance>6303.71</gpxdata:distance>
          <gpxdata:speed>0.958</gpxdata:speed>
        </extensions>
      </trkpt>
      <trkpt lat="46.4655980" lon="9.5249920">
        <ele>1921.3</ele>
        <time>2026-09-15T11:55:45Z</time>
        <extensions>
          <gpxdata:distance>6306.86</gpxdata:distance>
          <gpxdata:speed>0.957</gpxdata:speed>
        </extensions>
      </trkpt>
      <trkpt lat="46.4656090" lon="9.5249270">
        <ele>1920.8</ele>
        <time>2026-09-15T11:55:50Z</time>
        <extensions>
          <gpxdata:distance>6311.99</gpxdata:distance>
          <gpxdata:speed>0.956</gpxdata:speed>
        </extensions>
      </trkpt>
      <trkpt lat="46.4656940" lon="9.5246700">
        <ele>1917.2</ele>
        <time>2026-09-15T11:56:14Z</time>
        <extensions>
          <gpxdata:distance>6333.83</gpxdata:distance>
          <gpxdata:speed>0.925</gpxdata:speed>
        </extensions>
      </trkpt>
      <trkpt lat="46.4657800" lon="9.5244000">
        <ele>1913.9</ele>
        <time>2026-09-15T11:56:39Z</time>
        <extensions>
          <gpxdata:distance>6356.61</gpxdata:distance>
          <gpxdata:speed>0.905</gpxdata:speed>
        </extensions>
      </trkpt>
      <trkpt lat="46.4657910" lon="9.5243091">
        <ele>1912.6</ele>
        <time>2026-09-15T11:56:47Z</time>
        <extensions>
          <gpxdata:distance>6363.68</gpxdata:distance>
          <gpxdata:speed>0.906</gpxdata:speed>
        </extensions>
      </trkpt>
      <trkpt lat="46.4657930" lon="9.5241921">
        <ele>1911.1</ele>
        <time>2026-09-15T11:56:57Z</time>
        <extensions>
          <gpxdata:distance>6372.64</gpxdata:distance>
          <gpxdata:speed>0.922</gpxdata:speed>
        </extensions>
      </trkpt>
      <trkpt lat="46.4657960" lon="9.5240491">
        <ele>1909.6</ele>
        <time>2026-09-15T11:57:08Z</time>
        <extensions>
          <gpxdata:distance>6383.60</gpxdata:distance>
          <gpxdata:speed>0.931</gpxdata:speed>
        </extensions>
      </trkpt>
      <trkpt lat="46.4658070" lon="9.5239451">
        <ele>1908.8</ele>
        <time>2026-09-15T11:57:17Z</time>
        <extensions>
          <gpxdata:distance>6391.66</gpxdata:distance>
          <gpxdata:speed>0.928</gpxdata:speed>
        </extensions>
      </trkpt>
      <trkpt lat="46.4658070" lon="9.5239451">
        <ele>1908.8</ele>
        <time>2026-09-15T11:57:17Z</time>
        <extensions>
          <gpxdata:distance>6391.66</gpxdata:distance>
          <gpxdata:speed>0.000</gpxdata:speed>
        </extensions>
      </trkpt>
      <trkpt lat="46.4658350" lon="9.5238811">
        <ele>1908.3</ele>
        <time>2026-09-15T11:57:23Z</time>
        <extensions>
          <gpxdata:distance>6397.46</gpxdata:distance>
          <gpxdata:speed>0.934</gpxdata:speed>
        </extensions>
      </trkpt>
      <trkpt lat="46.4658720" lon="9.5238041">
        <ele>1907.7</ele>
        <time>2026-09-15T11:57:31Z</time>
        <extensions>
          <gpxdata:distance>6404.66</gpxdata:distance>
          <gpxdata:speed>0.932</gpxdata:speed>
        </extensions>
      </trkpt>
      <trkpt lat="46.4659270" lon="9.5237411">
        <ele>1907.3</ele>
        <time>2026-09-15T11:57:39Z</time>
        <extensions>
          <gpxdata:distance>6412.45</gpxdata:distance>
          <gpxdata:speed>0.918</gpxdata:speed>
        </extensions>
      </trkpt>
      <trkpt lat="46.4659560" lon="9.5236641">
        <ele>1906.8</ele>
        <time>2026-09-15T11:57:47Z</time>
        <extensions>
          <gpxdata:distance>6419.17</gpxdata:distance>
          <gpxdata:speed>0.907</gpxdata:speed>
        </extensions>
      </trkpt>
      <trkpt lat="46.4659840" lon="9.5235741">
        <ele>1906.5</ele>
        <time>2026-09-15T11:57:55Z</time>
        <extensions>
          <gpxdata:distance>6426.73</gpxdata:distance>
          <gpxdata:speed>0.898</gpxdata:speed>
        </extensions>
      </trkpt>
      <trkpt lat="46.4659840" lon="9.5235741">
        <ele>1906.5</ele>
        <time>2026-09-15T11:57:55Z</time>
        <extensions>
          <gpxdata:distance>6426.73</gpxdata:distance>
          <gpxdata:speed>0.000</gpxdata:speed>
        </extensions>
      </trkpt>
      <trkpt lat="46.4660890" lon="9.5232661">
        <ele>1904.4</ele>
        <time>2026-09-15T11:58:24Z</time>
        <extensions>
          <gpxdata:distance>6453.05</gpxdata:distance>
          <gpxdata:speed>0.921</gpxdata:speed>
        </extensions>
      </trkpt>
      <trkpt lat="46.4662220" lon="9.5229061">
        <ele>1902.4</ele>
        <time>2026-09-15T11:58:58Z</time>
        <extensions>
          <gpxdata:distance>6484.34</gpxdata:distance>
          <gpxdata:speed>0.928</gpxdata:speed>
        </extensions>
      </trkpt>
      <trkpt lat="46.4663160" lon="9.5226491">
        <ele>1901.5</ele>
        <time>2026-09-15T11:59:21Z</time>
        <extensions>
          <gpxdata:distance>6506.63</gpxdata:distance>
          <gpxdata:speed>0.934</gpxdata:speed>
        </extensions>
      </trkpt>
      <trkpt lat="46.4664010" lon="9.5224571">
        <ele>1900.6</ele>
        <time>2026-09-15T11:59:40Z</time>
        <extensions>
          <gpxdata:distance>6524.11</gpxdata:distance>
          <gpxdata:speed>0.937</gpxdata:speed>
        </extensions>
      </trkpt>
      <trkpt lat="46.4664850" lon="9.5222911">
        <ele>1899.6</ele>
        <time>2026-09-15T11:59:57Z</time>
        <extensions>
          <gpxdata:distance>6539.88</gpxdata:distance>
          <gpxdata:speed>0.937</gpxdata:speed>
        </extensions>
      </trkpt>
      <trkpt lat="46.4665320" lon="9.5221761">
        <ele>1899.4</ele>
        <time>2026-09-15T12:00:08Z</time>
        <extensions>
          <gpxdata:distance>6550.12</gpxdata:distance>
          <gpxdata:speed>0.940</gpxdata:speed>
        </extensions>
      </trkpt>
      <trkpt lat="46.4665800" lon="9.5220211">
        <ele>1899.3</ele>
        <time>2026-09-15T12:00:22Z</time>
        <extensions>
          <gpxdata:distance>6563.14</gpxdata:distance>
          <gpxdata:speed>0.946</gpxdata:speed>
        </extensions>
      </trkpt>
      <trkpt lat="46.4666750" lon="9.5217381">
        <ele>1898.5</ele>
        <time>2026-09-15T12:00:47Z</time>
        <extensions>
          <gpxdata:distance>6587.25</gpxdata:distance>
          <gpxdata:speed>0.948</gpxdata:speed>
        </extensions>
      </trkpt>
      <trkpt lat="46.4668070" lon="9.5214181">
        <ele>1899.3</ele>
        <time>2026-09-15T12:01:17Z</time>
        <extensions>
          <gpxdata:distance>6615.82</gpxdata:distance>
          <gpxdata:speed>0.963</gpxdata:speed>
        </extensions>
      </trkpt>
      <trkpt lat="46.4669110" lon="9.5211611">
        <ele>1898.3</ele>
        <time>2026-09-15T12:01:40Z</time>
        <extensions>
          <gpxdata:distance>6638.65</gpxdata:distance>
          <gpxdata:speed>0.970</gpxdata:speed>
        </extensions>
      </trkpt>
      <trkpt lat="46.4669390" lon="9.5210581">
        <ele>1898.4</ele>
        <time>2026-09-15T12:01:49Z</time>
        <extensions>
          <gpxdata:distance>6647.13</gpxdata:distance>
          <gpxdata:speed>0.981</gpxdata:speed>
        </extensions>
      </trkpt>
      <trkpt lat="46.4669780" lon="9.5209171">
        <ele>1899.0</ele>
        <time>2026-09-15T12:02:01Z</time>
        <extensions>
          <gpxdata:distance>6658.77</gpxdata:distance>
          <gpxdata:speed>0.991</gpxdata:speed>
        </extensions>
      </trkpt>
      <trkpt lat="46.4670160" lon="9.5208011">
        <ele>1899.8</ele>
        <time>2026-09-15T12:02:10Z</time>
        <extensions>
          <gpxdata:distance>6668.60</gpxdata:distance>
          <gpxdata:speed>1.005</gpxdata:speed>
        </extensions>
      </trkpt>
      <trkpt lat="46.4670450" lon="9.5207111">
        <ele>1900.5</ele>
        <time>2026-09-15T12:02:18Z</time>
        <extensions>
          <gpxdata:distance>6676.21</gpxdata:distance>
          <gpxdata:speed>0.996</gpxdata:speed>
        </extensions>
      </trkpt>
      <trkpt lat="46.4670640" lon="9.5206201">
        <ele>1900.4</ele>
        <time>2026-09-15T12:02:25Z</time>
        <extensions>
          <gpxdata:distance>6683.50</gpxdata:distance>
          <gpxdata:speed>0.993</gpxdata:speed>
        </extensions>
      </trkpt>
      <trkpt lat="46.4670670" lon="9.5204641">
        <ele>1899.4</ele>
        <time>2026-09-15T12:02:37Z</time>
        <extensions>
          <gpxdata:distance>6695.45</gpxdata:distance>
          <gpxdata:speed>1.010</gpxdata:speed>
        </extensions>
      </trkpt>
      <trkpt lat="46.4670790" lon="9.5203081">
        <ele>1898.7</ele>
        <time>2026-09-15T12:02:49Z</time>
        <extensions>
          <gpxdata:distance>6707.47</gpxdata:distance>
          <gpxdata:speed>1.008</gpxdata:speed>
        </extensions>
      </trkpt>
      <trkpt lat="46.4670890" lon="9.5202441">
        <ele>1898.2</ele>
        <time>2026-09-15T12:02:54Z</time>
        <extensions>
          <gpxdata:distance>6712.50</gpxdata:distance>
          <gpxdata:speed>0.998</gpxdata:speed>
        </extensions>
      </trkpt>
      <trkpt lat="46.4671080" lon="9.5201921">
        <ele>1897.6</ele>
        <time>2026-09-15T12:02:59Z</time>
        <extensions>
          <gpxdata:distance>6717.00</gpxdata:distance>
          <gpxdata:speed>1.001</gpxdata:speed>
        </extensions>
      </trkpt>
      <trkpt lat="46.4671360" lon="9.5201411">
        <ele>1897.1</ele>
        <time>2026-09-15T12:03:04Z</time>
        <extensions>
          <gpxdata:distance>6722.00</gpxdata:distance>
          <gpxdata:speed>0.990</gpxdata:speed>
        </extensions>
      </trkpt>
      <trkpt lat="46.4671730" lon="9.5201171">
        <ele>1896.5</ele>
        <time>2026-09-15T12:03:08Z</time>
        <extensions>
          <gpxdata:distance>6726.51</gpxdata:distance>
          <gpxdata:speed>0.965</gpxdata:speed>
        </extensions>
      </trkpt>
      <trkpt lat="46.4673270" lon="9.5200441">
        <ele>1893.4</ele>
        <time>2026-09-15T12:03:28Z</time>
        <extensions>
          <gpxdata:distance>6744.52</gpxdata:distance>
          <gpxdata:speed>0.911</gpxdata:speed>
        </extensions>
      </trkpt>
      <trkpt lat="46.4673540" lon="9.5200451">
        <ele>1892.9</ele>
        <time>2026-09-15T12:03:31Z</time>
        <extensions>
          <gpxdata:distance>6747.52</gpxdata:distance>
          <gpxdata:speed>0.900</gpxdata:speed>
        </extensions>
      </trkpt>
      <trkpt lat="46.4673990" lon="9.5200601">
        <ele>1892.2</ele>
        <time>2026-09-15T12:03:37Z</time>
        <extensions>
          <gpxdata:distance>6752.66</gpxdata:distance>
          <gpxdata:speed>0.911</gpxdata:speed>
        </extensions>
      </trkpt>
      <trkpt lat="46.4674250" lon="9.5200741">
        <ele>1891.6</ele>
        <time>2026-09-15T12:03:40Z</time>
        <extensions>
          <gpxdata:distance>6755.74</gpxdata:distance>
          <gpxdata:speed>0.921</gpxdata:speed>
        </extensions>
      </trkpt>
      <trkpt lat="46.4674520" lon="9.5200881">
        <ele>1891.1</ele>
        <time>2026-09-15T12:03:44Z</time>
        <extensions>
          <gpxdata:distance>6758.93</gpxdata:distance>
          <gpxdata:speed>0.938</gpxdata:speed>
        </extensions>
      </trkpt>
      <trkpt lat="46.4674800" lon="9.5200631">
        <ele>1890.7</ele>
        <time>2026-09-15T12:03:48Z</time>
        <extensions>
          <gpxdata:distance>6762.58</gpxdata:distance>
          <gpxdata:speed>0.940</gpxdata:speed>
        </extensions>
      </trkpt>
      <trkpt lat="46.4674800" lon="9.5200631">
        <ele>1890.7</ele>
        <time>2026-09-15T12:03:48Z</time>
        <extensions>
          <gpxdata:distance>6762.58</gpxdata:distance>
          <gpxdata:speed>0.000</gpxdata:speed>
        </extensions>
      </trkpt>
      <trkpt lat="46.4675350" lon="9.5200001">
        <ele>1890.9</ele>
        <time>2026-09-15T12:03:56Z</time>
        <extensions>
          <gpxdata:distance>6770.37</gpxdata:distance>
          <gpxdata:speed>0.920</gpxdata:speed>
        </extensions>
      </trkpt>
      <trkpt lat="46.4675350" lon="9.5200001">
        <ele>1890.9</ele>
        <time>2026-09-15T12:03:56Z</time>
        <extensions>
          <gpxdata:distance>6770.37</gpxdata:distance>
          <gpxdata:speed>0.000</gpxdata:speed>
        </extensions>
      </trkpt>
      <trkpt lat="46.4675440" lon="9.5199621">
        <ele>1890.9</ele>
        <time>2026-09-15T12:04:00Z</time>
        <extensions>
          <gpxdata:distance>6773.45</gpxdata:distance>
          <gpxdata:speed>0.909</gpxdata:speed>
        </extensions>
      </trkpt>
      <trkpt lat="46.4675540" lon="9.5199361">
        <ele>1891.0</ele>
        <time>2026-09-15T12:04:02Z</time>
        <extensions>
          <gpxdata:distance>6775.73</gpxdata:distance>
          <gpxdata:speed>0.929</gpxdata:speed>
        </extensions>
      </trkpt>
      <trkpt lat="46.4675740" lon="9.5198451">
        <ele>1891.3</ele>
        <time>2026-09-15T12:04:10Z</time>
        <extensions>
          <gpxdata:distance>6783.05</gpxdata:distance>
          <gpxdata:speed>0.974</gpxdata:speed>
        </extensions>
      </trkpt>
      <trkpt lat="46.4675750" lon="9.5197541">
        <ele>1891.4</ele>
        <time>2026-09-15T12:04:16Z</time>
        <extensions>
          <gpxdata:distance>6790.02</gpxdata:distance>
          <gpxdata:speed>1.005</gpxdata:speed>
        </extensions>
      </trkpt>
      <trkpt lat="46.4675750" lon="9.5197541">
        <ele>1891.4</ele>
        <time>2026-09-15T12:04:16Z</time>
        <extensions>
          <gpxdata:distance>6790.02</gpxdata:distance>
          <gpxdata:speed>0.000</gpxdata:speed>
        </extensions>
      </trkpt>
      <trkpt lat="46.4675680" lon="9.5196631">
        <ele>1891.3</ele>
        <time>2026-09-15T12:04:24Z</time>
        <extensions>
          <gpxdata:distance>6797.03</gpxdata:distance>
          <gpxdata:speed>0.968</gpxdata:speed>
        </extensions>
      </trkpt>
      <trkpt lat="46.4675700" lon="9.5195721">
        <ele>1891.2</ele>
        <time>2026-09-15T12:04:31Z</time>
        <extensions>
          <gpxdata:distance>6804.00</gpxdata:distance>
          <gpxdata:speed>0.982</gpxdata:speed>
        </extensions>
      </trkpt>
      <trkpt lat="46.4675900" lon="9.5194551">
        <ele>1891.1</ele>
        <time>2026-09-15T12:04:40Z</time>
        <extensions>
          <gpxdata:distance>6813.24</gpxdata:distance>
          <gpxdata:speed>1.001</gpxdata:speed>
        </extensions>
      </trkpt>
      <trkpt lat="46.4675910" lon="9.5193901">
        <ele>1891.4</ele>
        <time>2026-09-15T12:04:45Z</time>
        <extensions>
          <gpxdata:distance>6818.22</gpxdata:distance>
          <gpxdata:speed>0.986</gpxdata:speed>
        </extensions>
      </trkpt>
      <trkpt lat="46.4676380" lon="9.5192881">
        <ele>1890.6</ele>
        <time>2026-09-15T12:04:54Z</time>
        <extensions>
          <gpxdata:distance>6827.61</gpxdata:distance>
          <gpxdata:speed>1.005</gpxdata:speed>
        </extensions>
      </trkpt>
      <trkpt lat="46.4677570" lon="9.5191881">
        <ele>1889.0</ele>
        <time>2026-09-15T12:05:10Z</time>
        <extensions>
          <gpxdata:distance>6842.90</gpxdata:distance>
          <gpxdata:speed>0.974</gpxdata:speed>
        </extensions>
      </trkpt>
      <trkpt lat="46.4677940" lon="9.5191381">
        <ele>1888.7</ele>
        <time>2026-09-15T12:05:16Z</time>
        <extensions>
          <gpxdata:distance>6848.52</gpxdata:distance>
          <gpxdata:speed>0.961</gpxdata:speed>
        </extensions>
      </trkpt>
      <trkpt lat="46.4678400" lon="9.5190351">
        <ele>1888.3</ele>
        <time>2026-09-15T12:05:26Z</time>
        <extensions>
          <gpxdata:distance>6857.92</gpxdata:distance>
          <gpxdata:speed>0.954</gpxdata:speed>
        </extensions>
      </trkpt>
      <trkpt lat="46.4678860" lon="9.5189851">
        <ele>1887.8</ele>
        <time>2026-09-15T12:05:33Z</time>
        <extensions>
          <gpxdata:distance>6864.31</gpxdata:distance>
          <gpxdata:speed>0.950</gpxdata:speed>
        </extensions>
      </trkpt>
      <trkpt lat="46.4679600" lon="9.5189101">
        <ele>1887.4</ele>
        <time>2026-09-15T12:05:43Z</time>
        <extensions>
          <gpxdata:distance>6874.35</gpxdata:distance>
          <gpxdata:speed>0.948</gpxdata:speed>
        </extensions>
      </trkpt>
      <trkpt lat="46.4679880" lon="9.5188461">
        <ele>1886.6</ele>
        <time>2026-09-15T12:05:49Z</time>
        <extensions>
          <gpxdata:distance>6880.16</gpxdata:distance>
          <gpxdata:speed>0.937</gpxdata:speed>
        </extensions>
      </trkpt>
      <trkpt lat="46.4680340" lon="9.5187821">
        <ele>1885.7</ele>
        <time>2026-09-15T12:05:57Z</time>
        <extensions>
          <gpxdata:distance>6887.24</gpxdata:distance>
          <gpxdata:speed>0.923</gpxdata:speed>
        </extensions>
      </trkpt>
      <trkpt lat="46.4680800" lon="9.5187061">
        <ele>1885.0</ele>
        <time>2026-09-15T12:06:06Z</time>
        <extensions>
          <gpxdata:distance>6894.99</gpxdata:distance>
          <gpxdata:speed>0.912</gpxdata:speed>
        </extensions>
      </trkpt>
      <trkpt lat="46.4681810" lon="9.5186181">
        <ele>1885.2</ele>
        <time>2026-09-15T12:06:20Z</time>
        <extensions>
          <gpxdata:distance>6908.09</gpxdata:distance>
          <gpxdata:speed>0.930</gpxdata:speed>
        </extensions>
      </trkpt>
      <trkpt lat="46.4682090" lon="9.5185801">
        <ele>1885.1</ele>
        <time>2026-09-15T12:06:24Z</time>
        <extensions>
          <gpxdata:distance>6912.35</gpxdata:distance>
          <gpxdata:speed>0.942</gpxdata:speed>
        </extensions>
      </trkpt>
      <trkpt lat="46.4682280" lon="9.5185291">
        <ele>1884.7</ele>
        <time>2026-09-15T12:06:29Z</time>
        <extensions>
          <gpxdata:distance>6916.79</gpxdata:distance>
          <gpxdata:speed>0.939</gpxdata:speed>
        </extensions>
      </trkpt>
      <trkpt lat="46.4682550" lon="9.5185041">
        <ele>1884.7</ele>
        <time>2026-09-15T12:06:33Z</time>
        <extensions>
          <gpxdata:distance>6920.35</gpxdata:distance>
          <gpxdata:speed>0.940</gpxdata:speed>
        </extensions>
      </trkpt>
      <trkpt lat="46.4683090" lon="9.5184801">
        <ele>1884.4</ele>
        <time>2026-09-15T12:06:39Z</time>
        <extensions>
          <gpxdata:distance>6926.63</gpxdata:distance>
          <gpxdata:speed>0.943</gpxdata:speed>
        </extensions>
      </trkpt>
      <trkpt lat="46.4683730" lon="9.5184441">
        <ele>1884.2</ele>
        <time>2026-09-15T12:06:47Z</time>
        <extensions>
          <gpxdata:distance>6934.26</gpxdata:distance>
          <gpxdata:speed>0.944</gpxdata:speed>
        </extensions>
      </trkpt>
      <trkpt lat="46.4684740" lon="9.5183561">
        <ele>1883.1</ele>
        <time>2026-09-15T12:07:01Z</time>
        <extensions>
          <gpxdata:distance>6947.36</gpxdata:distance>
          <gpxdata:speed>0.946</gpxdata:speed>
        </extensions>
      </trkpt>
      <trkpt lat="46.4685100" lon="9.5183191">
        <ele>1882.7</ele>
        <time>2026-09-15T12:07:06Z</time>
        <extensions>
          <gpxdata:distance>6952.26</gpxdata:distance>
          <gpxdata:speed>0.953</gpxdata:speed>
        </extensions>
      </trkpt>
      <trkpt lat="46.4685390" lon="9.5182551">
        <ele>1883.4</ele>
        <time>2026-09-15T12:07:12Z</time>
        <extensions>
          <gpxdata:distance>6958.13</gpxdata:distance>
          <gpxdata:speed>0.980</gpxdata:speed>
        </extensions>
      </trkpt>
      <trkpt lat="46.4685490" lon="9.5181641">
        <ele>1883.0</ele>
        <time>2026-09-15T12:07:20Z</time>
        <extensions>
          <gpxdata:distance>6965.19</gpxdata:distance>
          <gpxdata:speed>0.963</gpxdata:speed>
        </extensions>
      </trkpt>
      <trkpt lat="46.4685970" lon="9.5180221">
        <ele>1882.8</ele>
        <time>2026-09-15T12:07:32Z</time>
        <extensions>
          <gpxdata:distance>6977.30</gpxdata:distance>
          <gpxdata:speed>0.967</gpxdata:speed>
        </extensions>
      </trkpt>
      <trkpt lat="46.4686530" lon="9.5179201">
        <ele>1882.4</ele>
        <time>2026-09-15T12:07:43Z</time>
        <extensions>
          <gpxdata:distance>6987.29</gpxdata:distance>
          <gpxdata:speed>0.970</gpxdata:speed>
        </extensions>
      </trkpt>
      <trkpt lat="46.4686810" lon="9.5178431">
        <ele>1882.5</ele>
        <time>2026-09-15T12:07:49Z</time>
        <extensions>
          <gpxdata:distance>6993.96</gpxdata:distance>
          <gpxdata:speed>0.974</gpxdata:speed>
        </extensions>
      </trkpt>
      <trkpt lat="46.4687180" lon="9.5177801">
        <ele>1882.4</ele>
        <time>2026-09-15T12:07:56Z</time>
        <extensions>
          <gpxdata:distance>7000.30</gpxdata:distance>
          <gpxdata:speed>0.977</gpxdata:speed>
        </extensions>
      </trkpt>
      <trkpt lat="46.4687460" lon="9.5177291">
        <ele>1882.3</ele>
        <time>2026-09-15T12:08:01Z</time>
        <extensions>
          <gpxdata:distance>7005.30</gpxdata:distance>
          <gpxdata:speed>0.978</gpxdata:speed>
        </extensions>
      </trkpt>
      <trkpt lat="46.4687650" lon="9.5177031">
        <ele>1882.2</ele>
        <time>2026-09-15T12:08:04Z</time>
        <extensions>
          <gpxdata:distance>7008.20</gpxdata:distance>
          <gpxdata:speed>0.993</gpxdata:speed>
        </extensions>
      </trkpt>
      <trkpt lat="46.4688190" lon="9.5176661">
        <ele>1881.5</ele>
        <time>2026-09-15T12:08:11Z</time>
        <extensions>
          <gpxdata:distance>7014.84</gpxdata:distance>
          <gpxdata:speed>0.988</gpxdata:speed>
        </extensions>
      </trkpt>
      <trkpt lat="46.4688190" lon="9.5176661">
        <ele>1881.5</ele>
        <time>2026-09-15T12:08:11Z</time>
        <extensions>
          <gpxdata:distance>7014.84</gpxdata:distance>
          <gpxdata:speed>0.000</gpxdata:speed>
        </extensions>
      </trkpt>
      <trkpt lat="46.4688740" lon="9.5176291">
        <ele>1882.3</ele>
        <time>2026-09-15T12:08:17Z</time>
        <extensions>
          <gpxdata:distance>7021.58</gpxdata:distance>
          <gpxdata:speed>0.996</gpxdata:speed>
        </extensions>
      </trkpt>
      <trkpt lat="46.4688920" lon="9.5176041">
        <ele>1882.4</ele>
        <time>2026-09-15T12:08:20Z</time>
        <extensions>
          <gpxdata:distance>7024.35</gpxdata:distance>
          <gpxdata:speed>1.001</gpxdata:speed>
        </extensions>
      </trkpt>
      <trkpt lat="46.4689110" lon="9.5175531">
        <ele>1882.6</ele>
        <time>2026-09-15T12:08:25Z</time>
        <extensions>
          <gpxdata:distance>7028.79</gpxdata:distance>
          <gpxdata:speed>1.000</gpxdata:speed>
        </extensions>
      </trkpt>
      <trkpt lat="46.4689400" lon="9.5174491">
        <ele>1883.6</ele>
        <time>2026-09-15T12:08:34Z</time>
        <extensions>
          <gpxdata:distance>7037.38</gpxdata:distance>
          <gpxdata:speed>0.948</gpxdata:speed>
        </extensions>
      </trkpt>
      <trkpt lat="46.4689510" lon="9.5173591">
        <ele>1885.0</ele>
        <time>2026-09-15T12:08:42Z</time>
        <extensions>
          <gpxdata:distance>7044.38</gpxdata:distance>
          <gpxdata:speed>0.862</gpxdata:speed>
        </extensions>
      </trkpt>
      <trkpt lat="46.4689780" lon="9.5173471">
        <ele>1885.4</ele>
        <time>2026-09-15T12:08:46Z</time>
        <extensions>
          <gpxdata:distance>7047.52</gpxdata:distance>
          <gpxdata:speed>0.824</gpxdata:speed>
        </extensions>
      </trkpt>
      <trkpt lat="46.4690320" lon="9.5173361">
        <ele>1885.6</ele>
        <time>2026-09-15T12:08:53Z</time>
        <extensions>
          <gpxdata:distance>7053.59</gpxdata:distance>
          <gpxdata:speed>0.820</gpxdata:speed>
        </extensions>
      </trkpt>
      <trkpt lat="46.4690600" lon="9.5173241">
        <ele>1885.8</ele>
        <time>2026-09-15T12:08:57Z</time>
        <extensions>
          <gpxdata:distance>7056.83</gpxdata:distance>
          <gpxdata:speed>0.748</gpxdata:speed>
        </extensions>
      </trkpt>
      <trkpt lat="46.4691050" lon="9.5172991">
        <ele>1886.9</ele>
        <time>2026-09-15T12:09:05Z</time>
        <extensions>
          <gpxdata:distance>7062.19</gpxdata:distance>
          <gpxdata:speed>0.719</gpxdata:speed>
        </extensions>
      </trkpt>
      <trkpt lat="46.4691230" lon="9.5172741">
        <ele>1887.4</ele>
        <time>2026-09-15T12:09:09Z</time>
        <extensions>
          <gpxdata:distance>7064.96</gpxdata:distance>
          <gpxdata:speed>0.710</gpxdata:speed>
        </extensions>
      </trkpt>
      <trkpt lat="46.4691700" lon="9.5171981">
        <ele>1888.8</ele>
        <time>2026-09-15T12:09:20Z</time>
        <extensions>
          <gpxdata:distance>7072.78</gpxdata:distance>
          <gpxdata:speed>0.674</gpxdata:speed>
        </extensions>
      </trkpt>
      <trkpt lat="46.4691800" lon="9.5171461">
        <ele>1889.5</ele>
        <time>2026-09-15T12:09:27Z</time>
        <extensions>
          <gpxdata:distance>7076.92</gpxdata:distance>
          <gpxdata:speed>0.647</gpxdata:speed>
        </extensions>
      </trkpt>
      <trkpt lat="46.4691900" lon="9.5170941">
        <ele>1890.3</ele>
        <time>2026-09-15T12:09:33Z</time>
        <extensions>
          <gpxdata:distance>7081.05</gpxdata:distance>
          <gpxdata:speed>0.632</gpxdata:speed>
        </extensions>
      </trkpt>
      <trkpt lat="46.4692180" lon="9.5170171">
        <ele>1891.0</ele>
        <time>2026-09-15T12:09:43Z</time>
        <extensions>
          <gpxdata:distance>7087.72</gpxdata:distance>
          <gpxdata:speed>0.659</gpxdata:speed>
        </extensions>
      </trkpt>
      <trkpt lat="46.4692370" lon="9.5169791">
        <ele>1891.7</ele>
        <time>2026-09-15T12:09:49Z</time>
        <extensions>
          <gpxdata:distance>7091.32</gpxdata:distance>
          <gpxdata:speed>0.645</gpxdata:speed>
        </extensions>
      </trkpt>
      <trkpt lat="46.4692640" lon="9.5169671">
        <ele>1892.4</ele>
        <time>2026-09-15T12:09:54Z</time>
        <extensions>
          <gpxdata:distance>7094.46</gpxdata:distance>
          <gpxdata:speed>0.636</gpxdata:speed>
        </extensions>
      </trkpt>
      <trkpt lat="46.4693560" lon="9.5168531">
        <ele>1893.1</ele>
        <time>2026-09-15T12:10:15Z</time>
        <extensions>
          <gpxdata:distance>7107.91</gpxdata:distance>
          <gpxdata:speed>0.648</gpxdata:speed>
        </extensions>
      </trkpt>
      <trkpt lat="46.4694380" lon="9.5168041">
        <ele>1893.7</ele>
        <time>2026-09-15T12:10:29Z</time>
        <extensions>
          <gpxdata:distance>7117.77</gpxdata:distance>
          <gpxdata:speed>0.699</gpxdata:speed>
        </extensions>
      </trkpt>
      <trkpt lat="46.4694570" lon="9.5167791">
        <ele>1894.4</ele>
        <time>2026-09-15T12:10:33Z</time>
        <extensions>
          <gpxdata:distance>7120.62</gpxdata:distance>
          <gpxdata:speed>0.690</gpxdata:speed>
        </extensions>
      </trkpt>
      <trkpt lat="46.4694940" lon="9.5167151">
        <ele>1895.6</ele>
        <time>2026-09-15T12:10:42Z</time>
        <extensions>
          <gpxdata:distance>7127.02</gpxdata:distance>
          <gpxdata:speed>0.691</gpxdata:speed>
        </extensions>
      </trkpt>
      <trkpt lat="46.4694940" lon="9.5166761">
        <ele>1895.9</ele>
        <time>2026-09-15T12:10:46Z</time>
        <extensions>
          <gpxdata:distance>7130.00</gpxdata:distance>
          <gpxdata:speed>0.703</gpxdata:speed>
        </extensions>
      </trkpt>
      <trkpt lat="46.4694860" lon="9.5166371">
        <ele>1896.8</ele>
        <time>2026-09-15T12:10:51Z</time>
        <extensions>
          <gpxdata:distance>7133.12</gpxdata:distance>
          <gpxdata:speed>0.692</gpxdata:speed>
        </extensions>
      </trkpt>
      <trkpt lat="46.4695340" lon="9.5164561">
        <ele>1902.5</ele>
        <time>2026-09-15T12:11:14Z</time>
        <extensions>
          <gpxdata:distance>7147.97</gpxdata:distance>
          <gpxdata:speed>0.645</gpxdata:speed>
        </extensions>
      </trkpt>
      <trkpt lat="46.4695710" lon="9.5164061">
        <ele>1903.9</ele>
        <time>2026-09-15T12:11:23Z</time>
        <extensions>
          <gpxdata:distance>7153.59</gpxdata:distance>
          <gpxdata:speed>0.647</gpxdata:speed>
        </extensions>
      </trkpt>
      <trkpt lat="46.4696260" lon="9.5163821">
        <ele>1905.1</ele>
        <time>2026-09-15T12:11:32Z</time>
        <extensions>
          <gpxdata:distance>7159.98</gpxdata:distance>
          <gpxdata:speed>0.647</gpxdata:speed>
        </extensions>
      </trkpt>
      <trkpt lat="46.4697170" lon="9.5163201">
        <ele>1907.5</ele>
        <time>2026-09-15T12:11:53Z</time>
        <extensions>
          <gpxdata:distance>7171.16</gpxdata:distance>
          <gpxdata:speed>0.545</gpxdata:speed>
        </extensions>
      </trkpt>
      <trkpt lat="46.4697440" lon="9.5162951">
        <ele>1908.4</ele>
        <time>2026-09-15T12:12:01Z</time>
        <extensions>
          <gpxdata:distance>7174.72</gpxdata:distance>
          <gpxdata:speed>0.461</gpxdata:speed>
        </extensions>
      </trkpt>
      <trkpt lat="46.4697720" lon="9.5162312">
        <ele>1909.5</ele>
        <time>2026-09-15T12:12:13Z</time>
        <extensions>
          <gpxdata:distance>7180.52</gpxdata:distance>
          <gpxdata:speed>0.461</gpxdata:speed>
        </extensions>
      </trkpt>
      <trkpt lat="46.4698000" lon="9.5161802">
        <ele>1910.6</ele>
        <time>2026-09-15T12:12:24Z</time>
        <extensions>
          <gpxdata:distance>7185.51</gpxdata:distance>
          <gpxdata:speed>0.461</gpxdata:speed>
        </extensions>
      </trkpt>
      <trkpt lat="46.4698280" lon="9.5161292">
        <ele>1911.8</ele>
        <time>2026-09-15T12:12:35Z</time>
        <extensions>
          <gpxdata:distance>7190.51</gpxdata:distance>
          <gpxdata:speed>0.461</gpxdata:speed>
        </extensions>
      </trkpt>
      <trkpt lat="46.4698570" lon="9.5160652">
        <ele>1913.4</ele>
        <time>2026-09-15T12:12:48Z</time>
        <extensions>
          <gpxdata:distance>7196.38</gpxdata:distance>
          <gpxdata:speed>0.461</gpxdata:speed>
        </extensions>
      </trkpt>
      <trkpt lat="46.4698760" lon="9.5160012">
        <ele>1915.4</ele>
        <time>2026-09-15T12:12:58Z</time>
        <extensions>
          <gpxdata:distance>7201.71</gpxdata:distance>
          <gpxdata:speed>0.499</gpxdata:speed>
        </extensions>
      </trkpt>
      <trkpt lat="46.4698860" lon="9.5159232">
        <ele>1916.9</ele>
        <time>2026-09-15T12:13:10Z</time>
        <extensions>
          <gpxdata:distance>7207.79</gpxdata:distance>
          <gpxdata:speed>0.499</gpxdata:speed>
        </extensions>
      </trkpt>
      <trkpt lat="46.4699130" lon="9.5159112">
        <ele>1917.5</ele>
        <time>2026-09-15T12:13:17Z</time>
        <extensions>
          <gpxdata:distance>7210.93</gpxdata:distance>
          <gpxdata:speed>0.486</gpxdata:speed>
        </extensions>
      </trkpt>
      <trkpt lat="46.4699420" lon="9.5158342">
        <ele>1918.1</ele>
        <time>2026-09-15T12:13:29Z</time>
        <extensions>
          <gpxdata:distance>7217.65</gpxdata:distance>
          <gpxdata:speed>0.544</gpxdata:speed>
        </extensions>
      </trkpt>
      <trkpt lat="46.4700610" lon="9.5156952">
        <ele>1919.6</ele>
        <time>2026-09-15T12:13:56Z</time>
        <extensions>
          <gpxdata:distance>7234.63</gpxdata:distance>
          <gpxdata:speed>0.644</gpxdata:speed>
        </extensions>
      </trkpt>
      <trkpt lat="46.4701160" lon="9.5156452">
        <ele>1920.6</ele>
        <time>2026-09-15T12:14:07Z</time>
        <extensions>
          <gpxdata:distance>7241.85</gpxdata:distance>
          <gpxdata:speed>0.642</gpxdata:speed>
        </extensions>
      </trkpt>
      <trkpt lat="46.4701980" lon="9.5155832">
        <ele>1921.0</ele>
        <time>2026-09-15T12:14:23Z</time>
        <extensions>
          <gpxdata:distance>7252.13</gpxdata:distance>
          <gpxdata:speed>0.633</gpxdata:speed>
        </extensions>
      </trkpt>
      <trkpt lat="46.4702710" lon="9.5155342">
        <ele>1922.1</ele>
        <time>2026-09-15T12:14:37Z</time>
        <extensions>
          <gpxdata:distance>7261.07</gpxdata:distance>
          <gpxdata:speed>0.640</gpxdata:speed>
        </extensions>
      </trkpt>
      <trkpt lat="46.4703250" lon="9.5155232">
        <ele>1923.1</ele>
        <time>2026-09-15T12:14:46Z</time>
        <extensions>
          <gpxdata:distance>7267.13</gpxdata:distance>
          <gpxdata:speed>0.662</gpxdata:speed>
        </extensions>
      </trkpt>
      <trkpt lat="46.4704160" lon="9.5155002">
        <ele>1924.2</ele>
        <time>2026-09-15T12:15:01Z</time>
        <extensions>
          <gpxdata:distance>7277.40</gpxdata:distance>
          <gpxdata:speed>0.714</gpxdata:speed>
        </extensions>
      </trkpt>
      <trkpt lat="46.4705060" lon="9.5154782">
        <ele>1925.4</ele>
        <time>2026-09-15T12:15:14Z</time>
        <extensions>
          <gpxdata:distance>7287.55</gpxdata:distance>
          <gpxdata:speed>0.738</gpxdata:speed>
        </extensions>
      </trkpt>
      <trkpt lat="46.4705330" lon="9.5154792">
        <ele>1925.7</ele>
        <time>2026-09-15T12:15:18Z</time>
        <extensions>
          <gpxdata:distance>7290.56</gpxdata:distance>
          <gpxdata:speed>0.746</gpxdata:speed>
        </extensions>
      </trkpt>
      <trkpt lat="46.4705420" lon="9.5155052">
        <ele>1925.8</ele>
        <time>2026-09-15T12:15:21Z</time>
        <extensions>
          <gpxdata:distance>7292.78</gpxdata:distance>
          <gpxdata:speed>0.748</gpxdata:speed>
        </extensions>
      </trkpt>
      <trkpt lat="46.4705670" lon="9.5155842">
        <ele>1925.9</ele>
        <time>2026-09-15T12:15:30Z</time>
        <extensions>
          <gpxdata:distance>7299.44</gpxdata:distance>
          <gpxdata:speed>0.761</gpxdata:speed>
        </extensions>
      </trkpt>
      <trkpt lat="46.4705840" lon="9.5156372">
        <ele>1925.7</ele>
        <time>2026-09-15T12:15:36Z</time>
        <extensions>
          <gpxdata:distance>7303.92</gpxdata:distance>
          <gpxdata:speed>0.801</gpxdata:speed>
        </extensions>
      </trkpt>
      <trkpt lat="46.4706100" lon="9.5156902">
        <ele>1925.5</ele>
        <time>2026-09-15T12:15:42Z</time>
        <extensions>
          <gpxdata:distance>7308.90</gpxdata:distance>
          <gpxdata:speed>0.808</gpxdata:speed>
        </extensions>
      </trkpt>
      <trkpt lat="46.4706280" lon="9.5157302">
        <ele>1925.7</ele>
        <time>2026-09-15T12:15:46Z</time>
        <extensions>
          <gpxdata:distance>7312.56</gpxdata:distance>
          <gpxdata:speed>0.833</gpxdata:speed>
        </extensions>
      </trkpt>
      <trkpt lat="46.4706540" lon="9.5157832">
        <ele>1925.2</ele>
        <time>2026-09-15T12:15:52Z</time>
        <extensions>
          <gpxdata:distance>7317.55</gpxdata:distance>
          <gpxdata:speed>0.907</gpxdata:speed>
        </extensions>
      </trkpt>
      <trkpt lat="46.4706700" lon="9.5158622">
        <ele>1925.0</ele>
        <time>2026-09-15T12:15:58Z</time>
        <extensions>
          <gpxdata:distance>7323.85</gpxdata:distance>
          <gpxdata:speed>0.969</gpxdata:speed>
        </extensions>
      </trkpt>
      <trkpt lat="46.4706770" lon="9.5159532">
        <ele>1925.3</ele>
        <time>2026-09-15T12:16:05Z</time>
        <extensions>
          <gpxdata:distance>7330.86</gpxdata:distance>
          <gpxdata:speed>1.009</gpxdata:speed>
        </extensions>
      </trkpt>
      <trkpt lat="46.4706760" lon="9.5160182">
        <ele>1926.2</ele>
        <time>2026-09-15T12:16:10Z</time>
        <extensions>
          <gpxdata:distance>7335.84</gpxdata:distance>
          <gpxdata:speed>0.984</gpxdata:speed>
        </extensions>
      </trkpt>
      <trkpt lat="46.4707010" lon="9.5161622">
        <ele>1926.9</ele>
        <time>2026-09-15T12:16:22Z</time>
        <extensions>
          <gpxdata:distance>7347.22</gpxdata:distance>
          <gpxdata:speed>0.961</gpxdata:speed>
        </extensions>
      </trkpt>
      <trkpt lat="46.4707260" lon="9.5162292">
        <ele>1926.9</ele>
        <time>2026-09-15T12:16:28Z</time>
        <extensions>
          <gpxdata:distance>7353.05</gpxdata:distance>
          <gpxdata:speed>0.965</gpxdata:speed>
        </extensions>
      </trkpt>
      <trkpt lat="46.4707530" lon="9.5162692">
        <ele>1926.9</ele>
        <time>2026-09-15T12:16:33Z</time>
        <extensions>
          <gpxdata:distance>7357.34</gpxdata:distance>
          <gpxdata:speed>0.955</gpxdata:speed>
        </extensions>
      </trkpt>
      <trkpt lat="46.4707880" lon="9.5162962">
        <ele>1927.3</ele>
        <time>2026-09-15T12:16:37Z</time>
        <extensions>
          <gpxdata:distance>7361.75</gpxdata:distance>
          <gpxdata:speed>0.926</gpxdata:speed>
        </extensions>
      </trkpt>
      <trkpt lat="46.4708060" lon="9.5162972">
        <ele>1927.6</ele>
        <time>2026-09-15T12:16:40Z</time>
        <extensions>
          <gpxdata:distance>7363.75</gpxdata:distance>
          <gpxdata:speed>0.918</gpxdata:speed>
        </extensions>
      </trkpt>
      <trkpt lat="46.4708780" lon="9.5162862">
        <ele>1928.2</ele>
        <time>2026-09-15T12:16:49Z</time>
        <extensions>
          <gpxdata:distance>7371.80</gpxdata:distance>
          <gpxdata:speed>0.872</gpxdata:speed>
        </extensions>
      </trkpt>
      <trkpt lat="46.4708780" lon="9.5162862">
        <ele>1928.2</ele>
        <time>2026-09-15T12:16:49Z</time>
        <extensions>
          <gpxdata:distance>7371.80</gpxdata:distance>
          <gpxdata:speed>0.000</gpxdata:speed>
        </extensions>
      </trkpt>
      <trkpt lat="46.4709050" lon="9.5162882">
        <ele>1928.1</ele>
        <time>2026-09-15T12:16:52Z</time>
        <extensions>
          <gpxdata:distance>7374.81</gpxdata:distance>
          <gpxdata:speed>0.849</gpxdata:speed>
        </extensions>
      </trkpt>
      <trkpt lat="46.4709330" lon="9.5162632">
        <ele>1928.3</ele>
        <time>2026-09-15T12:16:57Z</time>
        <extensions>
          <gpxdata:distance>7378.46</gpxdata:distance>
          <gpxdata:speed>0.887</gpxdata:speed>
        </extensions>
      </trkpt>
      <trkpt lat="46.4709770" lon="9.5162772">
        <ele>1929.1</ele>
        <time>2026-09-15T12:17:02Z</time>
        <extensions>
          <gpxdata:distance>7383.47</gpxdata:distance>
          <gpxdata:speed>0.857</gpxdata:speed>
        </extensions>
      </trkpt>
      <trkpt lat="46.4710040" lon="9.5162782">
        <ele>1929.8</ele>
        <time>2026-09-15T12:17:06Z</time>
        <extensions>
          <gpxdata:distance>7386.48</gpxdata:distance>
          <gpxdata:speed>0.789</gpxdata:speed>
        </extensions>
      </trkpt>
      <trkpt lat="46.4710230" lon="9.5162662">
        <ele>1930.2</ele>
        <time>2026-09-15T12:17:09Z</time>
        <extensions>
          <gpxdata:distance>7388.78</gpxdata:distance>
          <gpxdata:speed>0.742</gpxdata:speed>
        </extensions>
      </trkpt>
      <trkpt lat="46.4710320" lon="9.5162662">
        <ele>1930.6</ele>
        <time>2026-09-15T12:17:11Z</time>
        <extensions>
          <gpxdata:distance>7389.78</gpxdata:distance>
          <gpxdata:speed>0.710</gpxdata:speed>
        </extensions>
      </trkpt>
      <trkpt lat="46.4710590" lon="9.5162412">
        <ele>1930.9</ele>
        <time>2026-09-15T12:17:16Z</time>
        <extensions>
          <gpxdata:distance>7393.34</gpxdata:distance>
          <gpxdata:speed>0.725</gpxdata:speed>
        </extensions>
      </trkpt>
      <trkpt lat="46.4710870" lon="9.5162162">
        <ele>1931.1</ele>
        <time>2026-09-15T12:17:21Z</time>
        <extensions>
          <gpxdata:distance>7397.00</gpxdata:distance>
          <gpxdata:speed>0.717</gpxdata:speed>
        </extensions>
      </trkpt>
      <trkpt lat="46.4711050" lon="9.5161782">
        <ele>1931.4</ele>
        <time>2026-09-15T12:17:26Z</time>
        <extensions>
          <gpxdata:distance>7400.53</gpxdata:distance>
          <gpxdata:speed>0.726</gpxdata:speed>
        </extensions>
      </trkpt>
      <trkpt lat="46.4711240" lon="9.5161272">
        <ele>1931.9</ele>
        <time>2026-09-15T12:17:32Z</time>
        <extensions>
          <gpxdata:distance>7404.97</gpxdata:distance>
          <gpxdata:speed>0.690</gpxdata:speed>
        </extensions>
      </trkpt>
      <trkpt lat="46.4711530" lon="9.5160372">
        <ele>1932.3</ele>
        <time>2026-09-15T12:17:43Z</time>
        <extensions>
          <gpxdata:distance>7412.58</gpxdata:distance>
          <gpxdata:speed>0.711</gpxdata:speed>
        </extensions>
      </trkpt>
      <trkpt lat="46.4712000" lon="9.5158952">
        <ele>1933.0</ele>
        <time>2026-09-15T12:17:58Z</time>
        <extensions>
          <gpxdata:distance>7424.64</gpxdata:distance>
          <gpxdata:speed>0.768</gpxdata:speed>
        </extensions>
      </trkpt>
      <trkpt lat="46.4712010" lon="9.5158822">
        <ele>1933.2</ele>
        <time>2026-09-15T12:18:00Z</time>
        <extensions>
          <gpxdata:distance>7425.64</gpxdata:distance>
          <gpxdata:speed>0.789</gpxdata:speed>
        </extensions>
      </trkpt>
      <trkpt lat="46.4712010" lon="9.5158822">
        <ele>1933.2</ele>
        <time>2026-09-15T12:18:00Z</time>
        <extensions>
          <gpxdata:distance>7425.64</gpxdata:distance>
          <gpxdata:speed>0.000</gpxdata:speed>
        </extensions>
      </trkpt>
      <trkpt lat="46.4711930" lon="9.5158172">
        <ele>1933.7</ele>
        <time>2026-09-15T12:18:06Z</time>
        <extensions>
          <gpxdata:distance>7430.70</gpxdata:distance>
          <gpxdata:speed>0.818</gpxdata:speed>
        </extensions>
      </trkpt>
      <trkpt lat="46.4711930" lon="9.5158172">
        <ele>1933.7</ele>
        <time>2026-09-15T12:18:06Z</time>
        <extensions>
          <gpxdata:distance>7430.70</gpxdata:distance>
          <gpxdata:speed>0.000</gpxdata:speed>
        </extensions>
      </trkpt>
      <trkpt lat="46.4711660" lon="9.5158032">
        <ele>1934.4</ele>
        <time>2026-09-15T12:18:10Z</time>
        <extensions>
          <gpxdata:distance>7433.89</gpxdata:distance>
          <gpxdata:speed>0.782</gpxdata:speed>
        </extensions>
      </trkpt>
      <trkpt lat="46.4711390" lon="9.5157892">
        <ele>1935.3</ele>
        <time>2026-09-15T12:18:14Z</time>
        <extensions>
          <gpxdata:distance>7437.08</gpxdata:distance>
          <gpxdata:speed>0.737</gpxdata:speed>
        </extensions>
      </trkpt>
      <trkpt lat="46.4711220" lon="9.5157752">
        <ele>1935.7</ele>
        <time>2026-09-15T12:18:17Z</time>
        <extensions>
          <gpxdata:distance>7439.25</gpxdata:distance>
          <gpxdata:speed>0.727</gpxdata:speed>
        </extensions>
      </trkpt>
      <trkpt lat="46.4711130" lon="9.5157352">
        <ele>1936.4</ele>
        <time>2026-09-15T12:18:22Z</time>
        <extensions>
          <gpxdata:distance>7442.47</gpxdata:distance>
          <gpxdata:speed>0.662</gpxdata:speed>
        </extensions>
      </trkpt>
      <trkpt lat="46.4711060" lon="9.5156702">
        <ele>1937.9</ele>
        <time>2026-09-15T12:18:31Z</time>
        <extensions>
          <gpxdata:distance>7447.51</gpxdata:distance>
          <gpxdata:speed>0.595</gpxdata:speed>
        </extensions>
      </trkpt>
      <trkpt lat="46.4711150" lon="9.5156572">
        <ele>1938.2</ele>
        <time>2026-09-15T12:18:33Z</time>
        <extensions>
          <gpxdata:distance>7448.92</gpxdata:distance>
          <gpxdata:speed>0.593</gpxdata:speed>
        </extensions>
      </trkpt>
      <trkpt lat="46.4711510" lon="9.5156202">
        <ele>1939.4</ele>
        <time>2026-09-15T12:18:42Z</time>
        <extensions>
          <gpxdata:distance>7453.83</gpxdata:distance>
          <gpxdata:speed>0.574</gpxdata:speed>
        </extensions>
      </trkpt>
      <trkpt lat="46.4711970" lon="9.5155822">
        <ele>1940.9</ele>
        <time>2026-09-15T12:18:54Z</time>
        <extensions>
          <gpxdata:distance>7459.71</gpxdata:distance>
          <gpxdata:speed>0.468</gpxdata:speed>
        </extensions>
      </trkpt>
      <trkpt lat="46.4712250" lon="9.5155572">
        <ele>1942.1</ele>
        <time>2026-09-15T12:19:02Z</time>
        <extensions>
          <gpxdata:distance>7463.37</gpxdata:distance>
          <gpxdata:speed>0.461</gpxdata:speed>
        </extensions>
      </trkpt>
      <trkpt lat="46.4712610" lon="9.5155332">
        <ele>1943.3</ele>
        <time>2026-09-15T12:19:12Z</time>
        <extensions>
          <gpxdata:distance>7467.77</gpxdata:distance>
          <gpxdata:speed>0.461</gpxdata:speed>
        </extensions>
      </trkpt>
      <trkpt lat="46.4714250" lon="9.5154482">
        <ele>1948.0</ele>
        <time>2026-09-15T12:19:54Z</time>
        <extensions>
          <gpxdata:distance>7487.13</gpxdata:distance>
          <gpxdata:speed>0.461</gpxdata:speed>
        </extensions>
      </trkpt>
      <trkpt lat="46.4714430" lon="9.5154352">
        <ele>1948.7</ele>
        <time>2026-09-15T12:19:58Z</time>
        <extensions>
          <gpxdata:distance>7489.37</gpxdata:distance>
          <gpxdata:speed>0.461</gpxdata:speed>
        </extensions>
      </trkpt>
      <trkpt lat="46.4714520" lon="9.5154102">
        <ele>1949.2</ele>
        <time>2026-09-15T12:20:03Z</time>
        <extensions>
          <gpxdata:distance>7491.53</gpxdata:distance>
          <gpxdata:speed>0.461</gpxdata:speed>
        </extensions>
      </trkpt>
      <trkpt lat="46.4714620" lon="9.5153842">
        <ele>1949.6</ele>
        <time>2026-09-15T12:20:08Z</time>
        <extensions>
          <gpxdata:distance>7493.81</gpxdata:distance>
          <gpxdata:speed>0.461</gpxdata:speed>
        </extensions>
      </trkpt>
      <trkpt lat="46.4714800" lon="9.5153462">
        <ele>1950.3</ele>
        <time>2026-09-15T12:20:16Z</time>
        <extensions>
          <gpxdata:distance>7497.34</gpxdata:distance>
          <gpxdata:speed>0.462</gpxdata:speed>
        </extensions>
      </trkpt>
      <trkpt lat="46.4714900" lon="9.5153072">
        <ele>1950.8</ele>
        <time>2026-09-15T12:20:22Z</time>
        <extensions>
          <gpxdata:distance>7500.53</gpxdata:distance>
          <gpxdata:speed>0.484</gpxdata:speed>
        </extensions>
      </trkpt>
      <trkpt lat="46.4715100" lon="9.5151912">
        <ele>1952.7</ele>
        <time>2026-09-15T12:20:40Z</time>
        <extensions>
          <gpxdata:distance>7509.69</gpxdata:distance>
          <gpxdata:speed>0.513</gpxdata:speed>
        </extensions>
      </trkpt>
      <trkpt lat="46.4715110" lon="9.5151652">
        <ele>1953.2</ele>
        <time>2026-09-15T12:20:44Z</time>
        <extensions>
          <gpxdata:distance>7511.68</gpxdata:distance>
          <gpxdata:speed>0.537</gpxdata:speed>
        </extensions>
      </trkpt>
      <trkpt lat="46.4715110" lon="9.5151652">
        <ele>1953.2</ele>
        <time>2026-09-15T12:20:44Z</time>
        <extensions>
          <gpxdata:distance>7511.68</gpxdata:distance>
          <gpxdata:speed>0.000</gpxdata:speed>
        </extensions>
      </trkpt>
      <trkpt lat="46.4715220" lon="9.5150612">
        <ele>1953.1</ele>
        <time>2026-09-15T12:20:56Z</time>
        <extensions>
          <gpxdata:distance>7519.74</gpxdata:distance>
          <gpxdata:speed>0.633</gpxdata:speed>
        </extensions>
      </trkpt>
      <trkpt lat="46.4715410" lon="9.5149962">
        <ele>1953.1</ele>
        <time>2026-09-15T12:21:04Z</time>
        <extensions>
          <gpxdata:distance>7525.15</gpxdata:distance>
          <gpxdata:speed>0.697</gpxdata:speed>
        </extensions>
      </trkpt>
      <trkpt lat="46.4715410" lon="9.5149962">
        <ele>1953.1</ele>
        <time>2026-09-15T12:21:04Z</time>
        <extensions>
          <gpxdata:distance>7525.15</gpxdata:distance>
          <gpxdata:speed>0.000</gpxdata:speed>
        </extensions>
      </trkpt>
      <trkpt lat="46.4715700" lon="9.5148802">
        <ele>1953.8</ele>
        <time>2026-09-15T12:21:17Z</time>
        <extensions>
          <gpxdata:distance>7534.60</gpxdata:distance>
          <gpxdata:speed>0.746</gpxdata:speed>
        </extensions>
      </trkpt>
      <trkpt lat="46.4716070" lon="9.5148172">
        <ele>1953.5</ele>
        <time>2026-09-15T12:21:25Z</time>
        <extensions>
          <gpxdata:distance>7540.94</gpxdata:distance>
          <gpxdata:speed>0.824</gpxdata:speed>
        </extensions>
      </trkpt>
      <trkpt lat="46.4718670" lon="9.5143582">
        <ele>1952.8</ele>
        <time>2026-09-15T12:22:12Z</time>
        <extensions>
          <gpxdata:distance>7586.45</gpxdata:distance>
          <gpxdata:speed>0.953</gpxdata:speed>
        </extensions>
      </trkpt>
      <trkpt lat="46.4720360" lon="9.5140262">
        <ele>1953.1</ele>
        <time>2026-09-15T12:22:44Z</time>
        <extensions>
          <gpxdata:distance>7618.07</gpxdata:distance>
          <gpxdata:speed>1.003</gpxdata:speed>
        </extensions>
      </trkpt>
      <trkpt lat="46.4721010" lon="9.5138852">
        <ele>1952.5</ele>
        <time>2026-09-15T12:22:57Z</time>
        <extensions>
          <gpxdata:distance>7631.06</gpxdata:distance>
          <gpxdata:speed>1.005</gpxdata:speed>
        </extensions>
      </trkpt>
      <trkpt lat="46.4721010" lon="9.5138852">
        <ele>1952.5</ele>
        <time>2026-09-15T12:22:57Z</time>
        <extensions>
          <gpxdata:distance>7631.06</gpxdata:distance>
          <gpxdata:speed>0.000</gpxdata:speed>
        </extensions>
      </trkpt>
      <trkpt lat="46.4721850" lon="9.5137062">
        <ele>1952.4</ele>
        <time>2026-09-15T12:23:13Z</time>
        <extensions>
          <gpxdata:distance>7647.65</gpxdata:distance>
          <gpxdata:speed>1.005</gpxdata:speed>
        </extensions>
      </trkpt>
      <trkpt lat="46.4722880" lon="9.5134882">
        <ele>1952.2</ele>
        <time>2026-09-15T12:23:33Z</time>
        <extensions>
          <gpxdata:distance>7667.89</gpxdata:distance>
          <gpxdata:speed>1.004</gpxdata:speed>
        </extensions>
      </trkpt>
      <trkpt lat="46.4723630" lon="9.5133482">
        <ele>1952.7</ele>
        <time>2026-09-15T12:23:47Z</time>
        <extensions>
          <gpxdata:distance>7681.48</gpxdata:distance>
          <gpxdata:speed>1.009</gpxdata:speed>
        </extensions>
      </trkpt>
      <trkpt lat="46.4724190" lon="9.5132202">
        <ele>1953.8</ele>
        <time>2026-09-15T12:23:58Z</time>
        <extensions>
          <gpxdata:distance>7693.09</gpxdata:distance>
          <gpxdata:speed>1.012</gpxdata:speed>
        </extensions>
      </trkpt>
      <trkpt lat="46.4724750" lon="9.5131052">
        <ele>1955.0</ele>
        <time>2026-09-15T12:24:09Z</time>
        <extensions>
          <gpxdata:distance>7703.88</gpxdata:distance>
          <gpxdata:speed>0.989</gpxdata:speed>
        </extensions>
      </trkpt>
      <trkpt lat="46.4725130" lon="9.5130022">
        <ele>1955.5</ele>
        <time>2026-09-15T12:24:19Z</time>
        <extensions>
          <gpxdata:distance>7712.82</gpxdata:distance>
          <gpxdata:speed>0.958</gpxdata:speed>
        </extensions>
      </trkpt>
      <trkpt lat="46.4725330" lon="9.5129112">
        <ele>1956.1</ele>
        <time>2026-09-15T12:24:26Z</time>
        <extensions>
          <gpxdata:distance>7720.14</gpxdata:distance>
          <gpxdata:speed>0.938</gpxdata:speed>
        </extensions>
      </trkpt>
      <trkpt lat="46.4725440" lon="9.5127822">
        <ele>1956.5</ele>
        <time>2026-09-15T12:24:37Z</time>
        <extensions>
          <gpxdata:distance>7730.09</gpxdata:distance>
          <gpxdata:speed>0.910</gpxdata:speed>
        </extensions>
      </trkpt>
      <trkpt lat="46.4725730" lon="9.5126792">
        <ele>1956.8</ele>
        <time>2026-09-15T12:24:47Z</time>
        <extensions>
          <gpxdata:distance>7738.61</gpxdata:distance>
          <gpxdata:speed>0.911</gpxdata:speed>
        </extensions>
      </trkpt>
      <trkpt lat="46.4725930" lon="9.5126012">
        <ele>1956.8</ele>
        <time>2026-09-15T12:24:54Z</time>
        <extensions>
          <gpxdata:distance>7744.99</gpxdata:distance>
          <gpxdata:speed>0.898</gpxdata:speed>
        </extensions>
      </trkpt>
      <trkpt lat="46.4726200" lon="9.5125762">
        <ele>1957.3</ele>
        <time>2026-09-15T12:24:58Z</time>
        <extensions>
          <gpxdata:distance>7748.55</gpxdata:distance>
          <gpxdata:speed>0.851</gpxdata:speed>
        </extensions>
      </trkpt>
      <trkpt lat="46.4726200" lon="9.5125762">
        <ele>1957.3</ele>
        <time>2026-09-15T12:24:58Z</time>
        <extensions>
          <gpxdata:distance>7748.55</gpxdata:distance>
          <gpxdata:speed>0.000</gpxdata:speed>
        </extensions>
      </trkpt>
      <trkpt lat="46.4726470" lon="9.5125772">
        <ele>1957.7</ele>
        <time>2026-09-15T12:25:02Z</time>
        <extensions>
          <gpxdata:distance>7751.55</gpxdata:distance>
          <gpxdata:speed>0.841</gpxdata:speed>
        </extensions>
      </trkpt>
      <trkpt lat="46.4727100" lon="9.5125932">
        <ele>1958.8</ele>
        <time>2026-09-15T12:25:10Z</time>
        <extensions>
          <gpxdata:distance>7758.66</gpxdata:distance>
          <gpxdata:speed>0.835</gpxdata:speed>
        </extensions>
      </trkpt>
      <trkpt lat="46.4728080" lon="9.5126092">
        <ele>1959.9</ele>
        <time>2026-09-15T12:25:24Z</time>
        <extensions>
          <gpxdata:distance>7769.63</gpxdata:distance>
          <gpxdata:speed>0.813</gpxdata:speed>
        </extensions>
      </trkpt>
      <trkpt lat="46.4728080" lon="9.5126092">
        <ele>1959.9</ele>
        <time>2026-09-15T12:25:24Z</time>
        <extensions>
          <gpxdata:distance>7769.63</gpxdata:distance>
          <gpxdata:speed>0.000</gpxdata:speed>
        </extensions>
      </trkpt>
      <trkpt lat="46.4728560" lon="9.5124422">
        <ele>1960.1</ele>
        <time>2026-09-15T12:25:40Z</time>
        <extensions>
          <gpxdata:distance>7783.49</gpxdata:distance>
          <gpxdata:speed>0.840</gpxdata:speed>
        </extensions>
      </trkpt>
      <trkpt lat="46.4729240" lon="9.5121712">
        <ele>1960.3</ele>
        <time>2026-09-15T12:26:05Z</time>
        <extensions>
          <gpxdata:distance>7805.58</gpxdata:distance>
          <gpxdata:speed>0.879</gpxdata:speed>
        </extensions>
      </trkpt>
      <trkpt lat="46.4729240" lon="9.5121712">
        <ele>1960.3</ele>
        <time>2026-09-15T12:26:05Z</time>
        <extensions>
          <gpxdata:distance>7805.58</gpxdata:distance>
          <gpxdata:speed>0.000</gpxdata:speed>
        </extensions>
      </trkpt>
      <trkpt lat="46.4729920" lon="9.5119262">
        <ele>1959.9</ele>
        <time>2026-09-15T12:26:27Z</time>
        <extensions>
          <gpxdata:distance>7825.80</gpxdata:distance>
          <gpxdata:speed>0.927</gpxdata:speed>
        </extensions>
      </trkpt>
      <trkpt lat="46.4730600" lon="9.5116552">
        <ele>1958.3</ele>
        <time>2026-09-15T12:26:49Z</time>
        <extensions>
          <gpxdata:distance>7847.89</gpxdata:distance>
          <gpxdata:speed>0.987</gpxdata:speed>
        </extensions>
      </trkpt>
      <trkpt lat="46.4731270" lon="9.5114362">
        <ele>1956.7</ele>
        <time>2026-09-15T12:27:08Z</time>
        <extensions>
          <gpxdata:distance>7866.24</gpxdata:distance>
          <gpxdata:speed>1.001</gpxdata:speed>
        </extensions>
      </trkpt>
      <trkpt lat="46.4731550" lon="9.5113462">
        <ele>1956.0</ele>
        <time>2026-09-15T12:27:15Z</time>
        <extensions>
          <gpxdata:distance>7873.81</gpxdata:distance>
          <gpxdata:speed>0.981</gpxdata:speed>
        </extensions>
      </trkpt>
      <trkpt lat="46.4732120" lon="9.5112182">
        <ele>1954.9</ele>
        <time>2026-09-15T12:27:28Z</time>
        <extensions>
          <gpxdata:distance>7885.48</gpxdata:distance>
          <gpxdata:speed>0.957</gpxdata:speed>
        </extensions>
      </trkpt>
      <trkpt lat="46.4733140" lon="9.5110532">
        <ele>1953.0</ele>
        <time>2026-09-15T12:27:46Z</time>
        <extensions>
          <gpxdata:distance>7902.46</gpxdata:distance>
          <gpxdata:speed>0.946</gpxdata:speed>
        </extensions>
      </trkpt>
      <trkpt lat="46.4733790" lon="9.5109252">
        <ele>1951.6</ele>
        <time>2026-09-15T12:27:59Z</time>
        <extensions>
          <gpxdata:distance>7914.64</gpxdata:distance>
          <gpxdata:speed>0.932</gpxdata:speed>
        </extensions>
      </trkpt>
      <trkpt lat="46.4734070" lon="9.5108482">
        <ele>1950.9</ele>
        <time>2026-09-15T12:28:06Z</time>
        <extensions>
          <gpxdata:distance>7921.30</gpxdata:distance>
          <gpxdata:speed>0.915</gpxdata:speed>
        </extensions>
      </trkpt>
      <trkpt lat="46.4734360" lon="9.5107582">
        <ele>1950.0</ele>
        <time>2026-09-15T12:28:14Z</time>
        <extensions>
          <gpxdata:distance>7928.91</gpxdata:distance>
          <gpxdata:speed>0.912</gpxdata:speed>
        </extensions>
      </trkpt>
      <trkpt lat="46.4734560" lon="9.5106542">
        <ele>1949.1</ele>
        <time>2026-09-15T12:28:24Z</time>
        <extensions>
          <gpxdata:distance>7937.18</gpxdata:distance>
          <gpxdata:speed>0.898</gpxdata:speed>
        </extensions>
      </trkpt>
      <trkpt lat="46.4734760" lon="9.5105252">
        <ele>1948.0</ele>
        <time>2026-09-15T12:28:35Z</time>
        <extensions>
          <gpxdata:distance>7947.31</gpxdata:distance>
          <gpxdata:speed>0.898</gpxdata:speed>
        </extensions>
      </trkpt>
      <trkpt lat="46.4735110" lon="9.5100962">
        <ele>1944.4</ele>
        <time>2026-09-15T12:29:11Z</time>
        <extensions>
          <gpxdata:distance>7980.39</gpxdata:distance>
          <gpxdata:speed>0.901</gpxdata:speed>
        </extensions>
      </trkpt>
      <trkpt lat="46.4735320" lon="9.5099152">
        <ele>1942.9</ele>
        <time>2026-09-15T12:29:27Z</time>
        <extensions>
          <gpxdata:distance>7994.45</gpxdata:distance>
          <gpxdata:speed>0.902</gpxdata:speed>
        </extensions>
      </trkpt>
      <trkpt lat="46.4735710" lon="9.5097862">
        <ele>1941.7</ele>
        <time>2026-09-15T12:29:39Z</time>
        <extensions>
          <gpxdata:distance>8005.23</gpxdata:distance>
          <gpxdata:speed>0.904</gpxdata:speed>
        </extensions>
      </trkpt>
      <trkpt lat="46.4736170" lon="9.5096973">
        <ele>1940.8</ele>
        <time>2026-09-15T12:29:48Z</time>
        <extensions>
          <gpxdata:distance>8013.75</gpxdata:distance>
          <gpxdata:speed>0.903</gpxdata:speed>
        </extensions>
      </trkpt>
      <trkpt lat="46.4737100" lon="9.5095313">
        <ele>1939.1</ele>
        <time>2026-09-15T12:30:07Z</time>
        <extensions>
          <gpxdata:distance>8030.14</gpxdata:distance>
          <gpxdata:speed>0.902</gpxdata:speed>
        </extensions>
      </trkpt>
      <trkpt lat="46.4737660" lon="9.5094683">
        <ele>1938.2</ele>
        <time>2026-09-15T12:30:15Z</time>
        <extensions>
          <gpxdata:distance>8038.01</gpxdata:distance>
          <gpxdata:speed>0.902</gpxdata:speed>
        </extensions>
      </trkpt>
      <trkpt lat="46.4740210" lon="9.5092823">
        <ele>1934.7</ele>
        <time>2026-09-15T12:30:51Z</time>
        <extensions>
          <gpxdata:distance>8069.75</gpxdata:distance>
          <gpxdata:speed>0.902</gpxdata:speed>
        </extensions>
      </trkpt>
      <trkpt lat="46.4740670" lon="9.5092453">
        <ele>1934.1</ele>
        <time>2026-09-15T12:30:57Z</time>
        <extensions>
          <gpxdata:distance>8075.59</gpxdata:distance>
          <gpxdata:speed>0.902</gpxdata:speed>
        </extensions>
      </trkpt>
      <trkpt lat="46.4740670" lon="9.5092453">
        <ele>1934.1</ele>
        <time>2026-09-15T12:30:57Z</time>
        <extensions>
          <gpxdata:distance>8075.59</gpxdata:distance>
          <gpxdata:speed>0.000</gpxdata:speed>
        </extensions>
      </trkpt>
      <trkpt lat="46.4740940" lon="9.5092073">
        <ele>1933.6</ele>
        <time>2026-09-15T12:31:02Z</time>
        <extensions>
          <gpxdata:distance>8079.77</gpxdata:distance>
          <gpxdata:speed>0.902</gpxdata:speed>
        </extensions>
      </trkpt>
      <trkpt lat="46.4740940" lon="9.5092073">
        <ele>1933.6</ele>
        <time>2026-09-15T12:31:02Z</time>
        <extensions>
          <gpxdata:distance>8079.77</gpxdata:distance>
          <gpxdata:speed>0.000</gpxdata:speed>
        </extensions>
      </trkpt>
      <trkpt lat="46.4741220" lon="9.5091693">
        <ele>1933.0</ele>
        <time>2026-09-15T12:31:06Z</time>
        <extensions>
          <gpxdata:distance>8084.04</gpxdata:distance>
          <gpxdata:speed>0.904</gpxdata:speed>
        </extensions>
      </trkpt>
      <trkpt lat="46.4741500" lon="9.5091183">
        <ele>1932.4</ele>
        <time>2026-09-15T12:31:12Z</time>
        <extensions>
          <gpxdata:distance>8089.03</gpxdata:distance>
          <gpxdata:speed>0.905</gpxdata:speed>
        </extensions>
      </trkpt>
      <trkpt lat="46.4741780" lon="9.5090543">
        <ele>1931.7</ele>
        <time>2026-09-15T12:31:18Z</time>
        <extensions>
          <gpxdata:distance>8094.84</gpxdata:distance>
          <gpxdata:speed>0.908</gpxdata:speed>
        </extensions>
      </trkpt>
      <trkpt lat="46.4741980" lon="9.5089633">
        <ele>1930.9</ele>
        <time>2026-09-15T12:31:26Z</time>
        <extensions>
          <gpxdata:distance>8102.15</gpxdata:distance>
          <gpxdata:speed>0.907</gpxdata:speed>
        </extensions>
      </trkpt>
      <trkpt lat="46.4742270" lon="9.5088343">
        <ele>1929.8</ele>
        <time>2026-09-15T12:31:38Z</time>
        <extensions>
          <gpxdata:distance>8112.54</gpxdata:distance>
          <gpxdata:speed>0.908</gpxdata:speed>
        </extensions>
      </trkpt>
      <trkpt lat="46.4742270" lon="9.5088343">
        <ele>1929.8</ele>
        <time>2026-09-15T12:31:38Z</time>
        <extensions>
          <gpxdata:distance>8112.54</gpxdata:distance>
          <gpxdata:speed>0.000</gpxdata:speed>
        </extensions>
      </trkpt>
      <trkpt lat="46.4742370" lon="9.5087963">
        <ele>1929.7</ele>
        <time>2026-09-15T12:31:41Z</time>
        <extensions>
          <gpxdata:distance>8115.66</gpxdata:distance>
          <gpxdata:speed>0.903</gpxdata:speed>
        </extensions>
      </trkpt>
      <trkpt lat="46.4742370" lon="9.5087963">
        <ele>1929.7</ele>
        <time>2026-09-15T12:31:41Z</time>
        <extensions>
          <gpxdata:distance>8115.66</gpxdata:distance>
          <gpxdata:speed>0.000</gpxdata:speed>
        </extensions>
      </trkpt>
      <trkpt lat="46.4742960" lon="9.5084853">
        <ele>1926.9</ele>
        <time>2026-09-15T12:32:09Z</time>
        <extensions>
          <gpxdata:distance>8140.36</gpxdata:distance>
          <gpxdata:speed>0.904</gpxdata:speed>
        </extensions>
      </trkpt>
      <trkpt lat="46.4743750" lon="9.5081113">
        <ele>1923.6</ele>
        <time>2026-09-15T12:32:42Z</time>
        <extensions>
          <gpxdata:distance>8170.32</gpxdata:distance>
          <gpxdata:speed>0.903</gpxdata:speed>
        </extensions>
      </trkpt>
      <trkpt lat="46.4744930" lon="9.5075813">
        <ele>1918.8</ele>
        <time>2026-09-15T12:33:29Z</time>
        <extensions>
          <gpxdata:distance>8212.97</gpxdata:distance>
          <gpxdata:speed>0.903</gpxdata:speed>
        </extensions>
      </trkpt>
      <trkpt lat="46.4744930" lon="9.5075813">
        <ele>1918.8</ele>
        <time>2026-09-15T12:33:29Z</time>
        <extensions>
          <gpxdata:distance>8212.97</gpxdata:distance>
          <gpxdata:speed>0.000</gpxdata:speed>
        </extensions>
      </trkpt>
      <trkpt lat="46.4744940" lon="9.5075423">
        <ele>1918.4</ele>
        <time>2026-09-15T12:33:32Z</time>
        <extensions>
          <gpxdata:distance>8215.96</gpxdata:distance>
          <gpxdata:speed>0.903</gpxdata:speed>
        </extensions>
      </trkpt>
      <trkpt lat="46.4745610" lon="9.5072973">
        <ele>1916.3</ele>
        <time>2026-09-15T12:33:55Z</time>
        <extensions>
          <gpxdata:distance>8236.15</gpxdata:distance>
          <gpxdata:speed>0.903</gpxdata:speed>
        </extensions>
      </trkpt>
      <trkpt lat="46.4746280" lon="9.5070653">
        <ele>1914.3</ele>
        <time>2026-09-15T12:34:16Z</time>
        <extensions>
          <gpxdata:distance>8255.41</gpxdata:distance>
          <gpxdata:speed>0.902</gpxdata:speed>
        </extensions>
      </trkpt>
      <trkpt lat="46.4746950" lon="9.5068853">
        <ele>1912.6</ele>
        <time>2026-09-15T12:34:33Z</time>
        <extensions>
          <gpxdata:distance>8271.08</gpxdata:distance>
          <gpxdata:speed>0.904</gpxdata:speed>
        </extensions>
      </trkpt>
      <trkpt lat="46.4747510" lon="9.5067703">
        <ele>1911.4</ele>
        <time>2026-09-15T12:34:45Z</time>
        <extensions>
          <gpxdata:distance>8281.87</gpxdata:distance>
          <gpxdata:speed>0.904</gpxdata:speed>
        </extensions>
      </trkpt>
      <trkpt lat="46.4747970" lon="9.5066813">
        <ele>1910.4</ele>
        <time>2026-09-15T12:34:55Z</time>
        <extensions>
          <gpxdata:distance>8290.39</gpxdata:distance>
          <gpxdata:speed>0.903</gpxdata:speed>
        </extensions>
      </trkpt>
      <trkpt lat="46.4748340" lon="9.5066173">
        <ele>1909.7</ele>
        <time>2026-09-15T12:35:02Z</time>
        <extensions>
          <gpxdata:distance>8296.79</gpxdata:distance>
          <gpxdata:speed>0.903</gpxdata:speed>
        </extensions>
      </trkpt>
      <trkpt lat="46.4748630" lon="9.5065403">
        <ele>1909.1</ele>
        <time>2026-09-15T12:35:09Z</time>
        <extensions>
          <gpxdata:distance>8303.51</gpxdata:distance>
          <gpxdata:speed>0.901</gpxdata:speed>
        </extensions>
      </trkpt>
      <trkpt lat="46.4748830" lon="9.5064373">
        <ele>1908.1</ele>
        <time>2026-09-15T12:35:18Z</time>
        <extensions>
          <gpxdata:distance>8311.70</gpxdata:distance>
          <gpxdata:speed>0.902</gpxdata:speed>
        </extensions>
      </trkpt>
      <trkpt lat="46.4749030" lon="9.5062943">
        <ele>1906.9</ele>
        <time>2026-09-15T12:35:31Z</time>
        <extensions>
          <gpxdata:distance>8322.88</gpxdata:distance>
          <gpxdata:speed>0.901</gpxdata:speed>
        </extensions>
      </trkpt>
      <trkpt lat="46.4749030" lon="9.5062943">
        <ele>1906.9</ele>
        <time>2026-09-15T12:35:31Z</time>
        <extensions>
          <gpxdata:distance>8322.88</gpxdata:distance>
          <gpxdata:speed>0.000</gpxdata:speed>
        </extensions>
      </trkpt>
      <trkpt lat="46.4749340" lon="9.5061003">
        <ele>1905.2</ele>
        <time>2026-09-15T12:35:48Z</time>
        <extensions>
          <gpxdata:distance>8338.13</gpxdata:distance>
          <gpxdata:speed>0.904</gpxdata:speed>
        </extensions>
      </trkpt>
      <trkpt lat="46.4749550" lon="9.5059183">
        <ele>1903.7</ele>
        <time>2026-09-15T12:36:03Z</time>
        <extensions>
          <gpxdata:distance>8352.26</gpxdata:distance>
          <gpxdata:speed>0.903</gpxdata:speed>
        </extensions>
      </trkpt>
      <trkpt lat="46.4749860" lon="9.5057113">
        <ele>1901.8</ele>
        <time>2026-09-15T12:36:21Z</time>
        <extensions>
          <gpxdata:distance>8368.48</gpxdata:distance>
          <gpxdata:speed>0.904</gpxdata:speed>
        </extensions>
      </trkpt>
      <trkpt lat="46.4750250" lon="9.5055433">
        <ele>1900.3</ele>
        <time>2026-09-15T12:36:36Z</time>
        <extensions>
          <gpxdata:distance>8382.06</gpxdata:distance>
          <gpxdata:speed>0.904</gpxdata:speed>
        </extensions>
      </trkpt>
      <trkpt lat="46.4750730" lon="9.5053893">
        <ele>1898.9</ele>
        <time>2026-09-15T12:36:51Z</time>
        <extensions>
          <gpxdata:distance>8395.00</gpxdata:distance>
          <gpxdata:speed>0.903</gpxdata:speed>
        </extensions>
      </trkpt>
      <trkpt lat="46.4751390" lon="9.5051833">
        <ele>1897.0</ele>
        <time>2026-09-15T12:37:10Z</time>
        <extensions>
          <gpxdata:distance>8412.40</gpxdata:distance>
          <gpxdata:speed>0.905</gpxdata:speed>
        </extensions>
      </trkpt>
      <trkpt lat="46.4752160" lon="9.5049383">
        <ele>1894.6</ele>
        <time>2026-09-15T12:37:33Z</time>
        <extensions>
          <gpxdata:distance>8433.02</gpxdata:distance>
          <gpxdata:speed>0.905</gpxdata:speed>
        </extensions>
      </trkpt>
      <trkpt lat="46.4752820" lon="9.5047593">
        <ele>1892.9</ele>
        <time>2026-09-15T12:37:50Z</time>
        <extensions>
          <gpxdata:distance>8448.57</gpxdata:distance>
          <gpxdata:speed>0.905</gpxdata:speed>
        </extensions>
      </trkpt>
      <trkpt lat="46.4753390" lon="9.5046043">
        <ele>1891.5</ele>
        <time>2026-09-15T12:38:05Z</time>
        <extensions>
          <gpxdata:distance>8462.02</gpxdata:distance>
          <gpxdata:speed>0.904</gpxdata:speed>
        </extensions>
      </trkpt>
      <trkpt lat="46.4754050" lon="9.5044513">
        <ele>1890.0</ele>
        <time>2026-09-15T12:38:20Z</time>
        <extensions>
          <gpxdata:distance>8475.85</gpxdata:distance>
          <gpxdata:speed>0.904</gpxdata:speed>
        </extensions>
      </trkpt>
      <trkpt lat="46.4754610" lon="9.5043493">
        <ele>1889.0</ele>
        <time>2026-09-15T12:38:31Z</time>
        <extensions>
          <gpxdata:distance>8485.84</gpxdata:distance>
          <gpxdata:speed>0.904</gpxdata:speed>
        </extensions>
      </trkpt>
      <trkpt lat="46.4755350" lon="9.5042213">
        <ele>1887.8</ele>
        <time>2026-09-15T12:38:45Z</time>
        <extensions>
          <gpxdata:distance>8498.64</gpxdata:distance>
          <gpxdata:speed>0.901</gpxdata:speed>
        </extensions>
      </trkpt>
      <trkpt lat="46.4755350" lon="9.5042213">
        <ele>1887.8</ele>
        <time>2026-09-15T12:38:45Z</time>
        <extensions>
          <gpxdata:distance>8498.64</gpxdata:distance>
          <gpxdata:speed>0.000</gpxdata:speed>
        </extensions>
      </trkpt>
      <trkpt lat="46.4756000" lon="9.5041323">
        <ele>1887.0</ele>
        <time>2026-09-15T12:38:56Z</time>
        <extensions>
          <gpxdata:distance>8508.57</gpxdata:distance>
          <gpxdata:speed>0.899</gpxdata:speed>
        </extensions>
      </trkpt>
      <trkpt lat="46.4756000" lon="9.5041323">
        <ele>1887.0</ele>
        <time>2026-09-15T12:38:56Z</time>
        <extensions>
          <gpxdata:distance>8508.57</gpxdata:distance>
          <gpxdata:speed>0.000</gpxdata:speed>
        </extensions>
      </trkpt>
      <trkpt lat="46.4756000" lon="9.5040803">
        <ele>1886.9</ele>
        <time>2026-09-15T12:39:01Z</time>
        <extensions>
          <gpxdata:distance>8512.55</gpxdata:distance>
          <gpxdata:speed>0.898</gpxdata:speed>
        </extensions>
      </trkpt>
      <trkpt lat="46.4756010" lon="9.5040543">
        <ele>1886.6</ele>
        <time>2026-09-15T12:39:03Z</time>
        <extensions>
          <gpxdata:distance>8514.55</gpxdata:distance>
          <gpxdata:speed>0.899</gpxdata:speed>
        </extensions>
      </trkpt>
      <trkpt lat="46.4757670" lon="9.5038263">
        <ele>1882.9</ele>
        <time>2026-09-15T12:39:31Z</time>
        <extensions>
          <gpxdata:distance>8539.95</gpxdata:distance>
          <gpxdata:speed>0.904</gpxdata:speed>
        </extensions>
      </trkpt>
      <trkpt lat="46.4758870" lon="9.5036623">
        <ele>1880.2</ele>
        <time>2026-09-15T12:39:51Z</time>
        <extensions>
          <gpxdata:distance>8558.28</gpxdata:distance>
          <gpxdata:speed>0.912</gpxdata:speed>
        </extensions>
      </trkpt>
      <trkpt lat="46.4759610" lon="9.5035473">
        <ele>1878.7</ele>
        <time>2026-09-15T12:40:04Z</time>
        <extensions>
          <gpxdata:distance>8570.33</gpxdata:distance>
          <gpxdata:speed>0.914</gpxdata:speed>
        </extensions>
      </trkpt>
      <trkpt lat="46.4761100" lon="9.5032923">
        <ele>1875.4</ele>
        <time>2026-09-15T12:40:32Z</time>
        <extensions>
          <gpxdata:distance>8595.94</gpxdata:distance>
          <gpxdata:speed>0.919</gpxdata:speed>
        </extensions>
      </trkpt>
      <trkpt lat="46.4761570" lon="9.5031643">
        <ele>1874.0</ele>
        <time>2026-09-15T12:40:44Z</time>
        <extensions>
          <gpxdata:distance>8607.05</gpxdata:distance>
          <gpxdata:speed>0.919</gpxdata:speed>
        </extensions>
      </trkpt>
      <trkpt lat="46.4762240" lon="9.5029453">
        <ele>1871.7</ele>
        <time>2026-09-15T12:41:04Z</time>
        <extensions>
          <gpxdata:distance>8625.40</gpxdata:distance>
          <gpxdata:speed>0.923</gpxdata:speed>
        </extensions>
      </trkpt>
      <trkpt lat="46.4762340" lon="9.5028673">
        <ele>1870.9</ele>
        <time>2026-09-15T12:41:11Z</time>
        <extensions>
          <gpxdata:distance>8631.47</gpxdata:distance>
          <gpxdata:speed>0.923</gpxdata:speed>
        </extensions>
      </trkpt>
      <trkpt lat="46.4762350" lon="9.5028153">
        <ele>1870.6</ele>
        <time>2026-09-15T12:41:15Z</time>
        <extensions>
          <gpxdata:distance>8635.46</gpxdata:distance>
          <gpxdata:speed>0.924</gpxdata:speed>
        </extensions>
      </trkpt>
      <trkpt lat="46.4762090" lon="9.5027883">
        <ele>1870.2</ele>
        <time>2026-09-15T12:41:19Z</time>
        <extensions>
          <gpxdata:distance>8639.01</gpxdata:distance>
          <gpxdata:speed>0.923</gpxdata:speed>
        </extensions>
      </trkpt>
      <trkpt lat="46.4761820" lon="9.5027873">
        <ele>1869.9</ele>
        <time>2026-09-15T12:41:22Z</time>
        <extensions>
          <gpxdata:distance>8642.01</gpxdata:distance>
          <gpxdata:speed>0.919</gpxdata:speed>
        </extensions>
      </trkpt>
      <trkpt lat="46.4761550" lon="9.5027993">
        <ele>1869.4</ele>
        <time>2026-09-15T12:41:26Z</time>
        <extensions>
          <gpxdata:distance>8645.15</gpxdata:distance>
          <gpxdata:speed>0.917</gpxdata:speed>
        </extensions>
      </trkpt>
      <trkpt lat="46.4760910" lon="9.5028623">
        <ele>1868.6</ele>
        <time>2026-09-15T12:41:35Z</time>
        <extensions>
          <gpxdata:distance>8653.75</gpxdata:distance>
          <gpxdata:speed>0.914</gpxdata:speed>
        </extensions>
      </trkpt>
      <trkpt lat="46.4759710" lon="9.5029873">
        <ele>1867.0</ele>
        <time>2026-09-15T12:41:53Z</time>
        <extensions>
          <gpxdata:distance>8670.17</gpxdata:distance>
          <gpxdata:speed>0.906</gpxdata:speed>
        </extensions>
      </trkpt>
      <trkpt lat="46.4759170" lon="9.5030243">
        <ele>1866.3</ele>
        <time>2026-09-15T12:42:00Z</time>
        <extensions>
          <gpxdata:distance>8676.81</gpxdata:distance>
          <gpxdata:speed>0.904</gpxdata:speed>
        </extensions>
      </trkpt>
      <trkpt lat="46.4758620" lon="9.5030613">
        <ele>1865.5</ele>
        <time>2026-09-15T12:42:08Z</time>
        <extensions>
          <gpxdata:distance>8683.55</gpxdata:distance>
          <gpxdata:speed>0.900</gpxdata:speed>
        </extensions>
      </trkpt>
      <trkpt lat="46.4757720" lon="9.5030713">
        <ele>1864.2</ele>
        <time>2026-09-15T12:42:19Z</time>
        <extensions>
          <gpxdata:distance>8693.59</gpxdata:distance>
          <gpxdata:speed>0.902</gpxdata:speed>
        </extensions>
      </trkpt>
      <trkpt lat="46.4756550" lon="9.5030673">
        <ele>1862.8</ele>
        <time>2026-09-15T12:42:33Z</time>
        <extensions>
          <gpxdata:distance>8706.60</gpxdata:distance>
          <gpxdata:speed>0.903</gpxdata:speed>
        </extensions>
      </trkpt>
      <trkpt lat="46.4754470" lon="9.5031113">
        <ele>1860.1</ele>
        <time>2026-09-15T12:42:59Z</time>
        <extensions>
          <gpxdata:distance>8729.97</gpxdata:distance>
          <gpxdata:speed>0.904</gpxdata:speed>
        </extensions>
      </trkpt>
      <trkpt lat="46.4753840" lon="9.5031213">
        <ele>1859.3</ele>
        <time>2026-09-15T12:43:07Z</time>
        <extensions>
          <gpxdata:distance>8737.02</gpxdata:distance>
          <gpxdata:speed>0.905</gpxdata:speed>
        </extensions>
      </trkpt>
      <trkpt lat="46.4753300" lon="9.5031453">
        <ele>1858.5</ele>
        <time>2026-09-15T12:43:14Z</time>
        <extensions>
          <gpxdata:distance>8743.30</gpxdata:distance>
          <gpxdata:speed>0.904</gpxdata:speed>
        </extensions>
      </trkpt>
      <trkpt lat="46.4752930" lon="9.5031833">
        <ele>1857.7</ele>
        <time>2026-09-15T12:43:20Z</time>
        <extensions>
          <gpxdata:distance>8748.34</gpxdata:distance>
          <gpxdata:speed>0.908</gpxdata:speed>
        </extensions>
      </trkpt>
      <trkpt lat="46.4752740" lon="9.5032083">
        <ele>1857.4</ele>
        <time>2026-09-15T12:43:23Z</time>
        <extensions>
          <gpxdata:distance>8751.19</gpxdata:distance>
          <gpxdata:speed>0.911</gpxdata:speed>
        </extensions>
      </trkpt>
      <trkpt lat="46.4752650" lon="9.5032473">
        <ele>1856.8</ele>
        <time>2026-09-15T12:43:26Z</time>
        <extensions>
          <gpxdata:distance>8754.34</gpxdata:distance>
          <gpxdata:speed>0.915</gpxdata:speed>
        </extensions>
      </trkpt>
      <trkpt lat="46.4752640" lon="9.5032993">
        <ele>1856.2</ele>
        <time>2026-09-15T12:43:30Z</time>
        <extensions>
          <gpxdata:distance>8758.32</gpxdata:distance>
          <gpxdata:speed>0.917</gpxdata:speed>
        </extensions>
      </trkpt>
      <trkpt lat="46.4753230" lon="9.5034843">
        <ele>1854.1</ele>
        <time>2026-09-15T12:43:47Z</time>
        <extensions>
          <gpxdata:distance>8773.94</gpxdata:distance>
          <gpxdata:speed>0.918</gpxdata:speed>
        </extensions>
      </trkpt>
      <trkpt lat="46.4753310" lon="9.5035493">
        <ele>1853.4</ele>
        <time>2026-09-15T12:43:53Z</time>
        <extensions>
          <gpxdata:distance>8778.99</gpxdata:distance>
          <gpxdata:speed>0.922</gpxdata:speed>
        </extensions>
      </trkpt>
      <trkpt lat="46.4753210" lon="9.5036273">
        <ele>1852.8</ele>
        <time>2026-09-15T12:44:00Z</time>
        <extensions>
          <gpxdata:distance>8785.07</gpxdata:distance>
          <gpxdata:speed>0.924</gpxdata:speed>
        </extensions>
      </trkpt>
      <trkpt lat="46.4753110" lon="9.5036793">
        <ele>1851.9</ele>
        <time>2026-09-15T12:44:04Z</time>
        <extensions>
          <gpxdata:distance>8789.20</gpxdata:distance>
          <gpxdata:speed>0.933</gpxdata:speed>
        </extensions>
      </trkpt>
      <trkpt lat="46.4752830" lon="9.5037303">
        <ele>1851.3</ele>
        <time>2026-09-15T12:44:09Z</time>
        <extensions>
          <gpxdata:distance>8794.20</gpxdata:distance>
          <gpxdata:speed>0.932</gpxdata:speed>
        </extensions>
      </trkpt>
      <trkpt lat="46.4752460" lon="9.5037543">
        <ele>1850.7</ele>
        <time>2026-09-15T12:44:14Z</time>
        <extensions>
          <gpxdata:distance>8798.70</gpxdata:distance>
          <gpxdata:speed>0.930</gpxdata:speed>
        </extensions>
      </trkpt>
      <trkpt lat="46.4752190" lon="9.5037663">
        <ele>1850.3</ele>
        <time>2026-09-15T12:44:18Z</time>
        <extensions>
          <gpxdata:distance>8801.84</gpxdata:distance>
          <gpxdata:speed>0.931</gpxdata:speed>
        </extensions>
      </trkpt>
      <trkpt lat="46.4751560" lon="9.5037643">
        <ele>1849.7</ele>
        <time>2026-09-15T12:44:25Z</time>
        <extensions>
          <gpxdata:distance>8808.85</gpxdata:distance>
          <gpxdata:speed>0.922</gpxdata:speed>
        </extensions>
      </trkpt>
      <trkpt lat="46.4749950" lon="9.5037453">
        <ele>1848.0</ele>
        <time>2026-09-15T12:44:45Z</time>
        <extensions>
          <gpxdata:distance>8826.81</gpxdata:distance>
          <gpxdata:speed>0.912</gpxdata:speed>
        </extensions>
      </trkpt>
      <trkpt lat="46.4748960" lon="9.5037543">
        <ele>1846.8</ele>
        <time>2026-09-15T12:44:57Z</time>
        <extensions>
          <gpxdata:distance>8837.84</gpxdata:distance>
          <gpxdata:speed>0.907</gpxdata:speed>
        </extensions>
      </trkpt>
      <trkpt lat="46.4748140" lon="9.5037903">
        <ele>1845.6</ele>
        <time>2026-09-15T12:45:07Z</time>
        <extensions>
          <gpxdata:distance>8847.37</gpxdata:distance>
          <gpxdata:speed>0.907</gpxdata:speed>
        </extensions>
      </trkpt>
      <trkpt lat="46.4747590" lon="9.5038273">
        <ele>1844.6</ele>
        <time>2026-09-15T12:45:15Z</time>
        <extensions>
          <gpxdata:distance>8854.11</gpxdata:distance>
          <gpxdata:speed>0.912</gpxdata:speed>
        </extensions>
      </trkpt>
      <trkpt lat="46.4747040" lon="9.5039163">
        <ele>1843.0</ele>
        <time>2026-09-15T12:45:25Z</time>
        <extensions>
          <gpxdata:distance>8863.26</gpxdata:distance>
          <gpxdata:speed>0.913</gpxdata:speed>
        </extensions>
      </trkpt>
      <trkpt lat="46.4746760" lon="9.5039673">
        <ele>1842.2</ele>
        <time>2026-09-15T12:45:30Z</time>
        <extensions>
          <gpxdata:distance>8868.26</gpxdata:distance>
          <gpxdata:speed>0.915</gpxdata:speed>
        </extensions>
      </trkpt>
      <trkpt lat="46.4746480" lon="9.5040053">
        <ele>1841.3</ele>
        <time>2026-09-15T12:45:35Z</time>
        <extensions>
          <gpxdata:distance>8872.52</gpxdata:distance>
          <gpxdata:speed>0.919</gpxdata:speed>
        </extensions>
      </trkpt>
      <trkpt lat="46.4746030" lon="9.5040163">
        <ele>1840.5</ele>
        <time>2026-09-15T12:45:41Z</time>
        <extensions>
          <gpxdata:distance>8877.59</gpxdata:distance>
          <gpxdata:speed>0.921</gpxdata:speed>
        </extensions>
      </trkpt>
      <trkpt lat="46.4745400" lon="9.5040273">
        <ele>1839.4</ele>
        <time>2026-09-15T12:45:48Z</time>
        <extensions>
          <gpxdata:distance>8884.65</gpxdata:distance>
          <gpxdata:speed>0.927</gpxdata:speed>
        </extensions>
      </trkpt>
      <trkpt lat="46.4743780" lon="9.5039953">
        <ele>1836.8</ele>
        <time>2026-09-15T12:46:08Z</time>
        <extensions>
          <gpxdata:distance>8902.83</gpxdata:distance>
          <gpxdata:speed>0.938</gpxdata:speed>
        </extensions>
      </trkpt>
      <trkpt lat="46.4743060" lon="9.5039923">
        <ele>1835.6</ele>
        <time>2026-09-15T12:46:16Z</time>
        <extensions>
          <gpxdata:distance>8910.84</gpxdata:distance>
          <gpxdata:speed>0.935</gpxdata:speed>
        </extensions>
      </trkpt>
      <trkpt lat="46.4742430" lon="9.5040163">
        <ele>1834.5</ele>
        <time>2026-09-15T12:46:24Z</time>
        <extensions>
          <gpxdata:distance>8918.08</gpxdata:distance>
          <gpxdata:speed>0.931</gpxdata:speed>
        </extensions>
      </trkpt>
      <trkpt lat="46.4741790" lon="9.5040393">
        <ele>1833.3</ele>
        <time>2026-09-15T12:46:32Z</time>
        <extensions>
          <gpxdata:distance>8925.41</gpxdata:distance>
          <gpxdata:speed>0.929</gpxdata:speed>
        </extensions>
      </trkpt>
      <trkpt lat="46.4741790" lon="9.5040393">
        <ele>1833.3</ele>
        <time>2026-09-15T12:46:32Z</time>
        <extensions>
          <gpxdata:distance>8925.41</gpxdata:distance>
          <gpxdata:speed>0.000</gpxdata:speed>
        </extensions>
      </trkpt>
      <trkpt lat="46.4741070" lon="9.5040893">
        <ele>1832.0</ele>
        <time>2026-09-15T12:46:41Z</time>
        <extensions>
          <gpxdata:distance>8934.29</gpxdata:distance>
          <gpxdata:speed>0.934</gpxdata:speed>
        </extensions>
      </trkpt>
      <trkpt lat="46.4741070" lon="9.5040893">
        <ele>1832.0</ele>
        <time>2026-09-15T12:46:41Z</time>
        <extensions>
          <gpxdata:distance>8934.29</gpxdata:distance>
          <gpxdata:speed>0.000</gpxdata:speed>
        </extensions>
      </trkpt>
      <trkpt lat="46.4740350" lon="9.5040863">
        <ele>1830.9</ele>
        <time>2026-09-15T12:46:50Z</time>
        <extensions>
          <gpxdata:distance>8942.30</gpxdata:distance>
          <gpxdata:speed>0.939</gpxdata:speed>
        </extensions>
      </trkpt>
      <trkpt lat="46.4739090" lon="9.5040553">
        <ele>1828.5</ele>
        <time>2026-09-15T12:47:05Z</time>
        <extensions>
          <gpxdata:distance>8956.51</gpxdata:distance>
          <gpxdata:speed>0.938</gpxdata:speed>
        </extensions>
      </trkpt>
      <trkpt lat="46.4738730" lon="9.5040543">
        <ele>1827.8</ele>
        <time>2026-09-15T12:47:09Z</time>
        <extensions>
          <gpxdata:distance>8960.51</gpxdata:distance>
          <gpxdata:speed>0.932</gpxdata:speed>
        </extensions>
      </trkpt>
      <trkpt lat="46.4737740" lon="9.5040633">
        <ele>1826.2</ele>
        <time>2026-09-15T12:47:21Z</time>
        <extensions>
          <gpxdata:distance>8971.54</gpxdata:distance>
          <gpxdata:speed>0.933</gpxdata:speed>
        </extensions>
      </trkpt>
      <trkpt lat="46.4737380" lon="9.5040623">
        <ele>1825.7</ele>
        <time>2026-09-15T12:47:25Z</time>
        <extensions>
          <gpxdata:distance>8975.54</gpxdata:distance>
          <gpxdata:speed>0.936</gpxdata:speed>
        </extensions>
      </trkpt>
      <trkpt lat="46.4737210" lon="9.5040353">
        <ele>1825.3</ele>
        <time>2026-09-15T12:47:28Z</time>
        <extensions>
          <gpxdata:distance>8978.34</gpxdata:distance>
          <gpxdata:speed>0.939</gpxdata:speed>
        </extensions>
      </trkpt>
      <trkpt lat="46.4737030" lon="9.5039953">
        <ele>1824.8</ele>
        <time>2026-09-15T12:47:32Z</time>
        <extensions>
          <gpxdata:distance>8982.00</gpxdata:distance>
          <gpxdata:speed>0.940</gpxdata:speed>
        </extensions>
      </trkpt>
      <trkpt lat="46.4737040" lon="9.5039563">
        <ele>1824.5</ele>
        <time>2026-09-15T12:47:35Z</time>
        <extensions>
          <gpxdata:distance>8984.99</gpxdata:distance>
          <gpxdata:speed>0.938</gpxdata:speed>
        </extensions>
      </trkpt>
      <trkpt lat="46.4737130" lon="9.5039433">
        <ele>1824.2</ele>
        <time>2026-09-15T12:47:37Z</time>
        <extensions>
          <gpxdata:distance>8986.40</gpxdata:distance>
          <gpxdata:speed>0.940</gpxdata:speed>
        </extensions>
      </trkpt>
      <trkpt lat="46.4737320" lon="9.5039183">
        <ele>1823.7</ele>
        <time>2026-09-15T12:47:40Z</time>
        <extensions>
          <gpxdata:distance>8989.26</gpxdata:distance>
          <gpxdata:speed>0.936</gpxdata:speed>
        </extensions>
      </trkpt>
      <trkpt lat="46.4737590" lon="9.5038933">
        <ele>1823.2</ele>
        <time>2026-09-15T12:47:44Z</time>
        <extensions>
          <gpxdata:distance>8992.82</gpxdata:distance>
          <gpxdata:speed>0.936</gpxdata:speed>
        </extensions>
      </trkpt>
      <trkpt lat="46.4737860" lon="9.5038813">
        <ele>1822.8</ele>
        <time>2026-09-15T12:47:47Z</time>
        <extensions>
          <gpxdata:distance>8995.96</gpxdata:distance>
          <gpxdata:speed>0.932</gpxdata:speed>
        </extensions>
      </trkpt>
      <trkpt lat="46.4738130" lon="9.5038823">
        <ele>1822.3</ele>
        <time>2026-09-15T12:47:50Z</time>
        <extensions>
          <gpxdata:distance>8998.96</gpxdata:distance>
          <gpxdata:speed>0.933</gpxdata:speed>
        </extensions>
      </trkpt>
      <trkpt lat="46.4738850" lon="9.5038853">
        <ele>1821.3</ele>
        <time>2026-09-15T12:47:59Z</time>
        <extensions>
          <gpxdata:distance>9006.97</gpxdata:distance>
          <gpxdata:speed>0.931</gpxdata:speed>
        </extensions>
      </trkpt>
      <trkpt lat="46.4739390" lon="9.5039003">
        <ele>1820.2</ele>
        <time>2026-09-15T12:48:05Z</time>
        <extensions>
          <gpxdata:distance>9013.08</gpxdata:distance>
          <gpxdata:speed>0.937</gpxdata:speed>
        </extensions>
      </trkpt>
      <trkpt lat="46.4739660" lon="9.5039013">
        <ele>1819.8</ele>
        <time>2026-09-15T12:48:09Z</time>
        <extensions>
          <gpxdata:distance>9016.08</gpxdata:distance>
          <gpxdata:speed>0.937</gpxdata:speed>
        </extensions>
      </trkpt>
      <trkpt lat="46.4740020" lon="9.5038893">
        <ele>1819.3</ele>
        <time>2026-09-15T12:48:13Z</time>
        <extensions>
          <gpxdata:distance>9020.19</gpxdata:distance>
          <gpxdata:speed>0.938</gpxdata:speed>
        </extensions>
      </trkpt>
      <trkpt lat="46.4740020" lon="9.5038893">
        <ele>1819.3</ele>
        <time>2026-09-15T12:48:13Z</time>
        <extensions>
          <gpxdata:distance>9020.19</gpxdata:distance>
          <gpxdata:speed>0.000</gpxdata:speed>
        </extensions>
      </trkpt>
      <trkpt lat="46.4740660" lon="9.5038403">
        <ele>1818.3</ele>
        <time>2026-09-15T12:48:22Z</time>
        <extensions>
          <gpxdata:distance>9028.24</gpxdata:distance>
          <gpxdata:speed>0.930</gpxdata:speed>
        </extensions>
      </trkpt>
      <trkpt lat="46.4740660" lon="9.5038403">
        <ele>1818.3</ele>
        <time>2026-09-15T12:48:22Z</time>
        <extensions>
          <gpxdata:distance>9028.24</gpxdata:distance>
          <gpxdata:speed>0.000</gpxdata:speed>
        </extensions>
      </trkpt>
      <trkpt lat="46.4741120" lon="9.5038023">
        <ele>1817.6</ele>
        <time>2026-09-15T12:48:28Z</time>
        <extensions>
          <gpxdata:distance>9034.12</gpxdata:distance>
          <gpxdata:speed>0.928</gpxdata:speed>
        </extensions>
      </trkpt>
      <trkpt lat="46.4741750" lon="9.5037663">
        <ele>1816.5</ele>
        <time>2026-09-15T12:48:36Z</time>
        <extensions>
          <gpxdata:distance>9041.65</gpxdata:distance>
          <gpxdata:speed>0.927</gpxdata:speed>
        </extensions>
      </trkpt>
      <trkpt lat="46.4742300" lon="9.5037423">
        <ele>1815.4</ele>
        <time>2026-09-15T12:48:43Z</time>
        <extensions>
          <gpxdata:distance>9048.04</gpxdata:distance>
          <gpxdata:speed>0.934</gpxdata:speed>
        </extensions>
      </trkpt>
      <trkpt lat="46.4745020" lon="9.5036353">
        <ele>1811.0</ele>
        <time>2026-09-15T12:49:17Z</time>
        <extensions>
          <gpxdata:distance>9079.37</gpxdata:distance>
          <gpxdata:speed>0.930</gpxdata:speed>
        </extensions>
      </trkpt>
      <trkpt lat="46.4745830" lon="9.5035993">
        <ele>1809.4</ele>
        <time>2026-09-15T12:49:27Z</time>
        <extensions>
          <gpxdata:distance>9088.79</gpxdata:distance>
          <gpxdata:speed>0.934</gpxdata:speed>
        </extensions>
      </trkpt>
      <trkpt lat="46.4746200" lon="9.5035743">
        <ele>1808.6</ele>
        <time>2026-09-15T12:49:32Z</time>
        <extensions>
          <gpxdata:distance>9093.33</gpxdata:distance>
          <gpxdata:speed>0.937</gpxdata:speed>
        </extensions>
      </trkpt>
      <trkpt lat="46.4746480" lon="9.5035233">
        <ele>1807.8</ele>
        <time>2026-09-15T12:49:37Z</time>
        <extensions>
          <gpxdata:distance>9098.32</gpxdata:distance>
          <gpxdata:speed>0.938</gpxdata:speed>
        </extensions>
      </trkpt>
      <trkpt lat="46.4746660" lon="9.5034853">
        <ele>1807.2</ele>
        <time>2026-09-15T12:49:41Z</time>
        <extensions>
          <gpxdata:distance>9101.85</gpxdata:distance>
          <gpxdata:speed>0.939</gpxdata:speed>
        </extensions>
      </trkpt>
      <trkpt lat="46.4746680" lon="9.5034203">
        <ele>1806.6</ele>
        <time>2026-09-15T12:49:46Z</time>
        <extensions>
          <gpxdata:distance>9106.84</gpxdata:distance>
          <gpxdata:speed>0.939</gpxdata:speed>
        </extensions>
      </trkpt>
      <trkpt lat="46.4746520" lon="9.5032633">
        <ele>1804.5</ele>
        <time>2026-09-15T12:49:59Z</time>
        <extensions>
          <gpxdata:distance>9118.99</gpxdata:distance>
          <gpxdata:speed>0.934</gpxdata:speed>
        </extensions>
      </trkpt>
      <trkpt lat="46.4746340" lon="9.5028063">
        <ele>1799.5</ele>
        <time>2026-09-15T12:50:36Z</time>
        <extensions>
          <gpxdata:distance>9154.04</gpxdata:distance>
          <gpxdata:speed>0.938</gpxdata:speed>
        </extensions>
      </trkpt>
      <trkpt lat="46.4746340" lon="9.5027803">
        <ele>1799.3</ele>
        <time>2026-09-15T12:50:39Z</time>
        <extensions>
          <gpxdata:distance>9156.03</gpxdata:distance>
          <gpxdata:speed>0.939</gpxdata:speed>
        </extensions>
      </trkpt>
      <trkpt lat="46.4746170" lon="9.5027143">
        <ele>1798.9</ele>
        <time>2026-09-15T12:50:44Z</time>
        <extensions>
          <gpxdata:distance>9161.43</gpxdata:distance>
          <gpxdata:speed>0.938</gpxdata:speed>
        </extensions>
      </trkpt>
      <trkpt lat="46.4746000" lon="9.5026623">
        <ele>1798.4</ele>
        <time>2026-09-15T12:50:49Z</time>
        <extensions>
          <gpxdata:distance>9165.84</gpxdata:distance>
          <gpxdata:speed>0.933</gpxdata:speed>
        </extensions>
      </trkpt>
      <trkpt lat="46.4745740" lon="9.5026223">
        <ele>1798.1</ele>
        <time>2026-09-15T12:50:54Z</time>
        <extensions>
          <gpxdata:distance>9170.05</gpxdata:distance>
          <gpxdata:speed>0.928</gpxdata:speed>
        </extensions>
      </trkpt>
      <trkpt lat="46.4745480" lon="9.5025953">
        <ele>1797.8</ele>
        <time>2026-09-15T12:50:57Z</time>
        <extensions>
          <gpxdata:distance>9173.61</gpxdata:distance>
          <gpxdata:speed>0.924</gpxdata:speed>
        </extensions>
      </trkpt>
      <trkpt lat="46.4745030" lon="9.5025803">
        <ele>1797.4</ele>
        <time>2026-09-15T12:51:03Z</time>
        <extensions>
          <gpxdata:distance>9178.74</gpxdata:distance>
          <gpxdata:speed>0.919</gpxdata:speed>
        </extensions>
      </trkpt>
      <trkpt lat="46.4745030" lon="9.5025803">
        <ele>1797.4</ele>
        <time>2026-09-15T12:51:03Z</time>
        <extensions>
          <gpxdata:distance>9178.74</gpxdata:distance>
          <gpxdata:speed>0.000</gpxdata:speed>
        </extensions>
      </trkpt>
      <trkpt lat="46.4743160" lon="9.5024813">
        <ele>1797.1</ele>
        <time>2026-09-15T12:51:27Z</time>
        <extensions>
          <gpxdata:distance>9200.87</gpxdata:distance>
          <gpxdata:speed>0.905</gpxdata:speed>
        </extensions>
      </trkpt>
      <trkpt lat="46.4743160" lon="9.5024813">
        <ele>1797.1</ele>
        <time>2026-09-15T12:51:27Z</time>
        <extensions>
          <gpxdata:distance>9200.87</gpxdata:distance>
          <gpxdata:speed>0.000</gpxdata:speed>
        </extensions>
      </trkpt>
      <trkpt lat="46.4742980" lon="9.5024553">
        <ele>1797.1</ele>
        <time>2026-09-15T12:51:30Z</time>
        <extensions>
          <gpxdata:distance>9203.69</gpxdata:distance>
          <gpxdata:speed>0.953</gpxdata:speed>
        </extensions>
      </trkpt>
      <trkpt lat="46.4742810" lon="9.5024153">
        <ele>1797.2</ele>
        <time>2026-09-15T12:51:34Z</time>
        <extensions>
          <gpxdata:distance>9207.29</gpxdata:distance>
          <gpxdata:speed>0.965</gpxdata:speed>
        </extensions>
      </trkpt>
      <trkpt lat="46.4742810" lon="9.5023893">
        <ele>1797.3</ele>
        <time>2026-09-15T12:51:36Z</time>
        <extensions>
          <gpxdata:distance>9209.29</gpxdata:distance>
          <gpxdata:speed>0.980</gpxdata:speed>
        </extensions>
      </trkpt>
      <trkpt lat="46.4743010" lon="9.5023123">
        <ele>1797.3</ele>
        <time>2026-09-15T12:51:43Z</time>
        <extensions>
          <gpxdata:distance>9215.59</gpxdata:distance>
          <gpxdata:speed>0.990</gpxdata:speed>
        </extensions>
      </trkpt>
      <trkpt lat="46.4743780" lon="9.5020413">
        <ele>1798.6</ele>
        <time>2026-09-15T12:52:05Z</time>
        <extensions>
          <gpxdata:distance>9238.04</gpxdata:distance>
          <gpxdata:speed>0.981</gpxdata:speed>
        </extensions>
      </trkpt>
      <trkpt lat="46.4744440" lon="9.5018483">
        <ele>1799.2</ele>
        <time>2026-09-15T12:52:23Z</time>
        <extensions>
          <gpxdata:distance>9254.54</gpxdata:distance>
          <gpxdata:speed>0.952</gpxdata:speed>
        </extensions>
      </trkpt>
      <trkpt lat="46.4745190" lon="9.5017213">
        <ele>1800.1</ele>
        <time>2026-09-15T12:52:36Z</time>
        <extensions>
          <gpxdata:distance>9267.35</gpxdata:distance>
          <gpxdata:speed>0.935</gpxdata:speed>
        </extensions>
      </trkpt>
      <trkpt lat="46.4746940" lon="9.5014543">
        <ele>1801.3</ele>
        <time>2026-09-15T12:53:08Z</time>
        <extensions>
          <gpxdata:distance>9295.57</gpxdata:distance>
          <gpxdata:speed>0.900</gpxdata:speed>
        </extensions>
      </trkpt>
      <trkpt lat="46.4747130" lon="9.5014163">
        <ele>1801.6</ele>
        <time>2026-09-15T12:53:12Z</time>
        <extensions>
          <gpxdata:distance>9299.17</gpxdata:distance>
          <gpxdata:speed>0.896</gpxdata:speed>
        </extensions>
      </trkpt>
      <trkpt lat="46.4747240" lon="9.5013123">
        <ele>1802.2</ele>
        <time>2026-09-15T12:53:21Z</time>
        <extensions>
          <gpxdata:distance>9307.23</gpxdata:distance>
          <gpxdata:speed>0.887</gpxdata:speed>
        </extensions>
      </trkpt>
      <trkpt lat="46.4747250" lon="9.5012603">
        <ele>1802.4</ele>
        <time>2026-09-15T12:53:25Z</time>
        <extensions>
          <gpxdata:distance>9311.21</gpxdata:distance>
          <gpxdata:speed>0.885</gpxdata:speed>
        </extensions>
      </trkpt>
      <trkpt lat="46.4747210" lon="9.5009603">
        <ele>1804.0</ele>
        <time>2026-09-15T12:53:52Z</time>
        <extensions>
          <gpxdata:distance>9334.19</gpxdata:distance>
          <gpxdata:speed>0.876</gpxdata:speed>
        </extensions>
      </trkpt>
      <trkpt lat="46.4747230" lon="9.5008433">
        <ele>1804.6</ele>
        <time>2026-09-15T12:54:02Z</time>
        <extensions>
          <gpxdata:distance>9343.15</gpxdata:distance>
          <gpxdata:speed>0.866</gpxdata:speed>
        </extensions>
      </trkpt>
      <trkpt lat="46.4747340" lon="9.5007653">
        <ele>1805.0</ele>
        <time>2026-09-15T12:54:09Z</time>
        <extensions>
          <gpxdata:distance>9349.25</gpxdata:distance>
          <gpxdata:speed>0.866</gpxdata:speed>
        </extensions>
      </trkpt>
      <trkpt lat="46.4747530" lon="9.5007013">
        <ele>1805.4</ele>
        <time>2026-09-15T12:54:15Z</time>
        <extensions>
          <gpxdata:distance>9354.59</gpxdata:distance>
          <gpxdata:speed>0.854</gpxdata:speed>
        </extensions>
      </trkpt>
      <trkpt lat="46.4747630" lon="9.5006493">
        <ele>1805.8</ele>
        <time>2026-09-15T12:54:20Z</time>
        <extensions>
          <gpxdata:distance>9358.72</gpxdata:distance>
          <gpxdata:speed>0.853</gpxdata:speed>
        </extensions>
      </trkpt>
      <trkpt lat="46.4748100" lon="9.5005603">
        <ele>1806.3</ele>
        <time>2026-09-15T12:54:30Z</time>
        <extensions>
          <gpxdata:distance>9367.31</gpxdata:distance>
          <gpxdata:speed>0.834</gpxdata:speed>
        </extensions>
      </trkpt>
      <trkpt lat="46.4749310" lon="9.5003303">
        <ele>1807.5</ele>
        <time>2026-09-15T12:54:57Z</time>
        <extensions>
          <gpxdata:distance>9389.47</gpxdata:distance>
          <gpxdata:speed>0.845</gpxdata:speed>
        </extensions>
      </trkpt>
      <trkpt lat="46.4749680" lon="9.5002403">
        <ele>1808.1</ele>
        <time>2026-09-15T12:55:06Z</time>
        <extensions>
          <gpxdata:distance>9397.50</gpxdata:distance>
          <gpxdata:speed>0.845</gpxdata:speed>
        </extensions>
      </trkpt>
      <trkpt lat="46.4750350" lon="9.5000343">
        <ele>1809.0</ele>
        <time>2026-09-15T12:55:27Z</time>
        <extensions>
          <gpxdata:distance>9414.94</gpxdata:distance>
          <gpxdata:speed>0.850</gpxdata:speed>
        </extensions>
      </trkpt>
      <trkpt lat="46.4750640" lon="9.4999573">
        <ele>1809.5</ele>
        <time>2026-09-15T12:55:35Z</time>
        <extensions>
          <gpxdata:distance>9421.66</gpxdata:distance>
          <gpxdata:speed>0.852</gpxdata:speed>
        </extensions>
      </trkpt>
      <trkpt lat="46.4751470" lon="9.4998433">
        <ele>1810.5</ele>
        <time>2026-09-15T12:55:50Z</time>
        <extensions>
          <gpxdata:distance>9434.37</gpxdata:distance>
          <gpxdata:speed>0.847</gpxdata:speed>
        </extensions>
      </trkpt>
      <trkpt lat="46.4752570" lon="9.4997043">
        <ele>1811.3</ele>
        <time>2026-09-15T12:56:09Z</time>
        <extensions>
          <gpxdata:distance>9450.58</gpxdata:distance>
          <gpxdata:speed>0.853</gpxdata:speed>
        </extensions>
      </trkpt>
      <trkpt lat="46.4753760" lon="9.4995913">
        <ele>1812.4</ele>
        <time>2026-09-15T12:56:27Z</time>
        <extensions>
          <gpxdata:distance>9466.39</gpxdata:distance>
          <gpxdata:speed>0.852</gpxdata:speed>
        </extensions>
      </trkpt>
      <trkpt lat="46.4754320" lon="9.4995023">
        <ele>1813.0</ele>
        <time>2026-09-15T12:56:38Z</time>
        <extensions>
          <gpxdata:distance>9475.62</gpxdata:distance>
          <gpxdata:speed>0.855</gpxdata:speed>
        </extensions>
      </trkpt>
      <trkpt lat="46.4754500" lon="9.4994773">
        <ele>1813.2</ele>
        <time>2026-09-15T12:56:41Z</time>
        <extensions>
          <gpxdata:distance>9478.39</gpxdata:distance>
          <gpxdata:speed>0.854</gpxdata:speed>
        </extensions>
      </trkpt>
      <trkpt lat="46.4754600" lon="9.4994513">
        <ele>1813.4</ele>
        <time>2026-09-15T12:56:44Z</time>
        <extensions>
          <gpxdata:distance>9480.67</gpxdata:distance>
          <gpxdata:speed>0.847</gpxdata:speed>
        </extensions>
      </trkpt>
      <trkpt lat="46.4754600" lon="9.4994123">
        <ele>1813.6</ele>
        <time>2026-09-15T12:56:47Z</time>
        <extensions>
          <gpxdata:distance>9483.66</gpxdata:distance>
          <gpxdata:speed>0.849</gpxdata:speed>
        </extensions>
      </trkpt>
      <trkpt lat="46.4754520" lon="9.4993733">
        <ele>1813.8</ele>
        <time>2026-09-15T12:56:51Z</time>
        <extensions>
          <gpxdata:distance>9486.78</gpxdata:distance>
          <gpxdata:speed>0.841</gpxdata:speed>
        </extensions>
      </trkpt>
      <trkpt lat="46.4753910" lon="9.4992533">
        <ele>1814.4</ele>
        <time>2026-09-15T12:57:05Z</time>
        <extensions>
          <gpxdata:distance>9498.20</gpxdata:distance>
          <gpxdata:speed>0.849</gpxdata:speed>
        </extensions>
      </trkpt>
      <trkpt lat="46.4753480" lon="9.4991603">
        <ele>1814.7</ele>
        <time>2026-09-15T12:57:14Z</time>
        <extensions>
          <gpxdata:distance>9506.78</gpxdata:distance>
          <gpxdata:speed>0.864</gpxdata:speed>
        </extensions>
      </trkpt>
      <trkpt lat="46.4753310" lon="9.4991083">
        <ele>1815.0</ele>
        <time>2026-09-15T12:57:20Z</time>
        <extensions>
          <gpxdata:distance>9511.18</gpxdata:distance>
          <gpxdata:speed>0.856</gpxdata:speed>
        </extensions>
      </trkpt>
      <trkpt lat="46.4753230" lon="9.4990423">
        <ele>1815.4</ele>
        <time>2026-09-15T12:57:26Z</time>
        <extensions>
          <gpxdata:distance>9516.32</gpxdata:distance>
          <gpxdata:speed>0.859</gpxdata:speed>
        </extensions>
      </trkpt>
      <trkpt lat="46.4753240" lon="9.4989903">
        <ele>1815.7</ele>
        <time>2026-09-15T12:57:30Z</time>
        <extensions>
          <gpxdata:distance>9520.30</gpxdata:distance>
          <gpxdata:speed>0.858</gpxdata:speed>
        </extensions>
      </trkpt>
      <trkpt lat="46.4753340" lon="9.4989383">
        <ele>1815.9</ele>
        <time>2026-09-15T12:57:35Z</time>
        <extensions>
          <gpxdata:distance>9524.43</gpxdata:distance>
          <gpxdata:speed>0.863</gpxdata:speed>
        </extensions>
      </trkpt>
      <trkpt lat="46.4753440" lon="9.4989003">
        <ele>1816.1</ele>
        <time>2026-09-15T12:57:39Z</time>
        <extensions>
          <gpxdata:distance>9527.55</gpxdata:distance>
          <gpxdata:speed>0.865</gpxdata:speed>
        </extensions>
      </trkpt>
      <trkpt lat="46.4753620" lon="9.4988613">
        <ele>1816.5</ele>
        <time>2026-09-15T12:57:43Z</time>
        <extensions>
          <gpxdata:distance>9531.14</gpxdata:distance>
          <gpxdata:speed>0.856</gpxdata:speed>
        </extensions>
      </trkpt>
      <trkpt lat="46.4754260" lon="9.4988123">
        <ele>1817.1</ele>
        <time>2026-09-15T12:57:52Z</time>
        <extensions>
          <gpxdata:distance>9539.19</gpxdata:distance>
          <gpxdata:speed>0.851</gpxdata:speed>
        </extensions>
      </trkpt>
      <trkpt lat="46.4755440" lon="9.4987513">
        <ele>1818.1</ele>
        <time>2026-09-15T12:58:09Z</time>
        <extensions>
          <gpxdata:distance>9553.12</gpxdata:distance>
          <gpxdata:speed>0.840</gpxdata:speed>
        </extensions>
      </trkpt>
      <trkpt lat="46.4756360" lon="9.4986763">
        <ele>1819.2</ele>
        <time>2026-09-15T12:58:23Z</time>
        <extensions>
          <gpxdata:distance>9564.85</gpxdata:distance>
          <gpxdata:speed>0.813</gpxdata:speed>
        </extensions>
      </trkpt>
      <trkpt lat="46.4757090" lon="9.4986143">
        <ele>1819.8</ele>
        <time>2026-09-15T12:58:35Z</time>
        <extensions>
          <gpxdata:distance>9574.25</gpxdata:distance>
          <gpxdata:speed>0.817</gpxdata:speed>
        </extensions>
      </trkpt>
      <trkpt lat="46.4758480" lon="9.4983983">
        <ele>1821.4</ele>
        <time>2026-09-15T12:59:02Z</time>
        <extensions>
          <gpxdata:distance>9596.89</gpxdata:distance>
          <gpxdata:speed>0.821</gpxdata:speed>
        </extensions>
      </trkpt>
      <trkpt lat="46.4759130" lon="9.4982573">
        <ele>1822.2</ele>
        <time>2026-09-15T12:59:18Z</time>
        <extensions>
          <gpxdata:distance>9609.88</gpxdata:distance>
          <gpxdata:speed>0.826</gpxdata:speed>
        </extensions>
      </trkpt>
      <trkpt lat="46.4759890" lon="9.4980253">
        <ele>1823.5</ele>
        <time>2026-09-15T12:59:42Z</time>
        <extensions>
          <gpxdata:distance>9629.56</gpxdata:distance>
          <gpxdata:speed>0.827</gpxdata:speed>
        </extensions>
      </trkpt>
      <trkpt lat="46.4760360" lon="9.4979493">
        <ele>1824.0</ele>
        <time>2026-09-15T12:59:51Z</time>
        <extensions>
          <gpxdata:distance>9637.38</gpxdata:distance>
          <gpxdata:speed>0.828</gpxdata:speed>
        </extensions>
      </trkpt>
      <trkpt lat="46.4761100" lon="9.4978483">
        <ele>1824.9</ele>
        <time>2026-09-15T13:00:05Z</time>
        <extensions>
          <gpxdata:distance>9648.67</gpxdata:distance>
          <gpxdata:speed>0.829</gpxdata:speed>
        </extensions>
      </trkpt>
      <trkpt lat="46.4762110" lon="9.4976953">
        <ele>1826.1</ele>
        <time>2026-09-15T13:00:25Z</time>
        <extensions>
          <gpxdata:distance>9664.90</gpxdata:distance>
          <gpxdata:speed>0.829</gpxdata:speed>
        </extensions>
      </trkpt>
      <trkpt lat="46.4762940" lon="9.4975943">
        <ele>1826.9</ele>
        <time>2026-09-15T13:00:39Z</time>
        <extensions>
          <gpxdata:distance>9676.94</gpxdata:distance>
          <gpxdata:speed>0.830</gpxdata:speed>
        </extensions>
      </trkpt>
      <trkpt lat="46.4763690" lon="9.4974673">
        <ele>1828.0</ele>
        <time>2026-09-15T13:00:54Z</time>
        <extensions>
          <gpxdata:distance>9689.75</gpxdata:distance>
          <gpxdata:speed>0.832</gpxdata:speed>
        </extensions>
      </trkpt>
      <trkpt lat="46.4764250" lon="9.4973263">
        <ele>1828.7</ele>
        <time>2026-09-15T13:01:09Z</time>
        <extensions>
          <gpxdata:distance>9702.22</gpxdata:distance>
          <gpxdata:speed>0.834</gpxdata:speed>
        </extensions>
      </trkpt>
      <trkpt lat="46.4764350" lon="9.4972613">
        <ele>1829.1</ele>
        <time>2026-09-15T13:01:16Z</time>
        <extensions>
          <gpxdata:distance>9707.32</gpxdata:distance>
          <gpxdata:speed>0.834</gpxdata:speed>
        </extensions>
      </trkpt>
      <trkpt lat="46.4764930" lon="9.4970683">
        <ele>1830.2</ele>
        <time>2026-09-15T13:01:35Z</time>
        <extensions>
          <gpxdata:distance>9723.44</gpxdata:distance>
          <gpxdata:speed>0.832</gpxdata:speed>
        </extensions>
      </trkpt>
      <trkpt lat="46.4765700" lon="9.4967973">
        <ele>1831.5</ele>
        <time>2026-09-15T13:02:02Z</time>
        <extensions>
          <gpxdata:distance>9745.89</gpxdata:distance>
          <gpxdata:speed>0.836</gpxdata:speed>
        </extensions>
      </trkpt>
      <trkpt lat="46.4765990" lon="9.4966423">
        <ele>1832.3</ele>
        <time>2026-09-15T13:02:16Z</time>
        <extensions>
          <gpxdata:distance>9758.19</gpxdata:distance>
          <gpxdata:speed>0.836</gpxdata:speed>
        </extensions>
      </trkpt>
      <trkpt lat="46.4766380" lon="9.4965003">
        <ele>1833.1</ele>
        <time>2026-09-15T13:02:30Z</time>
        <extensions>
          <gpxdata:distance>9769.90</gpxdata:distance>
          <gpxdata:speed>0.839</gpxdata:speed>
        </extensions>
      </trkpt>
      <trkpt lat="46.4766480" lon="9.4964483">
        <ele>1833.3</ele>
        <time>2026-09-15T13:02:35Z</time>
        <extensions>
          <gpxdata:distance>9774.03</gpxdata:distance>
          <gpxdata:speed>0.843</gpxdata:speed>
        </extensions>
      </trkpt>
      <trkpt lat="46.4766490" lon="9.4963963">
        <ele>1833.6</ele>
        <time>2026-09-15T13:02:40Z</time>
        <extensions>
          <gpxdata:distance>9778.01</gpxdata:distance>
          <gpxdata:speed>0.843</gpxdata:speed>
        </extensions>
      </trkpt>
      <trkpt lat="46.4766450" lon="9.4960963">
        <ele>1834.6</ele>
        <time>2026-09-15T13:03:07Z</time>
        <extensions>
          <gpxdata:distance>9800.99</gpxdata:distance>
          <gpxdata:speed>0.861</gpxdata:speed>
        </extensions>
      </trkpt>
      <trkpt lat="46.4766590" lon="9.4958633">
        <ele>1835.5</ele>
        <time>2026-09-15T13:03:27Z</time>
        <extensions>
          <gpxdata:distance>9818.90</gpxdata:distance>
          <gpxdata:speed>0.864</gpxdata:speed>
        </extensions>
      </trkpt>
      <trkpt lat="46.4766689" lon="9.4957593">
        <ele>1835.9</ele>
        <time>2026-09-15T13:03:37Z</time>
        <extensions>
          <gpxdata:distance>9826.94</gpxdata:distance>
          <gpxdata:speed>0.867</gpxdata:speed>
        </extensions>
      </trkpt>
      <trkpt lat="46.4766799" lon="9.4956813">
        <ele>1836.2</ele>
        <time>2026-09-15T13:03:44Z</time>
        <extensions>
          <gpxdata:distance>9833.04</gpxdata:distance>
          <gpxdata:speed>0.873</gpxdata:speed>
        </extensions>
      </trkpt>
      <trkpt lat="46.4767079" lon="9.4956043">
        <ele>1836.4</ele>
        <time>2026-09-15T13:03:51Z</time>
        <extensions>
          <gpxdata:distance>9839.70</gpxdata:distance>
          <gpxdata:speed>0.880</gpxdata:speed>
        </extensions>
      </trkpt>
      <trkpt lat="46.4767449" lon="9.4955533">
        <ele>1836.5</ele>
        <time>2026-09-15T13:03:58Z</time>
        <extensions>
          <gpxdata:distance>9845.38</gpxdata:distance>
          <gpxdata:speed>0.890</gpxdata:speed>
        </extensions>
      </trkpt>
      <trkpt lat="46.4768269" lon="9.4955043">
        <ele>1836.9</ele>
        <time>2026-09-15T13:04:09Z</time>
        <extensions>
          <gpxdata:distance>9855.24</gpxdata:distance>
          <gpxdata:speed>0.899</gpxdata:speed>
        </extensions>
      </trkpt>
      <trkpt lat="46.4769629" lon="9.4954443">
        <ele>1837.6</ele>
        <time>2026-09-15T13:04:26Z</time>
        <extensions>
          <gpxdata:distance>9871.04</gpxdata:distance>
          <gpxdata:speed>0.900</gpxdata:speed>
        </extensions>
      </trkpt>
      <trkpt lat="46.4770179" lon="9.4953943">
        <ele>1837.8</ele>
        <time>2026-09-15T13:04:34Z</time>
        <extensions>
          <gpxdata:distance>9878.26</gpxdata:distance>
          <gpxdata:speed>0.906</gpxdata:speed>
        </extensions>
      </trkpt>
      <trkpt lat="46.4770729" lon="9.4953183">
        <ele>1838.2</ele>
        <time>2026-09-15T13:04:43Z</time>
        <extensions>
          <gpxdata:distance>9886.70</gpxdata:distance>
          <gpxdata:speed>0.906</gpxdata:speed>
        </extensions>
      </trkpt>
      <trkpt lat="46.4771759" lon="9.4951273">
        <ele>1839.3</ele>
        <time>2026-09-15T13:05:04Z</time>
        <extensions>
          <gpxdata:distance>9905.28</gpxdata:distance>
          <gpxdata:speed>0.901</gpxdata:speed>
        </extensions>
      </trkpt>
      <trkpt lat="46.4772599" lon="9.4949483">
        <ele>1840.2</ele>
        <time>2026-09-15T13:05:23Z</time>
        <extensions>
          <gpxdata:distance>9921.86</gpxdata:distance>
          <gpxdata:speed>0.897</gpxdata:speed>
        </extensions>
      </trkpt>
      <trkpt lat="46.4773259" lon="9.4947943">
        <ele>1841.0</ele>
        <time>2026-09-15T13:05:38Z</time>
        <extensions>
          <gpxdata:distance>9935.75</gpxdata:distance>
          <gpxdata:speed>0.894</gpxdata:speed>
        </extensions>
      </trkpt>
      <trkpt lat="46.4773919" lon="9.4946013">
        <ele>1842.1</ele>
        <time>2026-09-15T13:05:57Z</time>
        <extensions>
          <gpxdata:distance>9952.25</gpxdata:distance>
          <gpxdata:speed>0.884</gpxdata:speed>
        </extensions>
      </trkpt>
      <trkpt lat="46.4774119" lon="9.4945103">
        <ele>1842.1</ele>
        <time>2026-09-15T13:06:05Z</time>
        <extensions>
          <gpxdata:distance>9959.57</gpxdata:distance>
          <gpxdata:speed>0.888</gpxdata:speed>
        </extensions>
      </trkpt>
      <trkpt lat="46.4774409" lon="9.4944073">
        <ele>1842.3</ele>
        <time>2026-09-15T13:06:15Z</time>
        <extensions>
          <gpxdata:distance>9968.09</gpxdata:distance>
          <gpxdata:speed>0.891</gpxdata:speed>
        </extensions>
      </trkpt>
      <trkpt lat="46.4774699" lon="9.4942783">
        <ele>1842.7</ele>
        <time>2026-09-15T13:06:26Z</time>
        <extensions>
          <gpxdata:distance>9978.48</gpxdata:distance>
          <gpxdata:speed>0.892</gpxdata:speed>
        </extensions>
      </trkpt>
      <trkpt lat="46.4774919" lon="9.4940583">
        <ele>1843.3</ele>
        <time>2026-09-15T13:06:45Z</time>
        <extensions>
          <gpxdata:distance>9995.50</gpxdata:distance>
          <gpxdata:speed>0.893</gpxdata:speed>
        </extensions>
      </trkpt>
      <trkpt lat="46.4774929" lon="9.4940323">
        <ele>1843.4</ele>
        <time>2026-09-15T13:06:48Z</time>
        <extensions>
          <gpxdata:distance>9997.49</gpxdata:distance>
          <gpxdata:speed>0.893</gpxdata:speed>
        </extensions>
      </trkpt>
      <trkpt lat="46.4775109" lon="9.4939933">
        <ele>1843.2</ele>
        <time>2026-09-15T13:06:52Z</time>
        <extensions>
          <gpxdata:distance>10001.09</gpxdata:distance>
          <gpxdata:speed>0.909</gpxdata:speed>
        </extensions>
      </trkpt>
      <trkpt lat="46.4775109" lon="9.4939933">
        <ele>1843.2</ele>
        <time>2026-09-15T13:06:52Z</time>
        <extensions>
          <gpxdata:distance>10001.09</gpxdata:distance>
          <gpxdata:speed>0.000</gpxdata:speed>
        </extensions>
      </trkpt>
      <trkpt lat="46.4774759" lon="9.4939403">
        <ele>1843.1</ele>
        <time>2026-09-15T13:06:58Z</time>
        <extensions>
          <gpxdata:distance>10006.71</gpxdata:distance>
          <gpxdata:speed>0.937</gpxdata:speed>
        </extensions>
      </trkpt>
      <trkpt lat="46.4774759" lon="9.4939403">
        <ele>1843.1</ele>
        <time>2026-09-15T13:06:58Z</time>
        <extensions>
          <gpxdata:distance>10006.71</gpxdata:distance>
          <gpxdata:speed>0.000</gpxdata:speed>
        </extensions>
      </trkpt>
      <trkpt lat="46.4774649" lon="9.4940573">
        <ele>1843.3</ele>
        <time>2026-09-15T13:07:07Z</time>
        <extensions>
          <gpxdata:distance>10015.76</gpxdata:distance>
          <gpxdata:speed>0.958</gpxdata:speed>
        </extensions>
      </trkpt>
      <trkpt lat="46.4774359" lon="9.4941603">
        <ele>1844.2</ele>
        <time>2026-09-15T13:07:16Z</time>
        <extensions>
          <gpxdata:distance>10024.28</gpxdata:distance>
          <gpxdata:speed>0.927</gpxdata:speed>
        </extensions>
      </trkpt>
      <trkpt lat="46.4774169" lon="9.4942113">
        <ele>1844.7</ele>
        <time>2026-09-15T13:07:21Z</time>
        <extensions>
          <gpxdata:distance>10028.72</gpxdata:distance>
          <gpxdata:speed>0.911</gpxdata:speed>
        </extensions>
      </trkpt>
      <trkpt lat="46.4773899" lon="9.4942493">
        <ele>1845.0</ele>
        <time>2026-09-15T13:07:26Z</time>
        <extensions>
          <gpxdata:distance>10032.90</gpxdata:distance>
          <gpxdata:speed>0.897</gpxdata:speed>
        </extensions>
      </trkpt>
      <trkpt lat="46.4773709" lon="9.4942613">
        <ele>1845.3</ele>
        <time>2026-09-15T13:07:28Z</time>
        <extensions>
          <gpxdata:distance>10035.20</gpxdata:distance>
          <gpxdata:speed>0.884</gpxdata:speed>
        </extensions>
      </trkpt>
      <trkpt lat="46.4773529" lon="9.4942613">
        <ele>1845.5</ele>
        <time>2026-09-15T13:07:31Z</time>
        <extensions>
          <gpxdata:distance>10037.20</gpxdata:distance>
          <gpxdata:speed>0.849</gpxdata:speed>
        </extensions>
      </trkpt>
      <trkpt lat="46.4773359" lon="9.4942343">
        <ele>1845.5</ele>
        <time>2026-09-15T13:07:34Z</time>
        <extensions>
          <gpxdata:distance>10040.00</gpxdata:distance>
          <gpxdata:speed>0.861</gpxdata:speed>
        </extensions>
      </trkpt>
      <trkpt lat="46.4773279" lon="9.4941953">
        <ele>1845.7</ele>
        <time>2026-09-15T13:07:38Z</time>
        <extensions>
          <gpxdata:distance>10043.12</gpxdata:distance>
          <gpxdata:speed>0.829</gpxdata:speed>
        </extensions>
      </trkpt>
      <trkpt lat="46.4773289" lon="9.4941433">
        <ele>1846.0</ele>
        <time>2026-09-15T13:07:42Z</time>
        <extensions>
          <gpxdata:distance>10047.10</gpxdata:distance>
          <gpxdata:speed>0.828</gpxdata:speed>
        </extensions>
      </trkpt>
      <trkpt lat="46.4773389" lon="9.4940653">
        <ele>1846.5</ele>
        <time>2026-09-15T13:07:50Z</time>
        <extensions>
          <gpxdata:distance>10053.18</gpxdata:distance>
          <gpxdata:speed>0.792</gpxdata:speed>
        </extensions>
      </trkpt>
      <trkpt lat="46.4773419" lon="9.4939093">
        <ele>1847.5</ele>
        <time>2026-09-15T13:08:05Z</time>
        <extensions>
          <gpxdata:distance>10065.13</gpxdata:distance>
          <gpxdata:speed>0.804</gpxdata:speed>
        </extensions>
      </trkpt>
      <trkpt lat="46.4773259" lon="9.4938173">
        <ele>1848.3</ele>
        <time>2026-09-15T13:08:14Z</time>
        <extensions>
          <gpxdata:distance>10072.39</gpxdata:distance>
          <gpxdata:speed>0.800</gpxdata:speed>
        </extensions>
      </trkpt>
      <trkpt lat="46.4772999" lon="9.4937513">
        <ele>1848.8</ele>
        <time>2026-09-15T13:08:21Z</time>
        <extensions>
          <gpxdata:distance>10078.22</gpxdata:distance>
          <gpxdata:speed>0.796</gpxdata:speed>
        </extensions>
      </trkpt>
      <trkpt lat="46.4772649" lon="9.4936713">
        <ele>1849.4</ele>
        <time>2026-09-15T13:08:30Z</time>
        <extensions>
          <gpxdata:distance>10085.47</gpxdata:distance>
          <gpxdata:speed>0.802</gpxdata:speed>
        </extensions>
      </trkpt>
      <trkpt lat="46.4772129" lon="9.4935783">
        <ele>1850.2</ele>
        <time>2026-09-15T13:08:42Z</time>
        <extensions>
          <gpxdata:distance>10094.65</gpxdata:distance>
          <gpxdata:speed>0.802</gpxdata:speed>
        </extensions>
      </trkpt>
      <trkpt lat="46.4771699" lon="9.4934723">
        <ele>1851.2</ele>
        <time>2026-09-15T13:08:54Z</time>
        <extensions>
          <gpxdata:distance>10104.07</gpxdata:distance>
          <gpxdata:speed>0.783</gpxdata:speed>
        </extensions>
      </trkpt>
      <trkpt lat="46.4771179" lon="9.4933533">
        <ele>1852.2</ele>
        <time>2026-09-15T13:09:08Z</time>
        <extensions>
          <gpxdata:distance>10114.86</gpxdata:distance>
          <gpxdata:speed>0.779</gpxdata:speed>
        </extensions>
      </trkpt>
      <trkpt lat="46.4771009" lon="9.4932743">
        <ele>1852.8</ele>
        <time>2026-09-15T13:09:16Z</time>
        <extensions>
          <gpxdata:distance>10121.20</gpxdata:distance>
          <gpxdata:speed>0.775</gpxdata:speed>
        </extensions>
      </trkpt>
      <trkpt lat="46.4770789" lon="9.4930003">
        <ele>1855.0</ele>
        <time>2026-09-15T13:09:44Z</time>
        <extensions>
          <gpxdata:distance>10142.32</gpxdata:distance>
          <gpxdata:speed>0.766</gpxdata:speed>
        </extensions>
      </trkpt>
      <trkpt lat="46.4770629" lon="9.4929343">
        <ele>1855.5</ele>
        <time>2026-09-15T13:09:51Z</time>
        <extensions>
          <gpxdata:distance>10147.68</gpxdata:distance>
          <gpxdata:speed>0.762</gpxdata:speed>
        </extensions>
      </trkpt>
      <trkpt lat="46.4770449" lon="9.4929073">
        <ele>1855.9</ele>
        <time>2026-09-15T13:09:54Z</time>
        <extensions>
          <gpxdata:distance>10150.56</gpxdata:distance>
          <gpxdata:speed>0.761</gpxdata:speed>
        </extensions>
      </trkpt>
      <trkpt lat="46.4770449" lon="9.4929073">
        <ele>1855.9</ele>
        <time>2026-09-15T13:09:54Z</time>
        <extensions>
          <gpxdata:distance>10150.56</gpxdata:distance>
          <gpxdata:speed>0.000</gpxdata:speed>
        </extensions>
      </trkpt>
      <trkpt lat="46.4770739" lon="9.4927913">
        <ele>1854.6</ele>
        <time>2026-09-15T13:10:06Z</time>
        <extensions>
          <gpxdata:distance>10160.01</gpxdata:distance>
          <gpxdata:speed>0.833</gpxdata:speed>
        </extensions>
      </trkpt>
      <trkpt lat="46.4771109" lon="9.4927283">
        <ele>1853.2</ele>
        <time>2026-09-15T13:10:13Z</time>
        <extensions>
          <gpxdata:distance>10166.35</gpxdata:distance>
          <gpxdata:speed>0.906</gpxdata:speed>
        </extensions>
      </trkpt>
      <trkpt lat="46.4771399" lon="9.4926503">
        <ele>1852.6</ele>
        <time>2026-09-15T13:10:20Z</time>
        <extensions>
          <gpxdata:distance>10173.13</gpxdata:distance>
          <gpxdata:speed>0.961</gpxdata:speed>
        </extensions>
      </trkpt>
      <trkpt lat="46.4771769" lon="9.4925743">
        <ele>1851.6</ele>
        <time>2026-09-15T13:10:27Z</time>
        <extensions>
          <gpxdata:distance>10180.26</gpxdata:distance>
          <gpxdata:speed>1.001</gpxdata:speed>
        </extensions>
      </trkpt>
      <trkpt lat="46.4771879" lon="9.4924833">
        <ele>1850.2</ele>
        <time>2026-09-15T13:10:34Z</time>
        <extensions>
          <gpxdata:distance>10187.34</gpxdata:distance>
          <gpxdata:speed>0.962</gpxdata:speed>
        </extensions>
      </trkpt>
      <trkpt lat="46.4771709" lon="9.4924043">
        <ele>1849.0</ele>
        <time>2026-09-15T13:10:41Z</time>
        <extensions>
          <gpxdata:distance>10193.67</gpxdata:distance>
          <gpxdata:speed>0.910</gpxdata:speed>
        </extensions>
      </trkpt>
      <trkpt lat="46.4771449" lon="9.4923383">
        <ele>1848.7</ele>
        <time>2026-09-15T13:10:47Z</time>
        <extensions>
          <gpxdata:distance>10199.50</gpxdata:distance>
          <gpxdata:speed>0.923</gpxdata:speed>
        </extensions>
      </trkpt>
      <trkpt lat="46.4771019" lon="9.4922713">
        <ele>1848.4</ele>
        <time>2026-09-15T13:10:55Z</time>
        <extensions>
          <gpxdata:distance>10206.51</gpxdata:distance>
          <gpxdata:speed>0.925</gpxdata:speed>
        </extensions>
      </trkpt>
      <trkpt lat="46.4770479" lon="9.4922303">
        <ele>1847.9</ele>
        <time>2026-09-15T13:11:02Z</time>
        <extensions>
          <gpxdata:distance>10213.28</gpxdata:distance>
          <gpxdata:speed>0.920</gpxdata:speed>
        </extensions>
      </trkpt>
      <trkpt lat="46.4769769" lon="9.4922013">
        <ele>1846.5</ele>
        <time>2026-09-15T13:11:11Z</time>
        <extensions>
          <gpxdata:distance>10221.49</gpxdata:distance>
          <gpxdata:speed>0.923</gpxdata:speed>
        </extensions>
      </trkpt>
      <trkpt lat="46.4768429" lon="9.4921183">
        <ele>1841.0</ele>
        <time>2026-09-15T13:11:29Z</time>
        <extensions>
          <gpxdata:distance>10237.69</gpxdata:distance>
          <gpxdata:speed>0.911</gpxdata:speed>
        </extensions>
      </trkpt>
      <trkpt lat="46.4767629" lon="9.4920633">
        <ele>1838.7</ele>
        <time>2026-09-15T13:11:40Z</time>
        <extensions>
          <gpxdata:distance>10247.53</gpxdata:distance>
          <gpxdata:speed>0.890</gpxdata:speed>
        </extensions>
      </trkpt>
      <trkpt lat="46.4767019" lon="9.4919963">
        <ele>1836.5</ele>
        <time>2026-09-15T13:11:50Z</time>
        <extensions>
          <gpxdata:distance>10256.03</gpxdata:distance>
          <gpxdata:speed>0.873</gpxdata:speed>
        </extensions>
      </trkpt>
      <trkpt lat="46.4766669" lon="9.4919423">
        <ele>1835.6</ele>
        <time>2026-09-15T13:11:56Z</time>
        <extensions>
          <gpxdata:distance>10261.71</gpxdata:distance>
          <gpxdata:speed>0.877</gpxdata:speed>
        </extensions>
      </trkpt>
      <trkpt lat="46.4766399" lon="9.4919023">
        <ele>1834.6</ele>
        <time>2026-09-15T13:12:01Z</time>
        <extensions>
          <gpxdata:distance>10266.00</gpxdata:distance>
          <gpxdata:speed>0.873</gpxdata:speed>
        </extensions>
      </trkpt>
      <trkpt lat="46.4765869" lon="9.4918613">
        <ele>1833.2</ele>
        <time>2026-09-15T13:12:09Z</time>
        <extensions>
          <gpxdata:distance>10272.68</gpxdata:distance>
          <gpxdata:speed>0.872</gpxdata:speed>
        </extensions>
      </trkpt>
      <trkpt lat="46.4765519" lon="9.4918213">
        <ele>1832.4</ele>
        <time>2026-09-15T13:12:15Z</time>
        <extensions>
          <gpxdata:distance>10277.63</gpxdata:distance>
          <gpxdata:speed>0.872</gpxdata:speed>
        </extensions>
      </trkpt>
      <trkpt lat="46.4764119" lon="9.4916073">
        <ele>1828.6</ele>
        <time>2026-09-15T13:12:41Z</time>
        <extensions>
          <gpxdata:distance>10300.23</gpxdata:distance>
          <gpxdata:speed>0.872</gpxdata:speed>
        </extensions>
      </trkpt>
      <trkpt lat="46.4763669" lon="9.4915663">
        <ele>1827.6</ele>
        <time>2026-09-15T13:12:47Z</time>
        <extensions>
          <gpxdata:distance>10306.14</gpxdata:distance>
          <gpxdata:speed>0.872</gpxdata:speed>
        </extensions>
      </trkpt>
      <trkpt lat="46.4763239" lon="9.4914993">
        <ele>1826.3</ele>
        <time>2026-09-15T13:12:55Z</time>
        <extensions>
          <gpxdata:distance>10313.15</gpxdata:distance>
          <gpxdata:speed>0.879</gpxdata:speed>
        </extensions>
      </trkpt>
      <trkpt lat="46.4762699" lon="9.4914713">
        <ele>1825.3</ele>
        <time>2026-09-15T13:13:02Z</time>
        <extensions>
          <gpxdata:distance>10319.53</gpxdata:distance>
          <gpxdata:speed>0.891</gpxdata:speed>
        </extensions>
      </trkpt>
      <trkpt lat="46.4762079" lon="9.4914303">
        <ele>1824.5</ele>
        <time>2026-09-15T13:13:11Z</time>
        <extensions>
          <gpxdata:distance>10327.10</gpxdata:distance>
          <gpxdata:speed>0.914</gpxdata:speed>
        </extensions>
      </trkpt>
      <trkpt lat="46.4761189" lon="9.4913743">
        <ele>1822.6</ele>
        <time>2026-09-15T13:13:23Z</time>
        <extensions>
          <gpxdata:distance>10337.89</gpxdata:distance>
          <gpxdata:speed>0.912</gpxdata:speed>
        </extensions>
      </trkpt>
      <trkpt lat="46.4760839" lon="9.4913343">
        <ele>1822.5</ele>
        <time>2026-09-15T13:13:28Z</time>
        <extensions>
          <gpxdata:distance>10342.84</gpxdata:distance>
          <gpxdata:speed>0.930</gpxdata:speed>
        </extensions>
      </trkpt>
      <trkpt lat="46.4760569" lon="9.4912943">
        <ele>1822.7</ele>
        <time>2026-09-15T13:13:32Z</time>
        <extensions>
          <gpxdata:distance>10347.13</gpxdata:distance>
          <gpxdata:speed>0.932</gpxdata:speed>
        </extensions>
      </trkpt>
      <trkpt lat="46.4760309" lon="9.4912543">
        <ele>1822.7</ele>
        <time>2026-09-15T13:13:37Z</time>
        <extensions>
          <gpxdata:distance>10351.34</gpxdata:distance>
          <gpxdata:speed>0.923</gpxdata:speed>
        </extensions>
      </trkpt>
      <trkpt lat="46.4760049" lon="9.4912273">
        <ele>1822.7</ele>
        <time>2026-09-15T13:13:41Z</time>
        <extensions>
          <gpxdata:distance>10354.90</gpxdata:distance>
          <gpxdata:speed>0.902</gpxdata:speed>
        </extensions>
      </trkpt>
      <trkpt lat="46.4759689" lon="9.4911863">
        <ele>1822.4</ele>
        <time>2026-09-15T13:13:47Z</time>
        <extensions>
          <gpxdata:distance>10359.98</gpxdata:distance>
          <gpxdata:speed>0.898</gpxdata:speed>
        </extensions>
      </trkpt>
      <trkpt lat="46.4759069" lon="9.4911323">
        <ele>1821.3</ele>
        <time>2026-09-15T13:13:56Z</time>
        <extensions>
          <gpxdata:distance>10368.02</gpxdata:distance>
          <gpxdata:speed>0.904</gpxdata:speed>
        </extensions>
      </trkpt>
      <trkpt lat="46.4757929" lon="9.4909973">
        <ele>1819.2</ele>
        <time>2026-09-15T13:14:14Z</time>
        <extensions>
          <gpxdata:distance>10384.38</gpxdata:distance>
          <gpxdata:speed>0.901</gpxdata:speed>
        </extensions>
      </trkpt>
      <trkpt lat="46.4757399" lon="9.4909563">
        <ele>1819.4</ele>
        <time>2026-09-15T13:14:21Z</time>
        <extensions>
          <gpxdata:distance>10391.06</gpxdata:distance>
          <gpxdata:speed>0.916</gpxdata:speed>
        </extensions>
      </trkpt>
      <trkpt lat="46.4756859" lon="9.4909153">
        <ele>1818.8</ele>
        <time>2026-09-15T13:14:28Z</time>
        <extensions>
          <gpxdata:distance>10397.83</gpxdata:distance>
          <gpxdata:speed>0.934</gpxdata:speed>
        </extensions>
      </trkpt>
      <trkpt lat="46.4756159" lon="9.4908473">
        <ele>1818.5</ele>
        <time>2026-09-15T13:14:38Z</time>
        <extensions>
          <gpxdata:distance>10407.20</gpxdata:distance>
          <gpxdata:speed>0.935</gpxdata:speed>
        </extensions>
      </trkpt>
      <trkpt lat="46.4755539" lon="9.4907803">
        <ele>1818.3</ele>
        <time>2026-09-15T13:14:47Z</time>
        <extensions>
          <gpxdata:distance>10415.79</gpxdata:distance>
          <gpxdata:speed>0.933</gpxdata:speed>
        </extensions>
      </trkpt>
      <trkpt lat="46.4754829" lon="9.4907123">
        <ele>1817.8</ele>
        <time>2026-09-15T13:14:58Z</time>
        <extensions>
          <gpxdata:distance>10425.25</gpxdata:distance>
          <gpxdata:speed>0.931</gpxdata:speed>
        </extensions>
      </trkpt>
      <trkpt lat="46.4754479" lon="9.4906593">
        <ele>1816.9</ele>
        <time>2026-09-15T13:15:04Z</time>
        <extensions>
          <gpxdata:distance>10430.87</gpxdata:distance>
          <gpxdata:speed>0.920</gpxdata:speed>
        </extensions>
      </trkpt>
      <trkpt lat="46.4754039" lon="9.4906053">
        <ele>1816.1</ele>
        <time>2026-09-15T13:15:11Z</time>
        <extensions>
          <gpxdata:distance>10437.28</gpxdata:distance>
          <gpxdata:speed>0.914</gpxdata:speed>
        </extensions>
      </trkpt>
      <trkpt lat="46.4753599" lon="9.4905513">
        <ele>1815.9</ele>
        <time>2026-09-15T13:15:18Z</time>
        <extensions>
          <gpxdata:distance>10443.68</gpxdata:distance>
          <gpxdata:speed>0.925</gpxdata:speed>
        </extensions>
      </trkpt>
      <trkpt lat="46.4752979" lon="9.4904843">
        <ele>1814.9</ele>
        <time>2026-09-15T13:15:27Z</time>
        <extensions>
          <gpxdata:distance>10452.28</gpxdata:distance>
          <gpxdata:speed>0.934</gpxdata:speed>
        </extensions>
      </trkpt>
      <trkpt lat="46.4752629" lon="9.4904173">
        <ele>1813.3</ele>
        <time>2026-09-15T13:15:34Z</time>
        <extensions>
          <gpxdata:distance>10458.72</gpxdata:distance>
          <gpxdata:speed>0.905</gpxdata:speed>
        </extensions>
      </trkpt>
      <trkpt lat="46.4752279" lon="9.4903773">
        <ele>1812.6</ele>
        <time>2026-09-15T13:15:40Z</time>
        <extensions>
          <gpxdata:distance>10463.67</gpxdata:distance>
          <gpxdata:speed>0.901</gpxdata:speed>
        </extensions>
      </trkpt>
      <trkpt lat="46.4752199" lon="9.4903503">
        <ele>1812.0</ele>
        <time>2026-09-15T13:15:42Z</time>
        <extensions>
          <gpxdata:distance>10465.92</gpxdata:distance>
          <gpxdata:speed>0.904</gpxdata:speed>
        </extensions>
      </trkpt>
      <trkpt lat="46.4752199" lon="9.4903373">
        <ele>1811.8</ele>
        <time>2026-09-15T13:15:43Z</time>
        <extensions>
          <gpxdata:distance>10466.92</gpxdata:distance>
          <gpxdata:speed>0.919</gpxdata:speed>
        </extensions>
      </trkpt>
      <trkpt lat="46.4752379" lon="9.4903383">
        <ele>1811.5</ele>
        <time>2026-09-15T13:15:45Z</time>
        <extensions>
          <gpxdata:distance>10468.92</gpxdata:distance>
          <gpxdata:speed>0.935</gpxdata:speed>
        </extensions>
      </trkpt>
      <trkpt lat="46.4753549" lon="9.4903033">
        <ele>1810.0</ele>
        <time>2026-09-15T13:16:00Z</time>
        <extensions>
          <gpxdata:distance>10482.20</gpxdata:distance>
          <gpxdata:speed>0.926</gpxdata:speed>
        </extensions>
      </trkpt>
      <trkpt lat="46.4753649" lon="9.4902783">
        <ele>1809.6</ele>
        <time>2026-09-15T13:16:02Z</time>
        <extensions>
          <gpxdata:distance>10484.42</gpxdata:distance>
          <gpxdata:speed>0.929</gpxdata:speed>
        </extensions>
      </trkpt>
      <trkpt lat="46.4753469" lon="9.4902513">
        <ele>1809.3</ele>
        <time>2026-09-15T13:16:05Z</time>
        <extensions>
          <gpxdata:distance>10487.29</gpxdata:distance>
          <gpxdata:speed>0.938</gpxdata:speed>
        </extensions>
      </trkpt>
      <trkpt lat="46.4752759" lon="9.4902093">
        <ele>1807.9</ele>
        <time>2026-09-15T13:16:14Z</time>
        <extensions>
          <gpxdata:distance>10495.82</gpxdata:distance>
          <gpxdata:speed>0.925</gpxdata:speed>
        </extensions>
      </trkpt>
      <trkpt lat="46.4752499" lon="9.4901693">
        <ele>1807.1</ele>
        <time>2026-09-15T13:16:19Z</time>
        <extensions>
          <gpxdata:distance>10500.03</gpxdata:distance>
          <gpxdata:speed>0.940</gpxdata:speed>
        </extensions>
      </trkpt>
      <trkpt lat="46.4752329" lon="9.4901163">
        <ele>1806.2</ele>
        <time>2026-09-15T13:16:24Z</time>
        <extensions>
          <gpxdata:distance>10504.51</gpxdata:distance>
          <gpxdata:speed>0.931</gpxdata:speed>
        </extensions>
      </trkpt>
      <trkpt lat="46.4752329" lon="9.4900903">
        <ele>1805.4</ele>
        <time>2026-09-15T13:16:26Z</time>
        <extensions>
          <gpxdata:distance>10506.50</gpxdata:distance>
          <gpxdata:speed>0.923</gpxdata:speed>
        </extensions>
      </trkpt>
      <trkpt lat="46.4752419" lon="9.4900783">
        <ele>1805.1</ele>
        <time>2026-09-15T13:16:27Z</time>
        <extensions>
          <gpxdata:distance>10507.86</gpxdata:distance>
          <gpxdata:speed>0.921</gpxdata:speed>
        </extensions>
      </trkpt>
      <trkpt lat="46.4752789" lon="9.4900663">
        <ele>1804.3</ele>
        <time>2026-09-15T13:16:32Z</time>
        <extensions>
          <gpxdata:distance>10512.07</gpxdata:distance>
          <gpxdata:speed>0.917</gpxdata:speed>
        </extensions>
      </trkpt>
      <trkpt lat="46.4752969" lon="9.4900413">
        <ele>1803.7</ele>
        <time>2026-09-15T13:16:35Z</time>
        <extensions>
          <gpxdata:distance>10514.84</gpxdata:distance>
          <gpxdata:speed>0.881</gpxdata:speed>
        </extensions>
      </trkpt>
      <trkpt lat="46.4752879" lon="9.4900273">
        <ele>1803.3</ele>
        <time>2026-09-15T13:16:37Z</time>
        <extensions>
          <gpxdata:distance>10516.31</gpxdata:distance>
          <gpxdata:speed>0.875</gpxdata:speed>
        </extensions>
      </trkpt>
      <trkpt lat="46.4752799" lon="9.4900013">
        <ele>1802.7</ele>
        <time>2026-09-15T13:16:39Z</time>
        <extensions>
          <gpxdata:distance>10518.49</gpxdata:distance>
          <gpxdata:speed>0.872</gpxdata:speed>
        </extensions>
      </trkpt>
      <trkpt lat="46.4752619" lon="9.4899873">
        <ele>1802.3</ele>
        <time>2026-09-15T13:16:42Z</time>
        <extensions>
          <gpxdata:distance>10520.76</gpxdata:distance>
          <gpxdata:speed>0.872</gpxdata:speed>
        </extensions>
      </trkpt>
      <trkpt lat="46.4752629" lon="9.4899613">
        <ele>1802.1</ele>
        <time>2026-09-15T13:16:44Z</time>
        <extensions>
          <gpxdata:distance>10522.75</gpxdata:distance>
          <gpxdata:speed>0.872</gpxdata:speed>
        </extensions>
      </trkpt>
      <trkpt lat="46.4752899" lon="9.4899623">
        <ele>1801.6</ele>
        <time>2026-09-15T13:16:47Z</time>
        <extensions>
          <gpxdata:distance>10525.76</gpxdata:distance>
          <gpxdata:speed>0.872</gpxdata:speed>
        </extensions>
      </trkpt>
      <trkpt lat="46.4753079" lon="9.4899503">
        <ele>1801.4</ele>
        <time>2026-09-15T13:16:50Z</time>
        <extensions>
          <gpxdata:distance>10527.96</gpxdata:distance>
          <gpxdata:speed>0.890</gpxdata:speed>
        </extensions>
      </trkpt>
      <trkpt lat="46.4753439" lon="9.4899253">
        <ele>1800.4</ele>
        <time>2026-09-15T13:16:55Z</time>
        <extensions>
          <gpxdata:distance>10532.40</gpxdata:distance>
          <gpxdata:speed>0.883</gpxdata:speed>
        </extensions>
      </trkpt>
      <trkpt lat="46.4753539" lon="9.4899003">
        <ele>1798.4</ele>
        <time>2026-09-15T13:16:57Z</time>
        <extensions>
          <gpxdata:distance>10534.61</gpxdata:distance>
          <gpxdata:speed>0.872</gpxdata:speed>
        </extensions>
      </trkpt>
      <trkpt lat="46.4753449" lon="9.4898603">
        <ele>1798.0</ele>
        <time>2026-09-15T13:17:01Z</time>
        <extensions>
          <gpxdata:distance>10537.83</gpxdata:distance>
          <gpxdata:speed>0.872</gpxdata:speed>
        </extensions>
      </trkpt>
      <trkpt lat="46.4753019" lon="9.4897933">
        <ele>1797.1</ele>
        <time>2026-09-15T13:17:09Z</time>
        <extensions>
          <gpxdata:distance>10544.85</gpxdata:distance>
          <gpxdata:speed>0.872</gpxdata:speed>
        </extensions>
      </trkpt>
      <trkpt lat="46.4752399" lon="9.4897003">
        <ele>1795.8</ele>
        <time>2026-09-15T13:17:20Z</time>
        <extensions>
          <gpxdata:distance>10554.76</gpxdata:distance>
          <gpxdata:speed>0.885</gpxdata:speed>
        </extensions>
      </trkpt>
      <trkpt lat="46.4751359" lon="9.4894883">
        <ele>1792.8</ele>
        <time>2026-09-15T13:17:42Z</time>
        <extensions>
          <gpxdata:distance>10574.69</gpxdata:distance>
          <gpxdata:speed>0.904</gpxdata:speed>
        </extensions>
      </trkpt>
      <trkpt lat="46.4750939" lon="9.4893563">
        <ele>1791.3</ele>
        <time>2026-09-15T13:17:55Z</time>
        <extensions>
          <gpxdata:distance>10585.83</gpxdata:distance>
          <gpxdata:speed>0.911</gpxdata:speed>
        </extensions>
      </trkpt>
      <trkpt lat="46.4750499" lon="9.4892633">
        <ele>1790.5</ele>
        <time>2026-09-15T13:18:04Z</time>
        <extensions>
          <gpxdata:distance>10594.47</gpxdata:distance>
          <gpxdata:speed>0.924</gpxdata:speed>
        </extensions>
      </trkpt>
      <trkpt lat="46.4750329" lon="9.4891973">
        <ele>1789.5</ele>
        <time>2026-09-15T13:18:10Z</time>
        <extensions>
          <gpxdata:distance>10599.86</gpxdata:distance>
          <gpxdata:speed>0.919</gpxdata:speed>
        </extensions>
      </trkpt>
      <trkpt lat="46.4750169" lon="9.4891313">
        <ele>1788.4</ele>
        <time>2026-09-15T13:18:16Z</time>
        <extensions>
          <gpxdata:distance>10605.22</gpxdata:distance>
          <gpxdata:speed>0.920</gpxdata:speed>
        </extensions>
      </trkpt>
      <trkpt lat="46.4750349" lon="9.4890933">
        <ele>1787.8</ele>
        <time>2026-09-15T13:18:19Z</time>
        <extensions>
          <gpxdata:distance>10608.75</gpxdata:distance>
          <gpxdata:speed>0.934</gpxdata:speed>
        </extensions>
      </trkpt>
      <trkpt lat="46.4750629" lon="9.4890813">
        <ele>1787.3</ele>
        <time>2026-09-15T13:18:23Z</time>
        <extensions>
          <gpxdata:distance>10612.00</gpxdata:distance>
          <gpxdata:speed>0.935</gpxdata:speed>
        </extensions>
      </trkpt>
      <trkpt lat="46.4750799" lon="9.4890953">
        <ele>1786.9</ele>
        <time>2026-09-15T13:18:25Z</time>
        <extensions>
          <gpxdata:distance>10614.17</gpxdata:distance>
          <gpxdata:speed>0.937</gpxdata:speed>
        </extensions>
      </trkpt>
      <trkpt lat="46.4751419" lon="9.4891623">
        <ele>1785.7</ele>
        <time>2026-09-15T13:18:34Z</time>
        <extensions>
          <gpxdata:distance>10622.77</gpxdata:distance>
          <gpxdata:speed>0.939</gpxdata:speed>
        </extensions>
      </trkpt>
      <trkpt lat="46.4751869" lon="9.4891903">
        <ele>1784.9</ele>
        <time>2026-09-15T13:18:40Z</time>
        <extensions>
          <gpxdata:distance>10628.21</gpxdata:distance>
          <gpxdata:speed>0.938</gpxdata:speed>
        </extensions>
      </trkpt>
      <trkpt lat="46.4752309" lon="9.4892183">
        <ele>1784.2</ele>
        <time>2026-09-15T13:18:46Z</time>
        <extensions>
          <gpxdata:distance>10633.55</gpxdata:distance>
          <gpxdata:speed>0.939</gpxdata:speed>
        </extensions>
      </trkpt>
      <trkpt lat="46.4753119" lon="9.4892213">
        <ele>1783.0</ele>
        <time>2026-09-15T13:18:56Z</time>
        <extensions>
          <gpxdata:distance>10642.56</gpxdata:distance>
          <gpxdata:speed>0.932</gpxdata:speed>
        </extensions>
      </trkpt>
      <trkpt lat="46.4753839" lon="9.4891973">
        <ele>1781.8</ele>
        <time>2026-09-15T13:19:04Z</time>
        <extensions>
          <gpxdata:distance>10650.77</gpxdata:distance>
          <gpxdata:speed>0.938</gpxdata:speed>
        </extensions>
      </trkpt>
      <trkpt lat="46.4754289" lon="9.4891993">
        <ele>1781.0</ele>
        <time>2026-09-15T13:19:10Z</time>
        <extensions>
          <gpxdata:distance>10655.78</gpxdata:distance>
          <gpxdata:speed>0.937</gpxdata:speed>
        </extensions>
      </trkpt>
      <trkpt lat="46.4754569" lon="9.4891743">
        <ele>1780.1</ele>
        <time>2026-09-15T13:19:14Z</time>
        <extensions>
          <gpxdata:distance>10659.44</gpxdata:distance>
          <gpxdata:speed>0.937</gpxdata:speed>
        </extensions>
      </trkpt>
      <trkpt lat="46.4755029" lon="9.4891243">
        <ele>1779.5</ele>
        <time>2026-09-15T13:19:20Z</time>
        <extensions>
          <gpxdata:distance>10665.83</gpxdata:distance>
          <gpxdata:speed>0.935</gpxdata:speed>
        </extensions>
      </trkpt>
      <trkpt lat="46.4755029" lon="9.4891243">
        <ele>1779.5</ele>
        <time>2026-09-15T13:19:20Z</time>
        <extensions>
          <gpxdata:distance>10665.83</gpxdata:distance>
          <gpxdata:speed>0.000</gpxdata:speed>
        </extensions>
      </trkpt>
      <trkpt lat="46.4755749" lon="9.4891003">
        <ele>1779.4</ele>
        <time>2026-09-15T13:19:29Z</time>
        <extensions>
          <gpxdata:distance>10674.04</gpxdata:distance>
          <gpxdata:speed>0.915</gpxdata:speed>
        </extensions>
      </trkpt>
      <trkpt lat="46.4756569" lon="9.4890643">
        <ele>1777.9</ele>
        <time>2026-09-15T13:19:40Z</time>
        <extensions>
          <gpxdata:distance>10683.56</gpxdata:distance>
          <gpxdata:speed>0.919</gpxdata:speed>
        </extensions>
      </trkpt>
      <trkpt lat="46.4757469" lon="9.4890423">
        <ele>1776.5</ele>
        <time>2026-09-15T13:19:51Z</time>
        <extensions>
          <gpxdata:distance>10693.71</gpxdata:distance>
          <gpxdata:speed>0.920</gpxdata:speed>
        </extensions>
      </trkpt>
      <trkpt lat="46.4758729" lon="9.4890203">
        <ele>1774.8</ele>
        <time>2026-09-15T13:20:06Z</time>
        <extensions>
          <gpxdata:distance>10707.82</gpxdata:distance>
          <gpxdata:speed>0.918</gpxdata:speed>
        </extensions>
      </trkpt>
      <trkpt lat="46.4759449" lon="9.4890233">
        <ele>1773.9</ele>
        <time>2026-09-15T13:20:15Z</time>
        <extensions>
          <gpxdata:distance>10715.83</gpxdata:distance>
          <gpxdata:speed>0.914</gpxdata:speed>
        </extensions>
      </trkpt>
      <trkpt lat="46.4759989" lon="9.4890253">
        <ele>1773.2</ele>
        <time>2026-09-15T13:20:22Z</time>
        <extensions>
          <gpxdata:distance>10721.84</gpxdata:distance>
          <gpxdata:speed>0.911</gpxdata:speed>
        </extensions>
      </trkpt>
      <trkpt lat="46.4760799" lon="9.4890673">
        <ele>1772.0</ele>
        <time>2026-09-15T13:20:32Z</time>
        <extensions>
          <gpxdata:distance>10731.40</gpxdata:distance>
          <gpxdata:speed>0.906</gpxdata:speed>
        </extensions>
      </trkpt>
      <trkpt lat="46.4761689" lon="9.4891103">
        <ele>1770.5</ele>
        <time>2026-09-15T13:20:44Z</time>
        <extensions>
          <gpxdata:distance>10741.83</gpxdata:distance>
          <gpxdata:speed>0.911</gpxdata:speed>
        </extensions>
      </trkpt>
      <trkpt lat="46.4762669" lon="9.4891663">
        <ele>1768.8</ele>
        <time>2026-09-15T13:20:56Z</time>
        <extensions>
          <gpxdata:distance>10753.54</gpxdata:distance>
          <gpxdata:speed>0.914</gpxdata:speed>
        </extensions>
      </trkpt>
      <trkpt lat="46.4763019" lon="9.4891933">
        <ele>1768.2</ele>
        <time>2026-09-15T13:21:01Z</time>
        <extensions>
          <gpxdata:distance>10757.95</gpxdata:distance>
          <gpxdata:speed>0.925</gpxdata:speed>
        </extensions>
      </trkpt>
      <trkpt lat="46.4763559" lon="9.4892083">
        <ele>1767.4</ele>
        <time>2026-09-15T13:21:08Z</time>
        <extensions>
          <gpxdata:distance>10764.06</gpxdata:distance>
          <gpxdata:speed>0.922</gpxdata:speed>
        </extensions>
      </trkpt>
      <trkpt lat="46.4764009" lon="9.4892233">
        <ele>1766.7</ele>
        <time>2026-09-15T13:21:13Z</time>
        <extensions>
          <gpxdata:distance>10769.20</gpxdata:distance>
          <gpxdata:speed>0.922</gpxdata:speed>
        </extensions>
      </trkpt>
      <trkpt lat="46.4764369" lon="9.4892243">
        <ele>1766.4</ele>
        <time>2026-09-15T13:21:18Z</time>
        <extensions>
          <gpxdata:distance>10773.20</gpxdata:distance>
          <gpxdata:speed>0.920</gpxdata:speed>
        </extensions>
      </trkpt>
      <trkpt lat="46.4764639" lon="9.4892253">
        <ele>1766.1</ele>
        <time>2026-09-15T13:21:21Z</time>
        <extensions>
          <gpxdata:distance>10776.21</gpxdata:distance>
          <gpxdata:speed>0.921</gpxdata:speed>
        </extensions>
      </trkpt>
      <trkpt lat="46.4764639" lon="9.4892253">
        <ele>1766.1</ele>
        <time>2026-09-15T13:21:21Z</time>
        <extensions>
          <gpxdata:distance>10776.21</gpxdata:distance>
          <gpxdata:speed>0.000</gpxdata:speed>
        </extensions>
      </trkpt>
      <trkpt lat="46.4764729" lon="9.4891993">
        <ele>1765.1</ele>
        <time>2026-09-15T13:21:23Z</time>
        <extensions>
          <gpxdata:distance>10778.43</gpxdata:distance>
          <gpxdata:speed>0.937</gpxdata:speed>
        </extensions>
      </trkpt>
      <trkpt lat="46.4764729" lon="9.4891863">
        <ele>1764.2</ele>
        <time>2026-09-15T13:21:24Z</time>
        <extensions>
          <gpxdata:distance>10779.43</gpxdata:distance>
          <gpxdata:speed>0.916</gpxdata:speed>
        </extensions>
      </trkpt>
      <trkpt lat="46.4764729" lon="9.4891863">
        <ele>1764.2</ele>
        <time>2026-09-15T13:21:24Z</time>
        <extensions>
          <gpxdata:distance>10779.43</gpxdata:distance>
          <gpxdata:speed>0.000</gpxdata:speed>
        </extensions>
      </trkpt>
      <trkpt lat="46.4764739" lon="9.4891343">
        <ele>1764.1</ele>
        <time>2026-09-15T13:21:29Z</time>
        <extensions>
          <gpxdata:distance>10783.41</gpxdata:distance>
          <gpxdata:speed>0.925</gpxdata:speed>
        </extensions>
      </trkpt>
      <trkpt lat="46.4764739" lon="9.4891343">
        <ele>1764.1</ele>
        <time>2026-09-15T13:21:29Z</time>
        <extensions>
          <gpxdata:distance>10783.41</gpxdata:distance>
          <gpxdata:speed>0.000</gpxdata:speed>
        </extensions>
      </trkpt>
      <trkpt lat="46.4765369" lon="9.4891503">
        <ele>1763.4</ele>
        <time>2026-09-15T13:21:36Z</time>
        <extensions>
          <gpxdata:distance>10790.52</gpxdata:distance>
          <gpxdata:speed>0.934</gpxdata:speed>
        </extensions>
      </trkpt>
      <trkpt lat="46.4766089" lon="9.4891263">
        <ele>1762.5</ele>
        <time>2026-09-15T13:21:45Z</time>
        <extensions>
          <gpxdata:distance>10798.74</gpxdata:distance>
          <gpxdata:speed>0.936</gpxdata:speed>
        </extensions>
      </trkpt>
      <trkpt lat="46.4766639" lon="9.4891023">
        <ele>1761.9</ele>
        <time>2026-09-15T13:21:52Z</time>
        <extensions>
          <gpxdata:distance>10805.12</gpxdata:distance>
          <gpxdata:speed>0.936</gpxdata:speed>
        </extensions>
      </trkpt>
      <trkpt lat="46.4766999" lon="9.4890783">
        <ele>1761.4</ele>
        <time>2026-09-15T13:21:57Z</time>
        <extensions>
          <gpxdata:distance>10809.53</gpxdata:distance>
          <gpxdata:speed>0.932</gpxdata:speed>
        </extensions>
      </trkpt>
      <trkpt lat="46.4767549" lon="9.4890413">
        <ele>1760.9</ele>
        <time>2026-09-15T13:22:04Z</time>
        <extensions>
          <gpxdata:distance>10816.27</gpxdata:distance>
          <gpxdata:speed>0.904</gpxdata:speed>
        </extensions>
      </trkpt>
      <trkpt lat="46.4767549" lon="9.4890413">
        <ele>1760.9</ele>
        <time>2026-09-15T13:22:04Z</time>
        <extensions>
          <gpxdata:distance>10816.27</gpxdata:distance>
          <gpxdata:speed>0.000</gpxdata:speed>
        </extensions>
      </trkpt>
      <trkpt lat="46.4767019" lon="9.4890133">
        <ele>1761.0</ele>
        <time>2026-09-15T13:22:11Z</time>
        <extensions>
          <gpxdata:distance>10822.54</gpxdata:distance>
          <gpxdata:speed>0.922</gpxdata:speed>
        </extensions>
      </trkpt>
      <trkpt lat="46.4766749" lon="9.4889993">
        <ele>1761.0</ele>
        <time>2026-09-15T13:22:14Z</time>
        <extensions>
          <gpxdata:distance>10825.73</gpxdata:distance>
          <gpxdata:speed>0.923</gpxdata:speed>
        </extensions>
      </trkpt>
      <trkpt lat="46.4765589" lon="9.4889553">
        <ele>1758.3</ele>
        <time>2026-09-15T13:22:29Z</time>
        <extensions>
          <gpxdata:distance>10839.06</gpxdata:distance>
          <gpxdata:speed>0.898</gpxdata:speed>
        </extensions>
      </trkpt>
      <trkpt lat="46.4764869" lon="9.4889133">
        <ele>1757.4</ele>
        <time>2026-09-15T13:22:39Z</time>
        <extensions>
          <gpxdata:distance>10847.69</gpxdata:distance>
          <gpxdata:speed>0.899</gpxdata:speed>
        </extensions>
      </trkpt>
      <trkpt lat="46.4764339" lon="9.4888593">
        <ele>1756.8</ele>
        <time>2026-09-15T13:22:47Z</time>
        <extensions>
          <gpxdata:distance>10854.89</gpxdata:distance>
          <gpxdata:speed>0.896</gpxdata:speed>
        </extensions>
      </trkpt>
      <trkpt lat="46.4763899" lon="9.4888063">
        <ele>1756.0</ele>
        <time>2026-09-15T13:22:54Z</time>
        <extensions>
          <gpxdata:distance>10861.24</gpxdata:distance>
          <gpxdata:speed>0.899</gpxdata:speed>
        </extensions>
      </trkpt>
      <trkpt lat="46.4763639" lon="9.4887653">
        <ele>1755.5</ele>
        <time>2026-09-15T13:22:59Z</time>
        <extensions>
          <gpxdata:distance>10865.51</gpxdata:distance>
          <gpxdata:speed>0.899</gpxdata:speed>
        </extensions>
      </trkpt>
      <trkpt lat="46.4763289" lon="9.4887123">
        <ele>1754.6</ele>
        <time>2026-09-15T13:23:05Z</time>
        <extensions>
          <gpxdata:distance>10871.14</gpxdata:distance>
          <gpxdata:speed>0.908</gpxdata:speed>
        </extensions>
      </trkpt>
      <trkpt lat="46.4762589" lon="9.4885793">
        <ele>1752.8</ele>
        <time>2026-09-15T13:23:19Z</time>
        <extensions>
          <gpxdata:distance>10883.95</gpxdata:distance>
          <gpxdata:speed>0.912</gpxdata:speed>
        </extensions>
      </trkpt>
      <trkpt lat="46.4761729" lon="9.4883813">
        <ele>1750.5</ele>
        <time>2026-09-15T13:23:38Z</time>
        <extensions>
          <gpxdata:distance>10901.88</gpxdata:distance>
          <gpxdata:speed>0.924</gpxdata:speed>
        </extensions>
      </trkpt>
      <trkpt lat="46.4761039" lon="9.4881963">
        <ele>1748.4</ele>
        <time>2026-09-15T13:23:56Z</time>
        <extensions>
          <gpxdata:distance>10917.99</gpxdata:distance>
          <gpxdata:speed>0.928</gpxdata:speed>
        </extensions>
      </trkpt>
      <trkpt lat="46.4760699" lon="9.4881033">
        <ele>1747.2</ele>
        <time>2026-09-15T13:24:04Z</time>
        <extensions>
          <gpxdata:distance>10926.05</gpxdata:distance>
          <gpxdata:speed>0.920</gpxdata:speed>
        </extensions>
      </trkpt>
      <trkpt lat="46.4760009" lon="9.4879573">
        <ele>1745.6</ele>
        <time>2026-09-15T13:24:19Z</time>
        <extensions>
          <gpxdata:distance>10939.61</gpxdata:distance>
          <gpxdata:speed>0.920</gpxdata:speed>
        </extensions>
      </trkpt>
      <trkpt lat="46.4758969" lon="9.4877323">
        <ele>1742.8</ele>
        <time>2026-09-15T13:24:42Z</time>
        <extensions>
          <gpxdata:distance>10960.36</gpxdata:distance>
          <gpxdata:speed>0.924</gpxdata:speed>
        </extensions>
      </trkpt>
      <trkpt lat="46.4758799" lon="9.4876793">
        <ele>1742.6</ele>
        <time>2026-09-15T13:24:46Z</time>
        <extensions>
          <gpxdata:distance>10964.84</gpxdata:distance>
          <gpxdata:speed>0.921</gpxdata:speed>
        </extensions>
      </trkpt>
      <trkpt lat="46.4758889" lon="9.4876403">
        <ele>1742.3</ele>
        <time>2026-09-15T13:24:50Z</time>
        <extensions>
          <gpxdata:distance>10967.99</gpxdata:distance>
          <gpxdata:speed>0.921</gpxdata:speed>
        </extensions>
      </trkpt>
      <trkpt lat="46.4758989" lon="9.4876283">
        <ele>1742.1</ele>
        <time>2026-09-15T13:24:51Z</time>
        <extensions>
          <gpxdata:distance>10969.43</gpxdata:distance>
          <gpxdata:speed>0.919</gpxdata:speed>
        </extensions>
      </trkpt>
      <trkpt lat="46.4759169" lon="9.4876153">
        <ele>1741.8</ele>
        <time>2026-09-15T13:24:54Z</time>
        <extensions>
          <gpxdata:distance>10971.67</gpxdata:distance>
          <gpxdata:speed>0.918</gpxdata:speed>
        </extensions>
      </trkpt>
      <trkpt lat="46.4759709" lon="9.4876303">
        <ele>1741.0</ele>
        <time>2026-09-15T13:25:01Z</time>
        <extensions>
          <gpxdata:distance>10977.78</gpxdata:distance>
          <gpxdata:speed>0.917</gpxdata:speed>
        </extensions>
      </trkpt>
      <trkpt lat="46.4760329" lon="9.4876723">
        <ele>1739.6</ele>
        <time>2026-09-15T13:25:09Z</time>
        <extensions>
          <gpxdata:distance>10985.39</gpxdata:distance>
          <gpxdata:speed>0.922</gpxdata:speed>
        </extensions>
      </trkpt>
      <trkpt lat="46.4761659" lon="9.4877553">
        <ele>1737.3</ele>
        <time>2026-09-15T13:25:26Z</time>
        <extensions>
          <gpxdata:distance>11001.48</gpxdata:distance>
          <gpxdata:speed>0.923</gpxdata:speed>
        </extensions>
      </trkpt>
      <trkpt lat="46.4762289" lon="9.4877833">
        <ele>1736.4</ele>
        <time>2026-09-15T13:25:34Z</time>
        <extensions>
          <gpxdata:distance>11008.81</gpxdata:distance>
          <gpxdata:speed>0.924</gpxdata:speed>
        </extensions>
      </trkpt>
      <trkpt lat="46.4762649" lon="9.4877983">
        <ele>1735.9</ele>
        <time>2026-09-15T13:25:39Z</time>
        <extensions>
          <gpxdata:distance>11012.98</gpxdata:distance>
          <gpxdata:speed>0.923</gpxdata:speed>
        </extensions>
      </trkpt>
      <trkpt lat="46.4763179" lon="9.4878133">
        <ele>1735.2</ele>
        <time>2026-09-15T13:25:45Z</time>
        <extensions>
          <gpxdata:distance>11018.98</gpxdata:distance>
          <gpxdata:speed>0.928</gpxdata:speed>
        </extensions>
      </trkpt>
      <trkpt lat="46.4764089" lon="9.4877903">
        <ele>1734.1</ele>
        <time>2026-09-15T13:25:56Z</time>
        <extensions>
          <gpxdata:distance>11029.25</gpxdata:distance>
          <gpxdata:speed>0.925</gpxdata:speed>
        </extensions>
      </trkpt>
      <trkpt lat="46.4765529" lon="9.4877573">
        <ele>1732.3</ele>
        <time>2026-09-15T13:26:14Z</time>
        <extensions>
          <gpxdata:distance>11045.46</gpxdata:distance>
          <gpxdata:speed>0.921</gpxdata:speed>
        </extensions>
      </trkpt>
      <trkpt lat="46.4766439" lon="9.4876953">
        <ele>1730.8</ele>
        <time>2026-09-15T13:26:26Z</time>
        <extensions>
          <gpxdata:distance>11056.64</gpxdata:distance>
          <gpxdata:speed>0.921</gpxdata:speed>
        </extensions>
      </trkpt>
      <trkpt lat="46.4766809" lon="9.4876443">
        <ele>1730.0</ele>
        <time>2026-09-15T13:26:32Z</time>
        <extensions>
          <gpxdata:distance>11062.31</gpxdata:distance>
          <gpxdata:speed>0.922</gpxdata:speed>
        </extensions>
      </trkpt>
      <trkpt lat="46.4766999" lon="9.4875803">
        <ele>1729.3</ele>
        <time>2026-09-15T13:26:38Z</time>
        <extensions>
          <gpxdata:distance>11067.65</gpxdata:distance>
          <gpxdata:speed>0.917</gpxdata:speed>
        </extensions>
      </trkpt>
      <trkpt lat="46.4767389" lon="9.4874253">
        <ele>1728.0</ele>
        <time>2026-09-15T13:26:52Z</time>
        <extensions>
          <gpxdata:distance>11080.28</gpxdata:distance>
          <gpxdata:speed>0.911</gpxdata:speed>
        </extensions>
      </trkpt>
      <trkpt lat="46.4767599" lon="9.4872693">
        <ele>1726.4</ele>
        <time>2026-09-15T13:27:05Z</time>
        <extensions>
          <gpxdata:distance>11092.46</gpxdata:distance>
          <gpxdata:speed>0.912</gpxdata:speed>
        </extensions>
      </trkpt>
      <trkpt lat="46.4767889" lon="9.4871403">
        <ele>1725.2</ele>
        <time>2026-09-15T13:27:17Z</time>
        <extensions>
          <gpxdata:distance>11102.85</gpxdata:distance>
          <gpxdata:speed>0.912</gpxdata:speed>
        </extensions>
      </trkpt>
      <trkpt lat="46.4768089" lon="9.4870633">
        <ele>1724.6</ele>
        <time>2026-09-15T13:27:23Z</time>
        <extensions>
          <gpxdata:distance>11109.15</gpxdata:distance>
          <gpxdata:speed>0.910</gpxdata:speed>
        </extensions>
      </trkpt>
      <trkpt lat="46.4768369" lon="9.4869863">
        <ele>1723.9</ele>
        <time>2026-09-15T13:27:31Z</time>
        <extensions>
          <gpxdata:distance>11115.82</gpxdata:distance>
          <gpxdata:speed>0.911</gpxdata:speed>
        </extensions>
      </trkpt>
      <trkpt lat="46.4768759" lon="9.4868443">
        <ele>1722.7</ele>
        <time>2026-09-15T13:27:44Z</time>
        <extensions>
          <gpxdata:distance>11127.52</gpxdata:distance>
          <gpxdata:speed>0.910</gpxdata:speed>
        </extensions>
      </trkpt>
      <trkpt lat="46.4769129" lon="9.4867413">
        <ele>1722.3</ele>
        <time>2026-09-15T13:27:54Z</time>
        <extensions>
          <gpxdata:distance>11136.42</gpxdata:distance>
          <gpxdata:speed>0.900</gpxdata:speed>
        </extensions>
      </trkpt>
      <trkpt lat="46.4769129" lon="9.4867413">
        <ele>1722.3</ele>
        <time>2026-09-15T13:27:54Z</time>
        <extensions>
          <gpxdata:distance>11136.42</gpxdata:distance>
          <gpxdata:speed>0.000</gpxdata:speed>
        </extensions>
      </trkpt>
      <trkpt lat="46.4770139" lon="9.4866543">
        <ele>1721.5</ele>
        <time>2026-09-15T13:28:08Z</time>
        <extensions>
          <gpxdata:distance>11149.48</gpxdata:distance>
          <gpxdata:speed>0.899</gpxdata:speed>
        </extensions>
      </trkpt>
      <trkpt lat="46.4771419" lon="9.4865413">
        <ele>1720.1</ele>
        <time>2026-09-15T13:28:26Z</time>
        <extensions>
          <gpxdata:distance>11166.13</gpxdata:distance>
          <gpxdata:speed>0.903</gpxdata:speed>
        </extensions>
      </trkpt>
      <trkpt lat="46.4772699" lon="9.4864553">
        <ele>1719.2</ele>
        <time>2026-09-15T13:28:44Z</time>
        <extensions>
          <gpxdata:distance>11181.82</gpxdata:distance>
          <gpxdata:speed>0.915</gpxdata:speed>
        </extensions>
      </trkpt>
      <trkpt lat="46.4772699" lon="9.4864553">
        <ele>1719.2</ele>
        <time>2026-09-15T13:28:44Z</time>
        <extensions>
          <gpxdata:distance>11181.82</gpxdata:distance>
          <gpxdata:speed>0.000</gpxdata:speed>
        </extensions>
      </trkpt>
      <trkpt lat="46.4773969" lon="9.4863563">
        <ele>1718.7</ele>
        <time>2026-09-15T13:29:01Z</time>
        <extensions>
          <gpxdata:distance>11197.84</gpxdata:distance>
          <gpxdata:speed>0.930</gpxdata:speed>
        </extensions>
      </trkpt>
      <trkpt lat="46.4773969" lon="9.4863563">
        <ele>1718.7</ele>
        <time>2026-09-15T13:29:01Z</time>
        <extensions>
          <gpxdata:distance>11197.84</gpxdata:distance>
          <gpxdata:speed>0.000</gpxdata:speed>
        </extensions>
      </trkpt>
      <trkpt lat="46.4774159" lon="9.4863303">
        <ele>1718.6</ele>
        <time>2026-09-15T13:29:04Z</time>
        <extensions>
          <gpxdata:distance>11200.75</gpxdata:distance>
          <gpxdata:speed>0.942</gpxdata:speed>
        </extensions>
      </trkpt>
      <trkpt lat="46.4774159" lon="9.4863303">
        <ele>1718.6</ele>
        <time>2026-09-15T13:29:04Z</time>
        <extensions>
          <gpxdata:distance>11200.75</gpxdata:distance>
          <gpxdata:speed>0.000</gpxdata:speed>
        </extensions>
      </trkpt>
      <trkpt lat="46.4774529" lon="9.4862933">
        <ele>1718.5</ele>
        <time>2026-09-15T13:29:09Z</time>
        <extensions>
          <gpxdata:distance>11205.74</gpxdata:distance>
          <gpxdata:speed>0.943</gpxdata:speed>
        </extensions>
      </trkpt>
      <trkpt lat="46.4774799" lon="9.4862553">
        <ele>1718.4</ele>
        <time>2026-09-15T13:29:14Z</time>
        <extensions>
          <gpxdata:distance>11209.92</gpxdata:distance>
          <gpxdata:speed>0.947</gpxdata:speed>
        </extensions>
      </trkpt>
      <trkpt lat="46.4774989" lon="9.4861903">
        <ele>1718.4</ele>
        <time>2026-09-15T13:29:19Z</time>
        <extensions>
          <gpxdata:distance>11215.33</gpxdata:distance>
          <gpxdata:speed>0.968</gpxdata:speed>
        </extensions>
      </trkpt>
      <trkpt lat="46.4775369" lon="9.4860743">
        <ele>1718.1</ele>
        <time>2026-09-15T13:29:29Z</time>
        <extensions>
          <gpxdata:distance>11225.17</gpxdata:distance>
          <gpxdata:speed>0.980</gpxdata:speed>
        </extensions>
      </trkpt>
      <trkpt lat="46.4775939" lon="9.4859073">
        <ele>1717.8</ele>
        <time>2026-09-15T13:29:44Z</time>
        <extensions>
          <gpxdata:distance>11239.44</gpxdata:distance>
          <gpxdata:speed>0.981</gpxdata:speed>
        </extensions>
      </trkpt>
      <trkpt lat="46.4776319" lon="9.4858443">
        <ele>1717.6</ele>
        <time>2026-09-15T13:29:50Z</time>
        <extensions>
          <gpxdata:distance>11245.85</gpxdata:distance>
          <gpxdata:speed>0.983</gpxdata:speed>
        </extensions>
      </trkpt>
      <trkpt lat="46.4776969" lon="9.4857293">
        <ele>1717.4</ele>
        <time>2026-09-15T13:30:02Z</time>
        <extensions>
          <gpxdata:distance>11257.24</gpxdata:distance>
          <gpxdata:speed>0.984</gpxdata:speed>
        </extensions>
      </trkpt>
      <trkpt lat="46.4778439" lon="9.4855393">
        <ele>1717.1</ele>
        <time>2026-09-15T13:30:24Z</time>
        <extensions>
          <gpxdata:distance>11279.13</gpxdata:distance>
          <gpxdata:speed>0.988</gpxdata:speed>
        </extensions>
      </trkpt>
      <trkpt lat="46.4779729" lon="9.4853753">
        <ele>1716.8</ele>
        <time>2026-09-15T13:30:43Z</time>
        <extensions>
          <gpxdata:distance>11298.19</gpxdata:distance>
          <gpxdata:speed>0.989</gpxdata:speed>
        </extensions>
      </trkpt>
      <trkpt lat="46.4779999" lon="9.4853633">
        <ele>1716.8</ele>
        <time>2026-09-15T13:30:47Z</time>
        <extensions>
          <gpxdata:distance>11301.33</gpxdata:distance>
          <gpxdata:speed>0.990</gpxdata:speed>
        </extensions>
      </trkpt>
      <trkpt lat="46.4780449" lon="9.4853513">
        <ele>1716.7</ele>
        <time>2026-09-15T13:30:52Z</time>
        <extensions>
          <gpxdata:distance>11306.42</gpxdata:distance>
          <gpxdata:speed>0.990</gpxdata:speed>
        </extensions>
      </trkpt>
      <trkpt lat="46.4780449" lon="9.4853513">
        <ele>1716.7</ele>
        <time>2026-09-15T13:30:52Z</time>
        <extensions>
          <gpxdata:distance>11306.42</gpxdata:distance>
          <gpxdata:speed>0.000</gpxdata:speed>
        </extensions>
      </trkpt>
      <trkpt lat="46.4780449" lon="9.4853903">
        <ele>1716.8</ele>
        <time>2026-09-15T13:30:55Z</time>
        <extensions>
          <gpxdata:distance>11309.40</gpxdata:distance>
          <gpxdata:speed>0.993</gpxdata:speed>
        </extensions>
      </trkpt>
      <trkpt lat="46.4780529" lon="9.4854433">
        <ele>1717.0</ele>
        <time>2026-09-15T13:30:59Z</time>
        <extensions>
          <gpxdata:distance>11313.56</gpxdata:distance>
          <gpxdata:speed>0.999</gpxdata:speed>
        </extensions>
      </trkpt>
      <trkpt lat="46.4780699" lon="9.4854693">
        <ele>1717.1</ele>
        <time>2026-09-15T13:31:02Z</time>
        <extensions>
          <gpxdata:distance>11316.30</gpxdata:distance>
          <gpxdata:speed>1.003</gpxdata:speed>
        </extensions>
      </trkpt>
      <trkpt lat="46.4780879" lon="9.4854963">
        <ele>1717.3</ele>
        <time>2026-09-15T13:31:04Z</time>
        <extensions>
          <gpxdata:distance>11319.18</gpxdata:distance>
          <gpxdata:speed>1.010</gpxdata:speed>
        </extensions>
      </trkpt>
      <trkpt lat="46.4781149" lon="9.4855103">
        <ele>1717.5</ele>
        <time>2026-09-15T13:31:08Z</time>
        <extensions>
          <gpxdata:distance>11322.37</gpxdata:distance>
          <gpxdata:speed>0.989</gpxdata:speed>
        </extensions>
      </trkpt>
      <trkpt lat="46.4781499" lon="9.4855243">
        <ele>1717.7</ele>
        <time>2026-09-15T13:31:12Z</time>
        <extensions>
          <gpxdata:distance>11326.41</gpxdata:distance>
          <gpxdata:speed>0.931</gpxdata:speed>
        </extensions>
      </trkpt>
      <trkpt lat="46.4781869" lon="9.4855003">
        <ele>1717.9</ele>
        <time>2026-09-15T13:31:17Z</time>
        <extensions>
          <gpxdata:distance>11330.91</gpxdata:distance>
          <gpxdata:speed>0.918</gpxdata:speed>
        </extensions>
      </trkpt>
      <trkpt lat="46.4782239" lon="9.4854493">
        <ele>1718.3</ele>
        <time>2026-09-15T13:31:23Z</time>
        <extensions>
          <gpxdata:distance>11336.58</gpxdata:distance>
          <gpxdata:speed>0.877</gpxdata:speed>
        </extensions>
      </trkpt>
      <trkpt lat="46.4782969" lon="9.4853483">
        <ele>1719.3</ele>
        <time>2026-09-15T13:31:37Z</time>
        <extensions>
          <gpxdata:distance>11347.80</gpxdata:distance>
          <gpxdata:speed>0.852</gpxdata:speed>
        </extensions>
      </trkpt>
      <trkpt lat="46.4785389" lon="9.4849533">
        <ele>1723.0</ele>
        <time>2026-09-15T13:32:26Z</time>
        <extensions>
          <gpxdata:distance>11388.28</gpxdata:distance>
          <gpxdata:speed>0.810</gpxdata:speed>
        </extensions>
      </trkpt>
      <trkpt lat="46.4785939" lon="9.4848903">
        <ele>1723.6</ele>
        <time>2026-09-15T13:32:36Z</time>
        <extensions>
          <gpxdata:distance>11396.07</gpxdata:distance>
          <gpxdata:speed>0.807</gpxdata:speed>
        </extensions>
      </trkpt>
      <trkpt lat="46.4786299" lon="9.4848523">
        <ele>1724.0</ele>
        <time>2026-09-15T13:32:42Z</time>
        <extensions>
          <gpxdata:distance>11401.02</gpxdata:distance>
          <gpxdata:speed>0.803</gpxdata:speed>
        </extensions>
      </trkpt>
      <trkpt lat="46.4786669" lon="9.4848283">
        <ele>1724.3</ele>
        <time>2026-09-15T13:32:48Z</time>
        <extensions>
          <gpxdata:distance>11405.52</gpxdata:distance>
          <gpxdata:speed>0.804</gpxdata:speed>
        </extensions>
      </trkpt>
      <trkpt lat="46.4786939" lon="9.4848293">
        <ele>1724.5</ele>
        <time>2026-09-15T13:32:52Z</time>
        <extensions>
          <gpxdata:distance>11408.53</gpxdata:distance>
          <gpxdata:speed>0.803</gpxdata:speed>
        </extensions>
      </trkpt>
      <trkpt lat="46.4787199" lon="9.4848433">
        <ele>1724.8</ele>
        <time>2026-09-15T13:32:56Z</time>
        <extensions>
          <gpxdata:distance>11411.61</gpxdata:distance>
          <gpxdata:speed>0.798</gpxdata:speed>
        </extensions>
      </trkpt>
      <trkpt lat="46.4787469" lon="9.4848833">
        <ele>1725.0</ele>
        <time>2026-09-15T13:33:01Z</time>
        <extensions>
          <gpxdata:distance>11415.90</gpxdata:distance>
          <gpxdata:speed>0.797</gpxdata:speed>
        </extensions>
      </trkpt>
      <trkpt lat="46.4787639" lon="9.4849353">
        <ele>1725.2</ele>
        <time>2026-09-15T13:33:06Z</time>
        <extensions>
          <gpxdata:distance>11420.31</gpxdata:distance>
          <gpxdata:speed>0.800</gpxdata:speed>
        </extensions>
      </trkpt>
      <trkpt lat="46.4787719" lon="9.4849883">
        <ele>1725.5</ele>
        <time>2026-09-15T13:33:12Z</time>
        <extensions>
          <gpxdata:distance>11424.46</gpxdata:distance>
          <gpxdata:speed>0.804</gpxdata:speed>
        </extensions>
      </trkpt>
      <trkpt lat="46.4787719" lon="9.4849883">
        <ele>1725.5</ele>
        <time>2026-09-15T13:33:12Z</time>
        <extensions>
          <gpxdata:distance>11424.46</gpxdata:distance>
          <gpxdata:speed>0.000</gpxdata:speed>
        </extensions>
      </trkpt>
      <trkpt lat="46.4787989" lon="9.4849893">
        <ele>1725.5</ele>
        <time>2026-09-15T13:33:15Z</time>
        <extensions>
          <gpxdata:distance>11427.46</gpxdata:distance>
          <gpxdata:speed>0.858</gpxdata:speed>
        </extensions>
      </trkpt>
      <trkpt lat="46.4788349" lon="9.4849643">
        <ele>1725.5</ele>
        <time>2026-09-15T13:33:20Z</time>
        <extensions>
          <gpxdata:distance>11431.90</gpxdata:distance>
          <gpxdata:speed>0.889</gpxdata:speed>
        </extensions>
      </trkpt>
      <trkpt lat="46.4788629" lon="9.4849263">
        <ele>1725.4</ele>
        <time>2026-09-15T13:33:25Z</time>
        <extensions>
          <gpxdata:distance>11436.16</gpxdata:distance>
          <gpxdata:speed>0.921</gpxdata:speed>
        </extensions>
      </trkpt>
      <trkpt lat="46.4788999" lon="9.4848623">
        <ele>1725.5</ele>
        <time>2026-09-15T13:33:32Z</time>
        <extensions>
          <gpxdata:distance>11442.56</gpxdata:distance>
          <gpxdata:speed>0.938</gpxdata:speed>
        </extensions>
      </trkpt>
      <trkpt lat="46.4789279" lon="9.4847983">
        <ele>1725.9</ele>
        <time>2026-09-15T13:33:38Z</time>
        <extensions>
          <gpxdata:distance>11448.37</gpxdata:distance>
          <gpxdata:speed>0.936</gpxdata:speed>
        </extensions>
      </trkpt>
      <trkpt lat="46.4790019" lon="9.4846973">
        <ele>1726.8</ele>
        <time>2026-09-15T13:33:50Z</time>
        <extensions>
          <gpxdata:distance>11459.66</gpxdata:distance>
          <gpxdata:speed>0.908</gpxdata:speed>
        </extensions>
      </trkpt>
      <trkpt lat="46.4790759" lon="9.4846093">
        <ele>1726.9</ele>
        <time>2026-09-15T13:34:02Z</time>
        <extensions>
          <gpxdata:distance>11470.30</gpxdata:distance>
          <gpxdata:speed>0.926</gpxdata:speed>
        </extensions>
      </trkpt>
      <trkpt lat="46.4791399" lon="9.4845593">
        <ele>1727.0</ele>
        <time>2026-09-15T13:34:10Z</time>
        <extensions>
          <gpxdata:distance>11478.38</gpxdata:distance>
          <gpxdata:speed>0.942</gpxdata:speed>
        </extensions>
      </trkpt>
      <trkpt lat="46.4791399" lon="9.4845593">
        <ele>1727.0</ele>
        <time>2026-09-15T13:34:10Z</time>
        <extensions>
          <gpxdata:distance>11478.38</gpxdata:distance>
          <gpxdata:speed>0.000</gpxdata:speed>
        </extensions>
      </trkpt>
      <trkpt lat="46.4791309" lon="9.4845193">
        <ele>1726.7</ele>
        <time>2026-09-15T13:34:14Z</time>
        <extensions>
          <gpxdata:distance>11481.60</gpxdata:distance>
          <gpxdata:speed>0.956</gpxdata:speed>
        </extensions>
      </trkpt>
      <trkpt lat="46.4791589" lon="9.4844683">
        <ele>1726.8</ele>
        <time>2026-09-15T13:34:19Z</time>
        <extensions>
          <gpxdata:distance>11486.59</gpxdata:distance>
          <gpxdata:speed>0.952</gpxdata:speed>
        </extensions>
      </trkpt>
      <trkpt lat="46.4791959" lon="9.4844053">
        <ele>1726.8</ele>
        <time>2026-09-15T13:34:26Z</time>
        <extensions>
          <gpxdata:distance>11492.93</gpxdata:distance>
          <gpxdata:speed>0.950</gpxdata:speed>
        </extensions>
      </trkpt>
      <trkpt lat="46.4792239" lon="9.4843933">
        <ele>1726.6</ele>
        <time>2026-09-15T13:34:29Z</time>
        <extensions>
          <gpxdata:distance>11496.18</gpxdata:distance>
          <gpxdata:speed>0.960</gpxdata:speed>
        </extensions>
      </trkpt>
      <trkpt lat="46.4793489" lon="9.4844104">
        <ele>1727.6</ele>
        <time>2026-09-15T13:34:44Z</time>
        <extensions>
          <gpxdata:distance>11510.14</gpxdata:distance>
          <gpxdata:speed>0.943</gpxdata:speed>
        </extensions>
      </trkpt>
      <trkpt lat="46.4793949" lon="9.4843864">
        <ele>1727.7</ele>
        <time>2026-09-15T13:34:49Z</time>
        <extensions>
          <gpxdata:distance>11515.58</gpxdata:distance>
          <gpxdata:speed>0.972</gpxdata:speed>
        </extensions>
      </trkpt>
      <trkpt lat="46.4794939" lon="9.4843384">
        <ele>1728.3</ele>
        <time>2026-09-15T13:35:02Z</time>
        <extensions>
          <gpxdata:distance>11527.18</gpxdata:distance>
          <gpxdata:speed>0.950</gpxdata:speed>
        </extensions>
      </trkpt>
      <trkpt lat="46.4795578" lon="9.4842884">
        <ele>1730.5</ele>
        <time>2026-09-15T13:35:11Z</time>
        <extensions>
          <gpxdata:distance>11535.25</gpxdata:distance>
          <gpxdata:speed>0.855</gpxdata:speed>
        </extensions>
      </trkpt>
      <trkpt lat="46.4795938" lon="9.4842894">
        <ele>1731.2</ele>
        <time>2026-09-15T13:35:16Z</time>
        <extensions>
          <gpxdata:distance>11539.26</gpxdata:distance>
          <gpxdata:speed>0.835</gpxdata:speed>
        </extensions>
      </trkpt>
      <trkpt lat="46.4796668" lon="9.4842664">
        <ele>1732.4</ele>
        <time>2026-09-15T13:35:26Z</time>
        <extensions>
          <gpxdata:distance>11547.56</gpxdata:distance>
          <gpxdata:speed>0.790</gpxdata:speed>
        </extensions>
      </trkpt>
      <trkpt lat="46.4797228" lon="9.4841384">
        <ele>1731.2</ele>
        <time>2026-09-15T13:35:40Z</time>
        <extensions>
          <gpxdata:distance>11559.17</gpxdata:distance>
          <gpxdata:speed>0.858</gpxdata:speed>
        </extensions>
      </trkpt>
      <trkpt lat="46.4797418" lon="9.4841004">
        <ele>1731.1</ele>
        <time>2026-09-15T13:35:44Z</time>
        <extensions>
          <gpxdata:distance>11562.77</gpxdata:distance>
          <gpxdata:speed>0.855</gpxdata:speed>
        </extensions>
      </trkpt>
      <trkpt lat="46.4798338" lon="9.4839734">
        <ele>1729.9</ele>
        <time>2026-09-15T13:36:00Z</time>
        <extensions>
          <gpxdata:distance>11576.88</gpxdata:distance>
          <gpxdata:speed>0.909</gpxdata:speed>
        </extensions>
      </trkpt>
      <trkpt lat="46.4798708" lon="9.4839354">
        <ele>1729.5</ele>
        <time>2026-09-15T13:36:05Z</time>
        <extensions>
          <gpxdata:distance>11581.92</gpxdata:distance>
          <gpxdata:speed>0.945</gpxdata:speed>
        </extensions>
      </trkpt>
      <trkpt lat="46.4798988" lon="9.4838714">
        <ele>1728.9</ele>
        <time>2026-09-15T13:36:11Z</time>
        <extensions>
          <gpxdata:distance>11587.73</gpxdata:distance>
          <gpxdata:speed>0.970</gpxdata:speed>
        </extensions>
      </trkpt>
      <trkpt lat="46.4799358" lon="9.4837814">
        <ele>1729.2</ele>
        <time>2026-09-15T13:36:19Z</time>
        <extensions>
          <gpxdata:distance>11595.76</gpxdata:distance>
          <gpxdata:speed>0.979</gpxdata:speed>
        </extensions>
      </trkpt>
      <trkpt lat="46.4799558" lon="9.4836914">
        <ele>1729.2</ele>
        <time>2026-09-15T13:36:26Z</time>
        <extensions>
          <gpxdata:distance>11603.00</gpxdata:distance>
          <gpxdata:speed>0.988</gpxdata:speed>
        </extensions>
      </trkpt>
      <trkpt lat="46.4799748" lon="9.4836264">
        <ele>1728.9</ele>
        <time>2026-09-15T13:36:32Z</time>
        <extensions>
          <gpxdata:distance>11608.40</gpxdata:distance>
          <gpxdata:speed>0.970</gpxdata:speed>
        </extensions>
      </trkpt>
      <trkpt lat="46.4799938" lon="9.4835754">
        <ele>1729.1</ele>
        <time>2026-09-15T13:36:37Z</time>
        <extensions>
          <gpxdata:distance>11612.84</gpxdata:distance>
          <gpxdata:speed>0.948</gpxdata:speed>
        </extensions>
      </trkpt>
      <trkpt lat="46.4801428" lon="9.4833204">
        <ele>1732.3</ele>
        <time>2026-09-15T13:37:03Z</time>
        <extensions>
          <gpxdata:distance>11638.45</gpxdata:distance>
          <gpxdata:speed>0.977</gpxdata:speed>
        </extensions>
      </trkpt>
      <trkpt lat="46.4802078" lon="9.4832184">
        <ele>1733.6</ele>
        <time>2026-09-15T13:37:14Z</time>
        <extensions>
          <gpxdata:distance>11649.09</gpxdata:distance>
          <gpxdata:speed>0.939</gpxdata:speed>
        </extensions>
      </trkpt>
      <trkpt lat="46.4802628" lon="9.4831554">
        <ele>1734.6</ele>
        <time>2026-09-15T13:37:23Z</time>
        <extensions>
          <gpxdata:distance>11656.88</gpxdata:distance>
          <gpxdata:speed>0.862</gpxdata:speed>
        </extensions>
      </trkpt>
      <trkpt lat="46.4802998" lon="9.4830924">
        <ele>1734.8</ele>
        <time>2026-09-15T13:37:31Z</time>
        <extensions>
          <gpxdata:distance>11663.22</gpxdata:distance>
          <gpxdata:speed>0.845</gpxdata:speed>
        </extensions>
      </trkpt>
      <trkpt lat="46.4803548" lon="9.4830164">
        <ele>1734.9</ele>
        <time>2026-09-15T13:37:41Z</time>
        <extensions>
          <gpxdata:distance>11671.66</gpxdata:distance>
          <gpxdata:speed>0.829</gpxdata:speed>
        </extensions>
      </trkpt>
      <trkpt lat="46.4804088" lon="9.4830054">
        <ele>1734.7</ele>
        <time>2026-09-15T13:37:48Z</time>
        <extensions>
          <gpxdata:distance>11677.73</gpxdata:distance>
          <gpxdata:speed>0.840</gpxdata:speed>
        </extensions>
      </trkpt>
      <trkpt lat="46.4804458" lon="9.4829934">
        <ele>1734.8</ele>
        <time>2026-09-15T13:37:53Z</time>
        <extensions>
          <gpxdata:distance>11681.94</gpxdata:distance>
          <gpxdata:speed>0.830</gpxdata:speed>
        </extensions>
      </trkpt>
      <trkpt lat="46.4804818" lon="9.4829684">
        <ele>1733.6</ele>
        <time>2026-09-15T13:37:58Z</time>
        <extensions>
          <gpxdata:distance>11686.38</gpxdata:distance>
          <gpxdata:speed>0.858</gpxdata:speed>
        </extensions>
      </trkpt>
      <trkpt lat="46.4805188" lon="9.4829184">
        <ele>1732.6</ele>
        <time>2026-09-15T13:38:05Z</time>
        <extensions>
          <gpxdata:distance>11692.00</gpxdata:distance>
          <gpxdata:speed>0.900</gpxdata:speed>
        </extensions>
      </trkpt>
      <trkpt lat="46.4806098" lon="9.4828564">
        <ele>1733.8</ele>
        <time>2026-09-15T13:38:16Z</time>
        <extensions>
          <gpxdata:distance>11703.18</gpxdata:distance>
          <gpxdata:speed>0.954</gpxdata:speed>
        </extensions>
      </trkpt>
      <trkpt lat="46.4806648" lon="9.4827934">
        <ele>1731.8</ele>
        <time>2026-09-15T13:38:24Z</time>
        <extensions>
          <gpxdata:distance>11710.97</gpxdata:distance>
          <gpxdata:speed>0.975</gpxdata:speed>
        </extensions>
      </trkpt>
      <trkpt lat="46.4807208" lon="9.4826784">
        <ele>1731.1</ele>
        <time>2026-09-15T13:38:36Z</time>
        <extensions>
          <gpxdata:distance>11721.75</gpxdata:distance>
          <gpxdata:speed>0.944</gpxdata:speed>
        </extensions>
      </trkpt>
      <trkpt lat="46.4808038" lon="9.4825514">
        <ele>1732.5</ele>
        <time>2026-09-15T13:38:50Z</time>
        <extensions>
          <gpxdata:distance>11735.16</gpxdata:distance>
          <gpxdata:speed>0.971</gpxdata:speed>
        </extensions>
      </trkpt>
      <trkpt lat="46.4808688" lon="9.4824754">
        <ele>1732.1</ele>
        <time>2026-09-15T13:38:59Z</time>
        <extensions>
          <gpxdata:distance>11744.44</gpxdata:distance>
          <gpxdata:speed>0.963</gpxdata:speed>
        </extensions>
      </trkpt>
      <trkpt lat="46.4809338" lon="9.4823734">
        <ele>1730.5</ele>
        <time>2026-09-15T13:39:10Z</time>
        <extensions>
          <gpxdata:distance>11755.08</gpxdata:distance>
          <gpxdata:speed>0.944</gpxdata:speed>
        </extensions>
      </trkpt>
      <trkpt lat="46.4811068" lon="9.4822234">
        <ele>1728.1</ele>
        <time>2026-09-15T13:39:35Z</time>
        <extensions>
          <gpxdata:distance>11777.48</gpxdata:distance>
          <gpxdata:speed>0.926</gpxdata:speed>
        </extensions>
      </trkpt>
      <trkpt lat="46.4811888" lon="9.4821744">
        <ele>1728.9</ele>
        <time>2026-09-15T13:39:45Z</time>
        <extensions>
          <gpxdata:distance>11787.34</gpxdata:distance>
          <gpxdata:speed>0.953</gpxdata:speed>
        </extensions>
      </trkpt>
      <trkpt lat="46.4812348" lon="9.4821374">
        <ele>1729.5</ele>
        <time>2026-09-15T13:39:51Z</time>
        <extensions>
          <gpxdata:distance>11793.19</gpxdata:distance>
          <gpxdata:speed>0.973</gpxdata:speed>
        </extensions>
      </trkpt>
      <trkpt lat="46.4813088" lon="9.4820094">
        <ele>1727.2</ele>
        <time>2026-09-15T13:40:05Z</time>
        <extensions>
          <gpxdata:distance>11805.99</gpxdata:distance>
          <gpxdata:speed>0.933</gpxdata:speed>
        </extensions>
      </trkpt>
      <trkpt lat="46.4813728" lon="9.4819604">
        <ele>1726.0</ele>
        <time>2026-09-15T13:40:13Z</time>
        <extensions>
          <gpxdata:distance>11814.03</gpxdata:distance>
          <gpxdata:speed>0.941</gpxdata:speed>
        </extensions>
      </trkpt>
      <trkpt lat="46.4814098" lon="9.4819224">
        <ele>1725.5</ele>
        <time>2026-09-15T13:40:19Z</time>
        <extensions>
          <gpxdata:distance>11819.07</gpxdata:distance>
          <gpxdata:speed>0.940</gpxdata:speed>
        </extensions>
      </trkpt>
      <trkpt lat="46.4814738" lon="9.4818464">
        <ele>1724.4</ele>
        <time>2026-09-15T13:40:29Z</time>
        <extensions>
          <gpxdata:distance>11828.26</gpxdata:distance>
          <gpxdata:speed>0.908</gpxdata:speed>
        </extensions>
      </trkpt>
      <trkpt lat="46.4815658" lon="9.4817334">
        <ele>1723.6</ele>
        <time>2026-09-15T13:40:44Z</time>
        <extensions>
          <gpxdata:distance>11841.66</gpxdata:distance>
          <gpxdata:speed>0.908</gpxdata:speed>
        </extensions>
      </trkpt>
      <trkpt lat="46.4816398" lon="9.4816444">
        <ele>1722.3</ele>
        <time>2026-09-15T13:40:55Z</time>
        <extensions>
          <gpxdata:distance>11852.34</gpxdata:distance>
          <gpxdata:speed>0.911</gpxdata:speed>
        </extensions>
      </trkpt>
      <trkpt lat="46.4817128" lon="9.4815824">
        <ele>1722.5</ele>
        <time>2026-09-15T13:41:05Z</time>
        <extensions>
          <gpxdata:distance>11861.75</gpxdata:distance>
          <gpxdata:speed>0.930</gpxdata:speed>
        </extensions>
      </trkpt>
      <trkpt lat="46.4817678" lon="9.4814934">
        <ele>1722.2</ele>
        <time>2026-09-15T13:41:15Z</time>
        <extensions>
          <gpxdata:distance>11870.90</gpxdata:distance>
          <gpxdata:speed>0.916</gpxdata:speed>
        </extensions>
      </trkpt>
      <trkpt lat="46.4817968" lon="9.4814164">
        <ele>1720.8</ele>
        <time>2026-09-15T13:41:23Z</time>
        <extensions>
          <gpxdata:distance>11877.62</gpxdata:distance>
          <gpxdata:speed>0.897</gpxdata:speed>
        </extensions>
      </trkpt>
      <trkpt lat="46.4818438" lon="9.4812874">
        <ele>1718.2</ele>
        <time>2026-09-15T13:41:35Z</time>
        <extensions>
          <gpxdata:distance>11888.80</gpxdata:distance>
          <gpxdata:speed>0.902</gpxdata:speed>
        </extensions>
      </trkpt>
      <trkpt lat="46.4819098" lon="9.4811464">
        <ele>1715.7</ele>
        <time>2026-09-15T13:41:50Z</time>
        <extensions>
          <gpxdata:distance>11901.85</gpxdata:distance>
          <gpxdata:speed>0.910</gpxdata:speed>
        </extensions>
      </trkpt>
      <trkpt lat="46.4819558" lon="9.4810704">
        <ele>1714.9</ele>
        <time>2026-09-15T13:41:58Z</time>
        <extensions>
          <gpxdata:distance>11909.60</gpxdata:distance>
          <gpxdata:speed>0.910</gpxdata:speed>
        </extensions>
      </trkpt>
      <trkpt lat="46.4820018" lon="9.4810324">
        <ele>1715.0</ele>
        <time>2026-09-15T13:42:05Z</time>
        <extensions>
          <gpxdata:distance>11915.48</gpxdata:distance>
          <gpxdata:speed>0.901</gpxdata:speed>
        </extensions>
      </trkpt>
      <trkpt lat="46.4820198" lon="9.4809944">
        <ele>1714.6</ele>
        <time>2026-09-15T13:42:08Z</time>
        <extensions>
          <gpxdata:distance>11919.02</gpxdata:distance>
          <gpxdata:speed>0.909</gpxdata:speed>
        </extensions>
      </trkpt>
      <trkpt lat="46.4820388" lon="9.4809434">
        <ele>1712.9</ele>
        <time>2026-09-15T13:42:13Z</time>
        <extensions>
          <gpxdata:distance>11923.46</gpxdata:distance>
          <gpxdata:speed>0.924</gpxdata:speed>
        </extensions>
      </trkpt>
      <trkpt lat="46.4820478" lon="9.4809304">
        <ele>1712.6</ele>
        <time>2026-09-15T13:42:15Z</time>
        <extensions>
          <gpxdata:distance>11924.87</gpxdata:distance>
          <gpxdata:speed>0.931</gpxdata:speed>
        </extensions>
      </trkpt>
      <trkpt lat="46.4821028" lon="9.4808934">
        <ele>1711.9</ele>
        <time>2026-09-15T13:42:22Z</time>
        <extensions>
          <gpxdata:distance>11931.61</gpxdata:distance>
          <gpxdata:speed>0.913</gpxdata:speed>
        </extensions>
      </trkpt>
      <trkpt lat="46.4821588" lon="9.4808044">
        <ele>1710.2</ele>
        <time>2026-09-15T13:42:32Z</time>
        <extensions>
          <gpxdata:distance>11940.84</gpxdata:distance>
          <gpxdata:speed>0.916</gpxdata:speed>
        </extensions>
      </trkpt>
      <trkpt lat="46.4822238" lon="9.4806634">
        <ele>1708.6</ele>
        <time>2026-09-15T13:42:46Z</time>
        <extensions>
          <gpxdata:distance>11953.83</gpxdata:distance>
          <gpxdata:speed>0.938</gpxdata:speed>
        </extensions>
      </trkpt>
      <trkpt lat="46.4823178" lon="9.4804454">
        <ele>1706.8</ele>
        <time>2026-09-15T13:43:08Z</time>
        <extensions>
          <gpxdata:distance>11973.52</gpxdata:distance>
          <gpxdata:speed>0.916</gpxdata:speed>
        </extensions>
      </trkpt>
      <trkpt lat="46.4823288" lon="9.4803674">
        <ele>1706.7</ele>
        <time>2026-09-15T13:43:14Z</time>
        <extensions>
          <gpxdata:distance>11979.62</gpxdata:distance>
          <gpxdata:speed>0.910</gpxdata:speed>
        </extensions>
      </trkpt>
      <trkpt lat="46.4823288" lon="9.4803674">
        <ele>1706.7</ele>
        <time>2026-09-15T13:43:14Z</time>
        <extensions>
          <gpxdata:distance>11979.62</gpxdata:distance>
          <gpxdata:speed>0.000</gpxdata:speed>
        </extensions>
      </trkpt>
      <trkpt lat="46.4823628" lon="9.4804344">
        <ele>1707.0</ele>
        <time>2026-09-15T13:43:21Z</time>
        <extensions>
          <gpxdata:distance>11985.99</gpxdata:distance>
          <gpxdata:speed>0.907</gpxdata:speed>
        </extensions>
      </trkpt>
      <trkpt lat="46.4823808" lon="9.4804614">
        <ele>1707.8</ele>
        <time>2026-09-15T13:43:24Z</time>
        <extensions>
          <gpxdata:distance>11988.87</gpxdata:distance>
          <gpxdata:speed>0.918</gpxdata:speed>
        </extensions>
      </trkpt>
      <trkpt lat="46.4824158" lon="9.4804884">
        <ele>1708.8</ele>
        <time>2026-09-15T13:43:29Z</time>
        <extensions>
          <gpxdata:distance>11993.28</gpxdata:distance>
          <gpxdata:speed>0.942</gpxdata:speed>
        </extensions>
      </trkpt>
      <trkpt lat="46.4824428" lon="9.4804894">
        <ele>1709.9</ele>
        <time>2026-09-15T13:43:32Z</time>
        <extensions>
          <gpxdata:distance>11996.28</gpxdata:distance>
          <gpxdata:speed>0.973</gpxdata:speed>
        </extensions>
      </trkpt>
      <trkpt lat="46.4824798" lon="9.4804774">
        <ele>1710.5</ele>
        <time>2026-09-15T13:43:36Z</time>
        <extensions>
          <gpxdata:distance>12000.50</gpxdata:distance>
          <gpxdata:speed>1.000</gpxdata:speed>
        </extensions>
      </trkpt>
      <trkpt lat="46.4825338" lon="9.4804274">
        <ele>1711.0</ele>
        <time>2026-09-15T13:43:44Z</time>
        <extensions>
          <gpxdata:distance>12007.62</gpxdata:distance>
          <gpxdata:speed>0.899</gpxdata:speed>
        </extensions>
      </trkpt>
      <trkpt lat="46.4826158" lon="9.4803784">
        <ele>1711.6</ele>
        <time>2026-09-15T13:43:58Z</time>
        <extensions>
          <gpxdata:distance>12017.48</gpxdata:distance>
          <gpxdata:speed>0.731</gpxdata:speed>
        </extensions>
      </trkpt>
      <trkpt lat="46.4826788" lon="9.4803684">
        <ele>1711.9</ele>
        <time>2026-09-15T13:44:08Z</time>
        <extensions>
          <gpxdata:distance>12024.52</gpxdata:distance>
          <gpxdata:speed>0.715</gpxdata:speed>
        </extensions>
      </trkpt>
      <trkpt lat="46.4827248" lon="9.4803434">
        <ele>1712.2</ele>
        <time>2026-09-15T13:44:15Z</time>
        <extensions>
          <gpxdata:distance>12029.99</gpxdata:distance>
          <gpxdata:speed>0.731</gpxdata:speed>
        </extensions>
      </trkpt>
      <trkpt lat="46.4827608" lon="9.4803194">
        <ele>1712.7</ele>
        <time>2026-09-15T13:44:21Z</time>
        <extensions>
          <gpxdata:distance>12034.39</gpxdata:distance>
          <gpxdata:speed>0.710</gpxdata:speed>
        </extensions>
      </trkpt>
      <trkpt lat="46.4828258" lon="9.4802434">
        <ele>1714.1</ele>
        <time>2026-09-15T13:44:34Z</time>
        <extensions>
          <gpxdata:distance>12043.67</gpxdata:distance>
          <gpxdata:speed>0.717</gpxdata:speed>
        </extensions>
      </trkpt>
      <trkpt lat="46.4828708" lon="9.4802054">
        <ele>1715.1</ele>
        <time>2026-09-15T13:44:42Z</time>
        <extensions>
          <gpxdata:distance>12049.46</gpxdata:distance>
          <gpxdata:speed>0.724</gpxdata:speed>
        </extensions>
      </trkpt>
      <trkpt lat="46.4829258" lon="9.4801944">
        <ele>1716.0</ele>
        <time>2026-09-15T13:44:51Z</time>
        <extensions>
          <gpxdata:distance>12055.63</gpxdata:distance>
          <gpxdata:speed>0.747</gpxdata:speed>
        </extensions>
      </trkpt>
      <trkpt lat="46.4830798" lon="9.4801224">
        <ele>1717.0</ele>
        <time>2026-09-15T13:45:14Z</time>
        <extensions>
          <gpxdata:distance>12073.62</gpxdata:distance>
          <gpxdata:speed>0.783</gpxdata:speed>
        </extensions>
      </trkpt>
      <trkpt lat="46.4831698" lon="9.4800994">
        <ele>1717.3</ele>
        <time>2026-09-15T13:45:26Z</time>
        <extensions>
          <gpxdata:distance>12083.78</gpxdata:distance>
          <gpxdata:speed>0.799</gpxdata:speed>
        </extensions>
      </trkpt>
      <trkpt lat="46.4832598" lon="9.4800904">
        <ele>1717.6</ele>
        <time>2026-09-15T13:45:39Z</time>
        <extensions>
          <gpxdata:distance>12093.81</gpxdata:distance>
          <gpxdata:speed>0.810</gpxdata:speed>
        </extensions>
      </trkpt>
      <trkpt lat="46.4833138" lon="9.4800924">
        <ele>1717.8</ele>
        <time>2026-09-15T13:45:46Z</time>
        <extensions>
          <gpxdata:distance>12099.82</gpxdata:distance>
          <gpxdata:speed>0.811</gpxdata:speed>
        </extensions>
      </trkpt>
      <trkpt lat="46.4833498" lon="9.4801064">
        <ele>1718.2</ele>
        <time>2026-09-15T13:45:51Z</time>
        <extensions>
          <gpxdata:distance>12103.96</gpxdata:distance>
          <gpxdata:speed>0.804</gpxdata:speed>
        </extensions>
      </trkpt>
      <trkpt lat="46.4834038" lon="9.4801344">
        <ele>1718.7</ele>
        <time>2026-09-15T13:45:59Z</time>
        <extensions>
          <gpxdata:distance>12110.34</gpxdata:distance>
          <gpxdata:speed>0.809</gpxdata:speed>
        </extensions>
      </trkpt>
      <trkpt lat="46.4834838" lon="9.4801764">
        <ele>1719.6</ele>
        <time>2026-09-15T13:46:11Z</time>
        <extensions>
          <gpxdata:distance>12119.80</gpxdata:distance>
          <gpxdata:speed>0.827</gpxdata:speed>
        </extensions>
      </trkpt>
      <trkpt lat="46.4835458" lon="9.4802184">
        <ele>1720.6</ele>
        <time>2026-09-15T13:46:20Z</time>
        <extensions>
          <gpxdata:distance>12127.41</gpxdata:distance>
          <gpxdata:speed>0.831</gpxdata:speed>
        </extensions>
      </trkpt>
      <trkpt lat="46.4836178" lon="9.4802474">
        <ele>1721.9</ele>
        <time>2026-09-15T13:46:30Z</time>
        <extensions>
          <gpxdata:distance>12135.71</gpxdata:distance>
          <gpxdata:speed>0.823</gpxdata:speed>
        </extensions>
      </trkpt>
      <trkpt lat="46.4837958" lon="9.4803054">
        <ele>1726.0</ele>
        <time>2026-09-15T13:46:58Z</time>
        <extensions>
          <gpxdata:distance>12156.00</gpxdata:distance>
          <gpxdata:speed>0.731</gpxdata:speed>
        </extensions>
      </trkpt>
      <trkpt lat="46.4838858" lon="9.4803484">
        <ele>1729.0</ele>
        <time>2026-09-15T13:47:14Z</time>
        <extensions>
          <gpxdata:distance>12166.53</gpxdata:distance>
          <gpxdata:speed>0.652</gpxdata:speed>
        </extensions>
      </trkpt>
      <trkpt lat="46.4840458" lon="9.4804194">
        <ele>1733.9</ele>
        <time>2026-09-15T13:47:43Z</time>
        <extensions>
          <gpxdata:distance>12185.14</gpxdata:distance>
          <gpxdata:speed>0.641</gpxdata:speed>
        </extensions>
      </trkpt>
      <trkpt lat="46.4841178" lon="9.4804484">
        <ele>1735.4</ele>
        <time>2026-09-15T13:47:56Z</time>
        <extensions>
          <gpxdata:distance>12193.44</gpxdata:distance>
          <gpxdata:speed>0.644</gpxdata:speed>
        </extensions>
      </trkpt>
      <trkpt lat="46.4841988" lon="9.4804254">
        <ele>1736.5</ele>
        <time>2026-09-15T13:48:10Z</time>
        <extensions>
          <gpxdata:distance>12202.62</gpxdata:distance>
          <gpxdata:speed>0.643</gpxdata:speed>
        </extensions>
      </trkpt>
      <trkpt lat="46.4842628" lon="9.4804014">
        <ele>1737.0</ele>
        <time>2026-09-15T13:48:21Z</time>
        <extensions>
          <gpxdata:distance>12209.97</gpxdata:distance>
          <gpxdata:speed>0.643</gpxdata:speed>
        </extensions>
      </trkpt>
      <trkpt lat="46.4843358" lon="9.4803394">
        <ele>1737.5</ele>
        <time>2026-09-15T13:48:36Z</time>
        <extensions>
          <gpxdata:distance>12219.38</gpxdata:distance>
          <gpxdata:speed>0.641</gpxdata:speed>
        </extensions>
      </trkpt>
      <trkpt lat="46.4843988" lon="9.4803024">
        <ele>1737.8</ele>
        <time>2026-09-15T13:48:48Z</time>
        <extensions>
          <gpxdata:distance>12226.93</gpxdata:distance>
          <gpxdata:speed>0.639</gpxdata:speed>
        </extensions>
      </trkpt>
      <trkpt lat="46.4844538" lon="9.4802914">
        <ele>1737.8</ele>
        <time>2026-09-15T13:48:58Z</time>
        <extensions>
          <gpxdata:distance>12233.10</gpxdata:distance>
          <gpxdata:speed>0.635</gpxdata:speed>
        </extensions>
      </trkpt>
      <trkpt lat="46.4844538" lon="9.4802914">
        <ele>1737.8</ele>
        <time>2026-09-15T13:48:58Z</time>
        <extensions>
          <gpxdata:distance>12233.10</gpxdata:distance>
          <gpxdata:speed>0.000</gpxdata:speed>
        </extensions>
      </trkpt>
      <trkpt lat="46.4846978" lon="9.4802353">
        <ele>1737.8</ele>
        <time>2026-09-15T13:49:33Z</time>
        <extensions>
          <gpxdata:distance>12260.57</gpxdata:distance>
          <gpxdata:speed>0.771</gpxdata:speed>
        </extensions>
      </trkpt>
      <trkpt lat="46.4847628" lon="9.4801073">
        <ele>1735.3</ele>
        <time>2026-09-15T13:49:46Z</time>
        <extensions>
          <gpxdata:distance>12272.75</gpxdata:distance>
          <gpxdata:speed>0.972</gpxdata:speed>
        </extensions>
      </trkpt>
      <trkpt lat="46.4847638" lon="9.4800423">
        <ele>1732.5</ele>
        <time>2026-09-15T13:49:51Z</time>
        <extensions>
          <gpxdata:distance>12277.73</gpxdata:distance>
          <gpxdata:speed>0.968</gpxdata:speed>
        </extensions>
      </trkpt>
      <trkpt lat="46.4847378" lon="9.4799893">
        <ele>1730.5</ele>
        <time>2026-09-15T13:49:56Z</time>
        <extensions>
          <gpxdata:distance>12282.71</gpxdata:distance>
          <gpxdata:speed>0.921</gpxdata:speed>
        </extensions>
      </trkpt>
      <trkpt lat="46.4847208" lon="9.4799493">
        <ele>1728.5</ele>
        <time>2026-09-15T13:50:00Z</time>
        <extensions>
          <gpxdata:distance>12286.31</gpxdata:distance>
          <gpxdata:speed>0.905</gpxdata:speed>
        </extensions>
      </trkpt>
      <trkpt lat="46.4847208" lon="9.4799103">
        <ele>1727.6</ele>
        <time>2026-09-15T13:50:03Z</time>
        <extensions>
          <gpxdata:distance>12289.30</gpxdata:distance>
          <gpxdata:speed>0.932</gpxdata:speed>
        </extensions>
      </trkpt>
      <trkpt lat="46.4847218" lon="9.4798713">
        <ele>1726.1</ele>
        <time>2026-09-15T13:50:07Z</time>
        <extensions>
          <gpxdata:distance>12292.28</gpxdata:distance>
          <gpxdata:speed>0.900</gpxdata:speed>
        </extensions>
      </trkpt>
      <trkpt lat="46.4847218" lon="9.4798583">
        <ele>1724.5</ele>
        <time>2026-09-15T13:50:08Z</time>
        <extensions>
          <gpxdata:distance>12293.28</gpxdata:distance>
          <gpxdata:speed>0.872</gpxdata:speed>
        </extensions>
      </trkpt>
      <trkpt lat="46.4848128" lon="9.4798363">
        <ele>1723.3</ele>
        <time>2026-09-15T13:50:20Z</time>
        <extensions>
          <gpxdata:distance>12303.54</gpxdata:distance>
          <gpxdata:speed>0.872</gpxdata:speed>
        </extensions>
      </trkpt>
      <trkpt lat="46.4848398" lon="9.4798113">
        <ele>1721.6</ele>
        <time>2026-09-15T13:50:24Z</time>
        <extensions>
          <gpxdata:distance>12307.10</gpxdata:distance>
          <gpxdata:speed>0.872</gpxdata:speed>
        </extensions>
      </trkpt>
      <trkpt lat="46.4848678" lon="9.4797733">
        <ele>1719.3</ele>
        <time>2026-09-15T13:50:29Z</time>
        <extensions>
          <gpxdata:distance>12311.36</gpxdata:distance>
          <gpxdata:speed>0.872</gpxdata:speed>
        </extensions>
      </trkpt>
      <trkpt lat="46.4849228" lon="9.4796973">
        <ele>1717.0</ele>
        <time>2026-09-15T13:50:38Z</time>
        <extensions>
          <gpxdata:distance>12319.80</gpxdata:distance>
          <gpxdata:speed>0.872</gpxdata:speed>
        </extensions>
      </trkpt>
      <trkpt lat="46.4849778" lon="9.4796333">
        <ele>1715.5</ele>
        <time>2026-09-15T13:50:47Z</time>
        <extensions>
          <gpxdata:distance>12327.64</gpxdata:distance>
          <gpxdata:speed>0.872</gpxdata:speed>
        </extensions>
      </trkpt>
      <trkpt lat="46.4850238" lon="9.4795963">
        <ele>1714.0</ele>
        <time>2026-09-15T13:50:54Z</time>
        <extensions>
          <gpxdata:distance>12333.48</gpxdata:distance>
          <gpxdata:speed>0.872</gpxdata:speed>
        </extensions>
      </trkpt>
      <trkpt lat="46.4850788" lon="9.4795593">
        <ele>1711.8</ele>
        <time>2026-09-15T13:51:02Z</time>
        <extensions>
          <gpxdata:distance>12340.22</gpxdata:distance>
          <gpxdata:speed>0.872</gpxdata:speed>
        </extensions>
      </trkpt>
      <trkpt lat="46.4851698" lon="9.4794583">
        <ele>1707.9</ele>
        <time>2026-09-15T13:51:16Z</time>
        <extensions>
          <gpxdata:distance>12352.96</gpxdata:distance>
          <gpxdata:speed>0.872</gpxdata:speed>
        </extensions>
      </trkpt>
      <trkpt lat="46.4852077" lon="9.4793823">
        <ele>1705.4</ele>
        <time>2026-09-15T13:51:25Z</time>
        <extensions>
          <gpxdata:distance>12360.14</gpxdata:distance>
          <gpxdata:speed>0.872</gpxdata:speed>
        </extensions>
      </trkpt>
      <trkpt lat="46.4852537" lon="9.4793183">
        <ele>1702.4</ele>
        <time>2026-09-15T13:51:33Z</time>
        <extensions>
          <gpxdata:distance>12367.23</gpxdata:distance>
          <gpxdata:speed>0.872</gpxdata:speed>
        </extensions>
      </trkpt>
      <trkpt lat="46.4853097" lon="9.4792293">
        <ele>1698.5</ele>
        <time>2026-09-15T13:51:43Z</time>
        <extensions>
          <gpxdata:distance>12376.46</gpxdata:distance>
          <gpxdata:speed>0.872</gpxdata:speed>
        </extensions>
      </trkpt>
      <trkpt lat="46.4853457" lon="9.4791913">
        <ele>1697.4</ele>
        <time>2026-09-15T13:51:49Z</time>
        <extensions>
          <gpxdata:distance>12381.41</gpxdata:distance>
          <gpxdata:speed>0.872</gpxdata:speed>
        </extensions>
      </trkpt>
      <trkpt lat="46.4853917" lon="9.4791413">
        <ele>1695.4</ele>
        <time>2026-09-15T13:51:56Z</time>
        <extensions>
          <gpxdata:distance>12387.80</gpxdata:distance>
          <gpxdata:speed>0.872</gpxdata:speed>
        </extensions>
      </trkpt>
      <trkpt lat="46.4854207" lon="9.4790643">
        <ele>1694.2</ele>
        <time>2026-09-15T13:52:04Z</time>
        <extensions>
          <gpxdata:distance>12394.52</gpxdata:distance>
          <gpxdata:speed>0.872</gpxdata:speed>
        </extensions>
      </trkpt>
      <trkpt lat="46.4854297" lon="9.4790123">
        <ele>1692.2</ele>
        <time>2026-09-15T13:52:09Z</time>
        <extensions>
          <gpxdata:distance>12398.62</gpxdata:distance>
          <gpxdata:speed>0.872</gpxdata:speed>
        </extensions>
      </trkpt>
      <trkpt lat="46.4854767" lon="9.4789363">
        <ele>1690.2</ele>
        <time>2026-09-15T13:52:18Z</time>
        <extensions>
          <gpxdata:distance>12406.44</gpxdata:distance>
          <gpxdata:speed>0.872</gpxdata:speed>
        </extensions>
      </trkpt>
      <trkpt lat="46.4855597" lon="9.4788223">
        <ele>1688.3</ele>
        <time>2026-09-15T13:52:32Z</time>
        <extensions>
          <gpxdata:distance>12419.14</gpxdata:distance>
          <gpxdata:speed>0.872</gpxdata:speed>
        </extensions>
      </trkpt>
      <trkpt lat="46.4856147" lon="9.4787333">
        <ele>1687.3</ele>
        <time>2026-09-15T13:52:43Z</time>
        <extensions>
          <gpxdata:distance>12428.30</gpxdata:distance>
          <gpxdata:speed>0.872</gpxdata:speed>
        </extensions>
      </trkpt>
      <trkpt lat="46.4856967" lon="9.4786973">
        <ele>1686.1</ele>
        <time>2026-09-15T13:52:54Z</time>
        <extensions>
          <gpxdata:distance>12437.83</gpxdata:distance>
          <gpxdata:speed>0.872</gpxdata:speed>
        </extensions>
      </trkpt>
      <trkpt lat="46.4857877" lon="9.4786613">
        <ele>1684.8</ele>
        <time>2026-09-15T13:53:06Z</time>
        <extensions>
          <gpxdata:distance>12448.31</gpxdata:distance>
          <gpxdata:speed>0.885</gpxdata:speed>
        </extensions>
      </trkpt>
      <trkpt lat="46.4858957" lon="9.4786263">
        <ele>1683.4</ele>
        <time>2026-09-15T13:53:19Z</time>
        <extensions>
          <gpxdata:distance>12460.62</gpxdata:distance>
          <gpxdata:speed>0.904</gpxdata:speed>
        </extensions>
      </trkpt>
      <trkpt lat="46.4859417" lon="9.4785883">
        <ele>1682.8</ele>
        <time>2026-09-15T13:53:26Z</time>
        <extensions>
          <gpxdata:distance>12466.50</gpxdata:distance>
          <gpxdata:speed>0.926</gpxdata:speed>
        </extensions>
      </trkpt>
      <trkpt lat="46.4859437" lon="9.4784973">
        <ele>1681.9</ele>
        <time>2026-09-15T13:53:33Z</time>
        <extensions>
          <gpxdata:distance>12473.47</gpxdata:distance>
          <gpxdata:speed>0.932</gpxdata:speed>
        </extensions>
      </trkpt>
      <trkpt lat="46.4859437" lon="9.4784973">
        <ele>1681.9</ele>
        <time>2026-09-15T13:53:33Z</time>
        <extensions>
          <gpxdata:distance>12473.47</gpxdata:distance>
          <gpxdata:speed>0.000</gpxdata:speed>
        </extensions>
      </trkpt>
      <trkpt lat="46.4859107" lon="9.4783013">
        <ele>1679.3</ele>
        <time>2026-09-15T13:53:50Z</time>
        <extensions>
          <gpxdata:distance>12488.92</gpxdata:distance>
          <gpxdata:speed>0.924</gpxdata:speed>
        </extensions>
      </trkpt>
      <trkpt lat="46.4858867" lon="9.4781573">
        <ele>1674.4</ele>
        <time>2026-09-15T13:54:02Z</time>
        <extensions>
          <gpxdata:distance>12500.26</gpxdata:distance>
          <gpxdata:speed>0.911</gpxdata:speed>
        </extensions>
      </trkpt>
      <trkpt lat="46.4858867" lon="9.4781573">
        <ele>1674.4</ele>
        <time>2026-09-15T13:54:02Z</time>
        <extensions>
          <gpxdata:distance>12500.26</gpxdata:distance>
          <gpxdata:speed>0.000</gpxdata:speed>
        </extensions>
      </trkpt>
      <trkpt lat="46.4858777" lon="9.4781173">
        <ele>1673.9</ele>
        <time>2026-09-15T13:54:06Z</time>
        <extensions>
          <gpxdata:distance>12503.49</gpxdata:distance>
          <gpxdata:speed>0.891</gpxdata:speed>
        </extensions>
      </trkpt>
      <trkpt lat="46.4858777" lon="9.4781173">
        <ele>1673.9</ele>
        <time>2026-09-15T13:54:06Z</time>
        <extensions>
          <gpxdata:distance>12503.49</gpxdata:distance>
          <gpxdata:speed>0.000</gpxdata:speed>
        </extensions>
      </trkpt>
      <trkpt lat="46.4858537" lon="9.4779863">
        <ele>1673.4</ele>
        <time>2026-09-15T13:54:17Z</time>
        <extensions>
          <gpxdata:distance>12513.86</gpxdata:distance>
          <gpxdata:speed>0.888</gpxdata:speed>
        </extensions>
      </trkpt>
      <trkpt lat="46.4858537" lon="9.4779863">
        <ele>1673.4</ele>
        <time>2026-09-15T13:54:17Z</time>
        <extensions>
          <gpxdata:distance>12513.86</gpxdata:distance>
          <gpxdata:speed>0.000</gpxdata:speed>
        </extensions>
      </trkpt>
      <trkpt lat="46.4858547" lon="9.4779343">
        <ele>1673.2</ele>
        <time>2026-09-15T13:54:22Z</time>
        <extensions>
          <gpxdata:distance>12517.85</gpxdata:distance>
          <gpxdata:speed>0.877</gpxdata:speed>
        </extensions>
      </trkpt>
      <trkpt lat="46.4858557" lon="9.4778563">
        <ele>1673.6</ele>
        <time>2026-09-15T13:54:29Z</time>
        <extensions>
          <gpxdata:distance>12523.82</gpxdata:distance>
          <gpxdata:speed>0.920</gpxdata:speed>
        </extensions>
      </trkpt>
      <trkpt lat="46.4858567" lon="9.4778173">
        <ele>1673.9</ele>
        <time>2026-09-15T13:54:32Z</time>
        <extensions>
          <gpxdata:distance>12526.81</gpxdata:distance>
          <gpxdata:speed>0.933</gpxdata:speed>
        </extensions>
      </trkpt>
      <trkpt lat="46.4858397" lon="9.4777513">
        <ele>1674.5</ele>
        <time>2026-09-15T13:54:37Z</time>
        <extensions>
          <gpxdata:distance>12532.20</gpxdata:distance>
          <gpxdata:speed>1.004</gpxdata:speed>
        </extensions>
      </trkpt>
      <trkpt lat="46.4858317" lon="9.4777113">
        <ele>1675.5</ele>
        <time>2026-09-15T13:54:40Z</time>
        <extensions>
          <gpxdata:distance>12535.39</gpxdata:distance>
          <gpxdata:speed>0.933</gpxdata:speed>
        </extensions>
      </trkpt>
      <trkpt lat="46.4858327" lon="9.4776593">
        <ele>1676.3</ele>
        <time>2026-09-15T13:54:45Z</time>
        <extensions>
          <gpxdata:distance>12539.37</gpxdata:distance>
          <gpxdata:speed>0.841</gpxdata:speed>
        </extensions>
      </trkpt>
      <trkpt lat="46.4858337" lon="9.4776073">
        <ele>1676.9</ele>
        <time>2026-09-15T13:54:50Z</time>
        <extensions>
          <gpxdata:distance>12543.36</gpxdata:distance>
          <gpxdata:speed>0.819</gpxdata:speed>
        </extensions>
      </trkpt>
      <trkpt lat="46.4858347" lon="9.4775293">
        <ele>1677.8</ele>
        <time>2026-09-15T13:54:59Z</time>
        <extensions>
          <gpxdata:distance>12549.33</gpxdata:distance>
          <gpxdata:speed>0.694</gpxdata:speed>
        </extensions>
      </trkpt>
      <trkpt lat="46.4858447" lon="9.4774513">
        <ele>1678.3</ele>
        <time>2026-09-15T13:55:07Z</time>
        <extensions>
          <gpxdata:distance>12555.40</gpxdata:distance>
          <gpxdata:speed>0.709</gpxdata:speed>
        </extensions>
      </trkpt>
      <trkpt lat="46.4858457" lon="9.4774123">
        <ele>1679.0</ele>
        <time>2026-09-15T13:55:12Z</time>
        <extensions>
          <gpxdata:distance>12558.39</gpxdata:distance>
          <gpxdata:speed>0.647</gpxdata:speed>
        </extensions>
      </trkpt>
      <trkpt lat="46.4858567" lon="9.4773223">
        <ele>1679.8</ele>
        <time>2026-09-15T13:55:23Z</time>
        <extensions>
          <gpxdata:distance>12565.39</gpxdata:distance>
          <gpxdata:speed>0.632</gpxdata:speed>
        </extensions>
      </trkpt>
      <trkpt lat="46.4858577" lon="9.4772573">
        <ele>1679.9</ele>
        <time>2026-09-15T13:55:30Z</time>
        <extensions>
          <gpxdata:distance>12570.37</gpxdata:distance>
          <gpxdata:speed>0.661</gpxdata:speed>
        </extensions>
      </trkpt>
      <trkpt lat="46.4858497" lon="9.4771783">
        <ele>1680.2</ele>
        <time>2026-09-15T13:55:39Z</time>
        <extensions>
          <gpxdata:distance>12576.48</gpxdata:distance>
          <gpxdata:speed>0.683</gpxdata:speed>
        </extensions>
      </trkpt>
      <trkpt lat="46.4858497" lon="9.4771783">
        <ele>1680.2</ele>
        <time>2026-09-15T13:55:39Z</time>
        <extensions>
          <gpxdata:distance>12576.48</gpxdata:distance>
          <gpxdata:speed>0.000</gpxdata:speed>
        </extensions>
      </trkpt>
      <trkpt lat="46.4858427" lon="9.4771133">
        <ele>1680.3</ele>
        <time>2026-09-15T13:55:46Z</time>
        <extensions>
          <gpxdata:distance>12581.52</gpxdata:distance>
          <gpxdata:speed>0.767</gpxdata:speed>
        </extensions>
      </trkpt>
      <trkpt lat="46.4858247" lon="9.4770603">
        <ele>1680.2</ele>
        <time>2026-09-15T13:55:52Z</time>
        <extensions>
          <gpxdata:distance>12586.04</gpxdata:distance>
          <gpxdata:speed>0.814</gpxdata:speed>
        </extensions>
      </trkpt>
      <trkpt lat="46.4857737" lon="9.4769153">
        <ele>1681.1</ele>
        <time>2026-09-15T13:56:06Z</time>
        <extensions>
          <gpxdata:distance>12598.51</gpxdata:distance>
          <gpxdata:speed>0.840</gpxdata:speed>
        </extensions>
      </trkpt>
      <trkpt lat="46.4857567" lon="9.4768493">
        <ele>1681.7</ele>
        <time>2026-09-15T13:56:13Z</time>
        <extensions>
          <gpxdata:distance>12603.90</gpxdata:distance>
          <gpxdata:speed>0.833</gpxdata:speed>
        </extensions>
      </trkpt>
      <trkpt lat="46.4857577" lon="9.4767973">
        <ele>1681.8</ele>
        <time>2026-09-15T13:56:17Z</time>
        <extensions>
          <gpxdata:distance>12607.89</gpxdata:distance>
          <gpxdata:speed>0.868</gpxdata:speed>
        </extensions>
      </trkpt>
      <trkpt lat="46.4857587" lon="9.4767453">
        <ele>1682.0</ele>
        <time>2026-09-15T13:56:22Z</time>
        <extensions>
          <gpxdata:distance>12611.87</gpxdata:distance>
          <gpxdata:speed>0.892</gpxdata:speed>
        </extensions>
      </trkpt>
      <trkpt lat="46.4857787" lon="9.4766413">
        <ele>1682.6</ele>
        <time>2026-09-15T13:56:31Z</time>
        <extensions>
          <gpxdata:distance>12620.14</gpxdata:distance>
          <gpxdata:speed>0.874</gpxdata:speed>
        </extensions>
      </trkpt>
      <trkpt lat="46.4857797" lon="9.4765763">
        <ele>1682.7</ele>
        <time>2026-09-15T13:56:37Z</time>
        <extensions>
          <gpxdata:distance>12625.12</gpxdata:distance>
          <gpxdata:speed>0.882</gpxdata:speed>
        </extensions>
      </trkpt>
      <trkpt lat="46.4857987" lon="9.4765513">
        <ele>1682.7</ele>
        <time>2026-09-15T13:56:40Z</time>
        <extensions>
          <gpxdata:distance>12627.97</gpxdata:distance>
          <gpxdata:speed>0.889</gpxdata:speed>
        </extensions>
      </trkpt>
      <trkpt lat="46.4858257" lon="9.4765133">
        <ele>1683.1</ele>
        <time>2026-09-15T13:56:45Z</time>
        <extensions>
          <gpxdata:distance>12632.15</gpxdata:distance>
          <gpxdata:speed>0.872</gpxdata:speed>
        </extensions>
      </trkpt>
      <trkpt lat="46.4858637" lon="9.4764363">
        <ele>1683.7</ele>
        <time>2026-09-15T13:56:54Z</time>
        <extensions>
          <gpxdata:distance>12639.40</gpxdata:distance>
          <gpxdata:speed>0.844</gpxdata:speed>
        </extensions>
      </trkpt>
      <trkpt lat="46.4859007" lon="9.4763333">
        <ele>1683.4</ele>
        <time>2026-09-15T13:57:04Z</time>
        <extensions>
          <gpxdata:distance>12648.29</gpxdata:distance>
          <gpxdata:speed>0.895</gpxdata:speed>
        </extensions>
      </trkpt>
      <trkpt lat="46.4859107" lon="9.4763073">
        <ele>1683.3</ele>
        <time>2026-09-15T13:57:06Z</time>
        <extensions>
          <gpxdata:distance>12650.57</gpxdata:distance>
          <gpxdata:speed>0.925</gpxdata:speed>
        </extensions>
      </trkpt>
      <trkpt lat="46.4859397" lon="9.4761913">
        <ele>1683.8</ele>
        <time>2026-09-15T13:57:16Z</time>
        <extensions>
          <gpxdata:distance>12660.02</gpxdata:distance>
          <gpxdata:speed>0.915</gpxdata:speed>
        </extensions>
      </trkpt>
      <trkpt lat="46.4859407" lon="9.4761133">
        <ele>1683.7</ele>
        <time>2026-09-15T13:57:23Z</time>
        <extensions>
          <gpxdata:distance>12666.00</gpxdata:distance>
          <gpxdata:speed>0.933</gpxdata:speed>
        </extensions>
      </trkpt>
      <trkpt lat="46.4859627" lon="9.4759063">
        <ele>1683.8</ele>
        <time>2026-09-15T13:57:39Z</time>
        <extensions>
          <gpxdata:distance>12682.03</gpxdata:distance>
          <gpxdata:speed>0.963</gpxdata:speed>
        </extensions>
      </trkpt>
      <trkpt lat="46.4859827" lon="9.4758153">
        <ele>1684.2</ele>
        <time>2026-09-15T13:57:47Z</time>
        <extensions>
          <gpxdata:distance>12689.34</gpxdata:distance>
          <gpxdata:speed>0.953</gpxdata:speed>
        </extensions>
      </trkpt>
      <trkpt lat="46.4860007" lon="9.4757903">
        <ele>1684.8</ele>
        <time>2026-09-15T13:57:50Z</time>
        <extensions>
          <gpxdata:distance>12692.11</gpxdata:distance>
          <gpxdata:speed>0.929</gpxdata:speed>
        </extensions>
      </trkpt>
      <trkpt lat="46.4860287" lon="9.4757653">
        <ele>1685.5</ele>
        <time>2026-09-15T13:57:54Z</time>
        <extensions>
          <gpxdata:distance>12695.77</gpxdata:distance>
          <gpxdata:speed>0.917</gpxdata:speed>
        </extensions>
      </trkpt>
      <trkpt lat="46.4860467" lon="9.4757523">
        <ele>1685.7</ele>
        <time>2026-09-15T13:57:56Z</time>
        <extensions>
          <gpxdata:distance>12698.00</gpxdata:distance>
          <gpxdata:speed>0.926</gpxdata:speed>
        </extensions>
      </trkpt>
      <trkpt lat="46.4860647" lon="9.4757403">
        <ele>1686.0</ele>
        <time>2026-09-15T13:57:59Z</time>
        <extensions>
          <gpxdata:distance>12700.21</gpxdata:distance>
          <gpxdata:speed>0.885</gpxdata:speed>
        </extensions>
      </trkpt>
      <trkpt lat="46.4860837" lon="9.4756893">
        <ele>1686.0</ele>
        <time>2026-09-15T13:58:04Z</time>
        <extensions>
          <gpxdata:distance>12704.65</gpxdata:distance>
          <gpxdata:speed>0.886</gpxdata:speed>
        </extensions>
      </trkpt>
      <trkpt lat="46.4860847" lon="9.4756113">
        <ele>1685.7</ele>
        <time>2026-09-15T13:58:10Z</time>
        <extensions>
          <gpxdata:distance>12710.62</gpxdata:distance>
          <gpxdata:speed>0.917</gpxdata:speed>
        </extensions>
      </trkpt>
      <trkpt lat="46.4860857" lon="9.4755583">
        <ele>1685.9</ele>
        <time>2026-09-15T13:58:15Z</time>
        <extensions>
          <gpxdata:distance>12714.68</gpxdata:distance>
          <gpxdata:speed>0.898</gpxdata:speed>
        </extensions>
      </trkpt>
      <trkpt lat="46.4860707" lon="9.4754283">
        <ele>1687.0</ele>
        <time>2026-09-15T13:58:27Z</time>
        <extensions>
          <gpxdata:distance>12724.77</gpxdata:distance>
          <gpxdata:speed>0.820</gpxdata:speed>
        </extensions>
      </trkpt>
      <trkpt lat="46.4860817" lon="9.4753243">
        <ele>1687.0</ele>
        <time>2026-09-15T13:58:37Z</time>
        <extensions>
          <gpxdata:distance>12732.83</gpxdata:distance>
          <gpxdata:speed>0.848</gpxdata:speed>
        </extensions>
      </trkpt>
      <trkpt lat="46.4860907" lon="9.4752983">
        <ele>1686.7</ele>
        <time>2026-09-15T13:58:39Z</time>
        <extensions>
          <gpxdata:distance>12735.05</gpxdata:distance>
          <gpxdata:speed>0.900</gpxdata:speed>
        </extensions>
      </trkpt>
      <trkpt lat="46.4861187" lon="9.4752473">
        <ele>1686.4</ele>
        <time>2026-09-15T13:58:44Z</time>
        <extensions>
          <gpxdata:distance>12740.05</gpxdata:distance>
          <gpxdata:speed>0.961</gpxdata:speed>
        </extensions>
      </trkpt>
      <trkpt lat="46.4861647" lon="9.4752103">
        <ele>1686.7</ele>
        <time>2026-09-15T13:58:51Z</time>
        <extensions>
          <gpxdata:distance>12745.89</gpxdata:distance>
          <gpxdata:speed>0.959</gpxdata:speed>
        </extensions>
      </trkpt>
      <trkpt lat="46.4862177" lon="9.4752253">
        <ele>1687.4</ele>
        <time>2026-09-15T13:58:57Z</time>
        <extensions>
          <gpxdata:distance>12751.90</gpxdata:distance>
          <gpxdata:speed>0.944</gpxdata:speed>
        </extensions>
      </trkpt>
      <trkpt lat="46.4862637" lon="9.4752133">
        <ele>1687.2</ele>
        <time>2026-09-15T13:59:02Z</time>
        <extensions>
          <gpxdata:distance>12757.10</gpxdata:distance>
          <gpxdata:speed>0.954</gpxdata:speed>
        </extensions>
      </trkpt>
      <trkpt lat="46.4863087" lon="9.4752023">
        <ele>1687.7</ele>
        <time>2026-09-15T13:59:08Z</time>
        <extensions>
          <gpxdata:distance>12762.17</gpxdata:distance>
          <gpxdata:speed>0.914</gpxdata:speed>
        </extensions>
      </trkpt>
      <trkpt lat="46.4863627" lon="9.4751913">
        <ele>1688.7</ele>
        <time>2026-09-15T13:59:15Z</time>
        <extensions>
          <gpxdata:distance>12768.23</gpxdata:distance>
          <gpxdata:speed>0.879</gpxdata:speed>
        </extensions>
      </trkpt>
      <trkpt lat="46.4863897" lon="9.4751793">
        <ele>1689.2</ele>
        <time>2026-09-15T13:59:18Z</time>
        <extensions>
          <gpxdata:distance>12771.37</gpxdata:distance>
          <gpxdata:speed>0.893</gpxdata:speed>
        </extensions>
      </trkpt>
      <trkpt lat="46.4864717" lon="9.4751433">
        <ele>1688.3</ele>
        <time>2026-09-15T13:59:28Z</time>
        <extensions>
          <gpxdata:distance>12780.90</gpxdata:distance>
          <gpxdata:speed>0.944</gpxdata:speed>
        </extensions>
      </trkpt>
      <trkpt lat="46.4864987" lon="9.4751053">
        <ele>1687.9</ele>
        <time>2026-09-15T13:59:33Z</time>
        <extensions>
          <gpxdata:distance>12785.08</gpxdata:distance>
          <gpxdata:speed>0.951</gpxdata:speed>
        </extensions>
      </trkpt>
      <trkpt lat="46.4865357" lon="9.4750933">
        <ele>1688.2</ele>
        <time>2026-09-15T13:59:37Z</time>
        <extensions>
          <gpxdata:distance>12789.29</gpxdata:distance>
          <gpxdata:speed>0.920</gpxdata:speed>
        </extensions>
      </trkpt>
      <trkpt lat="46.4865537" lon="9.4750683">
        <ele>1688.4</ele>
        <time>2026-09-15T13:59:40Z</time>
        <extensions>
          <gpxdata:distance>12792.06</gpxdata:distance>
          <gpxdata:speed>0.919</gpxdata:speed>
        </extensions>
      </trkpt>
      <trkpt lat="46.4865817" lon="9.4750303">
        <ele>1688.4</ele>
        <time>2026-09-15T13:59:45Z</time>
        <extensions>
          <gpxdata:distance>12796.33</gpxdata:distance>
          <gpxdata:speed>0.955</gpxdata:speed>
        </extensions>
      </trkpt>
      <trkpt lat="46.4865917" lon="9.4749783">
        <ele>1688.8</ele>
        <time>2026-09-15T13:59:49Z</time>
        <extensions>
          <gpxdata:distance>12800.46</gpxdata:distance>
          <gpxdata:speed>0.919</gpxdata:speed>
        </extensions>
      </trkpt>
      <trkpt lat="46.4866387" lon="9.4748503">
        <ele>1689.6</ele>
        <time>2026-09-15T14:00:02Z</time>
        <extensions>
          <gpxdata:distance>12811.56</gpxdata:distance>
          <gpxdata:speed>0.915</gpxdata:speed>
        </extensions>
      </trkpt>
      <trkpt lat="46.4866757" lon="9.4747993">
        <ele>1689.9</ele>
        <time>2026-09-15T14:00:07Z</time>
        <extensions>
          <gpxdata:distance>12817.24</gpxdata:distance>
          <gpxdata:speed>0.950</gpxdata:speed>
        </extensions>
      </trkpt>
      <trkpt lat="46.4866947" lon="9.4747483">
        <ele>1689.5</ele>
        <time>2026-09-15T14:00:12Z</time>
        <extensions>
          <gpxdata:distance>12821.68</gpxdata:distance>
          <gpxdata:speed>0.997</gpxdata:speed>
        </extensions>
      </trkpt>
      <trkpt lat="46.4867127" lon="9.4747353">
        <ele>1689.6</ele>
        <time>2026-09-15T14:00:14Z</time>
        <extensions>
          <gpxdata:distance>12823.91</gpxdata:distance>
          <gpxdata:speed>0.936</gpxdata:speed>
        </extensions>
      </trkpt>
      <trkpt lat="46.4867487" lon="9.4747373">
        <ele>1689.8</ele>
        <time>2026-09-15T14:00:19Z</time>
        <extensions>
          <gpxdata:distance>12827.92</gpxdata:distance>
          <gpxdata:speed>0.900</gpxdata:speed>
        </extensions>
      </trkpt>
      <trkpt lat="46.4867947" lon="9.4746993">
        <ele>1689.7</ele>
        <time>2026-09-15T14:00:25Z</time>
        <extensions>
          <gpxdata:distance>12833.80</gpxdata:distance>
          <gpxdata:speed>0.927</gpxdata:speed>
        </extensions>
      </trkpt>
      <trkpt lat="46.4868217" lon="9.4746613">
        <ele>1689.7</ele>
        <time>2026-09-15T14:00:30Z</time>
        <extensions>
          <gpxdata:distance>12837.98</gpxdata:distance>
          <gpxdata:speed>0.941</gpxdata:speed>
        </extensions>
      </trkpt>
      <trkpt lat="46.4868407" lon="9.4746493">
        <ele>1689.5</ele>
        <time>2026-09-15T14:00:32Z</time>
        <extensions>
          <gpxdata:distance>12840.29</gpxdata:distance>
          <gpxdata:speed>0.949</gpxdata:speed>
        </extensions>
      </trkpt>
      <trkpt lat="46.4868957" lon="9.4745733">
        <ele>1689.4</ele>
        <time>2026-09-15T14:00:41Z</time>
        <extensions>
          <gpxdata:distance>12848.73</gpxdata:distance>
          <gpxdata:speed>0.981</gpxdata:speed>
        </extensions>
      </trkpt>
      <trkpt lat="46.4869057" lon="9.4745343">
        <ele>1689.7</ele>
        <time>2026-09-15T14:00:44Z</time>
        <extensions>
          <gpxdata:distance>12851.91</gpxdata:distance>
          <gpxdata:speed>1.006</gpxdata:speed>
        </extensions>
      </trkpt>
      <trkpt lat="46.4869237" lon="9.4745093">
        <ele>1689.9</ele>
        <time>2026-09-15T14:00:47Z</time>
        <extensions>
          <gpxdata:distance>12854.68</gpxdata:distance>
          <gpxdata:speed>1.012</gpxdata:speed>
        </extensions>
      </trkpt>
      <trkpt lat="46.4869517" lon="9.4744843">
        <ele>1690.2</ele>
        <time>2026-09-15T14:00:50Z</time>
        <extensions>
          <gpxdata:distance>12858.34</gpxdata:distance>
          <gpxdata:speed>0.964</gpxdata:speed>
        </extensions>
      </trkpt>
      <trkpt lat="46.4869697" lon="9.4744713">
        <ele>1690.2</ele>
        <time>2026-09-15T14:00:53Z</time>
        <extensions>
          <gpxdata:distance>12860.57</gpxdata:distance>
          <gpxdata:speed>0.971</gpxdata:speed>
        </extensions>
      </trkpt>
      <trkpt lat="46.4869967" lon="9.4744593">
        <ele>1689.8</ele>
        <time>2026-09-15T14:00:56Z</time>
        <extensions>
          <gpxdata:distance>12863.71</gpxdata:distance>
          <gpxdata:speed>1.012</gpxdata:speed>
        </extensions>
      </trkpt>
      <trkpt lat="46.4870327" lon="9.4744483">
        <ele>1690.6</ele>
        <time>2026-09-15T14:01:00Z</time>
        <extensions>
          <gpxdata:distance>12867.80</gpxdata:distance>
          <gpxdata:speed>0.945</gpxdata:speed>
        </extensions>
      </trkpt>
      <trkpt lat="46.4870597" lon="9.4744493">
        <ele>1691.3</ele>
        <time>2026-09-15T14:01:03Z</time>
        <extensions>
          <gpxdata:distance>12870.81</gpxdata:distance>
          <gpxdata:speed>0.889</gpxdata:speed>
        </extensions>
      </trkpt>
      <trkpt lat="46.4872307" lon="9.4744423">
        <ele>1692.8</ele>
        <time>2026-09-15T14:01:26Z</time>
        <extensions>
          <gpxdata:distance>12889.83</gpxdata:distance>
          <gpxdata:speed>0.842</gpxdata:speed>
        </extensions>
      </trkpt>
      <trkpt lat="46.4873217" lon="9.4744062">
        <ele>1693.9</ele>
        <time>2026-09-15T14:01:39Z</time>
        <extensions>
          <gpxdata:distance>12900.32</gpxdata:distance>
          <gpxdata:speed>0.787</gpxdata:speed>
        </extensions>
      </trkpt>
      <trkpt lat="46.4873847" lon="9.4743832">
        <ele>1694.3</ele>
        <time>2026-09-15T14:01:48Z</time>
        <extensions>
          <gpxdata:distance>12907.54</gpxdata:distance>
          <gpxdata:speed>0.799</gpxdata:speed>
        </extensions>
      </trkpt>
      <trkpt lat="46.4874757" lon="9.4743472">
        <ele>1694.6</ele>
        <time>2026-09-15T14:02:01Z</time>
        <extensions>
          <gpxdata:distance>12918.03</gpxdata:distance>
          <gpxdata:speed>0.822</gpxdata:speed>
        </extensions>
      </trkpt>
      <trkpt lat="46.4875297" lon="9.4743622">
        <ele>1694.7</ele>
        <time>2026-09-15T14:02:08Z</time>
        <extensions>
          <gpxdata:distance>12924.14</gpxdata:distance>
          <gpxdata:speed>0.837</gpxdata:speed>
        </extensions>
      </trkpt>
      <trkpt lat="46.4875557" lon="9.4743892">
        <ele>1694.6</ele>
        <time>2026-09-15T14:02:13Z</time>
        <extensions>
          <gpxdata:distance>12927.70</gpxdata:distance>
          <gpxdata:speed>0.845</gpxdata:speed>
        </extensions>
      </trkpt>
      <trkpt lat="46.4876367" lon="9.4744182">
        <ele>1694.5</ele>
        <time>2026-09-15T14:02:24Z</time>
        <extensions>
          <gpxdata:distance>12936.97</gpxdata:distance>
          <gpxdata:speed>0.848</gpxdata:speed>
        </extensions>
      </trkpt>
      <trkpt lat="46.4877167" lon="9.4744342">
        <ele>1694.3</ele>
        <time>2026-09-15T14:02:34Z</time>
        <extensions>
          <gpxdata:distance>12945.95</gpxdata:distance>
          <gpxdata:speed>0.892</gpxdata:speed>
        </extensions>
      </trkpt>
      <trkpt lat="46.4877896" lon="9.4744112">
        <ele>1693.8</ele>
        <time>2026-09-15T14:02:42Z</time>
        <extensions>
          <gpxdata:distance>12954.25</gpxdata:distance>
          <gpxdata:speed>0.936</gpxdata:speed>
        </extensions>
      </trkpt>
      <trkpt lat="46.4878616" lon="9.4743882">
        <ele>1692.9</ele>
        <time>2026-09-15T14:02:51Z</time>
        <extensions>
          <gpxdata:distance>12962.44</gpxdata:distance>
          <gpxdata:speed>1.009</gpxdata:speed>
        </extensions>
      </trkpt>
      <trkpt lat="46.4879426" lon="9.4743782">
        <ele>1691.7</ele>
        <time>2026-09-15T14:03:00Z</time>
        <extensions>
          <gpxdata:distance>12971.48</gpxdata:distance>
          <gpxdata:speed>0.973</gpxdata:speed>
        </extensions>
      </trkpt>
      <trkpt lat="46.4880326" lon="9.4743682">
        <ele>1691.0</ele>
        <time>2026-09-15T14:03:10Z</time>
        <extensions>
          <gpxdata:distance>12981.52</gpxdata:distance>
          <gpxdata:speed>0.955</gpxdata:speed>
        </extensions>
      </trkpt>
      <trkpt lat="46.4881856" lon="9.4743872">
        <ele>1688.1</ele>
        <time>2026-09-15T14:03:29Z</time>
        <extensions>
          <gpxdata:distance>12998.60</gpxdata:distance>
          <gpxdata:speed>0.915</gpxdata:speed>
        </extensions>
      </trkpt>
      <trkpt lat="46.4883386" lon="9.4743922">
        <ele>1686.0</ele>
        <time>2026-09-15T14:03:48Z</time>
        <extensions>
          <gpxdata:distance>13015.61</gpxdata:distance>
          <gpxdata:speed>0.900</gpxdata:speed>
        </extensions>
      </trkpt>
      <trkpt lat="46.4884546" lon="9.4744232">
        <ele>1685.5</ele>
        <time>2026-09-15T14:04:02Z</time>
        <extensions>
          <gpxdata:distance>13028.73</gpxdata:distance>
          <gpxdata:speed>0.905</gpxdata:speed>
        </extensions>
      </trkpt>
      <trkpt lat="46.4884726" lon="9.4744242">
        <ele>1685.8</ele>
        <time>2026-09-15T14:04:05Z</time>
        <extensions>
          <gpxdata:distance>13030.73</gpxdata:distance>
          <gpxdata:speed>0.902</gpxdata:speed>
        </extensions>
      </trkpt>
      <trkpt lat="46.4885456" lon="9.4743872">
        <ele>1687.0</ele>
        <time>2026-09-15T14:04:14Z</time>
        <extensions>
          <gpxdata:distance>13039.33</gpxdata:distance>
          <gpxdata:speed>0.918</gpxdata:speed>
        </extensions>
      </trkpt>
      <trkpt lat="46.4885456" lon="9.4743872">
        <ele>1687.0</ele>
        <time>2026-09-15T14:04:14Z</time>
        <extensions>
          <gpxdata:distance>13039.33</gpxdata:distance>
          <gpxdata:speed>0.000</gpxdata:speed>
        </extensions>
      </trkpt>
      <trkpt lat="46.4886276" lon="9.4743512">
        <ele>1688.2</ele>
        <time>2026-09-15T14:04:24Z</time>
        <extensions>
          <gpxdata:distance>13048.85</gpxdata:distance>
          <gpxdata:speed>0.943</gpxdata:speed>
        </extensions>
      </trkpt>
      <trkpt lat="46.4886816" lon="9.4743272">
        <ele>1688.7</ele>
        <time>2026-09-15T14:04:31Z</time>
        <extensions>
          <gpxdata:distance>13055.13</gpxdata:distance>
          <gpxdata:speed>0.966</gpxdata:speed>
        </extensions>
      </trkpt>
      <trkpt lat="46.4887266" lon="9.4743032">
        <ele>1690.1</ele>
        <time>2026-09-15T14:04:36Z</time>
        <extensions>
          <gpxdata:distance>13060.46</gpxdata:distance>
          <gpxdata:speed>0.998</gpxdata:speed>
        </extensions>
      </trkpt>
      <trkpt lat="46.4887636" lon="9.4742912">
        <ele>1690.7</ele>
        <time>2026-09-15T14:04:41Z</time>
        <extensions>
          <gpxdata:distance>13064.68</gpxdata:distance>
          <gpxdata:speed>0.913</gpxdata:speed>
        </extensions>
      </trkpt>
      <trkpt lat="46.4887996" lon="9.4742932">
        <ele>1690.8</ele>
        <time>2026-09-15T14:04:46Z</time>
        <extensions>
          <gpxdata:distance>13068.68</gpxdata:distance>
          <gpxdata:speed>0.779</gpxdata:speed>
        </extensions>
      </trkpt>
      <trkpt lat="46.4888356" lon="9.4742942">
        <ele>1690.9</ele>
        <time>2026-09-15T14:04:52Z</time>
        <extensions>
          <gpxdata:distance>13072.69</gpxdata:distance>
          <gpxdata:speed>0.697</gpxdata:speed>
        </extensions>
      </trkpt>
      <trkpt lat="46.4888806" lon="9.4742832">
        <ele>1691.3</ele>
        <time>2026-09-15T14:04:59Z</time>
        <extensions>
          <gpxdata:distance>13077.76</gpxdata:distance>
          <gpxdata:speed>0.712</gpxdata:speed>
        </extensions>
      </trkpt>
      <trkpt lat="46.4890176" lon="9.4741702">
        <ele>1691.3</ele>
        <time>2026-09-15T14:05:20Z</time>
        <extensions>
          <gpxdata:distance>13095.28</gpxdata:distance>
          <gpxdata:speed>0.815</gpxdata:speed>
        </extensions>
      </trkpt>
      <trkpt lat="46.4891266" lon="9.4741092">
        <ele>1693.7</ele>
        <time>2026-09-15T14:05:37Z</time>
        <extensions>
          <gpxdata:distance>13108.27</gpxdata:distance>
          <gpxdata:speed>0.761</gpxdata:speed>
        </extensions>
      </trkpt>
      <trkpt lat="46.4892076" lon="9.4741122">
        <ele>1693.1</ele>
        <time>2026-09-15T14:05:48Z</time>
        <extensions>
          <gpxdata:distance>13117.28</gpxdata:distance>
          <gpxdata:speed>0.829</gpxdata:speed>
        </extensions>
      </trkpt>
      <trkpt lat="46.4892706" lon="9.4741282">
        <ele>1690.8</ele>
        <time>2026-09-15T14:05:56Z</time>
        <extensions>
          <gpxdata:distance>13124.39</gpxdata:distance>
          <gpxdata:speed>0.935</gpxdata:speed>
        </extensions>
      </trkpt>
      <trkpt lat="46.4892976" lon="9.4741292">
        <ele>1690.6</ele>
        <time>2026-09-15T14:05:59Z</time>
        <extensions>
          <gpxdata:distance>13127.39</gpxdata:distance>
          <gpxdata:speed>0.993</gpxdata:speed>
        </extensions>
      </trkpt>
      <trkpt lat="46.4893246" lon="9.4741042">
        <ele>1691.4</ele>
        <time>2026-09-15T14:06:02Z</time>
        <extensions>
          <gpxdata:distance>13130.96</gpxdata:distance>
          <gpxdata:speed>0.986</gpxdata:speed>
        </extensions>
      </trkpt>
      <trkpt lat="46.4893426" lon="9.4740782">
        <ele>1693.4</ele>
        <time>2026-09-15T14:06:05Z</time>
        <extensions>
          <gpxdata:distance>13133.78</gpxdata:distance>
          <gpxdata:speed>0.911</gpxdata:speed>
        </extensions>
      </trkpt>
      <trkpt lat="46.4893976" lon="9.4740282">
        <ele>1696.0</ele>
        <time>2026-09-15T14:06:14Z</time>
        <extensions>
          <gpxdata:distance>13140.99</gpxdata:distance>
          <gpxdata:speed>0.821</gpxdata:speed>
        </extensions>
      </trkpt>
      <trkpt lat="46.4894706" lon="9.4739662">
        <ele>1696.7</ele>
        <time>2026-09-15T14:06:26Z</time>
        <extensions>
          <gpxdata:distance>13150.40</gpxdata:distance>
          <gpxdata:speed>0.821</gpxdata:speed>
        </extensions>
      </trkpt>
      <trkpt lat="46.4895446" lon="9.4738652">
        <ele>1698.4</ele>
        <time>2026-09-15T14:06:41Z</time>
        <extensions>
          <gpxdata:distance>13161.69</gpxdata:distance>
          <gpxdata:speed>0.737</gpxdata:speed>
        </extensions>
      </trkpt>
      <trkpt lat="46.4895906" lon="9.4738402">
        <ele>1697.7</ele>
        <time>2026-09-15T14:06:48Z</time>
        <extensions>
          <gpxdata:distance>13167.15</gpxdata:distance>
          <gpxdata:speed>0.838</gpxdata:speed>
        </extensions>
      </trkpt>
      <trkpt lat="46.4896086" lon="9.4738152">
        <ele>1698.4</ele>
        <time>2026-09-15T14:06:51Z</time>
        <extensions>
          <gpxdata:distance>13169.92</gpxdata:distance>
          <gpxdata:speed>0.752</gpxdata:speed>
        </extensions>
      </trkpt>
      <trkpt lat="46.4896636" lon="9.4737652">
        <ele>1700.3</ele>
        <time>2026-09-15T14:07:02Z</time>
        <extensions>
          <gpxdata:distance>13177.13</gpxdata:distance>
          <gpxdata:speed>0.641</gpxdata:speed>
        </extensions>
      </trkpt>
      <trkpt lat="46.4897376" lon="9.4736502">
        <ele>1703.0</ele>
        <time>2026-09-15T14:07:21Z</time>
        <extensions>
          <gpxdata:distance>13189.18</gpxdata:distance>
          <gpxdata:speed>0.646</gpxdata:speed>
        </extensions>
      </trkpt>
      <trkpt lat="46.4897656" lon="9.4736122">
        <ele>1702.8</ele>
        <time>2026-09-15T14:07:28Z</time>
        <extensions>
          <gpxdata:distance>13193.44</gpxdata:distance>
          <gpxdata:speed>0.642</gpxdata:speed>
        </extensions>
      </trkpt>
      <trkpt lat="46.4898296" lon="9.4735632">
        <ele>1702.4</ele>
        <time>2026-09-15T14:07:40Z</time>
        <extensions>
          <gpxdata:distance>13201.49</gpxdata:distance>
          <gpxdata:speed>0.673</gpxdata:speed>
        </extensions>
      </trkpt>
      <trkpt lat="46.4898486" lon="9.4735112">
        <ele>1703.6</ele>
        <time>2026-09-15T14:07:46Z</time>
        <extensions>
          <gpxdata:distance>13206.00</gpxdata:distance>
          <gpxdata:speed>0.712</gpxdata:speed>
        </extensions>
      </trkpt>
      <trkpt lat="46.4898946" lon="9.4734352">
        <ele>1705.2</ele>
        <time>2026-09-15T14:07:58Z</time>
        <extensions>
          <gpxdata:distance>13213.74</gpxdata:distance>
          <gpxdata:speed>0.669</gpxdata:speed>
        </extensions>
      </trkpt>
      <trkpt lat="46.4899306" lon="9.4734232">
        <ele>1704.7</ele>
        <time>2026-09-15T14:08:03Z</time>
        <extensions>
          <gpxdata:distance>13217.85</gpxdata:distance>
          <gpxdata:speed>0.724</gpxdata:speed>
        </extensions>
      </trkpt>
      <trkpt lat="46.4900326" lon="9.4732842">
        <ele>1707.4</ele>
        <time>2026-09-15T14:08:28Z</time>
        <extensions>
          <gpxdata:distance>13233.40</gpxdata:distance>
          <gpxdata:speed>0.639</gpxdata:speed>
        </extensions>
      </trkpt>
      <trkpt lat="46.4901326" lon="9.4732222">
        <ele>1707.4</ele>
        <time>2026-09-15T14:08:45Z</time>
        <extensions>
          <gpxdata:distance>13245.49</gpxdata:distance>
          <gpxdata:speed>0.707</gpxdata:speed>
        </extensions>
      </trkpt>
      <trkpt lat="46.4901956" lon="9.4731852">
        <ele>1706.3</ele>
        <time>2026-09-15T14:08:54Z</time>
        <extensions>
          <gpxdata:distance>13253.05</gpxdata:distance>
          <gpxdata:speed>0.809</gpxdata:speed>
        </extensions>
      </trkpt>
      <trkpt lat="46.4902786" lon="9.4731102">
        <ele>1706.2</ele>
        <time>2026-09-15T14:09:06Z</time>
        <extensions>
          <gpxdata:distance>13263.92</gpxdata:distance>
          <gpxdata:speed>0.904</gpxdata:speed>
        </extensions>
      </trkpt>
      <trkpt lat="46.4903416" lon="9.4730742">
        <ele>1707.4</ele>
        <time>2026-09-15T14:09:15Z</time>
        <extensions>
          <gpxdata:distance>13271.45</gpxdata:distance>
          <gpxdata:speed>0.862</gpxdata:speed>
        </extensions>
      </trkpt>
      <trkpt lat="46.4904776" lon="9.4730272">
        <ele>1707.2</ele>
        <time>2026-09-15T14:09:33Z</time>
        <extensions>
          <gpxdata:distance>13286.99</gpxdata:distance>
          <gpxdata:speed>0.869</gpxdata:speed>
        </extensions>
      </trkpt>
      <trkpt lat="46.4905956" lon="9.4729532">
        <ele>1708.1</ele>
        <time>2026-09-15T14:09:49Z</time>
        <extensions>
          <gpxdata:distance>13301.28</gpxdata:distance>
          <gpxdata:speed>0.893</gpxdata:speed>
        </extensions>
      </trkpt>
      <trkpt lat="46.4907136" lon="9.4728922">
        <ele>1709.2</ele>
        <time>2026-09-15T14:10:04Z</time>
        <extensions>
          <gpxdata:distance>13315.21</gpxdata:distance>
          <gpxdata:speed>0.912</gpxdata:speed>
        </extensions>
      </trkpt>
      <trkpt lat="46.4910486" lon="9.4727882">
        <ele>1706.1</ele>
        <time>2026-09-15T14:10:43Z</time>
        <extensions>
          <gpxdata:distance>13353.30</gpxdata:distance>
          <gpxdata:speed>0.986</gpxdata:speed>
        </extensions>
      </trkpt>
      <trkpt lat="46.4910856" lon="9.4727762">
        <ele>1706.6</ele>
        <time>2026-09-15T14:10:47Z</time>
        <extensions>
          <gpxdata:distance>13357.52</gpxdata:distance>
          <gpxdata:speed>1.004</gpxdata:speed>
        </extensions>
      </trkpt>
      <trkpt lat="46.4911036" lon="9.4727502">
        <ele>1707.2</ele>
        <time>2026-09-15T14:10:50Z</time>
        <extensions>
          <gpxdata:distance>13360.34</gpxdata:distance>
          <gpxdata:speed>1.010</gpxdata:speed>
        </extensions>
      </trkpt>
      <trkpt lat="46.4911396" lon="9.4727392">
        <ele>1707.4</ele>
        <time>2026-09-15T14:10:54Z</time>
        <extensions>
          <gpxdata:distance>13364.43</gpxdata:distance>
          <gpxdata:speed>0.987</gpxdata:speed>
        </extensions>
      </trkpt>
      <trkpt lat="46.4912206" lon="9.4727422">
        <ele>1705.4</ele>
        <time>2026-09-15T14:11:03Z</time>
        <extensions>
          <gpxdata:distance>13373.44</gpxdata:distance>
          <gpxdata:speed>1.003</gpxdata:speed>
        </extensions>
      </trkpt>
      <trkpt lat="46.4913566" lon="9.4727082">
        <ele>1702.1</ele>
        <time>2026-09-15T14:11:19Z</time>
        <extensions>
          <gpxdata:distance>13388.78</gpxdata:distance>
          <gpxdata:speed>0.954</gpxdata:speed>
        </extensions>
      </trkpt>
      <trkpt lat="46.4914836" lon="9.4726612">
        <ele>1700.9</ele>
        <time>2026-09-15T14:11:34Z</time>
        <extensions>
          <gpxdata:distance>13403.36</gpxdata:distance>
          <gpxdata:speed>0.944</gpxdata:speed>
        </extensions>
      </trkpt>
      <trkpt lat="46.4915196" lon="9.4726232">
        <ele>1701.2</ele>
        <time>2026-09-15T14:11:40Z</time>
        <extensions>
          <gpxdata:distance>13408.31</gpxdata:distance>
          <gpxdata:speed>0.933</gpxdata:speed>
        </extensions>
      </trkpt>
      <trkpt lat="46.4915656" lon="9.4725852">
        <ele>1701.9</ele>
        <time>2026-09-15T14:11:46Z</time>
        <extensions>
          <gpxdata:distance>13414.19</gpxdata:distance>
          <gpxdata:speed>0.923</gpxdata:speed>
        </extensions>
      </trkpt>
      <trkpt lat="46.4916116" lon="9.4725222">
        <ele>1701.8</ele>
        <time>2026-09-15T14:11:53Z</time>
        <extensions>
          <gpxdata:distance>13421.22</gpxdata:distance>
          <gpxdata:speed>0.934</gpxdata:speed>
        </extensions>
      </trkpt>
      <trkpt lat="46.4916666" lon="9.4724852">
        <ele>1701.2</ele>
        <time>2026-09-15T14:12:01Z</time>
        <extensions>
          <gpxdata:distance>13427.96</gpxdata:distance>
          <gpxdata:speed>0.919</gpxdata:speed>
        </extensions>
      </trkpt>
      <trkpt lat="46.4917116" lon="9.4724482">
        <ele>1700.8</ele>
        <time>2026-09-15T14:12:07Z</time>
        <extensions>
          <gpxdata:distance>13433.71</gpxdata:distance>
          <gpxdata:speed>0.908</gpxdata:speed>
        </extensions>
      </trkpt>
      <trkpt lat="46.4917576" lon="9.4724102">
        <ele>1700.7</ele>
        <time>2026-09-15T14:12:14Z</time>
        <extensions>
          <gpxdata:distance>13439.59</gpxdata:distance>
          <gpxdata:speed>0.906</gpxdata:speed>
        </extensions>
      </trkpt>
      <trkpt lat="46.4918026" lon="9.4723862">
        <ele>1701.4</ele>
        <time>2026-09-15T14:12:19Z</time>
        <extensions>
          <gpxdata:distance>13444.92</gpxdata:distance>
          <gpxdata:speed>0.942</gpxdata:speed>
        </extensions>
      </trkpt>
      <trkpt lat="46.4918296" lon="9.4723872">
        <ele>1701.3</ele>
        <time>2026-09-15T14:12:22Z</time>
        <extensions>
          <gpxdata:distance>13447.93</gpxdata:distance>
          <gpxdata:speed>0.995</gpxdata:speed>
        </extensions>
      </trkpt>
      <trkpt lat="46.4918756" lon="9.4723762">
        <ele>1700.8</ele>
        <time>2026-09-15T14:12:27Z</time>
        <extensions>
          <gpxdata:distance>13453.11</gpxdata:distance>
          <gpxdata:speed>1.010</gpxdata:speed>
        </extensions>
      </trkpt>
      <trkpt lat="46.4919196" lon="9.4724032">
        <ele>1699.9</ele>
        <time>2026-09-15T14:12:33Z</time>
        <extensions>
          <gpxdata:distance>13458.42</gpxdata:distance>
          <gpxdata:speed>0.979</gpxdata:speed>
        </extensions>
      </trkpt>
      <trkpt lat="46.4919646" lon="9.4724312">
        <ele>1698.1</ele>
        <time>2026-09-15T14:12:39Z</time>
        <extensions>
          <gpxdata:distance>13463.87</gpxdata:distance>
          <gpxdata:speed>0.920</gpxdata:speed>
        </extensions>
      </trkpt>
      <trkpt lat="46.4920086" lon="9.4724462">
        <ele>1697.8</ele>
        <time>2026-09-15T14:12:44Z</time>
        <extensions>
          <gpxdata:distance>13468.89</gpxdata:distance>
          <gpxdata:speed>0.912</gpxdata:speed>
        </extensions>
      </trkpt>
      <trkpt lat="46.4921706" lon="9.4724652">
        <ele>1696.2</ele>
        <time>2026-09-15T14:13:04Z</time>
        <extensions>
          <gpxdata:distance>13486.96</gpxdata:distance>
          <gpxdata:speed>0.911</gpxdata:speed>
        </extensions>
      </trkpt>
      <trkpt lat="46.4922156" lon="9.4724672">
        <ele>1696.6</ele>
        <time>2026-09-15T14:13:10Z</time>
        <extensions>
          <gpxdata:distance>13491.97</gpxdata:distance>
          <gpxdata:speed>0.924</gpxdata:speed>
        </extensions>
      </trkpt>
      <trkpt lat="46.4922606" lon="9.4724682">
        <ele>1696.4</ele>
        <time>2026-09-15T14:13:15Z</time>
        <extensions>
          <gpxdata:distance>13496.97</gpxdata:distance>
          <gpxdata:speed>0.921</gpxdata:speed>
        </extensions>
      </trkpt>
      <trkpt lat="46.4922956" lon="9.4725092">
        <ele>1696.8</ele>
        <time>2026-09-15T14:13:20Z</time>
        <extensions>
          <gpxdata:distance>13501.97</gpxdata:distance>
          <gpxdata:speed>0.915</gpxdata:speed>
        </extensions>
      </trkpt>
      <trkpt lat="46.4923226" lon="9.4724972">
        <ele>1697.4</ele>
        <time>2026-09-15T14:13:24Z</time>
        <extensions>
          <gpxdata:distance>13505.11</gpxdata:distance>
          <gpxdata:speed>0.929</gpxdata:speed>
        </extensions>
      </trkpt>
      <trkpt lat="46.4923676" lon="9.4725112">
        <ele>1696.9</ele>
        <time>2026-09-15T14:13:29Z</time>
        <extensions>
          <gpxdata:distance>13510.23</gpxdata:distance>
          <gpxdata:speed>0.928</gpxdata:speed>
        </extensions>
      </trkpt>
      <trkpt lat="46.4923676" lon="9.4725112">
        <ele>1696.9</ele>
        <time>2026-09-15T14:13:29Z</time>
        <extensions>
          <gpxdata:distance>13510.23</gpxdata:distance>
          <gpxdata:speed>0.000</gpxdata:speed>
        </extensions>
      </trkpt>
      <trkpt lat="46.4924216" lon="9.4725262">
        <ele>1697.2</ele>
        <time>2026-09-15T14:13:35Z</time>
        <extensions>
          <gpxdata:distance>13516.34</gpxdata:distance>
          <gpxdata:speed>0.990</gpxdata:speed>
        </extensions>
      </trkpt>
      <trkpt lat="46.4924756" lon="9.4725281">
        <ele>1698.0</ele>
        <time>2026-09-15T14:13:41Z</time>
        <extensions>
          <gpxdata:distance>13522.35</gpxdata:distance>
          <gpxdata:speed>1.003</gpxdata:speed>
        </extensions>
      </trkpt>
      <trkpt lat="46.4925116" lon="9.4725171">
        <ele>1698.6</ele>
        <time>2026-09-15T14:13:46Z</time>
        <extensions>
          <gpxdata:distance>13526.44</gpxdata:distance>
          <gpxdata:speed>0.857</gpxdata:speed>
        </extensions>
      </trkpt>
      <trkpt lat="46.4925666" lon="9.4724801">
        <ele>1699.5</ele>
        <time>2026-09-15T14:13:54Z</time>
        <extensions>
          <gpxdata:distance>13533.18</gpxdata:distance>
          <gpxdata:speed>0.832</gpxdata:speed>
        </extensions>
      </trkpt>
      <trkpt lat="46.4926206" lon="9.4724821">
        <ele>1699.5</ele>
        <time>2026-09-15T14:14:02Z</time>
        <extensions>
          <gpxdata:distance>13539.19</gpxdata:distance>
          <gpxdata:speed>0.824</gpxdata:speed>
        </extensions>
      </trkpt>
      <trkpt lat="46.4926736" lon="9.4724971">
        <ele>1699.8</ele>
        <time>2026-09-15T14:14:09Z</time>
        <extensions>
          <gpxdata:distance>13545.19</gpxdata:distance>
          <gpxdata:speed>0.834</gpxdata:speed>
        </extensions>
      </trkpt>
      <trkpt lat="46.4926916" lon="9.4724971">
        <ele>1699.8</ele>
        <time>2026-09-15T14:14:11Z</time>
        <extensions>
          <gpxdata:distance>13547.19</gpxdata:distance>
          <gpxdata:speed>0.867</gpxdata:speed>
        </extensions>
      </trkpt>
      <trkpt lat="46.4927556" lon="9.4724351">
        <ele>1700.7</ele>
        <time>2026-09-15T14:14:22Z</time>
        <extensions>
          <gpxdata:distance>13555.75</gpxdata:distance>
          <gpxdata:speed>0.797</gpxdata:speed>
        </extensions>
      </trkpt>
      <trkpt lat="46.4927836" lon="9.4724231">
        <ele>1701.0</ele>
        <time>2026-09-15T14:14:26Z</time>
        <extensions>
          <gpxdata:distance>13558.99</gpxdata:distance>
          <gpxdata:speed>0.796</gpxdata:speed>
        </extensions>
      </trkpt>
      <trkpt lat="46.4928106" lon="9.4724241">
        <ele>1701.1</ele>
        <time>2026-09-15T14:14:30Z</time>
        <extensions>
          <gpxdata:distance>13562.00</gpxdata:distance>
          <gpxdata:speed>0.792</gpxdata:speed>
        </extensions>
      </trkpt>
      <trkpt lat="46.4929366" lon="9.4723761">
        <ele>1701.7</ele>
        <time>2026-09-15T14:14:47Z</time>
        <extensions>
          <gpxdata:distance>13576.48</gpxdata:distance>
          <gpxdata:speed>0.837</gpxdata:speed>
        </extensions>
      </trkpt>
      <trkpt lat="46.4929916" lon="9.4723651">
        <ele>1701.5</ele>
        <time>2026-09-15T14:14:54Z</time>
        <extensions>
          <gpxdata:distance>13582.65</gpxdata:distance>
          <gpxdata:speed>0.881</gpxdata:speed>
        </extensions>
      </trkpt>
      <trkpt lat="46.4930546" lon="9.4723291">
        <ele>1702.1</ele>
        <time>2026-09-15T14:15:02Z</time>
        <extensions>
          <gpxdata:distance>13590.18</gpxdata:distance>
          <gpxdata:speed>0.897</gpxdata:speed>
        </extensions>
      </trkpt>
      <trkpt lat="46.4931176" lon="9.4723311">
        <ele>1701.7</ele>
        <time>2026-09-15T14:15:10Z</time>
        <extensions>
          <gpxdata:distance>13597.19</gpxdata:distance>
          <gpxdata:speed>0.916</gpxdata:speed>
        </extensions>
      </trkpt>
      <trkpt lat="46.4931536" lon="9.4723191">
        <ele>1701.5</ele>
        <time>2026-09-15T14:15:14Z</time>
        <extensions>
          <gpxdata:distance>13601.30</gpxdata:distance>
          <gpxdata:speed>0.935</gpxdata:speed>
        </extensions>
      </trkpt>
      <trkpt lat="46.4932076" lon="9.4723211">
        <ele>1701.4</ele>
        <time>2026-09-15T14:15:21Z</time>
        <extensions>
          <gpxdata:distance>13607.30</gpxdata:distance>
          <gpxdata:speed>0.945</gpxdata:speed>
        </extensions>
      </trkpt>
      <trkpt lat="46.4932626" lon="9.4722971">
        <ele>1701.7</ele>
        <time>2026-09-15T14:15:27Z</time>
        <extensions>
          <gpxdata:distance>13613.69</gpxdata:distance>
          <gpxdata:speed>0.969</gpxdata:speed>
        </extensions>
      </trkpt>
      <trkpt lat="46.4933166" lon="9.4722861">
        <ele>1701.8</ele>
        <time>2026-09-15T14:15:34Z</time>
        <extensions>
          <gpxdata:distance>13619.75</gpxdata:distance>
          <gpxdata:speed>0.979</gpxdata:speed>
        </extensions>
      </trkpt>
      <trkpt lat="46.4933896" lon="9.4722371">
        <ele>1702.4</ele>
        <time>2026-09-15T14:15:43Z</time>
        <extensions>
          <gpxdata:distance>13628.69</gpxdata:distance>
          <gpxdata:speed>0.963</gpxdata:speed>
        </extensions>
      </trkpt>
      <trkpt lat="46.4934726" lon="9.4721361">
        <ele>1703.9</ele>
        <time>2026-09-15T14:15:56Z</time>
        <extensions>
          <gpxdata:distance>13640.73</gpxdata:distance>
          <gpxdata:speed>0.925</gpxdata:speed>
        </extensions>
      </trkpt>
      <trkpt lat="46.4935356" lon="9.4720861">
        <ele>1704.7</ele>
        <time>2026-09-15T14:16:05Z</time>
        <extensions>
          <gpxdata:distance>13648.72</gpxdata:distance>
          <gpxdata:speed>0.889</gpxdata:speed>
        </extensions>
      </trkpt>
      <trkpt lat="46.4935996" lon="9.4720491">
        <ele>1704.4</ele>
        <time>2026-09-15T14:16:13Z</time>
        <extensions>
          <gpxdata:distance>13656.38</gpxdata:distance>
          <gpxdata:speed>0.924</gpxdata:speed>
        </extensions>
      </trkpt>
      <trkpt lat="46.4936356" lon="9.4720381">
        <ele>1704.0</ele>
        <time>2026-09-15T14:16:18Z</time>
        <extensions>
          <gpxdata:distance>13660.47</gpxdata:distance>
          <gpxdata:speed>0.920</gpxdata:speed>
        </extensions>
      </trkpt>
      <trkpt lat="46.4937176" lon="9.4720281">
        <ele>1703.9</ele>
        <time>2026-09-15T14:16:28Z</time>
        <extensions>
          <gpxdata:distance>13669.62</gpxdata:distance>
          <gpxdata:speed>0.923</gpxdata:speed>
        </extensions>
      </trkpt>
      <trkpt lat="46.4937526" lon="9.4720421">
        <ele>1704.3</ele>
        <time>2026-09-15T14:16:32Z</time>
        <extensions>
          <gpxdata:distance>13673.65</gpxdata:distance>
          <gpxdata:speed>0.901</gpxdata:speed>
        </extensions>
      </trkpt>
      <trkpt lat="46.4938776" lon="9.4720861">
        <ele>1705.2</ele>
        <time>2026-09-15T14:16:48Z</time>
        <extensions>
          <gpxdata:distance>13687.96</gpxdata:distance>
          <gpxdata:speed>0.893</gpxdata:speed>
        </extensions>
      </trkpt>
      <trkpt lat="46.4939315" lon="9.4720881">
        <ele>1705.5</ele>
        <time>2026-09-15T14:16:55Z</time>
        <extensions>
          <gpxdata:distance>13693.95</gpxdata:distance>
          <gpxdata:speed>0.886</gpxdata:speed>
        </extensions>
      </trkpt>
      <trkpt lat="46.4939865" lon="9.4720641">
        <ele>1706.6</ele>
        <time>2026-09-15T14:17:02Z</time>
        <extensions>
          <gpxdata:distance>13700.34</gpxdata:distance>
          <gpxdata:speed>0.863</gpxdata:speed>
        </extensions>
      </trkpt>
      <trkpt lat="46.4940315" lon="9.4720661">
        <ele>1707.1</ele>
        <time>2026-09-15T14:17:08Z</time>
        <extensions>
          <gpxdata:distance>13705.34</gpxdata:distance>
          <gpxdata:speed>0.887</gpxdata:speed>
        </extensions>
      </trkpt>
      <trkpt lat="46.4941475" lon="9.4720961">
        <ele>1707.8</ele>
        <time>2026-09-15T14:17:22Z</time>
        <extensions>
          <gpxdata:distance>13718.44</gpxdata:distance>
          <gpxdata:speed>0.900</gpxdata:speed>
        </extensions>
      </trkpt>
      <trkpt lat="46.4942105" lon="9.4721111">
        <ele>1707.6</ele>
        <time>2026-09-15T14:17:30Z</time>
        <extensions>
          <gpxdata:distance>13725.54</gpxdata:distance>
          <gpxdata:speed>0.895</gpxdata:speed>
        </extensions>
      </trkpt>
      <trkpt lat="46.4942825" lon="9.4721271">
        <ele>1707.3</ele>
        <time>2026-09-15T14:17:39Z</time>
        <extensions>
          <gpxdata:distance>13733.64</gpxdata:distance>
          <gpxdata:speed>0.898</gpxdata:speed>
        </extensions>
      </trkpt>
      <trkpt lat="46.4943275" lon="9.4721031">
        <ele>1707.5</ele>
        <time>2026-09-15T14:17:45Z</time>
        <extensions>
          <gpxdata:distance>13738.97</gpxdata:distance>
          <gpxdata:speed>0.880</gpxdata:speed>
        </extensions>
      </trkpt>
      <trkpt lat="46.4943545" lon="9.4720911">
        <ele>1708.0</ele>
        <time>2026-09-15T14:17:49Z</time>
        <extensions>
          <gpxdata:distance>13742.11</gpxdata:distance>
          <gpxdata:speed>0.875</gpxdata:speed>
        </extensions>
      </trkpt>
      <trkpt lat="46.4943905" lon="9.4720921">
        <ele>1708.4</ele>
        <time>2026-09-15T14:17:54Z</time>
        <extensions>
          <gpxdata:distance>13746.12</gpxdata:distance>
          <gpxdata:speed>0.872</gpxdata:speed>
        </extensions>
      </trkpt>
      <trkpt lat="46.4944445" lon="9.4720811">
        <ele>1708.7</ele>
        <time>2026-09-15T14:18:01Z</time>
        <extensions>
          <gpxdata:distance>13752.18</gpxdata:distance>
          <gpxdata:speed>0.872</gpxdata:speed>
        </extensions>
      </trkpt>
      <trkpt lat="46.4945625" lon="9.4720601">
        <ele>1709.1</ele>
        <time>2026-09-15T14:18:15Z</time>
        <extensions>
          <gpxdata:distance>13765.40</gpxdata:distance>
          <gpxdata:speed>0.915</gpxdata:speed>
        </extensions>
      </trkpt>
      <trkpt lat="46.4946345" lon="9.4720231">
        <ele>1709.5</ele>
        <time>2026-09-15T14:18:24Z</time>
        <extensions>
          <gpxdata:distance>13773.89</gpxdata:distance>
          <gpxdata:speed>0.924</gpxdata:speed>
        </extensions>
      </trkpt>
      <trkpt lat="46.4947165" lon="9.4719871">
        <ele>1710.2</ele>
        <time>2026-09-15T14:18:35Z</time>
        <extensions>
          <gpxdata:distance>13783.42</gpxdata:distance>
          <gpxdata:speed>0.919</gpxdata:speed>
        </extensions>
      </trkpt>
      <trkpt lat="46.4947435" lon="9.4719881">
        <ele>1710.3</ele>
        <time>2026-09-15T14:18:38Z</time>
        <extensions>
          <gpxdata:distance>13786.42</gpxdata:distance>
          <gpxdata:speed>0.900</gpxdata:speed>
        </extensions>
      </trkpt>
      <trkpt lat="46.4947615" lon="9.4720151">
        <ele>1709.9</ele>
        <time>2026-09-15T14:18:41Z</time>
        <extensions>
          <gpxdata:distance>13789.30</gpxdata:distance>
          <gpxdata:speed>0.894</gpxdata:speed>
        </extensions>
      </trkpt>
      <trkpt lat="46.4947965" lon="9.4720291">
        <ele>1709.5</ele>
        <time>2026-09-15T14:18:46Z</time>
        <extensions>
          <gpxdata:distance>13793.33</gpxdata:distance>
          <gpxdata:speed>0.919</gpxdata:speed>
        </extensions>
      </trkpt>
      <trkpt lat="46.4948675" lon="9.4720841">
        <ele>1708.5</ele>
        <time>2026-09-15T14:18:55Z</time>
        <extensions>
          <gpxdata:distance>13802.28</gpxdata:distance>
          <gpxdata:speed>0.991</gpxdata:speed>
        </extensions>
      </trkpt>
      <trkpt lat="46.4949475" lon="9.4721521">
        <ele>1707.8</ele>
        <time>2026-09-15T14:19:05Z</time>
        <extensions>
          <gpxdata:distance>13812.59</gpxdata:distance>
          <gpxdata:speed>1.001</gpxdata:speed>
        </extensions>
      </trkpt>
      <trkpt lat="46.4949655" lon="9.4721531">
        <ele>1707.8</ele>
        <time>2026-09-15T14:19:07Z</time>
        <extensions>
          <gpxdata:distance>13814.59</gpxdata:distance>
          <gpxdata:speed>0.994</gpxdata:speed>
        </extensions>
      </trkpt>
      <trkpt lat="46.4949755" lon="9.4721271">
        <ele>1708.0</ele>
        <time>2026-09-15T14:19:09Z</time>
        <extensions>
          <gpxdata:distance>13816.87</gpxdata:distance>
          <gpxdata:speed>0.985</gpxdata:speed>
        </extensions>
      </trkpt>
      <trkpt lat="46.4950475" lon="9.4720911">
        <ele>1708.0</ele>
        <time>2026-09-15T14:19:18Z</time>
        <extensions>
          <gpxdata:distance>13825.34</gpxdata:distance>
          <gpxdata:speed>0.975</gpxdata:speed>
        </extensions>
      </trkpt>
      <trkpt lat="46.4951025" lon="9.4720671">
        <ele>1707.9</ele>
        <time>2026-09-15T14:19:25Z</time>
        <extensions>
          <gpxdata:distance>13831.72</gpxdata:distance>
          <gpxdata:speed>0.951</gpxdata:speed>
        </extensions>
      </trkpt>
      <trkpt lat="46.4952285" lon="9.4720321">
        <ele>1706.5</ele>
        <time>2026-09-15T14:19:40Z</time>
        <extensions>
          <gpxdata:distance>13845.99</gpxdata:distance>
          <gpxdata:speed>0.933</gpxdata:speed>
        </extensions>
      </trkpt>
      <trkpt lat="46.4952835" lon="9.4720081">
        <ele>1705.8</ele>
        <time>2026-09-15T14:19:47Z</time>
        <extensions>
          <gpxdata:distance>13852.37</gpxdata:distance>
          <gpxdata:speed>0.932</gpxdata:speed>
        </extensions>
      </trkpt>
      <trkpt lat="46.4953195" lon="9.4719841">
        <ele>1705.3</ele>
        <time>2026-09-15T14:19:51Z</time>
        <extensions>
          <gpxdata:distance>13856.78</gpxdata:distance>
          <gpxdata:speed>0.931</gpxdata:speed>
        </extensions>
      </trkpt>
      <trkpt lat="46.4953745" lon="9.4719471">
        <ele>1704.7</ele>
        <time>2026-09-15T14:19:59Z</time>
        <extensions>
          <gpxdata:distance>13863.52</gpxdata:distance>
          <gpxdata:speed>0.935</gpxdata:speed>
        </extensions>
      </trkpt>
      <trkpt lat="46.4954105" lon="9.4719351">
        <ele>1704.3</ele>
        <time>2026-09-15T14:20:03Z</time>
        <extensions>
          <gpxdata:distance>13867.62</gpxdata:distance>
          <gpxdata:speed>0.934</gpxdata:speed>
        </extensions>
      </trkpt>
      <trkpt lat="46.4954465" lon="9.4719231">
        <ele>1703.8</ele>
        <time>2026-09-15T14:20:07Z</time>
        <extensions>
          <gpxdata:distance>13871.73</gpxdata:distance>
          <gpxdata:speed>0.927</gpxdata:speed>
        </extensions>
      </trkpt>
      <trkpt lat="46.4955005" lon="9.4719251">
        <ele>1703.9</ele>
        <time>2026-09-15T14:20:14Z</time>
        <extensions>
          <gpxdata:distance>13877.74</gpxdata:distance>
          <gpxdata:speed>0.929</gpxdata:speed>
        </extensions>
      </trkpt>
      <trkpt lat="46.4955005" lon="9.4719251">
        <ele>1703.9</ele>
        <time>2026-09-15T14:20:14Z</time>
        <extensions>
          <gpxdata:distance>13877.74</gpxdata:distance>
          <gpxdata:speed>0.000</gpxdata:speed>
        </extensions>
      </trkpt>
      <trkpt lat="46.4956205" lon="9.4717601">
        <ele>1705.8</ele>
        <time>2026-09-15T14:20:33Z</time>
        <extensions>
          <gpxdata:distance>13896.11</gpxdata:distance>
          <gpxdata:speed>0.970</gpxdata:speed>
        </extensions>
      </trkpt>
      <trkpt lat="46.4956205" lon="9.4717601">
        <ele>1705.8</ele>
        <time>2026-09-15T14:20:33Z</time>
        <extensions>
          <gpxdata:distance>13896.11</gpxdata:distance>
          <gpxdata:speed>0.000</gpxdata:speed>
        </extensions>
      </trkpt>
      <trkpt lat="46.4957105" lon="9.4717381">
        <ele>1705.7</ele>
        <time>2026-09-15T14:20:43Z</time>
        <extensions>
          <gpxdata:distance>13906.26</gpxdata:distance>
          <gpxdata:speed>1.010</gpxdata:speed>
        </extensions>
      </trkpt>
      <trkpt lat="46.4957565" lon="9.4717131">
        <ele>1705.5</ele>
        <time>2026-09-15T14:20:48Z</time>
        <extensions>
          <gpxdata:distance>13911.72</gpxdata:distance>
          <gpxdata:speed>1.003</gpxdata:speed>
        </extensions>
      </trkpt>
      <trkpt lat="46.4958205" lon="9.4716511">
        <ele>1705.0</ele>
        <time>2026-09-15T14:20:57Z</time>
        <extensions>
          <gpxdata:distance>13920.27</gpxdata:distance>
          <gpxdata:speed>0.999</gpxdata:speed>
        </extensions>
      </trkpt>
      <trkpt lat="46.4958845" lon="9.4716141">
        <ele>1703.4</ele>
        <time>2026-09-15T14:21:05Z</time>
        <extensions>
          <gpxdata:distance>13927.93</gpxdata:distance>
          <gpxdata:speed>0.993</gpxdata:speed>
        </extensions>
      </trkpt>
      <trkpt lat="46.4959385" lon="9.4716031">
        <ele>1703.2</ele>
        <time>2026-09-15T14:21:11Z</time>
        <extensions>
          <gpxdata:distance>13934.00</gpxdata:distance>
          <gpxdata:speed>1.000</gpxdata:speed>
        </extensions>
      </trkpt>
      <trkpt lat="46.4959745" lon="9.4716041">
        <ele>1703.6</ele>
        <time>2026-09-15T14:21:15Z</time>
        <extensions>
          <gpxdata:distance>13938.00</gpxdata:distance>
          <gpxdata:speed>1.006</gpxdata:speed>
        </extensions>
      </trkpt>
      <trkpt lat="46.4960095" lon="9.4716451">
        <ele>1704.7</ele>
        <time>2026-09-15T14:21:20Z</time>
        <extensions>
          <gpxdata:distance>13943.00</gpxdata:distance>
          <gpxdata:speed>0.981</gpxdata:speed>
        </extensions>
      </trkpt>
      <trkpt lat="46.4960455" lon="9.4716461">
        <ele>1705.1</ele>
        <time>2026-09-15T14:21:24Z</time>
        <extensions>
          <gpxdata:distance>13947.00</gpxdata:distance>
          <gpxdata:speed>0.995</gpxdata:speed>
        </extensions>
      </trkpt>
      <trkpt lat="46.4960905" lon="9.4716481">
        <ele>1704.8</ele>
        <time>2026-09-15T14:21:29Z</time>
        <extensions>
          <gpxdata:distance>13952.01</gpxdata:distance>
          <gpxdata:speed>0.989</gpxdata:speed>
        </extensions>
      </trkpt>
      <trkpt lat="46.4961355" lon="9.4716361">
        <ele>1704.0</ele>
        <time>2026-09-15T14:21:34Z</time>
        <extensions>
          <gpxdata:distance>13957.10</gpxdata:distance>
          <gpxdata:speed>0.969</gpxdata:speed>
        </extensions>
      </trkpt>
      <trkpt lat="46.4961805" lon="9.4716251">
        <ele>1704.3</ele>
        <time>2026-09-15T14:21:39Z</time>
        <extensions>
          <gpxdata:distance>13962.17</gpxdata:distance>
          <gpxdata:speed>0.982</gpxdata:speed>
        </extensions>
      </trkpt>
      <trkpt lat="46.4962615" lon="9.4716671">
        <ele>1704.3</ele>
        <time>2026-09-15T14:21:49Z</time>
        <extensions>
          <gpxdata:distance>13971.73</gpxdata:distance>
          <gpxdata:speed>0.995</gpxdata:speed>
        </extensions>
      </trkpt>
      <trkpt lat="46.4962965" lon="9.4717081">
        <ele>1704.1</ele>
        <time>2026-09-15T14:21:54Z</time>
        <extensions>
          <gpxdata:distance>13976.73</gpxdata:distance>
          <gpxdata:speed>0.976</gpxdata:speed>
        </extensions>
      </trkpt>
      <trkpt lat="46.4963405" lon="9.4717351">
        <ele>1703.2</ele>
        <time>2026-09-15T14:21:59Z</time>
        <extensions>
          <gpxdata:distance>13982.05</gpxdata:distance>
          <gpxdata:speed>1.012</gpxdata:speed>
        </extensions>
      </trkpt>
      <trkpt lat="46.4964205" lon="9.4717911">
        <ele>1701.4</ele>
        <time>2026-09-15T14:22:10Z</time>
        <extensions>
          <gpxdata:distance>13991.92</gpxdata:distance>
          <gpxdata:speed>0.960</gpxdata:speed>
        </extensions>
      </trkpt>
      <trkpt lat="46.4964655" lon="9.4718181">
        <ele>1701.8</ele>
        <time>2026-09-15T14:22:15Z</time>
        <extensions>
          <gpxdata:distance>13997.33</gpxdata:distance>
          <gpxdata:speed>0.944</gpxdata:speed>
        </extensions>
      </trkpt>
      <trkpt lat="46.4965375" lon="9.4718341">
        <ele>1701.4</ele>
        <time>2026-09-15T14:22:24Z</time>
        <extensions>
          <gpxdata:distance>14005.43</gpxdata:distance>
          <gpxdata:speed>0.934</gpxdata:speed>
        </extensions>
      </trkpt>
      <trkpt lat="46.4966175" lon="9.4718371">
        <ele>1701.5</ele>
        <time>2026-09-15T14:22:33Z</time>
        <extensions>
          <gpxdata:distance>14014.33</gpxdata:distance>
          <gpxdata:speed>0.945</gpxdata:speed>
        </extensions>
      </trkpt>
      <trkpt lat="46.4966625" lon="9.4718391">
        <ele>1701.5</ele>
        <time>2026-09-15T14:22:39Z</time>
        <extensions>
          <gpxdata:distance>14019.34</gpxdata:distance>
          <gpxdata:speed>0.961</gpxdata:speed>
        </extensions>
      </trkpt>
      <trkpt lat="46.4967165" lon="9.4718671">
        <ele>1701.1</ele>
        <time>2026-09-15T14:22:45Z</time>
        <extensions>
          <gpxdata:distance>14025.71</gpxdata:distance>
          <gpxdata:speed>0.948</gpxdata:speed>
        </extensions>
      </trkpt>
      <trkpt lat="46.4968335" lon="9.4718711">
        <ele>1701.1</ele>
        <time>2026-09-15T14:22:59Z</time>
        <extensions>
          <gpxdata:distance>14038.73</gpxdata:distance>
          <gpxdata:speed>0.951</gpxdata:speed>
        </extensions>
      </trkpt>
      <trkpt lat="46.4969135" lon="9.4719001">
        <ele>1700.4</ele>
        <time>2026-09-15T14:23:09Z</time>
        <extensions>
          <gpxdata:distance>14047.89</gpxdata:distance>
          <gpxdata:speed>0.946</gpxdata:speed>
        </extensions>
      </trkpt>
      <trkpt lat="46.4969675" lon="9.4719151">
        <ele>1699.8</ele>
        <time>2026-09-15T14:23:15Z</time>
        <extensions>
          <gpxdata:distance>14054.01</gpxdata:distance>
          <gpxdata:speed>0.952</gpxdata:speed>
        </extensions>
      </trkpt>
      <trkpt lat="46.4970305" lon="9.4719311">
        <ele>1699.6</ele>
        <time>2026-09-15T14:23:22Z</time>
        <extensions>
          <gpxdata:distance>14061.12</gpxdata:distance>
          <gpxdata:speed>0.979</gpxdata:speed>
        </extensions>
      </trkpt>
      <trkpt lat="46.4972465" lon="9.4719391">
        <ele>1696.0</ele>
        <time>2026-09-15T14:23:48Z</time>
        <extensions>
          <gpxdata:distance>14085.15</gpxdata:distance>
          <gpxdata:speed>0.931</gpxdata:speed>
        </extensions>
      </trkpt>
      <trkpt lat="46.4973095" lon="9.4719411">
        <ele>1695.6</ele>
        <time>2026-09-15T14:23:56Z</time>
        <extensions>
          <gpxdata:distance>14092.15</gpxdata:distance>
          <gpxdata:speed>0.930</gpxdata:speed>
        </extensions>
      </trkpt>
      <trkpt lat="46.4976045" lon="9.4720301">
        <ele>1689.9</ele>
        <time>2026-09-15T14:24:33Z</time>
        <extensions>
          <gpxdata:distance>14125.65</gpxdata:distance>
          <gpxdata:speed>0.898</gpxdata:speed>
        </extensions>
      </trkpt>
      <trkpt lat="46.4977035" lon="9.4720341">
        <ele>1688.5</ele>
        <time>2026-09-15T14:24:45Z</time>
        <extensions>
          <gpxdata:distance>14136.67</gpxdata:distance>
          <gpxdata:speed>0.904</gpxdata:speed>
        </extensions>
      </trkpt>
      <trkpt lat="46.4977395" lon="9.4720481">
        <ele>1687.7</ele>
        <time>2026-09-15T14:24:50Z</time>
        <extensions>
          <gpxdata:distance>14140.81</gpxdata:distance>
          <gpxdata:speed>0.909</gpxdata:speed>
        </extensions>
      </trkpt>
      <trkpt lat="46.4977475" lon="9.4720621">
        <ele>1687.4</ele>
        <time>2026-09-15T14:24:51Z</time>
        <extensions>
          <gpxdata:distance>14142.20</gpxdata:distance>
          <gpxdata:speed>0.924</gpxdata:speed>
        </extensions>
      </trkpt>
      <trkpt lat="46.4977205" lon="9.4720871">
        <ele>1686.3</ele>
        <time>2026-09-15T14:24:55Z</time>
        <extensions>
          <gpxdata:distance>14145.76</gpxdata:distance>
          <gpxdata:speed>0.935</gpxdata:speed>
        </extensions>
      </trkpt>
      <trkpt lat="46.4977205" lon="9.4721001">
        <ele>1685.6</ele>
        <time>2026-09-15T14:24:56Z</time>
        <extensions>
          <gpxdata:distance>14146.76</gpxdata:distance>
          <gpxdata:speed>0.936</gpxdata:speed>
        </extensions>
      </trkpt>
      <trkpt lat="46.4977285" lon="9.4721131">
        <ele>1685.1</ele>
        <time>2026-09-15T14:24:58Z</time>
        <extensions>
          <gpxdata:distance>14148.09</gpxdata:distance>
          <gpxdata:speed>0.917</gpxdata:speed>
        </extensions>
      </trkpt>
      <trkpt lat="46.4977825" lon="9.4721281">
        <ele>1683.5</ele>
        <time>2026-09-15T14:25:04Z</time>
        <extensions>
          <gpxdata:distance>14154.21</gpxdata:distance>
          <gpxdata:speed>0.898</gpxdata:speed>
        </extensions>
      </trkpt>
      <trkpt lat="46.4978185" lon="9.4721431">
        <ele>1682.2</ele>
        <time>2026-09-15T14:25:09Z</time>
        <extensions>
          <gpxdata:distance>14158.37</gpxdata:distance>
          <gpxdata:speed>0.872</gpxdata:speed>
        </extensions>
      </trkpt>
      <trkpt lat="46.4978905" lon="9.4721451">
        <ele>1681.2</ele>
        <time>2026-09-15T14:25:18Z</time>
        <extensions>
          <gpxdata:distance>14166.38</gpxdata:distance>
          <gpxdata:speed>0.872</gpxdata:speed>
        </extensions>
      </trkpt>
      <trkpt lat="46.4979805" lon="9.4721361">
        <ele>1679.1</ele>
        <time>2026-09-15T14:25:30Z</time>
        <extensions>
          <gpxdata:distance>14176.41</gpxdata:distance>
          <gpxdata:speed>0.872</gpxdata:speed>
        </extensions>
      </trkpt>
      <trkpt lat="46.4980255" lon="9.4721371">
        <ele>1678.2</ele>
        <time>2026-09-15T14:25:36Z</time>
        <extensions>
          <gpxdata:distance>14181.41</gpxdata:distance>
          <gpxdata:speed>0.872</gpxdata:speed>
        </extensions>
      </trkpt>
      <trkpt lat="46.4980885" lon="9.4721141">
        <ele>1677.4</ele>
        <time>2026-09-15T14:25:44Z</time>
        <extensions>
          <gpxdata:distance>14188.64</gpxdata:distance>
          <gpxdata:speed>0.872</gpxdata:speed>
        </extensions>
      </trkpt>
      <trkpt lat="46.4982705" lon="9.4720291">
        <ele>1676.2</ele>
        <time>2026-09-15T14:26:07Z</time>
        <extensions>
          <gpxdata:distance>14209.90</gpxdata:distance>
          <gpxdata:speed>0.930</gpxdata:speed>
        </extensions>
      </trkpt>
      <trkpt lat="46.4983515" lon="9.4720321">
        <ele>1675.0</ele>
        <time>2026-09-15T14:26:16Z</time>
        <extensions>
          <gpxdata:distance>14218.91</gpxdata:distance>
          <gpxdata:speed>0.937</gpxdata:speed>
        </extensions>
      </trkpt>
      <trkpt lat="46.4984865" lon="9.4720241">
        <ele>1674.6</ele>
        <time>2026-09-15T14:26:33Z</time>
        <extensions>
          <gpxdata:distance>14233.93</gpxdata:distance>
          <gpxdata:speed>0.915</gpxdata:speed>
        </extensions>
      </trkpt>
      <trkpt lat="46.4985225" lon="9.4720131">
        <ele>1674.6</ele>
        <time>2026-09-15T14:26:37Z</time>
        <extensions>
          <gpxdata:distance>14238.02</gpxdata:distance>
          <gpxdata:speed>0.900</gpxdata:speed>
        </extensions>
      </trkpt>
      <trkpt lat="46.4985765" lon="9.4719891">
        <ele>1675.0</ele>
        <time>2026-09-15T14:26:44Z</time>
        <extensions>
          <gpxdata:distance>14244.30</gpxdata:distance>
          <gpxdata:speed>0.912</gpxdata:speed>
        </extensions>
      </trkpt>
      <trkpt lat="46.4986125" lon="9.4719901">
        <ele>1674.9</ele>
        <time>2026-09-15T14:26:49Z</time>
        <extensions>
          <gpxdata:distance>14248.30</gpxdata:distance>
          <gpxdata:speed>0.919</gpxdata:speed>
        </extensions>
      </trkpt>
      <trkpt lat="46.4986495" lon="9.4719781">
        <ele>1675.2</ele>
        <time>2026-09-15T14:26:53Z</time>
        <extensions>
          <gpxdata:distance>14252.52</gpxdata:distance>
          <gpxdata:speed>0.947</gpxdata:speed>
        </extensions>
      </trkpt>
      <trkpt lat="46.4987565" lon="9.4719951">
        <ele>1675.3</ele>
        <time>2026-09-15T14:27:05Z</time>
        <extensions>
          <gpxdata:distance>14264.49</gpxdata:distance>
          <gpxdata:speed>0.968</gpxdata:speed>
        </extensions>
      </trkpt>
      <trkpt lat="46.4989275" lon="9.4720021">
        <ele>1676.3</ele>
        <time>2026-09-15T14:27:24Z</time>
        <extensions>
          <gpxdata:distance>14283.51</gpxdata:distance>
          <gpxdata:speed>0.997</gpxdata:speed>
        </extensions>
      </trkpt>
      <trkpt lat="46.4990715" lon="9.4720200">
        <ele>1677.9</ele>
        <time>2026-09-15T14:27:41Z</time>
        <extensions>
          <gpxdata:distance>14299.58</gpxdata:distance>
          <gpxdata:speed>0.964</gpxdata:speed>
        </extensions>
      </trkpt>
      <trkpt lat="46.4992055" lon="9.4720510">
        <ele>1679.6</ele>
        <time>2026-09-15T14:27:58Z</time>
        <extensions>
          <gpxdata:distance>14314.67</gpxdata:distance>
          <gpxdata:speed>0.890</gpxdata:speed>
        </extensions>
      </trkpt>
      <trkpt lat="46.4992955" lon="9.4720550">
        <ele>1680.0</ele>
        <time>2026-09-15T14:28:10Z</time>
        <extensions>
          <gpxdata:distance>14324.68</gpxdata:distance>
          <gpxdata:speed>0.860</gpxdata:speed>
        </extensions>
      </trkpt>
      <trkpt lat="46.4993765" lon="9.4720580">
        <ele>1680.6</ele>
        <time>2026-09-15T14:28:20Z</time>
        <extensions>
          <gpxdata:distance>14333.69</gpxdata:distance>
          <gpxdata:speed>0.852</gpxdata:speed>
        </extensions>
      </trkpt>
      <trkpt lat="46.4994305" lon="9.4720470">
        <ele>1680.6</ele>
        <time>2026-09-15T14:28:27Z</time>
        <extensions>
          <gpxdata:distance>14339.75</gpxdata:distance>
          <gpxdata:speed>0.863</gpxdata:speed>
        </extensions>
      </trkpt>
      <trkpt lat="46.4994585" lon="9.4720220">
        <ele>1680.3</ele>
        <time>2026-09-15T14:28:32Z</time>
        <extensions>
          <gpxdata:distance>14343.41</gpxdata:distance>
          <gpxdata:speed>0.868</gpxdata:speed>
        </extensions>
      </trkpt>
      <trkpt lat="46.4995675" lon="9.4719610">
        <ele>1679.2</ele>
        <time>2026-09-15T14:28:46Z</time>
        <extensions>
          <gpxdata:distance>14356.40</gpxdata:distance>
          <gpxdata:speed>0.915</gpxdata:speed>
        </extensions>
      </trkpt>
      <trkpt lat="46.4996765" lon="9.4719130">
        <ele>1678.6</ele>
        <time>2026-09-15T14:28:59Z</time>
        <extensions>
          <gpxdata:distance>14369.06</gpxdata:distance>
          <gpxdata:speed>0.932</gpxdata:speed>
        </extensions>
      </trkpt>
      <trkpt lat="46.4997485" lon="9.4718760">
        <ele>1678.4</ele>
        <time>2026-09-15T14:29:08Z</time>
        <extensions>
          <gpxdata:distance>14377.55</gpxdata:distance>
          <gpxdata:speed>0.956</gpxdata:speed>
        </extensions>
      </trkpt>
      <trkpt lat="46.4998655" lon="9.4718680">
        <ele>1677.3</ele>
        <time>2026-09-15T14:29:21Z</time>
        <extensions>
          <gpxdata:distance>14390.58</gpxdata:distance>
          <gpxdata:speed>1.004</gpxdata:speed>
        </extensions>
      </trkpt>
      <trkpt lat="46.4999475" lon="9.4718450">
        <ele>1677.0</ele>
        <time>2026-09-15T14:29:31Z</time>
        <extensions>
          <gpxdata:distance>14399.86</gpxdata:distance>
          <gpxdata:speed>0.973</gpxdata:speed>
        </extensions>
      </trkpt>
      <trkpt lat="46.5000375" lon="9.4718350">
        <ele>1676.7</ele>
        <time>2026-09-15T14:29:41Z</time>
        <extensions>
          <gpxdata:distance>14409.90</gpxdata:distance>
          <gpxdata:speed>0.963</gpxdata:speed>
        </extensions>
      </trkpt>
      <trkpt lat="46.5000835" lon="9.4717980">
        <ele>1676.4</ele>
        <time>2026-09-15T14:29:47Z</time>
        <extensions>
          <gpxdata:distance>14415.75</gpxdata:distance>
          <gpxdata:speed>0.947</gpxdata:speed>
        </extensions>
      </trkpt>
      <trkpt lat="46.5001375" lon="9.4717610">
        <ele>1677.5</ele>
        <time>2026-09-15T14:29:54Z</time>
        <extensions>
          <gpxdata:distance>14422.39</gpxdata:distance>
          <gpxdata:speed>0.964</gpxdata:speed>
        </extensions>
      </trkpt>
      <trkpt lat="46.5002105" lon="9.4717370">
        <ele>1677.3</ele>
        <time>2026-09-15T14:30:03Z</time>
        <extensions>
          <gpxdata:distance>14430.71</gpxdata:distance>
          <gpxdata:speed>0.968</gpxdata:speed>
        </extensions>
      </trkpt>
      <trkpt lat="46.5002735" lon="9.4717270">
        <ele>1676.7</ele>
        <time>2026-09-15T14:30:10Z</time>
        <extensions>
          <gpxdata:distance>14437.76</gpxdata:distance>
          <gpxdata:speed>0.973</gpxdata:speed>
        </extensions>
      </trkpt>
      <trkpt lat="46.5003355" lon="9.4717550">
        <ele>1675.6</ele>
        <time>2026-09-15T14:30:18Z</time>
        <extensions>
          <gpxdata:distance>14444.97</gpxdata:distance>
          <gpxdata:speed>0.962</gpxdata:speed>
        </extensions>
      </trkpt>
      <trkpt lat="46.5003995" lon="9.4717050">
        <ele>1675.3</ele>
        <time>2026-09-15T14:30:26Z</time>
        <extensions>
          <gpxdata:distance>14453.05</gpxdata:distance>
          <gpxdata:speed>0.960</gpxdata:speed>
        </extensions>
      </trkpt>
      <trkpt lat="46.5004365" lon="9.4716420">
        <ele>1676.0</ele>
        <time>2026-09-15T14:30:32Z</time>
        <extensions>
          <gpxdata:distance>14459.39</gpxdata:distance>
          <gpxdata:speed>0.988</gpxdata:speed>
        </extensions>
      </trkpt>
      <trkpt lat="46.5004825" lon="9.4716040">
        <ele>1676.8</ele>
        <time>2026-09-15T14:30:38Z</time>
        <extensions>
          <gpxdata:distance>14465.28</gpxdata:distance>
          <gpxdata:speed>1.008</gpxdata:speed>
        </extensions>
      </trkpt>
      <trkpt lat="46.5005465" lon="9.4715800">
        <ele>1676.8</ele>
        <time>2026-09-15T14:30:46Z</time>
        <extensions>
          <gpxdata:distance>14472.63</gpxdata:distance>
          <gpxdata:speed>1.008</gpxdata:speed>
        </extensions>
      </trkpt>
      <trkpt lat="46.5005915" lon="9.4715560">
        <ele>1676.5</ele>
        <time>2026-09-15T14:30:51Z</time>
        <extensions>
          <gpxdata:distance>14477.96</gpxdata:distance>
          <gpxdata:speed>1.008</gpxdata:speed>
        </extensions>
      </trkpt>
      <trkpt lat="46.5006375" lon="9.4715190">
        <ele>1677.6</ele>
        <time>2026-09-15T14:30:57Z</time>
        <extensions>
          <gpxdata:distance>14483.80</gpxdata:distance>
          <gpxdata:speed>1.008</gpxdata:speed>
        </extensions>
      </trkpt>
      <trkpt lat="46.5006735" lon="9.4714940">
        <ele>1677.7</ele>
        <time>2026-09-15T14:31:01Z</time>
        <extensions>
          <gpxdata:distance>14488.24</gpxdata:distance>
          <gpxdata:speed>0.995</gpxdata:speed>
        </extensions>
      </trkpt>
      <trkpt lat="46.5007185" lon="9.4714700">
        <ele>1678.3</ele>
        <time>2026-09-15T14:31:07Z</time>
        <extensions>
          <gpxdata:distance>14493.57</gpxdata:distance>
          <gpxdata:speed>0.940</gpxdata:speed>
        </extensions>
      </trkpt>
      <trkpt lat="46.5007455" lon="9.4714710">
        <ele>1677.7</ele>
        <time>2026-09-15T14:31:10Z</time>
        <extensions>
          <gpxdata:distance>14496.57</gpxdata:distance>
          <gpxdata:speed>0.909</gpxdata:speed>
        </extensions>
      </trkpt>
      <trkpt lat="46.5007905" lon="9.4714720">
        <ele>1677.6</ele>
        <time>2026-09-15T14:31:16Z</time>
        <extensions>
          <gpxdata:distance>14501.58</gpxdata:distance>
          <gpxdata:speed>0.892</gpxdata:speed>
        </extensions>
      </trkpt>
      <trkpt lat="46.5008365" lon="9.4714610">
        <ele>1677.1</ele>
        <time>2026-09-15T14:31:21Z</time>
        <extensions>
          <gpxdata:distance>14506.76</gpxdata:distance>
          <gpxdata:speed>0.953</gpxdata:speed>
        </extensions>
      </trkpt>
      <trkpt lat="46.5008635" lon="9.4714490">
        <ele>1676.6</ele>
        <time>2026-09-15T14:31:24Z</time>
        <extensions>
          <gpxdata:distance>14509.90</gpxdata:distance>
          <gpxdata:speed>1.007</gpxdata:speed>
        </extensions>
      </trkpt>
      <trkpt lat="46.5009265" lon="9.4714250">
        <ele>1675.3</ele>
        <time>2026-09-15T14:31:32Z</time>
        <extensions>
          <gpxdata:distance>14517.14</gpxdata:distance>
          <gpxdata:speed>0.969</gpxdata:speed>
        </extensions>
      </trkpt>
      <trkpt lat="46.5010895" lon="9.4713790">
        <ele>1672.9</ele>
        <time>2026-09-15T14:31:51Z</time>
        <extensions>
          <gpxdata:distance>14535.61</gpxdata:distance>
          <gpxdata:speed>0.935</gpxdata:speed>
        </extensions>
      </trkpt>
      <trkpt lat="46.5012165" lon="9.4713320">
        <ele>1670.8</ele>
        <time>2026-09-15T14:32:08Z</time>
        <extensions>
          <gpxdata:distance>14550.18</gpxdata:distance>
          <gpxdata:speed>0.897</gpxdata:speed>
        </extensions>
      </trkpt>
      <trkpt lat="46.5012525" lon="9.4713330">
        <ele>1670.5</ele>
        <time>2026-09-15T14:32:12Z</time>
        <extensions>
          <gpxdata:distance>14554.18</gpxdata:distance>
          <gpxdata:speed>0.903</gpxdata:speed>
        </extensions>
      </trkpt>
      <trkpt lat="46.5012885" lon="9.4713350">
        <ele>1670.3</ele>
        <time>2026-09-15T14:32:16Z</time>
        <extensions>
          <gpxdata:distance>14558.19</gpxdata:distance>
          <gpxdata:speed>0.916</gpxdata:speed>
        </extensions>
      </trkpt>
      <trkpt lat="46.5013055" lon="9.4713610">
        <ele>1669.5</ele>
        <time>2026-09-15T14:32:19Z</time>
        <extensions>
          <gpxdata:distance>14560.94</gpxdata:distance>
          <gpxdata:speed>0.919</gpxdata:speed>
        </extensions>
      </trkpt>
      <trkpt lat="46.5013685" lon="9.4713900">
        <ele>1667.8</ele>
        <time>2026-09-15T14:32:27Z</time>
        <extensions>
          <gpxdata:distance>14568.28</gpxdata:distance>
          <gpxdata:speed>0.937</gpxdata:speed>
        </extensions>
      </trkpt>
      <trkpt lat="46.5014315" lon="9.4714050">
        <ele>1666.2</ele>
        <time>2026-09-15T14:32:35Z</time>
        <extensions>
          <gpxdata:distance>14575.38</gpxdata:distance>
          <gpxdata:speed>0.928</gpxdata:speed>
        </extensions>
      </trkpt>
      <trkpt lat="46.5014665" lon="9.4714070">
        <ele>1665.4</ele>
        <time>2026-09-15T14:32:39Z</time>
        <extensions>
          <gpxdata:distance>14579.28</gpxdata:distance>
          <gpxdata:speed>0.924</gpxdata:speed>
        </extensions>
      </trkpt>
      <trkpt lat="46.5014945" lon="9.4713820">
        <ele>1664.8</ele>
        <time>2026-09-15T14:32:43Z</time>
        <extensions>
          <gpxdata:distance>14582.93</gpxdata:distance>
          <gpxdata:speed>0.927</gpxdata:speed>
        </extensions>
      </trkpt>
      <trkpt lat="46.5015125" lon="9.4713690">
        <ele>1664.6</ele>
        <time>2026-09-15T14:32:46Z</time>
        <extensions>
          <gpxdata:distance>14585.17</gpxdata:distance>
          <gpxdata:speed>0.916</gpxdata:speed>
        </extensions>
      </trkpt>
      <trkpt lat="46.5015485" lon="9.4713710">
        <ele>1664.4</ele>
        <time>2026-09-15T14:32:50Z</time>
        <extensions>
          <gpxdata:distance>14589.17</gpxdata:distance>
          <gpxdata:speed>0.921</gpxdata:speed>
        </extensions>
      </trkpt>
      <trkpt lat="46.5016125" lon="9.4713210">
        <ele>1663.9</ele>
        <time>2026-09-15T14:32:59Z</time>
        <extensions>
          <gpxdata:distance>14597.25</gpxdata:distance>
          <gpxdata:speed>0.936</gpxdata:speed>
        </extensions>
      </trkpt>
      <trkpt lat="46.5016485" lon="9.4713090">
        <ele>1663.7</ele>
        <time>2026-09-15T14:33:03Z</time>
        <extensions>
          <gpxdata:distance>14601.36</gpxdata:distance>
          <gpxdata:speed>0.936</gpxdata:speed>
        </extensions>
      </trkpt>
      <trkpt lat="46.5016765" lon="9.4712710">
        <ele>1663.4</ele>
        <time>2026-09-15T14:33:08Z</time>
        <extensions>
          <gpxdata:distance>14605.62</gpxdata:distance>
          <gpxdata:speed>0.928</gpxdata:speed>
        </extensions>
      </trkpt>
      <trkpt lat="46.5017125" lon="9.4712460">
        <ele>1663.3</ele>
        <time>2026-09-15T14:33:12Z</time>
        <extensions>
          <gpxdata:distance>14610.06</gpxdata:distance>
          <gpxdata:speed>0.901</gpxdata:speed>
        </extensions>
      </trkpt>
      <trkpt lat="46.5017585" lon="9.4712090">
        <ele>1663.1</ele>
        <time>2026-09-15T14:33:19Z</time>
        <extensions>
          <gpxdata:distance>14615.90</gpxdata:distance>
          <gpxdata:speed>0.920</gpxdata:speed>
        </extensions>
      </trkpt>
      <trkpt lat="46.5018045" lon="9.4711460">
        <ele>1663.3</ele>
        <time>2026-09-15T14:33:26Z</time>
        <extensions>
          <gpxdata:distance>14622.93</gpxdata:distance>
          <gpxdata:speed>0.951</gpxdata:speed>
        </extensions>
      </trkpt>
      <trkpt lat="46.5019235" lon="9.4710330">
        <ele>1665.5</ele>
        <time>2026-09-15T14:33:42Z</time>
        <extensions>
          <gpxdata:distance>14638.74</gpxdata:distance>
          <gpxdata:speed>0.981</gpxdata:speed>
        </extensions>
      </trkpt>
      <trkpt lat="46.5019605" lon="9.4709950">
        <ele>1665.9</ele>
        <time>2026-09-15T14:33:48Z</time>
        <extensions>
          <gpxdata:distance>14643.78</gpxdata:distance>
          <gpxdata:speed>0.956</gpxdata:speed>
        </extensions>
      </trkpt>
      <trkpt lat="46.5019965" lon="9.4709960">
        <ele>1666.5</ele>
        <time>2026-09-15T14:33:52Z</time>
        <extensions>
          <gpxdata:distance>14647.78</gpxdata:distance>
          <gpxdata:speed>0.921</gpxdata:speed>
        </extensions>
      </trkpt>
      <trkpt lat="46.5020325" lon="9.4709980">
        <ele>1667.5</ele>
        <time>2026-09-15T14:33:57Z</time>
        <extensions>
          <gpxdata:distance>14651.79</gpxdata:distance>
          <gpxdata:speed>0.843</gpxdata:speed>
        </extensions>
      </trkpt>
      <trkpt lat="46.5020685" lon="9.4709730">
        <ele>1667.9</ele>
        <time>2026-09-15T14:34:02Z</time>
        <extensions>
          <gpxdata:distance>14656.23</gpxdata:distance>
          <gpxdata:speed>0.816</gpxdata:speed>
        </extensions>
      </trkpt>
      <trkpt lat="46.5021785" lon="9.4708860">
        <ele>1668.3</ele>
        <time>2026-09-15T14:34:19Z</time>
        <extensions>
          <gpxdata:distance>14670.15</gpxdata:distance>
          <gpxdata:speed>0.817</gpxdata:speed>
        </extensions>
      </trkpt>
      <trkpt lat="46.5022515" lon="9.4707970">
        <ele>1670.3</ele>
        <time>2026-09-15T14:34:33Z</time>
        <extensions>
          <gpxdata:distance>14680.75</gpxdata:distance>
          <gpxdata:speed>0.756</gpxdata:speed>
        </extensions>
      </trkpt>
      <trkpt lat="46.5022895" lon="9.4707080">
        <ele>1672.1</ele>
        <time>2026-09-15T14:34:45Z</time>
        <extensions>
          <gpxdata:distance>14688.77</gpxdata:distance>
          <gpxdata:speed>0.696</gpxdata:speed>
        </extensions>
      </trkpt>
      <trkpt lat="46.5023355" lon="9.4706440">
        <ele>1672.7</ele>
        <time>2026-09-15T14:34:55Z</time>
        <extensions>
          <gpxdata:distance>14695.85</gpxdata:distance>
          <gpxdata:speed>0.682</gpxdata:speed>
        </extensions>
      </trkpt>
      <trkpt lat="46.5023634" lon="9.4706060">
        <ele>1672.8</ele>
        <time>2026-09-15T14:35:01Z</time>
        <extensions>
          <gpxdata:distance>14700.10</gpxdata:distance>
          <gpxdata:speed>0.707</gpxdata:speed>
        </extensions>
      </trkpt>
      <trkpt lat="46.5023994" lon="9.4705810">
        <ele>1672.1</ele>
        <time>2026-09-15T14:35:07Z</time>
        <extensions>
          <gpxdata:distance>14704.54</gpxdata:distance>
          <gpxdata:speed>0.749</gpxdata:speed>
        </extensions>
      </trkpt>
      <trkpt lat="46.5024544" lon="9.4705310">
        <ele>1670.4</ele>
        <time>2026-09-15T14:35:15Z</time>
        <extensions>
          <gpxdata:distance>14711.75</gpxdata:distance>
          <gpxdata:speed>0.857</gpxdata:speed>
        </extensions>
      </trkpt>
      <trkpt lat="46.5024904" lon="9.4705070">
        <ele>1669.8</ele>
        <time>2026-09-15T14:35:20Z</time>
        <extensions>
          <gpxdata:distance>14716.16</gpxdata:distance>
          <gpxdata:speed>0.922</gpxdata:speed>
        </extensions>
      </trkpt>
      <trkpt lat="46.5025634" lon="9.4704700">
        <ele>1669.6</ele>
        <time>2026-09-15T14:35:29Z</time>
        <extensions>
          <gpxdata:distance>14724.75</gpxdata:distance>
          <gpxdata:speed>0.949</gpxdata:speed>
        </extensions>
      </trkpt>
      <trkpt lat="46.5025994" lon="9.4704720">
        <ele>1669.5</ele>
        <time>2026-09-15T14:35:33Z</time>
        <extensions>
          <gpxdata:distance>14728.76</gpxdata:distance>
          <gpxdata:speed>0.960</gpxdata:speed>
        </extensions>
      </trkpt>
      <trkpt lat="46.5026534" lon="9.4704870">
        <ele>1668.8</ele>
        <time>2026-09-15T14:35:40Z</time>
        <extensions>
          <gpxdata:distance>14734.87</gpxdata:distance>
          <gpxdata:speed>0.977</gpxdata:speed>
        </extensions>
      </trkpt>
      <trkpt lat="46.5026984" lon="9.4704750">
        <ele>1667.6</ele>
        <time>2026-09-15T14:35:45Z</time>
        <extensions>
          <gpxdata:distance>14739.96</gpxdata:distance>
          <gpxdata:speed>0.907</gpxdata:speed>
        </extensions>
      </trkpt>
      <trkpt lat="46.5027254" lon="9.4704630">
        <ele>1667.4</ele>
        <time>2026-09-15T14:35:49Z</time>
        <extensions>
          <gpxdata:distance>14743.10</gpxdata:distance>
          <gpxdata:speed>0.905</gpxdata:speed>
        </extensions>
      </trkpt>
      <trkpt lat="46.5027704" lon="9.4704520">
        <ele>1667.1</ele>
        <time>2026-09-15T14:35:54Z</time>
        <extensions>
          <gpxdata:distance>14748.17</gpxdata:distance>
          <gpxdata:speed>0.911</gpxdata:speed>
        </extensions>
      </trkpt>
      <trkpt lat="46.5028164" lon="9.4704410">
        <ele>1667.0</ele>
        <time>2026-09-15T14:36:00Z</time>
        <extensions>
          <gpxdata:distance>14753.36</gpxdata:distance>
          <gpxdata:speed>0.898</gpxdata:speed>
        </extensions>
      </trkpt>
      <trkpt lat="46.5028524" lon="9.4704420">
        <ele>1666.3</ele>
        <time>2026-09-15T14:36:05Z</time>
        <extensions>
          <gpxdata:distance>14757.36</gpxdata:distance>
          <gpxdata:speed>0.905</gpxdata:speed>
        </extensions>
      </trkpt>
      <trkpt lat="46.5028794" lon="9.4704430">
        <ele>1665.0</ele>
        <time>2026-09-15T14:36:08Z</time>
        <extensions>
          <gpxdata:distance>14760.36</gpxdata:distance>
          <gpxdata:speed>0.902</gpxdata:speed>
        </extensions>
      </trkpt>
      <trkpt lat="46.5029054" lon="9.4704440">
        <ele>1664.1</ele>
        <time>2026-09-15T14:36:11Z</time>
        <extensions>
          <gpxdata:distance>14763.26</gpxdata:distance>
          <gpxdata:speed>0.934</gpxdata:speed>
        </extensions>
      </trkpt>
      <trkpt lat="46.5029234" lon="9.4704710">
        <ele>1663.9</ele>
        <time>2026-09-15T14:36:14Z</time>
        <extensions>
          <gpxdata:distance>14766.13</gpxdata:distance>
          <gpxdata:speed>0.940</gpxdata:speed>
        </extensions>
      </trkpt>
      <trkpt lat="46.5029234" lon="9.4704710">
        <ele>1663.9</ele>
        <time>2026-09-15T14:36:14Z</time>
        <extensions>
          <gpxdata:distance>14766.13</gpxdata:distance>
          <gpxdata:speed>0.000</gpxdata:speed>
        </extensions>
      </trkpt>
      <trkpt lat="46.5029784" lon="9.4704210">
        <ele>1664.4</ele>
        <time>2026-09-15T14:36:22Z</time>
        <extensions>
          <gpxdata:distance>14773.35</gpxdata:distance>
          <gpxdata:speed>0.899</gpxdata:speed>
        </extensions>
      </trkpt>
      <trkpt lat="46.5030604" lon="9.4703460">
        <ele>1665.4</ele>
        <time>2026-09-15T14:36:33Z</time>
        <extensions>
          <gpxdata:distance>14784.12</gpxdata:distance>
          <gpxdata:speed>0.950</gpxdata:speed>
        </extensions>
      </trkpt>
      <trkpt lat="46.5032164" lon="9.4701950">
        <ele>1667.6</ele>
        <time>2026-09-15T14:36:54Z</time>
        <extensions>
          <gpxdata:distance>14804.97</gpxdata:distance>
          <gpxdata:speed>0.990</gpxdata:speed>
        </extensions>
      </trkpt>
      <trkpt lat="46.5032444" lon="9.4701570">
        <ele>1668.1</ele>
        <time>2026-09-15T14:36:59Z</time>
        <extensions>
          <gpxdata:distance>14809.23</gpxdata:distance>
          <gpxdata:speed>0.962</gpxdata:speed>
        </extensions>
      </trkpt>
      <trkpt lat="46.5032714" lon="9.4701190">
        <ele>1668.6</ele>
        <time>2026-09-15T14:37:03Z</time>
        <extensions>
          <gpxdata:distance>14813.41</gpxdata:distance>
          <gpxdata:speed>0.908</gpxdata:speed>
        </extensions>
      </trkpt>
      <trkpt lat="46.5034614" lon="9.4695660">
        <ele>1673.6</ele>
        <time>2026-09-15T14:38:03Z</time>
        <extensions>
          <gpxdata:distance>14860.71</gpxdata:distance>
          <gpxdata:speed>0.791</gpxdata:speed>
        </extensions>
      </trkpt>
      <trkpt lat="46.5035274" lon="9.4693989">
        <ele>1675.1</ele>
        <time>2026-09-15T14:38:23Z</time>
        <extensions>
          <gpxdata:distance>14875.46</gpxdata:distance>
          <gpxdata:speed>0.759</gpxdata:speed>
        </extensions>
      </trkpt>
      <trkpt lat="46.5035564" lon="9.4692959">
        <ele>1676.1</ele>
        <time>2026-09-15T14:38:34Z</time>
        <extensions>
          <gpxdata:distance>14883.97</gpxdata:distance>
          <gpxdata:speed>0.745</gpxdata:speed>
        </extensions>
      </trkpt>
      <trkpt lat="46.5035664" lon="9.4692309">
        <ele>1676.6</ele>
        <time>2026-09-15T14:38:41Z</time>
        <extensions>
          <gpxdata:distance>14889.07</gpxdata:distance>
          <gpxdata:speed>0.746</gpxdata:speed>
        </extensions>
      </trkpt>
      <trkpt lat="46.5035674" lon="9.4691789">
        <ele>1677.1</ele>
        <time>2026-09-15T14:38:46Z</time>
        <extensions>
          <gpxdata:distance>14893.05</gpxdata:distance>
          <gpxdata:speed>0.739</gpxdata:speed>
        </extensions>
      </trkpt>
      <trkpt lat="46.5035614" lon="9.4690219">
        <ele>1678.6</ele>
        <time>2026-09-15T14:39:03Z</time>
        <extensions>
          <gpxdata:distance>14905.09</gpxdata:distance>
          <gpxdata:speed>0.731</gpxdata:speed>
        </extensions>
      </trkpt>
      <trkpt lat="46.5035554" lon="9.4688389">
        <ele>1680.0</ele>
        <time>2026-09-15T14:39:22Z</time>
        <extensions>
          <gpxdata:distance>14919.11</gpxdata:distance>
          <gpxdata:speed>0.732</gpxdata:speed>
        </extensions>
      </trkpt>
      <trkpt lat="46.5035564" lon="9.4687869">
        <ele>1680.3</ele>
        <time>2026-09-15T14:39:27Z</time>
        <extensions>
          <gpxdata:distance>14923.09</gpxdata:distance>
          <gpxdata:speed>0.736</gpxdata:speed>
        </extensions>
      </trkpt>
      <trkpt lat="46.5035664" lon="9.4687099">
        <ele>1680.9</ele>
        <time>2026-09-15T14:39:35Z</time>
        <extensions>
          <gpxdata:distance>14929.09</gpxdata:distance>
          <gpxdata:speed>0.738</gpxdata:speed>
        </extensions>
      </trkpt>
      <trkpt lat="46.5035954" lon="9.4686319">
        <ele>1681.4</ele>
        <time>2026-09-15T14:39:45Z</time>
        <extensions>
          <gpxdata:distance>14935.87</gpxdata:distance>
          <gpxdata:speed>0.745</gpxdata:speed>
        </extensions>
      </trkpt>
      <trkpt lat="46.5036324" lon="9.4685429">
        <ele>1682.1</ele>
        <time>2026-09-15T14:39:55Z</time>
        <extensions>
          <gpxdata:distance>14943.83</gpxdata:distance>
          <gpxdata:speed>0.748</gpxdata:speed>
        </extensions>
      </trkpt>
      <trkpt lat="46.5036784" lon="9.4684919">
        <ele>1682.6</ele>
        <time>2026-09-15T14:40:04Z</time>
        <extensions>
          <gpxdata:distance>14950.27</gpxdata:distance>
          <gpxdata:speed>0.759</gpxdata:speed>
        </extensions>
      </trkpt>
      <trkpt lat="46.5037244" lon="9.4684289">
        <ele>1683.1</ele>
        <time>2026-09-15T14:40:13Z</time>
        <extensions>
          <gpxdata:distance>14957.30</gpxdata:distance>
          <gpxdata:speed>0.766</gpxdata:speed>
        </extensions>
      </trkpt>
      <trkpt lat="46.5038254" lon="9.4683409">
        <ele>1684.1</ele>
        <time>2026-09-15T14:40:30Z</time>
        <extensions>
          <gpxdata:distance>14970.39</gpxdata:distance>
          <gpxdata:speed>0.779</gpxdata:speed>
        </extensions>
      </trkpt>
      <trkpt lat="46.5040714" lon="9.4681549">
        <ele>1686.3</ele>
        <time>2026-09-15T14:41:08Z</time>
        <extensions>
          <gpxdata:distance>15001.23</gpxdata:distance>
          <gpxdata:speed>0.806</gpxdata:speed>
        </extensions>
      </trkpt>
      <trkpt lat="46.5041084" lon="9.4681039">
        <ele>1686.7</ele>
        <time>2026-09-15T14:41:15Z</time>
        <extensions>
          <gpxdata:distance>15006.90</gpxdata:distance>
          <gpxdata:speed>0.816</gpxdata:speed>
        </extensions>
      </trkpt>
      <trkpt lat="46.5041274" lon="9.4680529">
        <ele>1687.0</ele>
        <time>2026-09-15T14:41:20Z</time>
        <extensions>
          <gpxdata:distance>15011.34</gpxdata:distance>
          <gpxdata:speed>0.817</gpxdata:speed>
        </extensions>
      </trkpt>
      <trkpt lat="46.5041554" lon="9.4679759">
        <ele>1687.6</ele>
        <time>2026-09-15T14:41:28Z</time>
        <extensions>
          <gpxdata:distance>15018.00</gpxdata:distance>
          <gpxdata:speed>0.819</gpxdata:speed>
        </extensions>
      </trkpt>
      <trkpt lat="46.5041974" lon="9.4676519">
        <ele>1687.5</ele>
        <time>2026-09-15T14:41:58Z</time>
        <extensions>
          <gpxdata:distance>15043.24</gpxdata:distance>
          <gpxdata:speed>0.868</gpxdata:speed>
        </extensions>
      </trkpt>
      <trkpt lat="46.5042274" lon="9.4674829">
        <ele>1687.2</ele>
        <time>2026-09-15T14:42:12Z</time>
        <extensions>
          <gpxdata:distance>15056.59</gpxdata:distance>
          <gpxdata:speed>0.898</gpxdata:speed>
        </extensions>
      </trkpt>
      <trkpt lat="46.5042484" lon="9.4673149">
        <ele>1687.0</ele>
        <time>2026-09-15T14:42:27Z</time>
        <extensions>
          <gpxdata:distance>15069.66</gpxdata:distance>
          <gpxdata:speed>0.919</gpxdata:speed>
        </extensions>
      </trkpt>
      <trkpt lat="46.5042484" lon="9.4673149">
        <ele>1687.0</ele>
        <time>2026-09-15T14:42:27Z</time>
        <extensions>
          <gpxdata:distance>15069.66</gpxdata:distance>
          <gpxdata:speed>0.000</gpxdata:speed>
        </extensions>
      </trkpt>
      <trkpt lat="46.5042674" lon="9.4672759">
        <ele>1686.9</ele>
        <time>2026-09-15T14:42:31Z</time>
        <extensions>
          <gpxdata:distance>15073.32</gpxdata:distance>
          <gpxdata:speed>0.943</gpxdata:speed>
        </extensions>
      </trkpt>
      <trkpt lat="46.5042954" lon="9.4672119">
        <ele>1686.0</ele>
        <time>2026-09-15T14:42:36Z</time>
        <extensions>
          <gpxdata:distance>15079.12</gpxdata:distance>
          <gpxdata:speed>1.007</gpxdata:speed>
        </extensions>
      </trkpt>
      <trkpt lat="46.5043974" lon="9.4670469">
        <ele>1682.5</ele>
        <time>2026-09-15T14:42:54Z</time>
        <extensions>
          <gpxdata:distance>15096.10</gpxdata:distance>
          <gpxdata:speed>0.952</gpxdata:speed>
        </extensions>
      </trkpt>
      <trkpt lat="46.5044244" lon="9.4670219">
        <ele>1682.1</ele>
        <time>2026-09-15T14:42:58Z</time>
        <extensions>
          <gpxdata:distance>15099.66</gpxdata:distance>
          <gpxdata:speed>0.942</gpxdata:speed>
        </extensions>
      </trkpt>
      <trkpt lat="46.5044244" lon="9.4670349">
        <ele>1681.7</ele>
        <time>2026-09-15T14:42:59Z</time>
        <extensions>
          <gpxdata:distance>15100.65</gpxdata:distance>
          <gpxdata:speed>0.925</gpxdata:speed>
        </extensions>
      </trkpt>
      <trkpt lat="46.5044234" lon="9.4671259">
        <ele>1679.4</ele>
        <time>2026-09-15T14:43:07Z</time>
        <extensions>
          <gpxdata:distance>15107.62</gpxdata:distance>
          <gpxdata:speed>0.918</gpxdata:speed>
        </extensions>
      </trkpt>
      <trkpt lat="46.5043944" lon="9.4672159">
        <ele>1678.3</ele>
        <time>2026-09-15T14:43:15Z</time>
        <extensions>
          <gpxdata:distance>15115.22</gpxdata:distance>
          <gpxdata:speed>0.938</gpxdata:speed>
        </extensions>
      </trkpt>
      <trkpt lat="46.5043844" lon="9.4672809">
        <ele>1677.8</ele>
        <time>2026-09-15T14:43:20Z</time>
        <extensions>
          <gpxdata:distance>15120.32</gpxdata:distance>
          <gpxdata:speed>0.897</gpxdata:speed>
        </extensions>
      </trkpt>
      <trkpt lat="46.5043784" lon="9.4675929">
        <ele>1673.9</ele>
        <time>2026-09-15T14:43:47Z</time>
        <extensions>
          <gpxdata:distance>15144.21</gpxdata:distance>
          <gpxdata:speed>0.905</gpxdata:speed>
        </extensions>
      </trkpt>
      <trkpt lat="46.5043864" lon="9.4676849">
        <ele>1672.9</ele>
        <time>2026-09-15T14:43:55Z</time>
        <extensions>
          <gpxdata:distance>15151.31</gpxdata:distance>
          <gpxdata:speed>0.900</gpxdata:speed>
        </extensions>
      </trkpt>
      <trkpt lat="46.5043934" lon="9.4677629">
        <ele>1672.0</ele>
        <time>2026-09-15T14:44:01Z</time>
        <extensions>
          <gpxdata:distance>15157.33</gpxdata:distance>
          <gpxdata:speed>0.900</gpxdata:speed>
        </extensions>
      </trkpt>
      <trkpt lat="46.5044024" lon="9.4677899">
        <ele>1671.4</ele>
        <time>2026-09-15T14:44:04Z</time>
        <extensions>
          <gpxdata:distance>15159.62</gpxdata:distance>
          <gpxdata:speed>0.906</gpxdata:speed>
        </extensions>
      </trkpt>
      <trkpt lat="46.5044294" lon="9.4677779">
        <ele>1670.2</ele>
        <time>2026-09-15T14:44:07Z</time>
        <extensions>
          <gpxdata:distance>15162.76</gpxdata:distance>
          <gpxdata:speed>0.887</gpxdata:speed>
        </extensions>
      </trkpt>
      <trkpt lat="46.5044774" lon="9.4676099">
        <ele>1667.3</ele>
        <time>2026-09-15T14:44:23Z</time>
        <extensions>
          <gpxdata:distance>15176.68</gpxdata:distance>
          <gpxdata:speed>0.886</gpxdata:speed>
        </extensions>
      </trkpt>
      <trkpt lat="46.5045054" lon="9.4675719">
        <ele>1666.1</ele>
        <time>2026-09-15T14:44:28Z</time>
        <extensions>
          <gpxdata:distance>15180.94</gpxdata:distance>
          <gpxdata:speed>0.897</gpxdata:speed>
        </extensions>
      </trkpt>
      <trkpt lat="46.5045234" lon="9.4675729">
        <ele>1665.7</ele>
        <time>2026-09-15T14:44:30Z</time>
        <extensions>
          <gpxdata:distance>15182.95</gpxdata:distance>
          <gpxdata:speed>0.891</gpxdata:speed>
        </extensions>
      </trkpt>
      <trkpt lat="46.5045404" lon="9.4675989">
        <ele>1664.3</ele>
        <time>2026-09-15T14:44:33Z</time>
        <extensions>
          <gpxdata:distance>15185.69</gpxdata:distance>
          <gpxdata:speed>0.872</gpxdata:speed>
        </extensions>
      </trkpt>
      <trkpt lat="46.5045824" lon="9.4677569">
        <ele>1660.9</ele>
        <time>2026-09-15T14:44:48Z</time>
        <extensions>
          <gpxdata:distance>15198.65</gpxdata:distance>
          <gpxdata:speed>0.872</gpxdata:speed>
        </extensions>
      </trkpt>
      <trkpt lat="46.5046084" lon="9.4678359">
        <ele>1659.5</ele>
        <time>2026-09-15T14:44:56Z</time>
        <extensions>
          <gpxdata:distance>15205.36</gpxdata:distance>
          <gpxdata:speed>0.872</gpxdata:speed>
        </extensions>
      </trkpt>
      <trkpt lat="46.5046524" lon="9.4679029">
        <ele>1657.8</ele>
        <time>2026-09-15T14:45:04Z</time>
        <extensions>
          <gpxdata:distance>15212.44</gpxdata:distance>
          <gpxdata:speed>0.872</gpxdata:speed>
        </extensions>
      </trkpt>
      <trkpt lat="46.5046704" lon="9.4678909">
        <ele>1657.2</ele>
        <time>2026-09-15T14:45:06Z</time>
        <extensions>
          <gpxdata:distance>15214.65</gpxdata:distance>
          <gpxdata:speed>0.872</gpxdata:speed>
        </extensions>
      </trkpt>
      <trkpt lat="46.5046984" lon="9.4678529">
        <ele>1656.4</ele>
        <time>2026-09-15T14:45:11Z</time>
        <extensions>
          <gpxdata:distance>15218.91</gpxdata:distance>
          <gpxdata:speed>0.872</gpxdata:speed>
        </extensions>
      </trkpt>
      <trkpt lat="46.5047254" lon="9.4678149">
        <ele>1653.6</ele>
        <time>2026-09-15T14:45:16Z</time>
        <extensions>
          <gpxdata:distance>15223.09</gpxdata:distance>
          <gpxdata:speed>0.872</gpxdata:speed>
        </extensions>
      </trkpt>
      <trkpt lat="46.5047434" lon="9.4678149">
        <ele>1652.5</ele>
        <time>2026-09-15T14:45:18Z</time>
        <extensions>
          <gpxdata:distance>15225.09</gpxdata:distance>
          <gpxdata:speed>0.872</gpxdata:speed>
        </extensions>
      </trkpt>
      <trkpt lat="46.5048324" lon="9.4678579">
        <ele>1647.0</ele>
        <time>2026-09-15T14:45:30Z</time>
        <extensions>
          <gpxdata:distance>15235.52</gpxdata:distance>
          <gpxdata:speed>0.872</gpxdata:speed>
        </extensions>
      </trkpt>
      <trkpt lat="46.5048604" lon="9.4678459">
        <ele>1645.3</ele>
        <time>2026-09-15T14:45:34Z</time>
        <extensions>
          <gpxdata:distance>15238.76</gpxdata:distance>
          <gpxdata:speed>0.872</gpxdata:speed>
        </extensions>
      </trkpt>
      <trkpt lat="46.5048954" lon="9.4678599">
        <ele>1643.2</ele>
        <time>2026-09-15T14:45:39Z</time>
        <extensions>
          <gpxdata:distance>15242.80</gpxdata:distance>
          <gpxdata:speed>0.872</gpxdata:speed>
        </extensions>
      </trkpt>
      <trkpt lat="46.5049234" lon="9.4678089">
        <ele>1640.5</ele>
        <time>2026-09-15T14:45:44Z</time>
        <extensions>
          <gpxdata:distance>15247.79</gpxdata:distance>
          <gpxdata:speed>0.872</gpxdata:speed>
        </extensions>
      </trkpt>
      <trkpt lat="46.5049504" lon="9.4678359">
        <ele>1639.3</ele>
        <time>2026-09-15T14:45:49Z</time>
        <extensions>
          <gpxdata:distance>15251.44</gpxdata:distance>
          <gpxdata:speed>0.872</gpxdata:speed>
        </extensions>
      </trkpt>
      <trkpt lat="46.5049504" lon="9.4678359">
        <ele>1639.3</ele>
        <time>2026-09-15T14:45:49Z</time>
        <extensions>
          <gpxdata:distance>15251.44</gpxdata:distance>
          <gpxdata:speed>0.000</gpxdata:speed>
        </extensions>
      </trkpt>
      <trkpt lat="46.5049684" lon="9.4677979">
        <ele>1636.6</ele>
        <time>2026-09-15T14:45:53Z</time>
        <extensions>
          <gpxdata:distance>15254.97</gpxdata:distance>
          <gpxdata:speed>0.872</gpxdata:speed>
        </extensions>
      </trkpt>
      <trkpt lat="46.5049874" lon="9.4677719">
        <ele>1634.7</ele>
        <time>2026-09-15T14:45:56Z</time>
        <extensions>
          <gpxdata:distance>15257.87</gpxdata:distance>
          <gpxdata:speed>0.872</gpxdata:speed>
        </extensions>
      </trkpt>
      <trkpt lat="46.5050054" lon="9.4677859">
        <ele>1634.3</ele>
        <time>2026-09-15T14:45:59Z</time>
        <extensions>
          <gpxdata:distance>15260.14</gpxdata:distance>
          <gpxdata:speed>0.872</gpxdata:speed>
        </extensions>
      </trkpt>
      <trkpt lat="46.5050224" lon="9.4678259">
        <ele>1634.4</ele>
        <time>2026-09-15T14:46:03Z</time>
        <extensions>
          <gpxdata:distance>15263.74</gpxdata:distance>
          <gpxdata:speed>0.872</gpxdata:speed>
        </extensions>
      </trkpt>
      <trkpt lat="46.5050224" lon="9.4678259">
        <ele>1634.4</ele>
        <time>2026-09-15T14:46:03Z</time>
        <extensions>
          <gpxdata:distance>15263.74</gpxdata:distance>
          <gpxdata:speed>0.000</gpxdata:speed>
        </extensions>
      </trkpt>
      <trkpt lat="46.5050874" lon="9.4677109">
        <ele>1633.2</ele>
        <time>2026-09-15T14:46:16Z</time>
        <extensions>
          <gpxdata:distance>15275.13</gpxdata:distance>
          <gpxdata:speed>0.872</gpxdata:speed>
        </extensions>
      </trkpt>
      <trkpt lat="46.5050874" lon="9.4677109">
        <ele>1633.2</ele>
        <time>2026-09-15T14:46:16Z</time>
        <extensions>
          <gpxdata:distance>15275.13</gpxdata:distance>
          <gpxdata:speed>0.000</gpxdata:speed>
        </extensions>
      </trkpt>
      <trkpt lat="46.5051154" lon="9.4676729">
        <ele>1632.8</ele>
        <time>2026-09-15T14:46:21Z</time>
        <extensions>
          <gpxdata:distance>15279.39</gpxdata:distance>
          <gpxdata:speed>0.872</gpxdata:speed>
        </extensions>
      </trkpt>
      <trkpt lat="46.5053014" lon="9.4673149">
        <ele>1629.3</ele>
        <time>2026-09-15T14:46:58Z</time>
        <extensions>
          <gpxdata:distance>15313.72</gpxdata:distance>
          <gpxdata:speed>0.926</gpxdata:speed>
        </extensions>
      </trkpt>
      <trkpt lat="46.5053014" lon="9.4673149">
        <ele>1629.3</ele>
        <time>2026-09-15T14:46:58Z</time>
        <extensions>
          <gpxdata:distance>15313.72</gpxdata:distance>
          <gpxdata:speed>0.000</gpxdata:speed>
        </extensions>
      </trkpt>
      <trkpt lat="46.5053184" lon="9.4673939">
        <ele>1629.6</ele>
        <time>2026-09-15T14:47:05Z</time>
        <extensions>
          <gpxdata:distance>15320.05</gpxdata:distance>
          <gpxdata:speed>0.914</gpxdata:speed>
        </extensions>
      </trkpt>
      <trkpt lat="46.5053174" lon="9.4674459">
        <ele>1629.9</ele>
        <time>2026-09-15T14:47:09Z</time>
        <extensions>
          <gpxdata:distance>15324.03</gpxdata:distance>
          <gpxdata:speed>0.928</gpxdata:speed>
        </extensions>
      </trkpt>
      <trkpt lat="46.5052714" lon="9.4674959">
        <ele>1630.5</ele>
        <time>2026-09-15T14:47:16Z</time>
        <extensions>
          <gpxdata:distance>15330.42</gpxdata:distance>
          <gpxdata:speed>0.939</gpxdata:speed>
        </extensions>
      </trkpt>
      <trkpt lat="46.5052434" lon="9.4675469">
        <ele>1630.5</ele>
        <time>2026-09-15T14:47:21Z</time>
        <extensions>
          <gpxdata:distance>15335.41</gpxdata:distance>
          <gpxdata:speed>0.943</gpxdata:speed>
        </extensions>
      </trkpt>
      <trkpt lat="46.5051694" lon="9.4676619">
        <ele>1628.3</ele>
        <time>2026-09-15T14:47:34Z</time>
        <extensions>
          <gpxdata:distance>15347.46</gpxdata:distance>
          <gpxdata:speed>0.929</gpxdata:speed>
        </extensions>
      </trkpt>
      <trkpt lat="46.5051784" lon="9.4676749">
        <ele>1628.2</ele>
        <time>2026-09-15T14:47:36Z</time>
        <extensions>
          <gpxdata:distance>15348.87</gpxdata:distance>
          <gpxdata:speed>0.929</gpxdata:speed>
        </extensions>
      </trkpt>
      <trkpt lat="46.5051864" lon="9.4676889">
        <ele>1627.9</ele>
        <time>2026-09-15T14:47:37Z</time>
        <extensions>
          <gpxdata:distance>15350.27</gpxdata:distance>
          <gpxdata:speed>0.928</gpxdata:speed>
        </extensions>
      </trkpt>
      <trkpt lat="46.5053044" lon="9.4676279">
        <ele>1625.5</ele>
        <time>2026-09-15T14:47:52Z</time>
        <extensions>
          <gpxdata:distance>15364.19</gpxdata:distance>
          <gpxdata:speed>0.921</gpxdata:speed>
        </extensions>
      </trkpt>
      <trkpt lat="46.5053504" lon="9.4676039">
        <ele>1624.8</ele>
        <time>2026-09-15T14:47:58Z</time>
        <extensions>
          <gpxdata:distance>15369.63</gpxdata:distance>
          <gpxdata:speed>0.915</gpxdata:speed>
        </extensions>
      </trkpt>
      <trkpt lat="46.5053774" lon="9.4675779">
        <ele>1624.3</ele>
        <time>2026-09-15T14:48:02Z</time>
        <extensions>
          <gpxdata:distance>15373.23</gpxdata:distance>
          <gpxdata:speed>0.895</gpxdata:speed>
        </extensions>
      </trkpt>
      <trkpt lat="46.5054054" lon="9.4675269">
        <ele>1623.8</ele>
        <time>2026-09-15T14:48:08Z</time>
        <extensions>
          <gpxdata:distance>15378.22</gpxdata:distance>
          <gpxdata:speed>0.906</gpxdata:speed>
        </extensions>
      </trkpt>
      <trkpt lat="46.5054244" lon="9.4674759">
        <ele>1623.2</ele>
        <time>2026-09-15T14:48:12Z</time>
        <extensions>
          <gpxdata:distance>15382.66</gpxdata:distance>
          <gpxdata:speed>0.931</gpxdata:speed>
        </extensions>
      </trkpt>
      <trkpt lat="46.5054454" lon="9.4673329">
        <ele>1621.8</ele>
        <time>2026-09-15T14:48:24Z</time>
        <extensions>
          <gpxdata:distance>15393.85</gpxdata:distance>
          <gpxdata:speed>0.939</gpxdata:speed>
        </extensions>
      </trkpt>
      <trkpt lat="46.5054644" lon="9.4672559">
        <ele>1621.0</ele>
        <time>2026-09-15T14:48:31Z</time>
        <extensions>
          <gpxdata:distance>15400.11</gpxdata:distance>
          <gpxdata:speed>0.930</gpxdata:speed>
        </extensions>
      </trkpt>
      <trkpt lat="46.5054924" lon="9.4672179">
        <ele>1620.4</ele>
        <time>2026-09-15T14:48:36Z</time>
        <extensions>
          <gpxdata:distance>15404.37</gpxdata:distance>
          <gpxdata:speed>0.931</gpxdata:speed>
        </extensions>
      </trkpt>
      <trkpt lat="46.5055664" lon="9.4671029">
        <ele>1618.9</ele>
        <time>2026-09-15T14:48:49Z</time>
        <extensions>
          <gpxdata:distance>15416.42</gpxdata:distance>
          <gpxdata:speed>0.927</gpxdata:speed>
        </extensions>
      </trkpt>
      <trkpt lat="46.5056224" lon="9.4670009">
        <ele>1617.9</ele>
        <time>2026-09-15T14:49:00Z</time>
        <extensions>
          <gpxdata:distance>15426.41</gpxdata:distance>
          <gpxdata:speed>0.915</gpxdata:speed>
        </extensions>
      </trkpt>
      <trkpt lat="46.5056504" lon="9.4669239">
        <ele>1616.9</ele>
        <time>2026-09-15T14:49:07Z</time>
        <extensions>
          <gpxdata:distance>15433.07</gpxdata:distance>
          <gpxdata:speed>0.917</gpxdata:speed>
        </extensions>
      </trkpt>
      <trkpt lat="46.5056614" lon="9.4667939">
        <ele>1615.3</ele>
        <time>2026-09-15T14:49:18Z</time>
        <extensions>
          <gpxdata:distance>15443.10</gpxdata:distance>
          <gpxdata:speed>0.921</gpxdata:speed>
        </extensions>
      </trkpt>
      <trkpt lat="46.5056724" lon="9.4666769">
        <ele>1614.4</ele>
        <time>2026-09-15T14:49:28Z</time>
        <extensions>
          <gpxdata:distance>15452.13</gpxdata:distance>
          <gpxdata:speed>0.919</gpxdata:speed>
        </extensions>
      </trkpt>
      <trkpt lat="46.5056644" lon="9.4666379">
        <ele>1614.1</ele>
        <time>2026-09-15T14:49:31Z</time>
        <extensions>
          <gpxdata:distance>15455.25</gpxdata:distance>
          <gpxdata:speed>0.918</gpxdata:speed>
        </extensions>
      </trkpt>
      <trkpt lat="46.5056564" lon="9.4665719">
        <ele>1613.2</ele>
        <time>2026-09-15T14:49:37Z</time>
        <extensions>
          <gpxdata:distance>15460.38</gpxdata:distance>
          <gpxdata:speed>0.921</gpxdata:speed>
        </extensions>
      </trkpt>
      <trkpt lat="46.5056664" lon="9.4665079">
        <ele>1612.5</ele>
        <time>2026-09-15T14:49:42Z</time>
        <extensions>
          <gpxdata:distance>15465.40</gpxdata:distance>
          <gpxdata:speed>0.922</gpxdata:speed>
        </extensions>
      </trkpt>
      <trkpt lat="46.5056864" lon="9.4664429">
        <ele>1611.9</ele>
        <time>2026-09-15T14:49:48Z</time>
        <extensions>
          <gpxdata:distance>15470.85</gpxdata:distance>
          <gpxdata:speed>0.920</gpxdata:speed>
        </extensions>
      </trkpt>
      <trkpt lat="46.5057044" lon="9.4663919">
        <ele>1611.3</ele>
        <time>2026-09-15T14:49:53Z</time>
        <extensions>
          <gpxdata:distance>15475.24</gpxdata:distance>
          <gpxdata:speed>0.921</gpxdata:speed>
        </extensions>
      </trkpt>
      <trkpt lat="46.5057414" lon="9.4663409">
        <ele>1610.5</ele>
        <time>2026-09-15T14:49:59Z</time>
        <extensions>
          <gpxdata:distance>15480.91</gpxdata:distance>
          <gpxdata:speed>0.927</gpxdata:speed>
        </extensions>
      </trkpt>
      <trkpt lat="46.5057974" lon="9.4662779">
        <ele>1609.1</ele>
        <time>2026-09-15T14:50:07Z</time>
        <extensions>
          <gpxdata:distance>15488.78</gpxdata:distance>
          <gpxdata:speed>0.931</gpxdata:speed>
        </extensions>
      </trkpt>
      <trkpt lat="46.5058244" lon="9.4662269">
        <ele>1608.9</ele>
        <time>2026-09-15T14:50:13Z</time>
        <extensions>
          <gpxdata:distance>15493.71</gpxdata:distance>
          <gpxdata:speed>0.919</gpxdata:speed>
        </extensions>
      </trkpt>
      <trkpt lat="46.5058444" lon="9.4661619">
        <ele>1608.4</ele>
        <time>2026-09-15T14:50:19Z</time>
        <extensions>
          <gpxdata:distance>15499.16</gpxdata:distance>
          <gpxdata:speed>0.920</gpxdata:speed>
        </extensions>
      </trkpt>
      <trkpt lat="46.5058644" lon="9.4660329">
        <ele>1607.1</ele>
        <time>2026-09-15T14:50:30Z</time>
        <extensions>
          <gpxdata:distance>15509.28</gpxdata:distance>
          <gpxdata:speed>0.921</gpxdata:speed>
        </extensions>
      </trkpt>
      <trkpt lat="46.5058834" lon="9.4659679">
        <ele>1606.6</ele>
        <time>2026-09-15T14:50:35Z</time>
        <extensions>
          <gpxdata:distance>15514.68</gpxdata:distance>
          <gpxdata:speed>0.914</gpxdata:speed>
        </extensions>
      </trkpt>
      <trkpt lat="46.5059024" lon="9.4659169">
        <ele>1606.1</ele>
        <time>2026-09-15T14:50:40Z</time>
        <extensions>
          <gpxdata:distance>15519.12</gpxdata:distance>
          <gpxdata:speed>0.912</gpxdata:speed>
        </extensions>
      </trkpt>
      <trkpt lat="46.5059664" lon="9.4658669">
        <ele>1604.5</ele>
        <time>2026-09-15T14:50:49Z</time>
        <extensions>
          <gpxdata:distance>15527.20</gpxdata:distance>
          <gpxdata:speed>0.923</gpxdata:speed>
        </extensions>
      </trkpt>
      <trkpt lat="46.5060144" lon="9.4656609">
        <ele>1601.9</ele>
        <time>2026-09-15T14:51:07Z</time>
        <extensions>
          <gpxdata:distance>15543.84</gpxdata:distance>
          <gpxdata:speed>0.928</gpxdata:speed>
        </extensions>
      </trkpt>
      <trkpt lat="46.5060933" lon="9.4652989">
        <ele>1597.9</ele>
        <time>2026-09-15T14:51:38Z</time>
        <extensions>
          <gpxdata:distance>15572.90</gpxdata:distance>
          <gpxdata:speed>0.928</gpxdata:speed>
        </extensions>
      </trkpt>
      <trkpt lat="46.5061213" lon="9.4652209">
        <ele>1597.0</ele>
        <time>2026-09-15T14:51:46Z</time>
        <extensions>
          <gpxdata:distance>15579.64</gpxdata:distance>
          <gpxdata:speed>0.925</gpxdata:speed>
        </extensions>
      </trkpt>
      <trkpt lat="46.5061763" lon="9.4651709">
        <ele>1596.0</ele>
        <time>2026-09-15T14:51:53Z</time>
        <extensions>
          <gpxdata:distance>15586.85</gpxdata:distance>
          <gpxdata:speed>0.930</gpxdata:speed>
        </extensions>
      </trkpt>
      <trkpt lat="46.5064603" lon="9.4648949">
        <ele>1590.5</ele>
        <time>2026-09-15T14:52:34Z</time>
        <extensions>
          <gpxdata:distance>15624.84</gpxdata:distance>
          <gpxdata:speed>0.933</gpxdata:speed>
        </extensions>
      </trkpt>
      <trkpt lat="46.5065153" lon="9.4648319">
        <ele>1588.7</ele>
        <time>2026-09-15T14:52:42Z</time>
        <extensions>
          <gpxdata:distance>15632.63</gpxdata:distance>
          <gpxdata:speed>0.939</gpxdata:speed>
        </extensions>
      </trkpt>
      <trkpt lat="46.5066354" lon="9.4646799">
        <ele>1586.0</ele>
        <time>2026-09-15T14:53:01Z</time>
        <extensions>
          <gpxdata:distance>15650.34</gpxdata:distance>
          <gpxdata:speed>0.938</gpxdata:speed>
        </extensions>
      </trkpt>
      <trkpt lat="46.5066904" lon="9.4646429">
        <ele>1585.0</ele>
        <time>2026-09-15T14:53:08Z</time>
        <extensions>
          <gpxdata:distance>15657.08</gpxdata:distance>
          <gpxdata:speed>0.936</gpxdata:speed>
        </extensions>
      </trkpt>
      <trkpt lat="46.5067994" lon="9.4645819">
        <ele>1582.7</ele>
        <time>2026-09-15T14:53:22Z</time>
        <extensions>
          <gpxdata:distance>15670.07</gpxdata:distance>
          <gpxdata:speed>0.937</gpxdata:speed>
        </extensions>
      </trkpt>
      <trkpt lat="46.5069454" lon="9.4644699">
        <ele>1579.7</ele>
        <time>2026-09-15T14:53:42Z</time>
        <extensions>
          <gpxdata:distance>15688.43</gpxdata:distance>
          <gpxdata:speed>0.935</gpxdata:speed>
        </extensions>
      </trkpt>
      <trkpt lat="46.5070084" lon="9.4644469">
        <ele>1579.1</ele>
        <time>2026-09-15T14:53:50Z</time>
        <extensions>
          <gpxdata:distance>15695.65</gpxdata:distance>
          <gpxdata:speed>0.936</gpxdata:speed>
        </extensions>
      </trkpt>
      <trkpt lat="46.5070804" lon="9.4644489">
        <ele>1577.4</ele>
        <time>2026-09-15T14:53:58Z</time>
        <extensions>
          <gpxdata:distance>15703.66</gpxdata:distance>
          <gpxdata:speed>0.929</gpxdata:speed>
        </extensions>
      </trkpt>
      <trkpt lat="46.5071524" lon="9.4644519">
        <ele>1575.8</ele>
        <time>2026-09-15T14:54:07Z</time>
        <extensions>
          <gpxdata:distance>15711.67</gpxdata:distance>
          <gpxdata:speed>0.924</gpxdata:speed>
        </extensions>
      </trkpt>
      <trkpt lat="46.5073044" lon="9.4645099">
        <ele>1573.5</ele>
        <time>2026-09-15T14:54:26Z</time>
        <extensions>
          <gpxdata:distance>15729.14</gpxdata:distance>
          <gpxdata:speed>0.922</gpxdata:speed>
        </extensions>
      </trkpt>
      <trkpt lat="46.5073584" lon="9.4645119">
        <ele>1572.5</ele>
        <time>2026-09-15T14:54:32Z</time>
        <extensions>
          <gpxdata:distance>15735.15</gpxdata:distance>
          <gpxdata:speed>0.929</gpxdata:speed>
        </extensions>
      </trkpt>
      <trkpt lat="46.5074574" lon="9.4645019">
        <ele>1571.2</ele>
        <time>2026-09-15T14:54:44Z</time>
        <extensions>
          <gpxdata:distance>15746.18</gpxdata:distance>
          <gpxdata:speed>0.934</gpxdata:speed>
        </extensions>
      </trkpt>
      <trkpt lat="46.5075844" lon="9.4644679">
        <ele>1569.5</ele>
        <time>2026-09-15T14:54:59Z</time>
        <extensions>
          <gpxdata:distance>15760.54</gpxdata:distance>
          <gpxdata:speed>0.940</gpxdata:speed>
        </extensions>
      </trkpt>
      <trkpt lat="46.5077564" lon="9.4643829">
        <ele>1567.1</ele>
        <time>2026-09-15T14:55:21Z</time>
        <extensions>
          <gpxdata:distance>15780.75</gpxdata:distance>
          <gpxdata:speed>0.932</gpxdata:speed>
        </extensions>
      </trkpt>
      <trkpt lat="46.5077564" lon="9.4643829">
        <ele>1567.1</ele>
        <time>2026-09-15T14:55:21Z</time>
        <extensions>
          <gpxdata:distance>15780.75</gpxdata:distance>
          <gpxdata:speed>0.000</gpxdata:speed>
        </extensions>
      </trkpt>
      <trkpt lat="46.5079994" lon="9.4643919">
        <ele>1566.5</ele>
        <time>2026-09-15T14:55:51Z</time>
        <extensions>
          <gpxdata:distance>15807.77</gpxdata:distance>
          <gpxdata:speed>0.906</gpxdata:speed>
        </extensions>
      </trkpt>
      <trkpt lat="46.5079994" lon="9.4643919">
        <ele>1566.5</ele>
        <time>2026-09-15T14:55:51Z</time>
        <extensions>
          <gpxdata:distance>15807.77</gpxdata:distance>
          <gpxdata:speed>0.000</gpxdata:speed>
        </extensions>
      </trkpt>
      <trkpt lat="46.5081114" lon="9.4646699">
        <ele>1567.3</ele>
        <time>2026-09-15T14:56:18Z</time>
        <extensions>
          <gpxdata:distance>15832.43</gpxdata:distance>
          <gpxdata:speed>0.926</gpxdata:speed>
        </extensions>
      </trkpt>
      <trkpt lat="46.5081374" lon="9.4647359">
        <ele>1567.3</ele>
        <time>2026-09-15T14:56:24Z</time>
        <extensions>
          <gpxdata:distance>15838.25</gpxdata:distance>
          <gpxdata:speed>0.941</gpxdata:speed>
        </extensions>
      </trkpt>
      <trkpt lat="46.5082334" lon="9.4649089">
        <ele>1567.5</ele>
        <time>2026-09-15T14:56:42Z</time>
        <extensions>
          <gpxdata:distance>15855.25</gpxdata:distance>
          <gpxdata:speed>0.959</gpxdata:speed>
        </extensions>
      </trkpt>
      <trkpt lat="46.5083033" lon="9.4650158">
        <ele>1567.6</ele>
        <time>2026-09-15T14:56:53Z</time>
        <extensions>
          <gpxdata:distance>15866.54</gpxdata:distance>
          <gpxdata:speed>0.974</gpxdata:speed>
        </extensions>
      </trkpt>
      <trkpt lat="46.5083733" lon="9.4651098">
        <ele>1567.6</ele>
        <time>2026-09-15T14:57:04Z</time>
        <extensions>
          <gpxdata:distance>15877.14</gpxdata:distance>
          <gpxdata:speed>0.991</gpxdata:speed>
        </extensions>
      </trkpt>
      <trkpt lat="46.5084873" lon="9.4652968">
        <ele>1567.6</ele>
        <time>2026-09-15T14:57:23Z</time>
        <extensions>
          <gpxdata:distance>15896.26</gpxdata:distance>
          <gpxdata:speed>1.001</gpxdata:speed>
        </extensions>
      </trkpt>
      <trkpt lat="46.5085833" lon="9.4654438">
        <ele>1567.4</ele>
        <time>2026-09-15T14:57:38Z</time>
        <extensions>
          <gpxdata:distance>15911.76</gpxdata:distance>
          <gpxdata:speed>1.007</gpxdata:speed>
        </extensions>
      </trkpt>
      <trkpt lat="46.5085833" lon="9.4654438">
        <ele>1567.4</ele>
        <time>2026-09-15T14:57:38Z</time>
        <extensions>
          <gpxdata:distance>15911.76</gpxdata:distance>
          <gpxdata:speed>0.000</gpxdata:speed>
        </extensions>
      </trkpt>
      <trkpt lat="46.5086453" lon="9.4655108">
        <ele>1567.9</ele>
        <time>2026-09-15T14:57:47Z</time>
        <extensions>
          <gpxdata:distance>15920.36</gpxdata:distance>
          <gpxdata:speed>0.981</gpxdata:speed>
        </extensions>
      </trkpt>
      <trkpt lat="46.5086453" lon="9.4655108">
        <ele>1567.9</ele>
        <time>2026-09-15T14:57:47Z</time>
        <extensions>
          <gpxdata:distance>15920.36</gpxdata:distance>
          <gpxdata:speed>0.000</gpxdata:speed>
        </extensions>
      </trkpt>
      <trkpt lat="46.5087694" lon="9.4655938">
        <ele>1567.7</ele>
        <time>2026-09-15T14:58:02Z</time>
        <extensions>
          <gpxdata:distance>15935.55</gpxdata:distance>
          <gpxdata:speed>1.002</gpxdata:speed>
        </extensions>
      </trkpt>
      <trkpt lat="46.5088854" lon="9.4656638">
        <ele>1568.1</ele>
        <time>2026-09-15T14:58:16Z</time>
        <extensions>
          <gpxdata:distance>15949.51</gpxdata:distance>
          <gpxdata:speed>0.996</gpxdata:speed>
        </extensions>
      </trkpt>
      <trkpt lat="46.5090194" lon="9.4657338">
        <ele>1568.5</ele>
        <time>2026-09-15T14:58:32Z</time>
        <extensions>
          <gpxdata:distance>15965.35</gpxdata:distance>
          <gpxdata:speed>0.989</gpxdata:speed>
        </extensions>
      </trkpt>
      <trkpt lat="46.5091444" lon="9.4657518">
        <ele>1568.6</ele>
        <time>2026-09-15T14:58:46Z</time>
        <extensions>
          <gpxdata:distance>15979.31</gpxdata:distance>
          <gpxdata:speed>0.988</gpxdata:speed>
        </extensions>
      </trkpt>
      <trkpt lat="46.5092804" lon="9.4657308">
        <ele>1568.7</ele>
        <time>2026-09-15T14:59:02Z</time>
        <extensions>
          <gpxdata:distance>15994.52</gpxdata:distance>
          <gpxdata:speed>0.984</gpxdata:speed>
        </extensions>
      </trkpt>
      <trkpt lat="46.5093804" lon="9.4656818">
        <ele>1568.7</ele>
        <time>2026-09-15T14:59:14Z</time>
        <extensions>
          <gpxdata:distance>16006.26</gpxdata:distance>
          <gpxdata:speed>0.977</gpxdata:speed>
        </extensions>
      </trkpt>
      <trkpt lat="46.5095174" lon="9.4655568">
        <ele>1568.7</ele>
        <time>2026-09-15T14:59:32Z</time>
        <extensions>
          <gpxdata:distance>16024.25</gpxdata:distance>
          <gpxdata:speed>0.983</gpxdata:speed>
        </extensions>
      </trkpt>
      <trkpt lat="46.5095904" lon="9.4654818">
        <ele>1568.8</ele>
        <time>2026-09-15T14:59:42Z</time>
        <extensions>
          <gpxdata:distance>16034.19</gpxdata:distance>
          <gpxdata:speed>0.992</gpxdata:speed>
        </extensions>
      </trkpt>
      <trkpt lat="46.5097374" lon="9.4653048">
        <ele>1568.8</ele>
        <time>2026-09-15T15:00:03Z</time>
        <extensions>
          <gpxdata:distance>16055.42</gpxdata:distance>
          <gpxdata:speed>0.995</gpxdata:speed>
        </extensions>
      </trkpt>
      <trkpt lat="46.5098754" lon="9.4651658">
        <ele>1568.7</ele>
        <time>2026-09-15T15:00:22Z</time>
        <extensions>
          <gpxdata:distance>16074.09</gpxdata:distance>
          <gpxdata:speed>0.994</gpxdata:speed>
        </extensions>
      </trkpt>
      <trkpt lat="46.5099664" lon="9.4650918">
        <ele>1568.0</ele>
        <time>2026-09-15T15:00:34Z</time>
        <extensions>
          <gpxdata:distance>16085.68</gpxdata:distance>
          <gpxdata:speed>1.011</gpxdata:speed>
        </extensions>
      </trkpt>
      <trkpt lat="46.5099664" lon="9.4650918">
        <ele>1568.0</ele>
        <time>2026-09-15T15:00:34Z</time>
        <extensions>
          <gpxdata:distance>16085.68</gpxdata:distance>
          <gpxdata:speed>0.000</gpxdata:speed>
        </extensions>
      </trkpt>
      <trkpt lat="46.5100944" lon="9.4649658">
        <ele>1568.0</ele>
        <time>2026-09-15T15:00:51Z</time>
        <extensions>
          <gpxdata:distance>16102.87</gpxdata:distance>
          <gpxdata:speed>1.006</gpxdata:speed>
        </extensions>
      </trkpt>
      <trkpt lat="46.5102324" lon="9.4648148">
        <ele>1567.9</ele>
        <time>2026-09-15T15:01:10Z</time>
        <extensions>
          <gpxdata:distance>16122.08</gpxdata:distance>
          <gpxdata:speed>1.004</gpxdata:speed>
        </extensions>
      </trkpt>
      <trkpt lat="46.5102324" lon="9.4648148">
        <ele>1567.9</ele>
        <time>2026-09-15T15:01:10Z</time>
        <extensions>
          <gpxdata:distance>16122.08</gpxdata:distance>
          <gpxdata:speed>0.000</gpxdata:speed>
        </extensions>
      </trkpt>
      <trkpt lat="46.5103334" lon="9.4646748">
        <ele>1568.1</ele>
        <time>2026-09-15T15:01:25Z</time>
        <extensions>
          <gpxdata:distance>16137.61</gpxdata:distance>
          <gpxdata:speed>1.006</gpxdata:speed>
        </extensions>
      </trkpt>
      <trkpt lat="46.5103994" lon="9.4645468">
        <ele>1568.1</ele>
        <time>2026-09-15T15:01:38Z</time>
        <extensions>
          <gpxdata:distance>16149.84</gpxdata:distance>
          <gpxdata:speed>1.005</gpxdata:speed>
        </extensions>
      </trkpt>
      <trkpt lat="46.5105584" lon="9.4641878">
        <ele>1567.6</ele>
        <time>2026-09-15T15:02:10Z</time>
        <extensions>
          <gpxdata:distance>16182.52</gpxdata:distance>
          <gpxdata:speed>1.000</gpxdata:speed>
        </extensions>
      </trkpt>
      <trkpt lat="46.5105954" lon="9.4641118">
        <ele>1567.6</ele>
        <time>2026-09-15T15:02:17Z</time>
        <extensions>
          <gpxdata:distance>16189.64</gpxdata:distance>
          <gpxdata:speed>1.000</gpxdata:speed>
        </extensions>
      </trkpt>
      <trkpt lat="46.5106064" lon="9.4640468">
        <ele>1567.6</ele>
        <time>2026-09-15T15:02:22Z</time>
        <extensions>
          <gpxdata:distance>16194.76</gpxdata:distance>
          <gpxdata:speed>1.008</gpxdata:speed>
        </extensions>
      </trkpt>
      <trkpt lat="46.5106184" lon="9.4638518">
        <ele>1568.1</ele>
        <time>2026-09-15T15:02:37Z</time>
        <extensions>
          <gpxdata:distance>16209.74</gpxdata:distance>
          <gpxdata:speed>1.010</gpxdata:speed>
        </extensions>
      </trkpt>
      <trkpt lat="46.5106474" lon="9.4637228">
        <ele>1568.1</ele>
        <time>2026-09-15T15:02:48Z</time>
        <extensions>
          <gpxdata:distance>16220.13</gpxdata:distance>
          <gpxdata:speed>1.010</gpxdata:speed>
        </extensions>
      </trkpt>
      <trkpt lat="46.5107334" lon="9.4634778">
        <ele>1567.6</ele>
        <time>2026-09-15T15:03:08Z</time>
        <extensions>
          <gpxdata:distance>16241.18</gpxdata:distance>
          <gpxdata:speed>1.009</gpxdata:speed>
        </extensions>
      </trkpt>
      <trkpt lat="46.5107814" lon="9.4632708">
        <ele>1567.6</ele>
        <time>2026-09-15T15:03:25Z</time>
        <extensions>
          <gpxdata:distance>16257.89</gpxdata:distance>
          <gpxdata:speed>1.010</gpxdata:speed>
        </extensions>
      </trkpt>
      <trkpt lat="46.5108584" lon="9.4629868">
        <ele>1568.6</ele>
        <time>2026-09-15T15:03:48Z</time>
        <extensions>
          <gpxdata:distance>16281.25</gpxdata:distance>
          <gpxdata:speed>1.004</gpxdata:speed>
        </extensions>
      </trkpt>
      <trkpt lat="46.5108874" lon="9.4629228">
        <ele>1568.6</ele>
        <time>2026-09-15T15:03:54Z</time>
        <extensions>
          <gpxdata:distance>16287.12</gpxdata:distance>
          <gpxdata:speed>1.003</gpxdata:speed>
        </extensions>
      </trkpt>
      <trkpt lat="46.5110444" lon="9.4626688">
        <ele>1568.6</ele>
        <time>2026-09-15T15:04:20Z</time>
        <extensions>
          <gpxdata:distance>16313.24</gpxdata:distance>
          <gpxdata:speed>0.993</gpxdata:speed>
        </extensions>
      </trkpt>
      <trkpt lat="46.5111084" lon="9.4625928">
        <ele>1568.6</ele>
        <time>2026-09-15T15:04:30Z</time>
        <extensions>
          <gpxdata:distance>16322.43</gpxdata:distance>
          <gpxdata:speed>0.993</gpxdata:speed>
        </extensions>
      </trkpt>
      <trkpt lat="46.5112094" lon="9.4624918">
        <ele>1568.6</ele>
        <time>2026-09-15T15:04:43Z</time>
        <extensions>
          <gpxdata:distance>16336.07</gpxdata:distance>
          <gpxdata:speed>0.994</gpxdata:speed>
        </extensions>
      </trkpt>
      <trkpt lat="46.5112554" lon="9.4624288">
        <ele>1568.6</ele>
        <time>2026-09-15T15:04:50Z</time>
        <extensions>
          <gpxdata:distance>16343.09</gpxdata:distance>
          <gpxdata:speed>1.003</gpxdata:speed>
        </extensions>
      </trkpt>
      <trkpt lat="46.5113114" lon="9.4623268">
        <ele>1568.6</ele>
        <time>2026-09-15T15:05:00Z</time>
        <extensions>
          <gpxdata:distance>16353.08</gpxdata:distance>
          <gpxdata:speed>1.003</gpxdata:speed>
        </extensions>
      </trkpt>
      <trkpt lat="46.5113774" lon="9.4621728">
        <ele>1568.9</ele>
        <time>2026-09-15T15:05:14Z</time>
        <extensions>
          <gpxdata:distance>16366.96</gpxdata:distance>
          <gpxdata:speed>0.986</gpxdata:speed>
        </extensions>
      </trkpt>
      <trkpt lat="46.5114524" lon="9.4620058">
        <ele>1569.0</ele>
        <time>2026-09-15T15:05:30Z</time>
        <extensions>
          <gpxdata:distance>16382.22</gpxdata:distance>
          <gpxdata:speed>0.984</gpxdata:speed>
        </extensions>
      </trkpt>
      <trkpt lat="46.5114804" lon="9.4619158">
        <ele>1569.2</ele>
        <time>2026-09-15T15:05:37Z</time>
        <extensions>
          <gpxdata:distance>16389.78</gpxdata:distance>
          <gpxdata:speed>0.998</gpxdata:speed>
        </extensions>
      </trkpt>
      <trkpt lat="46.5115184" lon="9.4617998">
        <ele>1569.5</ele>
        <time>2026-09-15T15:05:47Z</time>
        <extensions>
          <gpxdata:distance>16399.61</gpxdata:distance>
          <gpxdata:speed>0.992</gpxdata:speed>
        </extensions>
      </trkpt>
      <trkpt lat="46.5115294" lon="9.4617348">
        <ele>1569.6</ele>
        <time>2026-09-15T15:05:53Z</time>
        <extensions>
          <gpxdata:distance>16404.73</gpxdata:distance>
          <gpxdata:speed>0.985</gpxdata:speed>
        </extensions>
      </trkpt>
      <trkpt lat="46.5115384" lon="9.4616958">
        <ele>1569.7</ele>
        <time>2026-09-15T15:05:56Z</time>
        <extensions>
          <gpxdata:distance>16407.88</gpxdata:distance>
          <gpxdata:speed>0.980</gpxdata:speed>
        </extensions>
      </trkpt>
      <trkpt lat="46.5115214" lon="9.4616438">
        <ele>1569.9</ele>
        <time>2026-09-15T15:06:00Z</time>
        <extensions>
          <gpxdata:distance>16412.29</gpxdata:distance>
          <gpxdata:speed>0.969</gpxdata:speed>
        </extensions>
      </trkpt>
      <trkpt lat="46.5114874" lon="9.4615508">
        <ele>1570.1</ele>
        <time>2026-09-15T15:06:09Z</time>
        <extensions>
          <gpxdata:distance>16420.35</gpxdata:distance>
          <gpxdata:speed>0.963</gpxdata:speed>
        </extensions>
      </trkpt>
      <trkpt lat="46.5114874" lon="9.4615508">
        <ele>1570.1</ele>
        <time>2026-09-15T15:06:09Z</time>
        <extensions>
          <gpxdata:distance>16420.35</gpxdata:distance>
          <gpxdata:speed>0.000</gpxdata:speed>
        </extensions>
      </trkpt>
      <trkpt lat="46.5115244" lon="9.4614737">
        <ele>1569.9</ele>
        <time>2026-09-15T15:06:16Z</time>
        <extensions>
          <gpxdata:distance>16427.54</gpxdata:distance>
          <gpxdata:speed>0.970</gpxdata:speed>
        </extensions>
      </trkpt>
      <trkpt lat="46.5115634" lon="9.4613187">
        <ele>1569.6</ele>
        <time>2026-09-15T15:06:29Z</time>
        <extensions>
          <gpxdata:distance>16440.17</gpxdata:distance>
          <gpxdata:speed>0.986</gpxdata:speed>
        </extensions>
      </trkpt>
      <trkpt lat="46.5115844" lon="9.4611767">
        <ele>1569.4</ele>
        <time>2026-09-15T15:06:40Z</time>
        <extensions>
          <gpxdata:distance>16451.28</gpxdata:distance>
          <gpxdata:speed>1.004</gpxdata:speed>
        </extensions>
      </trkpt>
      <trkpt lat="46.5116244" lon="9.4609047">
        <ele>1569.3</ele>
        <time>2026-09-15T15:07:01Z</time>
        <extensions>
          <gpxdata:distance>16472.57</gpxdata:distance>
          <gpxdata:speed>1.009</gpxdata:speed>
        </extensions>
      </trkpt>
      <trkpt lat="46.5116644" lon="9.4607107">
        <ele>1569.6</ele>
        <time>2026-09-15T15:07:16Z</time>
        <extensions>
          <gpxdata:distance>16488.07</gpxdata:distance>
          <gpxdata:speed>1.012</gpxdata:speed>
        </extensions>
      </trkpt>
      <trkpt lat="46.5117134" lon="9.4604907">
        <ele>1569.7</ele>
        <time>2026-09-15T15:07:34Z</time>
        <extensions>
          <gpxdata:distance>16505.76</gpxdata:distance>
          <gpxdata:speed>1.012</gpxdata:speed>
        </extensions>
      </trkpt>
      <trkpt lat="46.5118084" lon="9.4601947">
        <ele>1569.9</ele>
        <time>2026-09-15T15:07:59Z</time>
        <extensions>
          <gpxdata:distance>16530.75</gpxdata:distance>
          <gpxdata:speed>1.012</gpxdata:speed>
        </extensions>
      </trkpt>
      <trkpt lat="46.5118754" lon="9.4599887">
        <ele>1570.1</ele>
        <time>2026-09-15T15:08:16Z</time>
        <extensions>
          <gpxdata:distance>16548.19</gpxdata:distance>
          <gpxdata:speed>1.012</gpxdata:speed>
        </extensions>
      </trkpt>
      <trkpt lat="46.5119674" lon="9.4598487">
        <ele>1570.3</ele>
        <time>2026-09-15T15:08:30Z</time>
        <extensions>
          <gpxdata:distance>16563.00</gpxdata:distance>
          <gpxdata:speed>1.009</gpxdata:speed>
        </extensions>
      </trkpt>
      <trkpt lat="46.5120324" lon="9.4597597">
        <ele>1570.3</ele>
        <time>2026-09-15T15:08:40Z</time>
        <extensions>
          <gpxdata:distance>16572.94</gpxdata:distance>
          <gpxdata:speed>1.005</gpxdata:speed>
        </extensions>
      </trkpt>
      <trkpt lat="46.5120964" lon="9.4596967">
        <ele>1570.3</ele>
        <time>2026-09-15T15:08:49Z</time>
        <extensions>
          <gpxdata:distance>16581.53</gpxdata:distance>
          <gpxdata:speed>1.000</gpxdata:speed>
        </extensions>
      </trkpt>
      <trkpt lat="46.5122604" lon="9.4595857">
        <ele>1570.2</ele>
        <time>2026-09-15T15:09:09Z</time>
        <extensions>
          <gpxdata:distance>16601.65</gpxdata:distance>
          <gpxdata:speed>0.999</gpxdata:speed>
        </extensions>
      </trkpt>
      <trkpt lat="46.5123784" lon="9.4595247">
        <ele>1570.2</ele>
        <time>2026-09-15T15:09:23Z</time>
        <extensions>
          <gpxdata:distance>16615.57</gpxdata:distance>
          <gpxdata:speed>0.996</gpxdata:speed>
        </extensions>
      </trkpt>
      <trkpt lat="46.5125324" lon="9.4594397">
        <ele>1570.0</ele>
        <time>2026-09-15T15:09:41Z</time>
        <extensions>
          <gpxdata:distance>16633.89</gpxdata:distance>
          <gpxdata:speed>1.005</gpxdata:speed>
        </extensions>
      </trkpt>
      <trkpt lat="46.5126054" lon="9.4593767">
        <ele>1569.8</ele>
        <time>2026-09-15T15:09:51Z</time>
        <extensions>
          <gpxdata:distance>16643.33</gpxdata:distance>
          <gpxdata:speed>1.011</gpxdata:speed>
        </extensions>
      </trkpt>
      <trkpt lat="46.5126604" lon="9.4593267">
        <ele>1569.6</ele>
        <time>2026-09-15T15:09:58Z</time>
        <extensions>
          <gpxdata:distance>16650.55</gpxdata:distance>
          <gpxdata:speed>1.009</gpxdata:speed>
        </extensions>
      </trkpt>
      <trkpt lat="46.5127064" lon="9.4592637">
        <ele>1569.4</ele>
        <time>2026-09-15T15:10:05Z</time>
        <extensions>
          <gpxdata:distance>16657.58</gpxdata:distance>
          <gpxdata:speed>1.004</gpxdata:speed>
        </extensions>
      </trkpt>
      <trkpt lat="46.5127714" lon="9.4591487">
        <ele>1569.0</ele>
        <time>2026-09-15T15:10:16Z</time>
        <extensions>
          <gpxdata:distance>16668.96</gpxdata:distance>
          <gpxdata:speed>0.997</gpxdata:speed>
        </extensions>
      </trkpt>
      <trkpt lat="46.5128564" lon="9.4589557">
        <ele>1568.5</ele>
        <time>2026-09-15T15:10:34Z</time>
        <extensions>
          <gpxdata:distance>16686.50</gpxdata:distance>
          <gpxdata:speed>0.992</gpxdata:speed>
        </extensions>
      </trkpt>
      <trkpt lat="46.5129314" lon="9.4587637">
        <ele>1568.1</ele>
        <time>2026-09-15T15:10:51Z</time>
        <extensions>
          <gpxdata:distance>16703.39</gpxdata:distance>
          <gpxdata:speed>0.989</gpxdata:speed>
        </extensions>
      </trkpt>
      <trkpt lat="46.5129884" lon="9.4586217">
        <ele>1567.7</ele>
        <time>2026-09-15T15:11:04Z</time>
        <extensions>
          <gpxdata:distance>16715.97</gpxdata:distance>
          <gpxdata:speed>0.984</gpxdata:speed>
        </extensions>
      </trkpt>
      <trkpt lat="46.5130174" lon="9.4584927">
        <ele>1567.5</ele>
        <time>2026-09-15T15:11:14Z</time>
        <extensions>
          <gpxdata:distance>16726.36</gpxdata:distance>
          <gpxdata:speed>0.981</gpxdata:speed>
        </extensions>
      </trkpt>
      <trkpt lat="46.5130374" lon="9.4584027">
        <ele>1567.3</ele>
        <time>2026-09-15T15:11:22Z</time>
        <extensions>
          <gpxdata:distance>16733.59</gpxdata:distance>
          <gpxdata:speed>0.978</gpxdata:speed>
        </extensions>
      </trkpt>
      <trkpt lat="46.5130484" lon="9.4582467">
        <ele>1567.0</ele>
        <time>2026-09-15T15:11:34Z</time>
        <extensions>
          <gpxdata:distance>16745.59</gpxdata:distance>
          <gpxdata:speed>0.977</gpxdata:speed>
        </extensions>
      </trkpt>
      <trkpt lat="46.5130514" lon="9.4581287">
        <ele>1566.8</ele>
        <time>2026-09-15T15:11:43Z</time>
        <extensions>
          <gpxdata:distance>16754.63</gpxdata:distance>
          <gpxdata:speed>0.978</gpxdata:speed>
        </extensions>
      </trkpt>
      <trkpt lat="46.5130464" lon="9.4578817">
        <ele>1566.4</ele>
        <time>2026-09-15T15:12:03Z</time>
        <extensions>
          <gpxdata:distance>16773.54</gpxdata:distance>
          <gpxdata:speed>0.979</gpxdata:speed>
        </extensions>
      </trkpt>
      <trkpt lat="46.5130444" lon="9.4574646">
        <ele>1566.0</ele>
        <time>2026-09-15T15:12:35Z</time>
        <extensions>
          <gpxdata:distance>16805.46</gpxdata:distance>
          <gpxdata:speed>0.984</gpxdata:speed>
        </extensions>
      </trkpt>
      <trkpt lat="46.5130394" lon="9.4572426">
        <ele>1565.6</ele>
        <time>2026-09-15T15:12:52Z</time>
        <extensions>
          <gpxdata:distance>16822.46</gpxdata:distance>
          <gpxdata:speed>0.985</gpxdata:speed>
        </extensions>
      </trkpt>
      <trkpt lat="46.5130324" lon="9.4571636">
        <ele>1565.4</ele>
        <time>2026-09-15T15:12:58Z</time>
        <extensions>
          <gpxdata:distance>16828.55</gpxdata:distance>
          <gpxdata:speed>0.985</gpxdata:speed>
        </extensions>
      </trkpt>
      <trkpt lat="46.5130244" lon="9.4570726">
        <ele>1565.1</ele>
        <time>2026-09-15T15:13:06Z</time>
        <extensions>
          <gpxdata:distance>16835.57</gpxdata:distance>
          <gpxdata:speed>0.984</gpxdata:speed>
        </extensions>
      </trkpt>
      <trkpt lat="46.5130084" lon="9.4569936">
        <ele>1564.8</ele>
        <time>2026-09-15T15:13:12Z</time>
        <extensions>
          <gpxdata:distance>16841.87</gpxdata:distance>
          <gpxdata:speed>0.982</gpxdata:speed>
        </extensions>
      </trkpt>
      <trkpt lat="46.5129914" lon="9.4569276">
        <ele>1564.6</ele>
        <time>2026-09-15T15:13:17Z</time>
        <extensions>
          <gpxdata:distance>16847.27</gpxdata:distance>
          <gpxdata:speed>0.982</gpxdata:speed>
        </extensions>
      </trkpt>
      <trkpt lat="46.5129654" lon="9.4568616">
        <ele>1564.4</ele>
        <time>2026-09-15T15:13:23Z</time>
        <extensions>
          <gpxdata:distance>16853.09</gpxdata:distance>
          <gpxdata:speed>0.981</gpxdata:speed>
        </extensions>
      </trkpt>
      <trkpt lat="46.5129394" lon="9.4568216">
        <ele>1564.2</ele>
        <time>2026-09-15T15:13:28Z</time>
        <extensions>
          <gpxdata:distance>16857.30</gpxdata:distance>
          <gpxdata:speed>0.980</gpxdata:speed>
        </extensions>
      </trkpt>
      <trkpt lat="46.5129044" lon="9.4567807">
        <ele>1564.0</ele>
        <time>2026-09-15T15:13:33Z</time>
        <extensions>
          <gpxdata:distance>16862.29</gpxdata:distance>
          <gpxdata:speed>0.978</gpxdata:speed>
        </extensions>
      </trkpt>
      <trkpt lat="46.5128684" lon="9.4567537">
        <ele>1563.7</ele>
        <time>2026-09-15T15:13:37Z</time>
        <extensions>
          <gpxdata:distance>16866.79</gpxdata:distance>
          <gpxdata:speed>0.964</gpxdata:speed>
        </extensions>
      </trkpt>
      <trkpt lat="46.5128324" lon="9.4567397">
        <ele>1563.5</ele>
        <time>2026-09-15T15:13:42Z</time>
        <extensions>
          <gpxdata:distance>16870.94</gpxdata:distance>
          <gpxdata:speed>0.957</gpxdata:speed>
        </extensions>
      </trkpt>
      <trkpt lat="46.5127164" lon="9.4566957">
        <ele>1562.8</ele>
        <time>2026-09-15T15:13:56Z</time>
        <extensions>
          <gpxdata:distance>16884.27</gpxdata:distance>
          <gpxdata:speed>0.952</gpxdata:speed>
        </extensions>
      </trkpt>
      <trkpt lat="46.5126444" lon="9.4566807">
        <ele>1562.5</ele>
        <time>2026-09-15T15:14:04Z</time>
        <extensions>
          <gpxdata:distance>16892.36</gpxdata:distance>
          <gpxdata:speed>0.954</gpxdata:speed>
        </extensions>
      </trkpt>
      <trkpt lat="46.5125904" lon="9.4566787">
        <ele>1562.3</ele>
        <time>2026-09-15T15:14:11Z</time>
        <extensions>
          <gpxdata:distance>16898.36</gpxdata:distance>
          <gpxdata:speed>0.956</gpxdata:speed>
        </extensions>
      </trkpt>
      <trkpt lat="46.5124644" lon="9.4566867">
        <ele>1561.7</ele>
        <time>2026-09-15T15:14:25Z</time>
        <extensions>
          <gpxdata:distance>16912.39</gpxdata:distance>
          <gpxdata:speed>0.955</gpxdata:speed>
        </extensions>
      </trkpt>
      <trkpt lat="46.5124194" lon="9.4566847">
        <ele>1561.5</ele>
        <time>2026-09-15T15:14:31Z</time>
        <extensions>
          <gpxdata:distance>16917.39</gpxdata:distance>
          <gpxdata:speed>0.954</gpxdata:speed>
        </extensions>
      </trkpt>
      <trkpt lat="46.5124194" lon="9.4566847">
        <ele>1561.5</ele>
        <time>2026-09-15T15:14:31Z</time>
        <extensions>
          <gpxdata:distance>16917.39</gpxdata:distance>
          <gpxdata:speed>0.000</gpxdata:speed>
        </extensions>
      </trkpt>
      <trkpt lat="46.5123934" lon="9.4566317">
        <ele>1561.2</ele>
        <time>2026-09-15T15:14:36Z</time>
        <extensions>
          <gpxdata:distance>16922.37</gpxdata:distance>
          <gpxdata:speed>0.952</gpxdata:speed>
        </extensions>
      </trkpt>
      <trkpt lat="46.5123674" lon="9.4566047">
        <ele>1561.0</ele>
        <time>2026-09-15T15:14:39Z</time>
        <extensions>
          <gpxdata:distance>16925.93</gpxdata:distance>
          <gpxdata:speed>0.954</gpxdata:speed>
        </extensions>
      </trkpt>
      <trkpt lat="46.5123044" lon="9.4566027">
        <ele>1560.5</ele>
        <time>2026-09-15T15:14:47Z</time>
        <extensions>
          <gpxdata:distance>16932.93</gpxdata:distance>
          <gpxdata:speed>0.950</gpxdata:speed>
        </extensions>
      </trkpt>
      <trkpt lat="46.5122504" lon="9.4566137">
        <ele>1557.1</ele>
        <time>2026-09-15T15:14:54Z</time>
        <extensions>
          <gpxdata:distance>16939.00</gpxdata:distance>
          <gpxdata:speed>0.898</gpxdata:speed>
        </extensions>
      </trkpt>
      <trkpt lat="46.5121964" lon="9.4565857">
        <ele>1554.0</ele>
        <time>2026-09-15T15:15:00Z</time>
        <extensions>
          <gpxdata:distance>16945.37</gpxdata:distance>
          <gpxdata:speed>0.926</gpxdata:speed>
        </extensions>
      </trkpt>
      <trkpt lat="46.5121444" lon="9.4565057">
        <ele>1554.2</ele>
        <time>2026-09-15T15:15:09Z</time>
        <extensions>
          <gpxdata:distance>16953.79</gpxdata:distance>
          <gpxdata:speed>0.937</gpxdata:speed>
        </extensions>
      </trkpt>
      <trkpt lat="46.5120564" lon="9.4563717">
        <ele>1556.3</ele>
        <time>2026-09-15T15:15:25Z</time>
        <extensions>
          <gpxdata:distance>16967.97</gpxdata:distance>
          <gpxdata:speed>0.897</gpxdata:speed>
        </extensions>
      </trkpt>
      <trkpt lat="46.5120224" lon="9.4562527">
        <ele>1555.4</ele>
        <time>2026-09-15T15:15:36Z</time>
        <extensions>
          <gpxdata:distance>16977.83</gpxdata:distance>
          <gpxdata:speed>0.895</gpxdata:speed>
        </extensions>
      </trkpt>
      <trkpt lat="46.5119644" lon="9.4559637">
        <ele>1553.6</ele>
        <time>2026-09-15T15:16:02Z</time>
        <extensions>
          <gpxdata:distance>17000.87</gpxdata:distance>
          <gpxdata:speed>0.900</gpxdata:speed>
        </extensions>
      </trkpt>
      <trkpt lat="46.5119484" lon="9.4558727">
        <ele>1552.0</ele>
        <time>2026-09-15T15:16:10Z</time>
        <extensions>
          <gpxdata:distance>17008.05</gpxdata:distance>
          <gpxdata:speed>0.901</gpxdata:speed>
        </extensions>
      </trkpt>
      <trkpt lat="46.5118874" lon="9.4557527">
        <ele>1549.7</ele>
        <time>2026-09-15T15:16:22Z</time>
        <extensions>
          <gpxdata:distance>17019.47</gpxdata:distance>
          <gpxdata:speed>0.913</gpxdata:speed>
        </extensions>
      </trkpt>
      <trkpt lat="46.5118794" lon="9.4556877">
        <ele>1548.3</ele>
        <time>2026-09-15T15:16:28Z</time>
        <extensions>
          <gpxdata:distance>17024.52</gpxdata:distance>
          <gpxdata:speed>0.925</gpxdata:speed>
        </extensions>
      </trkpt>
      <trkpt lat="46.5118724" lon="9.4555957">
        <ele>1546.8</ele>
        <time>2026-09-15T15:16:36Z</time>
        <extensions>
          <gpxdata:distance>17031.61</gpxdata:distance>
          <gpxdata:speed>0.905</gpxdata:speed>
        </extensions>
      </trkpt>
      <trkpt lat="46.5119114" lon="9.4554147">
        <ele>1544.6</ele>
        <time>2026-09-15T15:16:52Z</time>
        <extensions>
          <gpxdata:distance>17046.12</gpxdata:distance>
          <gpxdata:speed>0.902</gpxdata:speed>
        </extensions>
      </trkpt>
      <trkpt lat="46.5119124" lon="9.4553757">
        <ele>1544.7</ele>
        <time>2026-09-15T15:16:55Z</time>
        <extensions>
          <gpxdata:distance>17049.11</gpxdata:distance>
          <gpxdata:speed>0.895</gpxdata:speed>
        </extensions>
      </trkpt>
      <trkpt lat="46.5118864" lon="9.4552837">
        <ele>1545.2</ele>
        <time>2026-09-15T15:17:03Z</time>
        <extensions>
          <gpxdata:distance>17056.72</gpxdata:distance>
          <gpxdata:speed>0.917</gpxdata:speed>
        </extensions>
      </trkpt>
      <trkpt lat="46.5118794" lon="9.4551917">
        <ele>1544.6</ele>
        <time>2026-09-15T15:17:11Z</time>
        <extensions>
          <gpxdata:distance>17063.80</gpxdata:distance>
          <gpxdata:speed>0.918</gpxdata:speed>
        </extensions>
      </trkpt>
      <trkpt lat="46.5118814" lon="9.4551007">
        <ele>1543.7</ele>
        <time>2026-09-15T15:17:19Z</time>
        <extensions>
          <gpxdata:distance>17070.77</gpxdata:distance>
          <gpxdata:speed>0.932</gpxdata:speed>
        </extensions>
      </trkpt>
      <trkpt lat="46.5119004" lon="9.4550237">
        <ele>1542.6</ele>
        <time>2026-09-15T15:17:25Z</time>
        <extensions>
          <gpxdata:distance>17077.03</gpxdata:distance>
          <gpxdata:speed>0.928</gpxdata:speed>
        </extensions>
      </trkpt>
      <trkpt lat="46.5119104" lon="9.4549587">
        <ele>1542.5</ele>
        <time>2026-09-15T15:17:31Z</time>
        <extensions>
          <gpxdata:distance>17082.12</gpxdata:distance>
          <gpxdata:speed>0.908</gpxdata:speed>
        </extensions>
      </trkpt>
      <trkpt lat="46.5119024" lon="9.4549057">
        <ele>1541.9</ele>
        <time>2026-09-15T15:17:36Z</time>
        <extensions>
          <gpxdata:distance>17086.28</gpxdata:distance>
          <gpxdata:speed>0.898</gpxdata:speed>
        </extensions>
      </trkpt>
      <trkpt lat="46.5118844" lon="9.4548797">
        <ele>1541.8</ele>
        <time>2026-09-15T15:17:39Z</time>
        <extensions>
          <gpxdata:distance>17089.10</gpxdata:distance>
          <gpxdata:speed>0.908</gpxdata:speed>
        </extensions>
      </trkpt>
      <trkpt lat="46.5118584" lon="9.4548657">
        <ele>1541.4</ele>
        <time>2026-09-15T15:17:42Z</time>
        <extensions>
          <gpxdata:distance>17092.18</gpxdata:distance>
          <gpxdata:speed>0.927</gpxdata:speed>
        </extensions>
      </trkpt>
      <trkpt lat="46.5118224" lon="9.4548637">
        <ele>1541.7</ele>
        <time>2026-09-15T15:17:46Z</time>
        <extensions>
          <gpxdata:distance>17096.19</gpxdata:distance>
          <gpxdata:speed>0.933</gpxdata:speed>
        </extensions>
      </trkpt>
      <trkpt lat="46.5118044" lon="9.4548767">
        <ele>1541.4</ele>
        <time>2026-09-15T15:17:49Z</time>
        <extensions>
          <gpxdata:distance>17098.42</gpxdata:distance>
          <gpxdata:speed>0.904</gpxdata:speed>
        </extensions>
      </trkpt>
      <trkpt lat="46.5117764" lon="9.4549277">
        <ele>1541.0</ele>
        <time>2026-09-15T15:17:54Z</time>
        <extensions>
          <gpxdata:distance>17103.41</gpxdata:distance>
          <gpxdata:speed>0.904</gpxdata:speed>
        </extensions>
      </trkpt>
      <trkpt lat="46.5117664" lon="9.4549397">
        <ele>1540.7</ele>
        <time>2026-09-15T15:17:56Z</time>
        <extensions>
          <gpxdata:distance>17104.86</gpxdata:distance>
          <gpxdata:speed>0.907</gpxdata:speed>
        </extensions>
      </trkpt>
      <trkpt lat="46.5117494" lon="9.4549267">
        <ele>1540.3</ele>
        <time>2026-09-15T15:17:58Z</time>
        <extensions>
          <gpxdata:distance>17106.99</gpxdata:distance>
          <gpxdata:speed>0.919</gpxdata:speed>
        </extensions>
      </trkpt>
      <trkpt lat="46.5117134" lon="9.4548857">
        <ele>1539.6</ele>
        <time>2026-09-15T15:18:04Z</time>
        <extensions>
          <gpxdata:distance>17112.08</gpxdata:distance>
          <gpxdata:speed>0.898</gpxdata:speed>
        </extensions>
      </trkpt>
      <trkpt lat="46.5117054" lon="9.4548727">
        <ele>1539.1</ele>
        <time>2026-09-15T15:18:05Z</time>
        <extensions>
          <gpxdata:distance>17113.41</gpxdata:distance>
          <gpxdata:speed>0.897</gpxdata:speed>
        </extensions>
      </trkpt>
      <trkpt lat="46.5116694" lon="9.4548587">
        <ele>1539.2</ele>
        <time>2026-09-15T15:18:10Z</time>
        <extensions>
          <gpxdata:distance>17117.56</gpxdata:distance>
          <gpxdata:speed>0.904</gpxdata:speed>
        </extensions>
      </trkpt>
      <trkpt lat="46.5116514" lon="9.4548317">
        <ele>1539.1</ele>
        <time>2026-09-15T15:18:13Z</time>
        <extensions>
          <gpxdata:distance>17120.43</gpxdata:distance>
          <gpxdata:speed>0.914</gpxdata:speed>
        </extensions>
      </trkpt>
      <trkpt lat="46.5116444" lon="9.4547527">
        <ele>1539.0</ele>
        <time>2026-09-15T15:18:20Z</time>
        <extensions>
          <gpxdata:distance>17126.53</gpxdata:distance>
          <gpxdata:speed>0.906</gpxdata:speed>
        </extensions>
      </trkpt>
      <trkpt lat="46.5116634" lon="9.4546887">
        <ele>1538.7</ele>
        <time>2026-09-15T15:18:26Z</time>
        <extensions>
          <gpxdata:distance>17131.86</gpxdata:distance>
          <gpxdata:speed>0.915</gpxdata:speed>
        </extensions>
      </trkpt>
      <trkpt lat="46.5116374" lon="9.4546097">
        <ele>1538.2</ele>
        <time>2026-09-15T15:18:33Z</time>
        <extensions>
          <gpxdata:distance>17138.56</gpxdata:distance>
          <gpxdata:speed>0.916</gpxdata:speed>
        </extensions>
      </trkpt>
      <trkpt lat="46.5116124" lon="9.4545307">
        <ele>1537.6</ele>
        <time>2026-09-15T15:18:40Z</time>
        <extensions>
          <gpxdata:distance>17145.22</gpxdata:distance>
          <gpxdata:speed>0.919</gpxdata:speed>
        </extensions>
      </trkpt>
      <trkpt lat="46.5116134" lon="9.4544657">
        <ele>1537.3</ele>
        <time>2026-09-15T15:18:46Z</time>
        <extensions>
          <gpxdata:distance>17150.19</gpxdata:distance>
          <gpxdata:speed>0.927</gpxdata:speed>
        </extensions>
      </trkpt>
      <trkpt lat="46.5116154" lon="9.4543347">
        <ele>1537.1</ele>
        <time>2026-09-15T15:18:56Z</time>
        <extensions>
          <gpxdata:distance>17160.22</gpxdata:distance>
          <gpxdata:speed>0.946</gpxdata:speed>
        </extensions>
      </trkpt>
      <trkpt lat="46.5116074" lon="9.4542957">
        <ele>1537.1</ele>
        <time>2026-09-15T15:18:59Z</time>
        <extensions>
          <gpxdata:distance>17163.34</gpxdata:distance>
          <gpxdata:speed>0.961</gpxdata:speed>
        </extensions>
      </trkpt>
      <trkpt lat="46.5115724" lon="9.4542287">
        <ele>1537.7</ele>
        <time>2026-09-15T15:19:06Z</time>
        <extensions>
          <gpxdata:distance>17169.77</gpxdata:distance>
          <gpxdata:speed>0.975</gpxdata:speed>
        </extensions>
      </trkpt>
      <trkpt lat="46.5115554" lon="9.4541897">
        <ele>1538.3</ele>
        <time>2026-09-15T15:19:10Z</time>
        <extensions>
          <gpxdata:distance>17173.31</gpxdata:distance>
          <gpxdata:speed>0.993</gpxdata:speed>
        </extensions>
      </trkpt>
      <trkpt lat="46.5115384" lon="9.4541367">
        <ele>1539.1</ele>
        <time>2026-09-15T15:19:14Z</time>
        <extensions>
          <gpxdata:distance>17177.78</gpxdata:distance>
          <gpxdata:speed>1.007</gpxdata:speed>
        </extensions>
      </trkpt>
      <trkpt lat="46.5115294" lon="9.4541097">
        <ele>1539.4</ele>
        <time>2026-09-15T15:19:16Z</time>
        <extensions>
          <gpxdata:distance>17180.08</gpxdata:distance>
          <gpxdata:speed>0.976</gpxdata:speed>
        </extensions>
      </trkpt>
      <trkpt lat="46.5114854" lon="9.4540437">
        <ele>1540.4</ele>
        <time>2026-09-15T15:19:24Z</time>
        <extensions>
          <gpxdata:distance>17187.11</gpxdata:distance>
          <gpxdata:speed>0.897</gpxdata:speed>
        </extensions>
      </trkpt>
      <trkpt lat="46.5114414" lon="9.4539897">
        <ele>1541.8</ele>
        <time>2026-09-15T15:19:32Z</time>
        <extensions>
          <gpxdata:distance>17193.51</gpxdata:distance>
          <gpxdata:speed>0.788</gpxdata:speed>
        </extensions>
      </trkpt>
      <trkpt lat="46.5114164" lon="9.4539237">
        <ele>1542.6</ele>
        <time>2026-09-15T15:19:40Z</time>
        <extensions>
          <gpxdata:distance>17199.28</gpxdata:distance>
          <gpxdata:speed>0.734</gpxdata:speed>
        </extensions>
      </trkpt>
      <trkpt lat="46.5113804" lon="9.4538697">
        <ele>1543.2</ele>
        <time>2026-09-15T15:19:49Z</time>
        <extensions>
          <gpxdata:distance>17205.03</gpxdata:distance>
          <gpxdata:speed>0.665</gpxdata:speed>
        </extensions>
      </trkpt>
      <trkpt lat="46.5112044" lon="9.4536677">
        <ele>1545.8</ele>
        <time>2026-09-15T15:20:26Z</time>
        <extensions>
          <gpxdata:distance>17229.97</gpxdata:distance>
          <gpxdata:speed>0.678</gpxdata:speed>
        </extensions>
      </trkpt>
      <trkpt lat="46.5111334" lon="9.4535997">
        <ele>1547.3</ele>
        <time>2026-09-15T15:20:40Z</time>
        <extensions>
          <gpxdata:distance>17239.42</gpxdata:distance>
          <gpxdata:speed>0.660</gpxdata:speed>
        </extensions>
      </trkpt>
      <trkpt lat="46.5111164" lon="9.4535607">
        <ele>1547.4</ele>
        <time>2026-09-15T15:20:45Z</time>
        <extensions>
          <gpxdata:distance>17242.96</gpxdata:distance>
          <gpxdata:speed>0.678</gpxdata:speed>
        </extensions>
      </trkpt>
      <trkpt lat="46.5111004" lon="9.4534688">
        <ele>1548.0</ele>
        <time>2026-09-15T15:20:56Z</time>
        <extensions>
          <gpxdata:distance>17250.21</gpxdata:distance>
          <gpxdata:speed>0.697</gpxdata:speed>
        </extensions>
      </trkpt>
      <trkpt lat="46.5110924" lon="9.4534158">
        <ele>1547.8</ele>
        <time>2026-09-15T15:21:01Z</time>
        <extensions>
          <gpxdata:distance>17254.36</gpxdata:distance>
          <gpxdata:speed>0.722</gpxdata:speed>
        </extensions>
      </trkpt>
      <trkpt lat="46.5110924" lon="9.4534158">
        <ele>1547.8</ele>
        <time>2026-09-15T15:21:01Z</time>
        <extensions>
          <gpxdata:distance>17254.36</gpxdata:distance>
          <gpxdata:speed>0.000</gpxdata:speed>
        </extensions>
      </trkpt>
      <trkpt lat="46.5111104" lon="9.4533778">
        <ele>1547.8</ele>
        <time>2026-09-15T15:21:06Z</time>
        <extensions>
          <gpxdata:distance>17257.89</gpxdata:distance>
          <gpxdata:speed>0.772</gpxdata:speed>
        </extensions>
      </trkpt>
      <trkpt lat="46.5111104" lon="9.4533778">
        <ele>1547.8</ele>
        <time>2026-09-15T15:21:06Z</time>
        <extensions>
          <gpxdata:distance>17257.89</gpxdata:distance>
          <gpxdata:speed>0.000</gpxdata:speed>
        </extensions>
      </trkpt>
      <trkpt lat="46.5111294" lon="9.4533267">
        <ele>1547.9</ele>
        <time>2026-09-15T15:21:11Z</time>
        <extensions>
          <gpxdata:distance>17262.34</gpxdata:distance>
          <gpxdata:speed>0.801</gpxdata:speed>
        </extensions>
      </trkpt>
      <trkpt lat="46.5111844" lon="9.4532897">
        <ele>1547.2</ele>
        <time>2026-09-15T15:21:19Z</time>
        <extensions>
          <gpxdata:distance>17269.08</gpxdata:distance>
          <gpxdata:speed>0.922</gpxdata:speed>
        </extensions>
      </trkpt>
      <trkpt lat="46.5112294" lon="9.4532647">
        <ele>1546.2</ele>
        <time>2026-09-15T15:21:24Z</time>
        <extensions>
          <gpxdata:distance>17274.44</gpxdata:distance>
          <gpxdata:speed>0.972</gpxdata:speed>
        </extensions>
      </trkpt>
      <trkpt lat="46.5112574" lon="9.4532267">
        <ele>1545.3</ele>
        <time>2026-09-15T15:21:29Z</time>
        <extensions>
          <gpxdata:distance>17278.70</gpxdata:distance>
          <gpxdata:speed>0.939</gpxdata:speed>
        </extensions>
      </trkpt>
      <trkpt lat="46.5113124" lon="9.4531767">
        <ele>1543.7</ele>
        <time>2026-09-15T15:21:37Z</time>
        <extensions>
          <gpxdata:distance>17285.91</gpxdata:distance>
          <gpxdata:speed>0.913</gpxdata:speed>
        </extensions>
      </trkpt>
      <trkpt lat="46.5113484" lon="9.4531517">
        <ele>1542.9</ele>
        <time>2026-09-15T15:21:41Z</time>
        <extensions>
          <gpxdata:distance>17290.35</gpxdata:distance>
          <gpxdata:speed>0.927</gpxdata:speed>
        </extensions>
      </trkpt>
      <trkpt lat="46.5114124" lon="9.4530887">
        <ele>1542.1</ele>
        <time>2026-09-15T15:21:51Z</time>
        <extensions>
          <gpxdata:distance>17298.94</gpxdata:distance>
          <gpxdata:speed>0.920</gpxdata:speed>
        </extensions>
      </trkpt>
      <trkpt lat="46.5114934" lon="9.4530787">
        <ele>1540.3</ele>
        <time>2026-09-15T15:22:00Z</time>
        <extensions>
          <gpxdata:distance>17307.98</gpxdata:distance>
          <gpxdata:speed>0.940</gpxdata:speed>
        </extensions>
      </trkpt>
      <trkpt lat="46.5115664" lon="9.4530687">
        <ele>1538.3</ele>
        <time>2026-09-15T15:22:09Z</time>
        <extensions>
          <gpxdata:distance>17316.13</gpxdata:distance>
          <gpxdata:speed>0.922</gpxdata:speed>
        </extensions>
      </trkpt>
      <trkpt lat="46.5116024" lon="9.4530437">
        <ele>1537.8</ele>
        <time>2026-09-15T15:22:14Z</time>
        <extensions>
          <gpxdata:distance>17320.57</gpxdata:distance>
          <gpxdata:speed>0.908</gpxdata:speed>
        </extensions>
      </trkpt>
      <trkpt lat="46.5116774" lon="9.4528907">
        <ele>1537.8</ele>
        <time>2026-09-15T15:22:30Z</time>
        <extensions>
          <gpxdata:distance>17334.95</gpxdata:distance>
          <gpxdata:speed>0.933</gpxdata:speed>
        </extensions>
      </trkpt>
      <trkpt lat="46.5117324" lon="9.4528277">
        <ele>1537.3</ele>
        <time>2026-09-15T15:22:38Z</time>
        <extensions>
          <gpxdata:distance>17342.73</gpxdata:distance>
          <gpxdata:speed>0.922</gpxdata:speed>
        </extensions>
      </trkpt>
      <trkpt lat="46.5117784" lon="9.4527637">
        <ele>1536.9</ele>
        <time>2026-09-15T15:22:46Z</time>
        <extensions>
          <gpxdata:distance>17349.82</gpxdata:distance>
          <gpxdata:speed>0.911</gpxdata:speed>
        </extensions>
      </trkpt>
      <trkpt lat="46.5118334" lon="9.4526877">
        <ele>1536.3</ele>
        <time>2026-09-15T15:22:55Z</time>
        <extensions>
          <gpxdata:distance>17358.25</gpxdata:distance>
          <gpxdata:speed>0.896</gpxdata:speed>
        </extensions>
      </trkpt>
      <trkpt lat="46.5118894" lon="9.4525857">
        <ele>1536.3</ele>
        <time>2026-09-15T15:23:06Z</time>
        <extensions>
          <gpxdata:distance>17368.24</gpxdata:distance>
          <gpxdata:speed>0.911</gpxdata:speed>
        </extensions>
      </trkpt>
      <trkpt lat="46.5119184" lon="9.4525087">
        <ele>1536.6</ele>
        <time>2026-09-15T15:23:13Z</time>
        <extensions>
          <gpxdata:distance>17374.96</gpxdata:distance>
          <gpxdata:speed>0.924</gpxdata:speed>
        </extensions>
      </trkpt>
      <trkpt lat="46.5119474" lon="9.4523927">
        <ele>1537.7</ele>
        <time>2026-09-15T15:23:23Z</time>
        <extensions>
          <gpxdata:distance>17384.40</gpxdata:distance>
          <gpxdata:speed>0.969</gpxdata:speed>
        </extensions>
      </trkpt>
      <trkpt lat="46.5120324" lon="9.4521217">
        <ele>1538.1</ele>
        <time>2026-09-15T15:23:46Z</time>
        <extensions>
          <gpxdata:distance>17407.19</gpxdata:distance>
          <gpxdata:speed>1.010</gpxdata:speed>
        </extensions>
      </trkpt>
      <trkpt lat="46.5120714" lon="9.4519667">
        <ele>1537.4</ele>
        <time>2026-09-15T15:23:58Z</time>
        <extensions>
          <gpxdata:distance>17419.82</gpxdata:distance>
          <gpxdata:speed>1.007</gpxdata:speed>
        </extensions>
      </trkpt>
      <trkpt lat="46.5121004" lon="9.4518767">
        <ele>1537.0</ele>
        <time>2026-09-15T15:24:06Z</time>
        <extensions>
          <gpxdata:distance>17427.43</gpxdata:distance>
          <gpxdata:speed>1.001</gpxdata:speed>
        </extensions>
      </trkpt>
      <trkpt lat="46.5121374" lon="9.4517867">
        <ele>1536.5</ele>
        <time>2026-09-15T15:24:14Z</time>
        <extensions>
          <gpxdata:distance>17435.45</gpxdata:distance>
          <gpxdata:speed>1.001</gpxdata:speed>
        </extensions>
      </trkpt>
      <trkpt lat="46.5122024" lon="9.4516717">
        <ele>1536.0</ele>
        <time>2026-09-15T15:24:25Z</time>
        <extensions>
          <gpxdata:distance>17446.84</gpxdata:distance>
          <gpxdata:speed>1.000</gpxdata:speed>
        </extensions>
      </trkpt>
      <trkpt lat="46.5122764" lon="9.4515967">
        <ele>1536.0</ele>
        <time>2026-09-15T15:24:35Z</time>
        <extensions>
          <gpxdata:distance>17456.87</gpxdata:distance>
          <gpxdata:speed>1.008</gpxdata:speed>
        </extensions>
      </trkpt>
      <trkpt lat="46.5123664" lon="9.4515737">
        <ele>1534.0</ele>
        <time>2026-09-15T15:24:46Z</time>
        <extensions>
          <gpxdata:distance>17467.03</gpxdata:distance>
          <gpxdata:speed>0.982</gpxdata:speed>
        </extensions>
      </trkpt>
      <trkpt lat="46.5124204" lon="9.4515887">
        <ele>1532.9</ele>
        <time>2026-09-15T15:24:52Z</time>
        <extensions>
          <gpxdata:distance>17473.14</gpxdata:distance>
          <gpxdata:speed>0.964</gpxdata:speed>
        </extensions>
      </trkpt>
      <trkpt lat="46.5124564" lon="9.4515897">
        <ele>1532.3</ele>
        <time>2026-09-15T15:24:56Z</time>
        <extensions>
          <gpxdata:distance>17477.15</gpxdata:distance>
          <gpxdata:speed>0.939</gpxdata:speed>
        </extensions>
      </trkpt>
      <trkpt lat="46.5125014" lon="9.4515657">
        <ele>1531.4</ele>
        <time>2026-09-15T15:25:02Z</time>
        <extensions>
          <gpxdata:distance>17482.48</gpxdata:distance>
          <gpxdata:speed>0.906</gpxdata:speed>
        </extensions>
      </trkpt>
      <trkpt lat="46.5126294" lon="9.4514527">
        <ele>1531.1</ele>
        <time>2026-09-15T15:25:20Z</time>
        <extensions>
          <gpxdata:distance>17499.13</gpxdata:distance>
          <gpxdata:speed>0.916</gpxdata:speed>
        </extensions>
      </trkpt>
      <trkpt lat="46.5127114" lon="9.4513907">
        <ele>1530.8</ele>
        <time>2026-09-15T15:25:31Z</time>
        <extensions>
          <gpxdata:distance>17509.41</gpxdata:distance>
          <gpxdata:speed>0.921</gpxdata:speed>
        </extensions>
      </trkpt>
      <trkpt lat="46.5127394" lon="9.4513657">
        <ele>1530.5</ele>
        <time>2026-09-15T15:25:35Z</time>
        <extensions>
          <gpxdata:distance>17513.06</gpxdata:distance>
          <gpxdata:speed>0.919</gpxdata:speed>
        </extensions>
      </trkpt>
      <trkpt lat="46.5128204" lon="9.4513427">
        <ele>1530.3</ele>
        <time>2026-09-15T15:25:45Z</time>
        <extensions>
          <gpxdata:distance>17522.24</gpxdata:distance>
          <gpxdata:speed>0.921</gpxdata:speed>
        </extensions>
      </trkpt>
      <trkpt lat="46.5128564" lon="9.4513437">
        <ele>1530.2</ele>
        <time>2026-09-15T15:25:50Z</time>
        <extensions>
          <gpxdata:distance>17526.24</gpxdata:distance>
          <gpxdata:speed>0.912</gpxdata:speed>
        </extensions>
      </trkpt>
      <trkpt lat="46.5129474" lon="9.4512957">
        <ele>1530.7</ele>
        <time>2026-09-15T15:26:01Z</time>
        <extensions>
          <gpxdata:distance>17537.01</gpxdata:distance>
          <gpxdata:speed>0.952</gpxdata:speed>
        </extensions>
      </trkpt>
      <trkpt lat="46.5129744" lon="9.4512837">
        <ele>1530.8</ele>
        <time>2026-09-15T15:26:04Z</time>
        <extensions>
          <gpxdata:distance>17540.15</gpxdata:distance>
          <gpxdata:speed>0.972</gpxdata:speed>
        </extensions>
      </trkpt>
      <trkpt lat="46.5130024" lon="9.4512587">
        <ele>1530.9</ele>
        <time>2026-09-15T15:26:08Z</time>
        <extensions>
          <gpxdata:distance>17543.80</gpxdata:distance>
          <gpxdata:speed>0.985</gpxdata:speed>
        </extensions>
      </trkpt>
      <trkpt lat="46.5130384" lon="9.4512337">
        <ele>1531.0</ele>
        <time>2026-09-15T15:26:12Z</time>
        <extensions>
          <gpxdata:distance>17548.24</gpxdata:distance>
          <gpxdata:speed>1.005</gpxdata:speed>
        </extensions>
      </trkpt>
      <trkpt lat="46.5130744" lon="9.4512087">
        <ele>1531.2</ele>
        <time>2026-09-15T15:26:17Z</time>
        <extensions>
          <gpxdata:distance>17552.68</gpxdata:distance>
          <gpxdata:speed>1.008</gpxdata:speed>
        </extensions>
      </trkpt>
      <trkpt lat="46.5131024" lon="9.4511707">
        <ele>1531.3</ele>
        <time>2026-09-15T15:26:21Z</time>
        <extensions>
          <gpxdata:distance>17556.94</gpxdata:distance>
          <gpxdata:speed>0.986</gpxdata:speed>
        </extensions>
      </trkpt>
      <trkpt lat="46.5131764" lon="9.4510437">
        <ele>1532.6</ele>
        <time>2026-09-15T15:26:35Z</time>
        <extensions>
          <gpxdata:distance>17569.67</gpxdata:distance>
          <gpxdata:speed>0.918</gpxdata:speed>
        </extensions>
      </trkpt>
      <trkpt lat="46.5132244" lon="9.4509146">
        <ele>1535.7</ele>
        <time>2026-09-15T15:26:49Z</time>
        <extensions>
          <gpxdata:distance>17580.90</gpxdata:distance>
          <gpxdata:speed>0.775</gpxdata:speed>
        </extensions>
      </trkpt>
      <trkpt lat="46.5132694" lon="9.4508646">
        <ele>1536.5</ele>
        <time>2026-09-15T15:26:58Z</time>
        <extensions>
          <gpxdata:distance>17587.20</gpxdata:distance>
          <gpxdata:speed>0.746</gpxdata:speed>
        </extensions>
      </trkpt>
      <trkpt lat="46.5133334" lon="9.4508146">
        <ele>1536.2</ele>
        <time>2026-09-15T15:27:08Z</time>
        <extensions>
          <gpxdata:distance>17595.28</gpxdata:distance>
          <gpxdata:speed>0.769</gpxdata:speed>
        </extensions>
      </trkpt>
      <trkpt lat="46.5133794" lon="9.4508026">
        <ele>1535.2</ele>
        <time>2026-09-15T15:27:15Z</time>
        <extensions>
          <gpxdata:distance>17600.47</gpxdata:distance>
          <gpxdata:speed>0.825</gpxdata:speed>
        </extensions>
      </trkpt>
      <trkpt lat="46.5134424" lon="9.4507796">
        <ele>1534.4</ele>
        <time>2026-09-15T15:27:23Z</time>
        <extensions>
          <gpxdata:distance>17607.70</gpxdata:distance>
          <gpxdata:speed>0.873</gpxdata:speed>
        </extensions>
      </trkpt>
      <trkpt lat="46.5135424" lon="9.4507436">
        <ele>1534.5</ele>
        <time>2026-09-15T15:27:36Z</time>
        <extensions>
          <gpxdata:distance>17619.15</gpxdata:distance>
          <gpxdata:speed>0.887</gpxdata:speed>
        </extensions>
      </trkpt>
      <trkpt lat="46.5136594" lon="9.4507226">
        <ele>1534.5</ele>
        <time>2026-09-15T15:27:50Z</time>
        <extensions>
          <gpxdata:distance>17632.26</gpxdata:distance>
          <gpxdata:speed>0.907</gpxdata:speed>
        </extensions>
      </trkpt>
      <trkpt lat="46.5137134" lon="9.4507116">
        <ele>1535.0</ele>
        <time>2026-09-15T15:27:57Z</time>
        <extensions>
          <gpxdata:distance>17638.33</gpxdata:distance>
          <gpxdata:speed>0.897</gpxdata:speed>
        </extensions>
      </trkpt>
      <trkpt lat="46.5137674" lon="9.4507266">
        <ele>1537.1</ele>
        <time>2026-09-15T15:28:04Z</time>
        <extensions>
          <gpxdata:distance>17644.44</gpxdata:distance>
          <gpxdata:speed>0.859</gpxdata:speed>
        </extensions>
      </trkpt>
      <trkpt lat="46.5137854" lon="9.4507266">
        <ele>1538.1</ele>
        <time>2026-09-15T15:28:06Z</time>
        <extensions>
          <gpxdata:distance>17646.44</gpxdata:distance>
          <gpxdata:speed>0.919</gpxdata:speed>
        </extensions>
      </trkpt>
      <trkpt lat="46.5138584" lon="9.4506776">
        <ele>1537.7</ele>
        <time>2026-09-15T15:28:16Z</time>
        <extensions>
          <gpxdata:distance>17655.38</gpxdata:distance>
          <gpxdata:speed>0.968</gpxdata:speed>
        </extensions>
      </trkpt>
      <trkpt lat="46.5138674" lon="9.4506516">
        <ele>1537.7</ele>
        <time>2026-09-15T15:28:18Z</time>
        <extensions>
          <gpxdata:distance>17657.61</gpxdata:distance>
          <gpxdata:speed>0.951</gpxdata:speed>
        </extensions>
      </trkpt>
      <trkpt lat="46.5138514" lon="9.4505726">
        <ele>1537.6</ele>
        <time>2026-09-15T15:28:25Z</time>
        <extensions>
          <gpxdata:distance>17663.91</gpxdata:distance>
          <gpxdata:speed>0.916</gpxdata:speed>
        </extensions>
      </trkpt>
      <trkpt lat="46.5138514" lon="9.4505726">
        <ele>1537.6</ele>
        <time>2026-09-15T15:28:25Z</time>
        <extensions>
          <gpxdata:distance>17663.91</gpxdata:distance>
          <gpxdata:speed>0.000</gpxdata:speed>
        </extensions>
      </trkpt>
      <trkpt lat="46.5139054" lon="9.4505226">
        <ele>1537.2</ele>
        <time>2026-09-15T15:28:33Z</time>
        <extensions>
          <gpxdata:distance>17671.03</gpxdata:distance>
          <gpxdata:speed>0.880</gpxdata:speed>
        </extensions>
      </trkpt>
      <trkpt lat="46.5139334" lon="9.4504716">
        <ele>1537.0</ele>
        <time>2026-09-15T15:28:39Z</time>
        <extensions>
          <gpxdata:distance>17676.02</gpxdata:distance>
          <gpxdata:speed>0.867</gpxdata:speed>
        </extensions>
      </trkpt>
      <trkpt lat="46.5139614" lon="9.4504206">
        <ele>1536.7</ele>
        <time>2026-09-15T15:28:44Z</time>
        <extensions>
          <gpxdata:distance>17681.01</gpxdata:distance>
          <gpxdata:speed>0.911</gpxdata:speed>
        </extensions>
      </trkpt>
      <trkpt lat="46.5139804" lon="9.4503696">
        <ele>1536.5</ele>
        <time>2026-09-15T15:28:49Z</time>
        <extensions>
          <gpxdata:distance>17685.45</gpxdata:distance>
          <gpxdata:speed>0.994</gpxdata:speed>
        </extensions>
      </trkpt>
      <trkpt lat="46.5139994" lon="9.4503046">
        <ele>1536.2</ele>
        <time>2026-09-15T15:28:54Z</time>
        <extensions>
          <gpxdata:distance>17690.86</gpxdata:distance>
          <gpxdata:speed>0.957</gpxdata:speed>
        </extensions>
      </trkpt>
      <trkpt lat="46.5139994" lon="9.4503046">
        <ele>1536.2</ele>
        <time>2026-09-15T15:28:54Z</time>
        <extensions>
          <gpxdata:distance>17690.86</gpxdata:distance>
          <gpxdata:speed>0.000</gpxdata:speed>
        </extensions>
      </trkpt>
      <trkpt lat="46.5140524" lon="9.4503586">
        <ele>1536.5</ele>
        <time>2026-09-15T15:29:02Z</time>
        <extensions>
          <gpxdata:distance>17698.05</gpxdata:distance>
          <gpxdata:speed>0.974</gpxdata:speed>
        </extensions>
      </trkpt>
      <trkpt lat="46.5140674" lon="9.4500336">
        <ele>1530.8</ele>
        <time>2026-09-15T15:29:29Z</time>
        <extensions>
          <gpxdata:distance>17722.98</gpxdata:distance>
          <gpxdata:speed>0.908</gpxdata:speed>
        </extensions>
      </trkpt>
      <trkpt lat="46.5140924" lon="9.4501256">
        <ele>1529.3</ele>
        <time>2026-09-15T15:29:37Z</time>
        <extensions>
          <gpxdata:distance>17730.55</gpxdata:distance>
          <gpxdata:speed>0.917</gpxdata:speed>
        </extensions>
      </trkpt>
      <trkpt lat="46.5141544" lon="9.4502066">
        <ele>1528.3</ele>
        <time>2026-09-15T15:29:47Z</time>
        <extensions>
          <gpxdata:distance>17739.82</gpxdata:distance>
          <gpxdata:speed>0.921</gpxdata:speed>
        </extensions>
      </trkpt>
      <trkpt lat="46.5142164" lon="9.4502606">
        <ele>1527.3</ele>
        <time>2026-09-15T15:29:56Z</time>
        <extensions>
          <gpxdata:distance>17747.86</gpxdata:distance>
          <gpxdata:speed>0.926</gpxdata:speed>
        </extensions>
      </trkpt>
      <trkpt lat="46.5142524" lon="9.4502616">
        <ele>1526.2</ele>
        <time>2026-09-15T15:30:00Z</time>
        <extensions>
          <gpxdata:distance>17751.86</gpxdata:distance>
          <gpxdata:speed>0.938</gpxdata:speed>
        </extensions>
      </trkpt>
      <trkpt lat="46.5143424" lon="9.4502396">
        <ele>1524.7</ele>
        <time>2026-09-15T15:30:11Z</time>
        <extensions>
          <gpxdata:distance>17762.01</gpxdata:distance>
          <gpxdata:speed>0.934</gpxdata:speed>
        </extensions>
      </trkpt>
      <trkpt lat="46.5144054" lon="9.4502416">
        <ele>1523.7</ele>
        <time>2026-09-15T15:30:19Z</time>
        <extensions>
          <gpxdata:distance>17769.02</gpxdata:distance>
          <gpxdata:speed>0.927</gpxdata:speed>
        </extensions>
      </trkpt>
      <trkpt lat="46.5144774" lon="9.4502576">
        <ele>1522.1</ele>
        <time>2026-09-15T15:30:28Z</time>
        <extensions>
          <gpxdata:distance>17777.11</gpxdata:distance>
          <gpxdata:speed>0.922</gpxdata:speed>
        </extensions>
      </trkpt>
      <trkpt lat="46.5144954" lon="9.4502316">
        <ele>1521.1</ele>
        <time>2026-09-15T15:30:31Z</time>
        <extensions>
          <gpxdata:distance>17779.94</gpxdata:distance>
          <gpxdata:speed>0.888</gpxdata:speed>
        </extensions>
      </trkpt>
      <trkpt lat="46.5145234" lon="9.4502196">
        <ele>1520.6</ele>
        <time>2026-09-15T15:30:34Z</time>
        <extensions>
          <gpxdata:distance>17783.18</gpxdata:distance>
          <gpxdata:speed>0.914</gpxdata:speed>
        </extensions>
      </trkpt>
      <trkpt lat="46.5145414" lon="9.4501946">
        <ele>1520.1</ele>
        <time>2026-09-15T15:30:37Z</time>
        <extensions>
          <gpxdata:distance>17785.95</gpxdata:distance>
          <gpxdata:speed>0.918</gpxdata:speed>
        </extensions>
      </trkpt>
      <trkpt lat="46.5145424" lon="9.4501426">
        <ele>1519.6</ele>
        <time>2026-09-15T15:30:42Z</time>
        <extensions>
          <gpxdata:distance>17789.93</gpxdata:distance>
          <gpxdata:speed>0.908</gpxdata:speed>
        </extensions>
      </trkpt>
      <trkpt lat="46.5145704" lon="9.4500786">
        <ele>1518.6</ele>
        <time>2026-09-15T15:30:48Z</time>
        <extensions>
          <gpxdata:distance>17795.74</gpxdata:distance>
          <gpxdata:speed>0.897</gpxdata:speed>
        </extensions>
      </trkpt>
      <trkpt lat="46.5145634" lon="9.4499736">
        <ele>1517.5</ele>
        <time>2026-09-15T15:30:57Z</time>
        <extensions>
          <gpxdata:distance>17803.81</gpxdata:distance>
          <gpxdata:speed>0.916</gpxdata:speed>
        </extensions>
      </trkpt>
      <trkpt lat="46.5146284" lon="9.4498586">
        <ele>1516.0</ele>
        <time>2026-09-15T15:31:09Z</time>
        <extensions>
          <gpxdata:distance>17815.20</gpxdata:distance>
          <gpxdata:speed>0.922</gpxdata:speed>
        </extensions>
      </trkpt>
      <trkpt lat="46.5147504" lon="9.4496026">
        <ele>1514.2</ele>
        <time>2026-09-15T15:31:35Z</time>
        <extensions>
          <gpxdata:distance>17839.02</gpxdata:distance>
          <gpxdata:speed>0.927</gpxdata:speed>
        </extensions>
      </trkpt>
      <trkpt lat="46.5147504" lon="9.4496026">
        <ele>1514.2</ele>
        <time>2026-09-15T15:31:35Z</time>
        <extensions>
          <gpxdata:distance>17839.02</gpxdata:distance>
          <gpxdata:speed>0.000</gpxdata:speed>
        </extensions>
      </trkpt>
      <trkpt lat="46.5148324" lon="9.4495016">
        <ele>1513.0</ele>
        <time>2026-09-15T15:31:48Z</time>
        <extensions>
          <gpxdata:distance>17850.98</gpxdata:distance>
          <gpxdata:speed>0.907</gpxdata:speed>
        </extensions>
      </trkpt>
      <trkpt lat="46.5148604" lon="9.4494376">
        <ele>1512.5</ele>
        <time>2026-09-15T15:31:55Z</time>
        <extensions>
          <gpxdata:distance>17856.78</gpxdata:distance>
          <gpxdata:speed>0.904</gpxdata:speed>
        </extensions>
      </trkpt>
      <trkpt lat="46.5148804" lon="9.4493336">
        <ele>1511.3</ele>
        <time>2026-09-15T15:32:04Z</time>
        <extensions>
          <gpxdata:distance>17865.04</gpxdata:distance>
          <gpxdata:speed>0.905</gpxdata:speed>
        </extensions>
      </trkpt>
      <trkpt lat="46.5150204" lon="9.4490916">
        <ele>1510.1</ele>
        <time>2026-09-15T15:32:31Z</time>
        <extensions>
          <gpxdata:distance>17889.23</gpxdata:distance>
          <gpxdata:speed>0.899</gpxdata:speed>
        </extensions>
      </trkpt>
      <trkpt lat="46.5150754" lon="9.4489895">
        <ele>1509.1</ele>
        <time>2026-09-15T15:32:42Z</time>
        <extensions>
          <gpxdata:distance>17899.16</gpxdata:distance>
          <gpxdata:speed>0.903</gpxdata:speed>
        </extensions>
      </trkpt>
      <trkpt lat="46.5151214" lon="9.4489385">
        <ele>1508.5</ele>
        <time>2026-09-15T15:32:49Z</time>
        <extensions>
          <gpxdata:distance>17905.59</gpxdata:distance>
          <gpxdata:speed>0.907</gpxdata:speed>
        </extensions>
      </trkpt>
      <trkpt lat="46.5151314" lon="9.4488735">
        <ele>1508.0</ele>
        <time>2026-09-15T15:32:54Z</time>
        <extensions>
          <gpxdata:distance>17910.69</gpxdata:distance>
          <gpxdata:speed>0.912</gpxdata:speed>
        </extensions>
      </trkpt>
      <trkpt lat="46.5151424" lon="9.4487695">
        <ele>1508.1</ele>
        <time>2026-09-15T15:33:03Z</time>
        <extensions>
          <gpxdata:distance>17918.74</gpxdata:distance>
          <gpxdata:speed>0.920</gpxdata:speed>
        </extensions>
      </trkpt>
      <trkpt lat="46.5151724" lon="9.4486405">
        <ele>1507.9</ele>
        <time>2026-09-15T15:33:14Z</time>
        <extensions>
          <gpxdata:distance>17929.16</gpxdata:distance>
          <gpxdata:speed>0.927</gpxdata:speed>
        </extensions>
      </trkpt>
      <trkpt lat="46.5152374" lon="9.4484995">
        <ele>1508.5</ele>
        <time>2026-09-15T15:33:28Z</time>
        <extensions>
          <gpxdata:distance>17942.14</gpxdata:distance>
          <gpxdata:speed>0.949</gpxdata:speed>
        </extensions>
      </trkpt>
      <trkpt lat="46.5152754" lon="9.4483965">
        <ele>1508.5</ele>
        <time>2026-09-15T15:33:37Z</time>
        <extensions>
          <gpxdata:distance>17951.09</gpxdata:distance>
          <gpxdata:speed>0.958</gpxdata:speed>
        </extensions>
      </trkpt>
      <trkpt lat="46.5153044" lon="9.4482675">
        <ele>1506.9</ele>
        <time>2026-09-15T15:33:48Z</time>
        <extensions>
          <gpxdata:distance>17961.47</gpxdata:distance>
          <gpxdata:speed>0.954</gpxdata:speed>
        </extensions>
      </trkpt>
      <trkpt lat="46.5154074" lon="9.4480625">
        <ele>1504.4</ele>
        <time>2026-09-15T15:34:09Z</time>
        <extensions>
          <gpxdata:distance>17980.89</gpxdata:distance>
          <gpxdata:speed>0.935</gpxdata:speed>
        </extensions>
      </trkpt>
      <trkpt lat="46.5154984" lon="9.4479885">
        <ele>1503.9</ele>
        <time>2026-09-15T15:34:21Z</time>
        <extensions>
          <gpxdata:distance>17992.49</gpxdata:distance>
          <gpxdata:speed>0.942</gpxdata:speed>
        </extensions>
      </trkpt>
      <trkpt lat="46.5156174" lon="9.4479015">
        <ele>1503.6</ele>
        <time>2026-09-15T15:34:37Z</time>
        <extensions>
          <gpxdata:distance>18007.30</gpxdata:distance>
          <gpxdata:speed>0.950</gpxdata:speed>
        </extensions>
      </trkpt>
      <trkpt lat="46.5157174" lon="9.4478395">
        <ele>1503.6</ele>
        <time>2026-09-15T15:34:50Z</time>
        <extensions>
          <gpxdata:distance>18019.39</gpxdata:distance>
          <gpxdata:speed>0.960</gpxdata:speed>
        </extensions>
      </trkpt>
      <trkpt lat="46.5158164" lon="9.4478045">
        <ele>1503.6</ele>
        <time>2026-09-15T15:35:01Z</time>
        <extensions>
          <gpxdata:distance>18030.72</gpxdata:distance>
          <gpxdata:speed>0.961</gpxdata:speed>
        </extensions>
      </trkpt>
      <trkpt lat="46.5158434" lon="9.4477925">
        <ele>1503.5</ele>
        <time>2026-09-15T15:35:05Z</time>
        <extensions>
          <gpxdata:distance>18033.86</gpxdata:distance>
          <gpxdata:speed>0.958</gpxdata:speed>
        </extensions>
      </trkpt>
      <trkpt lat="46.5159074" lon="9.4477425">
        <ele>1504.0</ele>
        <time>2026-09-15T15:35:13Z</time>
        <extensions>
          <gpxdata:distance>18041.94</gpxdata:distance>
          <gpxdata:speed>0.954</gpxdata:speed>
        </extensions>
      </trkpt>
      <trkpt lat="46.5160624" lon="9.4476565">
        <ele>1504.5</ele>
        <time>2026-09-15T15:35:32Z</time>
        <extensions>
          <gpxdata:distance>18060.39</gpxdata:distance>
          <gpxdata:speed>0.965</gpxdata:speed>
        </extensions>
      </trkpt>
      <trkpt lat="46.5161534" lon="9.4475695">
        <ele>1506.6</ele>
        <time>2026-09-15T15:35:44Z</time>
        <extensions>
          <gpxdata:distance>18072.50</gpxdata:distance>
          <gpxdata:speed>1.009</gpxdata:speed>
        </extensions>
      </trkpt>
      <trkpt lat="46.5161914" lon="9.4474925">
        <ele>1508.3</ele>
        <time>2026-09-15T15:35:52Z</time>
        <extensions>
          <gpxdata:distance>18079.75</gpxdata:distance>
          <gpxdata:speed>0.912</gpxdata:speed>
        </extensions>
      </trkpt>
      <trkpt lat="46.5161924" lon="9.4474015">
        <ele>1509.3</ele>
        <time>2026-09-15T15:36:00Z</time>
        <extensions>
          <gpxdata:distance>18086.72</gpxdata:distance>
          <gpxdata:speed>0.866</gpxdata:speed>
        </extensions>
      </trkpt>
      <trkpt lat="46.5162124" lon="9.4473235">
        <ele>1510.9</ele>
        <time>2026-09-15T15:36:08Z</time>
        <extensions>
          <gpxdata:distance>18093.08</gpxdata:distance>
          <gpxdata:speed>0.793</gpxdata:speed>
        </extensions>
      </trkpt>
      <trkpt lat="46.5162494" lon="9.4472205">
        <ele>1512.8</ele>
        <time>2026-09-15T15:36:20Z</time>
        <extensions>
          <gpxdata:distance>18101.98</gpxdata:distance>
          <gpxdata:speed>0.726</gpxdata:speed>
        </extensions>
      </trkpt>
      <trkpt lat="46.5163144" lon="9.4471185">
        <ele>1514.0</ele>
        <time>2026-09-15T15:36:36Z</time>
        <extensions>
          <gpxdata:distance>18112.61</gpxdata:distance>
          <gpxdata:speed>0.687</gpxdata:speed>
        </extensions>
      </trkpt>
      <trkpt lat="46.5162974" lon="9.4470665">
        <ele>1514.1</ele>
        <time>2026-09-15T15:36:42Z</time>
        <extensions>
          <gpxdata:distance>18117.02</gpxdata:distance>
          <gpxdata:speed>0.686</gpxdata:speed>
        </extensions>
      </trkpt>
      <trkpt lat="46.5162974" lon="9.4470665">
        <ele>1514.1</ele>
        <time>2026-09-15T15:36:42Z</time>
        <extensions>
          <gpxdata:distance>18117.02</gpxdata:distance>
          <gpxdata:speed>0.000</gpxdata:speed>
        </extensions>
      </trkpt>
      <trkpt lat="46.5163804" lon="9.4469905">
        <ele>1513.1</ele>
        <time>2026-09-15T15:36:58Z</time>
        <extensions>
          <gpxdata:distance>18127.93</gpxdata:distance>
          <gpxdata:speed>0.686</gpxdata:speed>
        </extensions>
      </trkpt>
      <trkpt lat="46.5164714" lon="9.4469035">
        <ele>1512.4</ele>
        <time>2026-09-15T15:37:14Z</time>
        <extensions>
          <gpxdata:distance>18140.04</gpxdata:distance>
          <gpxdata:speed>0.791</gpxdata:speed>
        </extensions>
      </trkpt>
      <trkpt lat="46.5165454" lon="9.4468015">
        <ele>1511.3</ele>
        <time>2026-09-15T15:37:26Z</time>
        <extensions>
          <gpxdata:distance>18151.38</gpxdata:distance>
          <gpxdata:speed>0.906</gpxdata:speed>
        </extensions>
      </trkpt>
      <trkpt lat="46.5166094" lon="9.4467255">
        <ele>1510.5</ele>
        <time>2026-09-15T15:37:36Z</time>
        <extensions>
          <gpxdata:distance>18160.57</gpxdata:distance>
          <gpxdata:speed>0.971</gpxdata:speed>
        </extensions>
      </trkpt>
      <trkpt lat="46.5166834" lon="9.4465984">
        <ele>1509.5</ele>
        <time>2026-09-15T15:37:48Z</time>
        <extensions>
          <gpxdata:distance>18173.31</gpxdata:distance>
          <gpxdata:speed>0.990</gpxdata:speed>
        </extensions>
      </trkpt>
      <trkpt lat="46.5166834" lon="9.4465984">
        <ele>1509.5</ele>
        <time>2026-09-15T15:37:48Z</time>
        <extensions>
          <gpxdata:distance>18173.31</gpxdata:distance>
          <gpxdata:speed>0.000</gpxdata:speed>
        </extensions>
      </trkpt>
      <trkpt lat="46.5168094" lon="9.4466024">
        <ele>1509.1</ele>
        <time>2026-09-15T15:38:03Z</time>
        <extensions>
          <gpxdata:distance>18187.32</gpxdata:distance>
          <gpxdata:speed>0.931</gpxdata:speed>
        </extensions>
      </trkpt>
      <trkpt lat="46.5168374" lon="9.4465904">
        <ele>1509.0</ele>
        <time>2026-09-15T15:38:07Z</time>
        <extensions>
          <gpxdata:distance>18190.57</gpxdata:distance>
          <gpxdata:speed>0.927</gpxdata:speed>
        </extensions>
      </trkpt>
      <trkpt lat="46.5168734" lon="9.4465924">
        <ele>1508.9</ele>
        <time>2026-09-15T15:38:11Z</time>
        <extensions>
          <gpxdata:distance>18194.58</gpxdata:distance>
          <gpxdata:speed>0.930</gpxdata:speed>
        </extensions>
      </trkpt>
      <trkpt lat="46.5169004" lon="9.4465674">
        <ele>1508.4</ele>
        <time>2026-09-15T15:38:15Z</time>
        <extensions>
          <gpxdata:distance>18198.14</gpxdata:distance>
          <gpxdata:speed>0.930</gpxdata:speed>
        </extensions>
      </trkpt>
      <trkpt lat="46.5169374" lon="9.4465164">
        <ele>1507.7</ele>
        <time>2026-09-15T15:38:21Z</time>
        <extensions>
          <gpxdata:distance>18203.81</gpxdata:distance>
          <gpxdata:speed>0.923</gpxdata:speed>
        </extensions>
      </trkpt>
      <trkpt lat="46.5169744" lon="9.4464524">
        <ele>1506.9</ele>
        <time>2026-09-15T15:38:28Z</time>
        <extensions>
          <gpxdata:distance>18210.20</gpxdata:distance>
          <gpxdata:speed>0.921</gpxdata:speed>
        </extensions>
      </trkpt>
      <trkpt lat="46.5170204" lon="9.4463764">
        <ele>1505.8</ele>
        <time>2026-09-15T15:38:37Z</time>
        <extensions>
          <gpxdata:distance>18217.95</gpxdata:distance>
          <gpxdata:speed>0.914</gpxdata:speed>
        </extensions>
      </trkpt>
      <trkpt lat="46.5171134" lon="9.4462494">
        <ele>1504.1</ele>
        <time>2026-09-15T15:38:52Z</time>
        <extensions>
          <gpxdata:distance>18232.14</gpxdata:distance>
          <gpxdata:speed>0.903</gpxdata:speed>
        </extensions>
      </trkpt>
      <trkpt lat="46.5173244" lon="9.4460094">
        <ele>1500.5</ele>
        <time>2026-09-15T15:39:26Z</time>
        <extensions>
          <gpxdata:distance>18261.93</gpxdata:distance>
          <gpxdata:speed>0.896</gpxdata:speed>
        </extensions>
      </trkpt>
      <trkpt lat="46.5173244" lon="9.4460094">
        <ele>1500.5</ele>
        <time>2026-09-15T15:39:26Z</time>
        <extensions>
          <gpxdata:distance>18261.93</gpxdata:distance>
          <gpxdata:speed>0.000</gpxdata:speed>
        </extensions>
      </trkpt>
      <trkpt lat="46.5174154" lon="9.4459344">
        <ele>1499.2</ele>
        <time>2026-09-15T15:39:38Z</time>
        <extensions>
          <gpxdata:distance>18273.56</gpxdata:distance>
          <gpxdata:speed>0.911</gpxdata:speed>
        </extensions>
      </trkpt>
      <trkpt lat="46.5174154" lon="9.4459344">
        <ele>1499.2</ele>
        <time>2026-09-15T15:39:38Z</time>
        <extensions>
          <gpxdata:distance>18273.56</gpxdata:distance>
          <gpxdata:speed>0.000</gpxdata:speed>
        </extensions>
      </trkpt>
      <trkpt lat="46.5174424" lon="9.4459224">
        <ele>1499.2</ele>
        <time>2026-09-15T15:39:42Z</time>
        <extensions>
          <gpxdata:distance>18276.70</gpxdata:distance>
          <gpxdata:speed>0.910</gpxdata:speed>
        </extensions>
      </trkpt>
      <trkpt lat="46.5174424" lon="9.4459224">
        <ele>1499.2</ele>
        <time>2026-09-15T15:39:42Z</time>
        <extensions>
          <gpxdata:distance>18276.70</gpxdata:distance>
          <gpxdata:speed>0.000</gpxdata:speed>
        </extensions>
      </trkpt>
      <trkpt lat="46.5174784" lon="9.4459104">
        <ele>1498.6</ele>
        <time>2026-09-15T15:39:46Z</time>
        <extensions>
          <gpxdata:distance>18280.81</gpxdata:distance>
          <gpxdata:speed>0.910</gpxdata:speed>
        </extensions>
      </trkpt>
      <trkpt lat="46.5175334" lon="9.4458994">
        <ele>1497.7</ele>
        <time>2026-09-15T15:39:53Z</time>
        <extensions>
          <gpxdata:distance>18286.98</gpxdata:distance>
          <gpxdata:speed>0.910</gpxdata:speed>
        </extensions>
      </trkpt>
      <trkpt lat="46.5176144" lon="9.4458894">
        <ele>1496.4</ele>
        <time>2026-09-15T15:40:03Z</time>
        <extensions>
          <gpxdata:distance>18296.02</gpxdata:distance>
          <gpxdata:speed>0.913</gpxdata:speed>
        </extensions>
      </trkpt>
      <trkpt lat="46.5176144" lon="9.4458894">
        <ele>1496.4</ele>
        <time>2026-09-15T15:40:03Z</time>
        <extensions>
          <gpxdata:distance>18296.02</gpxdata:distance>
          <gpxdata:speed>0.000</gpxdata:speed>
        </extensions>
      </trkpt>
      <trkpt lat="46.5176504" lon="9.4458904">
        <ele>1495.9</ele>
        <time>2026-09-15T15:40:07Z</time>
        <extensions>
          <gpxdata:distance>18300.03</gpxdata:distance>
          <gpxdata:speed>0.913</gpxdata:speed>
        </extensions>
      </trkpt>
      <trkpt lat="46.5176864" lon="9.4458794">
        <ele>1495.2</ele>
        <time>2026-09-15T15:40:12Z</time>
        <extensions>
          <gpxdata:distance>18304.12</gpxdata:distance>
          <gpxdata:speed>0.923</gpxdata:speed>
        </extensions>
      </trkpt>
      <trkpt lat="46.5177314" lon="9.4458674">
        <ele>1494.5</ele>
        <time>2026-09-15T15:40:17Z</time>
        <extensions>
          <gpxdata:distance>18309.21</gpxdata:distance>
          <gpxdata:speed>0.924</gpxdata:speed>
        </extensions>
      </trkpt>
      <trkpt lat="46.5177684" lon="9.4458434">
        <ele>1494.1</ele>
        <time>2026-09-15T15:40:22Z</time>
        <extensions>
          <gpxdata:distance>18313.71</gpxdata:distance>
          <gpxdata:speed>0.929</gpxdata:speed>
        </extensions>
      </trkpt>
      <trkpt lat="46.5177864" lon="9.4458174">
        <ele>1493.6</ele>
        <time>2026-09-15T15:40:25Z</time>
        <extensions>
          <gpxdata:distance>18316.53</gpxdata:distance>
          <gpxdata:speed>0.931</gpxdata:speed>
        </extensions>
      </trkpt>
      <trkpt lat="46.5178324" lon="9.4457544">
        <ele>1492.4</ele>
        <time>2026-09-15T15:40:33Z</time>
        <extensions>
          <gpxdata:distance>18323.56</gpxdata:distance>
          <gpxdata:speed>0.936</gpxdata:speed>
        </extensions>
      </trkpt>
      <trkpt lat="46.5179054" lon="9.4457044">
        <ele>1491.4</ele>
        <time>2026-09-15T15:40:42Z</time>
        <extensions>
          <gpxdata:distance>18332.54</gpxdata:distance>
          <gpxdata:speed>0.929</gpxdata:speed>
        </extensions>
      </trkpt>
      <trkpt lat="46.5179414" lon="9.4456804">
        <ele>1490.9</ele>
        <time>2026-09-15T15:40:47Z</time>
        <extensions>
          <gpxdata:distance>18336.94</gpxdata:distance>
          <gpxdata:speed>0.926</gpxdata:speed>
        </extensions>
      </trkpt>
      <trkpt lat="46.5179874" lon="9.4456424">
        <ele>1489.8</ele>
        <time>2026-09-15T15:40:54Z</time>
        <extensions>
          <gpxdata:distance>18342.82</gpxdata:distance>
          <gpxdata:speed>0.932</gpxdata:speed>
        </extensions>
      </trkpt>
      <trkpt lat="46.5180344" lon="9.4455404">
        <ele>1489.3</ele>
        <time>2026-09-15T15:41:04Z</time>
        <extensions>
          <gpxdata:distance>18352.22</gpxdata:distance>
          <gpxdata:speed>0.919</gpxdata:speed>
        </extensions>
      </trkpt>
      <trkpt lat="46.5180714" lon="9.4454894">
        <ele>1488.3</ele>
        <time>2026-09-15T15:41:10Z</time>
        <extensions>
          <gpxdata:distance>18357.89</gpxdata:distance>
          <gpxdata:speed>0.920</gpxdata:speed>
        </extensions>
      </trkpt>
      <trkpt lat="46.5181174" lon="9.4454394">
        <ele>1487.8</ele>
        <time>2026-09-15T15:41:17Z</time>
        <extensions>
          <gpxdata:distance>18364.27</gpxdata:distance>
          <gpxdata:speed>0.914</gpxdata:speed>
        </extensions>
      </trkpt>
      <trkpt lat="46.5181174" lon="9.4454394">
        <ele>1487.8</ele>
        <time>2026-09-15T15:41:17Z</time>
        <extensions>
          <gpxdata:distance>18364.27</gpxdata:distance>
          <gpxdata:speed>0.000</gpxdata:speed>
        </extensions>
      </trkpt>
      <trkpt lat="46.5182624" lon="9.4453403">
        <ele>1484.9</ele>
        <time>2026-09-15T15:41:36Z</time>
        <extensions>
          <gpxdata:distance>18382.09</gpxdata:distance>
          <gpxdata:speed>0.924</gpxdata:speed>
        </extensions>
      </trkpt>
      <trkpt lat="46.5182904" lon="9.4453023">
        <ele>1484.4</ele>
        <time>2026-09-15T15:41:41Z</time>
        <extensions>
          <gpxdata:distance>18386.35</gpxdata:distance>
          <gpxdata:speed>0.919</gpxdata:speed>
        </extensions>
      </trkpt>
      <trkpt lat="46.5183364" lon="9.4452253">
        <ele>1483.8</ele>
        <time>2026-09-15T15:41:49Z</time>
        <extensions>
          <gpxdata:distance>18394.15</gpxdata:distance>
          <gpxdata:speed>0.916</gpxdata:speed>
        </extensions>
      </trkpt>
      <trkpt lat="46.5183744" lon="9.4451223">
        <ele>1482.9</ele>
        <time>2026-09-15T15:41:59Z</time>
        <extensions>
          <gpxdata:distance>18403.10</gpxdata:distance>
          <gpxdata:speed>0.913</gpxdata:speed>
        </extensions>
      </trkpt>
      <trkpt lat="46.5184764" lon="9.4449563">
        <ele>1479.9</ele>
        <time>2026-09-15T15:42:18Z</time>
        <extensions>
          <gpxdata:distance>18420.12</gpxdata:distance>
          <gpxdata:speed>0.920</gpxdata:speed>
        </extensions>
      </trkpt>
      <trkpt lat="46.5185694" lon="9.4448043">
        <ele>1477.8</ele>
        <time>2026-09-15T15:42:34Z</time>
        <extensions>
          <gpxdata:distance>18435.69</gpxdata:distance>
          <gpxdata:speed>0.929</gpxdata:speed>
        </extensions>
      </trkpt>
      <trkpt lat="46.5186524" lon="9.4447023">
        <ele>1476.3</ele>
        <time>2026-09-15T15:42:47Z</time>
        <extensions>
          <gpxdata:distance>18447.77</gpxdata:distance>
          <gpxdata:speed>0.925</gpxdata:speed>
        </extensions>
      </trkpt>
      <trkpt lat="46.5187614" lon="9.4446023">
        <ele>1474.7</ele>
        <time>2026-09-15T15:43:03Z</time>
        <extensions>
          <gpxdata:distance>18462.11</gpxdata:distance>
          <gpxdata:speed>0.925</gpxdata:speed>
        </extensions>
      </trkpt>
      <trkpt lat="46.5188894" lon="9.4445033">
        <ele>1473.9</ele>
        <time>2026-09-15T15:43:21Z</time>
        <extensions>
          <gpxdata:distance>18478.23</gpxdata:distance>
          <gpxdata:speed>0.914</gpxdata:speed>
        </extensions>
      </trkpt>
      <trkpt lat="46.5189624" lon="9.4444403">
        <ele>1472.7</ele>
        <time>2026-09-15T15:43:31Z</time>
        <extensions>
          <gpxdata:distance>18487.67</gpxdata:distance>
          <gpxdata:speed>0.909</gpxdata:speed>
        </extensions>
      </trkpt>
      <trkpt lat="46.5189904" lon="9.4443893">
        <ele>1471.7</ele>
        <time>2026-09-15T15:43:36Z</time>
        <extensions>
          <gpxdata:distance>18492.66</gpxdata:distance>
          <gpxdata:speed>0.912</gpxdata:speed>
        </extensions>
      </trkpt>
      <trkpt lat="46.5190574" lon="9.4441833">
        <ele>1469.3</ele>
        <time>2026-09-15T15:43:55Z</time>
        <extensions>
          <gpxdata:distance>18510.10</gpxdata:distance>
          <gpxdata:speed>0.917</gpxdata:speed>
        </extensions>
      </trkpt>
      <trkpt lat="46.5190964" lon="9.4439893">
        <ele>1467.6</ele>
        <time>2026-09-15T15:44:12Z</time>
        <extensions>
          <gpxdata:distance>18525.56</gpxdata:distance>
          <gpxdata:speed>0.917</gpxdata:speed>
        </extensions>
      </trkpt>
      <trkpt lat="46.5191074" lon="9.4439113">
        <ele>1466.9</ele>
        <time>2026-09-15T15:44:19Z</time>
        <extensions>
          <gpxdata:distance>18531.65</gpxdata:distance>
          <gpxdata:speed>0.910</gpxdata:speed>
        </extensions>
      </trkpt>
      <trkpt lat="46.5191074" lon="9.4439113">
        <ele>1466.9</ele>
        <time>2026-09-15T15:44:19Z</time>
        <extensions>
          <gpxdata:distance>18531.65</gpxdata:distance>
          <gpxdata:speed>0.000</gpxdata:speed>
        </extensions>
      </trkpt>
      <trkpt lat="46.5191184" lon="9.4437943">
        <ele>1466.7</ele>
        <time>2026-09-15T15:44:29Z</time>
        <extensions>
          <gpxdata:distance>18540.69</gpxdata:distance>
          <gpxdata:speed>0.897</gpxdata:speed>
        </extensions>
      </trkpt>
      <trkpt lat="46.5191464" lon="9.4436913">
        <ele>1466.6</ele>
        <time>2026-09-15T15:44:38Z</time>
        <extensions>
          <gpxdata:distance>18549.16</gpxdata:distance>
          <gpxdata:speed>0.902</gpxdata:speed>
        </extensions>
      </trkpt>
      <trkpt lat="46.5191754" lon="9.4436013">
        <ele>1466.4</ele>
        <time>2026-09-15T15:44:47Z</time>
        <extensions>
          <gpxdata:distance>18556.77</gpxdata:distance>
          <gpxdata:speed>0.899</gpxdata:speed>
        </extensions>
      </trkpt>
      <trkpt lat="46.5192544" lon="9.4432123">
        <ele>1466.0</ele>
        <time>2026-09-15T15:45:20Z</time>
        <extensions>
          <gpxdata:distance>18587.80</gpxdata:distance>
          <gpxdata:speed>0.930</gpxdata:speed>
        </extensions>
      </trkpt>
      <trkpt lat="46.5193024" lon="9.4430063">
        <ele>1465.9</ele>
        <time>2026-09-15T15:45:38Z</time>
        <extensions>
          <gpxdata:distance>18604.44</gpxdata:distance>
          <gpxdata:speed>0.946</gpxdata:speed>
        </extensions>
      </trkpt>
      <trkpt lat="46.5193224" lon="9.4429283">
        <ele>1466.0</ele>
        <time>2026-09-15T15:45:44Z</time>
        <extensions>
          <gpxdata:distance>18610.81</gpxdata:distance>
          <gpxdata:speed>0.970</gpxdata:speed>
        </extensions>
      </trkpt>
      <trkpt lat="46.5193684" lon="9.4428523">
        <ele>1466.0</ele>
        <time>2026-09-15T15:45:52Z</time>
        <extensions>
          <gpxdata:distance>18618.55</gpxdata:distance>
          <gpxdata:speed>0.990</gpxdata:speed>
        </extensions>
      </trkpt>
      <trkpt lat="46.5193964" lon="9.4428143">
        <ele>1466.0</ele>
        <time>2026-09-15T15:45:57Z</time>
        <extensions>
          <gpxdata:distance>18622.81</gpxdata:distance>
          <gpxdata:speed>1.000</gpxdata:speed>
        </extensions>
      </trkpt>
      <trkpt lat="46.5193964" lon="9.4428143">
        <ele>1466.0</ele>
        <time>2026-09-15T15:45:57Z</time>
        <extensions>
          <gpxdata:distance>18622.81</gpxdata:distance>
          <gpxdata:speed>0.000</gpxdata:speed>
        </extensions>
      </trkpt>
      <trkpt lat="46.5194044" lon="9.4428533">
        <ele>1465.8</ele>
        <time>2026-09-15T15:46:00Z</time>
        <extensions>
          <gpxdata:distance>18625.93</gpxdata:distance>
          <gpxdata:speed>0.999</gpxdata:speed>
        </extensions>
      </trkpt>
      <trkpt lat="46.5194044" lon="9.4428533">
        <ele>1465.8</ele>
        <time>2026-09-15T15:46:00Z</time>
        <extensions>
          <gpxdata:distance>18625.93</gpxdata:distance>
          <gpxdata:speed>0.000</gpxdata:speed>
        </extensions>
      </trkpt>
      <trkpt lat="46.5196344" lon="9.4436053">
        <ele>1465.4</ele>
        <time>2026-09-15T15:47:02Z</time>
        <extensions>
          <gpxdata:distance>18688.90</gpxdata:distance>
          <gpxdata:speed>1.003</gpxdata:speed>
        </extensions>
      </trkpt>
      <trkpt lat="46.5196344" lon="9.4436053">
        <ele>1465.4</ele>
        <time>2026-09-15T15:47:02Z</time>
        <extensions>
          <gpxdata:distance>18688.90</gpxdata:distance>
          <gpxdata:speed>0.000</gpxdata:speed>
        </extensions>
      </trkpt>
      <trkpt lat="46.5196424" lon="9.4436573">
        <ele>1465.4</ele>
        <time>2026-09-15T15:47:06Z</time>
        <extensions>
          <gpxdata:distance>18692.97</gpxdata:distance>
          <gpxdata:speed>1.005</gpxdata:speed>
        </extensions>
      </trkpt>
      <trkpt lat="46.5196424" lon="9.4436573">
        <ele>1465.4</ele>
        <time>2026-09-15T15:47:06Z</time>
        <extensions>
          <gpxdata:distance>18692.97</gpxdata:distance>
          <gpxdata:speed>0.000</gpxdata:speed>
        </extensions>
      </trkpt>
      <trkpt lat="46.5196324" lon="9.4436963">
        <ele>1465.9</ele>
        <time>2026-09-15T15:47:10Z</time>
        <extensions>
          <gpxdata:distance>18696.16</gpxdata:distance>
          <gpxdata:speed>1.011</gpxdata:speed>
        </extensions>
      </trkpt>
      <trkpt lat="46.5196234" lon="9.4437353">
        <ele>1466.1</ele>
        <time>2026-09-15T15:47:13Z</time>
        <extensions>
          <gpxdata:distance>18699.30</gpxdata:distance>
          <gpxdata:speed>1.009</gpxdata:speed>
        </extensions>
      </trkpt>
      <trkpt lat="46.5196114" lon="9.4438773">
        <ele>1466.7</ele>
        <time>2026-09-15T15:47:24Z</time>
        <extensions>
          <gpxdata:distance>18710.25</gpxdata:distance>
          <gpxdata:speed>0.992</gpxdata:speed>
        </extensions>
      </trkpt>
      <trkpt lat="46.5196194" lon="9.4439433">
        <ele>1466.9</ele>
        <time>2026-09-15T15:47:29Z</time>
        <extensions>
          <gpxdata:distance>18715.38</gpxdata:distance>
          <gpxdata:speed>0.981</gpxdata:speed>
        </extensions>
      </trkpt>
      <trkpt lat="46.5196274" lon="9.4439823">
        <ele>1467.0</ele>
        <time>2026-09-15T15:47:32Z</time>
        <extensions>
          <gpxdata:distance>18718.49</gpxdata:distance>
          <gpxdata:speed>0.979</gpxdata:speed>
        </extensions>
      </trkpt>
      <trkpt lat="46.5196364" lon="9.4440093">
        <ele>1467.2</ele>
        <time>2026-09-15T15:47:35Z</time>
        <extensions>
          <gpxdata:distance>18720.79</gpxdata:distance>
          <gpxdata:speed>0.869</gpxdata:speed>
        </extensions>
      </trkpt>
      <trkpt lat="46.5196804" lon="9.4440363">
        <ele>1467.6</ele>
        <time>2026-09-15T15:47:41Z</time>
        <extensions>
          <gpxdata:distance>18726.10</gpxdata:distance>
          <gpxdata:speed>0.861</gpxdata:speed>
        </extensions>
      </trkpt>
      <trkpt lat="46.5197704" lon="9.4440402">
        <ele>1468.3</ele>
        <time>2026-09-15T15:47:53Z</time>
        <extensions>
          <gpxdata:distance>18736.11</gpxdata:distance>
          <gpxdata:speed>0.840</gpxdata:speed>
        </extensions>
      </trkpt>
      <trkpt lat="46.5198424" lon="9.4440292">
        <ele>1468.9</ele>
        <time>2026-09-15T15:48:03Z</time>
        <extensions>
          <gpxdata:distance>18744.16</gpxdata:distance>
          <gpxdata:speed>0.837</gpxdata:speed>
        </extensions>
      </trkpt>
      <trkpt lat="46.5199244" lon="9.4440062">
        <ele>1469.8</ele>
        <time>2026-09-15T15:48:14Z</time>
        <extensions>
          <gpxdata:distance>18753.45</gpxdata:distance>
          <gpxdata:speed>0.838</gpxdata:speed>
        </extensions>
      </trkpt>
      <trkpt lat="46.5200244" lon="9.4439452">
        <ele>1471.0</ele>
        <time>2026-09-15T15:48:28Z</time>
        <extensions>
          <gpxdata:distance>18765.51</gpxdata:distance>
          <gpxdata:speed>0.822</gpxdata:speed>
        </extensions>
      </trkpt>
      <trkpt lat="46.5201604" lon="9.4438722">
        <ele>1472.9</ele>
        <time>2026-09-15T15:48:49Z</time>
        <extensions>
          <gpxdata:distance>18781.63</gpxdata:distance>
          <gpxdata:speed>0.788</gpxdata:speed>
        </extensions>
      </trkpt>
      <trkpt lat="46.5202334" lon="9.4438352">
        <ele>1473.3</ele>
        <time>2026-09-15T15:49:00Z</time>
        <extensions>
          <gpxdata:distance>18790.22</gpxdata:distance>
          <gpxdata:speed>0.792</gpxdata:speed>
        </extensions>
      </trkpt>
      <trkpt lat="46.5202334" lon="9.4438352">
        <ele>1473.3</ele>
        <time>2026-09-15T15:49:00Z</time>
        <extensions>
          <gpxdata:distance>18790.22</gpxdata:distance>
          <gpxdata:speed>0.000</gpxdata:speed>
        </extensions>
      </trkpt>
      <trkpt lat="46.5202684" lon="9.4438632">
        <ele>1473.4</ele>
        <time>2026-09-15T15:49:05Z</time>
        <extensions>
          <gpxdata:distance>18794.67</gpxdata:distance>
          <gpxdata:speed>0.796</gpxdata:speed>
        </extensions>
      </trkpt>
      <trkpt lat="46.5203404" lon="9.4438652">
        <ele>1474.0</ele>
        <time>2026-09-15T15:49:15Z</time>
        <extensions>
          <gpxdata:distance>18802.67</gpxdata:distance>
          <gpxdata:speed>0.797</gpxdata:speed>
        </extensions>
      </trkpt>
      <trkpt lat="46.5204394" lon="9.4438692">
        <ele>1474.9</ele>
        <time>2026-09-15T15:49:29Z</time>
        <extensions>
          <gpxdata:distance>18813.69</gpxdata:distance>
          <gpxdata:speed>0.793</gpxdata:speed>
        </extensions>
      </trkpt>
      <trkpt lat="46.5204844" lon="9.4438712">
        <ele>1475.3</ele>
        <time>2026-09-15T15:49:35Z</time>
        <extensions>
          <gpxdata:distance>18818.69</gpxdata:distance>
          <gpxdata:speed>0.791</gpxdata:speed>
        </extensions>
      </trkpt>
      <trkpt lat="46.5204844" lon="9.4438712">
        <ele>1475.3</ele>
        <time>2026-09-15T15:49:35Z</time>
        <extensions>
          <gpxdata:distance>18818.69</gpxdata:distance>
          <gpxdata:speed>0.000</gpxdata:speed>
        </extensions>
      </trkpt>
      <trkpt lat="46.5205114" lon="9.4438462">
        <ele>1475.6</ele>
        <time>2026-09-15T15:49:40Z</time>
        <extensions>
          <gpxdata:distance>18822.25</gpxdata:distance>
          <gpxdata:speed>0.804</gpxdata:speed>
        </extensions>
      </trkpt>
      <trkpt lat="46.5205484" lon="9.4438082">
        <ele>1476.0</ele>
        <time>2026-09-15T15:49:46Z</time>
        <extensions>
          <gpxdata:distance>18827.29</gpxdata:distance>
          <gpxdata:speed>0.838</gpxdata:speed>
        </extensions>
      </trkpt>
      <trkpt lat="46.5205854" lon="9.4437442">
        <ele>1476.5</ele>
        <time>2026-09-15T15:49:54Z</time>
        <extensions>
          <gpxdata:distance>18833.69</gpxdata:distance>
          <gpxdata:speed>0.823</gpxdata:speed>
        </extensions>
      </trkpt>
      <trkpt lat="46.5206044" lon="9.4436802">
        <ele>1476.8</ele>
        <time>2026-09-15T15:50:00Z</time>
        <extensions>
          <gpxdata:distance>18839.02</gpxdata:distance>
          <gpxdata:speed>0.828</gpxdata:speed>
        </extensions>
      </trkpt>
      <trkpt lat="46.5206234" lon="9.4436152">
        <ele>1477.2</ele>
        <time>2026-09-15T15:50:07Z</time>
        <extensions>
          <gpxdata:distance>18844.42</gpxdata:distance>
          <gpxdata:speed>0.816</gpxdata:speed>
        </extensions>
      </trkpt>
      <trkpt lat="46.5206544" lon="9.4433952">
        <ele>1478.5</ele>
        <time>2026-09-15T15:50:28Z</time>
        <extensions>
          <gpxdata:distance>18861.60</gpxdata:distance>
          <gpxdata:speed>0.816</gpxdata:speed>
        </extensions>
      </trkpt>
      <trkpt lat="46.5206944" lon="9.4431882">
        <ele>1479.5</ele>
        <time>2026-09-15T15:50:48Z</time>
        <extensions>
          <gpxdata:distance>18878.06</gpxdata:distance>
          <gpxdata:speed>0.829</gpxdata:speed>
        </extensions>
      </trkpt>
      <trkpt lat="46.5207224" lon="9.4431102">
        <ele>1479.7</ele>
        <time>2026-09-15T15:50:56Z</time>
        <extensions>
          <gpxdata:distance>18884.79</gpxdata:distance>
          <gpxdata:speed>0.842</gpxdata:speed>
        </extensions>
      </trkpt>
      <trkpt lat="46.5207594" lon="9.4430472">
        <ele>1479.9</ele>
        <time>2026-09-15T15:51:03Z</time>
        <extensions>
          <gpxdata:distance>18891.12</gpxdata:distance>
          <gpxdata:speed>0.850</gpxdata:speed>
        </extensions>
      </trkpt>
      <trkpt lat="46.5207964" lon="9.4429962">
        <ele>1479.9</ele>
        <time>2026-09-15T15:51:10Z</time>
        <extensions>
          <gpxdata:distance>18896.79</gpxdata:distance>
          <gpxdata:speed>0.865</gpxdata:speed>
        </extensions>
      </trkpt>
      <trkpt lat="46.5208334" lon="9.4429842">
        <ele>1479.9</ele>
        <time>2026-09-15T15:51:14Z</time>
        <extensions>
          <gpxdata:distance>18901.01</gpxdata:distance>
          <gpxdata:speed>0.878</gpxdata:speed>
        </extensions>
      </trkpt>
      <trkpt lat="46.5208694" lon="9.4429722">
        <ele>1479.8</ele>
        <time>2026-09-15T15:51:19Z</time>
        <extensions>
          <gpxdata:distance>18905.12</gpxdata:distance>
          <gpxdata:speed>0.895</gpxdata:speed>
        </extensions>
      </trkpt>
      <trkpt lat="46.5209324" lon="9.4429622">
        <ele>1479.7</ele>
        <time>2026-09-15T15:51:27Z</time>
        <extensions>
          <gpxdata:distance>18912.16</gpxdata:distance>
          <gpxdata:speed>0.912</gpxdata:speed>
        </extensions>
      </trkpt>
      <trkpt lat="46.5209324" lon="9.4429622">
        <ele>1479.7</ele>
        <time>2026-09-15T15:51:27Z</time>
        <extensions>
          <gpxdata:distance>18912.16</gpxdata:distance>
          <gpxdata:speed>0.000</gpxdata:speed>
        </extensions>
      </trkpt>
      <trkpt lat="46.5208694" lon="9.4429722">
        <ele>1479.8</ele>
        <time>2026-09-15T15:51:34Z</time>
        <extensions>
          <gpxdata:distance>18919.21</gpxdata:distance>
          <gpxdata:speed>0.955</gpxdata:speed>
        </extensions>
      </trkpt>
      <trkpt lat="46.5208334" lon="9.4429842">
        <ele>1479.9</ele>
        <time>2026-09-15T15:51:38Z</time>
        <extensions>
          <gpxdata:distance>18923.32</gpxdata:distance>
          <gpxdata:speed>0.990</gpxdata:speed>
        </extensions>
      </trkpt>
      <trkpt lat="46.5207964" lon="9.4429962">
        <ele>1479.9</ele>
        <time>2026-09-15T15:51:42Z</time>
        <extensions>
          <gpxdata:distance>18927.53</gpxdata:distance>
          <gpxdata:speed>1.001</gpxdata:speed>
        </extensions>
      </trkpt>
      <trkpt lat="46.5207594" lon="9.4430472">
        <ele>1479.9</ele>
        <time>2026-09-15T15:51:48Z</time>
        <extensions>
          <gpxdata:distance>18933.20</gpxdata:distance>
          <gpxdata:speed>1.012</gpxdata:speed>
        </extensions>
      </trkpt>
      <trkpt lat="46.5207224" lon="9.4431102">
        <ele>1479.7</ele>
        <time>2026-09-15T15:51:54Z</time>
        <extensions>
          <gpxdata:distance>18939.54</gpxdata:distance>
          <gpxdata:speed>1.006</gpxdata:speed>
        </extensions>
      </trkpt>
      <trkpt lat="46.5206944" lon="9.4431882">
        <ele>1479.5</ele>
        <time>2026-09-15T15:52:01Z</time>
        <extensions>
          <gpxdata:distance>18946.27</gpxdata:distance>
          <gpxdata:speed>1.001</gpxdata:speed>
        </extensions>
      </trkpt>
      <trkpt lat="46.5206544" lon="9.4433952">
        <ele>1478.5</ele>
        <time>2026-09-15T15:52:18Z</time>
        <extensions>
          <gpxdata:distance>18962.72</gpxdata:distance>
          <gpxdata:speed>0.983</gpxdata:speed>
        </extensions>
      </trkpt>
      <trkpt lat="46.5206234" lon="9.4436152">
        <ele>1477.2</ele>
        <time>2026-09-15T15:52:36Z</time>
        <extensions>
          <gpxdata:distance>18979.90</gpxdata:distance>
          <gpxdata:speed>0.965</gpxdata:speed>
        </extensions>
      </trkpt>
      <trkpt lat="46.5206044" lon="9.4436802">
        <ele>1476.8</ele>
        <time>2026-09-15T15:52:41Z</time>
        <extensions>
          <gpxdata:distance>18985.31</gpxdata:distance>
          <gpxdata:speed>0.961</gpxdata:speed>
        </extensions>
      </trkpt>
      <trkpt lat="46.5205854" lon="9.4437442">
        <ele>1476.5</ele>
        <time>2026-09-15T15:52:47Z</time>
        <extensions>
          <gpxdata:distance>18990.64</gpxdata:distance>
          <gpxdata:speed>0.953</gpxdata:speed>
        </extensions>
      </trkpt>
      <trkpt lat="46.5205484" lon="9.4438082">
        <ele>1476.0</ele>
        <time>2026-09-15T15:52:54Z</time>
        <extensions>
          <gpxdata:distance>18997.04</gpxdata:distance>
          <gpxdata:speed>0.945</gpxdata:speed>
        </extensions>
      </trkpt>
      <trkpt lat="46.5205114" lon="9.4438462">
        <ele>1475.6</ele>
        <time>2026-09-15T15:52:59Z</time>
        <extensions>
          <gpxdata:distance>19002.07</gpxdata:distance>
          <gpxdata:speed>0.940</gpxdata:speed>
        </extensions>
      </trkpt>
      <trkpt lat="46.5204844" lon="9.4438712">
        <ele>1475.3</ele>
        <time>2026-09-15T15:53:03Z</time>
        <extensions>
          <gpxdata:distance>19005.63</gpxdata:distance>
          <gpxdata:speed>0.934</gpxdata:speed>
        </extensions>
      </trkpt>
      <trkpt lat="46.5204844" lon="9.4438712">
        <ele>1475.3</ele>
        <time>2026-09-15T15:53:03Z</time>
        <extensions>
          <gpxdata:distance>19005.63</gpxdata:distance>
          <gpxdata:speed>0.000</gpxdata:speed>
        </extensions>
      </trkpt>
      <trkpt lat="46.5204394" lon="9.4438692">
        <ele>1474.9</ele>
        <time>2026-09-15T15:53:08Z</time>
        <extensions>
          <gpxdata:distance>19010.64</gpxdata:distance>
          <gpxdata:speed>0.925</gpxdata:speed>
        </extensions>
      </trkpt>
      <trkpt lat="46.5203404" lon="9.4438652">
        <ele>1474.0</ele>
        <time>2026-09-15T15:53:20Z</time>
        <extensions>
          <gpxdata:distance>19021.65</gpxdata:distance>
          <gpxdata:speed>0.920</gpxdata:speed>
        </extensions>
      </trkpt>
      <trkpt lat="46.5202684" lon="9.4438632">
        <ele>1473.4</ele>
        <time>2026-09-15T15:53:29Z</time>
        <extensions>
          <gpxdata:distance>19029.66</gpxdata:distance>
          <gpxdata:speed>0.920</gpxdata:speed>
        </extensions>
      </trkpt>
      <trkpt lat="46.5202334" lon="9.4438352">
        <ele>1473.3</ele>
        <time>2026-09-15T15:53:34Z</time>
        <extensions>
          <gpxdata:distance>19034.10</gpxdata:distance>
          <gpxdata:speed>0.925</gpxdata:speed>
        </extensions>
      </trkpt>
      <trkpt lat="46.5202334" lon="9.4438352">
        <ele>1473.3</ele>
        <time>2026-09-15T15:53:34Z</time>
        <extensions>
          <gpxdata:distance>19034.10</gpxdata:distance>
          <gpxdata:speed>0.000</gpxdata:speed>
        </extensions>
      </trkpt>
      <trkpt lat="46.5201604" lon="9.4438722">
        <ele>1472.9</ele>
        <time>2026-09-15T15:53:43Z</time>
        <extensions>
          <gpxdata:distance>19042.70</gpxdata:distance>
          <gpxdata:speed>0.929</gpxdata:speed>
        </extensions>
      </trkpt>
      <trkpt lat="46.5200244" lon="9.4439452">
        <ele>1471.0</ele>
        <time>2026-09-15T15:54:01Z</time>
        <extensions>
          <gpxdata:distance>19058.82</gpxdata:distance>
          <gpxdata:speed>0.915</gpxdata:speed>
        </extensions>
      </trkpt>
      <trkpt lat="46.5199244" lon="9.4440062">
        <ele>1469.8</ele>
        <time>2026-09-15T15:54:14Z</time>
        <extensions>
          <gpxdata:distance>19070.88</gpxdata:distance>
          <gpxdata:speed>0.911</gpxdata:speed>
        </extensions>
      </trkpt>
      <trkpt lat="46.5198424" lon="9.4440292">
        <ele>1468.9</ele>
        <time>2026-09-15T15:54:24Z</time>
        <extensions>
          <gpxdata:distance>19080.17</gpxdata:distance>
          <gpxdata:speed>0.910</gpxdata:speed>
        </extensions>
      </trkpt>
      <trkpt lat="46.5197704" lon="9.4440402">
        <ele>1468.3</ele>
        <time>2026-09-15T15:54:33Z</time>
        <extensions>
          <gpxdata:distance>19088.22</gpxdata:distance>
          <gpxdata:speed>0.910</gpxdata:speed>
        </extensions>
      </trkpt>
      <trkpt lat="46.5196804" lon="9.4440363">
        <ele>1467.6</ele>
        <time>2026-09-15T15:54:44Z</time>
        <extensions>
          <gpxdata:distance>19098.23</gpxdata:distance>
          <gpxdata:speed>0.912</gpxdata:speed>
        </extensions>
      </trkpt>
      <trkpt lat="46.5196364" lon="9.4440093">
        <ele>1467.2</ele>
        <time>2026-09-15T15:54:50Z</time>
        <extensions>
          <gpxdata:distance>19103.54</gpxdata:distance>
          <gpxdata:speed>0.912</gpxdata:speed>
        </extensions>
      </trkpt>
      <trkpt lat="46.5196274" lon="9.4439823">
        <ele>1467.0</ele>
        <time>2026-09-15T15:54:52Z</time>
        <extensions>
          <gpxdata:distance>19105.84</gpxdata:distance>
          <gpxdata:speed>0.907</gpxdata:speed>
        </extensions>
      </trkpt>
      <trkpt lat="46.5196194" lon="9.4439433">
        <ele>1466.9</ele>
        <time>2026-09-15T15:54:56Z</time>
        <extensions>
          <gpxdata:distance>19108.95</gpxdata:distance>
          <gpxdata:speed>0.910</gpxdata:speed>
        </extensions>
      </trkpt>
      <trkpt lat="46.5196114" lon="9.4438773">
        <ele>1466.7</ele>
        <time>2026-09-15T15:55:01Z</time>
        <extensions>
          <gpxdata:distance>19114.08</gpxdata:distance>
          <gpxdata:speed>0.908</gpxdata:speed>
        </extensions>
      </trkpt>
      <trkpt lat="46.5196234" lon="9.4437353">
        <ele>1466.1</ele>
        <time>2026-09-15T15:55:13Z</time>
        <extensions>
          <gpxdata:distance>19125.02</gpxdata:distance>
          <gpxdata:speed>0.922</gpxdata:speed>
        </extensions>
      </trkpt>
      <trkpt lat="46.5196324" lon="9.4436963">
        <ele>1465.9</ele>
        <time>2026-09-15T15:55:16Z</time>
        <extensions>
          <gpxdata:distance>19128.17</gpxdata:distance>
          <gpxdata:speed>0.929</gpxdata:speed>
        </extensions>
      </trkpt>
      <trkpt lat="46.5196424" lon="9.4436573">
        <ele>1465.4</ele>
        <time>2026-09-15T15:55:20Z</time>
        <extensions>
          <gpxdata:distance>19131.36</gpxdata:distance>
          <gpxdata:speed>0.928</gpxdata:speed>
        </extensions>
      </trkpt>
      <trkpt lat="46.5196424" lon="9.4436573">
        <ele>1465.4</ele>
        <time>2026-09-15T15:55:20Z</time>
        <extensions>
          <gpxdata:distance>19131.36</gpxdata:distance>
          <gpxdata:speed>0.000</gpxdata:speed>
        </extensions>
      </trkpt>
      <trkpt lat="46.5196344" lon="9.4436053">
        <ele>1465.4</ele>
        <time>2026-09-15T15:55:24Z</time>
        <extensions>
          <gpxdata:distance>19135.43</gpxdata:distance>
          <gpxdata:speed>0.938</gpxdata:speed>
        </extensions>
      </trkpt>
      <trkpt lat="46.5196344" lon="9.4436053">
        <ele>1465.4</ele>
        <time>2026-09-15T15:55:24Z</time>
        <extensions>
          <gpxdata:distance>19135.43</gpxdata:distance>
          <gpxdata:speed>0.000</gpxdata:speed>
        </extensions>
      </trkpt>
      <trkpt lat="46.5194044" lon="9.4428533">
        <ele>1465.8</ele>
        <time>2026-09-15T15:56:28Z</time>
        <extensions>
          <gpxdata:distance>19198.40</gpxdata:distance>
          <gpxdata:speed>0.996</gpxdata:speed>
        </extensions>
      </trkpt>
      <trkpt lat="46.5194044" lon="9.4428533">
        <ele>1465.8</ele>
        <time>2026-09-15T15:56:28Z</time>
        <extensions>
          <gpxdata:distance>19198.40</gpxdata:distance>
          <gpxdata:speed>0.000</gpxdata:speed>
        </extensions>
      </trkpt>
      <trkpt lat="46.5193964" lon="9.4428143">
        <ele>1466.0</ele>
        <time>2026-09-15T15:56:31Z</time>
        <extensions>
          <gpxdata:distance>19201.51</gpxdata:distance>
          <gpxdata:speed>1.002</gpxdata:speed>
        </extensions>
      </trkpt>
      <trkpt lat="46.5193964" lon="9.4428143">
        <ele>1466.0</ele>
        <time>2026-09-15T15:56:31Z</time>
        <extensions>
          <gpxdata:distance>19201.51</gpxdata:distance>
          <gpxdata:speed>0.000</gpxdata:speed>
        </extensions>
      </trkpt>
      <trkpt lat="46.5193884" lon="9.4427483">
        <ele>1466.1</ele>
        <time>2026-09-15T15:56:36Z</time>
        <extensions>
          <gpxdata:distance>19206.64</gpxdata:distance>
          <gpxdata:speed>1.006</gpxdata:speed>
        </extensions>
      </trkpt>
      <trkpt lat="46.5193814" lon="9.4426183">
        <ele>1466.2</ele>
        <time>2026-09-15T15:56:46Z</time>
        <extensions>
          <gpxdata:distance>19216.62</gpxdata:distance>
          <gpxdata:speed>0.989</gpxdata:speed>
        </extensions>
      </trkpt>
      <trkpt lat="46.5193344" lon="9.4422513">
        <ele>1466.3</ele>
        <time>2026-09-15T15:57:15Z</time>
        <extensions>
          <gpxdata:distance>19245.18</gpxdata:distance>
          <gpxdata:speed>0.992</gpxdata:speed>
        </extensions>
      </trkpt>
      <trkpt lat="46.5193174" lon="9.4421593">
        <ele>1466.1</ele>
        <time>2026-09-15T15:57:22Z</time>
        <extensions>
          <gpxdata:distance>19252.47</gpxdata:distance>
          <gpxdata:speed>0.997</gpxdata:speed>
        </extensions>
      </trkpt>
      <trkpt lat="46.5193174" lon="9.4421593">
        <ele>1466.1</ele>
        <time>2026-09-15T15:57:22Z</time>
        <extensions>
          <gpxdata:distance>19252.47</gpxdata:distance>
          <gpxdata:speed>0.000</gpxdata:speed>
        </extensions>
      </trkpt>
      <trkpt lat="46.5192684" lon="9.4418703">
        <ele>1465.8</ele>
        <time>2026-09-15T15:57:44Z</time>
        <extensions>
          <gpxdata:distance>19275.24</gpxdata:distance>
          <gpxdata:speed>1.012</gpxdata:speed>
        </extensions>
      </trkpt>
      <trkpt lat="46.5192704" lon="9.4418053">
        <ele>1465.8</ele>
        <time>2026-09-15T15:57:49Z</time>
        <extensions>
          <gpxdata:distance>19280.22</gpxdata:distance>
          <gpxdata:speed>1.012</gpxdata:speed>
        </extensions>
      </trkpt>
      <trkpt lat="46.5192714" lon="9.4417403">
        <ele>1466.2</ele>
        <time>2026-09-15T15:57:54Z</time>
        <extensions>
          <gpxdata:distance>19285.20</gpxdata:distance>
          <gpxdata:speed>1.006</gpxdata:speed>
        </extensions>
      </trkpt>
      <trkpt lat="46.5192714" lon="9.4417403">
        <ele>1466.2</ele>
        <time>2026-09-15T15:57:54Z</time>
        <extensions>
          <gpxdata:distance>19285.20</gpxdata:distance>
          <gpxdata:speed>0.000</gpxdata:speed>
        </extensions>
      </trkpt>
      <trkpt lat="46.5193174" lon="9.4416773">
        <ele>1466.6</ele>
        <time>2026-09-15T15:58:01Z</time>
        <extensions>
          <gpxdata:distance>19292.22</gpxdata:distance>
          <gpxdata:speed>0.998</gpxdata:speed>
        </extensions>
      </trkpt>
      <trkpt lat="46.5194674" lon="9.4413172">
        <ele>1465.6</ele>
        <time>2026-09-15T15:58:33Z</time>
        <extensions>
          <gpxdata:distance>19324.43</gpxdata:distance>
          <gpxdata:speed>1.005</gpxdata:speed>
        </extensions>
      </trkpt>
      <trkpt lat="46.5195604" lon="9.4411382">
        <ele>1464.7</ele>
        <time>2026-09-15T15:58:51Z</time>
        <extensions>
          <gpxdata:distance>19341.59</gpxdata:distance>
          <gpxdata:speed>0.991</gpxdata:speed>
        </extensions>
      </trkpt>
      <trkpt lat="46.5196254" lon="9.4410622">
        <ele>1464.3</ele>
        <time>2026-09-15T15:59:00Z</time>
        <extensions>
          <gpxdata:distance>19350.87</gpxdata:distance>
          <gpxdata:speed>0.989</gpxdata:speed>
        </extensions>
      </trkpt>
      <trkpt lat="46.5197444" lon="9.4409102">
        <ele>1464.0</ele>
        <time>2026-09-15T15:59:18Z</time>
        <extensions>
          <gpxdata:distance>19368.49</gpxdata:distance>
          <gpxdata:speed>0.989</gpxdata:speed>
        </extensions>
      </trkpt>
      <trkpt lat="46.5199374" lon="9.4406962">
        <ele>1463.8</ele>
        <time>2026-09-15T15:59:45Z</time>
        <extensions>
          <gpxdata:distance>19395.48</gpxdata:distance>
          <gpxdata:speed>0.991</gpxdata:speed>
        </extensions>
      </trkpt>
      <trkpt lat="46.5199934" lon="9.4405942">
        <ele>1463.8</ele>
        <time>2026-09-15T15:59:55Z</time>
        <extensions>
          <gpxdata:distance>19405.47</gpxdata:distance>
          <gpxdata:speed>0.992</gpxdata:speed>
        </extensions>
      </trkpt>
      <trkpt lat="46.5200404" lon="9.4404912">
        <ele>1463.8</ele>
        <time>2026-09-15T16:00:05Z</time>
        <extensions>
          <gpxdata:distance>19414.92</gpxdata:distance>
          <gpxdata:speed>0.989</gpxdata:speed>
        </extensions>
      </trkpt>
      <trkpt lat="46.5200894" lon="9.4402712">
        <ele>1464.1</ele>
        <time>2026-09-15T16:00:23Z</time>
        <extensions>
          <gpxdata:distance>19432.61</gpxdata:distance>
          <gpxdata:speed>0.994</gpxdata:speed>
        </extensions>
      </trkpt>
      <trkpt lat="46.5201174" lon="9.4402072">
        <ele>1464.3</ele>
        <time>2026-09-15T16:00:28Z</time>
        <extensions>
          <gpxdata:distance>19438.42</gpxdata:distance>
          <gpxdata:speed>0.992</gpxdata:speed>
        </extensions>
      </trkpt>
      <trkpt lat="46.5201544" lon="9.4401432">
        <ele>1464.3</ele>
        <time>2026-09-15T16:00:35Z</time>
        <extensions>
          <gpxdata:distance>19444.81</gpxdata:distance>
          <gpxdata:speed>0.999</gpxdata:speed>
        </extensions>
      </trkpt>
      <trkpt lat="46.5204104" lon="9.4399182">
        <ele>1464.6</ele>
        <time>2026-09-15T16:01:08Z</time>
        <extensions>
          <gpxdata:distance>19478.08</gpxdata:distance>
          <gpxdata:speed>1.011</gpxdata:speed>
        </extensions>
      </trkpt>
      <trkpt lat="46.5205574" lon="9.4397542">
        <ele>1464.7</ele>
        <time>2026-09-15T16:01:28Z</time>
        <extensions>
          <gpxdata:distance>19498.69</gpxdata:distance>
          <gpxdata:speed>1.006</gpxdata:speed>
        </extensions>
      </trkpt>
      <trkpt lat="46.5207034" lon="9.4396032">
        <ele>1465.1</ele>
        <time>2026-09-15T16:01:48Z</time>
        <extensions>
          <gpxdata:distance>19518.61</gpxdata:distance>
          <gpxdata:speed>0.994</gpxdata:speed>
        </extensions>
      </trkpt>
      <trkpt lat="46.5208404" lon="9.4394911">
        <ele>1466.0</ele>
        <time>2026-09-15T16:02:06Z</time>
        <extensions>
          <gpxdata:distance>19536.09</gpxdata:distance>
          <gpxdata:speed>0.973</gpxdata:speed>
        </extensions>
      </trkpt>
      <trkpt lat="46.5209954" lon="9.4393791">
        <ele>1467.1</ele>
        <time>2026-09-15T16:02:26Z</time>
        <extensions>
          <gpxdata:distance>19555.34</gpxdata:distance>
          <gpxdata:speed>0.956</gpxdata:speed>
        </extensions>
      </trkpt>
      <trkpt lat="46.5210594" lon="9.4393551">
        <ele>1467.3</ele>
        <time>2026-09-15T16:02:34Z</time>
        <extensions>
          <gpxdata:distance>19562.69</gpxdata:distance>
          <gpxdata:speed>0.952</gpxdata:speed>
        </extensions>
      </trkpt>
      <trkpt lat="46.5211134" lon="9.4393311">
        <ele>1467.6</ele>
        <time>2026-09-15T16:02:41Z</time>
        <extensions>
          <gpxdata:distance>19568.97</gpxdata:distance>
          <gpxdata:speed>0.947</gpxdata:speed>
        </extensions>
      </trkpt>
      <trkpt lat="46.5211944" lon="9.4393341">
        <ele>1468.0</ele>
        <time>2026-09-15T16:02:50Z</time>
        <extensions>
          <gpxdata:distance>19577.98</gpxdata:distance>
          <gpxdata:speed>0.945</gpxdata:speed>
        </extensions>
      </trkpt>
      <trkpt lat="46.5213114" lon="9.4393261">
        <ele>1468.6</ele>
        <time>2026-09-15T16:03:04Z</time>
        <extensions>
          <gpxdata:distance>19591.00</gpxdata:distance>
          <gpxdata:speed>0.938</gpxdata:speed>
        </extensions>
      </trkpt>
      <trkpt lat="46.5213744" lon="9.4393021">
        <ele>1468.8</ele>
        <time>2026-09-15T16:03:12Z</time>
        <extensions>
          <gpxdata:distance>19598.25</gpxdata:distance>
          <gpxdata:speed>0.924</gpxdata:speed>
        </extensions>
      </trkpt>
      <trkpt lat="46.5215294" lon="9.4392291">
        <ele>1469.3</ele>
        <time>2026-09-15T16:03:32Z</time>
        <extensions>
          <gpxdata:distance>19616.36</gpxdata:distance>
          <gpxdata:speed>0.913</gpxdata:speed>
        </extensions>
      </trkpt>
      <trkpt lat="46.5216014" lon="9.4392061">
        <ele>1469.8</ele>
        <time>2026-09-15T16:03:41Z</time>
        <extensions>
          <gpxdata:distance>19624.56</gpxdata:distance>
          <gpxdata:speed>0.900</gpxdata:speed>
        </extensions>
      </trkpt>
      <trkpt lat="46.5216644" lon="9.4391951">
        <ele>1470.0</ele>
        <time>2026-09-15T16:03:49Z</time>
        <extensions>
          <gpxdata:distance>19631.62</gpxdata:distance>
          <gpxdata:speed>0.906</gpxdata:speed>
        </extensions>
      </trkpt>
      <trkpt lat="46.5218984" lon="9.4392041">
        <ele>1470.6</ele>
        <time>2026-09-15T16:04:17Z</time>
        <extensions>
          <gpxdata:distance>19657.65</gpxdata:distance>
          <gpxdata:speed>0.926</gpxdata:speed>
        </extensions>
      </trkpt>
      <trkpt lat="46.5219344" lon="9.4391791">
        <ele>1470.6</ele>
        <time>2026-09-15T16:04:22Z</time>
        <extensions>
          <gpxdata:distance>19662.08</gpxdata:distance>
          <gpxdata:speed>0.928</gpxdata:speed>
        </extensions>
      </trkpt>
      <trkpt lat="46.5219804" lon="9.4391421">
        <ele>1470.6</ele>
        <time>2026-09-15T16:04:28Z</time>
        <extensions>
          <gpxdata:distance>19667.93</gpxdata:distance>
          <gpxdata:speed>0.935</gpxdata:speed>
        </extensions>
      </trkpt>
      <trkpt lat="46.5220804" lon="9.4390801">
        <ele>1470.9</ele>
        <time>2026-09-15T16:04:41Z</time>
        <extensions>
          <gpxdata:distance>19680.02</gpxdata:distance>
          <gpxdata:speed>0.940</gpxdata:speed>
        </extensions>
      </trkpt>
      <trkpt lat="46.5221434" lon="9.4390831">
        <ele>1471.0</ele>
        <time>2026-09-15T16:04:48Z</time>
        <extensions>
          <gpxdata:distance>19687.03</gpxdata:distance>
          <gpxdata:speed>0.949</gpxdata:speed>
        </extensions>
      </trkpt>
      <trkpt lat="46.5223233" lon="9.4390630">
        <ele>1471.7</ele>
        <time>2026-09-15T16:05:09Z</time>
        <extensions>
          <gpxdata:distance>19707.09</gpxdata:distance>
          <gpxdata:speed>0.945</gpxdata:speed>
        </extensions>
      </trkpt>
      <trkpt lat="46.5224043" lon="9.4390790">
        <ele>1471.9</ele>
        <time>2026-09-15T16:05:19Z</time>
        <extensions>
          <gpxdata:distance>19716.18</gpxdata:distance>
          <gpxdata:speed>0.946</gpxdata:speed>
        </extensions>
      </trkpt>
      <trkpt lat="46.5224943" lon="9.4391090">
        <ele>1472.3</ele>
        <time>2026-09-15T16:05:30Z</time>
        <extensions>
          <gpxdata:distance>19726.45</gpxdata:distance>
          <gpxdata:speed>0.950</gpxdata:speed>
        </extensions>
      </trkpt>
      <trkpt lat="46.5226193" lon="9.4391520">
        <ele>1472.9</ele>
        <time>2026-09-15T16:05:45Z</time>
        <extensions>
          <gpxdata:distance>19740.73</gpxdata:distance>
          <gpxdata:speed>0.945</gpxdata:speed>
        </extensions>
      </trkpt>
      <trkpt lat="46.5226823" lon="9.4391680">
        <ele>1473.2</ele>
        <time>2026-09-15T16:05:52Z</time>
        <extensions>
          <gpxdata:distance>19747.84</gpxdata:distance>
          <gpxdata:speed>0.939</gpxdata:speed>
        </extensions>
      </trkpt>
      <trkpt lat="46.5227093" lon="9.4391690">
        <ele>1473.3</ele>
        <time>2026-09-15T16:05:56Z</time>
        <extensions>
          <gpxdata:distance>19750.84</gpxdata:distance>
          <gpxdata:speed>0.935</gpxdata:speed>
        </extensions>
      </trkpt>
      <trkpt lat="46.5227903" lon="9.4391590">
        <ele>1473.3</ele>
        <time>2026-09-15T16:06:05Z</time>
        <extensions>
          <gpxdata:distance>19759.88</gpxdata:distance>
          <gpxdata:speed>0.938</gpxdata:speed>
        </extensions>
      </trkpt>
      <trkpt lat="46.5228993" lon="9.4391110">
        <ele>1473.0</ele>
        <time>2026-09-15T16:06:18Z</time>
        <extensions>
          <gpxdata:distance>19772.55</gpxdata:distance>
          <gpxdata:speed>0.955</gpxdata:speed>
        </extensions>
      </trkpt>
      <trkpt lat="46.5229263" lon="9.4390990">
        <ele>1472.8</ele>
        <time>2026-09-15T16:06:22Z</time>
        <extensions>
          <gpxdata:distance>19775.69</gpxdata:distance>
          <gpxdata:speed>0.961</gpxdata:speed>
        </extensions>
      </trkpt>
      <trkpt lat="46.5229723" lon="9.4390480">
        <ele>1472.6</ele>
        <time>2026-09-15T16:06:28Z</time>
        <extensions>
          <gpxdata:distance>19782.12</gpxdata:distance>
          <gpxdata:speed>0.982</gpxdata:speed>
        </extensions>
      </trkpt>
      <trkpt lat="46.5230373" lon="9.4389330">
        <ele>1472.0</ele>
        <time>2026-09-15T16:06:40Z</time>
        <extensions>
          <gpxdata:distance>19793.51</gpxdata:distance>
          <gpxdata:speed>1.009</gpxdata:speed>
        </extensions>
      </trkpt>
      <trkpt lat="46.5232513" lon="9.4385240">
        <ele>1469.5</ele>
        <time>2026-09-15T16:07:20Z</time>
        <extensions>
          <gpxdata:distance>19832.82</gpxdata:distance>
          <gpxdata:speed>0.979</gpxdata:speed>
        </extensions>
      </trkpt>
      <trkpt lat="46.5232793" lon="9.4384730">
        <ele>1469.3</ele>
        <time>2026-09-15T16:07:25Z</time>
        <extensions>
          <gpxdata:distance>19837.81</gpxdata:distance>
          <gpxdata:speed>0.965</gpxdata:speed>
        </extensions>
      </trkpt>
      <trkpt lat="46.5232793" lon="9.4384730">
        <ele>1469.3</ele>
        <time>2026-09-15T16:07:25Z</time>
        <extensions>
          <gpxdata:distance>19837.81</gpxdata:distance>
          <gpxdata:speed>0.000</gpxdata:speed>
        </extensions>
      </trkpt>
      <trkpt lat="46.5233803" lon="9.4383590">
        <ele>1469.3</ele>
        <time>2026-09-15T16:07:40Z</time>
        <extensions>
          <gpxdata:distance>19852.03</gpxdata:distance>
          <gpxdata:speed>0.962</gpxdata:speed>
        </extensions>
      </trkpt>
      <trkpt lat="46.5233803" lon="9.4383590">
        <ele>1469.3</ele>
        <time>2026-09-15T16:07:40Z</time>
        <extensions>
          <gpxdata:distance>19852.03</gpxdata:distance>
          <gpxdata:speed>0.000</gpxdata:speed>
        </extensions>
      </trkpt>
      <trkpt lat="46.5234163" lon="9.4383210">
        <ele>1469.5</ele>
        <time>2026-09-15T16:07:45Z</time>
        <extensions>
          <gpxdata:distance>19856.98</gpxdata:distance>
          <gpxdata:speed>0.959</gpxdata:speed>
        </extensions>
      </trkpt>
      <trkpt lat="46.5234443" lon="9.4383090">
        <ele>1469.5</ele>
        <time>2026-09-15T16:07:48Z</time>
        <extensions>
          <gpxdata:distance>19860.23</gpxdata:distance>
          <gpxdata:speed>0.962</gpxdata:speed>
        </extensions>
      </trkpt>
      <trkpt lat="46.5234713" lon="9.4383100">
        <ele>1469.5</ele>
        <time>2026-09-15T16:07:51Z</time>
        <extensions>
          <gpxdata:distance>19863.23</gpxdata:distance>
          <gpxdata:speed>0.963</gpxdata:speed>
        </extensions>
      </trkpt>
      <trkpt lat="46.5234983" lon="9.4383110">
        <ele>1469.5</ele>
        <time>2026-09-15T16:07:54Z</time>
        <extensions>
          <gpxdata:distance>19866.23</gpxdata:distance>
          <gpxdata:speed>0.968</gpxdata:speed>
        </extensions>
      </trkpt>
      <trkpt lat="46.5235243" lon="9.4383250">
        <ele>1469.5</ele>
        <time>2026-09-15T16:07:58Z</time>
        <extensions>
          <gpxdata:distance>19869.31</gpxdata:distance>
          <gpxdata:speed>1.012</gpxdata:speed>
        </extensions>
      </trkpt>
      <trkpt lat="46.5235243" lon="9.4383250">
        <ele>1469.5</ele>
        <time>2026-09-15T16:07:58Z</time>
        <extensions>
          <gpxdata:distance>19869.31</gpxdata:distance>
          <gpxdata:speed>0.000</gpxdata:speed>
        </extensions>
      </trkpt>
      <trkpt lat="46.5238583" lon="9.4382859">
        <ele>1471.4</ele>
        <time>2026-09-15T16:08:37Z</time>
        <extensions>
          <gpxdata:distance>19906.57</gpxdata:distance>
          <gpxdata:speed>0.935</gpxdata:speed>
        </extensions>
      </trkpt>
      <trkpt lat="46.5240223" lon="9.4381609">
        <ele>1471.9</ele>
        <time>2026-09-15T16:09:00Z</time>
        <extensions>
          <gpxdata:distance>19927.17</gpxdata:distance>
          <gpxdata:speed>0.925</gpxdata:speed>
        </extensions>
      </trkpt>
      <trkpt lat="46.5240683" lon="9.4381239">
        <ele>1472.8</ele>
        <time>2026-09-15T16:09:06Z</time>
        <extensions>
          <gpxdata:distance>19933.01</gpxdata:distance>
          <gpxdata:speed>0.903</gpxdata:speed>
        </extensions>
      </trkpt>
      <trkpt lat="46.5240963" lon="9.4380469">
        <ele>1474.6</ele>
        <time>2026-09-15T16:09:14Z</time>
        <extensions>
          <gpxdata:distance>19939.67</gpxdata:distance>
          <gpxdata:speed>0.855</gpxdata:speed>
        </extensions>
      </trkpt>
      <trkpt lat="46.5240973" lon="9.4380079">
        <ele>1476.0</ele>
        <time>2026-09-15T16:09:18Z</time>
        <extensions>
          <gpxdata:distance>19942.66</gpxdata:distance>
          <gpxdata:speed>0.810</gpxdata:speed>
        </extensions>
      </trkpt>
      <trkpt lat="46.5240703" lon="9.4379679">
        <ele>1478.3</ele>
        <time>2026-09-15T16:09:23Z</time>
        <extensions>
          <gpxdata:distance>19946.95</gpxdata:distance>
          <gpxdata:speed>0.741</gpxdata:speed>
        </extensions>
      </trkpt>
      <trkpt lat="46.5240173" lon="9.4379529">
        <ele>1481.5</ele>
        <time>2026-09-15T16:09:33Z</time>
        <extensions>
          <gpxdata:distance>19952.95</gpxdata:distance>
          <gpxdata:speed>0.659</gpxdata:speed>
        </extensions>
      </trkpt>
      <trkpt lat="46.5239543" lon="9.4379499">
        <ele>1485.1</ele>
        <time>2026-09-15T16:09:43Z</time>
        <extensions>
          <gpxdata:distance>19959.96</gpxdata:distance>
          <gpxdata:speed>0.638</gpxdata:speed>
        </extensions>
      </trkpt>
      <trkpt lat="46.5239003" lon="9.4379479">
        <ele>1487.0</ele>
        <time>2026-09-15T16:09:53Z</time>
        <extensions>
          <gpxdata:distance>19965.97</gpxdata:distance>
          <gpxdata:speed>0.642</gpxdata:speed>
        </extensions>
      </trkpt>
      <trkpt lat="46.5237933" lon="9.4378789">
        <ele>1491.7</ele>
        <time>2026-09-15T16:10:21Z</time>
        <extensions>
          <gpxdata:distance>19978.98</gpxdata:distance>
          <gpxdata:speed>0.461</gpxdata:speed>
        </extensions>
      </trkpt>
      <trkpt lat="46.5236953" lon="9.4378359">
        <ele>1493.9</ele>
        <time>2026-09-15T16:10:46Z</time>
        <extensions>
          <gpxdata:distance>19990.37</gpxdata:distance>
          <gpxdata:speed>0.461</gpxdata:speed>
        </extensions>
      </trkpt>
      <trkpt lat="46.5237503" lon="9.4377859">
        <ele>1495.3</ele>
        <time>2026-09-15T16:11:01Z</time>
        <extensions>
          <gpxdata:distance>19997.58</gpxdata:distance>
          <gpxdata:speed>0.461</gpxdata:speed>
        </extensions>
      </trkpt>
      <trkpt lat="46.5238313" lon="9.4377499">
        <ele>1496.0</ele>
        <time>2026-09-15T16:11:22Z</time>
        <extensions>
          <gpxdata:distance>20007.00</gpxdata:distance>
          <gpxdata:speed>0.461</gpxdata:speed>
        </extensions>
      </trkpt>
      <trkpt lat="46.5239593" lon="9.4376379">
        <ele>1493.5</ele>
        <time>2026-09-15T16:11:50Z</time>
        <extensions>
          <gpxdata:distance>20023.61</gpxdata:distance>
          <gpxdata:speed>0.588</gpxdata:speed>
        </extensions>
      </trkpt>
      <trkpt lat="46.5240233" lon="9.4376009">
        <ele>1492.4</ele>
        <time>2026-09-15T16:12:02Z</time>
        <extensions>
          <gpxdata:distance>20031.27</gpxdata:distance>
          <gpxdata:speed>0.637</gpxdata:speed>
        </extensions>
      </trkpt>
      <trkpt lat="46.5242393" lon="9.4375959">
        <ele>1493.8</ele>
        <time>2026-09-15T16:12:36Z</time>
        <extensions>
          <gpxdata:distance>20055.29</gpxdata:distance>
          <gpxdata:speed>0.704</gpxdata:speed>
        </extensions>
      </trkpt>
      <trkpt lat="46.5243573" lon="9.4375349">
        <ele>1494.7</ele>
        <time>2026-09-15T16:12:54Z</time>
        <extensions>
          <gpxdata:distance>20069.22</gpxdata:distance>
          <gpxdata:speed>0.786</gpxdata:speed>
        </extensions>
      </trkpt>
      <trkpt lat="46.5244123" lon="9.4374719">
        <ele>1497.7</ele>
        <time>2026-09-15T16:13:04Z</time>
        <extensions>
          <gpxdata:distance>20077.01</gpxdata:distance>
          <gpxdata:speed>0.763</gpxdata:speed>
        </extensions>
      </trkpt>
      <trkpt lat="46.5244493" lon="9.4373949">
        <ele>1502.2</ele>
        <time>2026-09-15T16:13:14Z</time>
        <extensions>
          <gpxdata:distance>20084.19</gpxdata:distance>
          <gpxdata:speed>0.754</gpxdata:speed>
        </extensions>
      </trkpt>
      <trkpt lat="46.5244963" lon="9.4373179">
        <ele>1504.7</ele>
        <time>2026-09-15T16:13:24Z</time>
        <extensions>
          <gpxdata:distance>20092.07</gpxdata:distance>
          <gpxdata:speed>0.739</gpxdata:speed>
        </extensions>
      </trkpt>
      <trkpt lat="46.5245333" lon="9.4372679">
        <ele>1506.7</ele>
        <time>2026-09-15T16:13:32Z</time>
        <extensions>
          <gpxdata:distance>20097.68</gpxdata:distance>
          <gpxdata:speed>0.720</gpxdata:speed>
        </extensions>
      </trkpt>
      <trkpt lat="46.5246433" lon="9.4371279">
        <ele>1509.4</ele>
        <time>2026-09-15T16:13:56Z</time>
        <extensions>
          <gpxdata:distance>20113.94</gpxdata:distance>
          <gpxdata:speed>0.691</gpxdata:speed>
        </extensions>
      </trkpt>
      <trkpt lat="46.5247163" lon="9.4370789">
        <ele>1509.6</ele>
        <time>2026-09-15T16:14:10Z</time>
        <extensions>
          <gpxdata:distance>20122.88</gpxdata:distance>
          <gpxdata:speed>0.635</gpxdata:speed>
        </extensions>
      </trkpt>
      <trkpt lat="46.5247713" lon="9.4370289">
        <ele>1509.5</ele>
        <time>2026-09-15T16:14:21Z</time>
        <extensions>
          <gpxdata:distance>20130.10</gpxdata:distance>
          <gpxdata:speed>0.639</gpxdata:speed>
        </extensions>
      </trkpt>
      <trkpt lat="46.5248723" lon="9.4368889">
        <ele>1509.6</ele>
        <time>2026-09-15T16:14:45Z</time>
        <extensions>
          <gpxdata:distance>20145.62</gpxdata:distance>
          <gpxdata:speed>0.640</gpxdata:speed>
        </extensions>
      </trkpt>
      <trkpt lat="46.5249183" lon="9.4368259">
        <ele>1508.4</ele>
        <time>2026-09-15T16:14:56Z</time>
        <extensions>
          <gpxdata:distance>20152.64</gpxdata:distance>
          <gpxdata:speed>0.636</gpxdata:speed>
        </extensions>
      </trkpt>
      <trkpt lat="46.5249553" lon="9.4367749">
        <ele>1508.6</ele>
        <time>2026-09-15T16:15:05Z</time>
        <extensions>
          <gpxdata:distance>20158.31</gpxdata:distance>
          <gpxdata:speed>0.670</gpxdata:speed>
        </extensions>
      </trkpt>
      <trkpt lat="46.5250213" lon="9.4366209">
        <ele>1506.7</ele>
        <time>2026-09-15T16:15:20Z</time>
        <extensions>
          <gpxdata:distance>20172.19</gpxdata:distance>
          <gpxdata:speed>0.882</gpxdata:speed>
        </extensions>
      </trkpt>
      <trkpt lat="46.5250493" lon="9.4365699">
        <ele>1508.5</ele>
        <time>2026-09-15T16:15:26Z</time>
        <extensions>
          <gpxdata:distance>20177.19</gpxdata:distance>
          <gpxdata:speed>0.899</gpxdata:speed>
        </extensions>
      </trkpt>
      <trkpt lat="46.5250953" lon="9.4365189">
        <ele>1507.4</ele>
        <time>2026-09-15T16:15:33Z</time>
        <extensions>
          <gpxdata:distance>20183.62</gpxdata:distance>
          <gpxdata:speed>0.992</gpxdata:speed>
        </extensions>
      </trkpt>
      <trkpt lat="46.5251503" lon="9.4364429">
        <ele>1507.0</ele>
        <time>2026-09-15T16:15:41Z</time>
        <extensions>
          <gpxdata:distance>20192.06</gpxdata:distance>
          <gpxdata:speed>0.973</gpxdata:speed>
        </extensions>
      </trkpt>
      <trkpt lat="46.5252143" lon="9.4363669">
        <ele>1506.5</ele>
        <time>2026-09-15T16:15:51Z</time>
        <extensions>
          <gpxdata:distance>20201.25</gpxdata:distance>
          <gpxdata:speed>0.962</gpxdata:speed>
        </extensions>
      </trkpt>
      <trkpt lat="46.5252613" lon="9.4362779">
        <ele>1505.8</ele>
        <time>2026-09-15T16:16:00Z</time>
        <extensions>
          <gpxdata:distance>20209.83</gpxdata:distance>
          <gpxdata:speed>0.953</gpxdata:speed>
        </extensions>
      </trkpt>
      <trkpt lat="46.5252983" lon="9.4362009">
        <ele>1506.6</ele>
        <time>2026-09-15T16:16:07Z</time>
        <extensions>
          <gpxdata:distance>20217.02</gpxdata:distance>
          <gpxdata:speed>0.958</gpxdata:speed>
        </extensions>
      </trkpt>
      <trkpt lat="46.5253723" lon="9.4360989">
        <ele>1506.4</ele>
        <time>2026-09-15T16:16:19Z</time>
        <extensions>
          <gpxdata:distance>20228.36</gpxdata:distance>
          <gpxdata:speed>0.978</gpxdata:speed>
        </extensions>
      </trkpt>
      <trkpt lat="46.5254363" lon="9.4360359">
        <ele>1507.9</ele>
        <time>2026-09-15T16:16:27Z</time>
        <extensions>
          <gpxdata:distance>20236.95</gpxdata:distance>
          <gpxdata:speed>1.001</gpxdata:speed>
        </extensions>
      </trkpt>
      <trkpt lat="46.5254913" lon="9.4359989">
        <ele>1508.4</ele>
        <time>2026-09-15T16:16:35Z</time>
        <extensions>
          <gpxdata:distance>20243.69</gpxdata:distance>
          <gpxdata:speed>0.952</gpxdata:speed>
        </extensions>
      </trkpt>
      <trkpt lat="46.5255273" lon="9.4359879">
        <ele>1509.3</ele>
        <time>2026-09-15T16:16:39Z</time>
        <extensions>
          <gpxdata:distance>20247.78</gpxdata:distance>
          <gpxdata:speed>0.984</gpxdata:speed>
        </extensions>
      </trkpt>
      <trkpt lat="46.5255903" lon="9.4359769">
        <ele>1508.3</ele>
        <time>2026-09-15T16:16:46Z</time>
        <extensions>
          <gpxdata:distance>20254.84</gpxdata:distance>
          <gpxdata:speed>0.980</gpxdata:speed>
        </extensions>
      </trkpt>
      <trkpt lat="46.5256263" lon="9.4359779">
        <ele>1506.7</ele>
        <time>2026-09-15T16:16:50Z</time>
        <extensions>
          <gpxdata:distance>20258.84</gpxdata:distance>
          <gpxdata:speed>1.007</gpxdata:speed>
        </extensions>
      </trkpt>
      <trkpt lat="46.5256713" lon="9.4360058">
        <ele>1505.5</ele>
        <time>2026-09-15T16:16:55Z</time>
        <extensions>
          <gpxdata:distance>20264.28</gpxdata:distance>
          <gpxdata:speed>0.992</gpxdata:speed>
        </extensions>
      </trkpt>
      <trkpt lat="46.5257073" lon="9.4359938">
        <ele>1504.2</ele>
        <time>2026-09-15T16:17:00Z</time>
        <extensions>
          <gpxdata:distance>20268.39</gpxdata:distance>
          <gpxdata:speed>0.977</gpxdata:speed>
        </extensions>
      </trkpt>
      <trkpt lat="46.5257443" lon="9.4359558">
        <ele>1504.0</ele>
        <time>2026-09-15T16:17:05Z</time>
        <extensions>
          <gpxdata:distance>20273.43</gpxdata:distance>
          <gpxdata:speed>0.953</gpxdata:speed>
        </extensions>
      </trkpt>
      <trkpt lat="46.5257623" lon="9.4359178">
        <ele>1504.7</ele>
        <time>2026-09-15T16:17:08Z</time>
        <extensions>
          <gpxdata:distance>20276.96</gpxdata:distance>
          <gpxdata:speed>0.967</gpxdata:speed>
        </extensions>
      </trkpt>
      <trkpt lat="46.5258083" lon="9.4358548">
        <ele>1502.5</ele>
        <time>2026-09-15T16:17:16Z</time>
        <extensions>
          <gpxdata:distance>20283.98</gpxdata:distance>
          <gpxdata:speed>0.908</gpxdata:speed>
        </extensions>
      </trkpt>
      <trkpt lat="46.5258453" lon="9.4358298">
        <ele>1502.5</ele>
        <time>2026-09-15T16:17:21Z</time>
        <extensions>
          <gpxdata:distance>20288.52</gpxdata:distance>
          <gpxdata:speed>0.923</gpxdata:speed>
        </extensions>
      </trkpt>
      <trkpt lat="46.5258723" lon="9.4358048">
        <ele>1500.8</ele>
        <time>2026-09-15T16:17:25Z</time>
        <extensions>
          <gpxdata:distance>20292.08</gpxdata:distance>
          <gpxdata:speed>0.883</gpxdata:speed>
        </extensions>
      </trkpt>
      <trkpt lat="46.5258913" lon="9.4357528">
        <ele>1500.5</ele>
        <time>2026-09-15T16:17:30Z</time>
        <extensions>
          <gpxdata:distance>20296.59</gpxdata:distance>
          <gpxdata:speed>0.890</gpxdata:speed>
        </extensions>
      </trkpt>
      <trkpt lat="46.5259383" lon="9.4356248">
        <ele>1502.4</ele>
        <time>2026-09-15T16:17:42Z</time>
        <extensions>
          <gpxdata:distance>20307.69</gpxdata:distance>
          <gpxdata:speed>0.907</gpxdata:speed>
        </extensions>
      </trkpt>
      <trkpt lat="46.5259493" lon="9.4355468">
        <ele>1503.0</ele>
        <time>2026-09-15T16:17:49Z</time>
        <extensions>
          <gpxdata:distance>20313.78</gpxdata:distance>
          <gpxdata:speed>0.948</gpxdata:speed>
        </extensions>
      </trkpt>
      <trkpt lat="46.5259593" lon="9.4354688">
        <ele>1501.5</ele>
        <time>2026-09-15T16:17:55Z</time>
        <extensions>
          <gpxdata:distance>20319.85</gpxdata:distance>
          <gpxdata:speed>0.945</gpxdata:speed>
        </extensions>
      </trkpt>
      <trkpt lat="46.5259783" lon="9.4354038">
        <ele>1501.8</ele>
        <time>2026-09-15T16:18:01Z</time>
        <extensions>
          <gpxdata:distance>20325.25</gpxdata:distance>
          <gpxdata:speed>0.958</gpxdata:speed>
        </extensions>
      </trkpt>
      <trkpt lat="46.5260533" lon="9.4352638">
        <ele>1498.2</ele>
        <time>2026-09-15T16:18:16Z</time>
        <extensions>
          <gpxdata:distance>20338.82</gpxdata:distance>
          <gpxdata:speed>0.899</gpxdata:speed>
        </extensions>
      </trkpt>
      <trkpt lat="46.5260993" lon="9.4351738">
        <ele>1494.5</ele>
        <time>2026-09-15T16:18:25Z</time>
        <extensions>
          <gpxdata:distance>20347.40</gpxdata:distance>
          <gpxdata:speed>0.918</gpxdata:speed>
        </extensions>
      </trkpt>
      <trkpt lat="46.5261183" lon="9.4351228">
        <ele>1491.6</ele>
        <time>2026-09-15T16:18:30Z</time>
        <extensions>
          <gpxdata:distance>20351.84</gpxdata:distance>
          <gpxdata:speed>0.910</gpxdata:speed>
        </extensions>
      </trkpt>
      <trkpt lat="46.5261203" lon="9.4350448">
        <ele>1489.5</ele>
        <time>2026-09-15T16:18:37Z</time>
        <extensions>
          <gpxdata:distance>20357.81</gpxdata:distance>
          <gpxdata:speed>0.910</gpxdata:speed>
        </extensions>
      </trkpt>
      <trkpt lat="46.5261203" lon="9.4349928">
        <ele>1487.4</ele>
        <time>2026-09-15T16:18:41Z</time>
        <extensions>
          <gpxdata:distance>20361.79</gpxdata:distance>
          <gpxdata:speed>0.872</gpxdata:speed>
        </extensions>
      </trkpt>
      <trkpt lat="46.5261393" lon="9.4349408">
        <ele>1486.3</ele>
        <time>2026-09-15T16:18:47Z</time>
        <extensions>
          <gpxdata:distance>20366.29</gpxdata:distance>
          <gpxdata:speed>0.872</gpxdata:speed>
        </extensions>
      </trkpt>
      <trkpt lat="46.5261233" lon="9.4348748">
        <ele>1484.2</ele>
        <time>2026-09-15T16:18:53Z</time>
        <extensions>
          <gpxdata:distance>20371.65</gpxdata:distance>
          <gpxdata:speed>0.872</gpxdata:speed>
        </extensions>
      </trkpt>
      <trkpt lat="46.5261333" lon="9.4347838">
        <ele>1481.9</ele>
        <time>2026-09-15T16:19:01Z</time>
        <extensions>
          <gpxdata:distance>20378.70</gpxdata:distance>
          <gpxdata:speed>0.872</gpxdata:speed>
        </extensions>
      </trkpt>
      <trkpt lat="46.5261463" lon="9.4345758">
        <ele>1477.8</ele>
        <time>2026-09-15T16:19:19Z</time>
        <extensions>
          <gpxdata:distance>20394.68</gpxdata:distance>
          <gpxdata:speed>0.872</gpxdata:speed>
        </extensions>
      </trkpt>
      <trkpt lat="46.5261653" lon="9.4344988">
        <ele>1477.5</ele>
        <time>2026-09-15T16:19:26Z</time>
        <extensions>
          <gpxdata:distance>20400.93</gpxdata:distance>
          <gpxdata:speed>0.872</gpxdata:speed>
        </extensions>
      </trkpt>
      <trkpt lat="46.5262113" lon="9.4344348">
        <ele>1475.0</ele>
        <time>2026-09-15T16:19:34Z</time>
        <extensions>
          <gpxdata:distance>20408.01</gpxdata:distance>
          <gpxdata:speed>0.872</gpxdata:speed>
        </extensions>
      </trkpt>
      <trkpt lat="46.5262393" lon="9.4343838">
        <ele>1470.8</ele>
        <time>2026-09-15T16:19:40Z</time>
        <extensions>
          <gpxdata:distance>20413.01</gpxdata:distance>
          <gpxdata:speed>0.872</gpxdata:speed>
        </extensions>
      </trkpt>
      <trkpt lat="46.5263353" lon="9.4345828">
        <ele>1466.2</ele>
        <time>2026-09-15T16:20:01Z</time>
        <extensions>
          <gpxdata:distance>20431.60</gpxdata:distance>
          <gpxdata:speed>0.872</gpxdata:speed>
        </extensions>
      </trkpt>
      <trkpt lat="46.5263783" lon="9.4346498">
        <ele>1465.4</ele>
        <time>2026-09-15T16:20:10Z</time>
        <extensions>
          <gpxdata:distance>20438.61</gpxdata:distance>
          <gpxdata:speed>0.872</gpxdata:speed>
        </extensions>
      </trkpt>
      <trkpt lat="46.5264053" lon="9.4346768">
        <ele>1465.8</ele>
        <time>2026-09-15T16:20:14Z</time>
        <extensions>
          <gpxdata:distance>20442.25</gpxdata:distance>
          <gpxdata:speed>0.872</gpxdata:speed>
        </extensions>
      </trkpt>
      <trkpt lat="46.5264413" lon="9.4346908">
        <ele>1465.6</ele>
        <time>2026-09-15T16:20:18Z</time>
        <extensions>
          <gpxdata:distance>20446.40</gpxdata:distance>
          <gpxdata:speed>0.872</gpxdata:speed>
        </extensions>
      </trkpt>
      <trkpt lat="46.5264593" lon="9.4346528">
        <ele>1463.7</ele>
        <time>2026-09-15T16:20:22Z</time>
        <extensions>
          <gpxdata:distance>20449.93</gpxdata:distance>
          <gpxdata:speed>0.872</gpxdata:speed>
        </extensions>
      </trkpt>
      <trkpt lat="46.5264783" lon="9.4346148">
        <ele>1462.0</ele>
        <time>2026-09-15T16:20:27Z</time>
        <extensions>
          <gpxdata:distance>20453.52</gpxdata:distance>
          <gpxdata:speed>0.872</gpxdata:speed>
        </extensions>
      </trkpt>
      <trkpt lat="46.5264793" lon="9.4345488">
        <ele>1460.2</ele>
        <time>2026-09-15T16:20:32Z</time>
        <extensions>
          <gpxdata:distance>20458.57</gpxdata:distance>
          <gpxdata:speed>0.872</gpxdata:speed>
        </extensions>
      </trkpt>
      <trkpt lat="46.5264633" lon="9.4344578">
        <ele>1459.2</ele>
        <time>2026-09-15T16:20:41Z</time>
        <extensions>
          <gpxdata:distance>20465.76</gpxdata:distance>
          <gpxdata:speed>0.872</gpxdata:speed>
        </extensions>
      </trkpt>
      <trkpt lat="46.5264473" lon="9.4343528">
        <ele>1459.4</ele>
        <time>2026-09-15T16:20:50Z</time>
        <extensions>
          <gpxdata:distance>20473.98</gpxdata:distance>
          <gpxdata:speed>0.890</gpxdata:speed>
        </extensions>
      </trkpt>
      <trkpt lat="46.5264393" lon="9.4342478">
        <ele>1459.3</ele>
        <time>2026-09-15T16:20:59Z</time>
        <extensions>
          <gpxdata:distance>20482.07</gpxdata:distance>
          <gpxdata:speed>0.928</gpxdata:speed>
        </extensions>
      </trkpt>
      <trkpt lat="46.5264403" lon="9.4341958">
        <ele>1458.8</ele>
        <time>2026-09-15T16:21:03Z</time>
        <extensions>
          <gpxdata:distance>20486.05</gpxdata:distance>
          <gpxdata:speed>0.930</gpxdata:speed>
        </extensions>
      </trkpt>
      <trkpt lat="46.5264503" lon="9.4341568">
        <ele>1458.0</ele>
        <time>2026-09-15T16:21:06Z</time>
        <extensions>
          <gpxdata:distance>20489.23</gpxdata:distance>
          <gpxdata:speed>0.918</gpxdata:speed>
        </extensions>
      </trkpt>
      <trkpt lat="46.5264783" lon="9.4341188">
        <ele>1456.7</ele>
        <time>2026-09-15T16:21:11Z</time>
        <extensions>
          <gpxdata:distance>20493.49</gpxdata:distance>
          <gpxdata:speed>0.887</gpxdata:speed>
        </extensions>
      </trkpt>
      <trkpt lat="46.5265143" lon="9.4341208">
        <ele>1454.3</ele>
        <time>2026-09-15T16:21:16Z</time>
        <extensions>
          <gpxdata:distance>20497.50</gpxdata:distance>
          <gpxdata:speed>0.875</gpxdata:speed>
        </extensions>
      </trkpt>
      <trkpt lat="46.5265493" lon="9.4341478">
        <ele>1453.8</ele>
        <time>2026-09-15T16:21:21Z</time>
        <extensions>
          <gpxdata:distance>20501.90</gpxdata:distance>
          <gpxdata:speed>0.913</gpxdata:speed>
        </extensions>
      </trkpt>
      <trkpt lat="46.5265753" lon="9.4342138">
        <ele>1452.8</ele>
        <time>2026-09-15T16:21:27Z</time>
        <extensions>
          <gpxdata:distance>20507.72</gpxdata:distance>
          <gpxdata:speed>0.939</gpxdata:speed>
        </extensions>
      </trkpt>
      <trkpt lat="46.5266003" lon="9.4343058">
        <ele>1453.3</ele>
        <time>2026-09-15T16:21:35Z</time>
        <extensions>
          <gpxdata:distance>20515.29</gpxdata:distance>
          <gpxdata:speed>0.912</gpxdata:speed>
        </extensions>
      </trkpt>
      <trkpt lat="46.5266093" lon="9.4343588">
        <ele>1452.9</ele>
        <time>2026-09-15T16:21:40Z</time>
        <extensions>
          <gpxdata:distance>20519.46</gpxdata:distance>
          <gpxdata:speed>0.934</gpxdata:speed>
        </extensions>
      </trkpt>
      <trkpt lat="46.5266253" lon="9.4344378">
        <ele>1453.1</ele>
        <time>2026-09-15T16:21:46Z</time>
        <extensions>
          <gpxdata:distance>20525.76</gpxdata:distance>
          <gpxdata:speed>0.933</gpxdata:speed>
        </extensions>
      </trkpt>
      <trkpt lat="46.5266513" lon="9.4345038">
        <ele>1452.6</ele>
        <time>2026-09-15T16:21:53Z</time>
        <extensions>
          <gpxdata:distance>20531.58</gpxdata:distance>
          <gpxdata:speed>0.927</gpxdata:speed>
        </extensions>
      </trkpt>
      <trkpt lat="46.5266693" lon="9.4345168">
        <ele>1452.4</ele>
        <time>2026-09-15T16:21:55Z</time>
        <extensions>
          <gpxdata:distance>20533.82</gpxdata:distance>
          <gpxdata:speed>0.918</gpxdata:speed>
        </extensions>
      </trkpt>
      <trkpt lat="46.5266963" lon="9.4345178">
        <ele>1450.9</ele>
        <time>2026-09-15T16:21:58Z</time>
        <extensions>
          <gpxdata:distance>20536.82</gpxdata:distance>
          <gpxdata:speed>0.925</gpxdata:speed>
        </extensions>
      </trkpt>
      <trkpt lat="46.5267143" lon="9.4344798">
        <ele>1449.4</ele>
        <time>2026-09-15T16:22:02Z</time>
        <extensions>
          <gpxdata:distance>20540.35</gpxdata:distance>
          <gpxdata:speed>0.907</gpxdata:speed>
        </extensions>
      </trkpt>
      <trkpt lat="46.5267243" lon="9.4344538">
        <ele>1448.4</ele>
        <time>2026-09-15T16:22:05Z</time>
        <extensions>
          <gpxdata:distance>20542.63</gpxdata:distance>
          <gpxdata:speed>0.924</gpxdata:speed>
        </extensions>
      </trkpt>
      <trkpt lat="46.5267343" lon="9.4344018">
        <ele>1447.9</ele>
        <time>2026-09-15T16:22:09Z</time>
        <extensions>
          <gpxdata:distance>20546.76</gpxdata:distance>
          <gpxdata:speed>0.918</gpxdata:speed>
        </extensions>
      </trkpt>
      <trkpt lat="46.5267263" lon="9.4343368">
        <ele>1447.3</ele>
        <time>2026-09-15T16:22:15Z</time>
        <extensions>
          <gpxdata:distance>20551.81</gpxdata:distance>
          <gpxdata:speed>0.921</gpxdata:speed>
        </extensions>
      </trkpt>
      <trkpt lat="46.5267093" lon="9.4342448">
        <ele>1447.5</ele>
        <time>2026-09-15T16:22:22Z</time>
        <extensions>
          <gpxdata:distance>20559.10</gpxdata:distance>
          <gpxdata:speed>0.928</gpxdata:speed>
        </extensions>
      </trkpt>
      <trkpt lat="46.5266923" lon="9.4342048">
        <ele>1448.6</ele>
        <time>2026-09-15T16:22:26Z</time>
        <extensions>
          <gpxdata:distance>20562.70</gpxdata:distance>
          <gpxdata:speed>0.914</gpxdata:speed>
        </extensions>
      </trkpt>
      <trkpt lat="46.5266493" lon="9.4340858">
        <ele>1448.0</ele>
        <time>2026-09-15T16:22:38Z</time>
        <extensions>
          <gpxdata:distance>20572.98</gpxdata:distance>
          <gpxdata:speed>0.905</gpxdata:speed>
        </extensions>
      </trkpt>
      <trkpt lat="46.5266323" lon="9.4340208">
        <ele>1447.8</ele>
        <time>2026-09-15T16:22:44Z</time>
        <extensions>
          <gpxdata:distance>20578.30</gpxdata:distance>
          <gpxdata:speed>0.897</gpxdata:speed>
        </extensions>
      </trkpt>
      <trkpt lat="46.5266163" lon="9.4339418">
        <ele>1448.4</ele>
        <time>2026-09-15T16:22:50Z</time>
        <extensions>
          <gpxdata:distance>20584.60</gpxdata:distance>
          <gpxdata:speed>0.946</gpxdata:speed>
        </extensions>
      </trkpt>
      <trkpt lat="46.5266083" lon="9.4338628">
        <ele>1448.4</ele>
        <time>2026-09-15T16:22:57Z</time>
        <extensions>
          <gpxdata:distance>20590.71</gpxdata:distance>
          <gpxdata:speed>0.987</gpxdata:speed>
        </extensions>
      </trkpt>
      <trkpt lat="46.5266093" lon="9.4338108">
        <ele>1448.2</ele>
        <time>2026-09-15T16:23:00Z</time>
        <extensions>
          <gpxdata:distance>20594.69</gpxdata:distance>
          <gpxdata:speed>1.007</gpxdata:speed>
        </extensions>
      </trkpt>
      <trkpt lat="46.5266193" lon="9.4337458">
        <ele>1447.6</ele>
        <time>2026-09-15T16:23:06Z</time>
        <extensions>
          <gpxdata:distance>20599.78</gpxdata:distance>
          <gpxdata:speed>1.005</gpxdata:speed>
        </extensions>
      </trkpt>
      <trkpt lat="46.5266383" lon="9.4336948">
        <ele>1446.7</ele>
        <time>2026-09-15T16:23:10Z</time>
        <extensions>
          <gpxdata:distance>20604.22</gpxdata:distance>
          <gpxdata:speed>0.998</gpxdata:speed>
        </extensions>
      </trkpt>
      <trkpt lat="46.5266673" lon="9.4336048">
        <ele>1446.7</ele>
        <time>2026-09-15T16:23:18Z</time>
        <extensions>
          <gpxdata:distance>20611.82</gpxdata:distance>
          <gpxdata:speed>0.993</gpxdata:speed>
        </extensions>
      </trkpt>
      <trkpt lat="46.5266953" lon="9.4335408">
        <ele>1445.4</ele>
        <time>2026-09-15T16:23:24Z</time>
        <extensions>
          <gpxdata:distance>20617.63</gpxdata:distance>
          <gpxdata:speed>0.939</gpxdata:speed>
        </extensions>
      </trkpt>
      <trkpt lat="46.5267603" lon="9.4334258">
        <ele>1445.6</ele>
        <time>2026-09-15T16:23:36Z</time>
        <extensions>
          <gpxdata:distance>20629.01</gpxdata:distance>
          <gpxdata:speed>0.957</gpxdata:speed>
        </extensions>
      </trkpt>
      <trkpt lat="46.5268713" lon="9.4332728">
        <ele>1446.9</ele>
        <time>2026-09-15T16:23:53Z</time>
        <extensions>
          <gpxdata:distance>20646.02</gpxdata:distance>
          <gpxdata:speed>0.995</gpxdata:speed>
        </extensions>
      </trkpt>
      <trkpt lat="46.5269893" lon="9.4331988">
        <ele>1446.1</ele>
        <time>2026-09-15T16:24:07Z</time>
        <extensions>
          <gpxdata:distance>20660.31</gpxdata:distance>
          <gpxdata:speed>0.973</gpxdata:speed>
        </extensions>
      </trkpt>
      <trkpt lat="46.5270893" lon="9.4331508">
        <ele>1443.8</ele>
        <time>2026-09-15T16:24:20Z</time>
        <extensions>
          <gpxdata:distance>20672.02</gpxdata:distance>
          <gpxdata:speed>0.941</gpxdata:speed>
        </extensions>
      </trkpt>
      <trkpt lat="46.5271793" lon="9.4331148">
        <ele>1442.0</ele>
        <time>2026-09-15T16:24:31Z</time>
        <extensions>
          <gpxdata:distance>20682.40</gpxdata:distance>
          <gpxdata:speed>0.926</gpxdata:speed>
        </extensions>
      </trkpt>
      <trkpt lat="46.5274213" lon="9.4332018">
        <ele>1435.6</ele>
        <time>2026-09-15T16:25:02Z</time>
        <extensions>
          <gpxdata:distance>20710.12</gpxdata:distance>
          <gpxdata:speed>0.902</gpxdata:speed>
        </extensions>
      </trkpt>
      <trkpt lat="46.5276003" lon="9.4332477">
        <ele>1433.8</ele>
        <time>2026-09-15T16:25:24Z</time>
        <extensions>
          <gpxdata:distance>20730.33</gpxdata:distance>
          <gpxdata:speed>0.896</gpxdata:speed>
        </extensions>
      </trkpt>
      <trkpt lat="46.5276363" lon="9.4332617">
        <ele>1433.3</ele>
        <time>2026-09-15T16:25:29Z</time>
        <extensions>
          <gpxdata:distance>20734.48</gpxdata:distance>
          <gpxdata:speed>0.903</gpxdata:speed>
        </extensions>
      </trkpt>
      <trkpt lat="46.5276363" lon="9.4332617">
        <ele>1433.3</ele>
        <time>2026-09-15T16:25:29Z</time>
        <extensions>
          <gpxdata:distance>20734.48</gpxdata:distance>
          <gpxdata:speed>0.000</gpxdata:speed>
        </extensions>
      </trkpt>
      <trkpt lat="46.5277003" lon="9.4331987">
        <ele>1433.8</ele>
        <time>2026-09-15T16:25:39Z</time>
        <extensions>
          <gpxdata:distance>20743.07</gpxdata:distance>
          <gpxdata:speed>0.898</gpxdata:speed>
        </extensions>
      </trkpt>
      <trkpt lat="46.5277183" lon="9.4331737">
        <ele>1433.8</ele>
        <time>2026-09-15T16:25:42Z</time>
        <extensions>
          <gpxdata:distance>20745.84</gpxdata:distance>
          <gpxdata:speed>0.923</gpxdata:speed>
        </extensions>
      </trkpt>
      <trkpt lat="46.5277823" lon="9.4331367">
        <ele>1433.8</ele>
        <time>2026-09-15T16:25:50Z</time>
        <extensions>
          <gpxdata:distance>20753.50</gpxdata:distance>
          <gpxdata:speed>0.924</gpxdata:speed>
        </extensions>
      </trkpt>
      <trkpt lat="46.5277823" lon="9.4331367">
        <ele>1433.8</ele>
        <time>2026-09-15T16:25:50Z</time>
        <extensions>
          <gpxdata:distance>20753.50</gpxdata:distance>
          <gpxdata:speed>0.000</gpxdata:speed>
        </extensions>
      </trkpt>
      <trkpt lat="46.5278933" lon="9.4329717">
        <ele>1435.5</ele>
        <time>2026-09-15T16:26:09Z</time>
        <extensions>
          <gpxdata:distance>20771.15</gpxdata:distance>
          <gpxdata:speed>0.923</gpxdata:speed>
        </extensions>
      </trkpt>
      <trkpt lat="46.5279483" lon="9.4328697">
        <ele>1437.3</ele>
        <time>2026-09-15T16:26:19Z</time>
        <extensions>
          <gpxdata:distance>20781.07</gpxdata:distance>
          <gpxdata:speed>0.952</gpxdata:speed>
        </extensions>
      </trkpt>
      <trkpt lat="46.5279503" lon="9.4328037">
        <ele>1438.2</ele>
        <time>2026-09-15T16:26:26Z</time>
        <extensions>
          <gpxdata:distance>20786.12</gpxdata:distance>
          <gpxdata:speed>0.809</gpxdata:speed>
        </extensions>
      </trkpt>
      <trkpt lat="46.5279863" lon="9.4328057">
        <ele>1438.7</ele>
        <time>2026-09-15T16:26:31Z</time>
        <extensions>
          <gpxdata:distance>20790.13</gpxdata:distance>
          <gpxdata:speed>0.762</gpxdata:speed>
        </extensions>
      </trkpt>
      <trkpt lat="46.5280043" lon="9.4327797">
        <ele>1439.1</ele>
        <time>2026-09-15T16:26:35Z</time>
        <extensions>
          <gpxdata:distance>20792.95</gpxdata:distance>
          <gpxdata:speed>0.756</gpxdata:speed>
        </extensions>
      </trkpt>
      <trkpt lat="46.5280233" lon="9.4327417">
        <ele>1440.0</ele>
        <time>2026-09-15T16:26:40Z</time>
        <extensions>
          <gpxdata:distance>20796.54</gpxdata:distance>
          <gpxdata:speed>0.714</gpxdata:speed>
        </extensions>
      </trkpt>
      <trkpt lat="46.5280693" lon="9.4326917">
        <ele>1442.3</ele>
        <time>2026-09-15T16:26:50Z</time>
        <extensions>
          <gpxdata:distance>20802.93</gpxdata:distance>
          <gpxdata:speed>0.633</gpxdata:speed>
        </extensions>
      </trkpt>
      <trkpt lat="46.5281683" lon="9.4326427">
        <ele>1444.2</ele>
        <time>2026-09-15T16:27:08Z</time>
        <extensions>
          <gpxdata:distance>20814.56</gpxdata:distance>
          <gpxdata:speed>0.638</gpxdata:speed>
        </extensions>
      </trkpt>
      <trkpt lat="46.5282413" lon="9.4325937">
        <ele>1446.4</ele>
        <time>2026-09-15T16:27:22Z</time>
        <extensions>
          <gpxdata:distance>20823.50</gpxdata:distance>
          <gpxdata:speed>0.641</gpxdata:speed>
        </extensions>
      </trkpt>
      <trkpt lat="46.5283423" lon="9.4325187">
        <ele>1447.8</ele>
        <time>2026-09-15T16:27:41Z</time>
        <extensions>
          <gpxdata:distance>20836.11</gpxdata:distance>
          <gpxdata:speed>0.645</gpxdata:speed>
        </extensions>
      </trkpt>
      <trkpt lat="46.5284413" lon="9.4324837">
        <ele>1448.7</ele>
        <time>2026-09-15T16:27:59Z</time>
        <extensions>
          <gpxdata:distance>20847.44</gpxdata:distance>
          <gpxdata:speed>0.638</gpxdata:speed>
        </extensions>
      </trkpt>
      <trkpt lat="46.5285413" lon="9.4324607">
        <ele>1448.7</ele>
        <time>2026-09-15T16:28:17Z</time>
        <extensions>
          <gpxdata:distance>20858.70</gpxdata:distance>
          <gpxdata:speed>0.643</gpxdata:speed>
        </extensions>
      </trkpt>
      <trkpt lat="46.5286133" lon="9.4324377">
        <ele>1445.1</ele>
        <time>2026-09-15T16:28:27Z</time>
        <extensions>
          <gpxdata:distance>20866.90</gpxdata:distance>
          <gpxdata:speed>0.798</gpxdata:speed>
        </extensions>
      </trkpt>
      <trkpt lat="46.5286413" lon="9.4323997">
        <ele>1444.6</ele>
        <time>2026-09-15T16:28:32Z</time>
        <extensions>
          <gpxdata:distance>20871.16</gpxdata:distance>
          <gpxdata:speed>0.832</gpxdata:speed>
        </extensions>
      </trkpt>
      <trkpt lat="46.5286873" lon="9.4323097">
        <ele>1446.5</ele>
        <time>2026-09-15T16:28:43Z</time>
        <extensions>
          <gpxdata:distance>20879.73</gpxdata:distance>
          <gpxdata:speed>0.811</gpxdata:speed>
        </extensions>
      </trkpt>
      <trkpt lat="46.5287153" lon="9.4322717">
        <ele>1444.6</ele>
        <time>2026-09-15T16:28:47Z</time>
        <extensions>
          <gpxdata:distance>20883.99</gpxdata:distance>
          <gpxdata:speed>0.940</gpxdata:speed>
        </extensions>
      </trkpt>
      <trkpt lat="46.5287513" lon="9.4322597">
        <ele>1443.1</ele>
        <time>2026-09-15T16:28:51Z</time>
        <extensions>
          <gpxdata:distance>20888.10</gpxdata:distance>
          <gpxdata:speed>0.993</gpxdata:speed>
        </extensions>
      </trkpt>
      <trkpt lat="46.5287513" lon="9.4322597">
        <ele>1443.1</ele>
        <time>2026-09-15T16:28:51Z</time>
        <extensions>
          <gpxdata:distance>20888.10</gpxdata:distance>
          <gpxdata:speed>0.000</gpxdata:speed>
        </extensions>
      </trkpt>
      <trkpt lat="46.5287873" lon="9.4322487">
        <ele>1443.1</ele>
        <time>2026-09-15T16:28:56Z</time>
        <extensions>
          <gpxdata:distance>20892.19</gpxdata:distance>
          <gpxdata:speed>0.912</gpxdata:speed>
        </extensions>
      </trkpt>
      <trkpt lat="46.5287873" lon="9.4322487">
        <ele>1443.1</ele>
        <time>2026-09-15T16:28:56Z</time>
        <extensions>
          <gpxdata:distance>20892.19</gpxdata:distance>
          <gpxdata:speed>0.000</gpxdata:speed>
        </extensions>
      </trkpt>
      <trkpt lat="46.5288133" lon="9.4323017">
        <ele>1443.1</ele>
        <time>2026-09-15T16:29:01Z</time>
        <extensions>
          <gpxdata:distance>20897.17</gpxdata:distance>
          <gpxdata:speed>0.936</gpxdata:speed>
        </extensions>
      </trkpt>
      <trkpt lat="46.5288313" lon="9.4323147">
        <ele>1443.8</ele>
        <time>2026-09-15T16:29:03Z</time>
        <extensions>
          <gpxdata:distance>20899.41</gpxdata:distance>
          <gpxdata:speed>0.961</gpxdata:speed>
        </extensions>
      </trkpt>
      <trkpt lat="46.5288233" lon="9.4322627">
        <ele>1445.9</ele>
        <time>2026-09-15T16:29:08Z</time>
        <extensions>
          <gpxdata:distance>20903.48</gpxdata:distance>
          <gpxdata:speed>0.910</gpxdata:speed>
        </extensions>
      </trkpt>
      <trkpt lat="46.5288413" lon="9.4322507">
        <ele>1446.8</ele>
        <time>2026-09-15T16:29:10Z</time>
        <extensions>
          <gpxdata:distance>20905.68</gpxdata:distance>
          <gpxdata:speed>0.983</gpxdata:speed>
        </extensions>
      </trkpt>
      <trkpt lat="46.5288583" lon="9.4322897">
        <ele>1447.8</ele>
        <time>2026-09-15T16:29:15Z</time>
        <extensions>
          <gpxdata:distance>20909.22</gpxdata:distance>
          <gpxdata:speed>0.687</gpxdata:speed>
        </extensions>
      </trkpt>
      <trkpt lat="46.5288593" lon="9.4322507">
        <ele>1449.2</ele>
        <time>2026-09-15T16:29:22Z</time>
        <extensions>
          <gpxdata:distance>20912.20</gpxdata:distance>
          <gpxdata:speed>0.461</gpxdata:speed>
        </extensions>
      </trkpt>
      <trkpt lat="46.5288513" lon="9.4321987">
        <ele>1450.1</ele>
        <time>2026-09-15T16:29:31Z</time>
        <extensions>
          <gpxdata:distance>20916.28</gpxdata:distance>
          <gpxdata:speed>0.467</gpxdata:speed>
        </extensions>
      </trkpt>
      <trkpt lat="46.5289053" lon="9.4322267">
        <ele>1452.8</ele>
        <time>2026-09-15T16:29:44Z</time>
        <extensions>
          <gpxdata:distance>20922.65</gpxdata:distance>
          <gpxdata:speed>0.461</gpxdata:speed>
        </extensions>
      </trkpt>
      <trkpt lat="46.5289583" lon="9.4322677">
        <ele>1454.4</ele>
        <time>2026-09-15T16:29:59Z</time>
        <extensions>
          <gpxdata:distance>20929.33</gpxdata:distance>
          <gpxdata:speed>0.461</gpxdata:speed>
        </extensions>
      </trkpt>
      <trkpt lat="46.5289933" lon="9.4322947">
        <ele>1455.5</ele>
        <time>2026-09-15T16:30:08Z</time>
        <extensions>
          <gpxdata:distance>20933.73</gpxdata:distance>
          <gpxdata:speed>0.461</gpxdata:speed>
        </extensions>
      </trkpt>
      <trkpt lat="46.5290383" lon="9.4322967">
        <ele>1455.8</ele>
        <time>2026-09-15T16:30:19Z</time>
        <extensions>
          <gpxdata:distance>20938.74</gpxdata:distance>
          <gpxdata:speed>0.461</gpxdata:speed>
        </extensions>
      </trkpt>
      <trkpt lat="46.5290833" lon="9.4322857">
        <ele>1455.8</ele>
        <time>2026-09-15T16:30:30Z</time>
        <extensions>
          <gpxdata:distance>20943.81</gpxdata:distance>
          <gpxdata:speed>0.478</gpxdata:speed>
        </extensions>
      </trkpt>
      <trkpt lat="46.5291193" lon="9.4322867">
        <ele>1455.2</ele>
        <time>2026-09-15T16:30:36Z</time>
        <extensions>
          <gpxdata:distance>20947.82</gpxdata:distance>
          <gpxdata:speed>0.649</gpxdata:speed>
        </extensions>
      </trkpt>
      <trkpt lat="46.5291553" lon="9.4323007">
        <ele>1454.6</ele>
        <time>2026-09-15T16:30:43Z</time>
        <extensions>
          <gpxdata:distance>20951.96</gpxdata:distance>
          <gpxdata:speed>0.634</gpxdata:speed>
        </extensions>
      </trkpt>
      <trkpt lat="46.5292003" lon="9.4323287">
        <ele>1453.6</ele>
        <time>2026-09-15T16:30:50Z</time>
        <extensions>
          <gpxdata:distance>20957.41</gpxdata:distance>
          <gpxdata:speed>0.761</gpxdata:speed>
        </extensions>
      </trkpt>
      <trkpt lat="46.5292353" lon="9.4323687">
        <ele>1453.0</ele>
        <time>2026-09-15T16:30:56Z</time>
        <extensions>
          <gpxdata:distance>20962.36</gpxdata:distance>
          <gpxdata:speed>0.851</gpxdata:speed>
        </extensions>
      </trkpt>
      <trkpt lat="46.5292713" lon="9.4323967">
        <ele>1452.5</ele>
        <time>2026-09-15T16:31:00Z</time>
        <extensions>
          <gpxdata:distance>20966.90</gpxdata:distance>
          <gpxdata:speed>1.004</gpxdata:speed>
        </extensions>
      </trkpt>
      <trkpt lat="46.5293243" lon="9.4324246">
        <ele>1452.1</ele>
        <time>2026-09-15T16:31:07Z</time>
        <extensions>
          <gpxdata:distance>20973.16</gpxdata:distance>
          <gpxdata:speed>0.945</gpxdata:speed>
        </extensions>
      </trkpt>
      <trkpt lat="46.5293243" lon="9.4324246">
        <ele>1452.1</ele>
        <time>2026-09-15T16:31:07Z</time>
        <extensions>
          <gpxdata:distance>20973.16</gpxdata:distance>
          <gpxdata:speed>0.000</gpxdata:speed>
        </extensions>
      </trkpt>
      <trkpt lat="46.5293513" lon="9.4324386">
        <ele>1451.8</ele>
        <time>2026-09-15T16:31:10Z</time>
        <extensions>
          <gpxdata:distance>20976.35</gpxdata:distance>
          <gpxdata:speed>0.900</gpxdata:speed>
        </extensions>
      </trkpt>
      <trkpt lat="46.5294313" lon="9.4324676">
        <ele>1451.0</ele>
        <time>2026-09-15T16:31:20Z</time>
        <extensions>
          <gpxdata:distance>20985.52</gpxdata:distance>
          <gpxdata:speed>0.908</gpxdata:speed>
        </extensions>
      </trkpt>
      <trkpt lat="46.5295383" lon="9.4325236">
        <ele>1449.9</ele>
        <time>2026-09-15T16:31:34Z</time>
        <extensions>
          <gpxdata:distance>20998.17</gpxdata:distance>
          <gpxdata:speed>0.899</gpxdata:speed>
        </extensions>
      </trkpt>
      <trkpt lat="46.5295922" lon="9.4325386">
        <ele>1449.4</ele>
        <time>2026-09-15T16:31:41Z</time>
        <extensions>
          <gpxdata:distance>21004.27</gpxdata:distance>
          <gpxdata:speed>0.895</gpxdata:speed>
        </extensions>
      </trkpt>
      <trkpt lat="46.5296812" lon="9.4325936">
        <ele>1448.1</ele>
        <time>2026-09-15T16:31:53Z</time>
        <extensions>
          <gpxdata:distance>21015.02</gpxdata:distance>
          <gpxdata:speed>0.899</gpxdata:speed>
        </extensions>
      </trkpt>
      <trkpt lat="46.5297702" lon="9.4326366">
        <ele>1446.9</ele>
        <time>2026-09-15T16:32:05Z</time>
        <extensions>
          <gpxdata:distance>21025.45</gpxdata:distance>
          <gpxdata:speed>0.898</gpxdata:speed>
        </extensions>
      </trkpt>
      <trkpt lat="46.5298232" lon="9.4326776">
        <ele>1445.9</ele>
        <time>2026-09-15T16:32:12Z</time>
        <extensions>
          <gpxdata:distance>21032.13</gpxdata:distance>
          <gpxdata:speed>0.895</gpxdata:speed>
        </extensions>
      </trkpt>
      <trkpt lat="46.5298682" lon="9.4327186">
        <ele>1445.0</ele>
        <time>2026-09-15T16:32:19Z</time>
        <extensions>
          <gpxdata:distance>21038.03</gpxdata:distance>
          <gpxdata:speed>0.903</gpxdata:speed>
        </extensions>
      </trkpt>
      <trkpt lat="46.5299832" lon="9.4328266">
        <ele>1443.0</ele>
        <time>2026-09-15T16:32:36Z</time>
        <extensions>
          <gpxdata:distance>21053.26</gpxdata:distance>
          <gpxdata:speed>0.907</gpxdata:speed>
        </extensions>
      </trkpt>
      <trkpt lat="46.5300542" lon="9.4328816">
        <ele>1442.5</ele>
        <time>2026-09-15T16:32:45Z</time>
        <extensions>
          <gpxdata:distance>21062.20</gpxdata:distance>
          <gpxdata:speed>0.902</gpxdata:speed>
        </extensions>
      </trkpt>
      <trkpt lat="46.5301162" lon="9.4329226">
        <ele>1441.7</ele>
        <time>2026-09-15T16:32:54Z</time>
        <extensions>
          <gpxdata:distance>21069.78</gpxdata:distance>
          <gpxdata:speed>0.904</gpxdata:speed>
        </extensions>
      </trkpt>
      <trkpt lat="46.5302322" lon="9.4329926">
        <ele>1441.0</ele>
        <time>2026-09-15T16:33:09Z</time>
        <extensions>
          <gpxdata:distance>21083.74</gpxdata:distance>
          <gpxdata:speed>0.898</gpxdata:speed>
        </extensions>
      </trkpt>
      <trkpt lat="46.5304552" lon="9.4330786">
        <ele>1438.9</ele>
        <time>2026-09-15T16:33:38Z</time>
        <extensions>
          <gpxdata:distance>21109.40</gpxdata:distance>
          <gpxdata:speed>0.894</gpxdata:speed>
        </extensions>
      </trkpt>
      <trkpt lat="46.5305982" lon="9.4331626">
        <ele>1438.5</ele>
        <time>2026-09-15T16:33:57Z</time>
        <extensions>
          <gpxdata:distance>21126.55</gpxdata:distance>
          <gpxdata:speed>0.909</gpxdata:speed>
        </extensions>
      </trkpt>
      <trkpt lat="46.5307322" lon="9.4332326">
        <ele>1438.8</ele>
        <time>2026-09-15T16:34:14Z</time>
        <extensions>
          <gpxdata:distance>21142.38</gpxdata:distance>
          <gpxdata:speed>0.927</gpxdata:speed>
        </extensions>
      </trkpt>
      <trkpt lat="46.5308392" lon="9.4332496">
        <ele>1440.2</ele>
        <time>2026-09-15T16:34:27Z</time>
        <extensions>
          <gpxdata:distance>21154.35</gpxdata:distance>
          <gpxdata:speed>0.952</gpxdata:speed>
        </extensions>
      </trkpt>
      <trkpt lat="46.5309372" lon="9.4333186">
        <ele>1442.1</ele>
        <time>2026-09-15T16:34:39Z</time>
        <extensions>
          <gpxdata:distance>21166.46</gpxdata:distance>
          <gpxdata:speed>0.983</gpxdata:speed>
        </extensions>
      </trkpt>
      <trkpt lat="46.5309372" lon="9.4333186">
        <ele>1442.1</ele>
        <time>2026-09-15T16:34:39Z</time>
        <extensions>
          <gpxdata:distance>21166.46</gpxdata:distance>
          <gpxdata:speed>0.000</gpxdata:speed>
        </extensions>
      </trkpt>
      <trkpt lat="46.5309552" lon="9.4333186">
        <ele>1442.2</ele>
        <time>2026-09-15T16:34:41Z</time>
        <extensions>
          <gpxdata:distance>21168.46</gpxdata:distance>
          <gpxdata:speed>1.009</gpxdata:speed>
        </extensions>
      </trkpt>
      <trkpt lat="46.5310252" lon="9.4334126">
        <ele>1441.6</ele>
        <time>2026-09-15T16:34:51Z</time>
        <extensions>
          <gpxdata:distance>21179.05</gpxdata:distance>
          <gpxdata:speed>1.011</gpxdata:speed>
        </extensions>
      </trkpt>
      <trkpt lat="46.5310522" lon="9.4334266">
        <ele>1441.3</ele>
        <time>2026-09-15T16:34:55Z</time>
        <extensions>
          <gpxdata:distance>21182.24</gpxdata:distance>
          <gpxdata:speed>1.005</gpxdata:speed>
        </extensions>
      </trkpt>
      <trkpt lat="46.5310882" lon="9.4334156">
        <ele>1441.0</ele>
        <time>2026-09-15T16:34:59Z</time>
        <extensions>
          <gpxdata:distance>21186.33</gpxdata:distance>
          <gpxdata:speed>0.943</gpxdata:speed>
        </extensions>
      </trkpt>
      <trkpt lat="46.5311342" lon="9.4333516">
        <ele>1440.2</ele>
        <time>2026-09-15T16:35:06Z</time>
        <extensions>
          <gpxdata:distance>21193.41</gpxdata:distance>
          <gpxdata:speed>0.948</gpxdata:speed>
        </extensions>
      </trkpt>
      <trkpt lat="46.5311892" lon="9.4333016">
        <ele>1439.6</ele>
        <time>2026-09-15T16:35:14Z</time>
        <extensions>
          <gpxdata:distance>21200.63</gpxdata:distance>
          <gpxdata:speed>0.978</gpxdata:speed>
        </extensions>
      </trkpt>
      <trkpt lat="46.5311892" lon="9.4333016">
        <ele>1439.6</ele>
        <time>2026-09-15T16:35:14Z</time>
        <extensions>
          <gpxdata:distance>21200.63</gpxdata:distance>
          <gpxdata:speed>0.000</gpxdata:speed>
        </extensions>
      </trkpt>
      <trkpt lat="46.5312262" lon="9.4332896">
        <ele>1439.2</ele>
        <time>2026-09-15T16:35:18Z</time>
        <extensions>
          <gpxdata:distance>21204.84</gpxdata:distance>
          <gpxdata:speed>0.921</gpxdata:speed>
        </extensions>
      </trkpt>
      <trkpt lat="46.5312612" lon="9.4333046">
        <ele>1438.6</ele>
        <time>2026-09-15T16:35:23Z</time>
        <extensions>
          <gpxdata:distance>21208.90</gpxdata:distance>
          <gpxdata:speed>0.913</gpxdata:speed>
        </extensions>
      </trkpt>
      <trkpt lat="46.5313242" lon="9.4333326">
        <ele>1437.8</ele>
        <time>2026-09-15T16:35:31Z</time>
        <extensions>
          <gpxdata:distance>21216.22</gpxdata:distance>
          <gpxdata:speed>0.903</gpxdata:speed>
        </extensions>
      </trkpt>
      <trkpt lat="46.5313872" lon="9.4333346">
        <ele>1437.0</ele>
        <time>2026-09-15T16:35:39Z</time>
        <extensions>
          <gpxdata:distance>21223.23</gpxdata:distance>
          <gpxdata:speed>0.898</gpxdata:speed>
        </extensions>
      </trkpt>
      <trkpt lat="46.5314682" lon="9.4333376">
        <ele>1436.3</ele>
        <time>2026-09-15T16:35:49Z</time>
        <extensions>
          <gpxdata:distance>21232.24</gpxdata:distance>
          <gpxdata:speed>0.894</gpxdata:speed>
        </extensions>
      </trkpt>
      <trkpt lat="46.5315032" lon="9.4333526">
        <ele>1436.2</ele>
        <time>2026-09-15T16:35:53Z</time>
        <extensions>
          <gpxdata:distance>21236.30</gpxdata:distance>
          <gpxdata:speed>0.899</gpxdata:speed>
        </extensions>
      </trkpt>
      <trkpt lat="46.5315122" lon="9.4333916">
        <ele>1436.0</ele>
        <time>2026-09-15T16:35:57Z</time>
        <extensions>
          <gpxdata:distance>21239.45</gpxdata:distance>
          <gpxdata:speed>0.904</gpxdata:speed>
        </extensions>
      </trkpt>
      <trkpt lat="46.5315282" lon="9.4334706">
        <ele>1435.9</ele>
        <time>2026-09-15T16:36:04Z</time>
        <extensions>
          <gpxdata:distance>21245.75</gpxdata:distance>
          <gpxdata:speed>0.914</gpxdata:speed>
        </extensions>
      </trkpt>
      <trkpt lat="46.5315152" lon="9.4337176">
        <ele>1434.9</ele>
        <time>2026-09-15T16:36:24Z</time>
        <extensions>
          <gpxdata:distance>21264.70</gpxdata:distance>
          <gpxdata:speed>0.923</gpxdata:speed>
        </extensions>
      </trkpt>
      <trkpt lat="46.5315142" lon="9.4337566">
        <ele>1434.5</ele>
        <time>2026-09-15T16:36:27Z</time>
        <extensions>
          <gpxdata:distance>21267.68</gpxdata:distance>
          <gpxdata:speed>0.921</gpxdata:speed>
        </extensions>
      </trkpt>
      <trkpt lat="46.5315142" lon="9.4337566">
        <ele>1434.5</ele>
        <time>2026-09-15T16:36:27Z</time>
        <extensions>
          <gpxdata:distance>21267.68</gpxdata:distance>
          <gpxdata:speed>0.000</gpxdata:speed>
        </extensions>
      </trkpt>
      <trkpt lat="46.5315502" lon="9.4337456">
        <ele>1433.7</ele>
        <time>2026-09-15T16:36:32Z</time>
        <extensions>
          <gpxdata:distance>21271.77</gpxdata:distance>
          <gpxdata:speed>0.923</gpxdata:speed>
        </extensions>
      </trkpt>
      <trkpt lat="46.5315952" lon="9.4337466">
        <ele>1432.3</ele>
        <time>2026-09-15T16:36:37Z</time>
        <extensions>
          <gpxdata:distance>21276.78</gpxdata:distance>
          <gpxdata:speed>0.908</gpxdata:speed>
        </extensions>
      </trkpt>
      <trkpt lat="46.5316142" lon="9.4337346">
        <ele>1432.0</ele>
        <time>2026-09-15T16:36:40Z</time>
        <extensions>
          <gpxdata:distance>21279.08</gpxdata:distance>
          <gpxdata:speed>0.903</gpxdata:speed>
        </extensions>
      </trkpt>
      <trkpt lat="46.5316322" lon="9.4337356">
        <ele>1431.9</ele>
        <time>2026-09-15T16:36:42Z</time>
        <extensions>
          <gpxdata:distance>21281.08</gpxdata:distance>
          <gpxdata:speed>0.899</gpxdata:speed>
        </extensions>
      </trkpt>
      <trkpt lat="46.5316402" lon="9.4337486">
        <ele>1431.6</ele>
        <time>2026-09-15T16:36:44Z</time>
        <extensions>
          <gpxdata:distance>21282.42</gpxdata:distance>
          <gpxdata:speed>0.897</gpxdata:speed>
        </extensions>
      </trkpt>
      <trkpt lat="46.5316492" lon="9.4337746">
        <ele>1430.9</ele>
        <time>2026-09-15T16:36:46Z</time>
        <extensions>
          <gpxdata:distance>21284.64</gpxdata:distance>
          <gpxdata:speed>0.920</gpxdata:speed>
        </extensions>
      </trkpt>
      <trkpt lat="46.5316662" lon="9.4338276">
        <ele>1429.5</ele>
        <time>2026-09-15T16:36:51Z</time>
        <extensions>
          <gpxdata:distance>21289.12</gpxdata:distance>
          <gpxdata:speed>0.872</gpxdata:speed>
        </extensions>
      </trkpt>
      <trkpt lat="46.5316922" lon="9.4338806">
        <ele>1428.4</ele>
        <time>2026-09-15T16:36:57Z</time>
        <extensions>
          <gpxdata:distance>21294.10</gpxdata:distance>
          <gpxdata:speed>0.872</gpxdata:speed>
        </extensions>
      </trkpt>
      <trkpt lat="46.5317452" lon="9.4339346">
        <ele>1426.3</ele>
        <time>2026-09-15T16:37:05Z</time>
        <extensions>
          <gpxdata:distance>21301.29</gpxdata:distance>
          <gpxdata:speed>0.872</gpxdata:speed>
        </extensions>
      </trkpt>
      <trkpt lat="46.5317632" lon="9.4339356">
        <ele>1425.5</ele>
        <time>2026-09-15T16:37:07Z</time>
        <extensions>
          <gpxdata:distance>21303.30</gpxdata:distance>
          <gpxdata:speed>0.872</gpxdata:speed>
        </extensions>
      </trkpt>
      <trkpt lat="46.5317812" lon="9.4339496">
        <ele>1424.8</ele>
        <time>2026-09-15T16:37:10Z</time>
        <extensions>
          <gpxdata:distance>21305.57</gpxdata:distance>
          <gpxdata:speed>0.872</gpxdata:speed>
        </extensions>
      </trkpt>
      <trkpt lat="46.5317892" lon="9.4339756">
        <ele>1424.0</ele>
        <time>2026-09-15T16:37:13Z</time>
        <extensions>
          <gpxdata:distance>21307.74</gpxdata:distance>
          <gpxdata:speed>0.872</gpxdata:speed>
        </extensions>
      </trkpt>
      <trkpt lat="46.5318342" lon="9.4340166">
        <ele>1422.1</ele>
        <time>2026-09-15T16:37:19Z</time>
        <extensions>
          <gpxdata:distance>21313.65</gpxdata:distance>
          <gpxdata:speed>0.872</gpxdata:speed>
        </extensions>
      </trkpt>
      <trkpt lat="46.5318512" lon="9.4340296">
        <ele>1421.7</ele>
        <time>2026-09-15T16:37:22Z</time>
        <extensions>
          <gpxdata:distance>21315.79</gpxdata:distance>
          <gpxdata:speed>0.872</gpxdata:speed>
        </extensions>
      </trkpt>
      <trkpt lat="46.5318592" lon="9.4340826">
        <ele>1421.4</ele>
        <time>2026-09-15T16:37:26Z</time>
        <extensions>
          <gpxdata:distance>21319.94</gpxdata:distance>
          <gpxdata:speed>0.872</gpxdata:speed>
        </extensions>
      </trkpt>
      <trkpt lat="46.5318772" lon="9.4341096">
        <ele>1420.5</ele>
        <time>2026-09-15T16:37:30Z</time>
        <extensions>
          <gpxdata:distance>21322.81</gpxdata:distance>
          <gpxdata:speed>0.872</gpxdata:speed>
        </extensions>
      </trkpt>
      <trkpt lat="46.5319042" lon="9.4341366">
        <ele>1420.1</ele>
        <time>2026-09-15T16:37:34Z</time>
        <extensions>
          <gpxdata:distance>21326.46</gpxdata:distance>
          <gpxdata:speed>0.872</gpxdata:speed>
        </extensions>
      </trkpt>
      <trkpt lat="46.5319302" lon="9.4341636">
        <ele>1419.5</ele>
        <time>2026-09-15T16:37:38Z</time>
        <extensions>
          <gpxdata:distance>21330.01</gpxdata:distance>
          <gpxdata:speed>0.872</gpxdata:speed>
        </extensions>
      </trkpt>
      <trkpt lat="46.5319572" lon="9.4341906">
        <ele>1419.4</ele>
        <time>2026-09-15T16:37:42Z</time>
        <extensions>
          <gpxdata:distance>21333.65</gpxdata:distance>
          <gpxdata:speed>0.872</gpxdata:speed>
        </extensions>
      </trkpt>
      <trkpt lat="46.5319752" lon="9.4341906">
        <ele>1419.3</ele>
        <time>2026-09-15T16:37:44Z</time>
        <extensions>
          <gpxdata:distance>21335.66</gpxdata:distance>
          <gpxdata:speed>0.895</gpxdata:speed>
        </extensions>
      </trkpt>
      <trkpt lat="46.5320022" lon="9.4341786">
        <ele>1419.2</ele>
        <time>2026-09-15T16:37:48Z</time>
        <extensions>
          <gpxdata:distance>21338.80</gpxdata:distance>
          <gpxdata:speed>0.934</gpxdata:speed>
        </extensions>
      </trkpt>
      <trkpt lat="46.5320022" lon="9.4341786">
        <ele>1419.2</ele>
        <time>2026-09-15T16:37:48Z</time>
        <extensions>
          <gpxdata:distance>21338.80</gpxdata:distance>
          <gpxdata:speed>0.000</gpxdata:speed>
        </extensions>
      </trkpt>
      <trkpt lat="46.5320202" lon="9.4341666">
        <ele>1419.2</ele>
        <time>2026-09-15T16:37:50Z</time>
        <extensions>
          <gpxdata:distance>21341.00</gpxdata:distance>
          <gpxdata:speed>0.895</gpxdata:speed>
        </extensions>
      </trkpt>
      <trkpt lat="46.5320202" lon="9.4341666">
        <ele>1419.2</ele>
        <time>2026-09-15T16:37:50Z</time>
        <extensions>
          <gpxdata:distance>21341.00</gpxdata:distance>
          <gpxdata:speed>0.000</gpxdata:speed>
        </extensions>
      </trkpt>
      <trkpt lat="46.5320472" lon="9.4341546">
        <ele>1419.2</ele>
        <time>2026-09-15T16:37:54Z</time>
        <extensions>
          <gpxdata:distance>21344.14</gpxdata:distance>
          <gpxdata:speed>0.936</gpxdata:speed>
        </extensions>
      </trkpt>
      <trkpt lat="46.5320652" lon="9.4341426">
        <ele>1419.1</ele>
        <time>2026-09-15T16:37:56Z</time>
        <extensions>
          <gpxdata:distance>21346.34</gpxdata:distance>
          <gpxdata:speed>0.948</gpxdata:speed>
        </extensions>
      </trkpt>
      <trkpt lat="46.5321012" lon="9.4341436">
        <ele>1418.8</ele>
        <time>2026-09-15T16:38:00Z</time>
        <extensions>
          <gpxdata:distance>21350.34</gpxdata:distance>
          <gpxdata:speed>0.968</gpxdata:speed>
        </extensions>
      </trkpt>
      <trkpt lat="46.5321012" lon="9.4341436">
        <ele>1418.8</ele>
        <time>2026-09-15T16:38:00Z</time>
        <extensions>
          <gpxdata:distance>21350.34</gpxdata:distance>
          <gpxdata:speed>0.000</gpxdata:speed>
        </extensions>
      </trkpt>
      <trkpt lat="46.5321382" lon="9.4341186">
        <ele>1418.7</ele>
        <time>2026-09-15T16:38:05Z</time>
        <extensions>
          <gpxdata:distance>21354.88</gpxdata:distance>
          <gpxdata:speed>0.972</gpxdata:speed>
        </extensions>
      </trkpt>
      <trkpt lat="46.5322022" lon="9.4340686">
        <ele>1418.3</ele>
        <time>2026-09-15T16:38:13Z</time>
        <extensions>
          <gpxdata:distance>21362.96</gpxdata:distance>
          <gpxdata:speed>0.965</gpxdata:speed>
        </extensions>
      </trkpt>
      <trkpt lat="46.5322472" lon="9.4340576">
        <ele>1417.6</ele>
        <time>2026-09-15T16:38:19Z</time>
        <extensions>
          <gpxdata:distance>21368.03</gpxdata:distance>
          <gpxdata:speed>0.943</gpxdata:speed>
        </extensions>
      </trkpt>
      <trkpt lat="46.5322742" lon="9.4340586">
        <ele>1417.2</ele>
        <time>2026-09-15T16:38:22Z</time>
        <extensions>
          <gpxdata:distance>21371.04</gpxdata:distance>
          <gpxdata:speed>0.930</gpxdata:speed>
        </extensions>
      </trkpt>
      <trkpt lat="46.5323012" lon="9.4340726">
        <ele>1416.9</ele>
        <time>2026-09-15T16:38:25Z</time>
        <extensions>
          <gpxdata:distance>21374.22</gpxdata:distance>
          <gpxdata:speed>0.927</gpxdata:speed>
        </extensions>
      </trkpt>
      <trkpt lat="46.5323442" lon="9.4341656">
        <ele>1416.1</ele>
        <time>2026-09-15T16:38:35Z</time>
        <extensions>
          <gpxdata:distance>21382.79</gpxdata:distance>
          <gpxdata:speed>0.916</gpxdata:speed>
        </extensions>
      </trkpt>
      <trkpt lat="46.5323622" lon="9.4341796">
        <ele>1415.9</ele>
        <time>2026-09-15T16:38:37Z</time>
        <extensions>
          <gpxdata:distance>21385.06</gpxdata:distance>
          <gpxdata:speed>0.913</gpxdata:speed>
        </extensions>
      </trkpt>
      <trkpt lat="46.5323892" lon="9.4341806">
        <ele>1415.7</ele>
        <time>2026-09-15T16:38:40Z</time>
        <extensions>
          <gpxdata:distance>21388.07</gpxdata:distance>
          <gpxdata:speed>0.914</gpxdata:speed>
        </extensions>
      </trkpt>
      <trkpt lat="46.5324982" lon="9.4341186">
        <ele>1414.8</ele>
        <time>2026-09-15T16:38:55Z</time>
        <extensions>
          <gpxdata:distance>21401.08</gpxdata:distance>
          <gpxdata:speed>0.917</gpxdata:speed>
        </extensions>
      </trkpt>
      <trkpt lat="46.5325342" lon="9.4341206">
        <ele>1414.6</ele>
        <time>2026-09-15T16:38:59Z</time>
        <extensions>
          <gpxdata:distance>21405.09</gpxdata:distance>
          <gpxdata:speed>0.914</gpxdata:speed>
        </extensions>
      </trkpt>
      <trkpt lat="46.5325702" lon="9.4341216">
        <ele>1414.3</ele>
        <time>2026-09-15T16:39:03Z</time>
        <extensions>
          <gpxdata:distance>21409.09</gpxdata:distance>
          <gpxdata:speed>0.909</gpxdata:speed>
        </extensions>
      </trkpt>
      <trkpt lat="46.5326142" lon="9.4341756">
        <ele>1413.7</ele>
        <time>2026-09-15T16:39:10Z</time>
        <extensions>
          <gpxdata:distance>21415.50</gpxdata:distance>
          <gpxdata:speed>0.914</gpxdata:speed>
        </extensions>
      </trkpt>
      <trkpt lat="46.5326572" lon="9.4342686">
        <ele>1412.2</ele>
        <time>2026-09-15T16:39:20Z</time>
        <extensions>
          <gpxdata:distance>21424.07</gpxdata:distance>
          <gpxdata:speed>0.901</gpxdata:speed>
        </extensions>
      </trkpt>
      <trkpt lat="46.5327012" lon="9.4343356">
        <ele>1411.6</ele>
        <time>2026-09-15T16:39:28Z</time>
        <extensions>
          <gpxdata:distance>21431.15</gpxdata:distance>
          <gpxdata:speed>0.902</gpxdata:speed>
        </extensions>
      </trkpt>
      <trkpt lat="46.5327542" lon="9.4343896">
        <ele>1411.6</ele>
        <time>2026-09-15T16:39:36Z</time>
        <extensions>
          <gpxdata:distance>21438.35</gpxdata:distance>
          <gpxdata:speed>0.915</gpxdata:speed>
        </extensions>
      </trkpt>
      <trkpt lat="46.5328622" lon="9.4343936">
        <ele>1411.0</ele>
        <time>2026-09-15T16:39:49Z</time>
        <extensions>
          <gpxdata:distance>21450.36</gpxdata:distance>
          <gpxdata:speed>0.921</gpxdata:speed>
        </extensions>
      </trkpt>
      <trkpt lat="46.5329342" lon="9.4343826">
        <ele>1411.0</ele>
        <time>2026-09-15T16:39:57Z</time>
        <extensions>
          <gpxdata:distance>21458.41</gpxdata:distance>
          <gpxdata:speed>0.930</gpxdata:speed>
        </extensions>
      </trkpt>
      <trkpt lat="46.5330062" lon="9.4343726">
        <ele>1411.3</ele>
        <time>2026-09-15T16:40:06Z</time>
        <extensions>
          <gpxdata:distance>21466.46</gpxdata:distance>
          <gpxdata:speed>0.944</gpxdata:speed>
        </extensions>
      </trkpt>
      <trkpt lat="46.5331062" lon="9.4343506">
        <ele>1411.6</ele>
        <time>2026-09-15T16:40:17Z</time>
        <extensions>
          <gpxdata:distance>21477.70</gpxdata:distance>
          <gpxdata:speed>0.959</gpxdata:speed>
        </extensions>
      </trkpt>
      <trkpt lat="46.5331602" lon="9.4343516">
        <ele>1411.6</ele>
        <time>2026-09-15T16:40:24Z</time>
        <extensions>
          <gpxdata:distance>21483.71</gpxdata:distance>
          <gpxdata:speed>0.966</gpxdata:speed>
        </extensions>
      </trkpt>
      <trkpt lat="46.5331952" lon="9.4343666">
        <ele>1411.7</ele>
        <time>2026-09-15T16:40:28Z</time>
        <extensions>
          <gpxdata:distance>21487.76</gpxdata:distance>
          <gpxdata:speed>0.977</gpxdata:speed>
        </extensions>
      </trkpt>
      <trkpt lat="46.5332402" lon="9.4344076">
        <ele>1411.9</ele>
        <time>2026-09-15T16:40:34Z</time>
        <extensions>
          <gpxdata:distance>21493.67</gpxdata:distance>
          <gpxdata:speed>1.007</gpxdata:speed>
        </extensions>
      </trkpt>
      <trkpt lat="46.5332402" lon="9.4344076">
        <ele>1411.9</ele>
        <time>2026-09-15T16:40:34Z</time>
        <extensions>
          <gpxdata:distance>21493.67</gpxdata:distance>
          <gpxdata:speed>0.000</gpxdata:speed>
        </extensions>
      </trkpt>
      <trkpt lat="46.5333632" lon="9.4345426">
        <ele>1411.5</ele>
        <time>2026-09-15T16:40:51Z</time>
        <extensions>
          <gpxdata:distance>21510.81</gpxdata:distance>
          <gpxdata:speed>1.011</gpxdata:speed>
        </extensions>
      </trkpt>
      <trkpt lat="46.5334602" lon="9.4346366">
        <ele>1410.8</ele>
        <time>2026-09-15T16:41:04Z</time>
        <extensions>
          <gpxdata:distance>21523.77</gpxdata:distance>
          <gpxdata:speed>1.009</gpxdata:speed>
        </extensions>
      </trkpt>
      <trkpt lat="46.5338152" lon="9.4349237">
        <ele>1406.3</ele>
        <time>2026-09-15T16:41:51Z</time>
        <extensions>
          <gpxdata:distance>21568.94</gpxdata:distance>
          <gpxdata:speed>0.958</gpxdata:speed>
        </extensions>
      </trkpt>
      <trkpt lat="46.5338512" lon="9.4349387">
        <ele>1406.0</ele>
        <time>2026-09-15T16:41:55Z</time>
        <extensions>
          <gpxdata:distance>21573.11</gpxdata:distance>
          <gpxdata:speed>0.949</gpxdata:speed>
        </extensions>
      </trkpt>
      <trkpt lat="46.5338962" lon="9.4349527">
        <ele>1405.8</ele>
        <time>2026-09-15T16:42:01Z</time>
        <extensions>
          <gpxdata:distance>21578.22</gpxdata:distance>
          <gpxdata:speed>0.940</gpxdata:speed>
        </extensions>
      </trkpt>
      <trkpt lat="46.5339503" lon="9.4349677">
        <ele>1405.7</ele>
        <time>2026-09-15T16:42:07Z</time>
        <extensions>
          <gpxdata:distance>21584.35</gpxdata:distance>
          <gpxdata:speed>0.939</gpxdata:speed>
        </extensions>
      </trkpt>
      <trkpt lat="46.5341563" lon="9.4349757">
        <ele>1405.3</ele>
        <time>2026-09-15T16:42:31Z</time>
        <extensions>
          <gpxdata:distance>21607.26</gpxdata:distance>
          <gpxdata:speed>0.944</gpxdata:speed>
        </extensions>
      </trkpt>
      <trkpt lat="46.5344443" lon="9.4349867">
        <ele>1404.3</ele>
        <time>2026-09-15T16:43:05Z</time>
        <extensions>
          <gpxdata:distance>21639.30</gpxdata:distance>
          <gpxdata:speed>0.946</gpxdata:speed>
        </extensions>
      </trkpt>
      <trkpt lat="46.5346423" lon="9.4350067">
        <ele>1403.8</ele>
        <time>2026-09-15T16:43:28Z</time>
        <extensions>
          <gpxdata:distance>21661.37</gpxdata:distance>
          <gpxdata:speed>0.950</gpxdata:speed>
        </extensions>
      </trkpt>
      <trkpt lat="46.5349483" lon="9.4350047">
        <ele>1402.4</ele>
        <time>2026-09-15T16:44:04Z</time>
        <extensions>
          <gpxdata:distance>21695.39</gpxdata:distance>
          <gpxdata:speed>0.949</gpxdata:speed>
        </extensions>
      </trkpt>
      <trkpt lat="46.5351993" lon="9.4350277">
        <ele>1402.2</ele>
        <time>2026-09-15T16:44:33Z</time>
        <extensions>
          <gpxdata:distance>21723.36</gpxdata:distance>
          <gpxdata:speed>0.957</gpxdata:speed>
        </extensions>
      </trkpt>
      <trkpt lat="46.5352353" lon="9.4350288">
        <ele>1402.6</ele>
        <time>2026-09-15T16:44:38Z</time>
        <extensions>
          <gpxdata:distance>21727.36</gpxdata:distance>
          <gpxdata:speed>0.982</gpxdata:speed>
        </extensions>
      </trkpt>
      <trkpt lat="46.5352353" lon="9.4350288">
        <ele>1402.6</ele>
        <time>2026-09-15T16:44:38Z</time>
        <extensions>
          <gpxdata:distance>21727.36</gpxdata:distance>
          <gpxdata:speed>0.000</gpxdata:speed>
        </extensions>
      </trkpt>
      <trkpt lat="46.5355593" lon="9.4350408">
        <ele>1404.2</ele>
        <time>2026-09-15T16:45:14Z</time>
        <extensions>
          <gpxdata:distance>21763.40</gpxdata:distance>
          <gpxdata:speed>1.001</gpxdata:speed>
        </extensions>
      </trkpt>
      <trkpt lat="46.5356313" lon="9.4350168">
        <ele>1404.7</ele>
        <time>2026-09-15T16:45:22Z</time>
        <extensions>
          <gpxdata:distance>21771.62</gpxdata:distance>
          <gpxdata:speed>1.006</gpxdata:speed>
        </extensions>
      </trkpt>
      <trkpt lat="46.5357403" lon="9.4350078">
        <ele>1405.6</ele>
        <time>2026-09-15T16:45:34Z</time>
        <extensions>
          <gpxdata:distance>21783.75</gpxdata:distance>
          <gpxdata:speed>1.008</gpxdata:speed>
        </extensions>
      </trkpt>
      <trkpt lat="46.5358303" lon="9.4349858">
        <ele>1406.3</ele>
        <time>2026-09-15T16:45:44Z</time>
        <extensions>
          <gpxdata:distance>21793.90</gpxdata:distance>
          <gpxdata:speed>0.980</gpxdata:speed>
        </extensions>
      </trkpt>
      <trkpt lat="46.5359303" lon="9.4349498">
        <ele>1407.1</ele>
        <time>2026-09-15T16:45:56Z</time>
        <extensions>
          <gpxdata:distance>21805.36</gpxdata:distance>
          <gpxdata:speed>0.954</gpxdata:speed>
        </extensions>
      </trkpt>
      <trkpt lat="46.5360933" lon="9.4348778">
        <ele>1408.8</ele>
        <time>2026-09-15T16:46:18Z</time>
        <extensions>
          <gpxdata:distance>21824.30</gpxdata:distance>
          <gpxdata:speed>0.886</gpxdata:speed>
        </extensions>
      </trkpt>
      <trkpt lat="46.5362473" lon="9.4348178">
        <ele>1410.6</ele>
        <time>2026-09-15T16:46:39Z</time>
        <extensions>
          <gpxdata:distance>21842.03</gpxdata:distance>
          <gpxdata:speed>0.831</gpxdata:speed>
        </extensions>
      </trkpt>
      <trkpt lat="46.5363103" lon="9.4347948">
        <ele>1411.2</ele>
        <time>2026-09-15T16:46:48Z</time>
        <extensions>
          <gpxdata:distance>21849.25</gpxdata:distance>
          <gpxdata:speed>0.831</gpxdata:speed>
        </extensions>
      </trkpt>
      <trkpt lat="46.5363913" lon="9.4347848">
        <ele>1411.8</ele>
        <time>2026-09-15T16:46:58Z</time>
        <extensions>
          <gpxdata:distance>21858.29</gpxdata:distance>
          <gpxdata:speed>0.832</gpxdata:speed>
        </extensions>
      </trkpt>
      <trkpt lat="46.5365093" lon="9.4347628">
        <ele>1412.8</ele>
        <time>2026-09-15T16:47:15Z</time>
        <extensions>
          <gpxdata:distance>21871.52</gpxdata:distance>
          <gpxdata:speed>0.808</gpxdata:speed>
        </extensions>
      </trkpt>
      <trkpt lat="46.5366803" lon="9.4347688">
        <ele>1414.4</ele>
        <time>2026-09-15T16:47:38Z</time>
        <extensions>
          <gpxdata:distance>21890.54</gpxdata:distance>
          <gpxdata:speed>0.802</gpxdata:speed>
        </extensions>
      </trkpt>
      <trkpt lat="46.5367253" lon="9.4347708">
        <ele>1414.8</ele>
        <time>2026-09-15T16:47:45Z</time>
        <extensions>
          <gpxdata:distance>21895.55</gpxdata:distance>
          <gpxdata:speed>0.800</gpxdata:speed>
        </extensions>
      </trkpt>
      <trkpt lat="46.5367613" lon="9.4347588">
        <ele>1415.2</ele>
        <time>2026-09-15T16:47:50Z</time>
        <extensions>
          <gpxdata:distance>21899.65</gpxdata:distance>
          <gpxdata:speed>0.796</gpxdata:speed>
        </extensions>
      </trkpt>
      <trkpt lat="46.5368063" lon="9.4347348">
        <ele>1415.6</ele>
        <time>2026-09-15T16:47:57Z</time>
        <extensions>
          <gpxdata:distance>21904.98</gpxdata:distance>
          <gpxdata:speed>0.792</gpxdata:speed>
        </extensions>
      </trkpt>
      <trkpt lat="46.5369073" lon="9.4346468">
        <ele>1416.6</ele>
        <time>2026-09-15T16:48:13Z</time>
        <extensions>
          <gpxdata:distance>21918.08</gpxdata:distance>
          <gpxdata:speed>0.798</gpxdata:speed>
        </extensions>
      </trkpt>
      <trkpt lat="46.5370353" lon="9.4345348">
        <ele>1417.8</ele>
        <time>2026-09-15T16:48:33Z</time>
        <extensions>
          <gpxdata:distance>21934.69</gpxdata:distance>
          <gpxdata:speed>0.813</gpxdata:speed>
        </extensions>
      </trkpt>
      <trkpt lat="46.5370993" lon="9.4344848">
        <ele>1418.5</ele>
        <time>2026-09-15T16:48:43Z</time>
        <extensions>
          <gpxdata:distance>21942.77</gpxdata:distance>
          <gpxdata:speed>0.812</gpxdata:speed>
        </extensions>
      </trkpt>
      <trkpt lat="46.5371893" lon="9.4344489">
        <ele>1419.3</ele>
        <time>2026-09-15T16:48:56Z</time>
        <extensions>
          <gpxdata:distance>21953.14</gpxdata:distance>
          <gpxdata:speed>0.809</gpxdata:speed>
        </extensions>
      </trkpt>
      <trkpt lat="46.5372713" lon="9.4344129">
        <ele>1420.2</ele>
        <time>2026-09-15T16:49:08Z</time>
        <extensions>
          <gpxdata:distance>21962.67</gpxdata:distance>
          <gpxdata:speed>0.803</gpxdata:speed>
        </extensions>
      </trkpt>
      <trkpt lat="46.5373433" lon="9.4343889">
        <ele>1420.9</ele>
        <time>2026-09-15T16:49:18Z</time>
        <extensions>
          <gpxdata:distance>21970.88</gpxdata:distance>
          <gpxdata:speed>0.804</gpxdata:speed>
        </extensions>
      </trkpt>
      <trkpt lat="46.5374243" lon="9.4343789">
        <ele>1421.7</ele>
        <time>2026-09-15T16:49:30Z</time>
        <extensions>
          <gpxdata:distance>21979.92</gpxdata:distance>
          <gpxdata:speed>0.802</gpxdata:speed>
        </extensions>
      </trkpt>
      <trkpt lat="46.5374873" lon="9.4343819">
        <ele>1422.3</ele>
        <time>2026-09-15T16:49:38Z</time>
        <extensions>
          <gpxdata:distance>21986.93</gpxdata:distance>
          <gpxdata:speed>0.803</gpxdata:speed>
        </extensions>
      </trkpt>
      <trkpt lat="46.5375503" lon="9.4343839">
        <ele>1422.7</ele>
        <time>2026-09-15T16:49:47Z</time>
        <extensions>
          <gpxdata:distance>21993.94</gpxdata:distance>
          <gpxdata:speed>0.807</gpxdata:speed>
        </extensions>
      </trkpt>
      <trkpt lat="46.5376583" lon="9.4344139">
        <ele>1422.8</ele>
        <time>2026-09-15T16:50:02Z</time>
        <extensions>
          <gpxdata:distance>22006.16</gpxdata:distance>
          <gpxdata:speed>0.832</gpxdata:speed>
        </extensions>
      </trkpt>
      <trkpt lat="46.5377833" lon="9.4344449">
        <ele>1422.7</ele>
        <time>2026-09-15T16:50:18Z</time>
        <extensions>
          <gpxdata:distance>22020.27</gpxdata:distance>
          <gpxdata:speed>0.866</gpxdata:speed>
        </extensions>
      </trkpt>
      <trkpt lat="46.5378553" lon="9.4344469">
        <ele>1422.7</ele>
        <time>2026-09-15T16:50:27Z</time>
        <extensions>
          <gpxdata:distance>22028.27</gpxdata:distance>
          <gpxdata:speed>0.888</gpxdata:speed>
        </extensions>
      </trkpt>
      <trkpt lat="46.5379723" lon="9.4344519">
        <ele>1422.7</ele>
        <time>2026-09-15T16:50:41Z</time>
        <extensions>
          <gpxdata:distance>22041.29</gpxdata:distance>
          <gpxdata:speed>0.914</gpxdata:speed>
        </extensions>
      </trkpt>
      <trkpt lat="46.5381253" lon="9.4344309">
        <ele>1423.1</ele>
        <time>2026-09-15T16:51:00Z</time>
        <extensions>
          <gpxdata:distance>22058.38</gpxdata:distance>
          <gpxdata:speed>0.935</gpxdata:speed>
        </extensions>
      </trkpt>
      <trkpt lat="46.5383243" lon="9.4343859">
        <ele>1423.2</ele>
        <time>2026-09-15T16:51:23Z</time>
        <extensions>
          <gpxdata:distance>22080.77</gpxdata:distance>
          <gpxdata:speed>0.959</gpxdata:speed>
        </extensions>
      </trkpt>
      <trkpt lat="46.5385143" lon="9.4343409">
        <ele>1422.9</ele>
        <time>2026-09-15T16:51:45Z</time>
        <extensions>
          <gpxdata:distance>22102.18</gpxdata:distance>
          <gpxdata:speed>0.987</gpxdata:speed>
        </extensions>
      </trkpt>
      <trkpt lat="46.5386863" lon="9.4342819">
        <ele>1422.2</ele>
        <time>2026-09-15T16:52:04Z</time>
        <extensions>
          <gpxdata:distance>22121.83</gpxdata:distance>
          <gpxdata:speed>1.011</gpxdata:speed>
        </extensions>
      </trkpt>
      <trkpt lat="46.5388763" lon="9.4342109">
        <ele>1422.5</ele>
        <time>2026-09-15T16:52:26Z</time>
        <extensions>
          <gpxdata:distance>22143.64</gpxdata:distance>
          <gpxdata:speed>1.011</gpxdata:speed>
        </extensions>
      </trkpt>
      <trkpt lat="46.5390933" lon="9.4341410">
        <ele>1425.3</ele>
        <time>2026-09-15T16:52:51Z</time>
        <extensions>
          <gpxdata:distance>22168.36</gpxdata:distance>
          <gpxdata:speed>0.973</gpxdata:speed>
        </extensions>
      </trkpt>
      <trkpt lat="46.5393743" lon="9.4340470">
        <ele>1428.4</ele>
        <time>2026-09-15T16:53:25Z</time>
        <extensions>
          <gpxdata:distance>22200.42</gpxdata:distance>
          <gpxdata:speed>0.932</gpxdata:speed>
        </extensions>
      </trkpt>
      <trkpt lat="46.5395093" lon="9.4340130">
        <ele>1428.2</ele>
        <time>2026-09-15T16:53:42Z</time>
        <extensions>
          <gpxdata:distance>22215.65</gpxdata:distance>
          <gpxdata:speed>0.938</gpxdata:speed>
        </extensions>
      </trkpt>
      <trkpt lat="46.5396093" lon="9.4339900">
        <ele>1428.0</ele>
        <time>2026-09-15T16:53:54Z</time>
        <extensions>
          <gpxdata:distance>22226.91</gpxdata:distance>
          <gpxdata:speed>0.940</gpxdata:speed>
        </extensions>
      </trkpt>
      <trkpt lat="46.5396993" lon="9.4339680">
        <ele>1428.4</ele>
        <time>2026-09-15T16:54:04Z</time>
        <extensions>
          <gpxdata:distance>22237.06</gpxdata:distance>
          <gpxdata:speed>0.937</gpxdata:speed>
        </extensions>
      </trkpt>
      <trkpt lat="46.5398443" lon="9.4339470">
        <ele>1428.6</ele>
        <time>2026-09-15T16:54:22Z</time>
        <extensions>
          <gpxdata:distance>22253.26</gpxdata:distance>
          <gpxdata:speed>0.933</gpxdata:speed>
        </extensions>
      </trkpt>
      <trkpt lat="46.5398893" lon="9.4339490">
        <ele>1428.6</ele>
        <time>2026-09-15T16:54:27Z</time>
        <extensions>
          <gpxdata:distance>22258.27</gpxdata:distance>
          <gpxdata:speed>0.920</gpxdata:speed>
        </extensions>
      </trkpt>
      <trkpt lat="46.5401753" lon="9.4340240">
        <ele>1428.3</ele>
        <time>2026-09-15T16:55:02Z</time>
        <extensions>
          <gpxdata:distance>22290.58</gpxdata:distance>
          <gpxdata:speed>0.921</gpxdata:speed>
        </extensions>
      </trkpt>
      <trkpt lat="46.5402383" lon="9.4340270">
        <ele>1427.8</ele>
        <time>2026-09-15T16:55:10Z</time>
        <extensions>
          <gpxdata:distance>22297.59</gpxdata:distance>
          <gpxdata:speed>0.925</gpxdata:speed>
        </extensions>
      </trkpt>
      <trkpt lat="46.5404183" lon="9.4340070">
        <ele>1425.7</ele>
        <time>2026-09-15T16:55:30Z</time>
        <extensions>
          <gpxdata:distance>22317.66</gpxdata:distance>
          <gpxdata:speed>1.006</gpxdata:speed>
        </extensions>
      </trkpt>
      <trkpt lat="46.5404183" lon="9.4340070">
        <ele>1425.7</ele>
        <time>2026-09-15T16:55:30Z</time>
        <extensions>
          <gpxdata:distance>22317.66</gpxdata:distance>
          <gpxdata:speed>0.000</gpxdata:speed>
        </extensions>
      </trkpt>
      <trkpt lat="46.5406893" lon="9.4339781">
        <ele>1421.4</ele>
        <time>2026-09-15T16:56:02Z</time>
        <extensions>
          <gpxdata:distance>22347.88</gpxdata:distance>
          <gpxdata:speed>0.947</gpxdata:speed>
        </extensions>
      </trkpt>
      <trkpt lat="46.5409233" lon="9.4339741">
        <ele>1418.3</ele>
        <time>2026-09-15T16:56:30Z</time>
        <extensions>
          <gpxdata:distance>22373.90</gpxdata:distance>
          <gpxdata:speed>0.931</gpxdata:speed>
        </extensions>
      </trkpt>
      <trkpt lat="46.5410223" lon="9.4339641">
        <ele>1417.0</ele>
        <time>2026-09-15T16:56:42Z</time>
        <extensions>
          <gpxdata:distance>22384.94</gpxdata:distance>
          <gpxdata:speed>0.919</gpxdata:speed>
        </extensions>
      </trkpt>
      <trkpt lat="46.5411033" lon="9.4339801">
        <ele>1416.0</ele>
        <time>2026-09-15T16:56:52Z</time>
        <extensions>
          <gpxdata:distance>22394.03</gpxdata:distance>
          <gpxdata:speed>0.906</gpxdata:speed>
        </extensions>
      </trkpt>
      <trkpt lat="46.5413173" lon="9.4340531">
        <ele>1414.0</ele>
        <time>2026-09-15T16:57:19Z</time>
        <extensions>
          <gpxdata:distance>22418.47</gpxdata:distance>
          <gpxdata:speed>0.904</gpxdata:speed>
        </extensions>
      </trkpt>
      <trkpt lat="46.5413443" lon="9.4340811">
        <ele>1413.9</ele>
        <time>2026-09-15T16:57:23Z</time>
        <extensions>
          <gpxdata:distance>22422.16</gpxdata:distance>
          <gpxdata:speed>0.903</gpxdata:speed>
        </extensions>
      </trkpt>
      <trkpt lat="46.5413613" lon="9.4341201">
        <ele>1413.4</ele>
        <time>2026-09-15T16:57:27Z</time>
        <extensions>
          <gpxdata:distance>22425.69</gpxdata:distance>
          <gpxdata:speed>0.906</gpxdata:speed>
        </extensions>
      </trkpt>
      <trkpt lat="46.5413613" lon="9.4341591">
        <ele>1413.1</ele>
        <time>2026-09-15T16:57:30Z</time>
        <extensions>
          <gpxdata:distance>22428.67</gpxdata:distance>
          <gpxdata:speed>0.907</gpxdata:speed>
        </extensions>
      </trkpt>
      <trkpt lat="46.5413513" lon="9.4341851">
        <ele>1412.9</ele>
        <time>2026-09-15T16:57:33Z</time>
        <extensions>
          <gpxdata:distance>22430.95</gpxdata:distance>
          <gpxdata:speed>0.906</gpxdata:speed>
        </extensions>
      </trkpt>
      <trkpt lat="46.5413333" lon="9.4341841">
        <ele>1412.7</ele>
        <time>2026-09-15T16:57:35Z</time>
        <extensions>
          <gpxdata:distance>22432.95</gpxdata:distance>
          <gpxdata:speed>0.896</gpxdata:speed>
        </extensions>
      </trkpt>
      <trkpt lat="46.5413063" lon="9.4341961">
        <ele>1412.3</ele>
        <time>2026-09-15T16:57:38Z</time>
        <extensions>
          <gpxdata:distance>22436.09</gpxdata:distance>
          <gpxdata:speed>0.898</gpxdata:speed>
        </extensions>
      </trkpt>
      <trkpt lat="46.5412163" lon="9.4341801">
        <ele>1411.3</ele>
        <time>2026-09-15T16:57:49Z</time>
        <extensions>
          <gpxdata:distance>22446.17</gpxdata:distance>
          <gpxdata:speed>0.902</gpxdata:speed>
        </extensions>
      </trkpt>
      <trkpt lat="46.5411083" lon="9.4341761">
        <ele>1410.4</ele>
        <time>2026-09-15T16:58:03Z</time>
        <extensions>
          <gpxdata:distance>22458.19</gpxdata:distance>
          <gpxdata:speed>0.908</gpxdata:speed>
        </extensions>
      </trkpt>
      <trkpt lat="46.5410273" lon="9.4341861">
        <ele>1409.7</ele>
        <time>2026-09-15T16:58:13Z</time>
        <extensions>
          <gpxdata:distance>22467.22</gpxdata:distance>
          <gpxdata:speed>0.907</gpxdata:speed>
        </extensions>
      </trkpt>
      <trkpt lat="46.5409453" lon="9.4342351">
        <ele>1408.9</ele>
        <time>2026-09-15T16:58:24Z</time>
        <extensions>
          <gpxdata:distance>22477.08</gpxdata:distance>
          <gpxdata:speed>0.904</gpxdata:speed>
        </extensions>
      </trkpt>
      <trkpt lat="46.5408733" lon="9.4342461">
        <ele>1408.2</ele>
        <time>2026-09-15T16:58:32Z</time>
        <extensions>
          <gpxdata:distance>22485.13</gpxdata:distance>
          <gpxdata:speed>0.908</gpxdata:speed>
        </extensions>
      </trkpt>
      <trkpt lat="46.5408373" lon="9.4342571">
        <ele>1407.8</ele>
        <time>2026-09-15T16:58:37Z</time>
        <extensions>
          <gpxdata:distance>22489.22</gpxdata:distance>
          <gpxdata:speed>0.908</gpxdata:speed>
        </extensions>
      </trkpt>
      <trkpt lat="46.5408103" lon="9.4342831">
        <ele>1407.6</ele>
        <time>2026-09-15T16:58:41Z</time>
        <extensions>
          <gpxdata:distance>22492.82</gpxdata:distance>
          <gpxdata:speed>0.910</gpxdata:speed>
        </extensions>
      </trkpt>
      <trkpt lat="46.5408093" lon="9.4343221">
        <ele>1407.2</ele>
        <time>2026-09-15T16:58:44Z</time>
        <extensions>
          <gpxdata:distance>22495.81</gpxdata:distance>
          <gpxdata:speed>0.908</gpxdata:speed>
        </extensions>
      </trkpt>
      <trkpt lat="46.5408173" lon="9.4343481">
        <ele>1406.8</ele>
        <time>2026-09-15T16:58:47Z</time>
        <extensions>
          <gpxdata:distance>22497.99</gpxdata:distance>
          <gpxdata:speed>0.906</gpxdata:speed>
        </extensions>
      </trkpt>
      <trkpt lat="46.5408443" lon="9.4343751">
        <ele>1406.4</ele>
        <time>2026-09-15T16:58:51Z</time>
        <extensions>
          <gpxdata:distance>22501.63</gpxdata:distance>
          <gpxdata:speed>0.907</gpxdata:speed>
        </extensions>
      </trkpt>
      <trkpt lat="46.5408803" lon="9.4343761">
        <ele>1405.8</ele>
        <time>2026-09-15T16:58:55Z</time>
        <extensions>
          <gpxdata:distance>22505.64</gpxdata:distance>
          <gpxdata:speed>0.898</gpxdata:speed>
        </extensions>
      </trkpt>
      <trkpt lat="46.5409613" lon="9.4343661">
        <ele>1404.4</ele>
        <time>2026-09-15T16:59:05Z</time>
        <extensions>
          <gpxdata:distance>22514.67</gpxdata:distance>
          <gpxdata:speed>0.905</gpxdata:speed>
        </extensions>
      </trkpt>
      <trkpt lat="46.5410333" lon="9.4343821">
        <ele>1402.9</ele>
        <time>2026-09-15T16:59:14Z</time>
        <extensions>
          <gpxdata:distance>22522.77</gpxdata:distance>
          <gpxdata:speed>0.923</gpxdata:speed>
        </extensions>
      </trkpt>
      <trkpt lat="46.5410863" lon="9.4343971">
        <ele>1402.1</ele>
        <time>2026-09-15T16:59:20Z</time>
        <extensions>
          <gpxdata:distance>22528.78</gpxdata:distance>
          <gpxdata:speed>0.931</gpxdata:speed>
        </extensions>
      </trkpt>
      <trkpt lat="46.5411483" lon="9.4344511">
        <ele>1400.9</ele>
        <time>2026-09-15T16:59:29Z</time>
        <extensions>
          <gpxdata:distance>22536.81</gpxdata:distance>
          <gpxdata:speed>0.935</gpxdata:speed>
        </extensions>
      </trkpt>
      <trkpt lat="46.5412203" lon="9.4345061">
        <ele>1399.9</ele>
        <time>2026-09-15T16:59:39Z</time>
        <extensions>
          <gpxdata:distance>22545.86</gpxdata:distance>
          <gpxdata:speed>0.936</gpxdata:speed>
        </extensions>
      </trkpt>
      <trkpt lat="46.5412823" lon="9.4345351">
        <ele>1399.3</ele>
        <time>2026-09-15T16:59:46Z</time>
        <extensions>
          <gpxdata:distance>22553.10</gpxdata:distance>
          <gpxdata:speed>0.929</gpxdata:speed>
        </extensions>
      </trkpt>
      <trkpt lat="46.5413453" lon="9.4345371">
        <ele>1398.9</ele>
        <time>2026-09-15T16:59:54Z</time>
        <extensions>
          <gpxdata:distance>22560.11</gpxdata:distance>
          <gpxdata:speed>0.919</gpxdata:speed>
        </extensions>
      </trkpt>
      <trkpt lat="46.5413993" lon="9.4345261">
        <ele>1398.9</ele>
        <time>2026-09-15T17:00:01Z</time>
        <extensions>
          <gpxdata:distance>22566.17</gpxdata:distance>
          <gpxdata:speed>0.909</gpxdata:speed>
        </extensions>
      </trkpt>
      <trkpt lat="46.5414723" lon="9.4345031">
        <ele>1398.7</ele>
        <time>2026-09-15T17:00:10Z</time>
        <extensions>
          <gpxdata:distance>22574.48</gpxdata:distance>
          <gpxdata:speed>0.897</gpxdata:speed>
        </extensions>
      </trkpt>
      <trkpt lat="46.5415813" lon="9.4344411">
        <ele>1398.5</ele>
        <time>2026-09-15T17:00:24Z</time>
        <extensions>
          <gpxdata:distance>22587.49</gpxdata:distance>
          <gpxdata:speed>0.915</gpxdata:speed>
        </extensions>
      </trkpt>
      <trkpt lat="46.5416723" lon="9.4343791">
        <ele>1398.5</ele>
        <time>2026-09-15T17:00:36Z</time>
        <extensions>
          <gpxdata:distance>22598.67</gpxdata:distance>
          <gpxdata:speed>0.940</gpxdata:speed>
        </extensions>
      </trkpt>
      <trkpt lat="46.5417903" lon="9.4342931">
        <ele>1398.3</ele>
        <time>2026-09-15T17:00:51Z</time>
        <extensions>
          <gpxdata:distance>22613.34</gpxdata:distance>
          <gpxdata:speed>0.955</gpxdata:speed>
        </extensions>
      </trkpt>
      <trkpt lat="46.5418633" lon="9.4342691">
        <ele>1397.9</ele>
        <time>2026-09-15T17:01:00Z</time>
        <extensions>
          <gpxdata:distance>22621.66</gpxdata:distance>
          <gpxdata:speed>0.967</gpxdata:speed>
        </extensions>
      </trkpt>
      <trkpt lat="46.5418893" lon="9.4342831">
        <ele>1397.7</ele>
        <time>2026-09-15T17:01:03Z</time>
        <extensions>
          <gpxdata:distance>22624.75</gpxdata:distance>
          <gpxdata:speed>0.977</gpxdata:speed>
        </extensions>
      </trkpt>
      <trkpt lat="46.5419253" lon="9.4342981">
        <ele>1397.4</ele>
        <time>2026-09-15T17:01:07Z</time>
        <extensions>
          <gpxdata:distance>22628.91</gpxdata:distance>
          <gpxdata:speed>0.980</gpxdata:speed>
        </extensions>
      </trkpt>
      <trkpt lat="46.5419613" lon="9.4343251">
        <ele>1397.2</ele>
        <time>2026-09-15T17:01:12Z</time>
        <extensions>
          <gpxdata:distance>22633.42</gpxdata:distance>
          <gpxdata:speed>0.983</gpxdata:speed>
        </extensions>
      </trkpt>
      <trkpt lat="46.5420123" lon="9.4344571">
        <ele>1397.1</ele>
        <time>2026-09-15T17:01:24Z</time>
        <extensions>
          <gpxdata:distance>22645.00</gpxdata:distance>
          <gpxdata:speed>0.983</gpxdata:speed>
        </extensions>
      </trkpt>
      <trkpt lat="46.5420473" lon="9.4345501">
        <ele>1396.9</ele>
        <time>2026-09-15T17:01:32Z</time>
        <extensions>
          <gpxdata:distance>22653.10</gpxdata:distance>
          <gpxdata:speed>0.983</gpxdata:speed>
        </extensions>
      </trkpt>
      <trkpt lat="46.5420823" lon="9.4345902">
        <ele>1396.7</ele>
        <time>2026-09-15T17:01:37Z</time>
        <extensions>
          <gpxdata:distance>22658.06</gpxdata:distance>
          <gpxdata:speed>0.980</gpxdata:speed>
        </extensions>
      </trkpt>
      <trkpt lat="46.5421263" lon="9.4346182">
        <ele>1397.0</ele>
        <time>2026-09-15T17:01:43Z</time>
        <extensions>
          <gpxdata:distance>22663.40</gpxdata:distance>
          <gpxdata:speed>0.983</gpxdata:speed>
        </extensions>
      </trkpt>
      <trkpt lat="46.5421713" lon="9.4346332">
        <ele>1397.0</ele>
        <time>2026-09-15T17:01:48Z</time>
        <extensions>
          <gpxdata:distance>22668.53</gpxdata:distance>
          <gpxdata:speed>0.982</gpxdata:speed>
        </extensions>
      </trkpt>
      <trkpt lat="46.5425024" lon="9.4347492">
        <ele>1396.4</ele>
        <time>2026-09-15T17:02:26Z</time>
        <extensions>
          <gpxdata:distance>22706.40</gpxdata:distance>
          <gpxdata:speed>0.990</gpxdata:speed>
        </extensions>
      </trkpt>
      <trkpt lat="46.5426094" lon="9.4347792">
        <ele>1396.1</ele>
        <time>2026-09-15T17:02:38Z</time>
        <extensions>
          <gpxdata:distance>22718.52</gpxdata:distance>
          <gpxdata:speed>0.990</gpxdata:speed>
        </extensions>
      </trkpt>
      <trkpt lat="46.5426724" lon="9.4347952">
        <ele>1395.8</ele>
        <time>2026-09-15T17:02:45Z</time>
        <extensions>
          <gpxdata:distance>22725.63</gpxdata:distance>
          <gpxdata:speed>0.991</gpxdata:speed>
        </extensions>
      </trkpt>
      <trkpt lat="46.5427084" lon="9.4348222">
        <ele>1395.5</ele>
        <time>2026-09-15T17:02:50Z</time>
        <extensions>
          <gpxdata:distance>22730.14</gpxdata:distance>
          <gpxdata:speed>0.990</gpxdata:speed>
        </extensions>
      </trkpt>
      <trkpt lat="46.5427164" lon="9.4348482">
        <ele>1395.4</ele>
        <time>2026-09-15T17:02:52Z</time>
        <extensions>
          <gpxdata:distance>22732.31</gpxdata:distance>
          <gpxdata:speed>0.987</gpxdata:speed>
        </extensions>
      </trkpt>
      <trkpt lat="46.5427324" lon="9.4349532">
        <ele>1395.2</ele>
        <time>2026-09-15T17:03:01Z</time>
        <extensions>
          <gpxdata:distance>22740.54</gpxdata:distance>
          <gpxdata:speed>0.987</gpxdata:speed>
        </extensions>
      </trkpt>
      <trkpt lat="46.5427324" lon="9.4349532">
        <ele>1395.2</ele>
        <time>2026-09-15T17:03:01Z</time>
        <extensions>
          <gpxdata:distance>22740.54</gpxdata:distance>
          <gpxdata:speed>0.000</gpxdata:speed>
        </extensions>
      </trkpt>
      <trkpt lat="46.5428324" lon="9.4354262">
        <ele>1395.2</ele>
        <time>2026-09-15T17:03:39Z</time>
        <extensions>
          <gpxdata:distance>22778.39</gpxdata:distance>
          <gpxdata:speed>0.992</gpxdata:speed>
        </extensions>
      </trkpt>
      <trkpt lat="46.5428324" lon="9.4354262">
        <ele>1395.2</ele>
        <time>2026-09-15T17:03:39Z</time>
        <extensions>
          <gpxdata:distance>22778.39</gpxdata:distance>
          <gpxdata:speed>0.000</gpxdata:speed>
        </extensions>
      </trkpt>
      <trkpt lat="46.5428504" lon="9.4354532">
        <ele>1395.2</ele>
        <time>2026-09-15T17:03:42Z</time>
        <extensions>
          <gpxdata:distance>22781.26</gpxdata:distance>
          <gpxdata:speed>0.992</gpxdata:speed>
        </extensions>
      </trkpt>
      <trkpt lat="46.5428674" lon="9.4354672">
        <ele>1395.4</ele>
        <time>2026-09-15T17:03:44Z</time>
        <extensions>
          <gpxdata:distance>22783.43</gpxdata:distance>
          <gpxdata:speed>0.999</gpxdata:speed>
        </extensions>
      </trkpt>
      <trkpt lat="46.5429764" lon="9.4354582">
        <ele>1397.2</ele>
        <time>2026-09-15T17:03:56Z</time>
        <extensions>
          <gpxdata:distance>22795.57</gpxdata:distance>
          <gpxdata:speed>0.962</gpxdata:speed>
        </extensions>
      </trkpt>
      <trkpt lat="46.5430024" lon="9.4354592">
        <ele>1397.7</ele>
        <time>2026-09-15T17:03:59Z</time>
        <extensions>
          <gpxdata:distance>22798.47</gpxdata:distance>
          <gpxdata:speed>0.931</gpxdata:speed>
        </extensions>
      </trkpt>
      <trkpt lat="46.5430204" lon="9.4355122">
        <ele>1398.0</ele>
        <time>2026-09-15T17:04:04Z</time>
        <extensions>
          <gpxdata:distance>22802.99</gpxdata:distance>
          <gpxdata:speed>0.919</gpxdata:speed>
        </extensions>
      </trkpt>
      <trkpt lat="46.5430204" lon="9.4355122">
        <ele>1398.0</ele>
        <time>2026-09-15T17:04:04Z</time>
        <extensions>
          <gpxdata:distance>22802.99</gpxdata:distance>
          <gpxdata:speed>0.000</gpxdata:speed>
        </extensions>
      </trkpt>
      <trkpt lat="46.5431104" lon="9.4355022">
        <ele>1397.9</ele>
        <time>2026-09-15T17:04:15Z</time>
        <extensions>
          <gpxdata:distance>22813.02</gpxdata:distance>
          <gpxdata:speed>0.918</gpxdata:speed>
        </extensions>
      </trkpt>
      <trkpt lat="46.5432094" lon="9.4354932">
        <ele>1397.7</ele>
        <time>2026-09-15T17:04:28Z</time>
        <extensions>
          <gpxdata:distance>22824.05</gpxdata:distance>
          <gpxdata:speed>0.873</gpxdata:speed>
        </extensions>
      </trkpt>
      <trkpt lat="46.5433174" lon="9.4354832">
        <ele>1397.6</ele>
        <time>2026-09-15T17:04:41Z</time>
        <extensions>
          <gpxdata:distance>22836.09</gpxdata:distance>
          <gpxdata:speed>0.907</gpxdata:speed>
        </extensions>
      </trkpt>
      <trkpt lat="46.5434794" lon="9.4354892">
        <ele>1397.4</ele>
        <time>2026-09-15T17:05:00Z</time>
        <extensions>
          <gpxdata:distance>22854.11</gpxdata:distance>
          <gpxdata:speed>0.936</gpxdata:speed>
        </extensions>
      </trkpt>
      <trkpt lat="46.5437844" lon="9.4355143">
        <ele>1397.0</ele>
        <time>2026-09-15T17:05:35Z</time>
        <extensions>
          <gpxdata:distance>22888.07</gpxdata:distance>
          <gpxdata:speed>0.974</gpxdata:speed>
        </extensions>
      </trkpt>
      <trkpt lat="46.5439734" lon="9.4355473">
        <ele>1396.8</ele>
        <time>2026-09-15T17:05:56Z</time>
        <extensions>
          <gpxdata:distance>22909.24</gpxdata:distance>
          <gpxdata:speed>1.008</gpxdata:speed>
        </extensions>
      </trkpt>
      <trkpt lat="46.5441614" lon="9.4355933">
        <ele>1396.5</ele>
        <time>2026-09-15T17:06:18Z</time>
        <extensions>
          <gpxdata:distance>22930.44</gpxdata:distance>
          <gpxdata:speed>1.001</gpxdata:speed>
        </extensions>
      </trkpt>
      <trkpt lat="46.5442334" lon="9.4356093">
        <ele>1396.4</ele>
        <time>2026-09-15T17:06:26Z</time>
        <extensions>
          <gpxdata:distance>22938.54</gpxdata:distance>
          <gpxdata:speed>0.997</gpxdata:speed>
        </extensions>
      </trkpt>
      <trkpt lat="46.5442964" lon="9.4356113">
        <ele>1396.2</ele>
        <time>2026-09-15T17:06:33Z</time>
        <extensions>
          <gpxdata:distance>22945.55</gpxdata:distance>
          <gpxdata:speed>0.996</gpxdata:speed>
        </extensions>
      </trkpt>
      <trkpt lat="46.5443594" lon="9.4356003">
        <ele>1396.0</ele>
        <time>2026-09-15T17:06:40Z</time>
        <extensions>
          <gpxdata:distance>22952.60</gpxdata:distance>
          <gpxdata:speed>0.995</gpxdata:speed>
        </extensions>
      </trkpt>
      <trkpt lat="46.5444494" lon="9.4355903">
        <ele>1395.7</ele>
        <time>2026-09-15T17:06:50Z</time>
        <extensions>
          <gpxdata:distance>22962.64</gpxdata:distance>
          <gpxdata:speed>0.994</gpxdata:speed>
        </extensions>
      </trkpt>
      <trkpt lat="46.5445574" lon="9.4355683">
        <ele>1395.4</ele>
        <time>2026-09-15T17:07:02Z</time>
        <extensions>
          <gpxdata:distance>22974.76</gpxdata:distance>
          <gpxdata:speed>0.992</gpxdata:speed>
        </extensions>
      </trkpt>
      <trkpt lat="46.5447564" lon="9.4355243">
        <ele>1394.5</ele>
        <time>2026-09-15T17:07:25Z</time>
        <extensions>
          <gpxdata:distance>22997.15</gpxdata:distance>
          <gpxdata:speed>0.986</gpxdata:speed>
        </extensions>
      </trkpt>
      <trkpt lat="46.5449104" lon="9.4354773">
        <ele>1393.6</ele>
        <time>2026-09-15T17:07:43Z</time>
        <extensions>
          <gpxdata:distance>23014.64</gpxdata:distance>
          <gpxdata:speed>0.978</gpxdata:speed>
        </extensions>
      </trkpt>
      <trkpt lat="46.5450914" lon="9.4354194">
        <ele>1392.5</ele>
        <time>2026-09-15T17:08:04Z</time>
        <extensions>
          <gpxdata:distance>23035.25</gpxdata:distance>
          <gpxdata:speed>0.969</gpxdata:speed>
        </extensions>
      </trkpt>
      <trkpt lat="46.5452454" lon="9.4353724">
        <ele>1391.6</ele>
        <time>2026-09-15T17:08:22Z</time>
        <extensions>
          <gpxdata:distance>23052.75</gpxdata:distance>
          <gpxdata:speed>0.961</gpxdata:speed>
        </extensions>
      </trkpt>
      <trkpt lat="46.5453814" lon="9.4353124">
        <ele>1390.8</ele>
        <time>2026-09-15T17:08:39Z</time>
        <extensions>
          <gpxdata:distance>23068.55</gpxdata:distance>
          <gpxdata:speed>0.957</gpxdata:speed>
        </extensions>
      </trkpt>
      <trkpt lat="46.5454994" lon="9.4352384">
        <ele>1390.1</ele>
        <time>2026-09-15T17:08:54Z</time>
        <extensions>
          <gpxdata:distance>23082.84</gpxdata:distance>
          <gpxdata:speed>0.955</gpxdata:speed>
        </extensions>
      </trkpt>
      <trkpt lat="46.5456174" lon="9.4351774">
        <ele>1389.4</ele>
        <time>2026-09-15T17:09:08Z</time>
        <extensions>
          <gpxdata:distance>23096.77</gpxdata:distance>
          <gpxdata:speed>0.954</gpxdata:speed>
        </extensions>
      </trkpt>
      <trkpt lat="46.5457454" lon="9.4350914">
        <ele>1388.6</ele>
        <time>2026-09-15T17:09:25Z</time>
        <extensions>
          <gpxdata:distance>23112.45</gpxdata:distance>
          <gpxdata:speed>0.951</gpxdata:speed>
        </extensions>
      </trkpt>
      <trkpt lat="46.5458354" lon="9.4350554">
        <ele>1388.0</ele>
        <time>2026-09-15T17:09:36Z</time>
        <extensions>
          <gpxdata:distance>23122.83</gpxdata:distance>
          <gpxdata:speed>0.948</gpxdata:speed>
        </extensions>
      </trkpt>
      <trkpt lat="46.5458814" lon="9.4350304">
        <ele>1387.6</ele>
        <time>2026-09-15T17:09:41Z</time>
        <extensions>
          <gpxdata:distance>23128.29</gpxdata:distance>
          <gpxdata:speed>0.945</gpxdata:speed>
        </extensions>
      </trkpt>
      <trkpt lat="46.5459714" lon="9.4350214">
        <ele>1387.0</ele>
        <time>2026-09-15T17:09:52Z</time>
        <extensions>
          <gpxdata:distance>23138.32</gpxdata:distance>
          <gpxdata:speed>0.945</gpxdata:speed>
        </extensions>
      </trkpt>
      <trkpt lat="46.5464574" lon="9.4349734">
        <ele>1383.5</ele>
        <time>2026-09-15T17:10:50Z</time>
        <extensions>
          <gpxdata:distance>23192.48</gpxdata:distance>
          <gpxdata:speed>0.940</gpxdata:speed>
        </extensions>
      </trkpt>
      <trkpt lat="46.5468544" lon="9.4349235">
        <ele>1380.6</ele>
        <time>2026-09-15T17:11:37Z</time>
        <extensions>
          <gpxdata:distance>23236.79</gpxdata:distance>
          <gpxdata:speed>0.938</gpxdata:speed>
        </extensions>
      </trkpt>
      <trkpt lat="46.5472784" lon="9.4348605">
        <ele>1377.6</ele>
        <time>2026-09-15T17:12:28Z</time>
        <extensions>
          <gpxdata:distance>23284.18</gpxdata:distance>
          <gpxdata:speed>0.936</gpxdata:speed>
        </extensions>
      </trkpt>
      <trkpt lat="46.5474044" lon="9.4348525">
        <ele>1376.6</ele>
        <time>2026-09-15T17:12:43Z</time>
        <extensions>
          <gpxdata:distance>23298.21</gpxdata:distance>
          <gpxdata:speed>0.934</gpxdata:speed>
        </extensions>
      </trkpt>
      <trkpt lat="46.5474944" lon="9.4348685">
        <ele>1375.9</ele>
        <time>2026-09-15T17:12:53Z</time>
        <extensions>
          <gpxdata:distance>23308.29</gpxdata:distance>
          <gpxdata:speed>0.933</gpxdata:speed>
        </extensions>
      </trkpt>
      <trkpt lat="46.5475484" lon="9.4348835">
        <ele>1375.5</ele>
        <time>2026-09-15T17:13:00Z</time>
        <extensions>
          <gpxdata:distance>23314.40</gpxdata:distance>
          <gpxdata:speed>0.932</gpxdata:speed>
        </extensions>
      </trkpt>
      <trkpt lat="46.5478604" lon="9.4350255">
        <ele>1373.8</ele>
        <time>2026-09-15T17:13:39Z</time>
        <extensions>
          <gpxdata:distance>23350.76</gpxdata:distance>
          <gpxdata:speed>0.935</gpxdata:speed>
        </extensions>
      </trkpt>
      <trkpt lat="46.5479864" lon="9.4350435">
        <ele>1372.8</ele>
        <time>2026-09-15T17:13:54Z</time>
        <extensions>
          <gpxdata:distance>23364.83</gpxdata:distance>
          <gpxdata:speed>0.935</gpxdata:speed>
        </extensions>
      </trkpt>
      <trkpt lat="46.5481484" lon="9.4350496">
        <ele>1371.2</ele>
        <time>2026-09-15T17:14:13Z</time>
        <extensions>
          <gpxdata:distance>23382.85</gpxdata:distance>
          <gpxdata:speed>0.932</gpxdata:speed>
        </extensions>
      </trkpt>
      <trkpt lat="46.5483724" lon="9.4350966">
        <ele>1370.1</ele>
        <time>2026-09-15T17:14:40Z</time>
        <extensions>
          <gpxdata:distance>23408.02</gpxdata:distance>
          <gpxdata:speed>0.935</gpxdata:speed>
        </extensions>
      </trkpt>
      <trkpt lat="46.5484894" lon="9.4351006">
        <ele>1368.7</ele>
        <time>2026-09-15T17:14:54Z</time>
        <extensions>
          <gpxdata:distance>23421.03</gpxdata:distance>
          <gpxdata:speed>0.932</gpxdata:speed>
        </extensions>
      </trkpt>
      <trkpt lat="46.5486244" lon="9.4350796">
        <ele>1367.7</ele>
        <time>2026-09-15T17:15:10Z</time>
        <extensions>
          <gpxdata:distance>23436.13</gpxdata:distance>
          <gpxdata:speed>0.932</gpxdata:speed>
        </extensions>
      </trkpt>
      <trkpt lat="46.5488864" lon="9.4350116">
        <ele>1365.6</ele>
        <time>2026-09-15T17:15:42Z</time>
        <extensions>
          <gpxdata:distance>23465.72</gpxdata:distance>
          <gpxdata:speed>0.931</gpxdata:speed>
        </extensions>
      </trkpt>
      <trkpt lat="46.5490044" lon="9.4350026">
        <ele>1364.6</ele>
        <time>2026-09-15T17:15:56Z</time>
        <extensions>
          <gpxdata:distance>23478.86</gpxdata:distance>
          <gpxdata:speed>0.931</gpxdata:speed>
        </extensions>
      </trkpt>
      <trkpt lat="46.5492114" lon="9.4349846">
        <ele>1363.1</ele>
        <time>2026-09-15T17:16:21Z</time>
        <extensions>
          <gpxdata:distance>23501.92</gpxdata:distance>
          <gpxdata:speed>0.931</gpxdata:speed>
        </extensions>
      </trkpt>
      <trkpt lat="46.5493284" lon="9.4349886">
        <ele>1362.3</ele>
        <time>2026-09-15T17:16:35Z</time>
        <extensions>
          <gpxdata:distance>23514.93</gpxdata:distance>
          <gpxdata:speed>0.927</gpxdata:speed>
        </extensions>
      </trkpt>
      <trkpt lat="46.5494274" lon="9.4349926">
        <ele>1361.5</ele>
        <time>2026-09-15T17:16:47Z</time>
        <extensions>
          <gpxdata:distance>23525.95</gpxdata:distance>
          <gpxdata:speed>0.926</gpxdata:speed>
        </extensions>
      </trkpt>
      <trkpt lat="46.5495255" lon="9.4350216">
        <ele>1360.8</ele>
        <time>2026-09-15T17:16:59Z</time>
        <extensions>
          <gpxdata:distance>23537.08</gpxdata:distance>
          <gpxdata:speed>0.929</gpxdata:speed>
        </extensions>
      </trkpt>
      <trkpt lat="46.5496245" lon="9.4350387">
        <ele>1360.1</ele>
        <time>2026-09-15T17:17:11Z</time>
        <extensions>
          <gpxdata:distance>23548.16</gpxdata:distance>
          <gpxdata:speed>0.925</gpxdata:speed>
        </extensions>
      </trkpt>
      <trkpt lat="46.5497225" lon="9.4350687">
        <ele>1359.3</ele>
        <time>2026-09-15T17:17:23Z</time>
        <extensions>
          <gpxdata:distance>23559.30</gpxdata:distance>
          <gpxdata:speed>0.929</gpxdata:speed>
        </extensions>
      </trkpt>
      <trkpt lat="46.5498475" lon="9.4351257">
        <ele>1358.6</ele>
        <time>2026-09-15T17:17:38Z</time>
        <extensions>
          <gpxdata:distance>23573.87</gpxdata:distance>
          <gpxdata:speed>0.931</gpxdata:speed>
        </extensions>
      </trkpt>
      <trkpt lat="46.5500615" lon="9.4352507">
        <ele>1357.0</ele>
        <time>2026-09-15T17:18:06Z</time>
        <extensions>
          <gpxdata:distance>23599.51</gpxdata:distance>
          <gpxdata:speed>0.933</gpxdata:speed>
        </extensions>
      </trkpt>
      <trkpt lat="46.5503545" lon="9.4354567">
        <ele>1354.1</ele>
        <time>2026-09-15T17:18:45Z</time>
        <extensions>
          <gpxdata:distance>23635.70</gpxdata:distance>
          <gpxdata:speed>0.930</gpxdata:speed>
        </extensions>
      </trkpt>
      <trkpt lat="46.5504975" lon="9.4355537">
        <ele>1353.0</ele>
        <time>2026-09-15T17:19:04Z</time>
        <extensions>
          <gpxdata:distance>23653.25</gpxdata:distance>
          <gpxdata:speed>0.930</gpxdata:speed>
        </extensions>
      </trkpt>
      <trkpt lat="46.5505955" lon="9.4356097">
        <ele>1352.2</ele>
        <time>2026-09-15T17:19:16Z</time>
        <extensions>
          <gpxdata:distance>23664.95</gpxdata:distance>
          <gpxdata:speed>0.929</gpxdata:speed>
        </extensions>
      </trkpt>
      <trkpt lat="46.5506485" lon="9.4356377">
        <ele>1351.7</ele>
        <time>2026-09-15T17:19:23Z</time>
        <extensions>
          <gpxdata:distance>23671.22</gpxdata:distance>
          <gpxdata:speed>0.929</gpxdata:speed>
        </extensions>
      </trkpt>
      <trkpt lat="46.5506935" lon="9.4356517">
        <ele>1351.4</ele>
        <time>2026-09-15T17:19:29Z</time>
        <extensions>
          <gpxdata:distance>23676.34</gpxdata:distance>
          <gpxdata:speed>0.929</gpxdata:speed>
        </extensions>
      </trkpt>
      <trkpt lat="46.5507655" lon="9.4356417">
        <ele>1350.9</ele>
        <time>2026-09-15T17:19:37Z</time>
        <extensions>
          <gpxdata:distance>23684.38</gpxdata:distance>
          <gpxdata:speed>0.929</gpxdata:speed>
        </extensions>
      </trkpt>
      <trkpt lat="46.5508105" lon="9.4356307">
        <ele>1350.5</ele>
        <time>2026-09-15T17:19:43Z</time>
        <extensions>
          <gpxdata:distance>23689.46</gpxdata:distance>
          <gpxdata:speed>0.929</gpxdata:speed>
        </extensions>
      </trkpt>
      <trkpt lat="46.5508925" lon="9.4356077">
        <ele>1349.9</ele>
        <time>2026-09-15T17:19:53Z</time>
        <extensions>
          <gpxdata:distance>23698.74</gpxdata:distance>
          <gpxdata:speed>0.927</gpxdata:speed>
        </extensions>
      </trkpt>
      <trkpt lat="46.5509925" lon="9.4355457">
        <ele>1349.0</ele>
        <time>2026-09-15T17:20:06Z</time>
        <extensions>
          <gpxdata:distance>23710.83</gpxdata:distance>
          <gpxdata:speed>0.925</gpxdata:speed>
        </extensions>
      </trkpt>
      <trkpt lat="46.5510555" lon="9.4355348">
        <ele>1348.6</ele>
        <time>2026-09-15T17:20:13Z</time>
        <extensions>
          <gpxdata:distance>23717.89</gpxdata:distance>
          <gpxdata:speed>0.930</gpxdata:speed>
        </extensions>
      </trkpt>
      <trkpt lat="46.5511185" lon="9.4355248">
        <ele>1348.1</ele>
        <time>2026-09-15T17:20:21Z</time>
        <extensions>
          <gpxdata:distance>23724.93</gpxdata:distance>
          <gpxdata:speed>0.928</gpxdata:speed>
        </extensions>
      </trkpt>
      <trkpt lat="46.5511815" lon="9.4355268">
        <ele>1347.6</ele>
        <time>2026-09-15T17:20:29Z</time>
        <extensions>
          <gpxdata:distance>23731.94</gpxdata:distance>
          <gpxdata:speed>0.928</gpxdata:speed>
        </extensions>
      </trkpt>
      <trkpt lat="46.5512795" lon="9.4355568">
        <ele>1346.9</ele>
        <time>2026-09-15T17:20:41Z</time>
        <extensions>
          <gpxdata:distance>23743.08</gpxdata:distance>
          <gpxdata:speed>0.930</gpxdata:speed>
        </extensions>
      </trkpt>
      <trkpt lat="46.5513695" lon="9.4355858">
        <ele>1346.3</ele>
        <time>2026-09-15T17:20:52Z</time>
        <extensions>
          <gpxdata:distance>23753.33</gpxdata:distance>
          <gpxdata:speed>0.931</gpxdata:speed>
        </extensions>
      </trkpt>
      <trkpt lat="46.5514135" lon="9.4356138">
        <ele>1345.9</ele>
        <time>2026-09-15T17:20:57Z</time>
        <extensions>
          <gpxdata:distance>23758.67</gpxdata:distance>
          <gpxdata:speed>0.930</gpxdata:speed>
        </extensions>
      </trkpt>
      <trkpt lat="46.5514755" lon="9.4356678">
        <ele>1345.6</ele>
        <time>2026-09-15T17:21:06Z</time>
        <extensions>
          <gpxdata:distance>23766.70</gpxdata:distance>
          <gpxdata:speed>0.934</gpxdata:speed>
        </extensions>
      </trkpt>
      <trkpt lat="46.5515285" lon="9.4357348">
        <ele>1345.1</ele>
        <time>2026-09-15T17:21:14Z</time>
        <extensions>
          <gpxdata:distance>23774.51</gpxdata:distance>
          <gpxdata:speed>0.934</gpxdata:speed>
        </extensions>
      </trkpt>
      <trkpt lat="46.5515985" lon="9.4358678">
        <ele>1344.2</ele>
        <time>2026-09-15T17:21:28Z</time>
        <extensions>
          <gpxdata:distance>23787.32</gpxdata:distance>
          <gpxdata:speed>0.934</gpxdata:speed>
        </extensions>
      </trkpt>
      <trkpt lat="46.5518155" lon="9.4363198">
        <ele>1341.9</ele>
        <time>2026-09-15T17:22:13Z</time>
        <extensions>
          <gpxdata:distance>23829.47</gpxdata:distance>
          <gpxdata:speed>0.937</gpxdata:speed>
        </extensions>
      </trkpt>
      <trkpt lat="46.5519895" lon="9.4366518">
        <ele>1339.8</ele>
        <time>2026-09-15T17:22:47Z</time>
        <extensions>
          <gpxdata:distance>23861.39</gpxdata:distance>
          <gpxdata:speed>0.936</gpxdata:speed>
        </extensions>
      </trkpt>
      <trkpt lat="46.5520505" lon="9.4367718">
        <ele>1339.1</ele>
        <time>2026-09-15T17:22:59Z</time>
        <extensions>
          <gpxdata:distance>23872.80</gpxdata:distance>
          <gpxdata:speed>0.937</gpxdata:speed>
        </extensions>
      </trkpt>
      <trkpt lat="46.5520855" lon="9.4368118">
        <ele>1338.7</ele>
        <time>2026-09-15T17:23:04Z</time>
        <extensions>
          <gpxdata:distance>23877.75</gpxdata:distance>
          <gpxdata:speed>0.936</gpxdata:speed>
        </extensions>
      </trkpt>
      <trkpt lat="46.5521215" lon="9.4368528">
        <ele>1338.4</ele>
        <time>2026-09-15T17:23:10Z</time>
        <extensions>
          <gpxdata:distance>23882.84</gpxdata:distance>
          <gpxdata:speed>0.936</gpxdata:speed>
        </extensions>
      </trkpt>
      <trkpt lat="46.5521745" lon="9.4368938">
        <ele>1338.0</ele>
        <time>2026-09-15T17:23:17Z</time>
        <extensions>
          <gpxdata:distance>23889.51</gpxdata:distance>
          <gpxdata:speed>0.937</gpxdata:speed>
        </extensions>
      </trkpt>
      <trkpt lat="46.5522275" lon="9.4369218">
        <ele>1337.5</ele>
        <time>2026-09-15T17:23:24Z</time>
        <extensions>
          <gpxdata:distance>23895.78</gpxdata:distance>
          <gpxdata:speed>0.934</gpxdata:speed>
        </extensions>
      </trkpt>
      <trkpt lat="46.5523615" lon="9.4369919">
        <ele>1336.5</ele>
        <time>2026-09-15T17:23:41Z</time>
        <extensions>
          <gpxdata:distance>23911.62</gpxdata:distance>
          <gpxdata:speed>0.934</gpxdata:speed>
        </extensions>
      </trkpt>
      <trkpt lat="46.5524155" lon="9.4370199">
        <ele>1336.0</ele>
        <time>2026-09-15T17:23:48Z</time>
        <extensions>
          <gpxdata:distance>23917.99</gpxdata:distance>
          <gpxdata:speed>0.934</gpxdata:speed>
        </extensions>
      </trkpt>
      <trkpt lat="46.5524595" lon="9.4370739">
        <ele>1335.6</ele>
        <time>2026-09-15T17:23:54Z</time>
        <extensions>
          <gpxdata:distance>23924.40</gpxdata:distance>
          <gpxdata:speed>0.931</gpxdata:speed>
        </extensions>
      </trkpt>
      <trkpt lat="46.5525205" lon="9.4371549">
        <ele>1334.9</ele>
        <time>2026-09-15T17:24:04Z</time>
        <extensions>
          <gpxdata:distance>23933.58</gpxdata:distance>
          <gpxdata:speed>0.929</gpxdata:speed>
        </extensions>
      </trkpt>
      <trkpt lat="46.5526685" lon="9.4374339">
        <ele>1333.2</ele>
        <time>2026-09-15T17:24:33Z</time>
        <extensions>
          <gpxdata:distance>23960.52</gpxdata:distance>
          <gpxdata:speed>0.930</gpxdata:speed>
        </extensions>
      </trkpt>
      <trkpt lat="46.5527565" lon="9.4375809">
        <ele>1332.1</ele>
        <time>2026-09-15T17:24:49Z</time>
        <extensions>
          <gpxdata:distance>23975.43</gpxdata:distance>
          <gpxdata:speed>0.929</gpxdata:speed>
        </extensions>
      </trkpt>
      <trkpt lat="46.5528445" lon="9.4376879">
        <ele>1331.1</ele>
        <time>2026-09-15T17:25:03Z</time>
        <extensions>
          <gpxdata:distance>23988.18</gpxdata:distance>
          <gpxdata:speed>0.927</gpxdata:speed>
        </extensions>
      </trkpt>
      <trkpt lat="46.5529595" lon="9.4377969">
        <ele>1330.1</ele>
        <time>2026-09-15T17:25:20Z</time>
        <extensions>
          <gpxdata:distance>24003.45</gpxdata:distance>
          <gpxdata:speed>0.927</gpxdata:speed>
        </extensions>
      </trkpt>
      <trkpt lat="46.5530395" lon="9.4378649">
        <ele>1329.2</ele>
        <time>2026-09-15T17:25:31Z</time>
        <extensions>
          <gpxdata:distance>24013.75</gpxdata:distance>
          <gpxdata:speed>0.926</gpxdata:speed>
        </extensions>
      </trkpt>
      <trkpt lat="46.5531545" lon="9.4379349">
        <ele>1328.2</ele>
        <time>2026-09-15T17:25:46Z</time>
        <extensions>
          <gpxdata:distance>24027.61</gpxdata:distance>
          <gpxdata:speed>0.925</gpxdata:speed>
        </extensions>
      </trkpt>
      <trkpt lat="46.5532705" lon="9.4380039">
        <ele>1327.2</ele>
        <time>2026-09-15T17:26:01Z</time>
        <extensions>
          <gpxdata:distance>24041.55</gpxdata:distance>
          <gpxdata:speed>0.925</gpxdata:speed>
        </extensions>
      </trkpt>
      <trkpt lat="46.5534045" lon="9.4380479">
        <ele>1326.3</ele>
        <time>2026-09-15T17:26:17Z</time>
        <extensions>
          <gpxdata:distance>24056.82</gpxdata:distance>
          <gpxdata:speed>0.926</gpxdata:speed>
        </extensions>
      </trkpt>
      <trkpt lat="46.5535475" lon="9.4380929">
        <ele>1325.2</ele>
        <time>2026-09-15T17:26:35Z</time>
        <extensions>
          <gpxdata:distance>24073.09</gpxdata:distance>
          <gpxdata:speed>0.927</gpxdata:speed>
        </extensions>
      </trkpt>
      <trkpt lat="46.5536285" lon="9.4381220">
        <ele>1324.6</ele>
        <time>2026-09-15T17:26:45Z</time>
        <extensions>
          <gpxdata:distance>24082.37</gpxdata:distance>
          <gpxdata:speed>0.926</gpxdata:speed>
        </extensions>
      </trkpt>
      <trkpt lat="46.5536995" lon="9.4381760">
        <ele>1324.0</ele>
        <time>2026-09-15T17:26:54Z</time>
        <extensions>
          <gpxdata:distance>24091.28</gpxdata:distance>
          <gpxdata:speed>0.927</gpxdata:speed>
        </extensions>
      </trkpt>
      <trkpt lat="46.5537705" lon="9.4382440">
        <ele>1323.4</ele>
        <time>2026-09-15T17:27:05Z</time>
        <extensions>
          <gpxdata:distance>24100.73</gpxdata:distance>
          <gpxdata:speed>0.928</gpxdata:speed>
        </extensions>
      </trkpt>
      <trkpt lat="46.5538315" lon="9.4383250">
        <ele>1322.8</ele>
        <time>2026-09-15T17:27:14Z</time>
        <extensions>
          <gpxdata:distance>24109.92</gpxdata:distance>
          <gpxdata:speed>0.928</gpxdata:speed>
        </extensions>
      </trkpt>
      <trkpt lat="46.5538755" lon="9.4383920">
        <ele>1322.4</ele>
        <time>2026-09-15T17:27:22Z</time>
        <extensions>
          <gpxdata:distance>24117.00</gpxdata:distance>
          <gpxdata:speed>0.931</gpxdata:speed>
        </extensions>
      </trkpt>
      <trkpt lat="46.5539105" lon="9.4384580">
        <ele>1322.0</ele>
        <time>2026-09-15T17:27:29Z</time>
        <extensions>
          <gpxdata:distance>24123.38</gpxdata:distance>
          <gpxdata:speed>0.932</gpxdata:speed>
        </extensions>
      </trkpt>
      <trkpt lat="46.5539795" lon="9.4386300">
        <ele>1321.0</ele>
        <time>2026-09-15T17:27:45Z</time>
        <extensions>
          <gpxdata:distance>24138.60</gpxdata:distance>
          <gpxdata:speed>0.933</gpxdata:speed>
        </extensions>
      </trkpt>
      <trkpt lat="46.5541175" lon="9.4389880">
        <ele>1319.0</ele>
        <time>2026-09-15T17:28:19Z</time>
        <extensions>
          <gpxdata:distance>24169.98</gpxdata:distance>
          <gpxdata:speed>0.933</gpxdata:speed>
        </extensions>
      </trkpt>
      <trkpt lat="46.5542205" lon="9.4392260">
        <ele>1317.7</ele>
        <time>2026-09-15T17:28:42Z</time>
        <extensions>
          <gpxdata:distance>24191.49</gpxdata:distance>
          <gpxdata:speed>0.934</gpxdata:speed>
        </extensions>
      </trkpt>
      <trkpt lat="46.5542205" lon="9.4392260">
        <ele>1317.7</ele>
        <time>2026-09-15T17:28:42Z</time>
        <extensions>
          <gpxdata:distance>24191.49</gpxdata:distance>
          <gpxdata:speed>0.000</gpxdata:speed>
        </extensions>
      </trkpt>
      <trkpt lat="46.5542895" lon="9.4394240">
        <ele>1316.8</ele>
        <time>2026-09-15T17:29:00Z</time>
        <extensions>
          <gpxdata:distance>24208.46</gpxdata:distance>
          <gpxdata:speed>0.936</gpxdata:speed>
        </extensions>
      </trkpt>
      <trkpt lat="46.5543325" lon="9.4395300">
        <ele>1316.4</ele>
        <time>2026-09-15T17:29:10Z</time>
        <extensions>
          <gpxdata:distance>24217.87</gpxdata:distance>
          <gpxdata:speed>0.938</gpxdata:speed>
        </extensions>
      </trkpt>
      <trkpt lat="46.5543755" lon="9.4396490">
        <ele>1315.9</ele>
        <time>2026-09-15T17:29:21Z</time>
        <extensions>
          <gpxdata:distance>24228.15</gpxdata:distance>
          <gpxdata:speed>0.939</gpxdata:speed>
        </extensions>
      </trkpt>
      <trkpt lat="46.5543755" lon="9.4396490">
        <ele>1315.9</ele>
        <time>2026-09-15T17:29:21Z</time>
        <extensions>
          <gpxdata:distance>24228.15</gpxdata:distance>
          <gpxdata:speed>0.000</gpxdata:speed>
        </extensions>
      </trkpt>
      <trkpt lat="46.5544065" lon="9.4394420">
        <ele>1312.5</ele>
        <time>2026-09-15T17:29:39Z</time>
        <extensions>
          <gpxdata:distance>24244.35</gpxdata:distance>
          <gpxdata:speed>0.917</gpxdata:speed>
        </extensions>
      </trkpt>
      <trkpt lat="46.5544195" lon="9.4391680">
        <ele>1308.0</ele>
        <time>2026-09-15T17:30:02Z</time>
        <extensions>
          <gpxdata:distance>24265.35</gpxdata:distance>
          <gpxdata:speed>0.897</gpxdata:speed>
        </extensions>
      </trkpt>
      <trkpt lat="46.5544405" lon="9.4390130">
        <ele>1306.2</ele>
        <time>2026-09-15T17:30:15Z</time>
        <extensions>
          <gpxdata:distance>24277.43</gpxdata:distance>
          <gpxdata:speed>0.912</gpxdata:speed>
        </extensions>
      </trkpt>
      <trkpt lat="46.5544685" lon="9.4389610">
        <ele>1305.2</ele>
        <time>2026-09-15T17:30:21Z</time>
        <extensions>
          <gpxdata:distance>24282.48</gpxdata:distance>
          <gpxdata:speed>0.929</gpxdata:speed>
        </extensions>
      </trkpt>
      <trkpt lat="46.5545045" lon="9.4389370">
        <ele>1304.2</ele>
        <time>2026-09-15T17:30:25Z</time>
        <extensions>
          <gpxdata:distance>24286.88</gpxdata:distance>
          <gpxdata:speed>0.932</gpxdata:speed>
        </extensions>
      </trkpt>
      <trkpt lat="46.5545945" lon="9.4389400">
        <ele>1301.8</ele>
        <time>2026-09-15T17:30:36Z</time>
        <extensions>
          <gpxdata:distance>24296.89</gpxdata:distance>
          <gpxdata:speed>0.913</gpxdata:speed>
        </extensions>
      </trkpt>
      <trkpt lat="46.5546586" lon="9.4389160">
        <ele>1299.8</ele>
        <time>2026-09-15T17:30:45Z</time>
        <extensions>
          <gpxdata:distance>24304.25</gpxdata:distance>
          <gpxdata:speed>0.883</gpxdata:speed>
        </extensions>
      </trkpt>
      <trkpt lat="46.5546766" lon="9.4388780">
        <ele>1298.3</ele>
        <time>2026-09-15T17:30:49Z</time>
        <extensions>
          <gpxdata:distance>24307.78</gpxdata:distance>
          <gpxdata:speed>0.872</gpxdata:speed>
        </extensions>
      </trkpt>
      <trkpt lat="46.5547166" lon="9.4386970">
        <ele>1296.9</ele>
        <time>2026-09-15T17:31:06Z</time>
        <extensions>
          <gpxdata:distance>24322.32</gpxdata:distance>
          <gpxdata:speed>0.872</gpxdata:speed>
        </extensions>
      </trkpt>
      <trkpt lat="46.5547356" lon="9.4386320">
        <ele>1295.9</ele>
        <time>2026-09-15T17:31:12Z</time>
        <extensions>
          <gpxdata:distance>24327.72</gpxdata:distance>
          <gpxdata:speed>0.873</gpxdata:speed>
        </extensions>
      </trkpt>
      <trkpt lat="46.5547896" lon="9.4385950">
        <ele>1294.9</ele>
        <time>2026-09-15T17:31:19Z</time>
        <extensions>
          <gpxdata:distance>24334.36</gpxdata:distance>
          <gpxdata:speed>0.886</gpxdata:speed>
        </extensions>
      </trkpt>
      <trkpt lat="46.5548356" lon="9.4385450">
        <ele>1292.9</ele>
        <time>2026-09-15T17:31:27Z</time>
        <extensions>
          <gpxdata:distance>24340.74</gpxdata:distance>
          <gpxdata:speed>0.872</gpxdata:speed>
        </extensions>
      </trkpt>
      <trkpt lat="46.5548736" lon="9.4384420">
        <ele>1291.2</ele>
        <time>2026-09-15T17:31:37Z</time>
        <extensions>
          <gpxdata:distance>24349.68</gpxdata:distance>
          <gpxdata:speed>0.872</gpxdata:speed>
        </extensions>
      </trkpt>
      <trkpt lat="46.5548736" lon="9.4384420">
        <ele>1291.2</ele>
        <time>2026-09-15T17:31:37Z</time>
        <extensions>
          <gpxdata:distance>24349.68</gpxdata:distance>
          <gpxdata:speed>0.000</gpxdata:speed>
        </extensions>
      </trkpt>
      <trkpt lat="46.5548936" lon="9.4383380">
        <ele>1289.7</ele>
        <time>2026-09-15T17:31:46Z</time>
        <extensions>
          <gpxdata:distance>24357.94</gpxdata:distance>
          <gpxdata:speed>0.874</gpxdata:speed>
        </extensions>
      </trkpt>
      <trkpt lat="46.5549136" lon="9.4381950">
        <ele>1287.6</ele>
        <time>2026-09-15T17:31:59Z</time>
        <extensions>
          <gpxdata:distance>24369.10</gpxdata:distance>
          <gpxdata:speed>0.888</gpxdata:speed>
        </extensions>
      </trkpt>
      <trkpt lat="46.5549256" lon="9.4380650">
        <ele>1286.3</ele>
        <time>2026-09-15T17:32:10Z</time>
        <extensions>
          <gpxdata:distance>24379.13</gpxdata:distance>
          <gpxdata:speed>0.915</gpxdata:speed>
        </extensions>
      </trkpt>
      <trkpt lat="46.5549356" lon="9.4380130">
        <ele>1286.0</ele>
        <time>2026-09-15T17:32:14Z</time>
        <extensions>
          <gpxdata:distance>24383.26</gpxdata:distance>
          <gpxdata:speed>0.901</gpxdata:speed>
        </extensions>
      </trkpt>
      <trkpt lat="46.5549276" lon="9.4379350">
        <ele>1285.8</ele>
        <time>2026-09-15T17:32:21Z</time>
        <extensions>
          <gpxdata:distance>24389.29</gpxdata:distance>
          <gpxdata:speed>0.921</gpxdata:speed>
        </extensions>
      </trkpt>
      <trkpt lat="46.5549276" lon="9.4379350">
        <ele>1285.8</ele>
        <time>2026-09-15T17:32:21Z</time>
        <extensions>
          <gpxdata:distance>24389.29</gpxdata:distance>
          <gpxdata:speed>0.000</gpxdata:speed>
        </extensions>
      </trkpt>
      <trkpt lat="46.5548705" lon="9.4375940">
        <ele>1285.6</ele>
        <time>2026-09-15T17:32:51Z</time>
        <extensions>
          <gpxdata:distance>24416.12</gpxdata:distance>
          <gpxdata:speed>0.898</gpxdata:speed>
        </extensions>
      </trkpt>
      <trkpt lat="46.5548705" lon="9.4375940">
        <ele>1285.6</ele>
        <time>2026-09-15T17:32:51Z</time>
        <extensions>
          <gpxdata:distance>24416.12</gpxdata:distance>
          <gpxdata:speed>0.000</gpxdata:speed>
        </extensions>
      </trkpt>
      <trkpt lat="46.5548625" lon="9.4375280">
        <ele>1283.6</ele>
        <time>2026-09-15T17:32:56Z</time>
        <extensions>
          <gpxdata:distance>24421.25</gpxdata:distance>
          <gpxdata:speed>0.900</gpxdata:speed>
        </extensions>
      </trkpt>
      <trkpt lat="46.5548725" lon="9.4375020">
        <ele>1282.5</ele>
        <time>2026-09-15T17:32:59Z</time>
        <extensions>
          <gpxdata:distance>24423.52</gpxdata:distance>
          <gpxdata:speed>0.903</gpxdata:speed>
        </extensions>
      </trkpt>
      <trkpt lat="46.5549556" lon="9.4373750">
        <ele>1280.1</ele>
        <time>2026-09-15T17:33:14Z</time>
        <extensions>
          <gpxdata:distance>24436.93</gpxdata:distance>
          <gpxdata:speed>0.904</gpxdata:speed>
        </extensions>
      </trkpt>
      <trkpt lat="46.5550196" lon="9.4372990">
        <ele>1278.8</ele>
        <time>2026-09-15T17:33:24Z</time>
        <extensions>
          <gpxdata:distance>24446.12</gpxdata:distance>
          <gpxdata:speed>0.905</gpxdata:speed>
        </extensions>
      </trkpt>
      <trkpt lat="46.5550666" lon="9.4372090">
        <ele>1278.9</ele>
        <time>2026-09-15T17:33:34Z</time>
        <extensions>
          <gpxdata:distance>24454.76</gpxdata:distance>
          <gpxdata:speed>0.895</gpxdata:speed>
        </extensions>
      </trkpt>
      <trkpt lat="46.5550946" lon="9.4371580">
        <ele>1279.4</ele>
        <time>2026-09-15T17:33:39Z</time>
        <extensions>
          <gpxdata:distance>24459.75</gpxdata:distance>
          <gpxdata:speed>0.904</gpxdata:speed>
        </extensions>
      </trkpt>
      <trkpt lat="46.5551036" lon="9.4371200">
        <ele>1279.7</ele>
        <time>2026-09-15T17:33:42Z</time>
        <extensions>
          <gpxdata:distance>24462.82</gpxdata:distance>
          <gpxdata:speed>0.913</gpxdata:speed>
        </extensions>
      </trkpt>
      <trkpt lat="46.5551136" lon="9.4370680">
        <ele>1279.8</ele>
        <time>2026-09-15T17:33:47Z</time>
        <extensions>
          <gpxdata:distance>24466.95</gpxdata:distance>
          <gpxdata:speed>0.907</gpxdata:speed>
        </extensions>
      </trkpt>
      <trkpt lat="46.5551416" lon="9.4370430">
        <ele>1280.1</ele>
        <time>2026-09-15T17:33:51Z</time>
        <extensions>
          <gpxdata:distance>24470.60</gpxdata:distance>
          <gpxdata:speed>0.895</gpxdata:speed>
        </extensions>
      </trkpt>
      <trkpt lat="46.5551776" lon="9.4370310">
        <ele>1280.7</ele>
        <time>2026-09-15T17:33:55Z</time>
        <extensions>
          <gpxdata:distance>24474.71</gpxdata:distance>
          <gpxdata:speed>0.944</gpxdata:speed>
        </extensions>
      </trkpt>
      <trkpt lat="46.5551956" lon="9.4370191">
        <ele>1280.9</ele>
        <time>2026-09-15T17:33:58Z</time>
        <extensions>
          <gpxdata:distance>24476.91</gpxdata:distance>
          <gpxdata:speed>0.974</gpxdata:speed>
        </extensions>
      </trkpt>
      <trkpt lat="46.5552326" lon="9.4369811">
        <ele>1281.6</ele>
        <time>2026-09-15T17:34:03Z</time>
        <extensions>
          <gpxdata:distance>24481.95</gpxdata:distance>
          <gpxdata:speed>0.928</gpxdata:speed>
        </extensions>
      </trkpt>
      <trkpt lat="46.5553796" lon="9.4367781">
        <ele>1282.3</ele>
        <time>2026-09-15T17:34:29Z</time>
        <extensions>
          <gpxdata:distance>24504.49</gpxdata:distance>
          <gpxdata:speed>0.859</gpxdata:speed>
        </extensions>
      </trkpt>
      <trkpt lat="46.5554356" lon="9.4367011">
        <ele>1282.3</ele>
        <time>2026-09-15T17:34:39Z</time>
        <extensions>
          <gpxdata:distance>24513.06</gpxdata:distance>
          <gpxdata:speed>0.864</gpxdata:speed>
        </extensions>
      </trkpt>
      <trkpt lat="46.5554536" lon="9.4366631">
        <ele>1282.4</ele>
        <time>2026-09-15T17:34:43Z</time>
        <extensions>
          <gpxdata:distance>24516.59</gpxdata:distance>
          <gpxdata:speed>0.878</gpxdata:speed>
        </extensions>
      </trkpt>
      <trkpt lat="46.5554546" lon="9.4366371">
        <ele>1282.6</ele>
        <time>2026-09-15T17:34:46Z</time>
        <extensions>
          <gpxdata:distance>24518.58</gpxdata:distance>
          <gpxdata:speed>0.880</gpxdata:speed>
        </extensions>
      </trkpt>
      <trkpt lat="46.5554376" lon="9.4365711">
        <ele>1282.1</ele>
        <time>2026-09-15T17:34:52Z</time>
        <extensions>
          <gpxdata:distance>24523.97</gpxdata:distance>
          <gpxdata:speed>0.910</gpxdata:speed>
        </extensions>
      </trkpt>
      <trkpt lat="46.5554386" lon="9.4365321">
        <ele>1281.6</ele>
        <time>2026-09-15T17:34:55Z</time>
        <extensions>
          <gpxdata:distance>24526.95</gpxdata:distance>
          <gpxdata:speed>0.945</gpxdata:speed>
        </extensions>
      </trkpt>
      <trkpt lat="46.5554396" lon="9.4364801">
        <ele>1280.7</ele>
        <time>2026-09-15T17:34:59Z</time>
        <extensions>
          <gpxdata:distance>24530.93</gpxdata:distance>
          <gpxdata:speed>1.012</gpxdata:speed>
        </extensions>
      </trkpt>
      <trkpt lat="46.5554496" lon="9.4364151">
        <ele>1281.5</ele>
        <time>2026-09-15T17:35:04Z</time>
        <extensions>
          <gpxdata:distance>24536.02</gpxdata:distance>
          <gpxdata:speed>0.987</gpxdata:speed>
        </extensions>
      </trkpt>
      <trkpt lat="46.5554496" lon="9.4364151">
        <ele>1281.5</ele>
        <time>2026-09-15T17:35:04Z</time>
        <extensions>
          <gpxdata:distance>24536.02</gpxdata:distance>
          <gpxdata:speed>0.000</gpxdata:speed>
        </extensions>
      </trkpt>
      <trkpt lat="46.5554866" lon="9.4363121">
        <ele>1282.4</ele>
        <time>2026-09-15T17:35:13Z</time>
        <extensions>
          <gpxdata:distance>24544.91</gpxdata:distance>
          <gpxdata:speed>1.006</gpxdata:speed>
        </extensions>
      </trkpt>
      <trkpt lat="46.5554866" lon="9.4363121">
        <ele>1282.4</ele>
        <time>2026-09-15T17:35:13Z</time>
        <extensions>
          <gpxdata:distance>24544.91</gpxdata:distance>
          <gpxdata:speed>0.000</gpxdata:speed>
        </extensions>
      </trkpt>
      <trkpt lat="46.5555146" lon="9.4362871">
        <ele>1282.6</ele>
        <time>2026-09-15T17:35:16Z</time>
        <extensions>
          <gpxdata:distance>24548.56</gpxdata:distance>
          <gpxdata:speed>0.997</gpxdata:speed>
        </extensions>
      </trkpt>
      <trkpt lat="46.5555326" lon="9.4362611">
        <ele>1283.1</ele>
        <time>2026-09-15T17:35:19Z</time>
        <extensions>
          <gpxdata:distance>24551.38</gpxdata:distance>
          <gpxdata:speed>0.974</gpxdata:speed>
        </extensions>
      </trkpt>
      <trkpt lat="46.5555516" lon="9.4362231">
        <ele>1283.9</ele>
        <time>2026-09-15T17:35:23Z</time>
        <extensions>
          <gpxdata:distance>24554.97</gpxdata:distance>
          <gpxdata:speed>0.864</gpxdata:speed>
        </extensions>
      </trkpt>
      <trkpt lat="46.5555786" lon="9.4361981">
        <ele>1283.6</ele>
        <time>2026-09-15T17:35:28Z</time>
        <extensions>
          <gpxdata:distance>24558.53</gpxdata:distance>
          <gpxdata:speed>0.850</gpxdata:speed>
        </extensions>
      </trkpt>
      <trkpt lat="46.5555966" lon="9.4361991">
        <ele>1283.2</ele>
        <time>2026-09-15T17:35:30Z</time>
        <extensions>
          <gpxdata:distance>24560.53</gpxdata:distance>
          <gpxdata:speed>0.795</gpxdata:speed>
        </extensions>
      </trkpt>
      <trkpt lat="46.5556146" lon="9.4362251">
        <ele>1282.7</ele>
        <time>2026-09-15T17:35:33Z</time>
        <extensions>
          <gpxdata:distance>24563.36</gpxdata:distance>
          <gpxdata:speed>0.901</gpxdata:speed>
        </extensions>
      </trkpt>
      <trkpt lat="46.5556676" lon="9.4362531">
        <ele>1282.0</ele>
        <time>2026-09-15T17:35:40Z</time>
        <extensions>
          <gpxdata:distance>24569.63</gpxdata:distance>
          <gpxdata:speed>0.975</gpxdata:speed>
        </extensions>
      </trkpt>
      <trkpt lat="46.5557036" lon="9.4362681">
        <ele>1281.2</ele>
        <time>2026-09-15T17:35:44Z</time>
        <extensions>
          <gpxdata:distance>24573.79</gpxdata:distance>
          <gpxdata:speed>0.959</gpxdata:speed>
        </extensions>
      </trkpt>
      <trkpt lat="46.5557396" lon="9.4362691">
        <ele>1281.0</ele>
        <time>2026-09-15T17:35:48Z</time>
        <extensions>
          <gpxdata:distance>24577.79</gpxdata:distance>
          <gpxdata:speed>0.958</gpxdata:speed>
        </extensions>
      </trkpt>
      <trkpt lat="46.5557676" lon="9.4362311">
        <ele>1281.2</ele>
        <time>2026-09-15T17:35:53Z</time>
        <extensions>
          <gpxdata:distance>24582.05</gpxdata:distance>
          <gpxdata:speed>0.959</gpxdata:speed>
        </extensions>
      </trkpt>
      <trkpt lat="46.5557866" lon="9.4361661">
        <ele>1280.6</ele>
        <time>2026-09-15T17:35:58Z</time>
        <extensions>
          <gpxdata:distance>24587.45</gpxdata:distance>
          <gpxdata:speed>0.927</gpxdata:speed>
        </extensions>
      </trkpt>
      <trkpt lat="46.5558236" lon="9.4360901">
        <ele>1281.1</ele>
        <time>2026-09-15T17:36:06Z</time>
        <extensions>
          <gpxdata:distance>24594.57</gpxdata:distance>
          <gpxdata:speed>0.926</gpxdata:speed>
        </extensions>
      </trkpt>
      <trkpt lat="46.5558236" lon="9.4360901">
        <ele>1281.1</ele>
        <time>2026-09-15T17:36:06Z</time>
        <extensions>
          <gpxdata:distance>24594.57</gpxdata:distance>
          <gpxdata:speed>0.000</gpxdata:speed>
        </extensions>
      </trkpt>
      <trkpt lat="46.5558886" lon="9.4360011">
        <ele>1281.5</ele>
        <time>2026-09-15T17:36:16Z</time>
        <extensions>
          <gpxdata:distance>24604.50</gpxdata:distance>
          <gpxdata:speed>0.963</gpxdata:speed>
        </extensions>
      </trkpt>
      <trkpt lat="46.5558886" lon="9.4360011">
        <ele>1281.5</ele>
        <time>2026-09-15T17:36:16Z</time>
        <extensions>
          <gpxdata:distance>24604.50</gpxdata:distance>
          <gpxdata:speed>0.000</gpxdata:speed>
        </extensions>
      </trkpt>
      <trkpt lat="46.5559246" lon="9.4359891">
        <ele>1281.8</ele>
        <time>2026-09-15T17:36:20Z</time>
        <extensions>
          <gpxdata:distance>24608.61</gpxdata:distance>
          <gpxdata:speed>1.006</gpxdata:speed>
        </extensions>
      </trkpt>
      <trkpt lat="46.5559516" lon="9.4359901">
        <ele>1281.6</ele>
        <time>2026-09-15T17:36:24Z</time>
        <extensions>
          <gpxdata:distance>24611.61</gpxdata:distance>
          <gpxdata:speed>0.986</gpxdata:speed>
        </extensions>
      </trkpt>
      <trkpt lat="46.5559516" lon="9.4359901">
        <ele>1281.6</ele>
        <time>2026-09-15T17:36:24Z</time>
        <extensions>
          <gpxdata:distance>24611.61</gpxdata:distance>
          <gpxdata:speed>0.000</gpxdata:speed>
        </extensions>
      </trkpt>
      <trkpt lat="46.5559966" lon="9.4360181">
        <ele>1280.3</ele>
        <time>2026-09-15T17:36:29Z</time>
        <extensions>
          <gpxdata:distance>24617.05</gpxdata:distance>
          <gpxdata:speed>0.979</gpxdata:speed>
        </extensions>
      </trkpt>
      <trkpt lat="46.5560496" lon="9.4360461">
        <ele>1279.3</ele>
        <time>2026-09-15T17:36:36Z</time>
        <extensions>
          <gpxdata:distance>24623.32</gpxdata:distance>
          <gpxdata:speed>0.966</gpxdata:speed>
        </extensions>
      </trkpt>
      <trkpt lat="46.5560766" lon="9.4360601">
        <ele>1278.7</ele>
        <time>2026-09-15T17:36:39Z</time>
        <extensions>
          <gpxdata:distance>24626.51</gpxdata:distance>
          <gpxdata:speed>0.921</gpxdata:speed>
        </extensions>
      </trkpt>
      <trkpt lat="46.5561036" lon="9.4360611">
        <ele>1278.1</ele>
        <time>2026-09-15T17:36:42Z</time>
        <extensions>
          <gpxdata:distance>24629.51</gpxdata:distance>
          <gpxdata:speed>0.910</gpxdata:speed>
        </extensions>
      </trkpt>
      <trkpt lat="46.5561216" lon="9.4360351">
        <ele>1277.7</ele>
        <time>2026-09-15T17:36:45Z</time>
        <extensions>
          <gpxdata:distance>24632.33</gpxdata:distance>
          <gpxdata:speed>0.928</gpxdata:speed>
        </extensions>
      </trkpt>
      <trkpt lat="46.5562036" lon="9.4359991">
        <ele>1276.2</ele>
        <time>2026-09-15T17:36:56Z</time>
        <extensions>
          <gpxdata:distance>24641.86</gpxdata:distance>
          <gpxdata:speed>0.933</gpxdata:speed>
        </extensions>
      </trkpt>
      <trkpt lat="46.5562676" lon="9.4359491">
        <ele>1276.5</ele>
        <time>2026-09-15T17:37:04Z</time>
        <extensions>
          <gpxdata:distance>24649.94</gpxdata:distance>
          <gpxdata:speed>0.920</gpxdata:speed>
        </extensions>
      </trkpt>
      <trkpt lat="46.5563666" lon="9.4359141">
        <ele>1277.5</ele>
        <time>2026-09-15T17:37:17Z</time>
        <extensions>
          <gpxdata:distance>24661.27</gpxdata:distance>
          <gpxdata:speed>0.913</gpxdata:speed>
        </extensions>
      </trkpt>
      <trkpt lat="46.5564756" lon="9.4358531">
        <ele>1279.4</ele>
        <time>2026-09-15T17:37:30Z</time>
        <extensions>
          <gpxdata:distance>24674.25</gpxdata:distance>
          <gpxdata:speed>0.967</gpxdata:speed>
        </extensions>
      </trkpt>
      <trkpt lat="46.5565126" lon="9.4358411">
        <ele>1279.9</ele>
        <time>2026-09-15T17:37:34Z</time>
        <extensions>
          <gpxdata:distance>24678.47</gpxdata:distance>
          <gpxdata:speed>1.004</gpxdata:speed>
        </extensions>
      </trkpt>
      <trkpt lat="46.5565846" lon="9.4358181">
        <ele>1281.2</ele>
        <time>2026-09-15T17:37:43Z</time>
        <extensions>
          <gpxdata:distance>24686.67</gpxdata:distance>
          <gpxdata:speed>0.936</gpxdata:speed>
        </extensions>
      </trkpt>
      <trkpt lat="46.5566206" lon="9.4358191">
        <ele>1282.0</ele>
        <time>2026-09-15T17:37:48Z</time>
        <extensions>
          <gpxdata:distance>24690.67</gpxdata:distance>
          <gpxdata:speed>0.882</gpxdata:speed>
        </extensions>
      </trkpt>
      <trkpt lat="46.5566756" lon="9.4357691">
        <ele>1282.9</ele>
        <time>2026-09-15T17:37:56Z</time>
        <extensions>
          <gpxdata:distance>24697.88</gpxdata:distance>
          <gpxdata:speed>0.832</gpxdata:speed>
        </extensions>
      </trkpt>
      <trkpt lat="46.5567206" lon="9.4357571">
        <ele>1283.7</ele>
        <time>2026-09-15T17:38:03Z</time>
        <extensions>
          <gpxdata:distance>24702.97</gpxdata:distance>
          <gpxdata:speed>0.793</gpxdata:speed>
        </extensions>
      </trkpt>
      <trkpt lat="46.5567656" lon="9.4357721">
        <ele>1284.6</ele>
        <time>2026-09-15T17:38:10Z</time>
        <extensions>
          <gpxdata:distance>24708.10</gpxdata:distance>
          <gpxdata:speed>0.688</gpxdata:speed>
        </extensions>
      </trkpt>
      <trkpt lat="46.5568016" lon="9.4357731">
        <ele>1285.1</ele>
        <time>2026-09-15T17:38:16Z</time>
        <extensions>
          <gpxdata:distance>24712.11</gpxdata:distance>
          <gpxdata:speed>0.659</gpxdata:speed>
        </extensions>
      </trkpt>
      <trkpt lat="46.5568286" lon="9.4357741">
        <ele>1284.9</ele>
        <time>2026-09-15T17:38:21Z</time>
        <extensions>
          <gpxdata:distance>24715.11</gpxdata:distance>
          <gpxdata:speed>0.661</gpxdata:speed>
        </extensions>
      </trkpt>
      <trkpt lat="46.5568836" lon="9.4357241">
        <ele>1283.8</ele>
        <time>2026-09-15T17:38:30Z</time>
        <extensions>
          <gpxdata:distance>24722.32</gpxdata:distance>
          <gpxdata:speed>0.776</gpxdata:speed>
        </extensions>
      </trkpt>
      <trkpt lat="46.5569196" lon="9.4357261">
        <ele>1283.6</ele>
        <time>2026-09-15T17:38:35Z</time>
        <extensions>
          <gpxdata:distance>24726.33</gpxdata:distance>
          <gpxdata:speed>0.814</gpxdata:speed>
        </extensions>
      </trkpt>
      <trkpt lat="46.5569546" lon="9.4357402">
        <ele>1283.7</ele>
        <time>2026-09-15T17:38:40Z</time>
        <extensions>
          <gpxdata:distance>24730.37</gpxdata:distance>
          <gpxdata:speed>0.866</gpxdata:speed>
        </extensions>
      </trkpt>
      <trkpt lat="46.5569726" lon="9.4357542">
        <ele>1283.8</ele>
        <time>2026-09-15T17:38:42Z</time>
        <extensions>
          <gpxdata:distance>24732.64</gpxdata:distance>
          <gpxdata:speed>0.904</gpxdata:speed>
        </extensions>
      </trkpt>
      <trkpt lat="46.5570086" lon="9.4357422">
        <ele>1283.8</ele>
        <time>2026-09-15T17:38:47Z</time>
        <extensions>
          <gpxdata:distance>24736.74</gpxdata:distance>
          <gpxdata:speed>0.954</gpxdata:speed>
        </extensions>
      </trkpt>
      <trkpt lat="46.5570366" lon="9.4357172">
        <ele>1283.4</ele>
        <time>2026-09-15T17:38:50Z</time>
        <extensions>
          <gpxdata:distance>24740.40</gpxdata:distance>
          <gpxdata:speed>1.002</gpxdata:speed>
        </extensions>
      </trkpt>
      <trkpt lat="46.5570996" lon="9.4357062">
        <ele>1283.8</ele>
        <time>2026-09-15T17:38:57Z</time>
        <extensions>
          <gpxdata:distance>24747.45</gpxdata:distance>
          <gpxdata:speed>0.986</gpxdata:speed>
        </extensions>
      </trkpt>
      <trkpt lat="46.5571726" lon="9.4356572">
        <ele>1282.5</ele>
        <time>2026-09-15T17:39:07Z</time>
        <extensions>
          <gpxdata:distance>24756.39</gpxdata:distance>
          <gpxdata:speed>0.939</gpxdata:speed>
        </extensions>
      </trkpt>
      <trkpt lat="46.5572266" lon="9.4356592">
        <ele>1282.1</ele>
        <time>2026-09-15T17:39:13Z</time>
        <extensions>
          <gpxdata:distance>24762.40</gpxdata:distance>
          <gpxdata:speed>0.938</gpxdata:speed>
        </extensions>
      </trkpt>
      <trkpt lat="46.5573246" lon="9.4357012">
        <ele>1282.7</ele>
        <time>2026-09-15T17:39:25Z</time>
        <extensions>
          <gpxdata:distance>24773.76</gpxdata:distance>
          <gpxdata:speed>0.985</gpxdata:speed>
        </extensions>
      </trkpt>
      <trkpt lat="46.5573776" lon="9.4357302">
        <ele>1282.6</ele>
        <time>2026-09-15T17:39:31Z</time>
        <extensions>
          <gpxdata:distance>24780.06</gpxdata:distance>
          <gpxdata:speed>0.988</gpxdata:speed>
        </extensions>
      </trkpt>
      <trkpt lat="46.5574316" lon="9.4357452">
        <ele>1282.5</ele>
        <time>2026-09-15T17:39:37Z</time>
        <extensions>
          <gpxdata:distance>24786.17</gpxdata:distance>
          <gpxdata:speed>0.985</gpxdata:speed>
        </extensions>
      </trkpt>
      <trkpt lat="46.5574766" lon="9.4357462">
        <ele>1282.7</ele>
        <time>2026-09-15T17:39:42Z</time>
        <extensions>
          <gpxdata:distance>24791.17</gpxdata:distance>
          <gpxdata:speed>0.988</gpxdata:speed>
        </extensions>
      </trkpt>
      <trkpt lat="46.5575216" lon="9.4357352">
        <ele>1282.8</ele>
        <time>2026-09-15T17:39:48Z</time>
        <extensions>
          <gpxdata:distance>24796.25</gpxdata:distance>
          <gpxdata:speed>0.991</gpxdata:speed>
        </extensions>
      </trkpt>
      <trkpt lat="46.5575666" lon="9.4357502">
        <ele>1282.5</ele>
        <time>2026-09-15T17:39:53Z</time>
        <extensions>
          <gpxdata:distance>24801.38</gpxdata:distance>
          <gpxdata:speed>0.993</gpxdata:speed>
        </extensions>
      </trkpt>
      <trkpt lat="46.5576206" lon="9.4357652">
        <ele>1282.6</ele>
        <time>2026-09-15T17:39:59Z</time>
        <extensions>
          <gpxdata:distance>24807.49</gpxdata:distance>
          <gpxdata:speed>0.987</gpxdata:speed>
        </extensions>
      </trkpt>
      <trkpt lat="46.5577006" lon="9.4357942">
        <ele>1283.2</ele>
        <time>2026-09-15T17:40:08Z</time>
        <extensions>
          <gpxdata:distance>24816.66</gpxdata:distance>
          <gpxdata:speed>0.983</gpxdata:speed>
        </extensions>
      </trkpt>
      <trkpt lat="46.5577636" lon="9.4358092">
        <ele>1283.7</ele>
        <time>2026-09-15T17:40:16Z</time>
        <extensions>
          <gpxdata:distance>24823.76</gpxdata:distance>
          <gpxdata:speed>0.946</gpxdata:speed>
        </extensions>
      </trkpt>
      <trkpt lat="46.5578256" lon="9.4358372">
        <ele>1284.3</ele>
        <time>2026-09-15T17:40:23Z</time>
        <extensions>
          <gpxdata:distance>24830.98</gpxdata:distance>
          <gpxdata:speed>0.941</gpxdata:speed>
        </extensions>
      </trkpt>
      <trkpt lat="46.5579156" lon="9.4358412">
        <ele>1286.0</ele>
        <time>2026-09-15T17:40:35Z</time>
        <extensions>
          <gpxdata:distance>24840.99</gpxdata:distance>
          <gpxdata:speed>0.870</gpxdata:speed>
        </extensions>
      </trkpt>
      <trkpt lat="46.5579336" lon="9.4358542">
        <ele>1286.2</ele>
        <time>2026-09-15T17:40:38Z</time>
        <extensions>
          <gpxdata:distance>24843.23</gpxdata:distance>
          <gpxdata:speed>0.846</gpxdata:speed>
        </extensions>
      </trkpt>
      <trkpt lat="46.5580596" lon="9.4358462">
        <ele>1286.9</ele>
        <time>2026-09-15T17:40:54Z</time>
        <extensions>
          <gpxdata:distance>24857.25</gpxdata:distance>
          <gpxdata:speed>0.850</gpxdata:speed>
        </extensions>
      </trkpt>
      <trkpt lat="46.5581046" lon="9.4358482">
        <ele>1286.8</ele>
        <time>2026-09-15T17:41:00Z</time>
        <extensions>
          <gpxdata:distance>24862.26</gpxdata:distance>
          <gpxdata:speed>0.858</gpxdata:speed>
        </extensions>
      </trkpt>
      <trkpt lat="46.5582396" lon="9.4358792">
        <ele>1285.7</ele>
        <time>2026-09-15T17:41:17Z</time>
        <extensions>
          <gpxdata:distance>24877.45</gpxdata:distance>
          <gpxdata:speed>0.906</gpxdata:speed>
        </extensions>
      </trkpt>
      <trkpt lat="46.5582656" lon="9.4358932">
        <ele>1285.3</ele>
        <time>2026-09-15T17:41:20Z</time>
        <extensions>
          <gpxdata:distance>24880.54</gpxdata:distance>
          <gpxdata:speed>0.919</gpxdata:speed>
        </extensions>
      </trkpt>
      <trkpt lat="46.5583016" lon="9.4358942">
        <ele>1285.0</ele>
        <time>2026-09-15T17:41:24Z</time>
        <extensions>
          <gpxdata:distance>24884.54</gpxdata:distance>
          <gpxdata:speed>0.945</gpxdata:speed>
        </extensions>
      </trkpt>
      <trkpt lat="46.5583466" lon="9.4359222">
        <ele>1285.0</ele>
        <time>2026-09-15T17:41:30Z</time>
        <extensions>
          <gpxdata:distance>24889.98</gpxdata:distance>
          <gpxdata:speed>0.963</gpxdata:speed>
        </extensions>
      </trkpt>
      <trkpt lat="46.5584006" lon="9.4359372">
        <ele>1285.4</ele>
        <time>2026-09-15T17:41:36Z</time>
        <extensions>
          <gpxdata:distance>24896.10</gpxdata:distance>
          <gpxdata:speed>0.970</gpxdata:speed>
        </extensions>
      </trkpt>
      <trkpt lat="46.5584276" lon="9.4359382">
        <ele>1285.7</ele>
        <time>2026-09-15T17:41:39Z</time>
        <extensions>
          <gpxdata:distance>24899.10</gpxdata:distance>
          <gpxdata:speed>1.006</gpxdata:speed>
        </extensions>
      </trkpt>
      <trkpt lat="46.5584636" lon="9.4359133">
        <ele>1286.4</ele>
        <time>2026-09-15T17:41:44Z</time>
        <extensions>
          <gpxdata:distance>24903.53</gpxdata:distance>
          <gpxdata:speed>1.004</gpxdata:speed>
        </extensions>
      </trkpt>
      <trkpt lat="46.5585086" lon="9.4359153">
        <ele>1287.0</ele>
        <time>2026-09-15T17:41:49Z</time>
        <extensions>
          <gpxdata:distance>24908.54</gpxdata:distance>
          <gpxdata:speed>1.007</gpxdata:speed>
        </extensions>
      </trkpt>
      <trkpt lat="46.5586606" lon="9.4359463">
        <ele>1287.6</ele>
        <time>2026-09-15T17:42:06Z</time>
        <extensions>
          <gpxdata:distance>24925.60</gpxdata:distance>
          <gpxdata:speed>0.980</gpxdata:speed>
        </extensions>
      </trkpt>
      <trkpt lat="46.5587146" lon="9.4359753">
        <ele>1287.3</ele>
        <time>2026-09-15T17:42:13Z</time>
        <extensions>
          <gpxdata:distance>24932.00</gpxdata:distance>
          <gpxdata:speed>0.938</gpxdata:speed>
        </extensions>
      </trkpt>
      <trkpt lat="46.5587596" lon="9.4359763">
        <ele>1286.7</ele>
        <time>2026-09-15T17:42:18Z</time>
        <extensions>
          <gpxdata:distance>24937.01</gpxdata:distance>
          <gpxdata:speed>0.949</gpxdata:speed>
        </extensions>
      </trkpt>
      <trkpt lat="46.5588046" lon="9.4359913">
        <ele>1285.3</ele>
        <time>2026-09-15T17:42:23Z</time>
        <extensions>
          <gpxdata:distance>24942.14</gpxdata:distance>
          <gpxdata:speed>0.999</gpxdata:speed>
        </extensions>
      </trkpt>
      <trkpt lat="46.5588496" lon="9.4359933">
        <ele>1284.4</ele>
        <time>2026-09-15T17:42:28Z</time>
        <extensions>
          <gpxdata:distance>24947.15</gpxdata:distance>
          <gpxdata:speed>0.999</gpxdata:speed>
        </extensions>
      </trkpt>
      <trkpt lat="46.5588846" lon="9.4360073">
        <ele>1283.7</ele>
        <time>2026-09-15T17:42:32Z</time>
        <extensions>
          <gpxdata:distance>24951.19</gpxdata:distance>
          <gpxdata:speed>0.973</gpxdata:speed>
        </extensions>
      </trkpt>
      <trkpt lat="46.5589386" lon="9.4360353">
        <ele>1282.8</ele>
        <time>2026-09-15T17:42:39Z</time>
        <extensions>
          <gpxdata:distance>24957.56</gpxdata:distance>
          <gpxdata:speed>0.949</gpxdata:speed>
        </extensions>
      </trkpt>
      <trkpt lat="46.5589916" lon="9.4360763">
        <ele>1281.4</ele>
        <time>2026-09-15T17:42:46Z</time>
        <extensions>
          <gpxdata:distance>24964.24</gpxdata:distance>
          <gpxdata:speed>0.913</gpxdata:speed>
        </extensions>
      </trkpt>
      <trkpt lat="46.5591256" lon="9.4361463">
        <ele>1278.7</ele>
        <time>2026-09-15T17:43:04Z</time>
        <extensions>
          <gpxdata:distance>24980.07</gpxdata:distance>
          <gpxdata:speed>0.909</gpxdata:speed>
        </extensions>
      </trkpt>
      <trkpt lat="46.5591786" lon="9.4361743">
        <ele>1278.5</ele>
        <time>2026-09-15T17:43:11Z</time>
        <extensions>
          <gpxdata:distance>24986.34</gpxdata:distance>
          <gpxdata:speed>0.940</gpxdata:speed>
        </extensions>
      </trkpt>
      <trkpt lat="46.5592686" lon="9.4361913">
        <ele>1280.0</ele>
        <time>2026-09-15T17:43:22Z</time>
        <extensions>
          <gpxdata:distance>24996.43</gpxdata:distance>
          <gpxdata:speed>0.907</gpxdata:speed>
        </extensions>
      </trkpt>
      <trkpt lat="46.5593136" lon="9.4362053">
        <ele>1280.8</ele>
        <time>2026-09-15T17:43:27Z</time>
        <extensions>
          <gpxdata:distance>25001.55</gpxdata:distance>
          <gpxdata:speed>0.904</gpxdata:speed>
        </extensions>
      </trkpt>
      <trkpt lat="46.5593576" lon="9.4362333">
        <ele>1281.1</ele>
        <time>2026-09-15T17:43:33Z</time>
        <extensions>
          <gpxdata:distance>25006.89</gpxdata:distance>
          <gpxdata:speed>0.932</gpxdata:speed>
        </extensions>
      </trkpt>
      <trkpt lat="46.5593846" lon="9.4362603">
        <ele>1281.2</ele>
        <time>2026-09-15T17:43:37Z</time>
        <extensions>
          <gpxdata:distance>25010.53</gpxdata:distance>
          <gpxdata:speed>0.948</gpxdata:speed>
        </extensions>
      </trkpt>
      <trkpt lat="46.5594736" lon="9.4362903">
        <ele>1282.6</ele>
        <time>2026-09-15T17:43:47Z</time>
        <extensions>
          <gpxdata:distance>25020.69</gpxdata:distance>
          <gpxdata:speed>0.992</gpxdata:speed>
        </extensions>
      </trkpt>
      <trkpt lat="46.5595636" lon="9.4363063">
        <ele>1284.0</ele>
        <time>2026-09-15T17:43:58Z</time>
        <extensions>
          <gpxdata:distance>25030.77</gpxdata:distance>
          <gpxdata:speed>0.971</gpxdata:speed>
        </extensions>
      </trkpt>
      <trkpt lat="46.5596626" lon="9.4362973">
        <ele>1284.7</ele>
        <time>2026-09-15T17:44:10Z</time>
        <extensions>
          <gpxdata:distance>25041.80</gpxdata:distance>
          <gpxdata:speed>0.904</gpxdata:speed>
        </extensions>
      </trkpt>
      <trkpt lat="46.5597166" lon="9.4363123">
        <ele>1284.7</ele>
        <time>2026-09-15T17:44:18Z</time>
        <extensions>
          <gpxdata:distance>25047.91</gpxdata:distance>
          <gpxdata:speed>0.784</gpxdata:speed>
        </extensions>
      </trkpt>
      <trkpt lat="46.5598336" lon="9.4363163">
        <ele>1284.8</ele>
        <time>2026-09-15T17:44:34Z</time>
        <extensions>
          <gpxdata:distance>25060.93</gpxdata:distance>
          <gpxdata:speed>0.795</gpxdata:speed>
        </extensions>
      </trkpt>
      <trkpt lat="46.5599956" lon="9.4363224">
        <ele>1284.2</ele>
        <time>2026-09-15T17:44:54Z</time>
        <extensions>
          <gpxdata:distance>25078.95</gpxdata:distance>
          <gpxdata:speed>0.883</gpxdata:speed>
        </extensions>
      </trkpt>
      <trkpt lat="46.5600946" lon="9.4363124">
        <ele>1283.3</ele>
        <time>2026-09-15T17:45:06Z</time>
        <extensions>
          <gpxdata:distance>25089.98</gpxdata:distance>
          <gpxdata:speed>0.941</gpxdata:speed>
        </extensions>
      </trkpt>
      <trkpt lat="46.5601936" lon="9.4363164">
        <ele>1282.1</ele>
        <time>2026-09-15T17:45:17Z</time>
        <extensions>
          <gpxdata:distance>25100.99</gpxdata:distance>
          <gpxdata:speed>0.985</gpxdata:speed>
        </extensions>
      </trkpt>
      <trkpt lat="46.5602466" lon="9.4363314">
        <ele>1281.3</ele>
        <time>2026-09-15T17:45:23Z</time>
        <extensions>
          <gpxdata:distance>25107.00</gpxdata:distance>
          <gpxdata:speed>1.010</gpxdata:speed>
        </extensions>
      </trkpt>
      <trkpt lat="46.5602916" lon="9.4363724">
        <ele>1280.8</ele>
        <time>2026-09-15T17:45:29Z</time>
        <extensions>
          <gpxdata:distance>25112.90</gpxdata:distance>
          <gpxdata:speed>0.987</gpxdata:speed>
        </extensions>
      </trkpt>
      <trkpt lat="46.5603446" lon="9.4364134">
        <ele>1280.3</ele>
        <time>2026-09-15T17:45:36Z</time>
        <extensions>
          <gpxdata:distance>25119.58</gpxdata:distance>
          <gpxdata:speed>0.959</gpxdata:speed>
        </extensions>
      </trkpt>
      <trkpt lat="46.5604246" lon="9.4364424">
        <ele>1280.3</ele>
        <time>2026-09-15T17:45:46Z</time>
        <extensions>
          <gpxdata:distance>25128.75</gpxdata:distance>
          <gpxdata:speed>0.947</gpxdata:speed>
        </extensions>
      </trkpt>
      <trkpt lat="46.5605146" lon="9.4364584">
        <ele>1279.9</ele>
        <time>2026-09-15T17:45:56Z</time>
        <extensions>
          <gpxdata:distance>25138.83</gpxdata:distance>
          <gpxdata:speed>0.945</gpxdata:speed>
        </extensions>
      </trkpt>
      <trkpt lat="46.5606046" lon="9.4364494">
        <ele>1279.8</ele>
        <time>2026-09-15T17:46:07Z</time>
        <extensions>
          <gpxdata:distance>25148.86</gpxdata:distance>
          <gpxdata:speed>0.941</gpxdata:speed>
        </extensions>
      </trkpt>
      <trkpt lat="46.5607116" lon="9.4364924">
        <ele>1279.6</ele>
        <time>2026-09-15T17:46:20Z</time>
        <extensions>
          <gpxdata:distance>25161.20</gpxdata:distance>
          <gpxdata:speed>0.942</gpxdata:speed>
        </extensions>
      </trkpt>
      <trkpt lat="46.5608016" lon="9.4365344">
        <ele>1280.1</ele>
        <time>2026-09-15T17:46:31Z</time>
        <extensions>
          <gpxdata:distance>25171.71</gpxdata:distance>
          <gpxdata:speed>0.962</gpxdata:speed>
        </extensions>
      </trkpt>
      <trkpt lat="46.5608816" lon="9.4365764">
        <ele>1279.5</ele>
        <time>2026-09-15T17:46:41Z</time>
        <extensions>
          <gpxdata:distance>25181.17</gpxdata:distance>
          <gpxdata:speed>0.971</gpxdata:speed>
        </extensions>
      </trkpt>
      <trkpt lat="46.5609706" lon="9.4366194">
        <ele>1279.4</ele>
        <time>2026-09-15T17:46:51Z</time>
        <extensions>
          <gpxdata:distance>25191.60</gpxdata:distance>
          <gpxdata:speed>0.984</gpxdata:speed>
        </extensions>
      </trkpt>
      <trkpt lat="46.5611146" lon="9.4366504">
        <ele>1279.9</ele>
        <time>2026-09-15T17:47:08Z</time>
        <extensions>
          <gpxdata:distance>25207.78</gpxdata:distance>
          <gpxdata:speed>1.000</gpxdata:speed>
        </extensions>
      </trkpt>
      <trkpt lat="46.5612486" lon="9.4366814">
        <ele>1280.2</ele>
        <time>2026-09-15T17:47:23Z</time>
        <extensions>
          <gpxdata:distance>25222.87</gpxdata:distance>
          <gpxdata:speed>1.011</gpxdata:speed>
        </extensions>
      </trkpt>
      <trkpt lat="46.5613386" lon="9.4367114">
        <ele>1278.6</ele>
        <time>2026-09-15T17:47:33Z</time>
        <extensions>
          <gpxdata:distance>25233.14</gpxdata:distance>
          <gpxdata:speed>0.991</gpxdata:speed>
        </extensions>
      </trkpt>
      <trkpt lat="46.5614096" lon="9.4367525">
        <ele>1278.4</ele>
        <time>2026-09-15T17:47:41Z</time>
        <extensions>
          <gpxdata:distance>25241.64</gpxdata:distance>
          <gpxdata:speed>0.994</gpxdata:speed>
        </extensions>
      </trkpt>
      <trkpt lat="46.5614356" lon="9.4368195">
        <ele>1277.5</ele>
        <time>2026-09-15T17:47:47Z</time>
        <extensions>
          <gpxdata:distance>25247.52</gpxdata:distance>
          <gpxdata:speed>0.982</gpxdata:speed>
        </extensions>
      </trkpt>
      <trkpt lat="46.5614796" lon="9.4368725">
        <ele>1276.4</ele>
        <time>2026-09-15T17:47:54Z</time>
        <extensions>
          <gpxdata:distance>25253.87</gpxdata:distance>
          <gpxdata:speed>0.968</gpxdata:speed>
        </extensions>
      </trkpt>
      <trkpt lat="46.5616396" lon="9.4369835">
        <ele>1274.7</ele>
        <time>2026-09-15T17:48:15Z</time>
        <extensions>
          <gpxdata:distance>25273.58</gpxdata:distance>
          <gpxdata:speed>0.945</gpxdata:speed>
        </extensions>
      </trkpt>
      <trkpt lat="46.5617016" lon="9.4370245">
        <ele>1273.2</ele>
        <time>2026-09-15T17:48:23Z</time>
        <extensions>
          <gpxdata:distance>25281.16</gpxdata:distance>
          <gpxdata:speed>0.934</gpxdata:speed>
        </extensions>
      </trkpt>
      <trkpt lat="46.5617366" lon="9.4370915">
        <ele>1271.6</ele>
        <time>2026-09-15T17:48:30Z</time>
        <extensions>
          <gpxdata:distance>25287.59</gpxdata:distance>
          <gpxdata:speed>0.915</gpxdata:speed>
        </extensions>
      </trkpt>
      <trkpt lat="46.5617896" lon="9.4371455">
        <ele>1269.7</ele>
        <time>2026-09-15T17:48:38Z</time>
        <extensions>
          <gpxdata:distance>25294.78</gpxdata:distance>
          <gpxdata:speed>0.910</gpxdata:speed>
        </extensions>
      </trkpt>
      <trkpt lat="46.5618336" lon="9.4371995">
        <ele>1268.6</ele>
        <time>2026-09-15T17:48:45Z</time>
        <extensions>
          <gpxdata:distance>25301.19</gpxdata:distance>
          <gpxdata:speed>0.938</gpxdata:speed>
        </extensions>
      </trkpt>
      <trkpt lat="46.5618876" lon="9.4371885">
        <ele>1269.6</ele>
        <time>2026-09-15T17:48:51Z</time>
        <extensions>
          <gpxdata:distance>25307.25</gpxdata:distance>
          <gpxdata:speed>0.914</gpxdata:speed>
        </extensions>
      </trkpt>
      <trkpt lat="46.5619416" lon="9.4372035">
        <ele>1271.3</ele>
        <time>2026-09-15T17:48:58Z</time>
        <extensions>
          <gpxdata:distance>25313.36</gpxdata:distance>
          <gpxdata:speed>0.895</gpxdata:speed>
        </extensions>
      </trkpt>
      <trkpt lat="46.5619946" lon="9.4372445">
        <ele>1271.5</ele>
        <time>2026-09-15T17:49:06Z</time>
        <extensions>
          <gpxdata:distance>25320.04</gpxdata:distance>
          <gpxdata:speed>0.913</gpxdata:speed>
        </extensions>
      </trkpt>
      <trkpt lat="46.5620206" lon="9.4373235">
        <ele>1270.9</ele>
        <time>2026-09-15T17:49:13Z</time>
        <extensions>
          <gpxdata:distance>25326.73</gpxdata:distance>
          <gpxdata:speed>0.921</gpxdata:speed>
        </extensions>
      </trkpt>
      <trkpt lat="46.5620276" lon="9.4374015">
        <ele>1270.6</ele>
        <time>2026-09-15T17:49:19Z</time>
        <extensions>
          <gpxdata:distance>25332.75</gpxdata:distance>
          <gpxdata:speed>0.927</gpxdata:speed>
        </extensions>
      </trkpt>
      <trkpt lat="46.5620536" lon="9.4374555">
        <ele>1270.2</ele>
        <time>2026-09-15T17:49:25Z</time>
        <extensions>
          <gpxdata:distance>25337.79</gpxdata:distance>
          <gpxdata:speed>0.945</gpxdata:speed>
        </extensions>
      </trkpt>
      <trkpt lat="46.5620986" lon="9.4374955">
        <ele>1269.4</ele>
        <time>2026-09-15T17:49:31Z</time>
        <extensions>
          <gpxdata:distance>25343.65</gpxdata:distance>
          <gpxdata:speed>0.962</gpxdata:speed>
        </extensions>
      </trkpt>
      <trkpt lat="46.5621146" lon="9.4375615">
        <ele>1268.7</ele>
        <time>2026-09-15T17:49:36Z</time>
        <extensions>
          <gpxdata:distance>25349.00</gpxdata:distance>
          <gpxdata:speed>0.989</gpxdata:speed>
        </extensions>
      </trkpt>
      <trkpt lat="46.5620966" lon="9.4376005">
        <ele>1267.8</ele>
        <time>2026-09-15T17:49:40Z</time>
        <extensions>
          <gpxdata:distance>25352.59</gpxdata:distance>
          <gpxdata:speed>0.992</gpxdata:speed>
        </extensions>
      </trkpt>
      <trkpt lat="46.5620966" lon="9.4376005">
        <ele>1267.8</ele>
        <time>2026-09-15T17:49:40Z</time>
        <extensions>
          <gpxdata:distance>25352.59</gpxdata:distance>
          <gpxdata:speed>0.000</gpxdata:speed>
        </extensions>
      </trkpt>
      <trkpt lat="46.5621586" lon="9.4376415">
        <ele>1268.5</ele>
        <time>2026-09-15T17:49:48Z</time>
        <extensions>
          <gpxdata:distance>25360.17</gpxdata:distance>
          <gpxdata:speed>0.938</gpxdata:speed>
        </extensions>
      </trkpt>
      <trkpt lat="46.5622657" lon="9.4377105">
        <ele>1268.8</ele>
        <time>2026-09-15T17:50:02Z</time>
        <extensions>
          <gpxdata:distance>25373.19</gpxdata:distance>
          <gpxdata:speed>0.947</gpxdata:speed>
        </extensions>
      </trkpt>
      <trkpt lat="46.5623087" lon="9.4378035">
        <ele>1267.7</ele>
        <time>2026-09-15T17:50:11Z</time>
        <extensions>
          <gpxdata:distance>25381.76</gpxdata:distance>
          <gpxdata:speed>0.939</gpxdata:speed>
        </extensions>
      </trkpt>
      <trkpt lat="46.5623447" lon="9.4378315">
        <ele>1267.3</ele>
        <time>2026-09-15T17:50:16Z</time>
        <extensions>
          <gpxdata:distance>25386.30</gpxdata:distance>
          <gpxdata:speed>0.936</gpxdata:speed>
        </extensions>
      </trkpt>
      <trkpt lat="46.5623707" lon="9.4378715">
        <ele>1267.0</ele>
        <time>2026-09-15T17:50:20Z</time>
        <extensions>
          <gpxdata:distance>25390.51</gpxdata:distance>
          <gpxdata:speed>0.937</gpxdata:speed>
        </extensions>
      </trkpt>
      <trkpt lat="46.5623977" lon="9.4378855">
        <ele>1267.1</ele>
        <time>2026-09-15T17:50:23Z</time>
        <extensions>
          <gpxdata:distance>25393.70</gpxdata:distance>
          <gpxdata:speed>0.953</gpxdata:speed>
        </extensions>
      </trkpt>
      <trkpt lat="46.5624957" lon="9.4379145">
        <ele>1267.9</ele>
        <time>2026-09-15T17:50:35Z</time>
        <extensions>
          <gpxdata:distance>25404.82</gpxdata:distance>
          <gpxdata:speed>0.994</gpxdata:speed>
        </extensions>
      </trkpt>
      <trkpt lat="46.5625217" lon="9.4379555">
        <ele>1267.1</ele>
        <time>2026-09-15T17:50:39Z</time>
        <extensions>
          <gpxdata:distance>25409.08</gpxdata:distance>
          <gpxdata:speed>0.996</gpxdata:speed>
        </extensions>
      </trkpt>
      <trkpt lat="46.5625397" lon="9.4379815">
        <ele>1265.7</ele>
        <time>2026-09-15T17:50:42Z</time>
        <extensions>
          <gpxdata:distance>25411.90</gpxdata:distance>
          <gpxdata:speed>0.967</gpxdata:speed>
        </extensions>
      </trkpt>
      <trkpt lat="46.5625667" lon="9.4379825">
        <ele>1265.4</ele>
        <time>2026-09-15T17:50:45Z</time>
        <extensions>
          <gpxdata:distance>25414.90</gpxdata:distance>
          <gpxdata:speed>0.941</gpxdata:speed>
        </extensions>
      </trkpt>
      <trkpt lat="46.5626297" lon="9.4379986">
        <ele>1264.0</ele>
        <time>2026-09-15T17:50:53Z</time>
        <extensions>
          <gpxdata:distance>25422.02</gpxdata:distance>
          <gpxdata:speed>0.896</gpxdata:speed>
        </extensions>
      </trkpt>
      <trkpt lat="46.5626557" lon="9.4380126">
        <ele>1262.6</ele>
        <time>2026-09-15T17:50:56Z</time>
        <extensions>
          <gpxdata:distance>25425.10</gpxdata:distance>
          <gpxdata:speed>0.911</gpxdata:speed>
        </extensions>
      </trkpt>
      <trkpt lat="46.5626827" lon="9.4380396">
        <ele>1261.5</ele>
        <time>2026-09-15T17:51:00Z</time>
        <extensions>
          <gpxdata:distance>25428.74</gpxdata:distance>
          <gpxdata:speed>0.928</gpxdata:speed>
        </extensions>
      </trkpt>
      <trkpt lat="46.5627187" lon="9.4380536">
        <ele>1260.5</ele>
        <time>2026-09-15T17:51:05Z</time>
        <extensions>
          <gpxdata:distance>25432.89</gpxdata:distance>
          <gpxdata:speed>0.935</gpxdata:speed>
        </extensions>
      </trkpt>
      <trkpt lat="46.5627447" lon="9.4380676">
        <ele>1259.5</ele>
        <time>2026-09-15T17:51:08Z</time>
        <extensions>
          <gpxdata:distance>25435.97</gpxdata:distance>
          <gpxdata:speed>0.899</gpxdata:speed>
        </extensions>
      </trkpt>
      <trkpt lat="46.5628077" lon="9.4380836">
        <ele>1259.7</ele>
        <time>2026-09-15T17:51:16Z</time>
        <extensions>
          <gpxdata:distance>25443.08</gpxdata:distance>
          <gpxdata:speed>0.872</gpxdata:speed>
        </extensions>
      </trkpt>
      <trkpt lat="46.5628527" lon="9.4380846">
        <ele>1259.2</ele>
        <time>2026-09-15T17:51:22Z</time>
        <extensions>
          <gpxdata:distance>25448.09</gpxdata:distance>
          <gpxdata:speed>0.872</gpxdata:speed>
        </extensions>
      </trkpt>
      <trkpt lat="46.5628797" lon="9.4380726">
        <ele>1259.4</ele>
        <time>2026-09-15T17:51:25Z</time>
        <extensions>
          <gpxdata:distance>25451.22</gpxdata:distance>
          <gpxdata:speed>0.926</gpxdata:speed>
        </extensions>
      </trkpt>
      <trkpt lat="46.5629077" lon="9.4380476">
        <ele>1259.3</ele>
        <time>2026-09-15T17:51:29Z</time>
        <extensions>
          <gpxdata:distance>25454.88</gpxdata:distance>
          <gpxdata:speed>0.937</gpxdata:speed>
        </extensions>
      </trkpt>
      <trkpt lat="46.5629347" lon="9.4380486">
        <ele>1258.3</ele>
        <time>2026-09-15T17:51:33Z</time>
        <extensions>
          <gpxdata:distance>25457.88</gpxdata:distance>
          <gpxdata:speed>0.928</gpxdata:speed>
        </extensions>
      </trkpt>
      <trkpt lat="46.5629697" lon="9.4380626">
        <ele>1257.3</ele>
        <time>2026-09-15T17:51:37Z</time>
        <extensions>
          <gpxdata:distance>25461.92</gpxdata:distance>
          <gpxdata:speed>0.935</gpxdata:speed>
        </extensions>
      </trkpt>
      <trkpt lat="46.5630057" lon="9.4380906">
        <ele>1256.1</ele>
        <time>2026-09-15T17:51:42Z</time>
        <extensions>
          <gpxdata:distance>25466.46</gpxdata:distance>
          <gpxdata:speed>0.934</gpxdata:speed>
        </extensions>
      </trkpt>
      <trkpt lat="46.5630227" lon="9.4381306">
        <ele>1255.5</ele>
        <time>2026-09-15T17:51:46Z</time>
        <extensions>
          <gpxdata:distance>25470.05</gpxdata:distance>
          <gpxdata:speed>0.926</gpxdata:speed>
        </extensions>
      </trkpt>
      <trkpt lat="46.5630847" lon="9.4381976">
        <ele>1254.5</ele>
        <time>2026-09-15T17:51:55Z</time>
        <extensions>
          <gpxdata:distance>25478.64</gpxdata:distance>
          <gpxdata:speed>0.910</gpxdata:speed>
        </extensions>
      </trkpt>
      <trkpt lat="46.5631027" lon="9.4382116">
        <ele>1252.9</ele>
        <time>2026-09-15T17:51:58Z</time>
        <extensions>
          <gpxdata:distance>25480.91</gpxdata:distance>
          <gpxdata:speed>0.899</gpxdata:speed>
        </extensions>
      </trkpt>
      <trkpt lat="46.5631297" lon="9.4381866">
        <ele>1253.2</ele>
        <time>2026-09-15T17:52:01Z</time>
        <extensions>
          <gpxdata:distance>25484.47</gpxdata:distance>
          <gpxdata:speed>0.920</gpxdata:speed>
        </extensions>
      </trkpt>
      <trkpt lat="46.5631387" lon="9.4381866">
        <ele>1253.2</ele>
        <time>2026-09-15T17:52:03Z</time>
        <extensions>
          <gpxdata:distance>25485.47</gpxdata:distance>
          <gpxdata:speed>0.898</gpxdata:speed>
        </extensions>
      </trkpt>
      <trkpt lat="46.5631567" lon="9.4381876">
        <ele>1253.1</ele>
        <time>2026-09-15T17:52:05Z</time>
        <extensions>
          <gpxdata:distance>25487.47</gpxdata:distance>
          <gpxdata:speed>0.885</gpxdata:speed>
        </extensions>
      </trkpt>
      <trkpt lat="46.5631927" lon="9.4382146">
        <ele>1253.4</ele>
        <time>2026-09-15T17:52:10Z</time>
        <extensions>
          <gpxdata:distance>25491.98</gpxdata:distance>
          <gpxdata:speed>0.934</gpxdata:speed>
        </extensions>
      </trkpt>
      <trkpt lat="46.5632107" lon="9.4382156">
        <ele>1253.9</ele>
        <time>2026-09-15T17:52:12Z</time>
        <extensions>
          <gpxdata:distance>25493.98</gpxdata:distance>
          <gpxdata:speed>0.900</gpxdata:speed>
        </extensions>
      </trkpt>
      <trkpt lat="46.5632287" lon="9.4382166">
        <ele>1253.9</ele>
        <time>2026-09-15T17:52:14Z</time>
        <extensions>
          <gpxdata:distance>25495.98</gpxdata:distance>
          <gpxdata:speed>0.922</gpxdata:speed>
        </extensions>
      </trkpt>
      <trkpt lat="46.5632467" lon="9.4382166">
        <ele>1253.9</ele>
        <time>2026-09-15T17:52:16Z</time>
        <extensions>
          <gpxdata:distance>25497.98</gpxdata:distance>
          <gpxdata:speed>0.940</gpxdata:speed>
        </extensions>
      </trkpt>
      <trkpt lat="46.5632557" lon="9.4382176">
        <ele>1253.8</ele>
        <time>2026-09-15T17:52:17Z</time>
        <extensions>
          <gpxdata:distance>25498.99</gpxdata:distance>
          <gpxdata:speed>0.968</gpxdata:speed>
        </extensions>
      </trkpt>
      <trkpt lat="46.5632637" lon="9.4382306">
        <ele>1253.6</ele>
        <time>2026-09-15T17:52:19Z</time>
        <extensions>
          <gpxdata:distance>25500.32</gpxdata:distance>
          <gpxdata:speed>0.921</gpxdata:speed>
        </extensions>
      </trkpt>
      <trkpt lat="46.5632817" lon="9.4382446">
        <ele>1253.2</ele>
        <time>2026-09-15T17:52:21Z</time>
        <extensions>
          <gpxdata:distance>25502.59</gpxdata:distance>
          <gpxdata:speed>1.012</gpxdata:speed>
        </extensions>
      </trkpt>
      <trkpt lat="46.5632997" lon="9.4382446">
        <ele>1253.0</ele>
        <time>2026-09-15T17:52:23Z</time>
        <extensions>
          <gpxdata:distance>25504.59</gpxdata:distance>
          <gpxdata:speed>0.999</gpxdata:speed>
        </extensions>
      </trkpt>
      <trkpt lat="46.5633177" lon="9.4382456">
        <ele>1253.7</ele>
        <time>2026-09-15T17:52:25Z</time>
        <extensions>
          <gpxdata:distance>25506.60</gpxdata:distance>
          <gpxdata:speed>0.933</gpxdata:speed>
        </extensions>
      </trkpt>
      <trkpt lat="46.5633357" lon="9.4382466">
        <ele>1253.8</ele>
        <time>2026-09-15T17:52:27Z</time>
        <extensions>
          <gpxdata:distance>25508.60</gpxdata:distance>
          <gpxdata:speed>0.951</gpxdata:speed>
        </extensions>
      </trkpt>
      <trkpt lat="46.5633537" lon="9.4382336">
        <ele>1254.7</ele>
        <time>2026-09-15T17:52:30Z</time>
        <extensions>
          <gpxdata:distance>25510.83</gpxdata:distance>
          <gpxdata:speed>0.892</gpxdata:speed>
        </extensions>
      </trkpt>
      <trkpt lat="46.5633907" lon="9.4381956">
        <ele>1255.2</ele>
        <time>2026-09-15T17:52:36Z</time>
        <extensions>
          <gpxdata:distance>25515.87</gpxdata:distance>
          <gpxdata:speed>0.845</gpxdata:speed>
        </extensions>
      </trkpt>
      <trkpt lat="46.5634087" lon="9.4381966">
        <ele>1256.3</ele>
        <time>2026-09-15T17:52:38Z</time>
        <extensions>
          <gpxdata:distance>25517.87</gpxdata:distance>
          <gpxdata:speed>0.703</gpxdata:speed>
        </extensions>
      </trkpt>
      <trkpt lat="46.5634267" lon="9.4381846">
        <ele>1256.9</ele>
        <time>2026-09-15T17:52:42Z</time>
        <extensions>
          <gpxdata:distance>25520.08</gpxdata:distance>
          <gpxdata:speed>0.638</gpxdata:speed>
        </extensions>
      </trkpt>
      <trkpt lat="46.5634447" lon="9.4381716">
        <ele>1256.1</ele>
        <time>2026-09-15T17:52:45Z</time>
        <extensions>
          <gpxdata:distance>25522.31</gpxdata:distance>
          <gpxdata:speed>0.720</gpxdata:speed>
        </extensions>
      </trkpt>
      <trkpt lat="46.5634627" lon="9.4381856">
        <ele>1256.3</ele>
        <time>2026-09-15T17:52:48Z</time>
        <extensions>
          <gpxdata:distance>25524.58</gpxdata:distance>
          <gpxdata:speed>0.653</gpxdata:speed>
        </extensions>
      </trkpt>
      <trkpt lat="46.5634717" lon="9.4381986">
        <ele>1256.1</ele>
        <time>2026-09-15T17:52:51Z</time>
        <extensions>
          <gpxdata:distance>25525.99</gpxdata:distance>
          <gpxdata:speed>0.643</gpxdata:speed>
        </extensions>
      </trkpt>
      <trkpt lat="46.5634807" lon="9.4382256">
        <ele>1255.5</ele>
        <time>2026-09-15T17:52:54Z</time>
        <extensions>
          <gpxdata:distance>25528.28</gpxdata:distance>
          <gpxdata:speed>0.799</gpxdata:speed>
        </extensions>
      </trkpt>
      <trkpt lat="46.5634897" lon="9.4382256">
        <ele>1254.9</ele>
        <time>2026-09-15T17:52:55Z</time>
        <extensions>
          <gpxdata:distance>25529.29</gpxdata:distance>
          <gpxdata:speed>0.877</gpxdata:speed>
        </extensions>
      </trkpt>
      <trkpt lat="46.5634977" lon="9.4382396">
        <ele>1254.2</ele>
        <time>2026-09-15T17:52:56Z</time>
        <extensions>
          <gpxdata:distance>25530.68</gpxdata:distance>
          <gpxdata:speed>0.980</gpxdata:speed>
        </extensions>
      </trkpt>
      <trkpt lat="46.5635067" lon="9.4382526">
        <ele>1253.5</ele>
        <time>2026-09-15T17:52:58Z</time>
        <extensions>
          <gpxdata:distance>25532.09</gpxdata:distance>
          <gpxdata:speed>0.899</gpxdata:speed>
        </extensions>
      </trkpt>
      <trkpt lat="46.5635147" lon="9.4382916">
        <ele>1252.7</ele>
        <time>2026-09-15T17:53:01Z</time>
        <extensions>
          <gpxdata:distance>25535.20</gpxdata:distance>
          <gpxdata:speed>0.872</gpxdata:speed>
        </extensions>
      </trkpt>
      <trkpt lat="46.5635327" lon="9.4383186">
        <ele>1252.4</ele>
        <time>2026-09-15T17:53:05Z</time>
        <extensions>
          <gpxdata:distance>25538.07</gpxdata:distance>
          <gpxdata:speed>0.872</gpxdata:speed>
        </extensions>
      </trkpt>
      <trkpt lat="46.5635507" lon="9.4383066">
        <ele>1252.6</ele>
        <time>2026-09-15T17:53:07Z</time>
        <extensions>
          <gpxdata:distance>25540.28</gpxdata:distance>
          <gpxdata:speed>0.879</gpxdata:speed>
        </extensions>
      </trkpt>
      <trkpt lat="46.5635687" lon="9.4382936">
        <ele>1253.3</ele>
        <time>2026-09-15T17:53:09Z</time>
        <extensions>
          <gpxdata:distance>25542.51</gpxdata:distance>
          <gpxdata:speed>0.916</gpxdata:speed>
        </extensions>
      </trkpt>
      <trkpt lat="46.5635957" lon="9.4383076">
        <ele>1253.5</ele>
        <time>2026-09-15T17:53:13Z</time>
        <extensions>
          <gpxdata:distance>25545.70</gpxdata:distance>
          <gpxdata:speed>0.924</gpxdata:speed>
        </extensions>
      </trkpt>
      <trkpt lat="46.5636137" lon="9.4383086">
        <ele>1253.7</ele>
        <time>2026-09-15T17:53:15Z</time>
        <extensions>
          <gpxdata:distance>25547.70</gpxdata:distance>
          <gpxdata:speed>0.902</gpxdata:speed>
        </extensions>
      </trkpt>
      <trkpt lat="46.5636317" lon="9.4383226">
        <ele>1254.3</ele>
        <time>2026-09-15T17:53:17Z</time>
        <extensions>
          <gpxdata:distance>25549.97</gpxdata:distance>
          <gpxdata:speed>0.975</gpxdata:speed>
        </extensions>
      </trkpt>
      <trkpt lat="46.5636497" lon="9.4383356">
        <ele>1254.3</ele>
        <time>2026-09-15T17:53:20Z</time>
        <extensions>
          <gpxdata:distance>25552.21</gpxdata:distance>
          <gpxdata:speed>1.001</gpxdata:speed>
        </extensions>
      </trkpt>
      <trkpt lat="46.5636767" lon="9.4383236">
        <ele>1254.9</ele>
        <time>2026-09-15T17:53:23Z</time>
        <extensions>
          <gpxdata:distance>25555.34</gpxdata:distance>
          <gpxdata:speed>0.859</gpxdata:speed>
        </extensions>
      </trkpt>
      <trkpt lat="46.5637027" lon="9.4383506">
        <ele>1254.5</ele>
        <time>2026-09-15T17:53:28Z</time>
        <extensions>
          <gpxdata:distance>25558.90</gpxdata:distance>
          <gpxdata:speed>0.817</gpxdata:speed>
        </extensions>
      </trkpt>
      <trkpt lat="46.5637207" lon="9.4383516">
        <ele>1254.5</ele>
        <time>2026-09-15T17:53:30Z</time>
        <extensions>
          <gpxdata:distance>25560.90</gpxdata:distance>
          <gpxdata:speed>0.775</gpxdata:speed>
        </extensions>
      </trkpt>
      <trkpt lat="46.5637127" lon="9.4383256">
        <ele>1255.1</ele>
        <time>2026-09-15T17:53:33Z</time>
        <extensions>
          <gpxdata:distance>25563.08</gpxdata:distance>
          <gpxdata:speed>0.730</gpxdata:speed>
        </extensions>
      </trkpt>
      <trkpt lat="46.5637127" lon="9.4382996">
        <ele>1255.8</ele>
        <time>2026-09-15T17:53:36Z</time>
        <extensions>
          <gpxdata:distance>25565.07</gpxdata:distance>
          <gpxdata:speed>0.727</gpxdata:speed>
        </extensions>
      </trkpt>
      <trkpt lat="46.5637407" lon="9.4382616">
        <ele>1256.5</ele>
        <time>2026-09-15T17:53:42Z</time>
        <extensions>
          <gpxdata:distance>25569.32</gpxdata:distance>
          <gpxdata:speed>0.687</gpxdata:speed>
        </extensions>
      </trkpt>
      <trkpt lat="46.5637757" lon="9.4382886">
        <ele>1255.8</ele>
        <time>2026-09-15T17:53:48Z</time>
        <extensions>
          <gpxdata:distance>25573.73</gpxdata:distance>
          <gpxdata:speed>0.805</gpxdata:speed>
        </extensions>
      </trkpt>
      <trkpt lat="46.5638037" lon="9.4382766">
        <ele>1255.5</ele>
        <time>2026-09-15T17:53:51Z</time>
        <extensions>
          <gpxdata:distance>25576.97</gpxdata:distance>
          <gpxdata:speed>0.900</gpxdata:speed>
        </extensions>
      </trkpt>
      <trkpt lat="46.5638857" lon="9.4382146">
        <ele>1255.8</ele>
        <time>2026-09-15T17:54:03Z</time>
        <extensions>
          <gpxdata:distance>25587.25</gpxdata:distance>
          <gpxdata:speed>0.904</gpxdata:speed>
        </extensions>
      </trkpt>
      <trkpt lat="46.5639127" lon="9.4381896">
        <ele>1256.0</ele>
        <time>2026-09-15T17:54:06Z</time>
        <extensions>
          <gpxdata:distance>25590.81</gpxdata:distance>
          <gpxdata:speed>0.934</gpxdata:speed>
        </extensions>
      </trkpt>
      <trkpt lat="46.5639317" lon="9.4381376">
        <ele>1256.1</ele>
        <time>2026-09-15T17:54:11Z</time>
        <extensions>
          <gpxdata:distance>25595.31</gpxdata:distance>
          <gpxdata:speed>0.901</gpxdata:speed>
        </extensions>
      </trkpt>
      <trkpt lat="46.5639417" lon="9.4380726">
        <ele>1257.9</ele>
        <time>2026-09-15T17:54:18Z</time>
        <extensions>
          <gpxdata:distance>25600.40</gpxdata:distance>
          <gpxdata:speed>0.791</gpxdata:speed>
        </extensions>
      </trkpt>
      <trkpt lat="46.5639687" lon="9.4380736">
        <ele>1257.7</ele>
        <time>2026-09-15T17:54:21Z</time>
        <extensions>
          <gpxdata:distance>25603.41</gpxdata:distance>
          <gpxdata:speed>0.847</gpxdata:speed>
        </extensions>
      </trkpt>
      <trkpt lat="46.5639777" lon="9.4380616">
        <ele>1257.8</ele>
        <time>2026-09-15T17:54:23Z</time>
        <extensions>
          <gpxdata:distance>25604.77</gpxdata:distance>
          <gpxdata:speed>0.884</gpxdata:speed>
        </extensions>
      </trkpt>
      <trkpt lat="46.5639877" lon="9.4380226">
        <ele>1258.1</ele>
        <time>2026-09-15T17:54:26Z</time>
        <extensions>
          <gpxdata:distance>25607.95</gpxdata:distance>
          <gpxdata:speed>0.907</gpxdata:speed>
        </extensions>
      </trkpt>
      <trkpt lat="46.5640057" lon="9.4380096">
        <ele>1257.8</ele>
        <time>2026-09-15T17:54:29Z</time>
        <extensions>
          <gpxdata:distance>25610.18</gpxdata:distance>
          <gpxdata:speed>0.873</gpxdata:speed>
        </extensions>
      </trkpt>
      <trkpt lat="46.5640247" lon="9.4379846">
        <ele>1258.3</ele>
        <time>2026-09-15T17:54:33Z</time>
        <extensions>
          <gpxdata:distance>25613.03</gpxdata:distance>
          <gpxdata:speed>0.813</gpxdata:speed>
        </extensions>
      </trkpt>
      <trkpt lat="46.5640427" lon="9.4379596">
        <ele>1260.0</ele>
        <time>2026-09-15T17:54:37Z</time>
        <extensions>
          <gpxdata:distance>25615.80</gpxdata:distance>
          <gpxdata:speed>0.637</gpxdata:speed>
        </extensions>
      </trkpt>
      <trkpt lat="46.5640877" lon="9.4379606">
        <ele>1259.4</ele>
        <time>2026-09-15T17:54:44Z</time>
        <extensions>
          <gpxdata:distance>25620.80</gpxdata:distance>
          <gpxdata:speed>0.721</gpxdata:speed>
        </extensions>
      </trkpt>
      <trkpt lat="46.5641237" lon="9.4379497">
        <ele>1259.6</ele>
        <time>2026-09-15T17:54:50Z</time>
        <extensions>
          <gpxdata:distance>25624.89</gpxdata:distance>
          <gpxdata:speed>0.709</gpxdata:speed>
        </extensions>
      </trkpt>
      <trkpt lat="46.5641517" lon="9.4379237">
        <ele>1260.6</ele>
        <time>2026-09-15T17:54:54Z</time>
        <extensions>
          <gpxdata:distance>25628.59</gpxdata:distance>
          <gpxdata:speed>0.765</gpxdata:speed>
        </extensions>
      </trkpt>
      <trkpt lat="46.5641787" lon="9.4379247">
        <ele>1259.8</ele>
        <time>2026-09-15T17:54:58Z</time>
        <extensions>
          <gpxdata:distance>25631.59</gpxdata:distance>
          <gpxdata:speed>0.821</gpxdata:speed>
        </extensions>
      </trkpt>
      <trkpt lat="46.5642047" lon="9.4379397">
        <ele>1259.5</ele>
        <time>2026-09-15T17:55:02Z</time>
        <extensions>
          <gpxdata:distance>25634.70</gpxdata:distance>
          <gpxdata:speed>0.868</gpxdata:speed>
        </extensions>
      </trkpt>
      <trkpt lat="46.5642327" lon="9.4379007">
        <ele>1261.5</ele>
        <time>2026-09-15T17:55:08Z</time>
        <extensions>
          <gpxdata:distance>25639.01</gpxdata:distance>
          <gpxdata:speed>0.730</gpxdata:speed>
        </extensions>
      </trkpt>
      <trkpt lat="46.5642237" lon="9.4378877">
        <ele>1262.4</ele>
        <time>2026-09-15T17:55:10Z</time>
        <extensions>
          <gpxdata:distance>25640.42</gpxdata:distance>
          <gpxdata:speed>0.631</gpxdata:speed>
        </extensions>
      </trkpt>
      <trkpt lat="46.5642067" lon="9.4378607">
        <ele>1263.5</ele>
        <time>2026-09-15T17:55:14Z</time>
        <extensions>
          <gpxdata:distance>25643.22</gpxdata:distance>
          <gpxdata:speed>0.639</gpxdata:speed>
        </extensions>
      </trkpt>
      <trkpt lat="46.5642247" lon="9.4378487">
        <ele>1265.2</ele>
        <time>2026-09-15T17:55:18Z</time>
        <extensions>
          <gpxdata:distance>25645.42</gpxdata:distance>
          <gpxdata:speed>0.640</gpxdata:speed>
        </extensions>
      </trkpt>
      <trkpt lat="46.5642607" lon="9.4378627">
        <ele>1264.3</ele>
        <time>2026-09-15T17:55:24Z</time>
        <extensions>
          <gpxdata:distance>25649.56</gpxdata:distance>
          <gpxdata:speed>0.638</gpxdata:speed>
        </extensions>
      </trkpt>
      <trkpt lat="46.5642877" lon="9.4378507">
        <ele>1264.8</ele>
        <time>2026-09-15T17:55:29Z</time>
        <extensions>
          <gpxdata:distance>25652.70</gpxdata:distance>
          <gpxdata:speed>0.644</gpxdata:speed>
        </extensions>
      </trkpt>
      <trkpt lat="46.5643057" lon="9.4378387">
        <ele>1265.4</ele>
        <time>2026-09-15T17:55:32Z</time>
        <extensions>
          <gpxdata:distance>25654.91</gpxdata:distance>
          <gpxdata:speed>0.642</gpxdata:speed>
        </extensions>
      </trkpt>
      <trkpt lat="46.5643337" lon="9.4378137">
        <ele>1266.6</ele>
        <time>2026-09-15T17:55:40Z</time>
        <extensions>
          <gpxdata:distance>25658.56</gpxdata:distance>
          <gpxdata:speed>0.461</gpxdata:speed>
        </extensions>
      </trkpt>
      <trkpt lat="46.5643697" lon="9.4378017">
        <ele>1266.3</ele>
        <time>2026-09-15T17:55:49Z</time>
        <extensions>
          <gpxdata:distance>25662.67</gpxdata:distance>
          <gpxdata:speed>0.487</gpxdata:speed>
        </extensions>
      </trkpt>
      <trkpt lat="46.5644597" lon="9.4377917">
        <ele>1266.1</ele>
        <time>2026-09-15T17:56:04Z</time>
        <extensions>
          <gpxdata:distance>25672.70</gpxdata:distance>
          <gpxdata:speed>0.664</gpxdata:speed>
        </extensions>
      </trkpt>
      <trkpt lat="46.5644867" lon="9.4377927">
        <ele>1266.5</ele>
        <time>2026-09-15T17:56:08Z</time>
        <extensions>
          <gpxdata:distance>25675.71</gpxdata:distance>
          <gpxdata:speed>0.714</gpxdata:speed>
        </extensions>
      </trkpt>
      <trkpt lat="46.5645127" lon="9.4378197">
        <ele>1265.6</ele>
        <time>2026-09-15T17:56:12Z</time>
        <extensions>
          <gpxdata:distance>25679.26</gpxdata:distance>
          <gpxdata:speed>0.864</gpxdata:speed>
        </extensions>
      </trkpt>
      <trkpt lat="46.5645307" lon="9.4378207">
        <ele>1266.0</ele>
        <time>2026-09-15T17:56:14Z</time>
        <extensions>
          <gpxdata:distance>25681.26</gpxdata:distance>
          <gpxdata:speed>0.956</gpxdata:speed>
        </extensions>
      </trkpt>
      <trkpt lat="46.5646297" lon="9.4378507">
        <ele>1266.4</ele>
        <time>2026-09-15T17:56:27Z</time>
        <extensions>
          <gpxdata:distance>25692.51</gpxdata:distance>
          <gpxdata:speed>0.888</gpxdata:speed>
        </extensions>
      </trkpt>
      <trkpt lat="46.5646657" lon="9.4378387">
        <ele>1268.1</ele>
        <time>2026-09-15T17:56:32Z</time>
        <extensions>
          <gpxdata:distance>25696.61</gpxdata:distance>
          <gpxdata:speed>0.819</gpxdata:speed>
        </extensions>
      </trkpt>
      <trkpt lat="46.5647197" lon="9.4378277">
        <ele>1268.1</ele>
        <time>2026-09-15T17:56:39Z</time>
        <extensions>
          <gpxdata:distance>25702.68</gpxdata:distance>
          <gpxdata:speed>0.868</gpxdata:speed>
        </extensions>
      </trkpt>
      <trkpt lat="46.5647467" lon="9.4378287">
        <ele>1267.6</ele>
        <time>2026-09-15T17:56:42Z</time>
        <extensions>
          <gpxdata:distance>25705.68</gpxdata:distance>
          <gpxdata:speed>0.959</gpxdata:speed>
        </extensions>
      </trkpt>
      <trkpt lat="46.5647747" lon="9.4378167">
        <ele>1266.2</ele>
        <time>2026-09-15T17:56:45Z</time>
        <extensions>
          <gpxdata:distance>25708.92</gpxdata:distance>
          <gpxdata:speed>1.010</gpxdata:speed>
        </extensions>
      </trkpt>
      <trkpt lat="46.5648017" lon="9.4378047">
        <ele>1264.9</ele>
        <time>2026-09-15T17:56:49Z</time>
        <extensions>
          <gpxdata:distance>25712.06</gpxdata:distance>
          <gpxdata:speed>0.973</gpxdata:speed>
        </extensions>
      </trkpt>
      <trkpt lat="46.5648547" lon="9.4378197">
        <ele>1263.4</ele>
        <time>2026-09-15T17:56:55Z</time>
        <extensions>
          <gpxdata:distance>25718.07</gpxdata:distance>
          <gpxdata:speed>0.923</gpxdata:speed>
        </extensions>
      </trkpt>
      <trkpt lat="46.5648647" lon="9.4378067">
        <ele>1263.1</ele>
        <time>2026-09-15T17:56:57Z</time>
        <extensions>
          <gpxdata:distance>25719.56</gpxdata:distance>
          <gpxdata:speed>0.935</gpxdata:speed>
        </extensions>
      </trkpt>
      <trkpt lat="46.5648907" lon="9.4378467">
        <ele>1262.9</ele>
        <time>2026-09-15T17:57:01Z</time>
        <extensions>
          <gpxdata:distance>25723.77</gpxdata:distance>
          <gpxdata:speed>0.923</gpxdata:speed>
        </extensions>
      </trkpt>
      <trkpt lat="46.5649007" lon="9.4377957">
        <ele>1261.5</ele>
        <time>2026-09-15T17:57:06Z</time>
        <extensions>
          <gpxdata:distance>25727.82</gpxdata:distance>
          <gpxdata:speed>0.930</gpxdata:speed>
        </extensions>
      </trkpt>
      <trkpt lat="46.5649277" lon="9.4377837">
        <ele>1260.8</ele>
        <time>2026-09-15T17:57:09Z</time>
        <extensions>
          <gpxdata:distance>25730.96</gpxdata:distance>
          <gpxdata:speed>0.872</gpxdata:speed>
        </extensions>
      </trkpt>
      <trkpt lat="46.5649807" lon="9.4378247">
        <ele>1259.6</ele>
        <time>2026-09-15T17:57:17Z</time>
        <extensions>
          <gpxdata:distance>25737.64</gpxdata:distance>
          <gpxdata:speed>0.872</gpxdata:speed>
        </extensions>
      </trkpt>
      <trkpt lat="46.5650077" lon="9.4378517">
        <ele>1259.2</ele>
        <time>2026-09-15T17:57:21Z</time>
        <extensions>
          <gpxdata:distance>25741.28</gpxdata:distance>
          <gpxdata:speed>0.872</gpxdata:speed>
        </extensions>
      </trkpt>
      <trkpt lat="46.5650617" lon="9.4378537">
        <ele>1258.2</ele>
        <time>2026-09-15T17:57:28Z</time>
        <extensions>
          <gpxdata:distance>25747.29</gpxdata:distance>
          <gpxdata:speed>0.872</gpxdata:speed>
        </extensions>
      </trkpt>
      <trkpt lat="46.5650887" lon="9.4378677">
        <ele>1257.3</ele>
        <time>2026-09-15T17:57:32Z</time>
        <extensions>
          <gpxdata:distance>25750.47</gpxdata:distance>
          <gpxdata:speed>0.875</gpxdata:speed>
        </extensions>
      </trkpt>
      <trkpt lat="46.5651047" lon="9.4379337">
        <ele>1256.4</ele>
        <time>2026-09-15T17:57:38Z</time>
        <extensions>
          <gpxdata:distance>25755.82</gpxdata:distance>
          <gpxdata:speed>0.892</gpxdata:speed>
        </extensions>
      </trkpt>
      <trkpt lat="46.5651227" lon="9.4379727">
        <ele>1255.1</ele>
        <time>2026-09-15T17:57:42Z</time>
        <extensions>
          <gpxdata:distance>25759.41</gpxdata:distance>
          <gpxdata:speed>0.872</gpxdata:speed>
        </extensions>
      </trkpt>
      <trkpt lat="46.5651397" lon="9.4380127">
        <ele>1254.6</ele>
        <time>2026-09-15T17:57:46Z</time>
        <extensions>
          <gpxdata:distance>25763.01</gpxdata:distance>
          <gpxdata:speed>0.872</gpxdata:speed>
        </extensions>
      </trkpt>
      <trkpt lat="46.5651477" lon="9.4380527">
        <ele>1254.5</ele>
        <time>2026-09-15T17:57:49Z</time>
        <extensions>
          <gpxdata:distance>25766.19</gpxdata:distance>
          <gpxdata:speed>0.896</gpxdata:speed>
        </extensions>
      </trkpt>
      <trkpt lat="46.5651657" lon="9.4380787">
        <ele>1253.7</ele>
        <time>2026-09-15T17:57:53Z</time>
        <extensions>
          <gpxdata:distance>25769.02</gpxdata:distance>
          <gpxdata:speed>0.890</gpxdata:speed>
        </extensions>
      </trkpt>
      <trkpt lat="46.5651837" lon="9.4380797">
        <ele>1252.9</ele>
        <time>2026-09-15T17:57:55Z</time>
        <extensions>
          <gpxdata:distance>25771.02</gpxdata:distance>
          <gpxdata:speed>0.872</gpxdata:speed>
        </extensions>
      </trkpt>
      <trkpt lat="46.5652017" lon="9.4380677">
        <ele>1251.9</ele>
        <time>2026-09-15T17:57:57Z</time>
        <extensions>
          <gpxdata:distance>25773.22</gpxdata:distance>
          <gpxdata:speed>0.872</gpxdata:speed>
        </extensions>
      </trkpt>
      <trkpt lat="46.5652107" lon="9.4380417">
        <ele>1250.9</ele>
        <time>2026-09-15T17:58:00Z</time>
        <extensions>
          <gpxdata:distance>25775.45</gpxdata:distance>
          <gpxdata:speed>0.872</gpxdata:speed>
        </extensions>
      </trkpt>
      <trkpt lat="46.5652027" lon="9.4380017">
        <ele>1250.3</ele>
        <time>2026-09-15T17:58:04Z</time>
        <extensions>
          <gpxdata:distance>25778.63</gpxdata:distance>
          <gpxdata:speed>0.872</gpxdata:speed>
        </extensions>
      </trkpt>
      <trkpt lat="46.5651947" lon="9.4379757">
        <ele>1250.5</ele>
        <time>2026-09-15T17:58:06Z</time>
        <extensions>
          <gpxdata:distance>25780.81</gpxdata:distance>
          <gpxdata:speed>0.872</gpxdata:speed>
        </extensions>
      </trkpt>
      <trkpt lat="46.5651947" lon="9.4379367">
        <ele>1249.9</ele>
        <time>2026-09-15T17:58:09Z</time>
        <extensions>
          <gpxdata:distance>25783.79</gpxdata:distance>
          <gpxdata:speed>0.872</gpxdata:speed>
        </extensions>
      </trkpt>
      <trkpt lat="46.5652047" lon="9.4379107">
        <ele>1248.7</ele>
        <time>2026-09-15T17:58:12Z</time>
        <extensions>
          <gpxdata:distance>25786.07</gpxdata:distance>
          <gpxdata:speed>0.872</gpxdata:speed>
        </extensions>
      </trkpt>
      <trkpt lat="46.5652317" lon="9.4378857">
        <ele>1247.8</ele>
        <time>2026-09-15T17:58:16Z</time>
        <extensions>
          <gpxdata:distance>25789.63</gpxdata:distance>
          <gpxdata:speed>0.872</gpxdata:speed>
        </extensions>
      </trkpt>
      <trkpt lat="46.5652417" lon="9.4378597">
        <ele>1247.8</ele>
        <time>2026-09-15T17:58:19Z</time>
        <extensions>
          <gpxdata:distance>25791.90</gpxdata:distance>
          <gpxdata:speed>0.872</gpxdata:speed>
        </extensions>
      </trkpt>
      <trkpt lat="46.5652687" lon="9.4378347">
        <ele>1247.7</ele>
        <time>2026-09-15T17:58:23Z</time>
        <extensions>
          <gpxdata:distance>25795.46</gpxdata:distance>
          <gpxdata:speed>0.872</gpxdata:speed>
        </extensions>
      </trkpt>
      <trkpt lat="46.5652957" lon="9.4378357">
        <ele>1247.5</ele>
        <time>2026-09-15T17:58:26Z</time>
        <extensions>
          <gpxdata:distance>25798.47</gpxdata:distance>
          <gpxdata:speed>0.907</gpxdata:speed>
        </extensions>
      </trkpt>
      <trkpt lat="46.5653227" lon="9.4378237">
        <ele>1247.5</ele>
        <time>2026-09-15T17:58:30Z</time>
        <extensions>
          <gpxdata:distance>25801.61</gpxdata:distance>
          <gpxdata:speed>0.922</gpxdata:speed>
        </extensions>
      </trkpt>
      <trkpt lat="46.5653597" lon="9.4377997">
        <ele>1247.2</ele>
        <time>2026-09-15T17:58:35Z</time>
        <extensions>
          <gpxdata:distance>25806.11</gpxdata:distance>
          <gpxdata:speed>0.906</gpxdata:speed>
        </extensions>
      </trkpt>
      <trkpt lat="46.5654317" lon="9.4378017">
        <ele>1245.2</ele>
        <time>2026-09-15T17:58:43Z</time>
        <extensions>
          <gpxdata:distance>25814.12</gpxdata:distance>
          <gpxdata:speed>0.928</gpxdata:speed>
        </extensions>
      </trkpt>
      <trkpt lat="46.5656027" lon="9.4377947">
        <ele>1244.4</ele>
        <time>2026-09-15T17:59:04Z</time>
        <extensions>
          <gpxdata:distance>25833.14</gpxdata:distance>
          <gpxdata:speed>0.905</gpxdata:speed>
        </extensions>
      </trkpt>
      <trkpt lat="46.5656567" lon="9.4377837">
        <ele>1245.3</ele>
        <time>2026-09-15T17:59:11Z</time>
        <extensions>
          <gpxdata:distance>25839.20</gpxdata:distance>
          <gpxdata:speed>0.933</gpxdata:speed>
        </extensions>
      </trkpt>
      <trkpt lat="46.5657297" lon="9.4377347">
        <ele>1246.9</ele>
        <time>2026-09-15T17:59:20Z</time>
        <extensions>
          <gpxdata:distance>25848.14</gpxdata:distance>
          <gpxdata:speed>0.993</gpxdata:speed>
        </extensions>
      </trkpt>
      <trkpt lat="46.5658107" lon="9.4376988">
        <ele>1247.5</ele>
        <time>2026-09-15T17:59:29Z</time>
        <extensions>
          <gpxdata:distance>25857.56</gpxdata:distance>
          <gpxdata:speed>1.007</gpxdata:speed>
        </extensions>
      </trkpt>
      <trkpt lat="46.5658557" lon="9.4377128">
        <ele>1248.0</ele>
        <time>2026-09-15T17:59:34Z</time>
        <extensions>
          <gpxdata:distance>25862.68</gpxdata:distance>
          <gpxdata:speed>1.001</gpxdata:speed>
        </extensions>
      </trkpt>
      <trkpt lat="46.5659537" lon="9.4377558">
        <ele>1247.1</ele>
        <time>2026-09-15T17:59:45Z</time>
        <extensions>
          <gpxdata:distance>25874.06</gpxdata:distance>
          <gpxdata:speed>1.006</gpxdata:speed>
        </extensions>
      </trkpt>
      <trkpt lat="46.5660257" lon="9.4377718">
        <ele>1246.0</ele>
        <time>2026-09-15T17:59:54Z</time>
        <extensions>
          <gpxdata:distance>25882.16</gpxdata:distance>
          <gpxdata:speed>0.988</gpxdata:speed>
        </extensions>
      </trkpt>
      <trkpt lat="46.5660977" lon="9.4377878">
        <ele>1245.4</ele>
        <time>2026-09-15T18:00:02Z</time>
        <extensions>
          <gpxdata:distance>25890.26</gpxdata:distance>
          <gpxdata:speed>0.985</gpxdata:speed>
        </extensions>
      </trkpt>
      <trkpt lat="46.5661427" lon="9.4377758">
        <ele>1244.4</ele>
        <time>2026-09-15T18:00:07Z</time>
        <extensions>
          <gpxdata:distance>25895.34</gpxdata:distance>
          <gpxdata:speed>1.000</gpxdata:speed>
        </extensions>
      </trkpt>
      <trkpt lat="46.5661977" lon="9.4377258">
        <ele>1245.4</ele>
        <time>2026-09-15T18:00:14Z</time>
        <extensions>
          <gpxdata:distance>25902.55</gpxdata:distance>
          <gpxdata:speed>0.976</gpxdata:speed>
        </extensions>
      </trkpt>
      <trkpt lat="46.5662247" lon="9.4377138">
        <ele>1245.9</ele>
        <time>2026-09-15T18:00:18Z</time>
        <extensions>
          <gpxdata:distance>25905.69</gpxdata:distance>
          <gpxdata:speed>0.989</gpxdata:speed>
        </extensions>
      </trkpt>
      <trkpt lat="46.5662877" lon="9.4376898">
        <ele>1245.8</ele>
        <time>2026-09-15T18:00:25Z</time>
        <extensions>
          <gpxdata:distance>25912.94</gpxdata:distance>
          <gpxdata:speed>0.991</gpxdata:speed>
        </extensions>
      </trkpt>
      <trkpt lat="46.5663247" lon="9.4376788">
        <ele>1244.2</ele>
        <time>2026-09-15T18:00:29Z</time>
        <extensions>
          <gpxdata:distance>25917.13</gpxdata:distance>
          <gpxdata:speed>0.942</gpxdata:speed>
        </extensions>
      </trkpt>
      <trkpt lat="46.5663517" lon="9.4376668">
        <ele>1243.8</ele>
        <time>2026-09-15T18:00:33Z</time>
        <extensions>
          <gpxdata:distance>25920.27</gpxdata:distance>
          <gpxdata:speed>0.923</gpxdata:speed>
        </extensions>
      </trkpt>
      <trkpt lat="46.5664327" lon="9.4376698">
        <ele>1242.8</ele>
        <time>2026-09-15T18:00:43Z</time>
        <extensions>
          <gpxdata:distance>25929.28</gpxdata:distance>
          <gpxdata:speed>0.918</gpxdata:speed>
        </extensions>
      </trkpt>
      <trkpt lat="46.5664687" lon="9.4376838">
        <ele>1241.5</ele>
        <time>2026-09-15T18:00:47Z</time>
        <extensions>
          <gpxdata:distance>25933.43</gpxdata:distance>
          <gpxdata:speed>0.908</gpxdata:speed>
        </extensions>
      </trkpt>
      <trkpt lat="46.5665487" lon="9.4376998">
        <ele>1241.0</ele>
        <time>2026-09-15T18:00:57Z</time>
        <extensions>
          <gpxdata:distance>25942.41</gpxdata:distance>
          <gpxdata:speed>0.911</gpxdata:speed>
        </extensions>
      </trkpt>
      <trkpt lat="46.5665757" lon="9.4377138">
        <ele>1240.3</ele>
        <time>2026-09-15T18:01:00Z</time>
        <extensions>
          <gpxdata:distance>25945.59</gpxdata:distance>
          <gpxdata:speed>0.914</gpxdata:speed>
        </extensions>
      </trkpt>
      <trkpt lat="46.5665937" lon="9.4377278">
        <ele>1239.9</ele>
        <time>2026-09-15T18:01:03Z</time>
        <extensions>
          <gpxdata:distance>25947.86</gpxdata:distance>
          <gpxdata:speed>0.914</gpxdata:speed>
        </extensions>
      </trkpt>
      <trkpt lat="46.5666567" lon="9.4377168">
        <ele>1239.9</ele>
        <time>2026-09-15T18:01:11Z</time>
        <extensions>
          <gpxdata:distance>25954.92</gpxdata:distance>
          <gpxdata:speed>0.914</gpxdata:speed>
        </extensions>
      </trkpt>
      <trkpt lat="46.5667197" lon="9.4377058">
        <ele>1241.0</ele>
        <time>2026-09-15T18:01:19Z</time>
        <extensions>
          <gpxdata:distance>25961.97</gpxdata:distance>
          <gpxdata:speed>0.897</gpxdata:speed>
        </extensions>
      </trkpt>
      <trkpt lat="46.5667467" lon="9.4377198">
        <ele>1240.2</ele>
        <time>2026-09-15T18:01:22Z</time>
        <extensions>
          <gpxdata:distance>25965.16</gpxdata:distance>
          <gpxdata:speed>0.912</gpxdata:speed>
        </extensions>
      </trkpt>
      <trkpt lat="46.5667827" lon="9.4377218">
        <ele>1240.6</ele>
        <time>2026-09-15T18:01:26Z</time>
        <extensions>
          <gpxdata:distance>25969.17</gpxdata:distance>
          <gpxdata:speed>0.932</gpxdata:speed>
        </extensions>
      </trkpt>
      <trkpt lat="46.5668097" lon="9.4377228">
        <ele>1240.9</ele>
        <time>2026-09-15T18:01:29Z</time>
        <extensions>
          <gpxdata:distance>25972.17</gpxdata:distance>
          <gpxdata:speed>0.955</gpxdata:speed>
        </extensions>
      </trkpt>
      <trkpt lat="46.5668367" lon="9.4377238">
        <ele>1240.4</ele>
        <time>2026-09-15T18:01:33Z</time>
        <extensions>
          <gpxdata:distance>25975.17</gpxdata:distance>
          <gpxdata:speed>0.979</gpxdata:speed>
        </extensions>
      </trkpt>
      <trkpt lat="46.5668637" lon="9.4377248">
        <ele>1240.1</ele>
        <time>2026-09-15T18:01:36Z</time>
        <extensions>
          <gpxdata:distance>25978.18</gpxdata:distance>
          <gpxdata:speed>0.980</gpxdata:speed>
        </extensions>
      </trkpt>
      <trkpt lat="46.5668907" lon="9.4377258">
        <ele>1239.9</ele>
        <time>2026-09-15T18:01:39Z</time>
        <extensions>
          <gpxdata:distance>25981.18</gpxdata:distance>
          <gpxdata:speed>0.998</gpxdata:speed>
        </extensions>
      </trkpt>
      <trkpt lat="46.5669267" lon="9.4377268">
        <ele>1241.3</ele>
        <time>2026-09-15T18:01:43Z</time>
        <extensions>
          <gpxdata:distance>25985.18</gpxdata:distance>
          <gpxdata:speed>0.917</gpxdata:speed>
        </extensions>
      </trkpt>
      <trkpt lat="46.5669807" lon="9.4377028">
        <ele>1242.4</ele>
        <time>2026-09-15T18:01:50Z</time>
        <extensions>
          <gpxdata:distance>25991.46</gpxdata:distance>
          <gpxdata:speed>0.837</gpxdata:speed>
        </extensions>
      </trkpt>
      <trkpt lat="46.5670087" lon="9.4376778">
        <ele>1243.0</ele>
        <time>2026-09-15T18:01:55Z</time>
        <extensions>
          <gpxdata:distance>25995.12</gpxdata:distance>
          <gpxdata:speed>0.858</gpxdata:speed>
        </extensions>
      </trkpt>
      <trkpt lat="46.5670267" lon="9.4376648">
        <ele>1242.9</ele>
        <time>2026-09-15T18:01:58Z</time>
        <extensions>
          <gpxdata:distance>25997.35</gpxdata:distance>
          <gpxdata:speed>0.796</gpxdata:speed>
        </extensions>
      </trkpt>
      <trkpt lat="46.5670897" lon="9.4376678">
        <ele>1240.7</ele>
        <time>2026-09-15T18:02:04Z</time>
        <extensions>
          <gpxdata:distance>26004.36</gpxdata:distance>
          <gpxdata:speed>1.005</gpxdata:speed>
        </extensions>
      </trkpt>
      <trkpt lat="46.5671077" lon="9.4376548">
        <ele>1240.6</ele>
        <time>2026-09-15T18:02:07Z</time>
        <extensions>
          <gpxdata:distance>26006.59</gpxdata:distance>
          <gpxdata:speed>1.001</gpxdata:speed>
        </extensions>
      </trkpt>
      <trkpt lat="46.5671257" lon="9.4376428">
        <ele>1240.5</ele>
        <time>2026-09-15T18:02:09Z</time>
        <extensions>
          <gpxdata:distance>26008.80</gpxdata:distance>
          <gpxdata:speed>1.005</gpxdata:speed>
        </extensions>
      </trkpt>
      <trkpt lat="46.5671617" lon="9.4376438">
        <ele>1240.2</ele>
        <time>2026-09-15T18:02:13Z</time>
        <extensions>
          <gpxdata:distance>26012.80</gpxdata:distance>
          <gpxdata:speed>1.005</gpxdata:speed>
        </extensions>
      </trkpt>
      <trkpt lat="46.5671617" lon="9.4376438">
        <ele>1240.2</ele>
        <time>2026-09-15T18:02:13Z</time>
        <extensions>
          <gpxdata:distance>26012.80</gpxdata:distance>
          <gpxdata:speed>0.000</gpxdata:speed>
        </extensions>
      </trkpt>
      <trkpt lat="46.5671707" lon="9.4376448">
        <ele>1240.2</ele>
        <time>2026-09-15T18:02:14Z</time>
        <extensions>
          <gpxdata:distance>26013.80</gpxdata:distance>
          <gpxdata:speed>0.963</gpxdata:speed>
        </extensions>
      </trkpt>
      <trkpt lat="46.5671797" lon="9.4376578">
        <ele>1240.1</ele>
        <time>2026-09-15T18:02:16Z</time>
        <extensions>
          <gpxdata:distance>26015.21</gpxdata:distance>
          <gpxdata:speed>0.898</gpxdata:speed>
        </extensions>
      </trkpt>
      <trkpt lat="46.5673447" lon="9.4379768">
        <ele>1238.9</ele>
        <time>2026-09-15T18:02:49Z</time>
        <extensions>
          <gpxdata:distance>26045.73</gpxdata:distance>
          <gpxdata:speed>0.915</gpxdata:speed>
        </extensions>
      </trkpt>
      <trkpt lat="46.5673537" lon="9.4380038">
        <ele>1238.8</ele>
        <time>2026-09-15T18:02:51Z</time>
        <extensions>
          <gpxdata:distance>26048.03</gpxdata:distance>
          <gpxdata:speed>0.915</gpxdata:speed>
        </extensions>
      </trkpt>
      <trkpt lat="46.5673527" lon="9.4380298">
        <ele>1238.7</ele>
        <time>2026-09-15T18:02:53Z</time>
        <extensions>
          <gpxdata:distance>26050.02</gpxdata:distance>
          <gpxdata:speed>0.956</gpxdata:speed>
        </extensions>
      </trkpt>
      <trkpt lat="46.5673527" lon="9.4380298">
        <ele>1238.7</ele>
        <time>2026-09-15T18:02:53Z</time>
        <extensions>
          <gpxdata:distance>26050.02</gpxdata:distance>
          <gpxdata:speed>0.000</gpxdata:speed>
        </extensions>
      </trkpt>
      <trkpt lat="46.5673527" lon="9.4380558">
        <ele>1239.5</ele>
        <time>2026-09-15T18:02:55Z</time>
        <extensions>
          <gpxdata:distance>26052.00</gpxdata:distance>
          <gpxdata:speed>0.983</gpxdata:speed>
        </extensions>
      </trkpt>
      <trkpt lat="46.5673607" lon="9.4380818">
        <ele>1240.8</ele>
        <time>2026-09-15T18:02:58Z</time>
        <extensions>
          <gpxdata:distance>26054.18</gpxdata:distance>
          <gpxdata:speed>0.976</gpxdata:speed>
        </extensions>
      </trkpt>
      <trkpt lat="46.5673787" lon="9.4381088">
        <ele>1242.5</ele>
        <time>2026-09-15T18:03:01Z</time>
        <extensions>
          <gpxdata:distance>26057.06</gpxdata:distance>
          <gpxdata:speed>0.880</gpxdata:speed>
        </extensions>
      </trkpt>
      <trkpt lat="46.5674057" lon="9.4381228">
        <ele>1243.4</ele>
        <time>2026-09-15T18:03:05Z</time>
        <extensions>
          <gpxdata:distance>26060.24</gpxdata:distance>
          <gpxdata:speed>0.836</gpxdata:speed>
        </extensions>
      </trkpt>
      <trkpt lat="46.5674137" lon="9.4381618">
        <ele>1244.3</ele>
        <time>2026-09-15T18:03:09Z</time>
        <extensions>
          <gpxdata:distance>26063.36</gpxdata:distance>
          <gpxdata:speed>0.787</gpxdata:speed>
        </extensions>
      </trkpt>
      <trkpt lat="46.5674757" lon="9.4381908">
        <ele>1244.9</ele>
        <time>2026-09-15T18:03:23Z</time>
        <extensions>
          <gpxdata:distance>26070.60</gpxdata:distance>
          <gpxdata:speed>0.494</gpxdata:speed>
        </extensions>
      </trkpt>
      <trkpt lat="46.5674847" lon="9.4382168">
        <ele>1245.3</ele>
        <time>2026-09-15T18:03:28Z</time>
        <extensions>
          <gpxdata:distance>26072.82</gpxdata:distance>
          <gpxdata:speed>0.461</gpxdata:speed>
        </extensions>
      </trkpt>
      <trkpt lat="46.5675117" lon="9.4382308">
        <ele>1245.8</ele>
        <time>2026-09-15T18:03:35Z</time>
        <extensions>
          <gpxdata:distance>26076.01</gpxdata:distance>
          <gpxdata:speed>0.461</gpxdata:speed>
        </extensions>
      </trkpt>
      <trkpt lat="46.5675557" lon="9.4382458">
        <ele>1246.1</ele>
        <time>2026-09-15T18:03:45Z</time>
        <extensions>
          <gpxdata:distance>26081.03</gpxdata:distance>
          <gpxdata:speed>0.504</gpxdata:speed>
        </extensions>
      </trkpt>
      <trkpt lat="46.5677007" lon="9.4382378">
        <ele>1247.4</ele>
        <time>2026-09-15T18:04:10Z</time>
        <extensions>
          <gpxdata:distance>26097.17</gpxdata:distance>
          <gpxdata:speed>0.640</gpxdata:speed>
        </extensions>
      </trkpt>
      <trkpt lat="46.5677277" lon="9.4382388">
        <ele>1248.0</ele>
        <time>2026-09-15T18:04:15Z</time>
        <extensions>
          <gpxdata:distance>26100.17</gpxdata:distance>
          <gpxdata:speed>0.633</gpxdata:speed>
        </extensions>
      </trkpt>
      <trkpt lat="46.5677087" lon="9.4382778">
        <ele>1250.0</ele>
        <time>2026-09-15T18:04:21Z</time>
        <extensions>
          <gpxdata:distance>26103.83</gpxdata:distance>
          <gpxdata:speed>0.634</gpxdata:speed>
        </extensions>
      </trkpt>
      <trkpt lat="46.5677527" lon="9.4383048">
        <ele>1251.9</ele>
        <time>2026-09-15T18:04:29Z</time>
        <extensions>
          <gpxdata:distance>26109.14</gpxdata:distance>
          <gpxdata:speed>0.639</gpxdata:speed>
        </extensions>
      </trkpt>
      <trkpt lat="46.5678437" lon="9.4382958">
        <ele>1252.0</ele>
        <time>2026-09-15T18:04:44Z</time>
        <extensions>
          <gpxdata:distance>26119.28</gpxdata:distance>
          <gpxdata:speed>0.661</gpxdata:speed>
        </extensions>
      </trkpt>
      <trkpt lat="46.5679237" lon="9.4383118">
        <ele>1251.6</ele>
        <time>2026-09-15T18:04:57Z</time>
        <extensions>
          <gpxdata:distance>26128.26</gpxdata:distance>
          <gpxdata:speed>0.714</gpxdata:speed>
        </extensions>
      </trkpt>
      <trkpt lat="46.5679137" lon="9.4383768">
        <ele>1251.5</ele>
        <time>2026-09-15T18:05:04Z</time>
        <extensions>
          <gpxdata:distance>26133.35</gpxdata:distance>
          <gpxdata:speed>0.748</gpxdata:speed>
        </extensions>
      </trkpt>
      <trkpt lat="46.5679137" lon="9.4383768">
        <ele>1251.5</ele>
        <time>2026-09-15T18:05:04Z</time>
        <extensions>
          <gpxdata:distance>26133.35</gpxdata:distance>
          <gpxdata:speed>0.000</gpxdata:speed>
        </extensions>
      </trkpt>
      <trkpt lat="46.5679587" lon="9.4383908">
        <ele>1251.3</ele>
        <time>2026-09-15T18:05:10Z</time>
        <extensions>
          <gpxdata:distance>26138.47</gpxdata:distance>
          <gpxdata:speed>0.779</gpxdata:speed>
        </extensions>
      </trkpt>
      <trkpt lat="46.5680117" lon="9.4384318">
        <ele>1251.0</ele>
        <time>2026-09-15T18:05:19Z</time>
        <extensions>
          <gpxdata:distance>26145.14</gpxdata:distance>
          <gpxdata:speed>0.820</gpxdata:speed>
        </extensions>
      </trkpt>
      <trkpt lat="46.5682247" lon="9.4386099">
        <ele>1249.8</ele>
        <time>2026-09-15T18:05:47Z</time>
        <extensions>
          <gpxdata:distance>26172.46</gpxdata:distance>
          <gpxdata:speed>0.949</gpxdata:speed>
        </extensions>
      </trkpt>
      <trkpt lat="46.5683047" lon="9.4386649">
        <ele>1249.4</ele>
        <time>2026-09-15T18:05:57Z</time>
        <extensions>
          <gpxdata:distance>26182.30</gpxdata:distance>
          <gpxdata:speed>1.003</gpxdata:speed>
        </extensions>
      </trkpt>
      <trkpt lat="46.5684117" lon="9.4387339">
        <ele>1248.9</ele>
        <time>2026-09-15T18:06:11Z</time>
        <extensions>
          <gpxdata:distance>26195.32</gpxdata:distance>
          <gpxdata:speed>0.968</gpxdata:speed>
        </extensions>
      </trkpt>
      <trkpt lat="46.5684117" lon="9.4387339">
        <ele>1248.9</ele>
        <time>2026-09-15T18:06:11Z</time>
        <extensions>
          <gpxdata:distance>26195.32</gpxdata:distance>
          <gpxdata:speed>0.000</gpxdata:speed>
        </extensions>
      </trkpt>
      <trkpt lat="46.5688667" lon="9.4389599">
        <ele>1246.8</ele>
        <time>2026-09-15T18:07:06Z</time>
        <extensions>
          <gpxdata:distance>26248.78</gpxdata:distance>
          <gpxdata:speed>0.961</gpxdata:speed>
        </extensions>
      </trkpt>
      <trkpt lat="46.5691517" lon="9.4391139">
        <ele>1245.5</ele>
        <time>2026-09-15T18:07:41Z</time>
        <extensions>
          <gpxdata:distance>26282.58</gpxdata:distance>
          <gpxdata:speed>0.961</gpxdata:speed>
        </extensions>
      </trkpt>
      <trkpt lat="46.5693927" lon="9.4392269">
        <ele>1244.3</ele>
        <time>2026-09-15T18:08:11Z</time>
        <extensions>
          <gpxdata:distance>26310.74</gpxdata:distance>
          <gpxdata:speed>0.960</gpxdata:speed>
        </extensions>
      </trkpt>
      <trkpt lat="46.5695707" lon="9.4393119">
        <ele>1243.4</ele>
        <time>2026-09-15T18:08:32Z</time>
        <extensions>
          <gpxdata:distance>26331.57</gpxdata:distance>
          <gpxdata:speed>0.960</gpxdata:speed>
        </extensions>
      </trkpt>
      <trkpt lat="46.5697147" lon="9.4393569">
        <ele>1242.7</ele>
        <time>2026-09-15T18:08:50Z</time>
        <extensions>
          <gpxdata:distance>26347.95</gpxdata:distance>
          <gpxdata:speed>0.960</gpxdata:speed>
        </extensions>
      </trkpt>
      <trkpt lat="46.5698307" lon="9.4393869">
        <ele>1242.0</ele>
        <time>2026-09-15T18:09:03Z</time>
        <extensions>
          <gpxdata:distance>26361.05</gpxdata:distance>
          <gpxdata:speed>0.959</gpxdata:speed>
        </extensions>
      </trkpt>
      <trkpt lat="46.5699387" lon="9.4393909">
        <ele>1241.4</ele>
        <time>2026-09-15T18:09:16Z</time>
        <extensions>
          <gpxdata:distance>26373.06</gpxdata:distance>
          <gpxdata:speed>0.958</gpxdata:speed>
        </extensions>
      </trkpt>
      <trkpt lat="46.5700377" lon="9.4393949">
        <ele>1240.9</ele>
        <time>2026-09-15T18:09:27Z</time>
        <extensions>
          <gpxdata:distance>26384.08</gpxdata:distance>
          <gpxdata:speed>0.958</gpxdata:speed>
        </extensions>
      </trkpt>
      <trkpt lat="46.5701457" lon="9.4393730">
        <ele>1240.4</ele>
        <time>2026-09-15T18:09:40Z</time>
        <extensions>
          <gpxdata:distance>26396.20</gpxdata:distance>
          <gpxdata:speed>0.958</gpxdata:speed>
        </extensions>
      </trkpt>
      <trkpt lat="46.5703267" lon="9.4393140">
        <ele>1239.4</ele>
        <time>2026-09-15T18:10:01Z</time>
        <extensions>
          <gpxdata:distance>26416.83</gpxdata:distance>
          <gpxdata:speed>0.956</gpxdata:speed>
        </extensions>
      </trkpt>
      <trkpt lat="46.5703267" lon="9.4393140">
        <ele>1239.4</ele>
        <time>2026-09-15T18:10:01Z</time>
        <extensions>
          <gpxdata:distance>26416.83</gpxdata:distance>
          <gpxdata:speed>0.000</gpxdata:speed>
        </extensions>
      </trkpt>
      <trkpt lat="46.5704357" lon="9.4392530">
        <ele>1238.6</ele>
        <time>2026-09-15T18:10:15Z</time>
        <extensions>
          <gpxdata:distance>26429.81</gpxdata:distance>
          <gpxdata:speed>0.951</gpxdata:speed>
        </extensions>
      </trkpt>
      <trkpt lat="46.5705177" lon="9.4392170">
        <ele>1238.5</ele>
        <time>2026-09-15T18:10:25Z</time>
        <extensions>
          <gpxdata:distance>26439.34</gpxdata:distance>
          <gpxdata:speed>0.954</gpxdata:speed>
        </extensions>
      </trkpt>
      <trkpt lat="46.5705907" lon="9.4391540">
        <ele>1237.9</ele>
        <time>2026-09-15T18:10:35Z</time>
        <extensions>
          <gpxdata:distance>26448.77</gpxdata:distance>
          <gpxdata:speed>0.951</gpxdata:speed>
        </extensions>
      </trkpt>
      <trkpt lat="46.5705907" lon="9.4391540">
        <ele>1237.9</ele>
        <time>2026-09-15T18:10:35Z</time>
        <extensions>
          <gpxdata:distance>26448.77</gpxdata:distance>
          <gpxdata:speed>0.000</gpxdata:speed>
        </extensions>
      </trkpt>
      <trkpt lat="46.5706917" lon="9.4390140">
        <ele>1237.3</ele>
        <time>2026-09-15T18:10:51Z</time>
        <extensions>
          <gpxdata:distance>26464.29</gpxdata:distance>
          <gpxdata:speed>0.955</gpxdata:speed>
        </extensions>
      </trkpt>
      <trkpt lat="46.5707377" lon="9.4389640">
        <ele>1237.0</ele>
        <time>2026-09-15T18:10:58Z</time>
        <extensions>
          <gpxdata:distance>26470.67</gpxdata:distance>
          <gpxdata:speed>0.955</gpxdata:speed>
        </extensions>
      </trkpt>
      <trkpt lat="46.5707377" lon="9.4389640">
        <ele>1237.0</ele>
        <time>2026-09-15T18:10:58Z</time>
        <extensions>
          <gpxdata:distance>26470.67</gpxdata:distance>
          <gpxdata:speed>0.000</gpxdata:speed>
        </extensions>
      </trkpt>
      <trkpt lat="46.5707207" lon="9.4389240">
        <ele>1237.2</ele>
        <time>2026-09-15T18:11:02Z</time>
        <extensions>
          <gpxdata:distance>26474.27</gpxdata:distance>
          <gpxdata:speed>0.963</gpxdata:speed>
        </extensions>
      </trkpt>
      <trkpt lat="46.5707297" lon="9.4389110">
        <ele>1237.1</ele>
        <time>2026-09-15T18:11:03Z</time>
        <extensions>
          <gpxdata:distance>26475.68</gpxdata:distance>
          <gpxdata:speed>0.962</gpxdata:speed>
        </extensions>
      </trkpt>
      <trkpt lat="46.5707757" lon="9.4388610">
        <ele>1236.9</ele>
        <time>2026-09-15T18:11:10Z</time>
        <extensions>
          <gpxdata:distance>26482.06</gpxdata:distance>
          <gpxdata:speed>0.971</gpxdata:speed>
        </extensions>
      </trkpt>
      <trkpt lat="46.5708667" lon="9.4387860">
        <ele>1233.9</ele>
        <time>2026-09-15T18:11:23Z</time>
        <extensions>
          <gpxdata:distance>26493.69</gpxdata:distance>
          <gpxdata:speed>0.911</gpxdata:speed>
        </extensions>
      </trkpt>
      <trkpt lat="46.5709397" lon="9.4387360">
        <ele>1230.3</ele>
        <time>2026-09-15T18:11:32Z</time>
        <extensions>
          <gpxdata:distance>26502.67</gpxdata:distance>
          <gpxdata:speed>0.932</gpxdata:speed>
        </extensions>
      </trkpt>
      <trkpt lat="46.5710037" lon="9.4387000">
        <ele>1228.1</ele>
        <time>2026-09-15T18:11:40Z</time>
        <extensions>
          <gpxdata:distance>26510.30</gpxdata:distance>
          <gpxdata:speed>0.927</gpxdata:speed>
        </extensions>
      </trkpt>
      <trkpt lat="46.5710397" lon="9.4386880">
        <ele>1227.2</ele>
        <time>2026-09-15T18:11:45Z</time>
        <extensions>
          <gpxdata:distance>26514.40</gpxdata:distance>
          <gpxdata:speed>0.872</gpxdata:speed>
        </extensions>
      </trkpt>
      <trkpt lat="46.5710947" lon="9.4386640">
        <ele>1225.7</ele>
        <time>2026-09-15T18:11:52Z</time>
        <extensions>
          <gpxdata:distance>26520.79</gpxdata:distance>
          <gpxdata:speed>0.872</gpxdata:speed>
        </extensions>
      </trkpt>
      <trkpt lat="46.5711757" lon="9.4386280">
        <ele>1224.1</ele>
        <time>2026-09-15T18:12:03Z</time>
        <extensions>
          <gpxdata:distance>26530.21</gpxdata:distance>
          <gpxdata:speed>0.872</gpxdata:speed>
        </extensions>
      </trkpt>
      <trkpt lat="46.5712307" lon="9.4386040">
        <ele>1222.6</ele>
        <time>2026-09-15T18:12:11Z</time>
        <extensions>
          <gpxdata:distance>26536.59</gpxdata:distance>
          <gpxdata:speed>0.872</gpxdata:speed>
        </extensions>
      </trkpt>
      <trkpt lat="46.5712307" lon="9.4386040">
        <ele>1222.6</ele>
        <time>2026-09-15T18:12:11Z</time>
        <extensions>
          <gpxdata:distance>26536.59</gpxdata:distance>
          <gpxdata:speed>0.000</gpxdata:speed>
        </extensions>
      </trkpt>
      <trkpt lat="46.5713737" lon="9.4386220">
        <ele>1221.7</ele>
        <time>2026-09-15T18:12:29Z</time>
        <extensions>
          <gpxdata:distance>26552.55</gpxdata:distance>
          <gpxdata:speed>0.872</gpxdata:speed>
        </extensions>
      </trkpt>
      <trkpt lat="46.5714817" lon="9.4386130">
        <ele>1219.9</ele>
        <time>2026-09-15T18:12:43Z</time>
        <extensions>
          <gpxdata:distance>26564.58</gpxdata:distance>
          <gpxdata:speed>0.875</gpxdata:speed>
        </extensions>
      </trkpt>
      <trkpt lat="46.5716347" lon="9.4386320">
        <ele>1219.2</ele>
        <time>2026-09-15T18:13:01Z</time>
        <extensions>
          <gpxdata:distance>26581.65</gpxdata:distance>
          <gpxdata:speed>0.931</gpxdata:speed>
        </extensions>
      </trkpt>
      <trkpt lat="46.5717697" lon="9.4386370">
        <ele>1219.2</ele>
        <time>2026-09-15T18:13:18Z</time>
        <extensions>
          <gpxdata:distance>26596.67</gpxdata:distance>
          <gpxdata:speed>0.897</gpxdata:speed>
        </extensions>
      </trkpt>
      <trkpt lat="46.5718787" lon="9.4386020">
        <ele>1219.3</ele>
        <time>2026-09-15T18:13:31Z</time>
        <extensions>
          <gpxdata:distance>26609.08</gpxdata:distance>
          <gpxdata:speed>0.912</gpxdata:speed>
        </extensions>
      </trkpt>
      <trkpt lat="46.5719417" lon="9.4385780">
        <ele>1219.6</ele>
        <time>2026-09-15T18:13:39Z</time>
        <extensions>
          <gpxdata:distance>26616.32</gpxdata:distance>
          <gpxdata:speed>0.933</gpxdata:speed>
        </extensions>
      </trkpt>
      <trkpt lat="46.5721127" lon="9.4385840">
        <ele>1219.9</ele>
        <time>2026-09-15T18:13:59Z</time>
        <extensions>
          <gpxdata:distance>26635.34</gpxdata:distance>
          <gpxdata:speed>0.961</gpxdata:speed>
        </extensions>
      </trkpt>
      <trkpt lat="46.5722737" lon="9.4386030">
        <ele>1218.3</ele>
        <time>2026-09-15T18:14:17Z</time>
        <extensions>
          <gpxdata:distance>26653.30</gpxdata:distance>
          <gpxdata:speed>0.965</gpxdata:speed>
        </extensions>
      </trkpt>
      <trkpt lat="46.5723647" lon="9.4385800">
        <ele>1216.1</ele>
        <time>2026-09-15T18:14:28Z</time>
        <extensions>
          <gpxdata:distance>26663.57</gpxdata:distance>
          <gpxdata:speed>0.947</gpxdata:speed>
        </extensions>
      </trkpt>
      <trkpt lat="46.5724907" lon="9.4385590">
        <ele>1214.2</ele>
        <time>2026-09-15T18:14:43Z</time>
        <extensions>
          <gpxdata:distance>26677.68</gpxdata:distance>
          <gpxdata:speed>0.937</gpxdata:speed>
        </extensions>
      </trkpt>
      <trkpt lat="46.5725627" lon="9.4385490">
        <ele>1213.4</ele>
        <time>2026-09-15T18:14:52Z</time>
        <extensions>
          <gpxdata:distance>26685.72</gpxdata:distance>
          <gpxdata:speed>0.944</gpxdata:speed>
        </extensions>
      </trkpt>
      <trkpt lat="46.5726447" lon="9.4385120">
        <ele>1211.4</ele>
        <time>2026-09-15T18:15:02Z</time>
        <extensions>
          <gpxdata:distance>26695.27</gpxdata:distance>
          <gpxdata:speed>0.928</gpxdata:speed>
        </extensions>
      </trkpt>
      <trkpt lat="46.5727717" lon="9.4384780">
        <ele>1211.0</ele>
        <time>2026-09-15T18:15:18Z</time>
        <extensions>
          <gpxdata:distance>26709.63</gpxdata:distance>
          <gpxdata:speed>0.924</gpxdata:speed>
        </extensions>
      </trkpt>
      <trkpt lat="46.5728617" lon="9.4384421">
        <ele>1209.9</ele>
        <time>2026-09-15T18:15:29Z</time>
        <extensions>
          <gpxdata:distance>26720.00</gpxdata:distance>
          <gpxdata:speed>0.911</gpxdata:speed>
        </extensions>
      </trkpt>
      <trkpt lat="46.5729437" lon="9.4384061">
        <ele>1210.3</ele>
        <time>2026-09-15T18:15:39Z</time>
        <extensions>
          <gpxdata:distance>26729.53</gpxdata:distance>
          <gpxdata:speed>0.914</gpxdata:speed>
        </extensions>
      </trkpt>
      <trkpt lat="46.5730527" lon="9.4383581">
        <ele>1210.9</ele>
        <time>2026-09-15T18:15:53Z</time>
        <extensions>
          <gpxdata:distance>26742.19</gpxdata:distance>
          <gpxdata:speed>0.911</gpxdata:speed>
        </extensions>
      </trkpt>
      <trkpt lat="46.5731067" lon="9.4383471">
        <ele>1211.9</ele>
        <time>2026-09-15T18:16:00Z</time>
        <extensions>
          <gpxdata:distance>26748.25</gpxdata:distance>
          <gpxdata:speed>0.929</gpxdata:speed>
        </extensions>
      </trkpt>
      <trkpt lat="46.5731427" lon="9.4383351">
        <ele>1212.3</ele>
        <time>2026-09-15T18:16:04Z</time>
        <extensions>
          <gpxdata:distance>26752.36</gpxdata:distance>
          <gpxdata:speed>0.957</gpxdata:speed>
        </extensions>
      </trkpt>
      <trkpt lat="46.5733067" lon="9.4382111">
        <ele>1212.4</ele>
        <time>2026-09-15T18:16:25Z</time>
        <extensions>
          <gpxdata:distance>26772.91</gpxdata:distance>
          <gpxdata:speed>0.988</gpxdata:speed>
        </extensions>
      </trkpt>
      <trkpt lat="46.5733067" lon="9.4382111">
        <ele>1212.5</ele>
        <time>2026-09-15T18:16:25Z</time>
        <extensions>
          <gpxdata:distance>26772.91</gpxdata:distance>
          <gpxdata:speed>0.000</gpxdata:speed>
        </extensions>
      </trkpt>
      <trkpt lat="46.5733517" lon="9.4382121">
        <ele>1213.5</ele>
        <time>2026-09-15T18:16:30Z</time>
        <extensions>
          <gpxdata:distance>26777.92</gpxdata:distance>
          <gpxdata:speed>0.948</gpxdata:speed>
        </extensions>
      </trkpt>
      <trkpt lat="46.5734337" lon="9.4381631">
        <ele>1213.8</ele>
        <time>2026-09-15T18:16:41Z</time>
        <extensions>
          <gpxdata:distance>26787.77</gpxdata:distance>
          <gpxdata:speed>0.921</gpxdata:speed>
        </extensions>
      </trkpt>
      <trkpt lat="46.5734797" lon="9.4381131">
        <ele>1213.0</ele>
        <time>2026-09-15T18:16:48Z</time>
        <extensions>
          <gpxdata:distance>26794.16</gpxdata:distance>
          <gpxdata:speed>0.906</gpxdata:speed>
        </extensions>
      </trkpt>
      <trkpt lat="46.5735347" lon="9.4380631">
        <ele>1213.9</ele>
        <time>2026-09-15T18:16:56Z</time>
        <extensions>
          <gpxdata:distance>26801.37</gpxdata:distance>
          <gpxdata:speed>0.885</gpxdata:speed>
        </extensions>
      </trkpt>
      <trkpt lat="46.5735977" lon="9.4380391">
        <ele>1214.8</ele>
        <time>2026-09-15T18:17:05Z</time>
        <extensions>
          <gpxdata:distance>26808.61</gpxdata:distance>
          <gpxdata:speed>0.863</gpxdata:speed>
        </extensions>
      </trkpt>
      <trkpt lat="46.5736347" lon="9.4380011">
        <ele>1214.9</ele>
        <time>2026-09-15T18:17:10Z</time>
        <extensions>
          <gpxdata:distance>26813.65</gpxdata:distance>
          <gpxdata:speed>0.896</gpxdata:speed>
        </extensions>
      </trkpt>
      <trkpt lat="46.5736627" lon="9.4379501">
        <ele>1214.9</ele>
        <time>2026-09-15T18:17:16Z</time>
        <extensions>
          <gpxdata:distance>26818.64</gpxdata:distance>
          <gpxdata:speed>0.913</gpxdata:speed>
        </extensions>
      </trkpt>
      <trkpt lat="46.5736727" lon="9.4378851">
        <ele>1215.5</ele>
        <time>2026-09-15T18:17:22Z</time>
        <extensions>
          <gpxdata:distance>26823.73</gpxdata:distance>
          <gpxdata:speed>0.857</gpxdata:speed>
        </extensions>
      </trkpt>
      <trkpt lat="46.5737277" lon="9.4378091">
        <ele>1216.1</ele>
        <time>2026-09-15T18:17:31Z</time>
        <extensions>
          <gpxdata:distance>26832.16</gpxdata:distance>
          <gpxdata:speed>0.857</gpxdata:speed>
        </extensions>
      </trkpt>
      <trkpt lat="46.5737467" lon="9.4377831">
        <ele>1216.2</ele>
        <time>2026-09-15T18:17:35Z</time>
        <extensions>
          <gpxdata:distance>26835.06</gpxdata:distance>
          <gpxdata:speed>0.892</gpxdata:speed>
        </extensions>
      </trkpt>
      <trkpt lat="46.5737917" lon="9.4377591">
        <ele>1215.1</ele>
        <time>2026-09-15T18:17:40Z</time>
        <extensions>
          <gpxdata:distance>26840.39</gpxdata:distance>
          <gpxdata:speed>0.950</gpxdata:speed>
        </extensions>
      </trkpt>
      <trkpt lat="46.5737917" lon="9.4377591">
        <ele>1215.1</ele>
        <time>2026-09-15T18:17:40Z</time>
        <extensions>
          <gpxdata:distance>26840.39</gpxdata:distance>
          <gpxdata:speed>0.000</gpxdata:speed>
        </extensions>
      </trkpt>
      <trkpt lat="46.5738557" lon="9.4377091">
        <ele>1214.4</ele>
        <time>2026-09-15T18:17:48Z</time>
        <extensions>
          <gpxdata:distance>26848.47</gpxdata:distance>
          <gpxdata:speed>0.985</gpxdata:speed>
        </extensions>
      </trkpt>
      <trkpt lat="46.5738557" lon="9.4377091">
        <ele>1214.4</ele>
        <time>2026-09-15T18:17:48Z</time>
        <extensions>
          <gpxdata:distance>26848.47</gpxdata:distance>
          <gpxdata:speed>0.000</gpxdata:speed>
        </extensions>
      </trkpt>
      <trkpt lat="46.5739017" lon="9.4376461">
        <ele>1214.4</ele>
        <time>2026-09-15T18:17:56Z</time>
        <extensions>
          <gpxdata:distance>26855.50</gpxdata:distance>
          <gpxdata:speed>0.997</gpxdata:speed>
        </extensions>
      </trkpt>
      <trkpt lat="46.5739827" lon="9.4376351">
        <ele>1214.0</ele>
        <time>2026-09-15T18:18:05Z</time>
        <extensions>
          <gpxdata:distance>26864.54</gpxdata:distance>
          <gpxdata:speed>0.987</gpxdata:speed>
        </extensions>
      </trkpt>
      <trkpt lat="46.5740197" lon="9.4376111">
        <ele>1212.4</ele>
        <time>2026-09-15T18:18:10Z</time>
        <extensions>
          <gpxdata:distance>26869.05</gpxdata:distance>
          <gpxdata:speed>0.928</gpxdata:speed>
        </extensions>
      </trkpt>
      <trkpt lat="46.5740827" lon="9.4375741">
        <ele>1211.5</ele>
        <time>2026-09-15T18:18:18Z</time>
        <extensions>
          <gpxdata:distance>26876.60</gpxdata:distance>
          <gpxdata:speed>0.898</gpxdata:speed>
        </extensions>
      </trkpt>
      <trkpt lat="46.5741467" lon="9.4375370">
        <ele>1210.5</ele>
        <time>2026-09-15T18:18:26Z</time>
        <extensions>
          <gpxdata:distance>26884.26</gpxdata:distance>
          <gpxdata:speed>0.909</gpxdata:speed>
        </extensions>
      </trkpt>
      <trkpt lat="46.5741827" lon="9.4375120">
        <ele>1209.8</ele>
        <time>2026-09-15T18:18:31Z</time>
        <extensions>
          <gpxdata:distance>26888.70</gpxdata:distance>
          <gpxdata:speed>0.903</gpxdata:speed>
        </extensions>
      </trkpt>
      <trkpt lat="46.5742557" lon="9.4374630">
        <ele>1209.3</ele>
        <time>2026-09-15T18:18:41Z</time>
        <extensions>
          <gpxdata:distance>26897.64</gpxdata:distance>
          <gpxdata:speed>0.896</gpxdata:speed>
        </extensions>
      </trkpt>
      <trkpt lat="46.5742837" lon="9.4374250">
        <ele>1208.8</ele>
        <time>2026-09-15T18:18:46Z</time>
        <extensions>
          <gpxdata:distance>26901.90</gpxdata:distance>
          <gpxdata:speed>0.899</gpxdata:speed>
        </extensions>
      </trkpt>
      <trkpt lat="46.5743107" lon="9.4373870">
        <ele>1208.8</ele>
        <time>2026-09-15T18:18:51Z</time>
        <extensions>
          <gpxdata:distance>26906.07</gpxdata:distance>
          <gpxdata:speed>0.897</gpxdata:speed>
        </extensions>
      </trkpt>
      <trkpt lat="46.5743207" lon="9.4373610">
        <ele>1208.4</ele>
        <time>2026-09-15T18:18:53Z</time>
        <extensions>
          <gpxdata:distance>26908.35</gpxdata:distance>
          <gpxdata:speed>0.907</gpxdata:speed>
        </extensions>
      </trkpt>
      <trkpt lat="46.5743567" lon="9.4373490">
        <ele>1208.4</ele>
        <time>2026-09-15T18:18:58Z</time>
        <extensions>
          <gpxdata:distance>26912.46</gpxdata:distance>
          <gpxdata:speed>0.910</gpxdata:speed>
        </extensions>
      </trkpt>
      <trkpt lat="46.5743837" lon="9.4373760">
        <ele>1208.6</ele>
        <time>2026-09-15T18:19:02Z</time>
        <extensions>
          <gpxdata:distance>26916.10</gpxdata:distance>
          <gpxdata:speed>0.915</gpxdata:speed>
        </extensions>
      </trkpt>
      <trkpt lat="46.5744377" lon="9.4373520">
        <ele>1207.6</ele>
        <time>2026-09-15T18:19:09Z</time>
        <extensions>
          <gpxdata:distance>26922.38</gpxdata:distance>
          <gpxdata:speed>0.910</gpxdata:speed>
        </extensions>
      </trkpt>
      <trkpt lat="46.5744827" lon="9.4373410">
        <ele>1207.7</ele>
        <time>2026-09-15T18:19:14Z</time>
        <extensions>
          <gpxdata:distance>26927.45</gpxdata:distance>
          <gpxdata:speed>0.932</gpxdata:speed>
        </extensions>
      </trkpt>
      <trkpt lat="46.5745187" lon="9.4373290">
        <ele>1208.1</ele>
        <time>2026-09-15T18:19:18Z</time>
        <extensions>
          <gpxdata:distance>26931.56</gpxdata:distance>
          <gpxdata:speed>0.961</gpxdata:speed>
        </extensions>
      </trkpt>
      <trkpt lat="46.5745827" lon="9.4373050">
        <ele>1207.3</ele>
        <time>2026-09-15T18:19:26Z</time>
        <extensions>
          <gpxdata:distance>26938.91</gpxdata:distance>
          <gpxdata:speed>0.950</gpxdata:speed>
        </extensions>
      </trkpt>
      <trkpt lat="46.5746097" lon="9.4372930">
        <ele>1207.5</ele>
        <time>2026-09-15T18:19:29Z</time>
        <extensions>
          <gpxdata:distance>26942.05</gpxdata:distance>
          <gpxdata:speed>0.971</gpxdata:speed>
        </extensions>
      </trkpt>
      <trkpt lat="46.5746457" lon="9.4373080">
        <ele>1208.2</ele>
        <time>2026-09-15T18:19:33Z</time>
        <extensions>
          <gpxdata:distance>26946.21</gpxdata:distance>
          <gpxdata:speed>0.993</gpxdata:speed>
        </extensions>
      </trkpt>
      <trkpt lat="46.5747357" lon="9.4373240">
        <ele>1209.8</ele>
        <time>2026-09-15T18:19:44Z</time>
        <extensions>
          <gpxdata:distance>26956.29</gpxdata:distance>
          <gpxdata:speed>0.938</gpxdata:speed>
        </extensions>
      </trkpt>
      <trkpt lat="46.5747717" lon="9.4372990">
        <ele>1210.1</ele>
        <time>2026-09-15T18:19:49Z</time>
        <extensions>
          <gpxdata:distance>26960.73</gpxdata:distance>
          <gpxdata:speed>0.923</gpxdata:speed>
        </extensions>
      </trkpt>
      <trkpt lat="46.5748897" lon="9.4372380">
        <ele>1211.6</ele>
        <time>2026-09-15T18:20:05Z</time>
        <extensions>
          <gpxdata:distance>26974.65</gpxdata:distance>
          <gpxdata:speed>0.882</gpxdata:speed>
        </extensions>
      </trkpt>
      <trkpt lat="46.5749357" lon="9.4372010">
        <ele>1212.1</ele>
        <time>2026-09-15T18:20:12Z</time>
        <extensions>
          <gpxdata:distance>26980.50</gpxdata:distance>
          <gpxdata:speed>0.813</gpxdata:speed>
        </extensions>
      </trkpt>
      <trkpt lat="46.5750727" lon="9.4370750">
        <ele>1211.4</ele>
        <time>2026-09-15T18:20:32Z</time>
        <extensions>
          <gpxdata:distance>26998.52</gpxdata:distance>
          <gpxdata:speed>0.880</gpxdata:speed>
        </extensions>
      </trkpt>
      <trkpt lat="46.5751826" lon="9.4369750">
        <ele>1211.0</ele>
        <time>2026-09-15T18:20:48Z</time>
        <extensions>
          <gpxdata:distance>27012.94</gpxdata:distance>
          <gpxdata:speed>0.922</gpxdata:speed>
        </extensions>
      </trkpt>
      <trkpt lat="46.5752556" lon="9.4369000">
        <ele>1210.0</ele>
        <time>2026-09-15T18:20:59Z</time>
        <extensions>
          <gpxdata:distance>27022.87</gpxdata:distance>
          <gpxdata:speed>0.931</gpxdata:speed>
        </extensions>
      </trkpt>
      <trkpt lat="46.5752836" lon="9.4368480">
        <ele>1210.0</ele>
        <time>2026-09-15T18:21:04Z</time>
        <extensions>
          <gpxdata:distance>27027.92</gpxdata:distance>
          <gpxdata:speed>0.938</gpxdata:speed>
        </extensions>
      </trkpt>
      <trkpt lat="46.5752926" lon="9.4368100">
        <ele>1209.8</ele>
        <time>2026-09-15T18:21:07Z</time>
        <extensions>
          <gpxdata:distance>27030.99</gpxdata:distance>
          <gpxdata:speed>0.964</gpxdata:speed>
        </extensions>
      </trkpt>
      <trkpt lat="46.5753306" lon="9.4367330">
        <ele>1208.6</ele>
        <time>2026-09-15T18:21:15Z</time>
        <extensions>
          <gpxdata:distance>27038.24</gpxdata:distance>
          <gpxdata:speed>0.994</gpxdata:speed>
        </extensions>
      </trkpt>
      <trkpt lat="46.5753396" lon="9.4366940">
        <ele>1207.8</ele>
        <time>2026-09-15T18:21:18Z</time>
        <extensions>
          <gpxdata:distance>27041.38</gpxdata:distance>
          <gpxdata:speed>0.976</gpxdata:speed>
        </extensions>
      </trkpt>
      <trkpt lat="46.5753686" lon="9.4365910">
        <ele>1206.5</ele>
        <time>2026-09-15T18:21:27Z</time>
        <extensions>
          <gpxdata:distance>27049.89</gpxdata:distance>
          <gpxdata:speed>0.929</gpxdata:speed>
        </extensions>
      </trkpt>
      <trkpt lat="46.5753966" lon="9.4365390">
        <ele>1206.6</ele>
        <time>2026-09-15T18:21:32Z</time>
        <extensions>
          <gpxdata:distance>27054.94</gpxdata:distance>
          <gpxdata:speed>0.922</gpxdata:speed>
        </extensions>
      </trkpt>
      <trkpt lat="46.5754166" lon="9.4364360">
        <ele>1205.6</ele>
        <time>2026-09-15T18:21:42Z</time>
        <extensions>
          <gpxdata:distance>27063.12</gpxdata:distance>
          <gpxdata:speed>0.905</gpxdata:speed>
        </extensions>
      </trkpt>
      <trkpt lat="46.5754176" lon="9.4363970">
        <ele>1204.0</ele>
        <time>2026-09-15T18:21:45Z</time>
        <extensions>
          <gpxdata:distance>27066.10</gpxdata:distance>
          <gpxdata:speed>0.923</gpxdata:speed>
        </extensions>
      </trkpt>
      <trkpt lat="46.5754276" lon="9.4363450">
        <ele>1204.1</ele>
        <time>2026-09-15T18:21:49Z</time>
        <extensions>
          <gpxdata:distance>27070.23</gpxdata:distance>
          <gpxdata:speed>0.917</gpxdata:speed>
        </extensions>
      </trkpt>
      <trkpt lat="46.5754366" lon="9.4363060">
        <ele>1203.4</ele>
        <time>2026-09-15T18:21:53Z</time>
        <extensions>
          <gpxdata:distance>27073.38</gpxdata:distance>
          <gpxdata:speed>0.936</gpxdata:speed>
        </extensions>
      </trkpt>
      <trkpt lat="46.5754466" lon="9.4362410">
        <ele>1203.3</ele>
        <time>2026-09-15T18:21:58Z</time>
        <extensions>
          <gpxdata:distance>27078.47</gpxdata:distance>
          <gpxdata:speed>0.928</gpxdata:speed>
        </extensions>
      </trkpt>
      <trkpt lat="46.5754576" lon="9.4361760">
        <ele>1204.8</ele>
        <time>2026-09-15T18:22:04Z</time>
        <extensions>
          <gpxdata:distance>27083.58</gpxdata:distance>
          <gpxdata:speed>0.912</gpxdata:speed>
        </extensions>
      </trkpt>
      <trkpt lat="46.5754746" lon="9.4361900">
        <ele>1205.9</ele>
        <time>2026-09-15T18:22:06Z</time>
        <extensions>
          <gpxdata:distance>27085.76</gpxdata:distance>
          <gpxdata:speed>0.957</gpxdata:speed>
        </extensions>
      </trkpt>
      <trkpt lat="46.5754936" lon="9.4361650">
        <ele>1207.1</ele>
        <time>2026-09-15T18:22:09Z</time>
        <extensions>
          <gpxdata:distance>27088.60</gpxdata:distance>
          <gpxdata:speed>0.973</gpxdata:speed>
        </extensions>
      </trkpt>
      <trkpt lat="46.5755126" lon="9.4360870">
        <ele>1208.1</ele>
        <time>2026-09-15T18:22:16Z</time>
        <extensions>
          <gpxdata:distance>27094.93</gpxdata:distance>
          <gpxdata:speed>0.917</gpxdata:speed>
        </extensions>
      </trkpt>
      <trkpt lat="46.5755606" lon="9.4359320">
        <ele>1207.5</ele>
        <time>2026-09-15T18:22:30Z</time>
        <extensions>
          <gpxdata:distance>27107.92</gpxdata:distance>
          <gpxdata:speed>0.905</gpxdata:speed>
        </extensions>
      </trkpt>
      <trkpt lat="46.5756186" lon="9.4356729">
        <ele>1204.6</ele>
        <time>2026-09-15T18:22:51Z</time>
        <extensions>
          <gpxdata:distance>27128.75</gpxdata:distance>
          <gpxdata:speed>0.988</gpxdata:speed>
        </extensions>
      </trkpt>
      <trkpt lat="46.5756666" lon="9.4355319">
        <ele>1202.4</ele>
        <time>2026-09-15T18:23:03Z</time>
        <extensions>
          <gpxdata:distance>27140.78</gpxdata:distance>
          <gpxdata:speed>0.981</gpxdata:speed>
        </extensions>
      </trkpt>
      <trkpt lat="46.5757036" lon="9.4354549">
        <ele>1200.3</ele>
        <time>2026-09-15T18:23:11Z</time>
        <extensions>
          <gpxdata:distance>27147.96</gpxdata:distance>
          <gpxdata:speed>0.959</gpxdata:speed>
        </extensions>
      </trkpt>
      <trkpt lat="46.5757126" lon="9.4354419">
        <ele>1200.2</ele>
        <time>2026-09-15T18:23:12Z</time>
        <extensions>
          <gpxdata:distance>27149.37</gpxdata:distance>
          <gpxdata:speed>0.956</gpxdata:speed>
        </extensions>
      </trkpt>
      <trkpt lat="46.5757766" lon="9.4353919">
        <ele>1200.1</ele>
        <time>2026-09-15T18:23:21Z</time>
        <extensions>
          <gpxdata:distance>27157.45</gpxdata:distance>
          <gpxdata:speed>0.933</gpxdata:speed>
        </extensions>
      </trkpt>
      <trkpt lat="46.5758226" lon="9.4353419">
        <ele>1200.0</ele>
        <time>2026-09-15T18:23:28Z</time>
        <extensions>
          <gpxdata:distance>27163.83</gpxdata:distance>
          <gpxdata:speed>0.921</gpxdata:speed>
        </extensions>
      </trkpt>
      <trkpt lat="46.5758776" lon="9.4353039">
        <ele>1201.4</ele>
        <time>2026-09-15T18:23:35Z</time>
        <extensions>
          <gpxdata:distance>27170.60</gpxdata:distance>
          <gpxdata:speed>0.927</gpxdata:speed>
        </extensions>
      </trkpt>
      <trkpt lat="46.5759326" lon="9.4352409">
        <ele>1201.1</ele>
        <time>2026-09-15T18:23:44Z</time>
        <extensions>
          <gpxdata:distance>27178.39</gpxdata:distance>
          <gpxdata:speed>0.912</gpxdata:speed>
        </extensions>
      </trkpt>
      <trkpt lat="46.5760066" lon="9.4351269">
        <ele>1200.1</ele>
        <time>2026-09-15T18:23:57Z</time>
        <extensions>
          <gpxdata:distance>27190.37</gpxdata:distance>
          <gpxdata:speed>0.905</gpxdata:speed>
        </extensions>
      </trkpt>
      <trkpt lat="46.5760436" lon="9.4350499">
        <ele>1200.2</ele>
        <time>2026-09-15T18:24:05Z</time>
        <extensions>
          <gpxdata:distance>27197.55</gpxdata:distance>
          <gpxdata:speed>0.933</gpxdata:speed>
        </extensions>
      </trkpt>
      <trkpt lat="46.5760726" lon="9.4349719">
        <ele>1200.6</ele>
        <time>2026-09-15T18:24:12Z</time>
        <extensions>
          <gpxdata:distance>27204.33</gpxdata:distance>
          <gpxdata:speed>0.976</gpxdata:speed>
        </extensions>
      </trkpt>
      <trkpt lat="46.5761086" lon="9.4349219">
        <ele>1201.1</ele>
        <time>2026-09-15T18:24:17Z</time>
        <extensions>
          <gpxdata:distance>27209.87</gpxdata:distance>
          <gpxdata:speed>0.980</gpxdata:speed>
        </extensions>
      </trkpt>
      <trkpt lat="46.5761556" lon="9.4348579">
        <ele>1201.2</ele>
        <time>2026-09-15T18:24:25Z</time>
        <extensions>
          <gpxdata:distance>27217.02</gpxdata:distance>
          <gpxdata:speed>0.975</gpxdata:speed>
        </extensions>
      </trkpt>
      <trkpt lat="46.5762006" lon="9.4348469">
        <ele>1200.9</ele>
        <time>2026-09-15T18:24:30Z</time>
        <extensions>
          <gpxdata:distance>27222.10</gpxdata:distance>
          <gpxdata:speed>0.981</gpxdata:speed>
        </extensions>
      </trkpt>
      <trkpt lat="46.5762186" lon="9.4348599">
        <ele>1200.8</ele>
        <time>2026-09-15T18:24:32Z</time>
        <extensions>
          <gpxdata:distance>27224.33</gpxdata:distance>
          <gpxdata:speed>0.979</gpxdata:speed>
        </extensions>
      </trkpt>
      <trkpt lat="46.5762536" lon="9.4348749">
        <ele>1200.1</ele>
        <time>2026-09-15T18:24:36Z</time>
        <extensions>
          <gpxdata:distance>27228.39</gpxdata:distance>
          <gpxdata:speed>0.983</gpxdata:speed>
        </extensions>
      </trkpt>
      <trkpt lat="46.5763886" lon="9.4348669">
        <ele>1198.9</ele>
        <time>2026-09-15T18:24:52Z</time>
        <extensions>
          <gpxdata:distance>27243.41</gpxdata:distance>
          <gpxdata:speed>0.969</gpxdata:speed>
        </extensions>
      </trkpt>
      <trkpt lat="46.5765606" lon="9.4348339">
        <ele>1196.0</ele>
        <time>2026-09-15T18:25:12Z</time>
        <extensions>
          <gpxdata:distance>27262.70</gpxdata:distance>
          <gpxdata:speed>0.941</gpxdata:speed>
        </extensions>
      </trkpt>
      <trkpt lat="46.5766146" lon="9.4348359">
        <ele>1195.9</ele>
        <time>2026-09-15T18:25:19Z</time>
        <extensions>
          <gpxdata:distance>27268.71</gpxdata:distance>
          <gpxdata:speed>0.937</gpxdata:speed>
        </extensions>
      </trkpt>
      <trkpt lat="46.5766686" lon="9.4348249">
        <ele>1196.2</ele>
        <time>2026-09-15T18:25:25Z</time>
        <extensions>
          <gpxdata:distance>27274.77</gpxdata:distance>
          <gpxdata:speed>0.935</gpxdata:speed>
        </extensions>
      </trkpt>
      <trkpt lat="46.5767056" lon="9.4347869">
        <ele>1195.7</ele>
        <time>2026-09-15T18:25:31Z</time>
        <extensions>
          <gpxdata:distance>27279.81</gpxdata:distance>
          <gpxdata:speed>0.919</gpxdata:speed>
        </extensions>
      </trkpt>
      <trkpt lat="46.5767426" lon="9.4347359">
        <ele>1194.8</ele>
        <time>2026-09-15T18:25:37Z</time>
        <extensions>
          <gpxdata:distance>27285.48</gpxdata:distance>
          <gpxdata:speed>0.901</gpxdata:speed>
        </extensions>
      </trkpt>
      <trkpt lat="46.5767796" lon="9.4346849">
        <ele>1193.8</ele>
        <time>2026-09-15T18:25:43Z</time>
        <extensions>
          <gpxdata:distance>27291.15</gpxdata:distance>
          <gpxdata:speed>0.897</gpxdata:speed>
        </extensions>
      </trkpt>
      <trkpt lat="46.5767986" lon="9.4346079">
        <ele>1191.1</ele>
        <time>2026-09-15T18:25:50Z</time>
        <extensions>
          <gpxdata:distance>27297.40</gpxdata:distance>
          <gpxdata:speed>0.924</gpxdata:speed>
        </extensions>
      </trkpt>
      <trkpt lat="46.5768076" lon="9.4345949">
        <ele>1190.3</ele>
        <time>2026-09-15T18:25:52Z</time>
        <extensions>
          <gpxdata:distance>27298.81</gpxdata:distance>
          <gpxdata:speed>0.930</gpxdata:speed>
        </extensions>
      </trkpt>
      <trkpt lat="46.5767806" lon="9.4345939">
        <ele>1189.3</ele>
        <time>2026-09-15T18:25:55Z</time>
        <extensions>
          <gpxdata:distance>27301.81</gpxdata:distance>
          <gpxdata:speed>0.920</gpxdata:speed>
        </extensions>
      </trkpt>
      <trkpt lat="46.5767906" lon="9.4345549">
        <ele>1188.1</ele>
        <time>2026-09-15T18:25:58Z</time>
        <extensions>
          <gpxdata:distance>27304.99</gpxdata:distance>
          <gpxdata:speed>0.890</gpxdata:speed>
        </extensions>
      </trkpt>
      <trkpt lat="46.5768536" lon="9.4345709">
        <ele>1185.3</ele>
        <time>2026-09-15T18:26:07Z</time>
        <extensions>
          <gpxdata:distance>27312.10</gpxdata:distance>
          <gpxdata:speed>0.872</gpxdata:speed>
        </extensions>
      </trkpt>
      <trkpt lat="46.5768716" lon="9.4345449">
        <ele>1185.5</ele>
        <time>2026-09-15T18:26:10Z</time>
        <extensions>
          <gpxdata:distance>27314.93</gpxdata:distance>
          <gpxdata:speed>0.872</gpxdata:speed>
        </extensions>
      </trkpt>
      <trkpt lat="46.5769176" lon="9.4345079">
        <ele>1185.2</ele>
        <time>2026-09-15T18:26:17Z</time>
        <extensions>
          <gpxdata:distance>27320.77</gpxdata:distance>
          <gpxdata:speed>0.872</gpxdata:speed>
        </extensions>
      </trkpt>
      <trkpt lat="46.5769176" lon="9.4344819">
        <ele>1184.5</ele>
        <time>2026-09-15T18:26:19Z</time>
        <extensions>
          <gpxdata:distance>27322.76</gpxdata:distance>
          <gpxdata:speed>0.872</gpxdata:speed>
        </extensions>
      </trkpt>
      <trkpt lat="46.5769186" lon="9.4344549">
        <ele>1182.2</ele>
        <time>2026-09-15T18:26:21Z</time>
        <extensions>
          <gpxdata:distance>27324.82</gpxdata:distance>
          <gpxdata:speed>0.872</gpxdata:speed>
        </extensions>
      </trkpt>
      <trkpt lat="46.5769456" lon="9.4344299">
        <ele>1181.8</ele>
        <time>2026-09-15T18:26:25Z</time>
        <extensions>
          <gpxdata:distance>27328.38</gpxdata:distance>
          <gpxdata:speed>0.872</gpxdata:speed>
        </extensions>
      </trkpt>
      <trkpt lat="46.5769995" lon="9.4344059">
        <ele>1181.2</ele>
        <time>2026-09-15T18:26:32Z</time>
        <extensions>
          <gpxdata:distance>27334.65</gpxdata:distance>
          <gpxdata:speed>0.872</gpxdata:speed>
        </extensions>
      </trkpt>
      <trkpt lat="46.5770545" lon="9.4343689">
        <ele>1181.1</ele>
        <time>2026-09-15T18:26:40Z</time>
        <extensions>
          <gpxdata:distance>27341.39</gpxdata:distance>
          <gpxdata:speed>0.872</gpxdata:speed>
        </extensions>
      </trkpt>
      <trkpt lat="46.5771365" lon="9.4343199">
        <ele>1181.8</ele>
        <time>2026-09-15T18:26:51Z</time>
        <extensions>
          <gpxdata:distance>27351.25</gpxdata:distance>
          <gpxdata:speed>0.927</gpxdata:speed>
        </extensions>
      </trkpt>
      <trkpt lat="46.5771825" lon="9.4342299">
        <ele>1178.5</ele>
        <time>2026-09-15T18:27:00Z</time>
        <extensions>
          <gpxdata:distance>27359.82</gpxdata:distance>
          <gpxdata:speed>0.933</gpxdata:speed>
        </extensions>
      </trkpt>
      <trkpt lat="46.5772195" lon="9.4341799">
        <ele>1178.6</ele>
        <time>2026-09-15T18:27:06Z</time>
        <extensions>
          <gpxdata:distance>27365.43</gpxdata:distance>
          <gpxdata:speed>0.928</gpxdata:speed>
        </extensions>
      </trkpt>
      <trkpt lat="46.5772835" lon="9.4341299">
        <ele>1179.3</ele>
        <time>2026-09-15T18:27:15Z</time>
        <extensions>
          <gpxdata:distance>27373.51</gpxdata:distance>
          <gpxdata:speed>0.905</gpxdata:speed>
        </extensions>
      </trkpt>
      <trkpt lat="46.5773025" lon="9.4341038">
        <ele>1180.3</ele>
        <time>2026-09-15T18:27:18Z</time>
        <extensions>
          <gpxdata:distance>27376.42</gpxdata:distance>
          <gpxdata:speed>0.918</gpxdata:speed>
        </extensions>
      </trkpt>
      <trkpt lat="46.5773305" lon="9.4340268">
        <ele>1179.3</ele>
        <time>2026-09-15T18:27:25Z</time>
        <extensions>
          <gpxdata:distance>27383.07</gpxdata:distance>
          <gpxdata:speed>0.948</gpxdata:speed>
        </extensions>
      </trkpt>
      <trkpt lat="46.5773855" lon="9.4339508">
        <ele>1179.5</ele>
        <time>2026-09-15T18:27:34Z</time>
        <extensions>
          <gpxdata:distance>27391.51</gpxdata:distance>
          <gpxdata:speed>0.966</gpxdata:speed>
        </extensions>
      </trkpt>
      <trkpt lat="46.5774045" lon="9.4338988">
        <ele>1179.0</ele>
        <time>2026-09-15T18:27:39Z</time>
        <extensions>
          <gpxdata:distance>27396.01</gpxdata:distance>
          <gpxdata:speed>0.966</gpxdata:speed>
        </extensions>
      </trkpt>
      <trkpt lat="46.5774415" lon="9.4338478">
        <ele>1177.8</ele>
        <time>2026-09-15T18:27:45Z</time>
        <extensions>
          <gpxdata:distance>27401.68</gpxdata:distance>
          <gpxdata:speed>0.943</gpxdata:speed>
        </extensions>
      </trkpt>
      <trkpt lat="46.5774695" lon="9.4338228">
        <ele>1178.7</ele>
        <time>2026-09-15T18:27:48Z</time>
        <extensions>
          <gpxdata:distance>27405.33</gpxdata:distance>
          <gpxdata:speed>0.940</gpxdata:speed>
        </extensions>
      </trkpt>
      <trkpt lat="46.5775325" lon="9.4337738">
        <ele>1177.4</ele>
        <time>2026-09-15T18:27:57Z</time>
        <extensions>
          <gpxdata:distance>27413.27</gpxdata:distance>
          <gpxdata:speed>0.986</gpxdata:speed>
        </extensions>
      </trkpt>
      <trkpt lat="46.5775885" lon="9.4337098">
        <ele>1175.1</ele>
        <time>2026-09-15T18:28:05Z</time>
        <extensions>
          <gpxdata:distance>27421.19</gpxdata:distance>
          <gpxdata:speed>0.934</gpxdata:speed>
        </extensions>
      </trkpt>
      <trkpt lat="46.5776065" lon="9.4336588">
        <ele>1173.8</ele>
        <time>2026-09-15T18:28:10Z</time>
        <extensions>
          <gpxdata:distance>27425.57</gpxdata:distance>
          <gpxdata:speed>0.900</gpxdata:speed>
        </extensions>
      </trkpt>
      <trkpt lat="46.5776345" lon="9.4336338">
        <ele>1173.6</ele>
        <time>2026-09-15T18:28:14Z</time>
        <extensions>
          <gpxdata:distance>27429.23</gpxdata:distance>
          <gpxdata:speed>0.919</gpxdata:speed>
        </extensions>
      </trkpt>
      <trkpt lat="46.5776705" lon="9.4336218">
        <ele>1173.5</ele>
        <time>2026-09-15T18:28:18Z</time>
        <extensions>
          <gpxdata:distance>27433.33</gpxdata:distance>
          <gpxdata:speed>0.908</gpxdata:speed>
        </extensions>
      </trkpt>
      <trkpt lat="46.5777065" lon="9.4335968">
        <ele>1173.0</ele>
        <time>2026-09-15T18:28:23Z</time>
        <extensions>
          <gpxdata:distance>27437.77</gpxdata:distance>
          <gpxdata:speed>0.931</gpxdata:speed>
        </extensions>
      </trkpt>
      <trkpt lat="46.5777345" lon="9.4335718">
        <ele>1172.2</ele>
        <time>2026-09-15T18:28:27Z</time>
        <extensions>
          <gpxdata:distance>27441.42</gpxdata:distance>
          <gpxdata:speed>0.940</gpxdata:speed>
        </extensions>
      </trkpt>
      <trkpt lat="46.5777705" lon="9.4335598">
        <ele>1172.2</ele>
        <time>2026-09-15T18:28:31Z</time>
        <extensions>
          <gpxdata:distance>27445.53</gpxdata:distance>
          <gpxdata:speed>0.920</gpxdata:speed>
        </extensions>
      </trkpt>
      <trkpt lat="46.5777975" lon="9.4335608">
        <ele>1172.7</ele>
        <time>2026-09-15T18:28:35Z</time>
        <extensions>
          <gpxdata:distance>27448.53</gpxdata:distance>
          <gpxdata:speed>0.930</gpxdata:speed>
        </extensions>
      </trkpt>
      <trkpt lat="46.5778245" lon="9.4335618">
        <ele>1172.8</ele>
        <time>2026-09-15T18:28:38Z</time>
        <extensions>
          <gpxdata:distance>27451.54</gpxdata:distance>
          <gpxdata:speed>0.913</gpxdata:speed>
        </extensions>
      </trkpt>
      <trkpt lat="46.5778605" lon="9.4335898">
        <ele>1173.7</ele>
        <time>2026-09-15T18:28:43Z</time>
        <extensions>
          <gpxdata:distance>27456.08</gpxdata:distance>
          <gpxdata:speed>0.961</gpxdata:speed>
        </extensions>
      </trkpt>
      <trkpt lat="46.5778875" lon="9.4335908">
        <ele>1173.7</ele>
        <time>2026-09-15T18:28:46Z</time>
        <extensions>
          <gpxdata:distance>27459.08</gpxdata:distance>
          <gpxdata:speed>1.009</gpxdata:speed>
        </extensions>
      </trkpt>
      <trkpt lat="46.5779055" lon="9.4335778">
        <ele>1173.4</ele>
        <time>2026-09-15T18:28:48Z</time>
        <extensions>
          <gpxdata:distance>27461.31</gpxdata:distance>
          <gpxdata:speed>1.004</gpxdata:speed>
        </extensions>
      </trkpt>
      <trkpt lat="46.5779505" lon="9.4335928">
        <ele>1173.6</ele>
        <time>2026-09-15T18:28:53Z</time>
        <extensions>
          <gpxdata:distance>27466.45</gpxdata:distance>
          <gpxdata:speed>1.005</gpxdata:speed>
        </extensions>
      </trkpt>
      <trkpt lat="46.5779955" lon="9.4335558">
        <ele>1173.3</ele>
        <time>2026-09-15T18:28:59Z</time>
        <extensions>
          <gpxdata:distance>27472.19</gpxdata:distance>
          <gpxdata:speed>0.990</gpxdata:speed>
        </extensions>
      </trkpt>
      <trkpt lat="46.5780595" lon="9.4334928">
        <ele>1170.9</ele>
        <time>2026-09-15T18:29:08Z</time>
        <extensions>
          <gpxdata:distance>27480.79</gpxdata:distance>
          <gpxdata:speed>0.970</gpxdata:speed>
        </extensions>
      </trkpt>
      <trkpt lat="46.5781145" lon="9.4334298">
        <ele>1169.7</ele>
        <time>2026-09-15T18:29:16Z</time>
        <extensions>
          <gpxdata:distance>27488.57</gpxdata:distance>
          <gpxdata:speed>0.939</gpxdata:speed>
        </extensions>
      </trkpt>
      <trkpt lat="46.5781875" lon="9.4334188">
        <ele>1169.6</ele>
        <time>2026-09-15T18:29:25Z</time>
        <extensions>
          <gpxdata:distance>27496.73</gpxdata:distance>
          <gpxdata:speed>0.933</gpxdata:speed>
        </extensions>
      </trkpt>
      <trkpt lat="46.5782225" lon="9.4334338">
        <ele>1169.9</ele>
        <time>2026-09-15T18:29:29Z</time>
        <extensions>
          <gpxdata:distance>27500.79</gpxdata:distance>
          <gpxdata:speed>0.939</gpxdata:speed>
        </extensions>
      </trkpt>
      <trkpt lat="46.5782585" lon="9.4334348">
        <ele>1170.1</ele>
        <time>2026-09-15T18:29:33Z</time>
        <extensions>
          <gpxdata:distance>27504.79</gpxdata:distance>
          <gpxdata:speed>0.922</gpxdata:speed>
        </extensions>
      </trkpt>
      <trkpt lat="46.5782775" lon="9.4333958">
        <ele>1169.0</ele>
        <time>2026-09-15T18:29:37Z</time>
        <extensions>
          <gpxdata:distance>27508.45</gpxdata:distance>
          <gpxdata:speed>0.900</gpxdata:speed>
        </extensions>
      </trkpt>
      <trkpt lat="46.5782875" lon="9.4333318">
        <ele>1166.7</ele>
        <time>2026-09-15T18:29:43Z</time>
        <extensions>
          <gpxdata:distance>27513.46</gpxdata:distance>
          <gpxdata:speed>0.920</gpxdata:speed>
        </extensions>
      </trkpt>
      <trkpt lat="46.5783065" lon="9.4332928">
        <ele>1165.7</ele>
        <time>2026-09-15T18:29:47Z</time>
        <extensions>
          <gpxdata:distance>27517.12</gpxdata:distance>
          <gpxdata:speed>0.932</gpxdata:speed>
        </extensions>
      </trkpt>
      <trkpt lat="46.5783525" lon="9.4332428">
        <ele>1165.6</ele>
        <time>2026-09-15T18:29:54Z</time>
        <extensions>
          <gpxdata:distance>27523.50</gpxdata:distance>
          <gpxdata:speed>0.940</gpxdata:speed>
        </extensions>
      </trkpt>
      <trkpt lat="46.5783795" lon="9.4332168">
        <ele>1165.4</ele>
        <time>2026-09-15T18:29:58Z</time>
        <extensions>
          <gpxdata:distance>27527.10</gpxdata:distance>
          <gpxdata:speed>0.912</gpxdata:speed>
        </extensions>
      </trkpt>
      <trkpt lat="46.5784155" lon="9.4332188">
        <ele>1165.4</ele>
        <time>2026-09-15T18:30:02Z</time>
        <extensions>
          <gpxdata:distance>27531.11</gpxdata:distance>
          <gpxdata:speed>0.895</gpxdata:speed>
        </extensions>
      </trkpt>
      <trkpt lat="46.5784515" lon="9.4332068">
        <ele>1165.9</ele>
        <time>2026-09-15T18:30:07Z</time>
        <extensions>
          <gpxdata:distance>27535.21</gpxdata:distance>
          <gpxdata:speed>0.899</gpxdata:speed>
        </extensions>
      </trkpt>
      <trkpt lat="46.5784975" lon="9.4331698">
        <ele>1165.8</ele>
        <time>2026-09-15T18:30:13Z</time>
        <extensions>
          <gpxdata:distance>27541.06</gpxdata:distance>
          <gpxdata:speed>0.896</gpxdata:speed>
        </extensions>
      </trkpt>
      <trkpt lat="46.5786165" lon="9.4330568">
        <ele>1167.6</ele>
        <time>2026-09-15T18:30:30Z</time>
        <extensions>
          <gpxdata:distance>27556.86</gpxdata:distance>
          <gpxdata:speed>0.951</gpxdata:speed>
        </extensions>
      </trkpt>
      <trkpt lat="46.5786985" lon="9.4329678">
        <ele>1171.5</ele>
        <time>2026-09-15T18:30:42Z</time>
        <extensions>
          <gpxdata:distance>27568.24</gpxdata:distance>
          <gpxdata:speed>0.906</gpxdata:speed>
        </extensions>
      </trkpt>
      <trkpt lat="46.5787445" lon="9.4329178">
        <ele>1172.8</ele>
        <time>2026-09-15T18:30:51Z</time>
        <extensions>
          <gpxdata:distance>27574.62</gpxdata:distance>
          <gpxdata:speed>0.755</gpxdata:speed>
        </extensions>
      </trkpt>
      <trkpt lat="46.5787815" lon="9.4328538">
        <ele>1173.4</ele>
        <time>2026-09-15T18:31:00Z</time>
        <extensions>
          <gpxdata:distance>27581.01</gpxdata:distance>
          <gpxdata:speed>0.703</gpxdata:speed>
        </extensions>
      </trkpt>
      <trkpt lat="46.5788474" lon="9.4326867">
        <ele>1172.3</ele>
        <time>2026-09-15T18:31:19Z</time>
        <extensions>
          <gpxdata:distance>27595.74</gpxdata:distance>
          <gpxdata:speed>0.773</gpxdata:speed>
        </extensions>
      </trkpt>
      <trkpt lat="46.5788574" lon="9.4326347">
        <ele>1171.5</ele>
        <time>2026-09-15T18:31:24Z</time>
        <extensions>
          <gpxdata:distance>27599.86</gpxdata:distance>
          <gpxdata:speed>0.796</gpxdata:speed>
        </extensions>
      </trkpt>
      <trkpt lat="46.5788774" lon="9.4325567">
        <ele>1169.7</ele>
        <time>2026-09-15T18:31:31Z</time>
        <extensions>
          <gpxdata:distance>27606.23</gpxdata:distance>
          <gpxdata:speed>0.866</gpxdata:speed>
        </extensions>
      </trkpt>
      <trkpt lat="46.5789054" lon="9.4324797">
        <ele>1168.9</ele>
        <time>2026-09-15T18:31:39Z</time>
        <extensions>
          <gpxdata:distance>27612.88</gpxdata:distance>
          <gpxdata:speed>0.914</gpxdata:speed>
        </extensions>
      </trkpt>
      <trkpt lat="46.5789894" lon="9.4323257">
        <ele>1168.0</ele>
        <time>2026-09-15T18:31:55Z</time>
        <extensions>
          <gpxdata:distance>27627.91</gpxdata:distance>
          <gpxdata:speed>0.948</gpxdata:speed>
        </extensions>
      </trkpt>
      <trkpt lat="46.5790354" lon="9.4322627">
        <ele>1165.9</ele>
        <time>2026-09-15T18:32:02Z</time>
        <extensions>
          <gpxdata:distance>27634.94</gpxdata:distance>
          <gpxdata:speed>0.984</gpxdata:speed>
        </extensions>
      </trkpt>
      <trkpt lat="46.5791454" lon="9.4321357">
        <ele>1164.5</ele>
        <time>2026-09-15T18:32:19Z</time>
        <extensions>
          <gpxdata:distance>27650.55</gpxdata:distance>
          <gpxdata:speed>0.910</gpxdata:speed>
        </extensions>
      </trkpt>
      <trkpt lat="46.5791824" lon="9.4320857">
        <ele>1164.2</ele>
        <time>2026-09-15T18:32:25Z</time>
        <extensions>
          <gpxdata:distance>27656.17</gpxdata:distance>
          <gpxdata:speed>0.899</gpxdata:speed>
        </extensions>
      </trkpt>
      <trkpt lat="46.5792004" lon="9.4320467">
        <ele>1163.3</ele>
        <time>2026-09-15T18:32:29Z</time>
        <extensions>
          <gpxdata:distance>27659.76</gpxdata:distance>
          <gpxdata:speed>0.920</gpxdata:speed>
        </extensions>
      </trkpt>
      <trkpt lat="46.5792214" lon="9.4319167">
        <ele>1161.3</ele>
        <time>2026-09-15T18:32:40Z</time>
        <extensions>
          <gpxdata:distance>27669.96</gpxdata:distance>
          <gpxdata:speed>0.938</gpxdata:speed>
        </extensions>
      </trkpt>
      <trkpt lat="46.5792314" lon="9.4318527">
        <ele>1160.3</ele>
        <time>2026-09-15T18:32:45Z</time>
        <extensions>
          <gpxdata:distance>27674.98</gpxdata:distance>
          <gpxdata:speed>0.939</gpxdata:speed>
        </extensions>
      </trkpt>
      <trkpt lat="46.5792964" lon="9.4317107">
        <ele>1159.0</ele>
        <time>2026-09-15T18:32:59Z</time>
        <extensions>
          <gpxdata:distance>27688.02</gpxdata:distance>
          <gpxdata:speed>0.923</gpxdata:speed>
        </extensions>
      </trkpt>
      <trkpt lat="46.5793614" lon="9.4315957">
        <ele>1158.2</ele>
        <time>2026-09-15T18:33:12Z</time>
        <extensions>
          <gpxdata:distance>27699.40</gpxdata:distance>
          <gpxdata:speed>0.916</gpxdata:speed>
        </extensions>
      </trkpt>
      <trkpt lat="46.5794174" lon="9.4315197">
        <ele>1158.3</ele>
        <time>2026-09-15T18:33:21Z</time>
        <extensions>
          <gpxdata:distance>27707.91</gpxdata:distance>
          <gpxdata:speed>0.914</gpxdata:speed>
        </extensions>
      </trkpt>
      <trkpt lat="46.5794454" lon="9.4314167">
        <ele>1158.6</ele>
        <time>2026-09-15T18:33:30Z</time>
        <extensions>
          <gpxdata:distance>27716.38</gpxdata:distance>
          <gpxdata:speed>0.906</gpxdata:speed>
        </extensions>
      </trkpt>
      <trkpt lat="46.5794834" lon="9.4313137">
        <ele>1159.0</ele>
        <time>2026-09-15T18:33:40Z</time>
        <extensions>
          <gpxdata:distance>27725.31</gpxdata:distance>
          <gpxdata:speed>0.923</gpxdata:speed>
        </extensions>
      </trkpt>
      <trkpt lat="46.5795314" lon="9.4311587">
        <ele>1160.7</ele>
        <time>2026-09-15T18:33:54Z</time>
        <extensions>
          <gpxdata:distance>27738.31</gpxdata:distance>
          <gpxdata:speed>0.958</gpxdata:speed>
        </extensions>
      </trkpt>
      <trkpt lat="46.5796064" lon="9.4310047">
        <ele>1165.1</ele>
        <time>2026-09-15T18:34:09Z</time>
        <extensions>
          <gpxdata:distance>27752.73</gpxdata:distance>
          <gpxdata:speed>0.963</gpxdata:speed>
        </extensions>
      </trkpt>
      <trkpt lat="46.5796154" lon="9.4310047">
        <ele>1166.1</ele>
        <time>2026-09-15T18:34:10Z</time>
        <extensions>
          <gpxdata:distance>27753.73</gpxdata:distance>
          <gpxdata:speed>0.866</gpxdata:speed>
        </extensions>
      </trkpt>
      <trkpt lat="46.5796234" lon="9.4310317">
        <ele>1167.0</ele>
        <time>2026-09-15T18:34:13Z</time>
        <extensions>
          <gpxdata:distance>27755.98</gpxdata:distance>
          <gpxdata:speed>0.799</gpxdata:speed>
        </extensions>
      </trkpt>
      <trkpt lat="46.5796504" lon="9.4310587">
        <ele>1168.8</ele>
        <time>2026-09-15T18:34:18Z</time>
        <extensions>
          <gpxdata:distance>27759.62</gpxdata:distance>
          <gpxdata:speed>0.663</gpxdata:speed>
        </extensions>
      </trkpt>
      <trkpt lat="46.5796764" lon="9.4311117">
        <ele>1169.1</ele>
        <time>2026-09-15T18:34:26Z</time>
        <extensions>
          <gpxdata:distance>27764.60</gpxdata:distance>
          <gpxdata:speed>0.637</gpxdata:speed>
        </extensions>
      </trkpt>
      <trkpt lat="46.5796764" lon="9.4311117">
        <ele>1169.1</ele>
        <time>2026-09-15T18:34:26Z</time>
        <extensions>
          <gpxdata:distance>27764.60</gpxdata:distance>
          <gpxdata:speed>0.000</gpxdata:speed>
        </extensions>
      </trkpt>
      <trkpt lat="46.5796964" lon="9.4309817">
        <ele>1168.5</ele>
        <time>2026-09-15T18:34:42Z</time>
        <extensions>
          <gpxdata:distance>27774.78</gpxdata:distance>
          <gpxdata:speed>0.638</gpxdata:speed>
        </extensions>
      </trkpt>
      <trkpt lat="46.5796974" lon="9.4309167">
        <ele>1168.2</ele>
        <time>2026-09-15T18:34:50Z</time>
        <extensions>
          <gpxdata:distance>27779.75</gpxdata:distance>
          <gpxdata:speed>0.637</gpxdata:speed>
        </extensions>
      </trkpt>
      <trkpt lat="46.5796814" lon="9.4307987">
        <ele>1167.5</ele>
        <time>2026-09-15T18:35:03Z</time>
        <extensions>
          <gpxdata:distance>27788.94</gpxdata:distance>
          <gpxdata:speed>0.669</gpxdata:speed>
        </extensions>
      </trkpt>
      <trkpt lat="46.5796404" lon="9.4305887">
        <ele>1166.3</ele>
        <time>2026-09-15T18:35:21Z</time>
        <extensions>
          <gpxdata:distance>27805.63</gpxdata:distance>
          <gpxdata:speed>0.955</gpxdata:speed>
        </extensions>
      </trkpt>
      <trkpt lat="46.5795984" lon="9.4304037">
        <ele>1165.4</ele>
        <time>2026-09-15T18:35:36Z</time>
        <extensions>
          <gpxdata:distance>27820.52</gpxdata:distance>
          <gpxdata:speed>0.999</gpxdata:speed>
        </extensions>
      </trkpt>
      <trkpt lat="46.5795474" lon="9.4302587">
        <ele>1164.8</ele>
        <time>2026-09-15T18:35:49Z</time>
        <extensions>
          <gpxdata:distance>27832.97</gpxdata:distance>
          <gpxdata:speed>0.976</gpxdata:speed>
        </extensions>
      </trkpt>
      <trkpt lat="46.5795474" lon="9.4302587">
        <ele>1164.8</ele>
        <time>2026-09-15T18:35:49Z</time>
        <extensions>
          <gpxdata:distance>27832.97</gpxdata:distance>
          <gpxdata:speed>0.000</gpxdata:speed>
        </extensions>
      </trkpt>
      <trkpt lat="46.5795304" lon="9.4302057">
        <ele>1164.5</ele>
        <time>2026-09-15T18:35:53Z</time>
        <extensions>
          <gpxdata:distance>27837.44</gpxdata:distance>
          <gpxdata:speed>0.934</gpxdata:speed>
        </extensions>
      </trkpt>
      <trkpt lat="46.5795304" lon="9.4302057">
        <ele>1164.5</ele>
        <time>2026-09-15T18:35:53Z</time>
        <extensions>
          <gpxdata:distance>27837.44</gpxdata:distance>
          <gpxdata:speed>0.000</gpxdata:speed>
        </extensions>
      </trkpt>
      <trkpt lat="46.5789344" lon="9.4292577">
        <ele>1160.8</ele>
        <time>2026-09-15T18:37:37Z</time>
        <extensions>
          <gpxdata:distance>27935.63</gpxdata:distance>
          <gpxdata:speed>0.951</gpxdata:speed>
        </extensions>
      </trkpt>
      <trkpt lat="46.5789344" lon="9.4292577">
        <ele>1160.8</ele>
        <time>2026-09-15T18:37:37Z</time>
        <extensions>
          <gpxdata:distance>27935.63</gpxdata:distance>
          <gpxdata:speed>0.000</gpxdata:speed>
        </extensions>
      </trkpt>
      <trkpt lat="46.5788824" lon="9.4291507">
        <ele>1160.5</ele>
        <time>2026-09-15T18:37:47Z</time>
        <extensions>
          <gpxdata:distance>27945.65</gpxdata:distance>
          <gpxdata:speed>0.955</gpxdata:speed>
        </extensions>
      </trkpt>
      <trkpt lat="46.5788564" lon="9.4290977">
        <ele>1160.2</ele>
        <time>2026-09-15T18:37:52Z</time>
        <extensions>
          <gpxdata:distance>27950.62</gpxdata:distance>
          <gpxdata:speed>0.958</gpxdata:speed>
        </extensions>
      </trkpt>
      <trkpt lat="46.5788564" lon="9.4290977">
        <ele>1160.2</ele>
        <time>2026-09-15T18:37:52Z</time>
        <extensions>
          <gpxdata:distance>27950.62</gpxdata:distance>
          <gpxdata:speed>0.000</gpxdata:speed>
        </extensions>
      </trkpt>
      <trkpt lat="46.5788484" lon="9.4290717">
        <ele>1160.1</ele>
        <time>2026-09-15T18:37:55Z</time>
        <extensions>
          <gpxdata:distance>27952.80</gpxdata:distance>
          <gpxdata:speed>0.962</gpxdata:speed>
        </extensions>
      </trkpt>
      <trkpt lat="46.5787884" lon="9.4288997">
        <ele>1159.4</ele>
        <time>2026-09-15T18:38:10Z</time>
        <extensions>
          <gpxdata:distance>27967.54</gpxdata:distance>
          <gpxdata:speed>0.961</gpxdata:speed>
        </extensions>
      </trkpt>
      <trkpt lat="46.5787884" lon="9.4288997">
        <ele>1159.4</ele>
        <time>2026-09-15T18:38:10Z</time>
        <extensions>
          <gpxdata:distance>27967.54</gpxdata:distance>
          <gpxdata:speed>0.000</gpxdata:speed>
        </extensions>
      </trkpt>
      <trkpt lat="46.5787334" lon="9.4289237">
        <ele>1160.4</ele>
        <time>2026-09-15T18:38:16Z</time>
        <extensions>
          <gpxdata:distance>27973.93</gpxdata:distance>
          <gpxdata:speed>0.974</gpxdata:speed>
        </extensions>
      </trkpt>
      <trkpt lat="46.5786984" lon="9.4288707">
        <ele>1161.0</ele>
        <time>2026-09-15T18:38:22Z</time>
        <extensions>
          <gpxdata:distance>27979.54</gpxdata:distance>
          <gpxdata:speed>1.001</gpxdata:speed>
        </extensions>
      </trkpt>
      <trkpt lat="46.5786624" lon="9.4288557">
        <ele>1162.3</ele>
        <time>2026-09-15T18:38:27Z</time>
        <extensions>
          <gpxdata:distance>27983.71</gpxdata:distance>
          <gpxdata:speed>0.933</gpxdata:speed>
        </extensions>
      </trkpt>
      <trkpt lat="46.5786084" lon="9.4288927">
        <ele>1162.8</ele>
        <time>2026-09-15T18:38:34Z</time>
        <extensions>
          <gpxdata:distance>27990.35</gpxdata:distance>
          <gpxdata:speed>0.882</gpxdata:speed>
        </extensions>
      </trkpt>
      <trkpt lat="46.5785534" lon="9.4289567">
        <ele>1163.0</ele>
        <time>2026-09-15T18:38:43Z</time>
        <extensions>
          <gpxdata:distance>27998.18</gpxdata:distance>
          <gpxdata:speed>0.862</gpxdata:speed>
        </extensions>
      </trkpt>
      <trkpt lat="46.5785534" lon="9.4289567">
        <ele>1163.0</ele>
        <time>2026-09-15T18:38:43Z</time>
        <extensions>
          <gpxdata:distance>27998.18</gpxdata:distance>
          <gpxdata:speed>0.000</gpxdata:speed>
        </extensions>
      </trkpt>
      <trkpt lat="46.5785274" lon="9.4288897">
        <ele>1163.3</ele>
        <time>2026-09-15T18:38:50Z</time>
        <extensions>
          <gpxdata:distance>28004.06</gpxdata:distance>
          <gpxdata:speed>0.853</gpxdata:speed>
        </extensions>
      </trkpt>
      <trkpt lat="46.5784924" lon="9.4288367">
        <ele>1163.4</ele>
        <time>2026-09-15T18:38:57Z</time>
        <extensions>
          <gpxdata:distance>28009.68</gpxdata:distance>
          <gpxdata:speed>0.767</gpxdata:speed>
        </extensions>
      </trkpt>
      <trkpt lat="46.5784484" lon="9.4287827">
        <ele>1163.6</ele>
        <time>2026-09-15T18:39:06Z</time>
        <extensions>
          <gpxdata:distance>28016.08</gpxdata:distance>
          <gpxdata:speed>0.789</gpxdata:speed>
        </extensions>
      </trkpt>
      <trkpt lat="46.5783764" lon="9.4287407">
        <ele>1163.9</ele>
        <time>2026-09-15T18:39:16Z</time>
        <extensions>
          <gpxdata:distance>28024.70</gpxdata:distance>
          <gpxdata:speed>0.836</gpxdata:speed>
        </extensions>
      </trkpt>
      <trkpt lat="46.5783054" lon="9.4286997">
        <ele>1164.4</ele>
        <time>2026-09-15T18:39:26Z</time>
        <extensions>
          <gpxdata:distance>28033.20</gpxdata:distance>
          <gpxdata:speed>0.850</gpxdata:speed>
        </extensions>
      </trkpt>
      <trkpt lat="46.5783054" lon="9.4286997">
        <ele>1164.4</ele>
        <time>2026-09-15T18:39:26Z</time>
        <extensions>
          <gpxdata:distance>28033.20</gpxdata:distance>
          <gpxdata:speed>0.000</gpxdata:speed>
        </extensions>
      </trkpt>
      <trkpt lat="46.5782524" lon="9.4286577">
        <ele>1165.7</ele>
        <time>2026-09-15T18:39:34Z</time>
        <extensions>
          <gpxdata:distance>28039.91</gpxdata:distance>
          <gpxdata:speed>0.863</gpxdata:speed>
        </extensions>
      </trkpt>
      <trkpt lat="46.5782254" lon="9.4286307">
        <ele>1166.4</ele>
        <time>2026-09-15T18:39:38Z</time>
        <extensions>
          <gpxdata:distance>28043.55</gpxdata:distance>
          <gpxdata:speed>0.820</gpxdata:speed>
        </extensions>
      </trkpt>
      <trkpt lat="46.5780844" lon="9.4285087">
        <ele>1169.1</ele>
        <time>2026-09-15T18:40:02Z</time>
        <extensions>
          <gpxdata:distance>28061.79</gpxdata:distance>
          <gpxdata:speed>0.765</gpxdata:speed>
        </extensions>
      </trkpt>
      <trkpt lat="46.5780225" lon="9.4284537">
        <ele>1169.3</ele>
        <time>2026-09-15T18:40:12Z</time>
        <extensions>
          <gpxdata:distance>28069.86</gpxdata:distance>
          <gpxdata:speed>0.777</gpxdata:speed>
        </extensions>
      </trkpt>
      <trkpt lat="46.5779505" lon="9.4284117">
        <ele>1170.1</ele>
        <time>2026-09-15T18:40:24Z</time>
        <extensions>
          <gpxdata:distance>28078.48</gpxdata:distance>
          <gpxdata:speed>0.761</gpxdata:speed>
        </extensions>
      </trkpt>
      <trkpt lat="46.5779245" lon="9.4283717">
        <ele>1170.6</ele>
        <time>2026-09-15T18:40:29Z</time>
        <extensions>
          <gpxdata:distance>28082.69</gpxdata:distance>
          <gpxdata:speed>0.741</gpxdata:speed>
        </extensions>
      </trkpt>
      <trkpt lat="46.5778895" lon="9.4283057">
        <ele>1171.1</ele>
        <time>2026-09-15T18:40:38Z</time>
        <extensions>
          <gpxdata:distance>28089.06</gpxdata:distance>
          <gpxdata:speed>0.725</gpxdata:speed>
        </extensions>
      </trkpt>
      <trkpt lat="46.5778735" lon="9.4282007">
        <ele>1171.1</ele>
        <time>2026-09-15T18:40:49Z</time>
        <extensions>
          <gpxdata:distance>28097.28</gpxdata:distance>
          <gpxdata:speed>0.743</gpxdata:speed>
        </extensions>
      </trkpt>
      <trkpt lat="46.5778385" lon="9.4281467">
        <ele>1172.2</ele>
        <time>2026-09-15T18:40:57Z</time>
        <extensions>
          <gpxdata:distance>28102.95</gpxdata:distance>
          <gpxdata:speed>0.725</gpxdata:speed>
        </extensions>
      </trkpt>
      <trkpt lat="46.5778395" lon="9.4280817">
        <ele>1172.3</ele>
        <time>2026-09-15T18:41:04Z</time>
        <extensions>
          <gpxdata:distance>28107.92</gpxdata:distance>
          <gpxdata:speed>0.762</gpxdata:speed>
        </extensions>
      </trkpt>
      <trkpt lat="46.5778235" lon="9.4279767">
        <ele>1173.3</ele>
        <time>2026-09-15T18:41:14Z</time>
        <extensions>
          <gpxdata:distance>28116.14</gpxdata:distance>
          <gpxdata:speed>0.767</gpxdata:speed>
        </extensions>
      </trkpt>
      <trkpt lat="46.5778065" lon="9.4279237">
        <ele>1173.8</ele>
        <time>2026-09-15T18:41:20Z</time>
        <extensions>
          <gpxdata:distance>28120.61</gpxdata:distance>
          <gpxdata:speed>0.807</gpxdata:speed>
        </extensions>
      </trkpt>
      <trkpt lat="46.5777825" lon="9.4277537">
        <ele>1173.2</ele>
        <time>2026-09-15T18:41:35Z</time>
        <extensions>
          <gpxdata:distance>28133.88</gpxdata:distance>
          <gpxdata:speed>0.857</gpxdata:speed>
        </extensions>
      </trkpt>
      <trkpt lat="46.5777925" lon="9.4276627">
        <ele>1171.8</ele>
        <time>2026-09-15T18:41:43Z</time>
        <extensions>
          <gpxdata:distance>28140.92</gpxdata:distance>
          <gpxdata:speed>0.943</gpxdata:speed>
        </extensions>
      </trkpt>
      <trkpt lat="46.5778125" lon="9.4275587">
        <ele>1171.5</ele>
        <time>2026-09-15T18:41:51Z</time>
        <extensions>
          <gpxdata:distance>28149.18</gpxdata:distance>
          <gpxdata:speed>0.978</gpxdata:speed>
        </extensions>
      </trkpt>
      <trkpt lat="46.5778235" lon="9.4274677">
        <ele>1171.8</ele>
        <time>2026-09-15T18:41:58Z</time>
        <extensions>
          <gpxdata:distance>28156.24</gpxdata:distance>
          <gpxdata:speed>0.986</gpxdata:speed>
        </extensions>
      </trkpt>
      <trkpt lat="46.5777985" lon="9.4273367">
        <ele>1172.5</ele>
        <time>2026-09-15T18:42:09Z</time>
        <extensions>
          <gpxdata:distance>28166.63</gpxdata:distance>
          <gpxdata:speed>0.961</gpxdata:speed>
        </extensions>
      </trkpt>
      <trkpt lat="46.5777555" lon="9.4272307">
        <ele>1173.6</ele>
        <time>2026-09-15T18:42:19Z</time>
        <extensions>
          <gpxdata:distance>28176.04</gpxdata:distance>
          <gpxdata:speed>0.964</gpxdata:speed>
        </extensions>
      </trkpt>
      <trkpt lat="46.5777105" lon="9.4272287">
        <ele>1174.8</ele>
        <time>2026-09-15T18:42:24Z</time>
        <extensions>
          <gpxdata:distance>28181.04</gpxdata:distance>
          <gpxdata:speed>0.926</gpxdata:speed>
        </extensions>
      </trkpt>
      <trkpt lat="46.5776485" lon="9.4271747">
        <ele>1175.8</ele>
        <time>2026-09-15T18:42:33Z</time>
        <extensions>
          <gpxdata:distance>28189.08</gpxdata:distance>
          <gpxdata:speed>0.925</gpxdata:speed>
        </extensions>
      </trkpt>
      <trkpt lat="46.5776485" lon="9.4271747">
        <ele>1175.8</ele>
        <time>2026-09-15T18:42:33Z</time>
        <extensions>
          <gpxdata:distance>28189.08</gpxdata:distance>
          <gpxdata:speed>0.000</gpxdata:speed>
        </extensions>
      </trkpt>
      <trkpt lat="46.5776845" lon="9.4271497">
        <ele>1174.8</ele>
        <time>2026-09-15T18:42:38Z</time>
        <extensions>
          <gpxdata:distance>28193.51</gpxdata:distance>
          <gpxdata:speed>0.944</gpxdata:speed>
        </extensions>
      </trkpt>
      <trkpt lat="46.5777125" lon="9.4271117">
        <ele>1174.3</ele>
        <time>2026-09-15T18:42:42Z</time>
        <extensions>
          <gpxdata:distance>28197.77</gpxdata:distance>
          <gpxdata:speed>0.901</gpxdata:speed>
        </extensions>
      </trkpt>
      <trkpt lat="46.5777575" lon="9.4271127">
        <ele>1174.0</ele>
        <time>2026-09-15T18:42:48Z</time>
        <extensions>
          <gpxdata:distance>28202.78</gpxdata:distance>
          <gpxdata:speed>0.894</gpxdata:speed>
        </extensions>
      </trkpt>
      <trkpt lat="46.5778115" lon="9.4270887">
        <ele>1172.9</ele>
        <time>2026-09-15T18:42:55Z</time>
        <extensions>
          <gpxdata:distance>28209.06</gpxdata:distance>
          <gpxdata:speed>0.960</gpxdata:speed>
        </extensions>
      </trkpt>
      <trkpt lat="46.5778934" lon="9.4270527">
        <ele>1170.9</ele>
        <time>2026-09-15T18:43:04Z</time>
        <extensions>
          <gpxdata:distance>28218.57</gpxdata:distance>
          <gpxdata:speed>0.973</gpxdata:speed>
        </extensions>
      </trkpt>
      <trkpt lat="46.5779474" lon="9.4270417">
        <ele>1169.4</ele>
        <time>2026-09-15T18:43:11Z</time>
        <extensions>
          <gpxdata:distance>28224.63</gpxdata:distance>
          <gpxdata:speed>0.909</gpxdata:speed>
        </extensions>
      </trkpt>
      <trkpt lat="46.5779754" lon="9.4270167">
        <ele>1168.8</ele>
        <time>2026-09-15T18:43:15Z</time>
        <extensions>
          <gpxdata:distance>28228.28</gpxdata:distance>
          <gpxdata:speed>0.919</gpxdata:speed>
        </extensions>
      </trkpt>
      <trkpt lat="46.5779934" lon="9.4269787">
        <ele>1167.8</ele>
        <time>2026-09-15T18:43:19Z</time>
        <extensions>
          <gpxdata:distance>28231.81</gpxdata:distance>
          <gpxdata:speed>0.889</gpxdata:speed>
        </extensions>
      </trkpt>
      <trkpt lat="46.5780204" lon="9.4269927">
        <ele>1167.2</ele>
        <time>2026-09-15T18:43:23Z</time>
        <extensions>
          <gpxdata:distance>28235.00</gpxdata:distance>
          <gpxdata:speed>0.889</gpxdata:speed>
        </extensions>
      </trkpt>
      <trkpt lat="46.5780384" lon="9.4270187">
        <ele>1166.8</ele>
        <time>2026-09-15T18:43:26Z</time>
        <extensions>
          <gpxdata:distance>28237.82</gpxdata:distance>
          <gpxdata:speed>0.898</gpxdata:speed>
        </extensions>
      </trkpt>
      <trkpt lat="46.5780554" lon="9.4270327">
        <ele>1166.3</ele>
        <time>2026-09-15T18:43:28Z</time>
        <extensions>
          <gpxdata:distance>28239.99</gpxdata:distance>
          <gpxdata:speed>0.886</gpxdata:speed>
        </extensions>
      </trkpt>
      <trkpt lat="46.5780734" lon="9.4270337">
        <ele>1166.0</ele>
        <time>2026-09-15T18:43:30Z</time>
        <extensions>
          <gpxdata:distance>28241.99</gpxdata:distance>
          <gpxdata:speed>0.872</gpxdata:speed>
        </extensions>
      </trkpt>
      <trkpt lat="46.5781284" lon="9.4269697">
        <ele>1164.6</ele>
        <time>2026-09-15T18:43:39Z</time>
        <extensions>
          <gpxdata:distance>28249.83</gpxdata:distance>
          <gpxdata:speed>0.872</gpxdata:speed>
        </extensions>
      </trkpt>
      <trkpt lat="46.5781394" lon="9.4268927">
        <ele>1163.1</ele>
        <time>2026-09-15T18:43:46Z</time>
        <extensions>
          <gpxdata:distance>28255.84</gpxdata:distance>
          <gpxdata:speed>0.872</gpxdata:speed>
        </extensions>
      </trkpt>
      <trkpt lat="46.5781664" lon="9.4268667">
        <ele>1162.3</ele>
        <time>2026-09-15T18:43:50Z</time>
        <extensions>
          <gpxdata:distance>28259.44</gpxdata:distance>
          <gpxdata:speed>0.872</gpxdata:speed>
        </extensions>
      </trkpt>
      <trkpt lat="46.5782034" lon="9.4268037">
        <ele>1161.2</ele>
        <time>2026-09-15T18:43:58Z</time>
        <extensions>
          <gpxdata:distance>28265.77</gpxdata:distance>
          <gpxdata:speed>0.872</gpxdata:speed>
        </extensions>
      </trkpt>
      <trkpt lat="46.5782494" lon="9.4267396">
        <ele>1160.9</ele>
        <time>2026-09-15T18:44:05Z</time>
        <extensions>
          <gpxdata:distance>28272.85</gpxdata:distance>
          <gpxdata:speed>0.915</gpxdata:speed>
        </extensions>
      </trkpt>
      <trkpt lat="46.5782494" lon="9.4267396">
        <ele>1160.9</ele>
        <time>2026-09-15T18:44:05Z</time>
        <extensions>
          <gpxdata:distance>28272.85</gpxdata:distance>
          <gpxdata:speed>0.000</gpxdata:speed>
        </extensions>
      </trkpt>
      <trkpt lat="46.5782514" lon="9.4266356">
        <ele>1161.2</ele>
        <time>2026-09-15T18:44:14Z</time>
        <extensions>
          <gpxdata:distance>28280.81</gpxdata:distance>
          <gpxdata:speed>0.922</gpxdata:speed>
        </extensions>
      </trkpt>
      <trkpt lat="46.5782844" lon="9.4263366">
        <ele>1162.1</ele>
        <time>2026-09-15T18:44:39Z</time>
        <extensions>
          <gpxdata:distance>28303.95</gpxdata:distance>
          <gpxdata:speed>0.931</gpxdata:speed>
        </extensions>
      </trkpt>
      <trkpt lat="46.5783234" lon="9.4261286">
        <ele>1162.8</ele>
        <time>2026-09-15T18:44:56Z</time>
        <extensions>
          <gpxdata:distance>28320.43</gpxdata:distance>
          <gpxdata:speed>0.960</gpxdata:speed>
        </extensions>
      </trkpt>
      <trkpt lat="46.5783904" lon="9.4259096">
        <ele>1163.5</ele>
        <time>2026-09-15T18:45:14Z</time>
        <extensions>
          <gpxdata:distance>28338.75</gpxdata:distance>
          <gpxdata:speed>0.996</gpxdata:speed>
        </extensions>
      </trkpt>
      <trkpt lat="46.5784654" lon="9.4257296">
        <ele>1164.1</ele>
        <time>2026-09-15T18:45:31Z</time>
        <extensions>
          <gpxdata:distance>28354.84</gpxdata:distance>
          <gpxdata:speed>0.987</gpxdata:speed>
        </extensions>
      </trkpt>
      <trkpt lat="46.5785774" lon="9.4255116">
        <ele>1165.0</ele>
        <time>2026-09-15T18:45:53Z</time>
        <extensions>
          <gpxdata:distance>28375.64</gpxdata:distance>
          <gpxdata:speed>0.953</gpxdata:speed>
        </extensions>
      </trkpt>
      <trkpt lat="46.5787164" lon="9.4252556">
        <ele>1167.3</ele>
        <time>2026-09-15T18:46:20Z</time>
        <extensions>
          <gpxdata:distance>28400.58</gpxdata:distance>
          <gpxdata:speed>0.898</gpxdata:speed>
        </extensions>
      </trkpt>
      <trkpt lat="46.5788284" lon="9.4250516">
        <ele>1169.1</ele>
        <time>2026-09-15T18:46:43Z</time>
        <extensions>
          <gpxdata:distance>28420.53</gpxdata:distance>
          <gpxdata:speed>0.871</gpxdata:speed>
        </extensions>
      </trkpt>
      <trkpt lat="46.5792094" lon="9.4243346">
        <ele>1173.3</ele>
        <time>2026-09-15T18:48:03Z</time>
        <extensions>
          <gpxdata:distance>28489.80</gpxdata:distance>
          <gpxdata:speed>0.867</gpxdata:speed>
        </extensions>
      </trkpt>
      <trkpt lat="46.5793864" lon="9.4240015">
        <ele>1175.0</ele>
        <time>2026-09-15T18:48:40Z</time>
        <extensions>
          <gpxdata:distance>28521.98</gpxdata:distance>
          <gpxdata:speed>0.866</gpxdata:speed>
        </extensions>
      </trkpt>
      <trkpt lat="46.5795174" lon="9.4237455">
        <ele>1176.4</ele>
        <time>2026-09-15T18:49:09Z</time>
        <extensions>
          <gpxdata:distance>28546.37</gpxdata:distance>
          <gpxdata:speed>0.862</gpxdata:speed>
        </extensions>
      </trkpt>
      <trkpt lat="46.5795824" lon="9.4235785">
        <ele>1177.5</ele>
        <time>2026-09-15T18:49:26Z</time>
        <extensions>
          <gpxdata:distance>28561.04</gpxdata:distance>
          <gpxdata:speed>0.856</gpxdata:speed>
        </extensions>
      </trkpt>
      <trkpt lat="46.5796493" lon="9.4233845">
        <ele>1178.8</ele>
        <time>2026-09-15T18:49:45Z</time>
        <extensions>
          <gpxdata:distance>28577.63</gpxdata:distance>
          <gpxdata:speed>0.848</gpxdata:speed>
        </extensions>
      </trkpt>
      <trkpt lat="46.5796973" lon="9.4232035">
        <ele>1179.7</ele>
        <time>2026-09-15T18:50:03Z</time>
        <extensions>
          <gpxdata:distance>28592.45</gpxdata:distance>
          <gpxdata:speed>0.844</gpxdata:speed>
        </extensions>
      </trkpt>
      <trkpt lat="46.5797463" lon="9.4229575">
        <ele>1181.0</ele>
        <time>2026-09-15T18:50:26Z</time>
        <extensions>
          <gpxdata:distance>28612.03</gpxdata:distance>
          <gpxdata:speed>0.839</gpxdata:speed>
        </extensions>
      </trkpt>
      <trkpt lat="46.5797773" lon="9.4227245">
        <ele>1182.1</ele>
        <time>2026-09-15T18:50:48Z</time>
        <extensions>
          <gpxdata:distance>28630.17</gpxdata:distance>
          <gpxdata:speed>0.847</gpxdata:speed>
        </extensions>
      </trkpt>
      <trkpt lat="46.5797813" lon="9.4225285">
        <ele>1183.1</ele>
        <time>2026-09-15T18:51:05Z</time>
        <extensions>
          <gpxdata:distance>28645.15</gpxdata:distance>
          <gpxdata:speed>0.853</gpxdata:speed>
        </extensions>
      </trkpt>
      <trkpt lat="46.5797573" lon="9.4223315">
        <ele>1184.0</ele>
        <time>2026-09-15T18:51:23Z</time>
        <extensions>
          <gpxdata:distance>28660.45</gpxdata:distance>
          <gpxdata:speed>0.852</gpxdata:speed>
        </extensions>
      </trkpt>
      <trkpt lat="46.5796823" lon="9.4219895">
        <ele>1186.3</ele>
        <time>2026-09-15T18:51:56Z</time>
        <extensions>
          <gpxdata:distance>28687.88</gpxdata:distance>
          <gpxdata:speed>0.838</gpxdata:speed>
        </extensions>
      </trkpt>
      <trkpt lat="46.5796083" lon="9.4215825">
        <ele>1189.4</ele>
        <time>2026-09-15T18:52:35Z</time>
        <extensions>
          <gpxdata:distance>28720.06</gpxdata:distance>
          <gpxdata:speed>0.820</gpxdata:speed>
        </extensions>
      </trkpt>
      <trkpt lat="46.5795343" lon="9.4212145">
        <ele>1192.3</ele>
        <time>2026-09-15T18:53:11Z</time>
        <extensions>
          <gpxdata:distance>28749.36</gpxdata:distance>
          <gpxdata:speed>0.810</gpxdata:speed>
        </extensions>
      </trkpt>
      <trkpt lat="46.5794583" lon="9.4208985">
        <ele>1195.0</ele>
        <time>2026-09-15T18:53:43Z</time>
        <extensions>
          <gpxdata:distance>28774.95</gpxdata:distance>
          <gpxdata:speed>0.801</gpxdata:speed>
        </extensions>
      </trkpt>
      <trkpt lat="46.5793743" lon="9.4205955">
        <ele>1197.0</ele>
        <time>2026-09-15T18:54:15Z</time>
        <extensions>
          <gpxdata:distance>28799.92</gpxdata:distance>
          <gpxdata:speed>0.798</gpxdata:speed>
        </extensions>
      </trkpt>
      <trkpt lat="46.5792563" lon="9.4201345">
        <ele>1198.4</ele>
        <time>2026-09-15T18:55:01Z</time>
        <extensions>
          <gpxdata:distance>28837.52</gpxdata:distance>
          <gpxdata:speed>0.814</gpxdata:speed>
        </extensions>
      </trkpt>
      <trkpt lat="46.5792403" lon="9.4200035">
        <ele>1197.9</ele>
        <time>2026-09-15T18:55:13Z</time>
        <extensions>
          <gpxdata:distance>28847.69</gpxdata:distance>
          <gpxdata:speed>0.826</gpxdata:speed>
        </extensions>
      </trkpt>
      <trkpt lat="46.5792403" lon="9.4200035">
        <ele>1197.9</ele>
        <time>2026-09-15T18:55:13Z</time>
        <extensions>
          <gpxdata:distance>28847.69</gpxdata:distance>
          <gpxdata:speed>0.000</gpxdata:speed>
        </extensions>
      </trkpt>
      <trkpt lat="46.5793143" lon="9.4198885">
        <ele>1197.0</ele>
        <time>2026-09-15T18:55:27Z</time>
        <extensions>
          <gpxdata:distance>28859.73</gpxdata:distance>
          <gpxdata:speed>0.845</gpxdata:speed>
        </extensions>
      </trkpt>
      <trkpt lat="46.5793513" lon="9.4198505">
        <ele>1196.6</ele>
        <time>2026-09-15T18:55:33Z</time>
        <extensions>
          <gpxdata:distance>28864.77</gpxdata:distance>
          <gpxdata:speed>0.864</gpxdata:speed>
        </extensions>
      </trkpt>
      <trkpt lat="46.5793513" lon="9.4198505">
        <ele>1190.3</ele>
        <time>2026-09-15T18:55:33Z</time>
        <extensions>
          <gpxdata:distance>28864.77</gpxdata:distance>
          <gpxdata:speed>0.000</gpxdata:speed>
        </extensions>
      </trkpt>
      <trkpt lat="46.5793863" lon="9.4198515">
        <ele>1187.6</ele>
        <time>2026-09-15T18:55:37Z</time>
        <extensions>
          <gpxdata:distance>28868.66</gpxdata:distance>
          <gpxdata:speed>0.962</gpxdata:speed>
        </extensions>
      </trkpt>
      <trkpt lat="46.5794133" lon="9.4198785">
        <ele>1186.3</ele>
        <time>2026-09-15T18:55:41Z</time>
        <extensions>
          <gpxdata:distance>28872.30</gpxdata:distance>
          <gpxdata:speed>0.906</gpxdata:speed>
        </extensions>
      </trkpt>
      <trkpt lat="46.5794133" lon="9.4198785">
        <ele>1186.3</ele>
        <time>2026-09-15T18:55:41Z</time>
        <extensions>
          <gpxdata:distance>28872.30</gpxdata:distance>
          <gpxdata:speed>0.000</gpxdata:speed>
        </extensions>
      </trkpt>
      <trkpt lat="46.5794663" lon="9.4199595">
        <ele>1184.9</ele>
        <time>2026-09-15T18:55:51Z</time>
        <extensions>
          <gpxdata:distance>28880.85</gpxdata:distance>
          <gpxdata:speed>0.872</gpxdata:speed>
        </extensions>
      </trkpt>
      <trkpt lat="46.5795093" lon="9.4200525">
        <ele>1183.7</ele>
        <time>2026-09-15T18:56:01Z</time>
        <extensions>
          <gpxdata:distance>28889.42</gpxdata:distance>
          <gpxdata:speed>0.872</gpxdata:speed>
        </extensions>
      </trkpt>
      <trkpt lat="46.5795613" lon="9.4201585">
        <ele>1181.7</ele>
        <time>2026-09-15T18:56:12Z</time>
        <extensions>
          <gpxdata:distance>28899.37</gpxdata:distance>
          <gpxdata:speed>0.872</gpxdata:speed>
        </extensions>
      </trkpt>
      <trkpt lat="46.5796483" lon="9.4203575">
        <ele>1180.0</ele>
        <time>2026-09-15T18:56:33Z</time>
        <extensions>
          <gpxdata:distance>28917.39</gpxdata:distance>
          <gpxdata:speed>0.872</gpxdata:speed>
        </extensions>
      </trkpt>
      <trkpt lat="46.5796663" lon="9.4203575">
        <ele>1179.3</ele>
        <time>2026-09-15T18:56:35Z</time>
        <extensions>
          <gpxdata:distance>28919.40</gpxdata:distance>
          <gpxdata:speed>0.872</gpxdata:speed>
        </extensions>
      </trkpt>
      <trkpt lat="46.5796753" lon="9.4203585">
        <ele>1178.7</ele>
        <time>2026-09-15T18:56:36Z</time>
        <extensions>
          <gpxdata:distance>28920.40</gpxdata:distance>
          <gpxdata:speed>0.872</gpxdata:speed>
        </extensions>
      </trkpt>
      <trkpt lat="46.5796753" lon="9.4203195">
        <ele>1178.4</ele>
        <time>2026-09-15T18:56:40Z</time>
        <extensions>
          <gpxdata:distance>28923.38</gpxdata:distance>
          <gpxdata:speed>0.915</gpxdata:speed>
        </extensions>
      </trkpt>
      <trkpt lat="46.5796673" lon="9.4202925">
        <ele>1177.8</ele>
        <time>2026-09-15T18:56:42Z</time>
        <extensions>
          <gpxdata:distance>28925.63</gpxdata:distance>
          <gpxdata:speed>0.927</gpxdata:speed>
        </extensions>
      </trkpt>
      <trkpt lat="46.5796763" lon="9.4202795">
        <ele>1177.3</ele>
        <time>2026-09-15T18:56:44Z</time>
        <extensions>
          <gpxdata:distance>28927.04</gpxdata:distance>
          <gpxdata:speed>0.920</gpxdata:speed>
        </extensions>
      </trkpt>
      <trkpt lat="46.5796943" lon="9.4203065">
        <ele>1176.9</ele>
        <time>2026-09-15T18:56:47Z</time>
        <extensions>
          <gpxdata:distance>28929.91</gpxdata:distance>
          <gpxdata:speed>0.922</gpxdata:speed>
        </extensions>
      </trkpt>
      <trkpt lat="46.5797113" lon="9.4203075">
        <ele>1176.9</ele>
        <time>2026-09-15T18:56:49Z</time>
        <extensions>
          <gpxdata:distance>28931.80</gpxdata:distance>
          <gpxdata:speed>0.926</gpxdata:speed>
        </extensions>
      </trkpt>
      <trkpt lat="46.5797113" lon="9.4203075">
        <ele>1176.9</ele>
        <time>2026-09-15T18:56:49Z</time>
        <extensions>
          <gpxdata:distance>28931.80</gpxdata:distance>
          <gpxdata:speed>0.000</gpxdata:speed>
        </extensions>
      </trkpt>
      <trkpt lat="46.5797373" lon="9.4204125">
        <ele>1171.8</ele>
        <time>2026-09-15T18:56:59Z</time>
        <extensions>
          <gpxdata:distance>28940.33</gpxdata:distance>
          <gpxdata:speed>0.872</gpxdata:speed>
        </extensions>
      </trkpt>
      <trkpt lat="46.5797373" lon="9.4204125">
        <ele>1171.8</ele>
        <time>2026-09-15T18:56:59Z</time>
        <extensions>
          <gpxdata:distance>28940.33</gpxdata:distance>
          <gpxdata:speed>0.000</gpxdata:speed>
        </extensions>
      </trkpt>
      <trkpt lat="46.5798003" lon="9.4203755">
        <ele>1171.6</ele>
        <time>2026-09-15T18:57:07Z</time>
        <extensions>
          <gpxdata:distance>28947.89</gpxdata:distance>
          <gpxdata:speed>0.872</gpxdata:speed>
        </extensions>
      </trkpt>
      <trkpt lat="46.5798003" lon="9.4203755">
        <ele>1171.6</ele>
        <time>2026-09-15T18:57:07Z</time>
        <extensions>
          <gpxdata:distance>28947.89</gpxdata:distance>
          <gpxdata:speed>0.000</gpxdata:speed>
        </extensions>
      </trkpt>
      <trkpt lat="46.5797923" lon="9.4203105">
        <ele>1171.6</ele>
        <time>2026-09-15T18:57:13Z</time>
        <extensions>
          <gpxdata:distance>28952.94</gpxdata:distance>
          <gpxdata:speed>0.872</gpxdata:speed>
        </extensions>
      </trkpt>
      <trkpt lat="46.5797763" lon="9.4202315">
        <ele>1171.6</ele>
        <time>2026-09-15T18:57:20Z</time>
        <extensions>
          <gpxdata:distance>28959.23</gpxdata:distance>
          <gpxdata:speed>0.903</gpxdata:speed>
        </extensions>
      </trkpt>
      <trkpt lat="46.5797423" lon="9.4201255">
        <ele>1171.8</ele>
        <time>2026-09-15T18:57:30Z</time>
        <extensions>
          <gpxdata:distance>28968.17</gpxdata:distance>
          <gpxdata:speed>0.925</gpxdata:speed>
        </extensions>
      </trkpt>
      <trkpt lat="46.5797423" lon="9.4201255">
        <ele>1171.8</ele>
        <time>2026-09-15T18:57:30Z</time>
        <extensions>
          <gpxdata:distance>28968.17</gpxdata:distance>
          <gpxdata:speed>0.000</gpxdata:speed>
        </extensions>
      </trkpt>
      <trkpt lat="46.5797953" lon="9.4201404">
        <ele>1171.7</ele>
        <time>2026-09-15T18:57:36Z</time>
        <extensions>
          <gpxdata:distance>28974.17</gpxdata:distance>
          <gpxdata:speed>0.915</gpxdata:speed>
        </extensions>
      </trkpt>
      <trkpt lat="46.5798493" lon="9.4201814">
        <ele>1171.7</ele>
        <time>2026-09-15T18:57:43Z</time>
        <extensions>
          <gpxdata:distance>28980.95</gpxdata:distance>
          <gpxdata:speed>1.009</gpxdata:speed>
        </extensions>
      </trkpt>
      <trkpt lat="46.5798843" lon="9.4202224">
        <ele>1171.5</ele>
        <time>2026-09-15T18:57:48Z</time>
        <extensions>
          <gpxdata:distance>28985.94</gpxdata:distance>
          <gpxdata:speed>1.004</gpxdata:speed>
        </extensions>
      </trkpt>
      <trkpt lat="46.5798843" lon="9.4202224">
        <ele>1171.5</ele>
        <time>2026-09-15T18:57:48Z</time>
        <extensions>
          <gpxdata:distance>28985.94</gpxdata:distance>
          <gpxdata:speed>0.000</gpxdata:speed>
        </extensions>
      </trkpt>
      <trkpt lat="46.5799123" lon="9.4201844">
        <ele>1171.5</ele>
        <time>2026-09-15T18:57:52Z</time>
        <extensions>
          <gpxdata:distance>28990.20</gpxdata:distance>
          <gpxdata:speed>1.009</gpxdata:speed>
        </extensions>
      </trkpt>
      <trkpt lat="46.5799033" lon="9.4201444">
        <ele>1171.0</ele>
        <time>2026-09-15T18:57:55Z</time>
        <extensions>
          <gpxdata:distance>28993.42</gpxdata:distance>
          <gpxdata:speed>0.993</gpxdata:speed>
        </extensions>
      </trkpt>
      <trkpt lat="46.5798783" lon="9.4200524">
        <ele>1169.2</ele>
        <time>2026-09-15T18:58:03Z</time>
        <extensions>
          <gpxdata:distance>29000.98</gpxdata:distance>
          <gpxdata:speed>0.940</gpxdata:speed>
        </extensions>
      </trkpt>
      <trkpt lat="46.5798693" lon="9.4200394">
        <ele>1168.9</ele>
        <time>2026-09-15T18:58:05Z</time>
        <extensions>
          <gpxdata:distance>29002.39</gpxdata:distance>
          <gpxdata:speed>0.911</gpxdata:speed>
        </extensions>
      </trkpt>
      <trkpt lat="46.5798783" lon="9.4200264">
        <ele>1168.7</ele>
        <time>2026-09-15T18:58:06Z</time>
        <extensions>
          <gpxdata:distance>29003.80</gpxdata:distance>
          <gpxdata:speed>0.908</gpxdata:speed>
        </extensions>
      </trkpt>
      <trkpt lat="46.5798963" lon="9.4200274">
        <ele>1168.0</ele>
        <time>2026-09-15T18:58:09Z</time>
        <extensions>
          <gpxdata:distance>29005.80</gpxdata:distance>
          <gpxdata:speed>0.910</gpxdata:speed>
        </extensions>
      </trkpt>
      <trkpt lat="46.5799593" lon="9.4200554">
        <ele>1166.1</ele>
        <time>2026-09-15T18:58:17Z</time>
        <extensions>
          <gpxdata:distance>29013.13</gpxdata:distance>
          <gpxdata:speed>0.907</gpxdata:speed>
        </extensions>
      </trkpt>
      <trkpt lat="46.5800213" lon="9.4201094">
        <ele>1164.4</ele>
        <time>2026-09-15T18:58:26Z</time>
        <extensions>
          <gpxdata:distance>29021.16</gpxdata:distance>
          <gpxdata:speed>0.872</gpxdata:speed>
        </extensions>
      </trkpt>
      <trkpt lat="46.5800563" lon="9.4201374">
        <ele>1163.7</ele>
        <time>2026-09-15T18:58:31Z</time>
        <extensions>
          <gpxdata:distance>29025.60</gpxdata:distance>
          <gpxdata:speed>0.876</gpxdata:speed>
        </extensions>
      </trkpt>
      <trkpt lat="46.5801023" lon="9.4201254">
        <ele>1161.8</ele>
        <time>2026-09-15T18:58:37Z</time>
        <extensions>
          <gpxdata:distance>29030.80</gpxdata:distance>
          <gpxdata:speed>0.872</gpxdata:speed>
        </extensions>
      </trkpt>
      <trkpt lat="46.5801493" lon="9.4199714">
        <ele>1158.0</ele>
        <time>2026-09-15T18:58:52Z</time>
        <extensions>
          <gpxdata:distance>29043.68</gpxdata:distance>
          <gpxdata:speed>0.872</gpxdata:speed>
        </extensions>
      </trkpt>
      <trkpt lat="46.5801683" lon="9.4199324">
        <ele>1157.3</ele>
        <time>2026-09-15T18:58:56Z</time>
        <extensions>
          <gpxdata:distance>29047.33</gpxdata:distance>
          <gpxdata:speed>0.872</gpxdata:speed>
        </extensions>
      </trkpt>
      <trkpt lat="46.5801953" lon="9.4199204">
        <ele>1156.5</ele>
        <time>2026-09-15T18:59:00Z</time>
        <extensions>
          <gpxdata:distance>29050.47</gpxdata:distance>
          <gpxdata:speed>0.872</gpxdata:speed>
        </extensions>
      </trkpt>
      <trkpt lat="46.5802673" lon="9.4199104">
        <ele>1154.4</ele>
        <time>2026-09-15T18:59:09Z</time>
        <extensions>
          <gpxdata:distance>29058.51</gpxdata:distance>
          <gpxdata:speed>0.872</gpxdata:speed>
        </extensions>
      </trkpt>
      <trkpt lat="46.5802953" lon="9.4198854">
        <ele>1152.8</ele>
        <time>2026-09-15T18:59:13Z</time>
        <extensions>
          <gpxdata:distance>29062.17</gpxdata:distance>
          <gpxdata:speed>0.872</gpxdata:speed>
        </extensions>
      </trkpt>
      <trkpt lat="46.5803143" lon="9.4198334">
        <ele>1151.7</ele>
        <time>2026-09-15T18:59:18Z</time>
        <extensions>
          <gpxdata:distance>29066.67</gpxdata:distance>
          <gpxdata:speed>0.872</gpxdata:speed>
        </extensions>
      </trkpt>
      <trkpt lat="46.5803233" lon="9.4198074">
        <ele>1151.2</ele>
        <time>2026-09-15T18:59:21Z</time>
        <extensions>
          <gpxdata:distance>29068.89</gpxdata:distance>
          <gpxdata:speed>0.872</gpxdata:speed>
        </extensions>
      </trkpt>
      <trkpt lat="46.5803333" lon="9.4197684">
        <ele>1150.4</ele>
        <time>2026-09-15T18:59:24Z</time>
        <extensions>
          <gpxdata:distance>29072.07</gpxdata:distance>
          <gpxdata:speed>0.872</gpxdata:speed>
        </extensions>
      </trkpt>
      <trkpt lat="46.5803783" lon="9.4197704">
        <ele>1149.1</ele>
        <time>2026-09-15T18:59:30Z</time>
        <extensions>
          <gpxdata:distance>29077.08</gpxdata:distance>
          <gpxdata:speed>0.872</gpxdata:speed>
        </extensions>
      </trkpt>
      <trkpt lat="46.5803963" lon="9.4197454">
        <ele>1148.6</ele>
        <time>2026-09-15T18:59:33Z</time>
        <extensions>
          <gpxdata:distance>29079.85</gpxdata:distance>
          <gpxdata:speed>0.872</gpxdata:speed>
        </extensions>
      </trkpt>
      <trkpt lat="46.5804053" lon="9.4197324">
        <ele>1148.3</ele>
        <time>2026-09-15T18:59:35Z</time>
        <extensions>
          <gpxdata:distance>29081.26</gpxdata:distance>
          <gpxdata:speed>0.872</gpxdata:speed>
        </extensions>
      </trkpt>
      <trkpt lat="46.5804603" lon="9.4197214">
        <ele>1147.4</ele>
        <time>2026-09-15T18:59:42Z</time>
        <extensions>
          <gpxdata:distance>29087.43</gpxdata:distance>
          <gpxdata:speed>0.872</gpxdata:speed>
        </extensions>
      </trkpt>
      <trkpt lat="46.5804783" lon="9.4197094">
        <ele>1147.0</ele>
        <time>2026-09-15T18:59:44Z</time>
        <extensions>
          <gpxdata:distance>29089.63</gpxdata:distance>
          <gpxdata:speed>0.872</gpxdata:speed>
        </extensions>
      </trkpt>
      <trkpt lat="46.5804693" lon="9.4196824">
        <ele>1146.8</ele>
        <time>2026-09-15T18:59:47Z</time>
        <extensions>
          <gpxdata:distance>29091.92</gpxdata:distance>
          <gpxdata:speed>0.872</gpxdata:speed>
        </extensions>
      </trkpt>
      <trkpt lat="46.5804703" lon="9.4196564">
        <ele>1146.7</ele>
        <time>2026-09-15T18:59:49Z</time>
        <extensions>
          <gpxdata:distance>29093.91</gpxdata:distance>
          <gpxdata:speed>0.894</gpxdata:speed>
        </extensions>
      </trkpt>
      <trkpt lat="46.5804893" lon="9.4196054">
        <ele>1146.7</ele>
        <time>2026-09-15T18:59:54Z</time>
        <extensions>
          <gpxdata:distance>29098.35</gpxdata:distance>
          <gpxdata:speed>0.936</gpxdata:speed>
        </extensions>
      </trkpt>
      <trkpt lat="46.5805623" lon="9.4195034">
        <ele>1144.8</ele>
        <time>2026-09-15T19:00:06Z</time>
        <extensions>
          <gpxdata:distance>29109.60</gpxdata:distance>
          <gpxdata:speed>0.939</gpxdata:speed>
        </extensions>
      </trkpt>
      <trkpt lat="46.5805623" lon="9.4195034">
        <ele>1144.8</ele>
        <time>2026-09-15T19:00:06Z</time>
        <extensions>
          <gpxdata:distance>29109.60</gpxdata:distance>
          <gpxdata:speed>0.000</gpxdata:speed>
        </extensions>
      </trkpt>
      <trkpt lat="46.5805903" lon="9.4194914">
        <ele>1144.4</ele>
        <time>2026-09-15T19:00:10Z</time>
        <extensions>
          <gpxdata:distance>29112.85</gpxdata:distance>
          <gpxdata:speed>0.919</gpxdata:speed>
        </extensions>
      </trkpt>
      <trkpt lat="46.5806353" lon="9.4194794">
        <ele>1144.3</ele>
        <time>2026-09-15T19:00:15Z</time>
        <extensions>
          <gpxdata:distance>29117.94</gpxdata:distance>
          <gpxdata:speed>0.903</gpxdata:speed>
        </extensions>
      </trkpt>
      <trkpt lat="46.5806973" lon="9.4195214">
        <ele>1144.0</ele>
        <time>2026-09-15T19:00:24Z</time>
        <extensions>
          <gpxdata:distance>29125.54</gpxdata:distance>
          <gpxdata:speed>0.906</gpxdata:speed>
        </extensions>
      </trkpt>
      <trkpt lat="46.5807323" lon="9.4195614">
        <ele>1143.7</ele>
        <time>2026-09-15T19:00:29Z</time>
        <extensions>
          <gpxdata:distance>29130.49</gpxdata:distance>
          <gpxdata:speed>0.915</gpxdata:speed>
        </extensions>
      </trkpt>
      <trkpt lat="46.5807493" lon="9.4196144">
        <ele>1143.7</ele>
        <time>2026-09-15T19:00:34Z</time>
        <extensions>
          <gpxdata:distance>29134.96</gpxdata:distance>
          <gpxdata:speed>0.924</gpxdata:speed>
        </extensions>
      </trkpt>
      <trkpt lat="46.5807573" lon="9.4196674">
        <ele>1143.5</ele>
        <time>2026-09-15T19:00:38Z</time>
        <extensions>
          <gpxdata:distance>29139.11</gpxdata:distance>
          <gpxdata:speed>0.926</gpxdata:speed>
        </extensions>
      </trkpt>
      <trkpt lat="46.5807563" lon="9.4197324">
        <ele>1141.9</ele>
        <time>2026-09-15T19:00:44Z</time>
        <extensions>
          <gpxdata:distance>29144.08</gpxdata:distance>
          <gpxdata:speed>0.899</gpxdata:speed>
        </extensions>
      </trkpt>
      <trkpt lat="46.5807453" lon="9.4198884">
        <ele>1139.1</ele>
        <time>2026-09-15T19:00:57Z</time>
        <extensions>
          <gpxdata:distance>29156.06</gpxdata:distance>
          <gpxdata:speed>0.915</gpxdata:speed>
        </extensions>
      </trkpt>
      <trkpt lat="46.5807333" lon="9.4200314">
        <ele>1138.0</ele>
        <time>2026-09-15T19:01:09Z</time>
        <extensions>
          <gpxdata:distance>29167.07</gpxdata:distance>
          <gpxdata:speed>0.911</gpxdata:speed>
        </extensions>
      </trkpt>
      <trkpt lat="46.5807413" lon="9.4200844">
        <ele>1137.2</ele>
        <time>2026-09-15T19:01:14Z</time>
        <extensions>
          <gpxdata:distance>29171.22</gpxdata:distance>
          <gpxdata:speed>0.916</gpxdata:speed>
        </extensions>
      </trkpt>
      <trkpt lat="46.5807763" lon="9.4201634">
        <ele>1136.3</ele>
        <time>2026-09-15T19:01:21Z</time>
        <extensions>
          <gpxdata:distance>29178.40</gpxdata:distance>
          <gpxdata:speed>0.924</gpxdata:speed>
        </extensions>
      </trkpt>
      <trkpt lat="46.5808103" lon="9.4202564">
        <ele>1134.9</ele>
        <time>2026-09-15T19:01:30Z</time>
        <extensions>
          <gpxdata:distance>29186.45</gpxdata:distance>
          <gpxdata:speed>0.940</gpxdata:speed>
        </extensions>
      </trkpt>
      <trkpt lat="46.5808523" lon="9.4204144">
        <ele>1132.5</ele>
        <time>2026-09-15T19:01:44Z</time>
        <extensions>
          <gpxdata:distance>29199.40</gpxdata:distance>
          <gpxdata:speed>0.923</gpxdata:speed>
        </extensions>
      </trkpt>
      <trkpt lat="46.5809203" lon="9.4206774">
        <ele>1128.3</ele>
        <time>2026-09-15T19:02:08Z</time>
        <extensions>
          <gpxdata:distance>29220.88</gpxdata:distance>
          <gpxdata:speed>0.900</gpxdata:speed>
        </extensions>
      </trkpt>
      <trkpt lat="46.5809553" lon="9.4207314">
        <ele>1127.2</ele>
        <time>2026-09-15T19:02:14Z</time>
        <extensions>
          <gpxdata:distance>29226.55</gpxdata:distance>
          <gpxdata:speed>0.890</gpxdata:speed>
        </extensions>
      </trkpt>
      <trkpt lat="46.5810613" lon="9.4208394">
        <ele>1125.7</ele>
        <time>2026-09-15T19:02:30Z</time>
        <extensions>
          <gpxdata:distance>29240.94</gpxdata:distance>
          <gpxdata:speed>0.917</gpxdata:speed>
        </extensions>
      </trkpt>
      <trkpt lat="46.5810883" lon="9.4208664">
        <ele>1125.5</ele>
        <time>2026-09-15T19:02:34Z</time>
        <extensions>
          <gpxdata:distance>29244.58</gpxdata:distance>
          <gpxdata:speed>0.935</gpxdata:speed>
        </extensions>
      </trkpt>
      <trkpt lat="46.5811143" lon="9.4208674">
        <ele>1124.7</ele>
        <time>2026-09-15T19:02:37Z</time>
        <extensions>
          <gpxdata:distance>29247.47</gpxdata:distance>
          <gpxdata:speed>0.919</gpxdata:speed>
        </extensions>
      </trkpt>
      <trkpt lat="46.5811513" lon="9.4208434">
        <ele>1124.4</ele>
        <time>2026-09-15T19:02:42Z</time>
        <extensions>
          <gpxdata:distance>29251.98</gpxdata:distance>
          <gpxdata:speed>0.928</gpxdata:speed>
        </extensions>
      </trkpt>
      <trkpt lat="46.5811513" lon="9.4208434">
        <ele>1124.4</ele>
        <time>2026-09-15T19:02:42Z</time>
        <extensions>
          <gpxdata:distance>29251.98</gpxdata:distance>
          <gpxdata:speed>0.000</gpxdata:speed>
        </extensions>
      </trkpt>
      <trkpt lat="46.5811783" lon="9.4208174">
        <ele>1124.2</ele>
        <time>2026-09-15T19:02:46Z</time>
        <extensions>
          <gpxdata:distance>29255.58</gpxdata:distance>
          <gpxdata:speed>0.934</gpxdata:speed>
        </extensions>
      </trkpt>
      <trkpt lat="46.5812243" lon="9.4207934">
        <ele>1124.0</ele>
        <time>2026-09-15T19:02:51Z</time>
        <extensions>
          <gpxdata:distance>29261.01</gpxdata:distance>
          <gpxdata:speed>0.929</gpxdata:speed>
        </extensions>
      </trkpt>
      <trkpt lat="46.5812783" lon="9.4207564">
        <ele>1123.2</ele>
        <time>2026-09-15T19:02:59Z</time>
        <extensions>
          <gpxdata:distance>29267.65</gpxdata:distance>
          <gpxdata:speed>0.903</gpxdata:speed>
        </extensions>
      </trkpt>
      <trkpt lat="46.5813053" lon="9.4207574">
        <ele>1122.3</ele>
        <time>2026-09-15T19:03:02Z</time>
        <extensions>
          <gpxdata:distance>29270.65</gpxdata:distance>
          <gpxdata:speed>0.905</gpxdata:speed>
        </extensions>
      </trkpt>
      <trkpt lat="46.5813233" lon="9.4207714">
        <ele>1120.9</ele>
        <time>2026-09-15T19:03:05Z</time>
        <extensions>
          <gpxdata:distance>29272.92</gpxdata:distance>
          <gpxdata:speed>0.940</gpxdata:speed>
        </extensions>
      </trkpt>
      <trkpt lat="46.5813403" lon="9.4208234">
        <ele>1120.0</ele>
        <time>2026-09-15T19:03:09Z</time>
        <extensions>
          <gpxdata:distance>29277.32</gpxdata:distance>
          <gpxdata:speed>0.916</gpxdata:speed>
        </extensions>
      </trkpt>
      <trkpt lat="46.5813753" lon="9.4208774">
        <ele>1119.3</ele>
        <time>2026-09-15T19:03:15Z</time>
        <extensions>
          <gpxdata:distance>29282.99</gpxdata:distance>
          <gpxdata:speed>0.937</gpxdata:speed>
        </extensions>
      </trkpt>
      <trkpt lat="46.5813923" lon="9.4209304">
        <ele>1119.5</ele>
        <time>2026-09-15T19:03:20Z</time>
        <extensions>
          <gpxdata:distance>29287.46</gpxdata:distance>
          <gpxdata:speed>0.929</gpxdata:speed>
        </extensions>
      </trkpt>
      <trkpt lat="46.5814093" lon="9.4210224">
        <ele>1118.8</ele>
        <time>2026-09-15T19:03:28Z</time>
        <extensions>
          <gpxdata:distance>29294.75</gpxdata:distance>
          <gpxdata:speed>0.923</gpxdata:speed>
        </extensions>
      </trkpt>
      <trkpt lat="46.5814343" lon="9.4211144">
        <ele>1116.9</ele>
        <time>2026-09-15T19:03:36Z</time>
        <extensions>
          <gpxdata:distance>29302.31</gpxdata:distance>
          <gpxdata:speed>0.932</gpxdata:speed>
        </extensions>
      </trkpt>
      <trkpt lat="46.5814513" lon="9.4211804">
        <ele>1116.0</ele>
        <time>2026-09-15T19:03:42Z</time>
        <extensions>
          <gpxdata:distance>29307.69</gpxdata:distance>
          <gpxdata:speed>0.911</gpxdata:speed>
        </extensions>
      </trkpt>
      <trkpt lat="46.5814943" lon="9.4212734">
        <ele>1115.1</ele>
        <time>2026-09-15T19:03:51Z</time>
        <extensions>
          <gpxdata:distance>29316.26</gpxdata:distance>
          <gpxdata:speed>0.917</gpxdata:speed>
        </extensions>
      </trkpt>
      <trkpt lat="46.5815113" lon="9.4213784">
        <ele>1114.9</ele>
        <time>2026-09-15T19:04:00Z</time>
        <extensions>
          <gpxdata:distance>29324.50</gpxdata:distance>
          <gpxdata:speed>0.929</gpxdata:speed>
        </extensions>
      </trkpt>
      <trkpt lat="46.5815723" lon="9.4214844">
        <ele>1114.4</ele>
        <time>2026-09-15T19:04:12Z</time>
        <extensions>
          <gpxdata:distance>29335.07</gpxdata:distance>
          <gpxdata:speed>0.899</gpxdata:speed>
        </extensions>
      </trkpt>
      <trkpt lat="46.5816243" lon="9.4215524">
        <ele>1114.4</ele>
        <time>2026-09-15T19:04:21Z</time>
        <extensions>
          <gpxdata:distance>29342.84</gpxdata:distance>
          <gpxdata:speed>0.910</gpxdata:speed>
        </extensions>
      </trkpt>
      <trkpt lat="46.5816603" lon="9.4215534">
        <ele>1113.6</ele>
        <time>2026-09-15T19:04:25Z</time>
        <extensions>
          <gpxdata:distance>29346.85</gpxdata:distance>
          <gpxdata:speed>0.906</gpxdata:speed>
        </extensions>
      </trkpt>
      <trkpt lat="46.5817053" lon="9.4215554">
        <ele>1111.9</ele>
        <time>2026-09-15T19:04:31Z</time>
        <extensions>
          <gpxdata:distance>29351.85</gpxdata:distance>
          <gpxdata:speed>0.911</gpxdata:speed>
        </extensions>
      </trkpt>
      <trkpt lat="46.5817413" lon="9.4215824">
        <ele>1111.6</ele>
        <time>2026-09-15T19:04:36Z</time>
        <extensions>
          <gpxdata:distance>29356.36</gpxdata:distance>
          <gpxdata:speed>0.910</gpxdata:speed>
        </extensions>
      </trkpt>
      <trkpt lat="46.5817673" lon="9.4216354">
        <ele>1111.1</ele>
        <time>2026-09-15T19:04:41Z</time>
        <extensions>
          <gpxdata:distance>29361.33</gpxdata:distance>
          <gpxdata:speed>0.896</gpxdata:speed>
        </extensions>
      </trkpt>
      <trkpt lat="46.5817923" lon="9.4217274">
        <ele>1110.4</ele>
        <time>2026-09-15T19:04:49Z</time>
        <extensions>
          <gpxdata:distance>29368.89</gpxdata:distance>
          <gpxdata:speed>0.903</gpxdata:speed>
        </extensions>
      </trkpt>
      <trkpt lat="46.5818183" lon="9.4217944">
        <ele>1110.1</ele>
        <time>2026-09-15T19:04:56Z</time>
        <extensions>
          <gpxdata:distance>29374.78</gpxdata:distance>
          <gpxdata:speed>0.910</gpxdata:speed>
        </extensions>
      </trkpt>
      <trkpt lat="46.5818623" lon="9.4218474">
        <ele>1108.7</ele>
        <time>2026-09-15T19:05:03Z</time>
        <extensions>
          <gpxdata:distance>29381.13</gpxdata:distance>
          <gpxdata:speed>0.903</gpxdata:speed>
        </extensions>
      </trkpt>
      <trkpt lat="46.5818803" lon="9.4218744">
        <ele>1108.5</ele>
        <time>2026-09-15T19:05:06Z</time>
        <extensions>
          <gpxdata:distance>29384.00</gpxdata:distance>
          <gpxdata:speed>0.913</gpxdata:speed>
        </extensions>
      </trkpt>
      <trkpt lat="46.5818893" lon="9.4218744">
        <ele>1108.2</ele>
        <time>2026-09-15T19:05:07Z</time>
        <extensions>
          <gpxdata:distance>29385.00</gpxdata:distance>
          <gpxdata:speed>0.937</gpxdata:speed>
        </extensions>
      </trkpt>
      <trkpt lat="46.5818893" lon="9.4218484">
        <ele>1108.0</ele>
        <time>2026-09-15T19:05:09Z</time>
        <extensions>
          <gpxdata:distance>29386.99</gpxdata:distance>
          <gpxdata:speed>0.930</gpxdata:speed>
        </extensions>
      </trkpt>
      <trkpt lat="46.5818893" lon="9.4218484">
        <ele>1108.0</ele>
        <time>2026-09-15T19:05:09Z</time>
        <extensions>
          <gpxdata:distance>29386.99</gpxdata:distance>
          <gpxdata:speed>0.000</gpxdata:speed>
        </extensions>
      </trkpt>
      <trkpt lat="46.5818813" lon="9.4217834">
        <ele>1106.1</ele>
        <time>2026-09-15T19:05:15Z</time>
        <extensions>
          <gpxdata:distance>29392.04</gpxdata:distance>
          <gpxdata:speed>0.934</gpxdata:speed>
        </extensions>
      </trkpt>
      <trkpt lat="46.5818813" lon="9.4217834">
        <ele>1106.1</ele>
        <time>2026-09-15T19:05:15Z</time>
        <extensions>
          <gpxdata:distance>29392.04</gpxdata:distance>
          <gpxdata:speed>0.000</gpxdata:speed>
        </extensions>
      </trkpt>
      <trkpt lat="46.5818913" lon="9.4217574">
        <ele>1105.7</ele>
        <time>2026-09-15T19:05:17Z</time>
        <extensions>
          <gpxdata:distance>29394.31</gpxdata:distance>
          <gpxdata:speed>0.892</gpxdata:speed>
        </extensions>
      </trkpt>
      <trkpt lat="46.5819093" lon="9.4217324">
        <ele>1105.7</ele>
        <time>2026-09-15T19:05:20Z</time>
        <extensions>
          <gpxdata:distance>29397.08</gpxdata:distance>
          <gpxdata:speed>0.876</gpxdata:speed>
        </extensions>
      </trkpt>
      <trkpt lat="46.5819093" lon="9.4217324">
        <ele>1105.7</ele>
        <time>2026-09-15T19:05:20Z</time>
        <extensions>
          <gpxdata:distance>29397.08</gpxdata:distance>
          <gpxdata:speed>0.000</gpxdata:speed>
        </extensions>
      </trkpt>
      <trkpt lat="46.5818403" lon="9.4215724">
        <ele>1105.0</ele>
        <time>2026-09-15T19:05:36Z</time>
        <extensions>
          <gpxdata:distance>29411.52</gpxdata:distance>
          <gpxdata:speed>0.919</gpxdata:speed>
        </extensions>
      </trkpt>
      <trkpt lat="46.5818323" lon="9.4215204">
        <ele>1104.8</ele>
        <time>2026-09-15T19:05:41Z</time>
        <extensions>
          <gpxdata:distance>29415.59</gpxdata:distance>
          <gpxdata:speed>0.905</gpxdata:speed>
        </extensions>
      </trkpt>
      <trkpt lat="46.5818333" lon="9.4214814">
        <ele>1104.6</ele>
        <time>2026-09-15T19:05:44Z</time>
        <extensions>
          <gpxdata:distance>29418.57</gpxdata:distance>
          <gpxdata:speed>0.901</gpxdata:speed>
        </extensions>
      </trkpt>
      <trkpt lat="46.5818433" lon="9.4214294">
        <ele>1104.4</ele>
        <time>2026-09-15T19:05:49Z</time>
        <extensions>
          <gpxdata:distance>29422.70</gpxdata:distance>
          <gpxdata:speed>0.895</gpxdata:speed>
        </extensions>
      </trkpt>
      <trkpt lat="46.5818703" lon="9.4213914">
        <ele>1104.2</ele>
        <time>2026-09-15T19:05:53Z</time>
        <extensions>
          <gpxdata:distance>29426.88</gpxdata:distance>
          <gpxdata:speed>0.943</gpxdata:speed>
        </extensions>
      </trkpt>
      <trkpt lat="46.5819063" lon="9.4213794">
        <ele>1104.0</ele>
        <time>2026-09-15T19:05:57Z</time>
        <extensions>
          <gpxdata:distance>29430.98</gpxdata:distance>
          <gpxdata:speed>0.944</gpxdata:speed>
        </extensions>
      </trkpt>
      <trkpt lat="46.5819063" lon="9.4213794">
        <ele>1104.0</ele>
        <time>2026-09-15T19:05:57Z</time>
        <extensions>
          <gpxdata:distance>29430.98</gpxdata:distance>
          <gpxdata:speed>0.000</gpxdata:speed>
        </extensions>
      </trkpt>
      <trkpt lat="46.5819423" lon="9.4213944">
        <ele>1103.8</ele>
        <time>2026-09-15T19:06:02Z</time>
        <extensions>
          <gpxdata:distance>29435.15</gpxdata:distance>
          <gpxdata:speed>0.948</gpxdata:speed>
        </extensions>
      </trkpt>
      <trkpt lat="46.5819683" lon="9.4214344">
        <ele>1103.5</ele>
        <time>2026-09-15T19:06:06Z</time>
        <extensions>
          <gpxdata:distance>29439.35</gpxdata:distance>
          <gpxdata:speed>0.946</gpxdata:speed>
        </extensions>
      </trkpt>
      <trkpt lat="46.5820123" lon="9.4215144">
        <ele>1103.0</ele>
        <time>2026-09-15T19:06:14Z</time>
        <extensions>
          <gpxdata:distance>29447.18</gpxdata:distance>
          <gpxdata:speed>0.942</gpxdata:speed>
        </extensions>
      </trkpt>
    </trkseg>
  </trk>
</gpx>