<?xml version='1.0' encoding='utf-8'?>
<gpx xmlns="http://www.topografix.com/GPX/1/1" xmlns:gpxdata="http://www.cluetrust.com/XML/GPXDATA/1/0" version="1.1" creator="crawler">
  <wpt lat="46.7383843" lon="9.9613932">
    <ele>2481.4</ele>
    <time>2026-09-15T10:25:18Z</time>
    <name>1 km</name>
  </wpt>
  <wpt lat="46.7341781" lon="9.9525830">
    <ele>2644.9</ele>
    <time>2026-09-15T10:51:28Z</time>
    <name>2 km</name>
  </wpt>
  <wpt lat="46.7304890" lon="9.9443607">
    <ele>2877.4</ele>
    <time>2026-09-15T11:22:43Z</time>
    <name>3 km</name>
  </wpt>
  <wpt lat="46.7352359" lon="9.9417149">
    <ele>3123.6</ele>
    <time>2026-09-15T11:53:16Z</time>
    <name>4 km</name>
  </wpt>
  <wpt lat="46.7312790" lon="9.9436247">
    <ele>2921.0</ele>
    <time>2026-09-15T12:13:27Z</time>
    <name>5 km</name>
  </wpt>
  <wpt lat="46.7333211" lon="9.9518359">
    <ele>2664.7</ele>
    <time>2026-09-15T12:32:26Z</time>
    <name>6 km</name>
  </wpt>
  <wpt lat="46.7381812" lon="9.9596032">
    <ele>2499.4</ele>
    <time>2026-09-15T12:50:37Z</time>
    <name>7 km</name>
  </wpt>
  <wpt lat="46.7432902" lon="9.9625786">
    <ele>2345.1</ele>
    <time>2026-09-15T13:08:59Z</time>
    <name>8 km</name>
  </wpt>
  <trk>
    <name>792r Flüelapass - Flüelapass</name>
    <link href="https://schweizmobil.ch/fr/hiking-in-switzerland/route-792" />
    <type>hiking</type>
    <trkseg>
      <trkpt lat="46.7443372" lon="9.9616327">
        <ele>2330.6</ele>
        <time>2026-09-15T10:00:00Z</time>
        <extensions>
          <gpxdata:distance>0.00</gpxdata:distance>
          <gpxdata:speed>0.000</gpxdata:speed>
        </extensions>
      </trkpt>
      <trkpt lat="46.7442652" lon="9.9616297">
        <ele>2330.8</ele>
        <time>2026-09-15T10:00:10Z</time>
        <extensions>
          <gpxdata:distance>8.01</gpxdata:distance>
          <gpxdata:speed>0.774</gpxdata:speed>
        </extensions>
      </trkpt>
      <trkpt lat="46.7442372" lon="9.9616547">
        <ele>2331.5</ele>
        <time>2026-09-15T10:00:15Z</time>
        <extensions>
          <gpxdata:distance>11.66</gpxdata:distance>
          <gpxdata:speed>0.774</gpxdata:speed>
        </extensions>
      </trkpt>
      <trkpt lat="46.7442102" lon="9.9616927">
        <ele>2332.2</ele>
        <time>2026-09-15T10:00:20Z</time>
        <extensions>
          <gpxdata:distance>15.83</gpxdata:distance>
          <gpxdata:speed>0.774</gpxdata:speed>
        </extensions>
      </trkpt>
      <trkpt lat="46.7441912" lon="9.9617047">
        <ele>2332.3</ele>
        <time>2026-09-15T10:00:23Z</time>
        <extensions>
          <gpxdata:distance>18.13</gpxdata:distance>
          <gpxdata:speed>0.774</gpxdata:speed>
        </extensions>
      </trkpt>
      <trkpt lat="46.7441352" lon="9.9617937">
        <ele>2332.8</ele>
        <time>2026-09-15T10:00:35Z</time>
        <extensions>
          <gpxdata:distance>27.34</gpxdata:distance>
          <gpxdata:speed>0.774</gpxdata:speed>
        </extensions>
      </trkpt>
      <trkpt lat="46.7441172" lon="9.9618057">
        <ele>2333.0</ele>
        <time>2026-09-15T10:00:38Z</time>
        <extensions>
          <gpxdata:distance>29.54</gpxdata:distance>
          <gpxdata:speed>0.774</gpxdata:speed>
        </extensions>
      </trkpt>
      <trkpt lat="46.7440352" lon="9.9618547">
        <ele>2334.2</ele>
        <time>2026-09-15T10:00:51Z</time>
        <extensions>
          <gpxdata:distance>39.39</gpxdata:distance>
          <gpxdata:speed>0.774</gpxdata:speed>
        </extensions>
      </trkpt>
      <trkpt lat="46.7440072" lon="9.9618787">
        <ele>2334.6</ele>
        <time>2026-09-15T10:00:56Z</time>
        <extensions>
          <gpxdata:distance>43.00</gpxdata:distance>
          <gpxdata:speed>0.774</gpxdata:speed>
        </extensions>
      </trkpt>
      <trkpt lat="46.7439702" lon="9.9619297">
        <ele>2335.1</ele>
        <time>2026-09-15T10:01:03Z</time>
        <extensions>
          <gpxdata:distance>48.66</gpxdata:distance>
          <gpxdata:speed>0.774</gpxdata:speed>
        </extensions>
      </trkpt>
      <trkpt lat="46.7439432" lon="9.9619547">
        <ele>2335.3</ele>
        <time>2026-09-15T10:01:08Z</time>
        <extensions>
          <gpxdata:distance>52.22</gpxdata:distance>
          <gpxdata:speed>0.749</gpxdata:speed>
        </extensions>
      </trkpt>
      <trkpt lat="46.7439432" lon="9.9619547">
        <ele>2335.3</ele>
        <time>2026-09-15T10:01:08Z</time>
        <extensions>
          <gpxdata:distance>52.22</gpxdata:distance>
          <gpxdata:speed>0.000</gpxdata:speed>
        </extensions>
      </trkpt>
      <trkpt lat="46.7439162" lon="9.9619667">
        <ele>2335.6</ele>
        <time>2026-09-15T10:01:12Z</time>
        <extensions>
          <gpxdata:distance>55.36</gpxdata:distance>
          <gpxdata:speed>0.791</gpxdata:speed>
        </extensions>
      </trkpt>
      <trkpt lat="46.7438792" lon="9.9620037">
        <ele>2336.3</ele>
        <time>2026-09-15T10:01:18Z</time>
        <extensions>
          <gpxdata:distance>60.34</gpxdata:distance>
          <gpxdata:speed>0.768</gpxdata:speed>
        </extensions>
      </trkpt>
      <trkpt lat="46.7438422" lon="9.9620417">
        <ele>2337.0</ele>
        <time>2026-09-15T10:01:25Z</time>
        <extensions>
          <gpxdata:distance>65.38</gpxdata:distance>
          <gpxdata:speed>0.728</gpxdata:speed>
        </extensions>
      </trkpt>
      <trkpt lat="46.7438322" lon="9.9620807">
        <ele>2336.5</ele>
        <time>2026-09-15T10:01:29Z</time>
        <extensions>
          <gpxdata:distance>68.55</gpxdata:distance>
          <gpxdata:speed>0.781</gpxdata:speed>
        </extensions>
      </trkpt>
      <trkpt lat="46.7437592" lon="9.9621427">
        <ele>2338.2</ele>
        <time>2026-09-15T10:01:42Z</time>
        <extensions>
          <gpxdata:distance>77.94</gpxdata:distance>
          <gpxdata:speed>0.745</gpxdata:speed>
        </extensions>
      </trkpt>
      <trkpt lat="46.7436942" lon="9.9622046">
        <ele>2339.4</ele>
        <time>2026-09-15T10:01:54Z</time>
        <extensions>
          <gpxdata:distance>86.57</gpxdata:distance>
          <gpxdata:speed>0.729</gpxdata:speed>
        </extensions>
      </trkpt>
      <trkpt lat="46.7436292" lon="9.9622936">
        <ele>2340.6</ele>
        <time>2026-09-15T10:02:07Z</time>
        <extensions>
          <gpxdata:distance>96.48</gpxdata:distance>
          <gpxdata:speed>0.717</gpxdata:speed>
        </extensions>
      </trkpt>
      <trkpt lat="46.7435752" lon="9.9623166">
        <ele>2341.3</ele>
        <time>2026-09-15T10:02:16Z</time>
        <extensions>
          <gpxdata:distance>102.74</gpxdata:distance>
          <gpxdata:speed>0.707</gpxdata:speed>
        </extensions>
      </trkpt>
      <trkpt lat="46.7435192" lon="9.9623926">
        <ele>2342.0</ele>
        <time>2026-09-15T10:02:28Z</time>
        <extensions>
          <gpxdata:distance>111.24</gpxdata:distance>
          <gpxdata:speed>0.720</gpxdata:speed>
        </extensions>
      </trkpt>
      <trkpt lat="46.7434922" lon="9.9624046">
        <ele>2342.5</ele>
        <time>2026-09-15T10:02:32Z</time>
        <extensions>
          <gpxdata:distance>114.38</gpxdata:distance>
          <gpxdata:speed>0.712</gpxdata:speed>
        </extensions>
      </trkpt>
      <trkpt lat="46.7434462" lon="9.9624416">
        <ele>2343.4</ele>
        <time>2026-09-15T10:02:41Z</time>
        <extensions>
          <gpxdata:distance>120.22</gpxdata:distance>
          <gpxdata:speed>0.708</gpxdata:speed>
        </extensions>
      </trkpt>
      <trkpt lat="46.7434092" lon="9.9624666">
        <ele>2343.6</ele>
        <time>2026-09-15T10:02:47Z</time>
        <extensions>
          <gpxdata:distance>124.75</gpxdata:distance>
          <gpxdata:speed>0.726</gpxdata:speed>
        </extensions>
      </trkpt>
      <trkpt lat="46.7433542" lon="9.9625296">
        <ele>2344.1</ele>
        <time>2026-09-15T10:02:58Z</time>
        <extensions>
          <gpxdata:distance>132.53</gpxdata:distance>
          <gpxdata:speed>0.707</gpxdata:speed>
        </extensions>
      </trkpt>
      <trkpt lat="46.7432902" lon="9.9625786">
        <ele>2345.1</ele>
        <time>2026-09-15T10:03:09Z</time>
        <extensions>
          <gpxdata:distance>140.56</gpxdata:distance>
          <gpxdata:speed>0.729</gpxdata:speed>
        </extensions>
      </trkpt>
      <trkpt lat="46.7432352" lon="9.9626416">
        <ele>2345.5</ele>
        <time>2026-09-15T10:03:19Z</time>
        <extensions>
          <gpxdata:distance>148.34</gpxdata:distance>
          <gpxdata:speed>0.757</gpxdata:speed>
        </extensions>
      </trkpt>
      <trkpt lat="46.7431262" lon="9.9626496">
        <ele>2347.2</ele>
        <time>2026-09-15T10:03:35Z</time>
        <extensions>
          <gpxdata:distance>160.47</gpxdata:distance>
          <gpxdata:speed>0.746</gpxdata:speed>
        </extensions>
      </trkpt>
      <trkpt lat="46.7430382" lon="9.9625796">
        <ele>2348.2</ele>
        <time>2026-09-15T10:03:50Z</time>
        <extensions>
          <gpxdata:distance>171.62</gpxdata:distance>
          <gpxdata:speed>0.753</gpxdata:speed>
        </extensions>
      </trkpt>
      <trkpt lat="46.7429832" lon="9.9626036">
        <ele>2348.8</ele>
        <time>2026-09-15T10:03:59Z</time>
        <extensions>
          <gpxdata:distance>178.00</gpxdata:distance>
          <gpxdata:speed>0.749</gpxdata:speed>
        </extensions>
      </trkpt>
      <trkpt lat="46.7429572" lon="9.9625896">
        <ele>2349.5</ele>
        <time>2026-09-15T10:04:03Z</time>
        <extensions>
          <gpxdata:distance>181.08</gpxdata:distance>
          <gpxdata:speed>0.742</gpxdata:speed>
        </extensions>
      </trkpt>
      <trkpt lat="46.7429122" lon="9.9625876">
        <ele>2350.1</ele>
        <time>2026-09-15T10:04:10Z</time>
        <extensions>
          <gpxdata:distance>186.09</gpxdata:distance>
          <gpxdata:speed>0.750</gpxdata:speed>
        </extensions>
      </trkpt>
      <trkpt lat="46.7428292" lon="9.9626486">
        <ele>2351.4</ele>
        <time>2026-09-15T10:04:24Z</time>
        <extensions>
          <gpxdata:distance>196.42</gpxdata:distance>
          <gpxdata:speed>0.732</gpxdata:speed>
        </extensions>
      </trkpt>
      <trkpt lat="46.7427752" lon="9.9626725">
        <ele>2352.4</ele>
        <time>2026-09-15T10:04:33Z</time>
        <extensions>
          <gpxdata:distance>202.70</gpxdata:distance>
          <gpxdata:speed>0.709</gpxdata:speed>
        </extensions>
      </trkpt>
      <trkpt lat="46.7427112" lon="9.9626955">
        <ele>2353.4</ele>
        <time>2026-09-15T10:04:43Z</time>
        <extensions>
          <gpxdata:distance>210.03</gpxdata:distance>
          <gpxdata:speed>0.706</gpxdata:speed>
        </extensions>
      </trkpt>
      <trkpt lat="46.7426302" lon="9.9627045">
        <ele>2354.4</ele>
        <time>2026-09-15T10:04:56Z</time>
        <extensions>
          <gpxdata:distance>219.06</gpxdata:distance>
          <gpxdata:speed>0.690</gpxdata:speed>
        </extensions>
      </trkpt>
      <trkpt lat="46.7425772" lon="9.9626895">
        <ele>2355.4</ele>
        <time>2026-09-15T10:05:05Z</time>
        <extensions>
          <gpxdata:distance>225.06</gpxdata:distance>
          <gpxdata:speed>0.687</gpxdata:speed>
        </extensions>
      </trkpt>
      <trkpt lat="46.7425232" lon="9.9626865">
        <ele>2356.0</ele>
        <time>2026-09-15T10:05:14Z</time>
        <extensions>
          <gpxdata:distance>231.07</gpxdata:distance>
          <gpxdata:speed>0.677</gpxdata:speed>
        </extensions>
      </trkpt>
      <trkpt lat="46.7424232" lon="9.9627085">
        <ele>2356.9</ele>
        <time>2026-09-15T10:05:30Z</time>
        <extensions>
          <gpxdata:distance>242.32</gpxdata:distance>
          <gpxdata:speed>0.690</gpxdata:speed>
        </extensions>
      </trkpt>
      <trkpt lat="46.7423232" lon="9.9627685">
        <ele>2358.0</ele>
        <time>2026-09-15T10:05:47Z</time>
        <extensions>
          <gpxdata:distance>254.34</gpxdata:distance>
          <gpxdata:speed>0.714</gpxdata:speed>
        </extensions>
      </trkpt>
      <trkpt lat="46.7422132" lon="9.9628295">
        <ele>2360.3</ele>
        <time>2026-09-15T10:06:06Z</time>
        <extensions>
          <gpxdata:distance>267.42</gpxdata:distance>
          <gpxdata:speed>0.691</gpxdata:speed>
        </extensions>
      </trkpt>
      <trkpt lat="46.7421592" lon="9.9628655">
        <ele>2361.6</ele>
        <time>2026-09-15T10:06:16Z</time>
        <extensions>
          <gpxdata:distance>274.03</gpxdata:distance>
          <gpxdata:speed>0.676</gpxdata:speed>
        </extensions>
      </trkpt>
      <trkpt lat="46.7421303" lon="9.9629175">
        <ele>2361.6</ele>
        <time>2026-09-15T10:06:23Z</time>
        <extensions>
          <gpxdata:distance>279.13</gpxdata:distance>
          <gpxdata:speed>0.704</gpxdata:speed>
        </extensions>
      </trkpt>
      <trkpt lat="46.7420393" lon="9.9629915">
        <ele>2362.9</ele>
        <time>2026-09-15T10:06:39Z</time>
        <extensions>
          <gpxdata:distance>290.71</gpxdata:distance>
          <gpxdata:speed>0.710</gpxdata:speed>
        </extensions>
      </trkpt>
      <trkpt lat="46.7419843" lon="9.9630285">
        <ele>2363.9</ele>
        <time>2026-09-15T10:06:49Z</time>
        <extensions>
          <gpxdata:distance>297.45</gpxdata:distance>
          <gpxdata:speed>0.701</gpxdata:speed>
        </extensions>
      </trkpt>
      <trkpt lat="46.7419373" lon="9.9631045">
        <ele>2364.9</ele>
        <time>2026-09-15T10:07:00Z</time>
        <extensions>
          <gpxdata:distance>305.25</gpxdata:distance>
          <gpxdata:speed>0.708</gpxdata:speed>
        </extensions>
      </trkpt>
      <trkpt lat="46.7419103" lon="9.9631295">
        <ele>2365.3</ele>
        <time>2026-09-15T10:07:05Z</time>
        <extensions>
          <gpxdata:distance>308.80</gpxdata:distance>
          <gpxdata:speed>0.705</gpxdata:speed>
        </extensions>
      </trkpt>
      <trkpt lat="46.7418743" lon="9.9631275">
        <ele>2365.8</ele>
        <time>2026-09-15T10:07:11Z</time>
        <extensions>
          <gpxdata:distance>312.81</gpxdata:distance>
          <gpxdata:speed>0.689</gpxdata:speed>
        </extensions>
      </trkpt>
      <trkpt lat="46.7418203" lon="9.9630985">
        <ele>2366.6</ele>
        <time>2026-09-15T10:07:20Z</time>
        <extensions>
          <gpxdata:distance>319.21</gpxdata:distance>
          <gpxdata:speed>0.673</gpxdata:speed>
        </extensions>
      </trkpt>
      <trkpt lat="46.7417663" lon="9.9631354">
        <ele>2367.0</ele>
        <time>2026-09-15T10:07:29Z</time>
        <extensions>
          <gpxdata:distance>325.84</gpxdata:distance>
          <gpxdata:speed>0.718</gpxdata:speed>
        </extensions>
      </trkpt>
      <trkpt lat="46.7417023" lon="9.9631454">
        <ele>2367.8</ele>
        <time>2026-09-15T10:07:39Z</time>
        <extensions>
          <gpxdata:distance>332.99</gpxdata:distance>
          <gpxdata:speed>0.741</gpxdata:speed>
        </extensions>
      </trkpt>
      <trkpt lat="46.7416573" lon="9.9631694">
        <ele>2368.3</ele>
        <time>2026-09-15T10:07:46Z</time>
        <extensions>
          <gpxdata:distance>338.32</gpxdata:distance>
          <gpxdata:speed>0.721</gpxdata:speed>
        </extensions>
      </trkpt>
      <trkpt lat="46.7416213" lon="9.9631814">
        <ele>2368.7</ele>
        <time>2026-09-15T10:07:52Z</time>
        <extensions>
          <gpxdata:distance>342.43</gpxdata:distance>
          <gpxdata:speed>0.724</gpxdata:speed>
        </extensions>
      </trkpt>
      <trkpt lat="46.7415493" lon="9.9631774">
        <ele>2369.4</ele>
        <time>2026-09-15T10:08:03Z</time>
        <extensions>
          <gpxdata:distance>350.44</gpxdata:distance>
          <gpxdata:speed>0.744</gpxdata:speed>
        </extensions>
      </trkpt>
      <trkpt lat="46.7414763" lon="9.9632134">
        <ele>2370.2</ele>
        <time>2026-09-15T10:08:14Z</time>
        <extensions>
          <gpxdata:distance>359.01</gpxdata:distance>
          <gpxdata:speed>0.758</gpxdata:speed>
        </extensions>
      </trkpt>
      <trkpt lat="46.7413853" lon="9.9632744">
        <ele>2371.1</ele>
        <time>2026-09-15T10:08:29Z</time>
        <extensions>
          <gpxdata:distance>370.14</gpxdata:distance>
          <gpxdata:speed>0.768</gpxdata:speed>
        </extensions>
      </trkpt>
      <trkpt lat="46.7413383" lon="9.9633254">
        <ele>2371.5</ele>
        <time>2026-09-15T10:08:37Z</time>
        <extensions>
          <gpxdata:distance>376.66</gpxdata:distance>
          <gpxdata:speed>0.782</gpxdata:speed>
        </extensions>
      </trkpt>
      <trkpt lat="46.7412383" lon="9.9633724">
        <ele>2372.8</ele>
        <time>2026-09-15T10:08:52Z</time>
        <extensions>
          <gpxdata:distance>388.34</gpxdata:distance>
          <gpxdata:speed>0.781</gpxdata:speed>
        </extensions>
      </trkpt>
      <trkpt lat="46.7411393" lon="9.9633684">
        <ele>2374.9</ele>
        <time>2026-09-15T10:09:07Z</time>
        <extensions>
          <gpxdata:distance>399.35</gpxdata:distance>
          <gpxdata:speed>0.735</gpxdata:speed>
        </extensions>
      </trkpt>
      <trkpt lat="46.7410213" lon="9.9634544">
        <ele>2376.9</ele>
        <time>2026-09-15T10:09:27Z</time>
        <extensions>
          <gpxdata:distance>414.02</gpxdata:distance>
          <gpxdata:speed>0.723</gpxdata:speed>
        </extensions>
      </trkpt>
      <trkpt lat="46.7409473" lon="9.9635164">
        <ele>2378.2</ele>
        <time>2026-09-15T10:09:40Z</time>
        <extensions>
          <gpxdata:distance>423.51</gpxdata:distance>
          <gpxdata:speed>0.714</gpxdata:speed>
        </extensions>
      </trkpt>
      <trkpt lat="46.7408743" lon="9.9635914">
        <ele>2379.6</ele>
        <time>2026-09-15T10:09:54Z</time>
        <extensions>
          <gpxdata:distance>433.43</gpxdata:distance>
          <gpxdata:speed>0.705</gpxdata:speed>
        </extensions>
      </trkpt>
      <trkpt lat="46.7408193" lon="9.9636283">
        <ele>2380.9</ele>
        <time>2026-09-15T10:10:04Z</time>
        <extensions>
          <gpxdata:distance>440.16</gpxdata:distance>
          <gpxdata:speed>0.684</gpxdata:speed>
        </extensions>
      </trkpt>
      <trkpt lat="46.7407643" lon="9.9636643">
        <ele>2382.1</ele>
        <time>2026-09-15T10:10:14Z</time>
        <extensions>
          <gpxdata:distance>446.87</gpxdata:distance>
          <gpxdata:speed>0.666</gpxdata:speed>
        </extensions>
      </trkpt>
      <trkpt lat="46.7407003" lon="9.9637143">
        <ele>2384.0</ele>
        <time>2026-09-15T10:10:27Z</time>
        <extensions>
          <gpxdata:distance>454.94</gpxdata:distance>
          <gpxdata:speed>0.631</gpxdata:speed>
        </extensions>
      </trkpt>
      <trkpt lat="46.7406543" lon="9.9637643">
        <ele>2384.5</ele>
        <time>2026-09-15T10:10:37Z</time>
        <extensions>
          <gpxdata:distance>461.32</gpxdata:distance>
          <gpxdata:speed>0.632</gpxdata:speed>
        </extensions>
      </trkpt>
      <trkpt lat="46.7406173" lon="9.9637753">
        <ele>2385.6</ele>
        <time>2026-09-15T10:10:44Z</time>
        <extensions>
          <gpxdata:distance>465.52</gpxdata:distance>
          <gpxdata:speed>0.636</gpxdata:speed>
        </extensions>
      </trkpt>
      <trkpt lat="46.7405533" lon="9.9638383">
        <ele>2387.3</ele>
        <time>2026-09-15T10:10:57Z</time>
        <extensions>
          <gpxdata:distance>474.10</gpxdata:distance>
          <gpxdata:speed>0.636</gpxdata:speed>
        </extensions>
      </trkpt>
      <trkpt lat="46.7405253" lon="9.9638763">
        <ele>2387.8</ele>
        <time>2026-09-15T10:11:04Z</time>
        <extensions>
          <gpxdata:distance>478.35</gpxdata:distance>
          <gpxdata:speed>0.637</gpxdata:speed>
        </extensions>
      </trkpt>
      <trkpt lat="46.7404793" lon="9.9639523">
        <ele>2388.9</ele>
        <time>2026-09-15T10:11:16Z</time>
        <extensions>
          <gpxdata:distance>486.08</gpxdata:distance>
          <gpxdata:speed>0.638</gpxdata:speed>
        </extensions>
      </trkpt>
      <trkpt lat="46.7404323" lon="9.9640153">
        <ele>2390.1</ele>
        <time>2026-09-15T10:11:27Z</time>
        <extensions>
          <gpxdata:distance>493.18</gpxdata:distance>
          <gpxdata:speed>0.640</gpxdata:speed>
        </extensions>
      </trkpt>
      <trkpt lat="46.7404233" lon="9.9640153">
        <ele>2390.3</ele>
        <time>2026-09-15T10:11:29Z</time>
        <extensions>
          <gpxdata:distance>494.18</gpxdata:distance>
          <gpxdata:speed>0.639</gpxdata:speed>
        </extensions>
      </trkpt>
      <trkpt lat="46.7404233" lon="9.9640023">
        <ele>2390.6</ele>
        <time>2026-09-15T10:11:30Z</time>
        <extensions>
          <gpxdata:distance>495.17</gpxdata:distance>
          <gpxdata:speed>0.640</gpxdata:speed>
        </extensions>
      </trkpt>
      <trkpt lat="46.7404523" lon="9.9639383">
        <ele>2391.7</ele>
        <time>2026-09-15T10:11:40Z</time>
        <extensions>
          <gpxdata:distance>501.01</gpxdata:distance>
          <gpxdata:speed>0.637</gpxdata:speed>
        </extensions>
      </trkpt>
      <trkpt lat="46.7404523" lon="9.9639253">
        <ele>2392.0</ele>
        <time>2026-09-15T10:11:41Z</time>
        <extensions>
          <gpxdata:distance>502.00</gpxdata:distance>
          <gpxdata:speed>0.643</gpxdata:speed>
        </extensions>
      </trkpt>
      <trkpt lat="46.7404533" lon="9.9638983">
        <ele>2392.5</ele>
        <time>2026-09-15T10:11:44Z</time>
        <extensions>
          <gpxdata:distance>504.06</gpxdata:distance>
          <gpxdata:speed>0.641</gpxdata:speed>
        </extensions>
      </trkpt>
      <trkpt lat="46.7404633" lon="9.9638203">
        <ele>2393.1</ele>
        <time>2026-09-15T10:11:54Z</time>
        <extensions>
          <gpxdata:distance>510.11</gpxdata:distance>
          <gpxdata:speed>0.634</gpxdata:speed>
        </extensions>
      </trkpt>
      <trkpt lat="46.7404733" lon="9.9637953">
        <ele>2393.4</ele>
        <time>2026-09-15T10:11:57Z</time>
        <extensions>
          <gpxdata:distance>512.32</gpxdata:distance>
          <gpxdata:speed>0.636</gpxdata:speed>
        </extensions>
      </trkpt>
      <trkpt lat="46.7404833" lon="9.9637433">
        <ele>2394.2</ele>
        <time>2026-09-15T10:12:04Z</time>
        <extensions>
          <gpxdata:distance>516.43</gpxdata:distance>
          <gpxdata:speed>0.639</gpxdata:speed>
        </extensions>
      </trkpt>
      <trkpt lat="46.7404933" lon="9.9637043">
        <ele>2394.7</ele>
        <time>2026-09-15T10:12:09Z</time>
        <extensions>
          <gpxdata:distance>519.61</gpxdata:distance>
          <gpxdata:speed>0.639</gpxdata:speed>
        </extensions>
      </trkpt>
      <trkpt lat="46.7405223" lon="9.9636273">
        <ele>2395.6</ele>
        <time>2026-09-15T10:12:19Z</time>
        <extensions>
          <gpxdata:distance>526.30</gpxdata:distance>
          <gpxdata:speed>0.636</gpxdata:speed>
        </extensions>
      </trkpt>
      <trkpt lat="46.7405403" lon="9.9636013">
        <ele>2396.1</ele>
        <time>2026-09-15T10:12:24Z</time>
        <extensions>
          <gpxdata:distance>529.12</gpxdata:distance>
          <gpxdata:speed>0.635</gpxdata:speed>
        </extensions>
      </trkpt>
      <trkpt lat="46.7405603" lon="9.9635373">
        <ele>2396.9</ele>
        <time>2026-09-15T10:12:32Z</time>
        <extensions>
          <gpxdata:distance>534.48</gpxdata:distance>
          <gpxdata:speed>0.632</gpxdata:speed>
        </extensions>
      </trkpt>
      <trkpt lat="46.7405603" lon="9.9635113">
        <ele>2397.8</ele>
        <time>2026-09-15T10:12:35Z</time>
        <extensions>
          <gpxdata:distance>536.46</gpxdata:distance>
          <gpxdata:speed>0.637</gpxdata:speed>
        </extensions>
      </trkpt>
      <trkpt lat="46.7405513" lon="9.9635103">
        <ele>2398.3</ele>
        <time>2026-09-15T10:12:37Z</time>
        <extensions>
          <gpxdata:distance>537.46</gpxdata:distance>
          <gpxdata:speed>0.639</gpxdata:speed>
        </extensions>
      </trkpt>
      <trkpt lat="46.7404873" lon="9.9635863">
        <ele>2400.0</ele>
        <time>2026-09-15T10:12:51Z</time>
        <extensions>
          <gpxdata:distance>546.64</gpxdata:distance>
          <gpxdata:speed>0.645</gpxdata:speed>
        </extensions>
      </trkpt>
      <trkpt lat="46.7404413" lon="9.9636363">
        <ele>2400.3</ele>
        <time>2026-09-15T10:13:01Z</time>
        <extensions>
          <gpxdata:distance>553.02</gpxdata:distance>
          <gpxdata:speed>0.638</gpxdata:speed>
        </extensions>
      </trkpt>
      <trkpt lat="46.7403283" lon="9.9638403">
        <ele>2402.9</ele>
        <time>2026-09-15T10:13:33Z</time>
        <extensions>
          <gpxdata:distance>573.00</gpxdata:distance>
          <gpxdata:speed>0.632</gpxdata:speed>
        </extensions>
      </trkpt>
      <trkpt lat="46.7402903" lon="9.9639173">
        <ele>2404.4</ele>
        <time>2026-09-15T10:13:44Z</time>
        <extensions>
          <gpxdata:distance>580.23</gpxdata:distance>
          <gpxdata:speed>0.634</gpxdata:speed>
        </extensions>
      </trkpt>
      <trkpt lat="46.7402803" lon="9.9639563">
        <ele>2405.3</ele>
        <time>2026-09-15T10:13:49Z</time>
        <extensions>
          <gpxdata:distance>583.41</gpxdata:distance>
          <gpxdata:speed>0.638</gpxdata:speed>
        </extensions>
      </trkpt>
      <trkpt lat="46.7402803" lon="9.9639823">
        <ele>2405.7</ele>
        <time>2026-09-15T10:13:52Z</time>
        <extensions>
          <gpxdata:distance>585.39</gpxdata:distance>
          <gpxdata:speed>0.638</gpxdata:speed>
        </extensions>
      </trkpt>
      <trkpt lat="46.7402693" lon="9.9640863">
        <ele>2407.2</ele>
        <time>2026-09-15T10:14:05Z</time>
        <extensions>
          <gpxdata:distance>593.41</gpxdata:distance>
          <gpxdata:speed>0.639</gpxdata:speed>
        </extensions>
      </trkpt>
      <trkpt lat="46.7402593" lon="9.9640993">
        <ele>2407.6</ele>
        <time>2026-09-15T10:14:07Z</time>
        <extensions>
          <gpxdata:distance>594.90</gpxdata:distance>
          <gpxdata:speed>0.637</gpxdata:speed>
        </extensions>
      </trkpt>
      <trkpt lat="46.7402503" lon="9.9640983">
        <ele>2408.0</ele>
        <time>2026-09-15T10:14:09Z</time>
        <extensions>
          <gpxdata:distance>595.90</gpxdata:distance>
          <gpxdata:speed>0.636</gpxdata:speed>
        </extensions>
      </trkpt>
      <trkpt lat="46.7402513" lon="9.9640593">
        <ele>2408.4</ele>
        <time>2026-09-15T10:14:13Z</time>
        <extensions>
          <gpxdata:distance>598.87</gpxdata:distance>
          <gpxdata:speed>0.634</gpxdata:speed>
        </extensions>
      </trkpt>
      <trkpt lat="46.7402513" lon="9.9640463">
        <ele>2408.4</ele>
        <time>2026-09-15T10:14:15Z</time>
        <extensions>
          <gpxdata:distance>599.87</gpxdata:distance>
          <gpxdata:speed>0.639</gpxdata:speed>
        </extensions>
      </trkpt>
      <trkpt lat="46.7402153" lon="9.9640843">
        <ele>2409.7</ele>
        <time>2026-09-15T10:14:23Z</time>
        <extensions>
          <gpxdata:distance>604.81</gpxdata:distance>
          <gpxdata:speed>0.597</gpxdata:speed>
        </extensions>
      </trkpt>
      <trkpt lat="46.7401963" lon="9.9640963">
        <ele>2410.6</ele>
        <time>2026-09-15T10:14:27Z</time>
        <extensions>
          <gpxdata:distance>607.11</gpxdata:distance>
          <gpxdata:speed>0.534</gpxdata:speed>
        </extensions>
      </trkpt>
      <trkpt lat="46.7401603" lon="9.9641333">
        <ele>2411.9</ele>
        <time>2026-09-15T10:14:37Z</time>
        <extensions>
          <gpxdata:distance>612.00</gpxdata:distance>
          <gpxdata:speed>0.533</gpxdata:speed>
        </extensions>
      </trkpt>
      <trkpt lat="46.7401233" lon="9.9641713">
        <ele>2412.9</ele>
        <time>2026-09-15T10:14:46Z</time>
        <extensions>
          <gpxdata:distance>617.04</gpxdata:distance>
          <gpxdata:speed>0.546</gpxdata:speed>
        </extensions>
      </trkpt>
      <trkpt lat="46.7400953" lon="9.9641963">
        <ele>2413.8</ele>
        <time>2026-09-15T10:14:53Z</time>
        <extensions>
          <gpxdata:distance>620.69</gpxdata:distance>
          <gpxdata:speed>0.492</gpxdata:speed>
        </extensions>
      </trkpt>
      <trkpt lat="46.7400763" lon="9.9642343">
        <ele>2414.4</ele>
        <time>2026-09-15T10:15:00Z</time>
        <extensions>
          <gpxdata:distance>624.27</gpxdata:distance>
          <gpxdata:speed>0.531</gpxdata:speed>
        </extensions>
      </trkpt>
      <trkpt lat="46.7400493" lon="9.9642463">
        <ele>2415.5</ele>
        <time>2026-09-15T10:15:06Z</time>
        <extensions>
          <gpxdata:distance>627.41</gpxdata:distance>
          <gpxdata:speed>0.506</gpxdata:speed>
        </extensions>
      </trkpt>
      <trkpt lat="46.7400223" lon="9.9642583">
        <ele>2416.4</ele>
        <time>2026-09-15T10:15:13Z</time>
        <extensions>
          <gpxdata:distance>630.55</gpxdata:distance>
          <gpxdata:speed>0.461</gpxdata:speed>
        </extensions>
      </trkpt>
      <trkpt lat="46.7399763" lon="9.9642953">
        <ele>2418.1</ele>
        <time>2026-09-15T10:15:26Z</time>
        <extensions>
          <gpxdata:distance>636.39</gpxdata:distance>
          <gpxdata:speed>0.461</gpxdata:speed>
        </extensions>
      </trkpt>
      <trkpt lat="46.7399583" lon="9.9642943">
        <ele>2418.1</ele>
        <time>2026-09-15T10:15:30Z</time>
        <extensions>
          <gpxdata:distance>638.39</gpxdata:distance>
          <gpxdata:speed>0.461</gpxdata:speed>
        </extensions>
      </trkpt>
      <trkpt lat="46.7399413" lon="9.9642283">
        <ele>2420.8</ele>
        <time>2026-09-15T10:15:42Z</time>
        <extensions>
          <gpxdata:distance>643.76</gpxdata:distance>
          <gpxdata:speed>0.461</gpxdata:speed>
        </extensions>
      </trkpt>
      <trkpt lat="46.7399603" lon="9.9642163">
        <ele>2421.3</ele>
        <time>2026-09-15T10:15:47Z</time>
        <extensions>
          <gpxdata:distance>646.07</gpxdata:distance>
          <gpxdata:speed>0.461</gpxdata:speed>
        </extensions>
      </trkpt>
      <trkpt lat="46.7399873" lon="9.9641913">
        <ele>2421.9</ele>
        <time>2026-09-15T10:15:54Z</time>
        <extensions>
          <gpxdata:distance>649.62</gpxdata:distance>
          <gpxdata:speed>0.461</gpxdata:speed>
        </extensions>
      </trkpt>
      <trkpt lat="46.7399973" lon="9.9641653">
        <ele>2422.4</ele>
        <time>2026-09-15T10:15:59Z</time>
        <extensions>
          <gpxdata:distance>651.89</gpxdata:distance>
          <gpxdata:speed>0.461</gpxdata:speed>
        </extensions>
      </trkpt>
      <trkpt lat="46.7399993" lon="9.9640873">
        <ele>2424.1</ele>
        <time>2026-09-15T10:16:12Z</time>
        <extensions>
          <gpxdata:distance>657.84</gpxdata:distance>
          <gpxdata:speed>0.461</gpxdata:speed>
        </extensions>
      </trkpt>
      <trkpt lat="46.7400173" lon="9.9640483">
        <ele>2424.9</ele>
        <time>2026-09-15T10:16:20Z</time>
        <extensions>
          <gpxdata:distance>661.42</gpxdata:distance>
          <gpxdata:speed>0.461</gpxdata:speed>
        </extensions>
      </trkpt>
      <trkpt lat="46.7400363" lon="9.9640103">
        <ele>2426.8</ele>
        <time>2026-09-15T10:16:28Z</time>
        <extensions>
          <gpxdata:distance>665.01</gpxdata:distance>
          <gpxdata:speed>0.461</gpxdata:speed>
        </extensions>
      </trkpt>
      <trkpt lat="46.7400373" lon="9.9639973">
        <ele>2426.8</ele>
        <time>2026-09-15T10:16:30Z</time>
        <extensions>
          <gpxdata:distance>666.01</gpxdata:distance>
          <gpxdata:speed>0.461</gpxdata:speed>
        </extensions>
      </trkpt>
      <trkpt lat="46.7399833" lon="9.9639943">
        <ele>2428.8</ele>
        <time>2026-09-15T10:16:43Z</time>
        <extensions>
          <gpxdata:distance>672.01</gpxdata:distance>
          <gpxdata:speed>0.461</gpxdata:speed>
        </extensions>
      </trkpt>
      <trkpt lat="46.7399373" lon="9.9640053">
        <ele>2430.7</ele>
        <time>2026-09-15T10:16:54Z</time>
        <extensions>
          <gpxdata:distance>677.20</gpxdata:distance>
          <gpxdata:speed>0.461</gpxdata:speed>
        </extensions>
      </trkpt>
      <trkpt lat="46.7399283" lon="9.9640053">
        <ele>2431.3</ele>
        <time>2026-09-15T10:16:56Z</time>
        <extensions>
          <gpxdata:distance>678.20</gpxdata:distance>
          <gpxdata:speed>0.461</gpxdata:speed>
        </extensions>
      </trkpt>
      <trkpt lat="46.7399293" lon="9.9639663">
        <ele>2432.1</ele>
        <time>2026-09-15T10:17:03Z</time>
        <extensions>
          <gpxdata:distance>681.17</gpxdata:distance>
          <gpxdata:speed>0.461</gpxdata:speed>
        </extensions>
      </trkpt>
      <trkpt lat="46.7399113" lon="9.9639783">
        <ele>2432.9</ele>
        <time>2026-09-15T10:17:08Z</time>
        <extensions>
          <gpxdata:distance>683.37</gpxdata:distance>
          <gpxdata:speed>0.461</gpxdata:speed>
        </extensions>
      </trkpt>
      <trkpt lat="46.7399023" lon="9.9639643">
        <ele>2433.2</ele>
        <time>2026-09-15T10:17:11Z</time>
        <extensions>
          <gpxdata:distance>684.84</gpxdata:distance>
          <gpxdata:speed>0.461</gpxdata:speed>
        </extensions>
      </trkpt>
      <trkpt lat="46.7399123" lon="9.9639393">
        <ele>2434.0</ele>
        <time>2026-09-15T10:17:15Z</time>
        <extensions>
          <gpxdata:distance>687.04</gpxdata:distance>
          <gpxdata:speed>0.461</gpxdata:speed>
        </extensions>
      </trkpt>
      <trkpt lat="46.7399303" lon="9.9639133">
        <ele>2434.6</ele>
        <time>2026-09-15T10:17:22Z</time>
        <extensions>
          <gpxdata:distance>689.86</gpxdata:distance>
          <gpxdata:speed>0.461</gpxdata:speed>
        </extensions>
      </trkpt>
      <trkpt lat="46.7399763" lon="9.9638763">
        <ele>2435.4</ele>
        <time>2026-09-15T10:17:34Z</time>
        <extensions>
          <gpxdata:distance>695.70</gpxdata:distance>
          <gpxdata:speed>0.461</gpxdata:speed>
        </extensions>
      </trkpt>
      <trkpt lat="46.7399763" lon="9.9638633">
        <ele>2435.7</ele>
        <time>2026-09-15T10:17:36Z</time>
        <extensions>
          <gpxdata:distance>696.69</gpxdata:distance>
          <gpxdata:speed>0.461</gpxdata:speed>
        </extensions>
      </trkpt>
      <trkpt lat="46.7399773" lon="9.9638503">
        <ele>2436.5</ele>
        <time>2026-09-15T10:17:39Z</time>
        <extensions>
          <gpxdata:distance>697.69</gpxdata:distance>
          <gpxdata:speed>0.461</gpxdata:speed>
        </extensions>
      </trkpt>
      <trkpt lat="46.7399323" lon="9.9638613">
        <ele>2437.3</ele>
        <time>2026-09-15T10:17:49Z</time>
        <extensions>
          <gpxdata:distance>702.76</gpxdata:distance>
          <gpxdata:speed>0.483</gpxdata:speed>
        </extensions>
      </trkpt>
      <trkpt lat="46.7398953" lon="9.9638853">
        <ele>2437.1</ele>
        <time>2026-09-15T10:17:56Z</time>
        <extensions>
          <gpxdata:distance>707.26</gpxdata:distance>
          <gpxdata:speed>0.646</gpxdata:speed>
        </extensions>
      </trkpt>
      <trkpt lat="46.7398043" lon="9.9639333">
        <ele>2439.3</ele>
        <time>2026-09-15T10:18:13Z</time>
        <extensions>
          <gpxdata:distance>718.02</gpxdata:distance>
          <gpxdata:speed>0.643</gpxdata:speed>
        </extensions>
      </trkpt>
      <trkpt lat="46.7397313" lon="9.9639563">
        <ele>2440.4</ele>
        <time>2026-09-15T10:18:26Z</time>
        <extensions>
          <gpxdata:distance>726.33</gpxdata:distance>
          <gpxdata:speed>0.639</gpxdata:speed>
        </extensions>
      </trkpt>
      <trkpt lat="46.7396773" lon="9.9639543">
        <ele>2440.7</ele>
        <time>2026-09-15T10:18:35Z</time>
        <extensions>
          <gpxdata:distance>732.33</gpxdata:distance>
          <gpxdata:speed>0.635</gpxdata:speed>
        </extensions>
      </trkpt>
      <trkpt lat="46.7396323" lon="9.9639653">
        <ele>2441.2</ele>
        <time>2026-09-15T10:18:43Z</time>
        <extensions>
          <gpxdata:distance>737.41</gpxdata:distance>
          <gpxdata:speed>0.658</gpxdata:speed>
        </extensions>
      </trkpt>
      <trkpt lat="46.7395513" lon="9.9639613">
        <ele>2441.9</ele>
        <time>2026-09-15T10:18:56Z</time>
        <extensions>
          <gpxdata:distance>746.42</gpxdata:distance>
          <gpxdata:speed>0.684</gpxdata:speed>
        </extensions>
      </trkpt>
      <trkpt lat="46.7394803" lon="9.9639443">
        <ele>2443.9</ele>
        <time>2026-09-15T10:19:08Z</time>
        <extensions>
          <gpxdata:distance>754.42</gpxdata:distance>
          <gpxdata:speed>0.650</gpxdata:speed>
        </extensions>
      </trkpt>
      <trkpt lat="46.7394003" lon="9.9638753">
        <ele>2445.8</ele>
        <time>2026-09-15T10:19:24Z</time>
        <extensions>
          <gpxdata:distance>764.75</gpxdata:distance>
          <gpxdata:speed>0.658</gpxdata:speed>
        </extensions>
      </trkpt>
      <trkpt lat="46.7393923" lon="9.9638363">
        <ele>2446.3</ele>
        <time>2026-09-15T10:19:29Z</time>
        <extensions>
          <gpxdata:distance>767.85</gpxdata:distance>
          <gpxdata:speed>0.659</gpxdata:speed>
        </extensions>
      </trkpt>
      <trkpt lat="46.7394193" lon="9.9638373">
        <ele>2447.2</ele>
        <time>2026-09-15T10:19:34Z</time>
        <extensions>
          <gpxdata:distance>770.86</gpxdata:distance>
          <gpxdata:speed>0.634</gpxdata:speed>
        </extensions>
      </trkpt>
      <trkpt lat="46.7394113" lon="9.9638103">
        <ele>2448.2</ele>
        <time>2026-09-15T10:19:37Z</time>
        <extensions>
          <gpxdata:distance>773.10</gpxdata:distance>
          <gpxdata:speed>0.635</gpxdata:speed>
        </extensions>
      </trkpt>
      <trkpt lat="46.7393323" lon="9.9637023">
        <ele>2450.6</ele>
        <time>2026-09-15T10:19:56Z</time>
        <extensions>
          <gpxdata:distance>785.14</gpxdata:distance>
          <gpxdata:speed>0.639</gpxdata:speed>
        </extensions>
      </trkpt>
      <trkpt lat="46.7392353" lon="9.9636063">
        <ele>2454.0</ele>
        <time>2026-09-15T10:20:16Z</time>
        <extensions>
          <gpxdata:distance>798.17</gpxdata:distance>
          <gpxdata:speed>0.641</gpxdata:speed>
        </extensions>
      </trkpt>
      <trkpt lat="46.7391563" lon="9.9635372">
        <ele>2455.4</ele>
        <time>2026-09-15T10:20:32Z</time>
        <extensions>
          <gpxdata:distance>808.41</gpxdata:distance>
          <gpxdata:speed>0.649</gpxdata:speed>
        </extensions>
      </trkpt>
      <trkpt lat="46.7390953" lon="9.9634422">
        <ele>2457.8</ele>
        <time>2026-09-15T10:20:49Z</time>
        <extensions>
          <gpxdata:distance>818.33</gpxdata:distance>
          <gpxdata:speed>0.570</gpxdata:speed>
        </extensions>
      </trkpt>
      <trkpt lat="46.7390333" lon="9.9633872">
        <ele>2459.1</ele>
        <time>2026-09-15T10:21:03Z</time>
        <extensions>
          <gpxdata:distance>826.40</gpxdata:distance>
          <gpxdata:speed>0.607</gpxdata:speed>
        </extensions>
      </trkpt>
      <trkpt lat="46.7390333" lon="9.9633872">
        <ele>2459.1</ele>
        <time>2026-09-15T10:21:03Z</time>
        <extensions>
          <gpxdata:distance>826.40</gpxdata:distance>
          <gpxdata:speed>0.000</gpxdata:speed>
        </extensions>
      </trkpt>
      <trkpt lat="46.7389993" lon="9.9632942">
        <ele>2460.1</ele>
        <time>2026-09-15T10:21:16Z</time>
        <extensions>
          <gpxdata:distance>834.43</gpxdata:distance>
          <gpxdata:speed>0.622</gpxdata:speed>
        </extensions>
      </trkpt>
      <trkpt lat="46.7389493" lon="9.9631212">
        <ele>2461.2</ele>
        <time>2026-09-15T10:21:38Z</time>
        <extensions>
          <gpxdata:distance>848.74</gpxdata:distance>
          <gpxdata:speed>0.641</gpxdata:speed>
        </extensions>
      </trkpt>
      <trkpt lat="46.7389053" lon="9.9630672">
        <ele>2461.8</ele>
        <time>2026-09-15T10:21:48Z</time>
        <extensions>
          <gpxdata:distance>855.13</gpxdata:distance>
          <gpxdata:speed>0.636</gpxdata:speed>
        </extensions>
      </trkpt>
      <trkpt lat="46.7388653" lon="9.9628552">
        <ele>2464.0</ele>
        <time>2026-09-15T10:22:15Z</time>
        <extensions>
          <gpxdata:distance>871.89</gpxdata:distance>
          <gpxdata:speed>0.632</gpxdata:speed>
        </extensions>
      </trkpt>
      <trkpt lat="46.7388493" lon="9.9627762">
        <ele>2464.6</ele>
        <time>2026-09-15T10:22:24Z</time>
        <extensions>
          <gpxdata:distance>878.17</gpxdata:distance>
          <gpxdata:speed>0.674</gpxdata:speed>
        </extensions>
      </trkpt>
      <trkpt lat="46.7388223" lon="9.9627352">
        <ele>2464.6</ele>
        <time>2026-09-15T10:22:30Z</time>
        <extensions>
          <gpxdata:distance>882.50</gpxdata:distance>
          <gpxdata:speed>0.694</gpxdata:speed>
        </extensions>
      </trkpt>
      <trkpt lat="46.7388063" lon="9.9626822">
        <ele>2464.8</ele>
        <time>2026-09-15T10:22:36Z</time>
        <extensions>
          <gpxdata:distance>886.91</gpxdata:distance>
          <gpxdata:speed>0.749</gpxdata:speed>
        </extensions>
      </trkpt>
      <trkpt lat="46.7387983" lon="9.9626032">
        <ele>2465.7</ele>
        <time>2026-09-15T10:22:44Z</time>
        <extensions>
          <gpxdata:distance>893.00</gpxdata:distance>
          <gpxdata:speed>0.756</gpxdata:speed>
        </extensions>
      </trkpt>
      <trkpt lat="46.7387733" lon="9.9625502">
        <ele>2466.3</ele>
        <time>2026-09-15T10:22:51Z</time>
        <extensions>
          <gpxdata:distance>897.90</gpxdata:distance>
          <gpxdata:speed>0.752</gpxdata:speed>
        </extensions>
      </trkpt>
      <trkpt lat="46.7387393" lon="9.9624572">
        <ele>2466.9</ele>
        <time>2026-09-15T10:23:01Z</time>
        <extensions>
          <gpxdata:distance>905.93</gpxdata:distance>
          <gpxdata:speed>0.767</gpxdata:speed>
        </extensions>
      </trkpt>
      <trkpt lat="46.7387043" lon="9.9623902">
        <ele>2467.8</ele>
        <time>2026-09-15T10:23:10Z</time>
        <extensions>
          <gpxdata:distance>912.35</gpxdata:distance>
          <gpxdata:speed>0.745</gpxdata:speed>
        </extensions>
      </trkpt>
      <trkpt lat="46.7386963" lon="9.9623502">
        <ele>2468.6</ele>
        <time>2026-09-15T10:23:14Z</time>
        <extensions>
          <gpxdata:distance>915.53</gpxdata:distance>
          <gpxdata:speed>0.723</gpxdata:speed>
        </extensions>
      </trkpt>
      <trkpt lat="46.7386623" lon="9.9622442">
        <ele>2469.9</ele>
        <time>2026-09-15T10:23:26Z</time>
        <extensions>
          <gpxdata:distance>924.45</gpxdata:distance>
          <gpxdata:speed>0.724</gpxdata:speed>
        </extensions>
      </trkpt>
      <trkpt lat="46.7386303" lon="9.9620592">
        <ele>2472.5</ele>
        <time>2026-09-15T10:23:48Z</time>
        <extensions>
          <gpxdata:distance>938.99</gpxdata:distance>
          <gpxdata:speed>0.680</gpxdata:speed>
        </extensions>
      </trkpt>
      <trkpt lat="46.7385963" lon="9.9619662">
        <ele>2473.3</ele>
        <time>2026-09-15T10:24:00Z</time>
        <extensions>
          <gpxdata:distance>947.02</gpxdata:distance>
          <gpxdata:speed>0.668</gpxdata:speed>
        </extensions>
      </trkpt>
      <trkpt lat="46.7385803" lon="9.9618862">
        <ele>2474.4</ele>
        <time>2026-09-15T10:24:10Z</time>
        <extensions>
          <gpxdata:distance>953.37</gpxdata:distance>
          <gpxdata:speed>0.644</gpxdata:speed>
        </extensions>
      </trkpt>
      <trkpt lat="46.7385293" lon="9.9617662">
        <ele>2475.7</ele>
        <time>2026-09-15T10:24:26Z</time>
        <extensions>
          <gpxdata:distance>964.13</gpxdata:distance>
          <gpxdata:speed>0.654</gpxdata:speed>
        </extensions>
      </trkpt>
      <trkpt lat="46.7385213" lon="9.9617262">
        <ele>2476.3</ele>
        <time>2026-09-15T10:24:31Z</time>
        <extensions>
          <gpxdata:distance>967.31</gpxdata:distance>
          <gpxdata:speed>0.645</gpxdata:speed>
        </extensions>
      </trkpt>
      <trkpt lat="46.7384693" lon="9.9616322">
        <ele>2477.4</ele>
        <time>2026-09-15T10:24:46Z</time>
        <extensions>
          <gpxdata:distance>976.51</gpxdata:distance>
          <gpxdata:speed>0.633</gpxdata:speed>
        </extensions>
      </trkpt>
      <trkpt lat="46.7384353" lon="9.9615522">
        <ele>2479.2</ele>
        <time>2026-09-15T10:24:57Z</time>
        <extensions>
          <gpxdata:distance>983.69</gpxdata:distance>
          <gpxdata:speed>0.634</gpxdata:speed>
        </extensions>
      </trkpt>
      <trkpt lat="46.7384093" lon="9.9614722">
        <ele>2480.4</ele>
        <time>2026-09-15T10:25:08Z</time>
        <extensions>
          <gpxdata:distance>990.43</gpxdata:distance>
          <gpxdata:speed>0.633</gpxdata:speed>
        </extensions>
      </trkpt>
      <trkpt lat="46.7383843" lon="9.9613932">
        <ele>2481.4</ele>
        <time>2026-09-15T10:25:18Z</time>
        <extensions>
          <gpxdata:distance>997.06</gpxdata:distance>
          <gpxdata:speed>0.633</gpxdata:speed>
        </extensions>
      </trkpt>
      <trkpt lat="46.7383592" lon="9.9612872">
        <ele>2482.3</ele>
        <time>2026-09-15T10:25:31Z</time>
        <extensions>
          <gpxdata:distance>1005.61</gpxdata:distance>
          <gpxdata:speed>0.637</gpxdata:speed>
        </extensions>
      </trkpt>
      <trkpt lat="46.7383522" lon="9.9612342">
        <ele>2483.3</ele>
        <time>2026-09-15T10:25:38Z</time>
        <extensions>
          <gpxdata:distance>1009.72</gpxdata:distance>
          <gpxdata:speed>0.634</gpxdata:speed>
        </extensions>
      </trkpt>
      <trkpt lat="46.7383362" lon="9.9611292">
        <ele>2484.3</ele>
        <time>2026-09-15T10:25:51Z</time>
        <extensions>
          <gpxdata:distance>1017.92</gpxdata:distance>
          <gpxdata:speed>0.632</gpxdata:speed>
        </extensions>
      </trkpt>
      <trkpt lat="46.7383302" lon="9.9609712">
        <ele>2486.1</ele>
        <time>2026-09-15T10:26:10Z</time>
        <extensions>
          <gpxdata:distance>1029.98</gpxdata:distance>
          <gpxdata:speed>0.633</gpxdata:speed>
        </extensions>
      </trkpt>
      <trkpt lat="46.7383422" lon="9.9608672">
        <ele>2487.2</ele>
        <time>2026-09-15T10:26:23Z</time>
        <extensions>
          <gpxdata:distance>1038.02</gpxdata:distance>
          <gpxdata:speed>0.632</gpxdata:speed>
        </extensions>
      </trkpt>
      <trkpt lat="46.7383262" lon="9.9607882">
        <ele>2487.9</ele>
        <time>2026-09-15T10:26:33Z</time>
        <extensions>
          <gpxdata:distance>1044.29</gpxdata:distance>
          <gpxdata:speed>0.632</gpxdata:speed>
        </extensions>
      </trkpt>
      <trkpt lat="46.7383102" lon="9.9606952">
        <ele>2488.7</ele>
        <time>2026-09-15T10:26:44Z</time>
        <extensions>
          <gpxdata:distance>1051.60</gpxdata:distance>
          <gpxdata:speed>0.655</gpxdata:speed>
        </extensions>
      </trkpt>
      <trkpt lat="46.7382922" lon="9.9606552">
        <ele>2489.4</ele>
        <time>2026-09-15T10:26:49Z</time>
        <extensions>
          <gpxdata:distance>1055.25</gpxdata:distance>
          <gpxdata:speed>0.658</gpxdata:speed>
        </extensions>
      </trkpt>
      <trkpt lat="46.7383022" lon="9.9606302">
        <ele>2490.2</ele>
        <time>2026-09-15T10:26:53Z</time>
        <extensions>
          <gpxdata:distance>1057.45</gpxdata:distance>
          <gpxdata:speed>0.641</gpxdata:speed>
        </extensions>
      </trkpt>
      <trkpt lat="46.7382942" lon="9.9605772">
        <ele>2491.1</ele>
        <time>2026-09-15T10:26:59Z</time>
        <extensions>
          <gpxdata:distance>1061.59</gpxdata:distance>
          <gpxdata:speed>0.633</gpxdata:speed>
        </extensions>
      </trkpt>
      <trkpt lat="46.7382772" lon="9.9605372">
        <ele>2491.5</ele>
        <time>2026-09-15T10:27:05Z</time>
        <extensions>
          <gpxdata:distance>1065.18</gpxdata:distance>
          <gpxdata:speed>0.636</gpxdata:speed>
        </extensions>
      </trkpt>
      <trkpt lat="46.7382602" lon="9.9604842">
        <ele>2492.4</ele>
        <time>2026-09-15T10:27:12Z</time>
        <extensions>
          <gpxdata:distance>1069.63</gpxdata:distance>
          <gpxdata:speed>0.633</gpxdata:speed>
        </extensions>
      </trkpt>
      <trkpt lat="46.7382522" lon="9.9604312">
        <ele>2492.6</ele>
        <time>2026-09-15T10:27:18Z</time>
        <extensions>
          <gpxdata:distance>1073.77</gpxdata:distance>
          <gpxdata:speed>0.634</gpxdata:speed>
        </extensions>
      </trkpt>
      <trkpt lat="46.7382452" lon="9.9603782">
        <ele>2493.0</ele>
        <time>2026-09-15T10:27:25Z</time>
        <extensions>
          <gpxdata:distance>1077.88</gpxdata:distance>
          <gpxdata:speed>0.641</gpxdata:speed>
        </extensions>
      </trkpt>
      <trkpt lat="46.7382382" lon="9.9602862">
        <ele>2494.1</ele>
        <time>2026-09-15T10:27:36Z</time>
        <extensions>
          <gpxdata:distance>1084.94</gpxdata:distance>
          <gpxdata:speed>0.631</gpxdata:speed>
        </extensions>
      </trkpt>
      <trkpt lat="46.7382302" lon="9.9602202">
        <ele>2494.9</ele>
        <time>2026-09-15T10:27:44Z</time>
        <extensions>
          <gpxdata:distance>1090.05</gpxdata:distance>
          <gpxdata:speed>0.634</gpxdata:speed>
        </extensions>
      </trkpt>
      <trkpt lat="46.7382402" lon="9.9601692">
        <ele>2495.3</ele>
        <time>2026-09-15T10:27:50Z</time>
        <extensions>
          <gpxdata:distance>1094.09</gpxdata:distance>
          <gpxdata:speed>0.631</gpxdata:speed>
        </extensions>
      </trkpt>
      <trkpt lat="46.7382592" lon="9.9601302">
        <ele>2495.8</ele>
        <time>2026-09-15T10:27:56Z</time>
        <extensions>
          <gpxdata:distance>1097.73</gpxdata:distance>
          <gpxdata:speed>0.657</gpxdata:speed>
        </extensions>
      </trkpt>
      <trkpt lat="46.7382602" lon="9.9600782">
        <ele>2496.2</ele>
        <time>2026-09-15T10:28:02Z</time>
        <extensions>
          <gpxdata:distance>1101.70</gpxdata:distance>
          <gpxdata:speed>0.687</gpxdata:speed>
        </extensions>
      </trkpt>
      <trkpt lat="46.7382452" lon="9.9599332">
        <ele>2497.3</ele>
        <time>2026-09-15T10:28:18Z</time>
        <extensions>
          <gpxdata:distance>1112.87</gpxdata:distance>
          <gpxdata:speed>0.700</gpxdata:speed>
        </extensions>
      </trkpt>
      <trkpt lat="46.7382482" lon="9.9598292">
        <ele>2497.9</ele>
        <time>2026-09-15T10:28:29Z</time>
        <extensions>
          <gpxdata:distance>1120.81</gpxdata:distance>
          <gpxdata:speed>0.735</gpxdata:speed>
        </extensions>
      </trkpt>
      <trkpt lat="46.7382492" lon="9.9597762">
        <ele>2498.1</ele>
        <time>2026-09-15T10:28:34Z</time>
        <extensions>
          <gpxdata:distance>1124.85</gpxdata:distance>
          <gpxdata:speed>0.735</gpxdata:speed>
        </extensions>
      </trkpt>
      <trkpt lat="46.7382422" lon="9.9596972">
        <ele>2499.0</ele>
        <time>2026-09-15T10:28:42Z</time>
        <extensions>
          <gpxdata:distance>1130.92</gpxdata:distance>
          <gpxdata:speed>0.721</gpxdata:speed>
        </extensions>
      </trkpt>
      <trkpt lat="46.7382522" lon="9.9596452">
        <ele>2499.4</ele>
        <time>2026-09-15T10:28:48Z</time>
        <extensions>
          <gpxdata:distance>1135.03</gpxdata:distance>
          <gpxdata:speed>0.740</gpxdata:speed>
        </extensions>
      </trkpt>
      <trkpt lat="46.7382262" lon="9.9596052">
        <ele>2499.6</ele>
        <time>2026-09-15T10:28:54Z</time>
        <extensions>
          <gpxdata:distance>1139.23</gpxdata:distance>
          <gpxdata:speed>0.766</gpxdata:speed>
        </extensions>
      </trkpt>
      <trkpt lat="46.7381812" lon="9.9596032">
        <ele>2499.4</ele>
        <time>2026-09-15T10:29:00Z</time>
        <extensions>
          <gpxdata:distance>1144.24</gpxdata:distance>
          <gpxdata:speed>0.802</gpxdata:speed>
        </extensions>
      </trkpt>
      <trkpt lat="46.7381542" lon="9.9595752">
        <ele>2500.0</ele>
        <time>2026-09-15T10:29:04Z</time>
        <extensions>
          <gpxdata:distance>1147.92</gpxdata:distance>
          <gpxdata:speed>0.797</gpxdata:speed>
        </extensions>
      </trkpt>
      <trkpt lat="46.7381212" lon="9.9594692">
        <ele>2501.1</ele>
        <time>2026-09-15T10:29:16Z</time>
        <extensions>
          <gpxdata:distance>1156.79</gpxdata:distance>
          <gpxdata:speed>0.783</gpxdata:speed>
        </extensions>
      </trkpt>
      <trkpt lat="46.7380012" lon="9.9591762">
        <ele>2504.5</ele>
        <time>2026-09-15T10:29:51Z</time>
        <extensions>
          <gpxdata:distance>1182.81</gpxdata:distance>
          <gpxdata:speed>0.747</gpxdata:speed>
        </extensions>
      </trkpt>
      <trkpt lat="46.7379412" lon="9.9590682">
        <ele>2506.0</ele>
        <time>2026-09-15T10:30:05Z</time>
        <extensions>
          <gpxdata:distance>1193.40</gpxdata:distance>
          <gpxdata:speed>0.725</gpxdata:speed>
        </extensions>
      </trkpt>
      <trkpt lat="46.7378632" lon="9.9589072">
        <ele>2508.4</ele>
        <time>2026-09-15T10:30:27Z</time>
        <extensions>
          <gpxdata:distance>1208.43</gpxdata:distance>
          <gpxdata:speed>0.696</gpxdata:speed>
        </extensions>
      </trkpt>
      <trkpt lat="46.7377772" lon="9.9587332">
        <ele>2510.7</ele>
        <time>2026-09-15T10:30:50Z</time>
        <extensions>
          <gpxdata:distance>1224.77</gpxdata:distance>
          <gpxdata:speed>0.693</gpxdata:speed>
        </extensions>
      </trkpt>
      <trkpt lat="46.7376742" lon="9.9585192">
        <ele>2514.8</ele>
        <time>2026-09-15T10:31:21Z</time>
        <extensions>
          <gpxdata:distance>1244.70</gpxdata:distance>
          <gpxdata:speed>0.654</gpxdata:speed>
        </extensions>
      </trkpt>
      <trkpt lat="46.7376302" lon="9.9584772">
        <ele>2515.6</ele>
        <time>2026-09-15T10:31:30Z</time>
        <extensions>
          <gpxdata:distance>1250.55</gpxdata:distance>
          <gpxdata:speed>0.646</gpxdata:speed>
        </extensions>
      </trkpt>
      <trkpt lat="46.7375952" lon="9.9584232">
        <ele>2516.5</ele>
        <time>2026-09-15T10:31:39Z</time>
        <extensions>
          <gpxdata:distance>1256.21</gpxdata:distance>
          <gpxdata:speed>0.631</gpxdata:speed>
        </extensions>
      </trkpt>
      <trkpt lat="46.7375602" lon="9.9583692">
        <ele>2517.6</ele>
        <time>2026-09-15T10:31:48Z</time>
        <extensions>
          <gpxdata:distance>1261.88</gpxdata:distance>
          <gpxdata:speed>0.632</gpxdata:speed>
        </extensions>
      </trkpt>
      <trkpt lat="46.7375162" lon="9.9583022">
        <ele>2519.0</ele>
        <time>2026-09-15T10:31:59Z</time>
        <extensions>
          <gpxdata:distance>1268.95</gpxdata:distance>
          <gpxdata:speed>0.634</gpxdata:speed>
        </extensions>
      </trkpt>
      <trkpt lat="46.7374902" lon="9.9582752">
        <ele>2519.3</ele>
        <time>2026-09-15T10:32:05Z</time>
        <extensions>
          <gpxdata:distance>1272.50</gpxdata:distance>
          <gpxdata:speed>0.636</gpxdata:speed>
        </extensions>
      </trkpt>
      <trkpt lat="46.7374552" lon="9.9582212">
        <ele>2520.8</ele>
        <time>2026-09-15T10:32:13Z</time>
        <extensions>
          <gpxdata:distance>1278.16</gpxdata:distance>
          <gpxdata:speed>0.639</gpxdata:speed>
        </extensions>
      </trkpt>
      <trkpt lat="46.7374042" lon="9.9581002">
        <ele>2522.2</ele>
        <time>2026-09-15T10:32:30Z</time>
        <extensions>
          <gpxdata:distance>1288.99</gpxdata:distance>
          <gpxdata:speed>0.638</gpxdata:speed>
        </extensions>
      </trkpt>
      <trkpt lat="46.7373692" lon="9.9580332">
        <ele>2523.1</ele>
        <time>2026-09-15T10:32:40Z</time>
        <extensions>
          <gpxdata:distance>1295.41</gpxdata:distance>
          <gpxdata:speed>0.640</gpxdata:speed>
        </extensions>
      </trkpt>
      <trkpt lat="46.7373072" lon="9.9579912">
        <ele>2524.0</ele>
        <time>2026-09-15T10:32:52Z</time>
        <extensions>
          <gpxdata:distance>1303.01</gpxdata:distance>
          <gpxdata:speed>0.633</gpxdata:speed>
        </extensions>
      </trkpt>
      <trkpt lat="46.7372992" lon="9.9579512">
        <ele>2524.8</ele>
        <time>2026-09-15T10:32:57Z</time>
        <extensions>
          <gpxdata:distance>1306.18</gpxdata:distance>
          <gpxdata:speed>0.636</gpxdata:speed>
        </extensions>
      </trkpt>
      <trkpt lat="46.7372722" lon="9.9579502">
        <ele>2524.6</ele>
        <time>2026-09-15T10:33:02Z</time>
        <extensions>
          <gpxdata:distance>1309.19</gpxdata:distance>
          <gpxdata:speed>0.631</gpxdata:speed>
        </extensions>
      </trkpt>
      <trkpt lat="46.7372382" lon="9.9578832">
        <ele>2525.2</ele>
        <time>2026-09-15T10:33:12Z</time>
        <extensions>
          <gpxdata:distance>1315.54</gpxdata:distance>
          <gpxdata:speed>0.651</gpxdata:speed>
        </extensions>
      </trkpt>
      <trkpt lat="46.7371762" lon="9.9578152">
        <ele>2526.5</ele>
        <time>2026-09-15T10:33:25Z</time>
        <extensions>
          <gpxdata:distance>1324.16</gpxdata:distance>
          <gpxdata:speed>0.665</gpxdata:speed>
        </extensions>
      </trkpt>
      <trkpt lat="46.7371332" lon="9.9577472">
        <ele>2527.6</ele>
        <time>2026-09-15T10:33:36Z</time>
        <extensions>
          <gpxdata:distance>1331.21</gpxdata:distance>
          <gpxdata:speed>0.652</gpxdata:speed>
        </extensions>
      </trkpt>
      <trkpt lat="46.7370452" lon="9.9576392">
        <ele>2529.3</ele>
        <time>2026-09-15T10:33:54Z</time>
        <extensions>
          <gpxdata:distance>1344.00</gpxdata:distance>
          <gpxdata:speed>0.682</gpxdata:speed>
        </extensions>
      </trkpt>
      <trkpt lat="46.7369932" lon="9.9575582">
        <ele>2530.8</ele>
        <time>2026-09-15T10:34:07Z</time>
        <extensions>
          <gpxdata:distance>1352.46</gpxdata:distance>
          <gpxdata:speed>0.666</gpxdata:speed>
        </extensions>
      </trkpt>
      <trkpt lat="46.7369762" lon="9.9575042">
        <ele>2531.4</ele>
        <time>2026-09-15T10:34:14Z</time>
        <extensions>
          <gpxdata:distance>1356.99</gpxdata:distance>
          <gpxdata:speed>0.668</gpxdata:speed>
        </extensions>
      </trkpt>
      <trkpt lat="46.7369412" lon="9.9574502">
        <ele>2532.3</ele>
        <time>2026-09-15T10:34:23Z</time>
        <extensions>
          <gpxdata:distance>1362.65</gpxdata:distance>
          <gpxdata:speed>0.657</gpxdata:speed>
        </extensions>
      </trkpt>
      <trkpt lat="46.7368882" lon="9.9573961">
        <ele>2533.4</ele>
        <time>2026-09-15T10:34:33Z</time>
        <extensions>
          <gpxdata:distance>1369.84</gpxdata:distance>
          <gpxdata:speed>0.667</gpxdata:speed>
        </extensions>
      </trkpt>
      <trkpt lat="46.7368622" lon="9.9573551">
        <ele>2534.2</ele>
        <time>2026-09-15T10:34:40Z</time>
        <extensions>
          <gpxdata:distance>1374.10</gpxdata:distance>
          <gpxdata:speed>0.636</gpxdata:speed>
        </extensions>
      </trkpt>
      <trkpt lat="46.7367932" lon="9.9572471">
        <ele>2535.9</ele>
        <time>2026-09-15T10:34:58Z</time>
        <extensions>
          <gpxdata:distance>1385.35</gpxdata:distance>
          <gpxdata:speed>0.632</gpxdata:speed>
        </extensions>
      </trkpt>
      <trkpt lat="46.7367492" lon="9.9572061">
        <ele>2536.6</ele>
        <time>2026-09-15T10:35:07Z</time>
        <extensions>
          <gpxdata:distance>1391.16</gpxdata:distance>
          <gpxdata:speed>0.631</gpxdata:speed>
        </extensions>
      </trkpt>
      <trkpt lat="46.7367142" lon="9.9571521">
        <ele>2538.1</ele>
        <time>2026-09-15T10:35:16Z</time>
        <extensions>
          <gpxdata:distance>1396.82</gpxdata:distance>
          <gpxdata:speed>0.634</gpxdata:speed>
        </extensions>
      </trkpt>
      <trkpt lat="46.7366802" lon="9.9570591">
        <ele>2538.9</ele>
        <time>2026-09-15T10:35:29Z</time>
        <extensions>
          <gpxdata:distance>1404.85</gpxdata:distance>
          <gpxdata:speed>0.633</gpxdata:speed>
        </extensions>
      </trkpt>
      <trkpt lat="46.7366542" lon="9.9570181">
        <ele>2539.3</ele>
        <time>2026-09-15T10:35:35Z</time>
        <extensions>
          <gpxdata:distance>1409.11</gpxdata:distance>
          <gpxdata:speed>0.630</gpxdata:speed>
        </extensions>
      </trkpt>
      <trkpt lat="46.7366372" lon="9.9569651">
        <ele>2539.6</ele>
        <time>2026-09-15T10:35:42Z</time>
        <extensions>
          <gpxdata:distance>1413.57</gpxdata:distance>
          <gpxdata:speed>0.643</gpxdata:speed>
        </extensions>
      </trkpt>
      <trkpt lat="46.7366192" lon="9.9569511">
        <ele>2539.8</ele>
        <time>2026-09-15T10:35:46Z</time>
        <extensions>
          <gpxdata:distance>1415.84</gpxdata:distance>
          <gpxdata:speed>0.653</gpxdata:speed>
        </extensions>
      </trkpt>
      <trkpt lat="46.7365932" lon="9.9569101">
        <ele>2540.3</ele>
        <time>2026-09-15T10:35:52Z</time>
        <extensions>
          <gpxdata:distance>1420.10</gpxdata:distance>
          <gpxdata:speed>0.662</gpxdata:speed>
        </extensions>
      </trkpt>
      <trkpt lat="46.7365582" lon="9.9568831">
        <ele>2540.8</ele>
        <time>2026-09-15T10:35:59Z</time>
        <extensions>
          <gpxdata:distance>1424.50</gpxdata:distance>
          <gpxdata:speed>0.677</gpxdata:speed>
        </extensions>
      </trkpt>
      <trkpt lat="46.7364702" lon="9.9567871">
        <ele>2542.5</ele>
        <time>2026-09-15T10:36:17Z</time>
        <extensions>
          <gpxdata:distance>1436.72</gpxdata:distance>
          <gpxdata:speed>0.683</gpxdata:speed>
        </extensions>
      </trkpt>
      <trkpt lat="46.7364352" lon="9.9567461">
        <ele>2543.2</ele>
        <time>2026-09-15T10:36:24Z</time>
        <extensions>
          <gpxdata:distance>1441.71</gpxdata:distance>
          <gpxdata:speed>0.678</gpxdata:speed>
        </extensions>
      </trkpt>
      <trkpt lat="46.7364002" lon="9.9566791">
        <ele>2544.0</ele>
        <time>2026-09-15T10:36:33Z</time>
        <extensions>
          <gpxdata:distance>1448.13</gpxdata:distance>
          <gpxdata:speed>0.717</gpxdata:speed>
        </extensions>
      </trkpt>
      <trkpt lat="46.7363742" lon="9.9566651">
        <ele>2544.2</ele>
        <time>2026-09-15T10:36:37Z</time>
        <extensions>
          <gpxdata:distance>1451.21</gpxdata:distance>
          <gpxdata:speed>0.718</gpxdata:speed>
        </extensions>
      </trkpt>
      <trkpt lat="46.7363302" lon="9.9566101">
        <ele>2545.7</ele>
        <time>2026-09-15T10:36:47Z</time>
        <extensions>
          <gpxdata:distance>1457.65</gpxdata:distance>
          <gpxdata:speed>0.675</gpxdata:speed>
        </extensions>
      </trkpt>
      <trkpt lat="46.7363042" lon="9.9565571">
        <ele>2546.7</ele>
        <time>2026-09-15T10:36:54Z</time>
        <extensions>
          <gpxdata:distance>1462.62</gpxdata:distance>
          <gpxdata:speed>0.643</gpxdata:speed>
        </extensions>
      </trkpt>
      <trkpt lat="46.7362692" lon="9.9565161">
        <ele>2546.7</ele>
        <time>2026-09-15T10:37:02Z</time>
        <extensions>
          <gpxdata:distance>1467.61</gpxdata:distance>
          <gpxdata:speed>0.672</gpxdata:speed>
        </extensions>
      </trkpt>
      <trkpt lat="46.7362162" lon="9.9564611">
        <ele>2547.9</ele>
        <time>2026-09-15T10:37:13Z</time>
        <extensions>
          <gpxdata:distance>1474.84</gpxdata:distance>
          <gpxdata:speed>0.658</gpxdata:speed>
        </extensions>
      </trkpt>
      <trkpt lat="46.7361892" lon="9.9564601">
        <ele>2548.1</ele>
        <time>2026-09-15T10:37:17Z</time>
        <extensions>
          <gpxdata:distance>1477.84</gpxdata:distance>
          <gpxdata:speed>0.663</gpxdata:speed>
        </extensions>
      </trkpt>
      <trkpt lat="46.7361712" lon="9.9564461">
        <ele>2548.4</ele>
        <time>2026-09-15T10:37:21Z</time>
        <extensions>
          <gpxdata:distance>1480.11</gpxdata:distance>
          <gpxdata:speed>0.665</gpxdata:speed>
        </extensions>
      </trkpt>
      <trkpt lat="46.7361722" lon="9.9564201">
        <ele>2548.9</ele>
        <time>2026-09-15T10:37:24Z</time>
        <extensions>
          <gpxdata:distance>1482.10</gpxdata:distance>
          <gpxdata:speed>0.652</gpxdata:speed>
        </extensions>
      </trkpt>
      <trkpt lat="46.7361632" lon="9.9564061">
        <ele>2549.3</ele>
        <time>2026-09-15T10:37:26Z</time>
        <extensions>
          <gpxdata:distance>1483.56</gpxdata:distance>
          <gpxdata:speed>0.631</gpxdata:speed>
        </extensions>
      </trkpt>
      <trkpt lat="46.7361362" lon="9.9564181">
        <ele>2549.8</ele>
        <time>2026-09-15T10:37:31Z</time>
        <extensions>
          <gpxdata:distance>1486.70</gpxdata:distance>
          <gpxdata:speed>0.633</gpxdata:speed>
        </extensions>
      </trkpt>
      <trkpt lat="46.7361002" lon="9.9564031">
        <ele>2550.3</ele>
        <time>2026-09-15T10:37:37Z</time>
        <extensions>
          <gpxdata:distance>1490.86</gpxdata:distance>
          <gpxdata:speed>0.659</gpxdata:speed>
        </extensions>
      </trkpt>
      <trkpt lat="46.7360742" lon="9.9563891">
        <ele>2550.8</ele>
        <time>2026-09-15T10:37:42Z</time>
        <extensions>
          <gpxdata:distance>1493.94</gpxdata:distance>
          <gpxdata:speed>0.678</gpxdata:speed>
        </extensions>
      </trkpt>
      <trkpt lat="46.7360652" lon="9.9563621">
        <ele>2551.3</ele>
        <time>2026-09-15T10:37:46Z</time>
        <extensions>
          <gpxdata:distance>1496.23</gpxdata:distance>
          <gpxdata:speed>0.634</gpxdata:speed>
        </extensions>
      </trkpt>
      <trkpt lat="46.7359952" lon="9.9562801">
        <ele>2552.7</ele>
        <time>2026-09-15T10:38:01Z</time>
        <extensions>
          <gpxdata:distance>1506.21</gpxdata:distance>
          <gpxdata:speed>0.631</gpxdata:speed>
        </extensions>
      </trkpt>
      <trkpt lat="46.7359692" lon="9.9562401">
        <ele>2553.3</ele>
        <time>2026-09-15T10:38:08Z</time>
        <extensions>
          <gpxdata:distance>1510.41</gpxdata:distance>
          <gpxdata:speed>0.634</gpxdata:speed>
        </extensions>
      </trkpt>
      <trkpt lat="46.7359342" lon="9.9561861">
        <ele>2554.0</ele>
        <time>2026-09-15T10:38:17Z</time>
        <extensions>
          <gpxdata:distance>1516.08</gpxdata:distance>
          <gpxdata:speed>0.632</gpxdata:speed>
        </extensions>
      </trkpt>
      <trkpt lat="46.7359162" lon="9.9561721">
        <ele>2554.3</ele>
        <time>2026-09-15T10:38:21Z</time>
        <extensions>
          <gpxdata:distance>1518.35</gpxdata:distance>
          <gpxdata:speed>0.633</gpxdata:speed>
        </extensions>
      </trkpt>
      <trkpt lat="46.7358902" lon="9.9561451">
        <ele>2554.7</ele>
        <time>2026-09-15T10:38:26Z</time>
        <extensions>
          <gpxdata:distance>1521.89</gpxdata:distance>
          <gpxdata:speed>0.653</gpxdata:speed>
        </extensions>
      </trkpt>
      <trkpt lat="46.7358642" lon="9.9561041">
        <ele>2555.2</ele>
        <time>2026-09-15T10:38:32Z</time>
        <extensions>
          <gpxdata:distance>1526.15</gpxdata:distance>
          <gpxdata:speed>0.663</gpxdata:speed>
        </extensions>
      </trkpt>
      <trkpt lat="46.7358392" lon="9.9560241">
        <ele>2556.2</ele>
        <time>2026-09-15T10:38:43Z</time>
        <extensions>
          <gpxdata:distance>1532.85</gpxdata:distance>
          <gpxdata:speed>0.654</gpxdata:speed>
        </extensions>
      </trkpt>
      <trkpt lat="46.7358122" lon="9.9560101">
        <ele>2556.5</ele>
        <time>2026-09-15T10:38:48Z</time>
        <extensions>
          <gpxdata:distance>1536.04</gpxdata:distance>
          <gpxdata:speed>0.666</gpxdata:speed>
        </extensions>
      </trkpt>
      <trkpt lat="46.7358042" lon="9.9559831">
        <ele>2556.9</ele>
        <time>2026-09-15T10:38:51Z</time>
        <extensions>
          <gpxdata:distance>1538.28</gpxdata:distance>
          <gpxdata:speed>0.672</gpxdata:speed>
        </extensions>
      </trkpt>
      <trkpt lat="46.7357782" lon="9.9559041">
        <ele>2557.7</ele>
        <time>2026-09-15T10:39:01Z</time>
        <extensions>
          <gpxdata:distance>1544.96</gpxdata:distance>
          <gpxdata:speed>0.682</gpxdata:speed>
        </extensions>
      </trkpt>
      <trkpt lat="46.7357612" lon="9.9558771">
        <ele>2558.4</ele>
        <time>2026-09-15T10:39:05Z</time>
        <extensions>
          <gpxdata:distance>1547.75</gpxdata:distance>
          <gpxdata:speed>0.663</gpxdata:speed>
        </extensions>
      </trkpt>
      <trkpt lat="46.7357342" lon="9.9558891">
        <ele>2558.7</ele>
        <time>2026-09-15T10:39:10Z</time>
        <extensions>
          <gpxdata:distance>1550.89</gpxdata:distance>
          <gpxdata:speed>0.667</gpxdata:speed>
        </extensions>
      </trkpt>
      <trkpt lat="46.7357162" lon="9.9558751">
        <ele>2559.1</ele>
        <time>2026-09-15T10:39:13Z</time>
        <extensions>
          <gpxdata:distance>1553.16</gpxdata:distance>
          <gpxdata:speed>0.660</gpxdata:speed>
        </extensions>
      </trkpt>
      <trkpt lat="46.7356722" lon="9.9558331">
        <ele>2560.1</ele>
        <time>2026-09-15T10:39:22Z</time>
        <extensions>
          <gpxdata:distance>1559.01</gpxdata:distance>
          <gpxdata:speed>0.641</gpxdata:speed>
        </extensions>
      </trkpt>
      <trkpt lat="46.7356372" lon="9.9557791">
        <ele>2560.8</ele>
        <time>2026-09-15T10:39:31Z</time>
        <extensions>
          <gpxdata:distance>1564.67</gpxdata:distance>
          <gpxdata:speed>0.642</gpxdata:speed>
        </extensions>
      </trkpt>
      <trkpt lat="46.7355852" lon="9.9556981">
        <ele>2561.9</ele>
        <time>2026-09-15T10:39:44Z</time>
        <extensions>
          <gpxdata:distance>1573.13</gpxdata:distance>
          <gpxdata:speed>0.651</gpxdata:speed>
        </extensions>
      </trkpt>
      <trkpt lat="46.7355342" lon="9.9555781">
        <ele>2563.3</ele>
        <time>2026-09-15T10:40:00Z</time>
        <extensions>
          <gpxdata:distance>1583.89</gpxdata:distance>
          <gpxdata:speed>0.650</gpxdata:speed>
        </extensions>
      </trkpt>
      <trkpt lat="46.7355252" lon="9.9555521">
        <ele>2563.8</ele>
        <time>2026-09-15T10:40:04Z</time>
        <extensions>
          <gpxdata:distance>1586.11</gpxdata:distance>
          <gpxdata:speed>0.644</gpxdata:speed>
        </extensions>
      </trkpt>
      <trkpt lat="46.7355082" lon="9.9554981">
        <ele>2564.5</ele>
        <time>2026-09-15T10:40:11Z</time>
        <extensions>
          <gpxdata:distance>1590.64</gpxdata:distance>
          <gpxdata:speed>0.633</gpxdata:speed>
        </extensions>
      </trkpt>
      <trkpt lat="46.7355092" lon="9.9554591">
        <ele>2564.7</ele>
        <time>2026-09-15T10:40:16Z</time>
        <extensions>
          <gpxdata:distance>1593.61</gpxdata:distance>
          <gpxdata:speed>0.661</gpxdata:speed>
        </extensions>
      </trkpt>
      <trkpt lat="46.7354742" lon="9.9554311">
        <ele>2565.7</ele>
        <time>2026-09-15T10:40:23Z</time>
        <extensions>
          <gpxdata:distance>1598.05</gpxdata:distance>
          <gpxdata:speed>0.634</gpxdata:speed>
        </extensions>
      </trkpt>
      <trkpt lat="46.7354302" lon="9.9553771">
        <ele>2566.9</ele>
        <time>2026-09-15T10:40:33Z</time>
        <extensions>
          <gpxdata:distance>1604.44</gpxdata:distance>
          <gpxdata:speed>0.631</gpxdata:speed>
        </extensions>
      </trkpt>
      <trkpt lat="46.7354042" lon="9.9553501">
        <ele>2567.8</ele>
        <time>2026-09-15T10:40:38Z</time>
        <extensions>
          <gpxdata:distance>1607.99</gpxdata:distance>
          <gpxdata:speed>0.633</gpxdata:speed>
        </extensions>
      </trkpt>
      <trkpt lat="46.7353872" lon="9.9552831">
        <ele>2568.4</ele>
        <time>2026-09-15T10:40:47Z</time>
        <extensions>
          <gpxdata:distance>1613.44</gpxdata:distance>
          <gpxdata:speed>0.632</gpxdata:speed>
        </extensions>
      </trkpt>
      <trkpt lat="46.7353702" lon="9.9552561">
        <ele>2568.4</ele>
        <time>2026-09-15T10:40:51Z</time>
        <extensions>
          <gpxdata:distance>1616.23</gpxdata:distance>
          <gpxdata:speed>0.631</gpxdata:speed>
        </extensions>
      </trkpt>
      <trkpt lat="46.7353702" lon="9.9552431">
        <ele>2568.6</ele>
        <time>2026-09-15T10:40:53Z</time>
        <extensions>
          <gpxdata:distance>1617.22</gpxdata:distance>
          <gpxdata:speed>0.634</gpxdata:speed>
        </extensions>
      </trkpt>
      <trkpt lat="46.7353612" lon="9.9552301">
        <ele>2569.1</ele>
        <time>2026-09-15T10:40:55Z</time>
        <extensions>
          <gpxdata:distance>1618.63</gpxdata:distance>
          <gpxdata:speed>0.635</gpxdata:speed>
        </extensions>
      </trkpt>
      <trkpt lat="46.7353352" lon="9.9552021">
        <ele>2569.6</ele>
        <time>2026-09-15T10:41:01Z</time>
        <extensions>
          <gpxdata:distance>1622.22</gpxdata:distance>
          <gpxdata:speed>0.635</gpxdata:speed>
        </extensions>
      </trkpt>
      <trkpt lat="46.7353262" lon="9.9551761">
        <ele>2570.1</ele>
        <time>2026-09-15T10:41:04Z</time>
        <extensions>
          <gpxdata:distance>1624.44</gpxdata:distance>
          <gpxdata:speed>0.640</gpxdata:speed>
        </extensions>
      </trkpt>
      <trkpt lat="46.7353182" lon="9.9551621">
        <ele>2570.6</ele>
        <time>2026-09-15T10:41:06Z</time>
        <extensions>
          <gpxdata:distance>1625.83</gpxdata:distance>
          <gpxdata:speed>0.640</gpxdata:speed>
        </extensions>
      </trkpt>
      <trkpt lat="46.7353002" lon="9.9551351">
        <ele>2571.1</ele>
        <time>2026-09-15T10:41:11Z</time>
        <extensions>
          <gpxdata:distance>1628.70</gpxdata:distance>
          <gpxdata:speed>0.639</gpxdata:speed>
        </extensions>
      </trkpt>
      <trkpt lat="46.7352832" lon="9.9551081">
        <ele>2571.6</ele>
        <time>2026-09-15T10:41:15Z</time>
        <extensions>
          <gpxdata:distance>1631.50</gpxdata:distance>
          <gpxdata:speed>0.635</gpxdata:speed>
        </extensions>
      </trkpt>
      <trkpt lat="46.7352572" lon="9.9550681">
        <ele>2572.3</ele>
        <time>2026-09-15T10:41:22Z</time>
        <extensions>
          <gpxdata:distance>1635.70</gpxdata:distance>
          <gpxdata:speed>0.640</gpxdata:speed>
        </extensions>
      </trkpt>
      <trkpt lat="46.7352232" lon="9.9549880">
        <ele>2573.0</ele>
        <time>2026-09-15T10:41:33Z</time>
        <extensions>
          <gpxdata:distance>1642.88</gpxdata:distance>
          <gpxdata:speed>0.639</gpxdata:speed>
        </extensions>
      </trkpt>
      <trkpt lat="46.7352142" lon="9.9549480">
        <ele>2573.0</ele>
        <time>2026-09-15T10:41:38Z</time>
        <extensions>
          <gpxdata:distance>1646.09</gpxdata:distance>
          <gpxdata:speed>0.631</gpxdata:speed>
        </extensions>
      </trkpt>
      <trkpt lat="46.7352072" lon="9.9548950">
        <ele>2574.2</ele>
        <time>2026-09-15T10:41:45Z</time>
        <extensions>
          <gpxdata:distance>1650.20</gpxdata:distance>
          <gpxdata:speed>0.635</gpxdata:speed>
        </extensions>
      </trkpt>
      <trkpt lat="46.7351812" lon="9.9548550">
        <ele>2574.8</ele>
        <time>2026-09-15T10:41:51Z</time>
        <extensions>
          <gpxdata:distance>1654.40</gpxdata:distance>
          <gpxdata:speed>0.635</gpxdata:speed>
        </extensions>
      </trkpt>
      <trkpt lat="46.7351812" lon="9.9548550">
        <ele>2574.8</ele>
        <time>2026-09-15T10:41:51Z</time>
        <extensions>
          <gpxdata:distance>1654.40</gpxdata:distance>
          <gpxdata:speed>0.000</gpxdata:speed>
        </extensions>
      </trkpt>
      <trkpt lat="46.7351632" lon="9.9548280">
        <ele>2575.1</ele>
        <time>2026-09-15T10:41:56Z</time>
        <extensions>
          <gpxdata:distance>1657.27</gpxdata:distance>
          <gpxdata:speed>0.647</gpxdata:speed>
        </extensions>
      </trkpt>
      <trkpt lat="46.7351462" lon="9.9547880">
        <ele>2576.6</ele>
        <time>2026-09-15T10:42:01Z</time>
        <extensions>
          <gpxdata:distance>1660.86</gpxdata:distance>
          <gpxdata:speed>0.638</gpxdata:speed>
        </extensions>
      </trkpt>
      <trkpt lat="46.7351112" lon="9.9547340">
        <ele>2577.0</ele>
        <time>2026-09-15T10:42:10Z</time>
        <extensions>
          <gpxdata:distance>1666.52</gpxdata:distance>
          <gpxdata:speed>0.632</gpxdata:speed>
        </extensions>
      </trkpt>
      <trkpt lat="46.7350852" lon="9.9546800">
        <ele>2578.2</ele>
        <time>2026-09-15T10:42:18Z</time>
        <extensions>
          <gpxdata:distance>1671.55</gpxdata:distance>
          <gpxdata:speed>0.636</gpxdata:speed>
        </extensions>
      </trkpt>
      <trkpt lat="46.7350341" lon="9.9545470">
        <ele>2580.4</ele>
        <time>2026-09-15T10:42:36Z</time>
        <extensions>
          <gpxdata:distance>1683.17</gpxdata:distance>
          <gpxdata:speed>0.643</gpxdata:speed>
        </extensions>
      </trkpt>
      <trkpt lat="46.7349741" lon="9.9544390">
        <ele>2582.1</ele>
        <time>2026-09-15T10:42:53Z</time>
        <extensions>
          <gpxdata:distance>1693.77</gpxdata:distance>
          <gpxdata:speed>0.645</gpxdata:speed>
        </extensions>
      </trkpt>
      <trkpt lat="46.7349741" lon="9.9544260">
        <ele>2582.4</ele>
        <time>2026-09-15T10:42:54Z</time>
        <extensions>
          <gpxdata:distance>1694.76</gpxdata:distance>
          <gpxdata:speed>0.643</gpxdata:speed>
        </extensions>
      </trkpt>
      <trkpt lat="46.7349831" lon="9.9544140">
        <ele>2582.7</ele>
        <time>2026-09-15T10:42:56Z</time>
        <extensions>
          <gpxdata:distance>1696.11</gpxdata:distance>
          <gpxdata:speed>0.645</gpxdata:speed>
        </extensions>
      </trkpt>
      <trkpt lat="46.7350101" lon="9.9544410">
        <ele>2583.5</ele>
        <time>2026-09-15T10:43:02Z</time>
        <extensions>
          <gpxdata:distance>1699.75</gpxdata:distance>
          <gpxdata:speed>0.646</gpxdata:speed>
        </extensions>
      </trkpt>
      <trkpt lat="46.7350981" lon="9.9545370">
        <ele>2584.6</ele>
        <time>2026-09-15T10:43:21Z</time>
        <extensions>
          <gpxdata:distance>1711.97</gpxdata:distance>
          <gpxdata:speed>0.639</gpxdata:speed>
        </extensions>
      </trkpt>
      <trkpt lat="46.7351331" lon="9.9545780">
        <ele>2585.6</ele>
        <time>2026-09-15T10:43:29Z</time>
        <extensions>
          <gpxdata:distance>1716.96</gpxdata:distance>
          <gpxdata:speed>0.634</gpxdata:speed>
        </extensions>
      </trkpt>
      <trkpt lat="46.7351421" lon="9.9545650">
        <ele>2585.7</ele>
        <time>2026-09-15T10:43:31Z</time>
        <extensions>
          <gpxdata:distance>1718.37</gpxdata:distance>
          <gpxdata:speed>0.637</gpxdata:speed>
        </extensions>
      </trkpt>
      <trkpt lat="46.7351421" lon="9.9545650">
        <ele>2585.7</ele>
        <time>2026-09-15T10:43:31Z</time>
        <extensions>
          <gpxdata:distance>1718.37</gpxdata:distance>
          <gpxdata:speed>0.000</gpxdata:speed>
        </extensions>
      </trkpt>
      <trkpt lat="46.7351251" lon="9.9545250">
        <ele>2587.1</ele>
        <time>2026-09-15T10:43:37Z</time>
        <extensions>
          <gpxdata:distance>1721.96</gpxdata:distance>
          <gpxdata:speed>0.639</gpxdata:speed>
        </extensions>
      </trkpt>
      <trkpt lat="46.7351251" lon="9.9545250">
        <ele>2587.1</ele>
        <time>2026-09-15T10:43:37Z</time>
        <extensions>
          <gpxdata:distance>1721.96</gpxdata:distance>
          <gpxdata:speed>0.000</gpxdata:speed>
        </extensions>
      </trkpt>
      <trkpt lat="46.7351001" lon="9.9544320">
        <ele>2589.4</ele>
        <time>2026-09-15T10:43:49Z</time>
        <extensions>
          <gpxdata:distance>1729.57</gpxdata:distance>
          <gpxdata:speed>0.645</gpxdata:speed>
        </extensions>
      </trkpt>
      <trkpt lat="46.7350391" lon="9.9543250">
        <ele>2591.7</ele>
        <time>2026-09-15T10:44:05Z</time>
        <extensions>
          <gpxdata:distance>1740.18</gpxdata:distance>
          <gpxdata:speed>0.633</gpxdata:speed>
        </extensions>
      </trkpt>
      <trkpt lat="46.7349871" lon="9.9542440">
        <ele>2593.7</ele>
        <time>2026-09-15T10:44:19Z</time>
        <extensions>
          <gpxdata:distance>1748.63</gpxdata:distance>
          <gpxdata:speed>0.616</gpxdata:speed>
        </extensions>
      </trkpt>
      <trkpt lat="46.7349961" lon="9.9542310">
        <ele>2593.8</ele>
        <time>2026-09-15T10:44:22Z</time>
        <extensions>
          <gpxdata:distance>1750.04</gpxdata:distance>
          <gpxdata:speed>0.493</gpxdata:speed>
        </extensions>
      </trkpt>
      <trkpt lat="46.7350231" lon="9.9542580">
        <ele>2594.4</ele>
        <time>2026-09-15T10:44:29Z</time>
        <extensions>
          <gpxdata:distance>1753.68</gpxdata:distance>
          <gpxdata:speed>0.500</gpxdata:speed>
        </extensions>
      </trkpt>
      <trkpt lat="46.7350581" lon="9.9542730">
        <ele>2595.0</ele>
        <time>2026-09-15T10:44:37Z</time>
        <extensions>
          <gpxdata:distance>1757.74</gpxdata:distance>
          <gpxdata:speed>0.513</gpxdata:speed>
        </extensions>
      </trkpt>
      <trkpt lat="46.7350851" lon="9.9543010">
        <ele>2595.5</ele>
        <time>2026-09-15T10:44:44Z</time>
        <extensions>
          <gpxdata:distance>1761.42</gpxdata:distance>
          <gpxdata:speed>0.545</gpxdata:speed>
        </extensions>
      </trkpt>
      <trkpt lat="46.7350941" lon="9.9543010">
        <ele>2595.7</ele>
        <time>2026-09-15T10:44:46Z</time>
        <extensions>
          <gpxdata:distance>1762.42</gpxdata:distance>
          <gpxdata:speed>0.602</gpxdata:speed>
        </extensions>
      </trkpt>
      <trkpt lat="46.7350941" lon="9.9543010">
        <ele>2595.7</ele>
        <time>2026-09-15T10:44:46Z</time>
        <extensions>
          <gpxdata:distance>1762.42</gpxdata:distance>
          <gpxdata:speed>0.000</gpxdata:speed>
        </extensions>
      </trkpt>
      <trkpt lat="46.7350771" lon="9.9542480">
        <ele>2597.0</ele>
        <time>2026-09-15T10:44:53Z</time>
        <extensions>
          <gpxdata:distance>1766.88</gpxdata:distance>
          <gpxdata:speed>0.635</gpxdata:speed>
        </extensions>
      </trkpt>
      <trkpt lat="46.7350511" lon="9.9542070">
        <ele>2597.9</ele>
        <time>2026-09-15T10:44:59Z</time>
        <extensions>
          <gpxdata:distance>1771.14</gpxdata:distance>
          <gpxdata:speed>0.648</gpxdata:speed>
        </extensions>
      </trkpt>
      <trkpt lat="46.7350161" lon="9.9541660">
        <ele>2598.9</ele>
        <time>2026-09-15T10:45:07Z</time>
        <extensions>
          <gpxdata:distance>1776.13</gpxdata:distance>
          <gpxdata:speed>0.645</gpxdata:speed>
        </extensions>
      </trkpt>
      <trkpt lat="46.7349641" lon="9.9540590">
        <ele>2600.6</ele>
        <time>2026-09-15T10:45:22Z</time>
        <extensions>
          <gpxdata:distance>1786.13</gpxdata:distance>
          <gpxdata:speed>0.645</gpxdata:speed>
        </extensions>
      </trkpt>
      <trkpt lat="46.7349461" lon="9.9540450">
        <ele>2600.6</ele>
        <time>2026-09-15T10:45:26Z</time>
        <extensions>
          <gpxdata:distance>1788.40</gpxdata:distance>
          <gpxdata:speed>0.641</gpxdata:speed>
        </extensions>
      </trkpt>
      <trkpt lat="46.7349201" lon="9.9540180">
        <ele>2600.1</ele>
        <time>2026-09-15T10:45:32Z</time>
        <extensions>
          <gpxdata:distance>1791.94</gpxdata:distance>
          <gpxdata:speed>0.633</gpxdata:speed>
        </extensions>
      </trkpt>
      <trkpt lat="46.7348951" lon="9.9539250">
        <ele>2601.8</ele>
        <time>2026-09-15T10:45:44Z</time>
        <extensions>
          <gpxdata:distance>1799.56</gpxdata:distance>
          <gpxdata:speed>0.636</gpxdata:speed>
        </extensions>
      </trkpt>
      <trkpt lat="46.7348601" lon="9.9538840">
        <ele>2602.7</ele>
        <time>2026-09-15T10:45:51Z</time>
        <extensions>
          <gpxdata:distance>1804.55</gpxdata:distance>
          <gpxdata:speed>0.636</gpxdata:speed>
        </extensions>
      </trkpt>
      <trkpt lat="46.7348251" lon="9.9538300">
        <ele>2603.2</ele>
        <time>2026-09-15T10:46:00Z</time>
        <extensions>
          <gpxdata:distance>1810.21</gpxdata:distance>
          <gpxdata:speed>0.633</gpxdata:speed>
        </extensions>
      </trkpt>
      <trkpt lat="46.7347551" lon="9.9537220">
        <ele>2605.4</ele>
        <time>2026-09-15T10:46:18Z</time>
        <extensions>
          <gpxdata:distance>1821.54</gpxdata:distance>
          <gpxdata:speed>0.632</gpxdata:speed>
        </extensions>
      </trkpt>
      <trkpt lat="46.7347041" lon="9.9536150">
        <ele>2606.9</ele>
        <time>2026-09-15T10:46:34Z</time>
        <extensions>
          <gpxdata:distance>1831.47</gpxdata:distance>
          <gpxdata:speed>0.632</gpxdata:speed>
        </extensions>
      </trkpt>
      <trkpt lat="46.7346861" lon="9.9535880">
        <ele>2607.2</ele>
        <time>2026-09-15T10:46:38Z</time>
        <extensions>
          <gpxdata:distance>1834.34</gpxdata:distance>
          <gpxdata:speed>0.649</gpxdata:speed>
        </extensions>
      </trkpt>
      <trkpt lat="46.7345881" lon="9.9535700">
        <ele>2608.1</ele>
        <time>2026-09-15T10:46:54Z</time>
        <extensions>
          <gpxdata:distance>1845.33</gpxdata:distance>
          <gpxdata:speed>0.688</gpxdata:speed>
        </extensions>
      </trkpt>
      <trkpt lat="46.7345521" lon="9.9535560">
        <ele>2608.7</ele>
        <time>2026-09-15T10:47:01Z</time>
        <extensions>
          <gpxdata:distance>1849.47</gpxdata:distance>
          <gpxdata:speed>0.673</gpxdata:speed>
        </extensions>
      </trkpt>
      <trkpt lat="46.7345171" lon="9.9535280">
        <ele>2609.8</ele>
        <time>2026-09-15T10:47:08Z</time>
        <extensions>
          <gpxdata:distance>1853.91</gpxdata:distance>
          <gpxdata:speed>0.633</gpxdata:speed>
        </extensions>
      </trkpt>
      <trkpt lat="46.7344911" lon="9.9534870">
        <ele>2610.7</ele>
        <time>2026-09-15T10:47:14Z</time>
        <extensions>
          <gpxdata:distance>1858.16</gpxdata:distance>
          <gpxdata:speed>0.631</gpxdata:speed>
        </extensions>
      </trkpt>
      <trkpt lat="46.7344821" lon="9.9534610">
        <ele>2611.6</ele>
        <time>2026-09-15T10:47:18Z</time>
        <extensions>
          <gpxdata:distance>1860.38</gpxdata:distance>
          <gpxdata:speed>0.634</gpxdata:speed>
        </extensions>
      </trkpt>
      <trkpt lat="46.7344651" lon="9.9534210">
        <ele>2613.0</ele>
        <time>2026-09-15T10:47:23Z</time>
        <extensions>
          <gpxdata:distance>1863.97</gpxdata:distance>
          <gpxdata:speed>0.642</gpxdata:speed>
        </extensions>
      </trkpt>
      <trkpt lat="46.7344571" lon="9.9533940">
        <ele>2613.7</ele>
        <time>2026-09-15T10:47:27Z</time>
        <extensions>
          <gpxdata:distance>1866.21</gpxdata:distance>
          <gpxdata:speed>0.644</gpxdata:speed>
        </extensions>
      </trkpt>
      <trkpt lat="46.7344571" lon="9.9533810">
        <ele>2614.7</ele>
        <time>2026-09-15T10:47:29Z</time>
        <extensions>
          <gpxdata:distance>1867.20</gpxdata:distance>
          <gpxdata:speed>0.580</gpxdata:speed>
        </extensions>
      </trkpt>
      <trkpt lat="46.7344841" lon="9.9533690">
        <ele>2615.7</ele>
        <time>2026-09-15T10:47:35Z</time>
        <extensions>
          <gpxdata:distance>1870.34</gpxdata:distance>
          <gpxdata:speed>0.513</gpxdata:speed>
        </extensions>
      </trkpt>
      <trkpt lat="46.7344761" lon="9.9533560">
        <ele>2615.9</ele>
        <time>2026-09-15T10:47:38Z</time>
        <extensions>
          <gpxdata:distance>1871.67</gpxdata:distance>
          <gpxdata:speed>0.461</gpxdata:speed>
        </extensions>
      </trkpt>
      <trkpt lat="46.7344671" lon="9.9533420">
        <ele>2616.7</ele>
        <time>2026-09-15T10:47:41Z</time>
        <extensions>
          <gpxdata:distance>1873.14</gpxdata:distance>
          <gpxdata:speed>0.461</gpxdata:speed>
        </extensions>
      </trkpt>
      <trkpt lat="46.7344761" lon="9.9533170">
        <ele>2617.7</ele>
        <time>2026-09-15T10:47:45Z</time>
        <extensions>
          <gpxdata:distance>1875.29</gpxdata:distance>
          <gpxdata:speed>0.461</gpxdata:speed>
        </extensions>
      </trkpt>
      <trkpt lat="46.7344771" lon="9.9533030">
        <ele>2618.1</ele>
        <time>2026-09-15T10:47:48Z</time>
        <extensions>
          <gpxdata:distance>1876.36</gpxdata:distance>
          <gpxdata:speed>0.461</gpxdata:speed>
        </extensions>
      </trkpt>
      <trkpt lat="46.7344681" lon="9.9532900">
        <ele>2619.6</ele>
        <time>2026-09-15T10:47:51Z</time>
        <extensions>
          <gpxdata:distance>1877.77</gpxdata:distance>
          <gpxdata:speed>0.461</gpxdata:speed>
        </extensions>
      </trkpt>
      <trkpt lat="46.7344781" lon="9.9532640">
        <ele>2620.2</ele>
        <time>2026-09-15T10:47:56Z</time>
        <extensions>
          <gpxdata:distance>1880.04</gpxdata:distance>
          <gpxdata:speed>0.461</gpxdata:speed>
        </extensions>
      </trkpt>
      <trkpt lat="46.7345221" lon="9.9532930">
        <ele>2621.8</ele>
        <time>2026-09-15T10:48:07Z</time>
        <extensions>
          <gpxdata:distance>1885.41</gpxdata:distance>
          <gpxdata:speed>0.461</gpxdata:speed>
        </extensions>
      </trkpt>
      <trkpt lat="46.7345221" lon="9.9532790">
        <ele>2621.9</ele>
        <time>2026-09-15T10:48:10Z</time>
        <extensions>
          <gpxdata:distance>1886.48</gpxdata:distance>
          <gpxdata:speed>0.461</gpxdata:speed>
        </extensions>
      </trkpt>
      <trkpt lat="46.7345051" lon="9.9532390">
        <ele>2623.1</ele>
        <time>2026-09-15T10:48:17Z</time>
        <extensions>
          <gpxdata:distance>1890.06</gpxdata:distance>
          <gpxdata:speed>0.461</gpxdata:speed>
        </extensions>
      </trkpt>
      <trkpt lat="46.7344881" lon="9.9531990">
        <ele>2624.0</ele>
        <time>2026-09-15T10:48:25Z</time>
        <extensions>
          <gpxdata:distance>1893.65</gpxdata:distance>
          <gpxdata:speed>0.461</gpxdata:speed>
        </extensions>
      </trkpt>
      <trkpt lat="46.7344881" lon="9.9531990">
        <ele>2624.0</ele>
        <time>2026-09-15T10:48:25Z</time>
        <extensions>
          <gpxdata:distance>1893.65</gpxdata:distance>
          <gpxdata:speed>0.000</gpxdata:speed>
        </extensions>
      </trkpt>
      <trkpt lat="46.7344451" lon="9.9531190">
        <ele>2624.9</ele>
        <time>2026-09-15T10:48:42Z</time>
        <extensions>
          <gpxdata:distance>1901.40</gpxdata:distance>
          <gpxdata:speed>0.461</gpxdata:speed>
        </extensions>
      </trkpt>
      <trkpt lat="46.7344091" lon="9.9531040">
        <ele>2625.4</ele>
        <time>2026-09-15T10:48:51Z</time>
        <extensions>
          <gpxdata:distance>1905.56</gpxdata:distance>
          <gpxdata:speed>0.461</gpxdata:speed>
        </extensions>
      </trkpt>
      <trkpt lat="46.7343481" lon="9.9530100">
        <ele>2627.4</ele>
        <time>2026-09-15T10:49:07Z</time>
        <extensions>
          <gpxdata:distance>1915.43</gpxdata:distance>
          <gpxdata:speed>0.622</gpxdata:speed>
        </extensions>
      </trkpt>
      <trkpt lat="46.7342781" lon="9.9529410">
        <ele>2629.2</ele>
        <time>2026-09-15T10:49:21Z</time>
        <extensions>
          <gpxdata:distance>1924.82</gpxdata:distance>
          <gpxdata:speed>0.645</gpxdata:speed>
        </extensions>
      </trkpt>
      <trkpt lat="46.7342691" lon="9.9529270">
        <ele>2629.3</ele>
        <time>2026-09-15T10:49:24Z</time>
        <extensions>
          <gpxdata:distance>1926.28</gpxdata:distance>
          <gpxdata:speed>0.643</gpxdata:speed>
        </extensions>
      </trkpt>
      <trkpt lat="46.7342871" lon="9.9529280">
        <ele>2629.8</ele>
        <time>2026-09-15T10:49:27Z</time>
        <extensions>
          <gpxdata:distance>1928.29</gpxdata:distance>
          <gpxdata:speed>0.645</gpxdata:speed>
        </extensions>
      </trkpt>
      <trkpt lat="46.7343321" lon="9.9529430">
        <ele>2631.1</ele>
        <time>2026-09-15T10:49:35Z</time>
        <extensions>
          <gpxdata:distance>1933.42</gpxdata:distance>
          <gpxdata:speed>0.643</gpxdata:speed>
        </extensions>
      </trkpt>
      <trkpt lat="46.7344471" lon="9.9530010">
        <ele>2631.2</ele>
        <time>2026-09-15T10:49:55Z</time>
        <extensions>
          <gpxdata:distance>1946.95</gpxdata:distance>
          <gpxdata:speed>0.667</gpxdata:speed>
        </extensions>
      </trkpt>
      <trkpt lat="46.7344471" lon="9.9530010">
        <ele>2631.2</ele>
        <time>2026-09-15T10:49:55Z</time>
        <extensions>
          <gpxdata:distance>1946.95</gpxdata:distance>
          <gpxdata:speed>0.000</gpxdata:speed>
        </extensions>
      </trkpt>
      <trkpt lat="46.7344571" lon="9.9529880">
        <ele>2631.7</ele>
        <time>2026-09-15T10:49:57Z</time>
        <extensions>
          <gpxdata:distance>1948.44</gpxdata:distance>
          <gpxdata:speed>0.644</gpxdata:speed>
        </extensions>
      </trkpt>
      <trkpt lat="46.7344571" lon="9.9529750">
        <ele>2631.9</ele>
        <time>2026-09-15T10:49:59Z</time>
        <extensions>
          <gpxdata:distance>1949.43</gpxdata:distance>
          <gpxdata:speed>0.635</gpxdata:speed>
        </extensions>
      </trkpt>
      <trkpt lat="46.7344481" lon="9.9529620">
        <ele>2632.4</ele>
        <time>2026-09-15T10:50:01Z</time>
        <extensions>
          <gpxdata:distance>1950.84</gpxdata:distance>
          <gpxdata:speed>0.652</gpxdata:speed>
        </extensions>
      </trkpt>
      <trkpt lat="46.7343511" lon="9.9529050">
        <ele>2634.8</ele>
        <time>2026-09-15T10:50:19Z</time>
        <extensions>
          <gpxdata:distance>1962.47</gpxdata:distance>
          <gpxdata:speed>0.633</gpxdata:speed>
        </extensions>
      </trkpt>
      <trkpt lat="46.7343331" lon="9.9528650">
        <ele>2635.5</ele>
        <time>2026-09-15T10:50:25Z</time>
        <extensions>
          <gpxdata:distance>1966.11</gpxdata:distance>
          <gpxdata:speed>0.632</gpxdata:speed>
        </extensions>
      </trkpt>
      <trkpt lat="46.7343071" lon="9.9528240">
        <ele>2636.7</ele>
        <time>2026-09-15T10:50:32Z</time>
        <extensions>
          <gpxdata:distance>1970.37</gpxdata:distance>
          <gpxdata:speed>0.635</gpxdata:speed>
        </extensions>
      </trkpt>
      <trkpt lat="46.7342641" lon="9.9527570">
        <ele>2637.8</ele>
        <time>2026-09-15T10:50:43Z</time>
        <extensions>
          <gpxdata:distance>1977.37</gpxdata:distance>
          <gpxdata:speed>0.631</gpxdata:speed>
        </extensions>
      </trkpt>
      <trkpt lat="46.7342651" lon="9.9527050">
        <ele>2639.3</ele>
        <time>2026-09-15T10:50:51Z</time>
        <extensions>
          <gpxdata:distance>1981.33</gpxdata:distance>
          <gpxdata:speed>0.515</gpxdata:speed>
        </extensions>
      </trkpt>
      <trkpt lat="46.7342471" lon="9.9526910">
        <ele>2640.4</ele>
        <time>2026-09-15T10:50:56Z</time>
        <extensions>
          <gpxdata:distance>1983.60</gpxdata:distance>
          <gpxdata:speed>0.461</gpxdata:speed>
        </extensions>
      </trkpt>
      <trkpt lat="46.7342571" lon="9.9526650">
        <ele>2641.7</ele>
        <time>2026-09-15T10:51:01Z</time>
        <extensions>
          <gpxdata:distance>1985.87</gpxdata:distance>
          <gpxdata:speed>0.461</gpxdata:speed>
        </extensions>
      </trkpt>
      <trkpt lat="46.7342581" lon="9.9526260">
        <ele>2643.2</ele>
        <time>2026-09-15T10:51:07Z</time>
        <extensions>
          <gpxdata:distance>1988.84</gpxdata:distance>
          <gpxdata:speed>0.461</gpxdata:speed>
        </extensions>
      </trkpt>
      <trkpt lat="46.7342491" lon="9.9526120">
        <ele>2644.0</ele>
        <time>2026-09-15T10:51:10Z</time>
        <extensions>
          <gpxdata:distance>1990.31</gpxdata:distance>
          <gpxdata:speed>0.461</gpxdata:speed>
        </extensions>
      </trkpt>
      <trkpt lat="46.7342311" lon="9.9525980">
        <ele>2644.6</ele>
        <time>2026-09-15T10:51:15Z</time>
        <extensions>
          <gpxdata:distance>1992.58</gpxdata:distance>
          <gpxdata:speed>0.461</gpxdata:speed>
        </extensions>
      </trkpt>
      <trkpt lat="46.7342051" lon="9.9525840">
        <ele>2645.5</ele>
        <time>2026-09-15T10:51:22Z</time>
        <extensions>
          <gpxdata:distance>1995.66</gpxdata:distance>
          <gpxdata:speed>0.461</gpxdata:speed>
        </extensions>
      </trkpt>
      <trkpt lat="46.7341781" lon="9.9525830">
        <ele>2644.9</ele>
        <time>2026-09-15T10:51:28Z</time>
        <extensions>
          <gpxdata:distance>1998.66</gpxdata:distance>
          <gpxdata:speed>0.461</gpxdata:speed>
        </extensions>
      </trkpt>
      <trkpt lat="46.7341421" lon="9.9525810">
        <ele>2644.4</ele>
        <time>2026-09-15T10:51:37Z</time>
        <extensions>
          <gpxdata:distance>2002.67</gpxdata:distance>
          <gpxdata:speed>0.461</gpxdata:speed>
        </extensions>
      </trkpt>
      <trkpt lat="46.7341151" lon="9.9525800">
        <ele>2644.4</ele>
        <time>2026-09-15T10:51:42Z</time>
        <extensions>
          <gpxdata:distance>2005.67</gpxdata:distance>
          <gpxdata:speed>0.613</gpxdata:speed>
        </extensions>
      </trkpt>
      <trkpt lat="46.7341241" lon="9.9525540">
        <ele>2645.5</ele>
        <time>2026-09-15T10:51:45Z</time>
        <extensions>
          <gpxdata:distance>2007.89</gpxdata:distance>
          <gpxdata:speed>0.612</gpxdata:speed>
        </extensions>
      </trkpt>
      <trkpt lat="46.7341341" lon="9.9525280">
        <ele>2646.4</ele>
        <time>2026-09-15T10:51:49Z</time>
        <extensions>
          <gpxdata:distance>2010.16</gpxdata:distance>
          <gpxdata:speed>0.646</gpxdata:speed>
        </extensions>
      </trkpt>
      <trkpt lat="46.7341251" lon="9.9525150">
        <ele>2647.0</ele>
        <time>2026-09-15T10:51:51Z</time>
        <extensions>
          <gpxdata:distance>2011.57</gpxdata:distance>
          <gpxdata:speed>0.637</gpxdata:speed>
        </extensions>
      </trkpt>
      <trkpt lat="46.7341071" lon="9.9525140">
        <ele>2647.6</ele>
        <time>2026-09-15T10:51:54Z</time>
        <extensions>
          <gpxdata:distance>2013.57</gpxdata:distance>
          <gpxdata:speed>0.632</gpxdata:speed>
        </extensions>
      </trkpt>
      <trkpt lat="46.7340981" lon="9.9525000">
        <ele>2648.3</ele>
        <time>2026-09-15T10:51:57Z</time>
        <extensions>
          <gpxdata:distance>2015.04</gpxdata:distance>
          <gpxdata:speed>0.636</gpxdata:speed>
        </extensions>
      </trkpt>
      <trkpt lat="46.7341081" lon="9.9524750">
        <ele>2648.5</ele>
        <time>2026-09-15T10:52:00Z</time>
        <extensions>
          <gpxdata:distance>2017.24</gpxdata:distance>
          <gpxdata:speed>0.658</gpxdata:speed>
        </extensions>
      </trkpt>
      <trkpt lat="46.7341711" lon="9.9524910">
        <ele>2649.1</ele>
        <time>2026-09-15T10:52:11Z</time>
        <extensions>
          <gpxdata:distance>2024.35</gpxdata:distance>
          <gpxdata:speed>0.635</gpxdata:speed>
        </extensions>
      </trkpt>
      <trkpt lat="46.7341891" lon="9.9524780">
        <ele>2650.6</ele>
        <time>2026-09-15T10:52:16Z</time>
        <extensions>
          <gpxdata:distance>2026.59</gpxdata:distance>
          <gpxdata:speed>0.461</gpxdata:speed>
        </extensions>
      </trkpt>
      <trkpt lat="46.7341981" lon="9.9524660">
        <ele>2651.3</ele>
        <time>2026-09-15T10:52:19Z</time>
        <extensions>
          <gpxdata:distance>2027.94</gpxdata:distance>
          <gpxdata:speed>0.461</gpxdata:speed>
        </extensions>
      </trkpt>
      <trkpt lat="46.7341891" lon="9.9524520">
        <ele>2651.7</ele>
        <time>2026-09-15T10:52:22Z</time>
        <extensions>
          <gpxdata:distance>2029.40</gpxdata:distance>
          <gpxdata:speed>0.461</gpxdata:speed>
        </extensions>
      </trkpt>
      <trkpt lat="46.7341721" lon="9.9524380">
        <ele>2652.3</ele>
        <time>2026-09-15T10:52:27Z</time>
        <extensions>
          <gpxdata:distance>2031.57</gpxdata:distance>
          <gpxdata:speed>0.461</gpxdata:speed>
        </extensions>
      </trkpt>
      <trkpt lat="46.7341191" lon="9.9523970">
        <ele>2653.4</ele>
        <time>2026-09-15T10:52:40Z</time>
        <extensions>
          <gpxdata:distance>2038.24</gpxdata:distance>
          <gpxdata:speed>0.499</gpxdata:speed>
        </extensions>
      </trkpt>
      <trkpt lat="46.7340561" lon="9.9523940">
        <ele>2653.2</ele>
        <time>2026-09-15T10:52:51Z</time>
        <extensions>
          <gpxdata:distance>2045.25</gpxdata:distance>
          <gpxdata:speed>0.640</gpxdata:speed>
        </extensions>
      </trkpt>
      <trkpt lat="46.7339941" lon="9.9523519">
        <ele>2654.7</ele>
        <time>2026-09-15T10:53:03Z</time>
        <extensions>
          <gpxdata:distance>2052.86</gpxdata:distance>
          <gpxdata:speed>0.637</gpxdata:speed>
        </extensions>
      </trkpt>
      <trkpt lat="46.7339581" lon="9.9523239">
        <ele>2655.1</ele>
        <time>2026-09-15T10:53:10Z</time>
        <extensions>
          <gpxdata:distance>2057.39</gpxdata:distance>
          <gpxdata:speed>0.636</gpxdata:speed>
        </extensions>
      </trkpt>
      <trkpt lat="46.7339311" lon="9.9523219">
        <ele>2655.1</ele>
        <time>2026-09-15T10:53:15Z</time>
        <extensions>
          <gpxdata:distance>2060.40</gpxdata:distance>
          <gpxdata:speed>0.636</gpxdata:speed>
        </extensions>
      </trkpt>
      <trkpt lat="46.7339231" lon="9.9522829">
        <ele>2656.2</ele>
        <time>2026-09-15T10:53:20Z</time>
        <extensions>
          <gpxdata:distance>2063.50</gpxdata:distance>
          <gpxdata:speed>0.631</gpxdata:speed>
        </extensions>
      </trkpt>
      <trkpt lat="46.7338521" lon="9.9522529">
        <ele>2657.7</ele>
        <time>2026-09-15T10:53:33Z</time>
        <extensions>
          <gpxdata:distance>2071.72</gpxdata:distance>
          <gpxdata:speed>0.640</gpxdata:speed>
        </extensions>
      </trkpt>
      <trkpt lat="46.7337181" lon="9.9521819">
        <ele>2658.5</ele>
        <time>2026-09-15T10:53:55Z</time>
        <extensions>
          <gpxdata:distance>2087.57</gpxdata:distance>
          <gpxdata:speed>0.712</gpxdata:speed>
        </extensions>
      </trkpt>
      <trkpt lat="46.7336651" lon="9.9521789">
        <ele>2658.7</ele>
        <time>2026-09-15T10:54:03Z</time>
        <extensions>
          <gpxdata:distance>2093.47</gpxdata:distance>
          <gpxdata:speed>0.745</gpxdata:speed>
        </extensions>
      </trkpt>
      <trkpt lat="46.7335661" lon="9.9521349">
        <ele>2660.2</ele>
        <time>2026-09-15T10:54:18Z</time>
        <extensions>
          <gpxdata:distance>2104.98</gpxdata:distance>
          <gpxdata:speed>0.749</gpxdata:speed>
        </extensions>
      </trkpt>
      <trkpt lat="46.7335401" lon="9.9521079">
        <ele>2660.7</ele>
        <time>2026-09-15T10:54:23Z</time>
        <extensions>
          <gpxdata:distance>2108.53</gpxdata:distance>
          <gpxdata:speed>0.708</gpxdata:speed>
        </extensions>
      </trkpt>
      <trkpt lat="46.7335051" lon="9.9520539">
        <ele>2661.5</ele>
        <time>2026-09-15T10:54:31Z</time>
        <extensions>
          <gpxdata:distance>2114.19</gpxdata:distance>
          <gpxdata:speed>0.727</gpxdata:speed>
        </extensions>
      </trkpt>
      <trkpt lat="46.7334701" lon="9.9519999">
        <ele>2662.4</ele>
        <time>2026-09-15T10:54:39Z</time>
        <extensions>
          <gpxdata:distance>2119.86</gpxdata:distance>
          <gpxdata:speed>0.712</gpxdata:speed>
        </extensions>
      </trkpt>
      <trkpt lat="46.7333651" lon="9.9518769">
        <ele>2663.9</ele>
        <time>2026-09-15T10:55:00Z</time>
        <extensions>
          <gpxdata:distance>2134.83</gpxdata:distance>
          <gpxdata:speed>0.709</gpxdata:speed>
        </extensions>
      </trkpt>
      <trkpt lat="46.7333211" lon="9.9518359">
        <ele>2664.7</ele>
        <time>2026-09-15T10:55:08Z</time>
        <extensions>
          <gpxdata:distance>2140.64</gpxdata:distance>
          <gpxdata:speed>0.729</gpxdata:speed>
        </extensions>
      </trkpt>
      <trkpt lat="46.7332951" lon="9.9517949">
        <ele>2665.8</ele>
        <time>2026-09-15T10:55:14Z</time>
        <extensions>
          <gpxdata:distance>2144.89</gpxdata:distance>
          <gpxdata:speed>0.727</gpxdata:speed>
        </extensions>
      </trkpt>
      <trkpt lat="46.7332331" lon="9.9517399">
        <ele>2666.6</ele>
        <time>2026-09-15T10:55:26Z</time>
        <extensions>
          <gpxdata:distance>2152.96</gpxdata:distance>
          <gpxdata:speed>0.695</gpxdata:speed>
        </extensions>
      </trkpt>
      <trkpt lat="46.7331371" lon="9.9516179">
        <ele>2668.9</ele>
        <time>2026-09-15T10:55:47Z</time>
        <extensions>
          <gpxdata:distance>2167.12</gpxdata:distance>
          <gpxdata:speed>0.659</gpxdata:speed>
        </extensions>
      </trkpt>
      <trkpt lat="46.7330931" lon="9.9515629">
        <ele>2669.7</ele>
        <time>2026-09-15T10:55:57Z</time>
        <extensions>
          <gpxdata:distance>2173.56</gpxdata:distance>
          <gpxdata:speed>0.659</gpxdata:speed>
        </extensions>
      </trkpt>
      <trkpt lat="46.7330411" lon="9.9514559">
        <ele>2670.3</ele>
        <time>2026-09-15T10:56:11Z</time>
        <extensions>
          <gpxdata:distance>2183.56</gpxdata:distance>
          <gpxdata:speed>0.685</gpxdata:speed>
        </extensions>
      </trkpt>
      <trkpt lat="46.7329881" lon="9.9514279">
        <ele>2671.1</ele>
        <time>2026-09-15T10:56:21Z</time>
        <extensions>
          <gpxdata:distance>2189.82</gpxdata:distance>
          <gpxdata:speed>0.687</gpxdata:speed>
        </extensions>
      </trkpt>
      <trkpt lat="46.7329531" lon="9.9513869">
        <ele>2671.5</ele>
        <time>2026-09-15T10:56:28Z</time>
        <extensions>
          <gpxdata:distance>2194.81</gpxdata:distance>
          <gpxdata:speed>0.701</gpxdata:speed>
        </extensions>
      </trkpt>
      <trkpt lat="46.7329081" lon="9.9513719">
        <ele>2671.5</ele>
        <time>2026-09-15T10:56:35Z</time>
        <extensions>
          <gpxdata:distance>2199.95</gpxdata:distance>
          <gpxdata:speed>0.713</gpxdata:speed>
        </extensions>
      </trkpt>
      <trkpt lat="46.7328641" lon="9.9513299">
        <ele>2672.2</ele>
        <time>2026-09-15T10:56:43Z</time>
        <extensions>
          <gpxdata:distance>2205.79</gpxdata:distance>
          <gpxdata:speed>0.717</gpxdata:speed>
        </extensions>
      </trkpt>
      <trkpt lat="46.7328371" lon="9.9513419">
        <ele>2671.9</ele>
        <time>2026-09-15T10:56:47Z</time>
        <extensions>
          <gpxdata:distance>2208.93</gpxdata:distance>
          <gpxdata:speed>0.766</gpxdata:speed>
        </extensions>
      </trkpt>
      <trkpt lat="46.7328111" lon="9.9513019">
        <ele>2673.0</ele>
        <time>2026-09-15T10:56:53Z</time>
        <extensions>
          <gpxdata:distance>2213.13</gpxdata:distance>
          <gpxdata:speed>0.738</gpxdata:speed>
        </extensions>
      </trkpt>
      <trkpt lat="46.7328021" lon="9.9513009">
        <ele>2674.1</ele>
        <time>2026-09-15T10:56:54Z</time>
        <extensions>
          <gpxdata:distance>2214.14</gpxdata:distance>
          <gpxdata:speed>0.728</gpxdata:speed>
        </extensions>
      </trkpt>
      <trkpt lat="46.7327841" lon="9.9513129">
        <ele>2673.7</ele>
        <time>2026-09-15T10:56:57Z</time>
        <extensions>
          <gpxdata:distance>2216.34</gpxdata:distance>
          <gpxdata:speed>0.771</gpxdata:speed>
        </extensions>
      </trkpt>
      <trkpt lat="46.7327481" lon="9.9512989">
        <ele>2673.3</ele>
        <time>2026-09-15T10:57:02Z</time>
        <extensions>
          <gpxdata:distance>2220.48</gpxdata:distance>
          <gpxdata:speed>0.803</gpxdata:speed>
        </extensions>
      </trkpt>
      <trkpt lat="46.7327391" lon="9.9512719">
        <ele>2673.7</ele>
        <time>2026-09-15T10:57:05Z</time>
        <extensions>
          <gpxdata:distance>2222.77</gpxdata:distance>
          <gpxdata:speed>0.809</gpxdata:speed>
        </extensions>
      </trkpt>
      <trkpt lat="46.7326951" lon="9.9512569">
        <ele>2674.1</ele>
        <time>2026-09-15T10:57:11Z</time>
        <extensions>
          <gpxdata:distance>2227.79</gpxdata:distance>
          <gpxdata:speed>0.810</gpxdata:speed>
        </extensions>
      </trkpt>
      <trkpt lat="46.7326411" lon="9.9512279">
        <ele>2674.4</ele>
        <time>2026-09-15T10:57:19Z</time>
        <extensions>
          <gpxdata:distance>2234.19</gpxdata:distance>
          <gpxdata:speed>0.794</gpxdata:speed>
        </extensions>
      </trkpt>
      <trkpt lat="46.7326231" lon="9.9512539">
        <ele>2674.1</ele>
        <time>2026-09-15T10:57:23Z</time>
        <extensions>
          <gpxdata:distance>2237.01</gpxdata:distance>
          <gpxdata:speed>0.857</gpxdata:speed>
        </extensions>
      </trkpt>
      <trkpt lat="46.7325961" lon="9.9512389">
        <ele>2674.7</ele>
        <time>2026-09-15T10:57:27Z</time>
        <extensions>
          <gpxdata:distance>2240.22</gpxdata:distance>
          <gpxdata:speed>0.782</gpxdata:speed>
        </extensions>
      </trkpt>
      <trkpt lat="46.7325151" lon="9.9512488">
        <ele>2675.2</ele>
        <time>2026-09-15T10:57:37Z</time>
        <extensions>
          <gpxdata:distance>2249.26</gpxdata:distance>
          <gpxdata:speed>0.857</gpxdata:speed>
        </extensions>
      </trkpt>
      <trkpt lat="46.7324531" lon="9.9512188">
        <ele>2676.3</ele>
        <time>2026-09-15T10:57:46Z</time>
        <extensions>
          <gpxdata:distance>2256.52</gpxdata:distance>
          <gpxdata:speed>0.880</gpxdata:speed>
        </extensions>
      </trkpt>
      <trkpt lat="46.7323721" lon="9.9512158">
        <ele>2678.7</ele>
        <time>2026-09-15T10:57:58Z</time>
        <extensions>
          <gpxdata:distance>2265.53</gpxdata:distance>
          <gpxdata:speed>0.750</gpxdata:speed>
        </extensions>
      </trkpt>
      <trkpt lat="46.7323631" lon="9.9512148">
        <ele>2679.1</ele>
        <time>2026-09-15T10:57:59Z</time>
        <extensions>
          <gpxdata:distance>2266.54</gpxdata:distance>
          <gpxdata:speed>0.690</gpxdata:speed>
        </extensions>
      </trkpt>
      <trkpt lat="46.7323731" lon="9.9511758">
        <ele>2680.4</ele>
        <time>2026-09-15T10:58:04Z</time>
        <extensions>
          <gpxdata:distance>2269.71</gpxdata:distance>
          <gpxdata:speed>0.648</gpxdata:speed>
        </extensions>
      </trkpt>
      <trkpt lat="46.7323911" lon="9.9511508">
        <ele>2681.0</ele>
        <time>2026-09-15T10:58:08Z</time>
        <extensions>
          <gpxdata:distance>2272.47</gpxdata:distance>
          <gpxdata:speed>0.632</gpxdata:speed>
        </extensions>
      </trkpt>
      <trkpt lat="46.7323821" lon="9.9511378">
        <ele>2681.4</ele>
        <time>2026-09-15T10:58:10Z</time>
        <extensions>
          <gpxdata:distance>2273.88</gpxdata:distance>
          <gpxdata:speed>0.640</gpxdata:speed>
        </extensions>
      </trkpt>
      <trkpt lat="46.7323381" lon="9.9511088">
        <ele>2682.9</ele>
        <time>2026-09-15T10:58:19Z</time>
        <extensions>
          <gpxdata:distance>2279.25</gpxdata:distance>
          <gpxdata:speed>0.618</gpxdata:speed>
        </extensions>
      </trkpt>
      <trkpt lat="46.7323381" lon="9.9510958">
        <ele>2683.3</ele>
        <time>2026-09-15T10:58:21Z</time>
        <extensions>
          <gpxdata:distance>2280.24</gpxdata:distance>
          <gpxdata:speed>0.593</gpxdata:speed>
        </extensions>
      </trkpt>
      <trkpt lat="46.7323481" lon="9.9510838">
        <ele>2683.6</ele>
        <time>2026-09-15T10:58:24Z</time>
        <extensions>
          <gpxdata:distance>2281.68</gpxdata:distance>
          <gpxdata:speed>0.461</gpxdata:speed>
        </extensions>
      </trkpt>
      <trkpt lat="46.7323741" lon="9.9510978">
        <ele>2684.2</ele>
        <time>2026-09-15T10:58:31Z</time>
        <extensions>
          <gpxdata:distance>2284.76</gpxdata:distance>
          <gpxdata:speed>0.461</gpxdata:speed>
        </extensions>
      </trkpt>
      <trkpt lat="46.7323751" lon="9.9510848">
        <ele>2684.6</ele>
        <time>2026-09-15T10:58:33Z</time>
        <extensions>
          <gpxdata:distance>2285.76</gpxdata:distance>
          <gpxdata:speed>0.461</gpxdata:speed>
        </extensions>
      </trkpt>
      <trkpt lat="46.7323661" lon="9.9510708">
        <ele>2685.0</ele>
        <time>2026-09-15T10:58:36Z</time>
        <extensions>
          <gpxdata:distance>2287.22</gpxdata:distance>
          <gpxdata:speed>0.461</gpxdata:speed>
        </extensions>
      </trkpt>
      <trkpt lat="46.7323481" lon="9.9510438">
        <ele>2685.3</ele>
        <time>2026-09-15T10:58:42Z</time>
        <extensions>
          <gpxdata:distance>2290.09</gpxdata:distance>
          <gpxdata:speed>0.497</gpxdata:speed>
        </extensions>
      </trkpt>
      <trkpt lat="46.7323581" lon="9.9510318">
        <ele>2686.1</ele>
        <time>2026-09-15T10:58:45Z</time>
        <extensions>
          <gpxdata:distance>2291.53</gpxdata:distance>
          <gpxdata:speed>0.461</gpxdata:speed>
        </extensions>
      </trkpt>
      <trkpt lat="46.7324471" lon="9.9510618">
        <ele>2690.0</ele>
        <time>2026-09-15T10:59:07Z</time>
        <extensions>
          <gpxdata:distance>2301.69</gpxdata:distance>
          <gpxdata:speed>0.461</gpxdata:speed>
        </extensions>
      </trkpt>
      <trkpt lat="46.7324561" lon="9.9510628">
        <ele>2690.0</ele>
        <time>2026-09-15T10:59:09Z</time>
        <extensions>
          <gpxdata:distance>2302.69</gpxdata:distance>
          <gpxdata:speed>0.461</gpxdata:speed>
        </extensions>
      </trkpt>
      <trkpt lat="46.7324571" lon="9.9510358">
        <ele>2690.6</ele>
        <time>2026-09-15T10:59:13Z</time>
        <extensions>
          <gpxdata:distance>2304.75</gpxdata:distance>
          <gpxdata:speed>0.461</gpxdata:speed>
        </extensions>
      </trkpt>
      <trkpt lat="46.7324571" lon="9.9510098">
        <ele>2691.5</ele>
        <time>2026-09-15T10:59:18Z</time>
        <extensions>
          <gpxdata:distance>2306.74</gpxdata:distance>
          <gpxdata:speed>0.461</gpxdata:speed>
        </extensions>
      </trkpt>
      <trkpt lat="46.7324131" lon="9.9509558">
        <ele>2693.1</ele>
        <time>2026-09-15T10:59:32Z</time>
        <extensions>
          <gpxdata:distance>2313.13</gpxdata:distance>
          <gpxdata:speed>0.461</gpxdata:speed>
        </extensions>
      </trkpt>
      <trkpt lat="46.7323961" lon="9.9509158">
        <ele>2694.5</ele>
        <time>2026-09-15T10:59:39Z</time>
        <extensions>
          <gpxdata:distance>2316.72</gpxdata:distance>
          <gpxdata:speed>0.461</gpxdata:speed>
        </extensions>
      </trkpt>
      <trkpt lat="46.7323441" lon="9.9508478">
        <ele>2697.8</ele>
        <time>2026-09-15T10:59:56Z</time>
        <extensions>
          <gpxdata:distance>2324.48</gpxdata:distance>
          <gpxdata:speed>0.461</gpxdata:speed>
        </extensions>
      </trkpt>
      <trkpt lat="46.7323261" lon="9.9508208">
        <ele>2697.7</ele>
        <time>2026-09-15T11:00:02Z</time>
        <extensions>
          <gpxdata:distance>2327.35</gpxdata:distance>
          <gpxdata:speed>0.461</gpxdata:speed>
        </extensions>
      </trkpt>
      <trkpt lat="46.7322911" lon="9.9507928">
        <ele>2697.2</ele>
        <time>2026-09-15T11:00:12Z</time>
        <extensions>
          <gpxdata:distance>2331.79</gpxdata:distance>
          <gpxdata:speed>0.461</gpxdata:speed>
        </extensions>
      </trkpt>
      <trkpt lat="46.7322911" lon="9.9507928">
        <ele>2697.2</ele>
        <time>2026-09-15T11:00:12Z</time>
        <extensions>
          <gpxdata:distance>2331.79</gpxdata:distance>
          <gpxdata:speed>0.000</gpxdata:speed>
        </extensions>
      </trkpt>
      <trkpt lat="46.7322561" lon="9.9507648">
        <ele>2697.4</ele>
        <time>2026-09-15T11:00:20Z</time>
        <extensions>
          <gpxdata:distance>2336.23</gpxdata:distance>
          <gpxdata:speed>0.571</gpxdata:speed>
        </extensions>
      </trkpt>
      <trkpt lat="46.7322281" lon="9.9507768">
        <ele>2696.4</ele>
        <time>2026-09-15T11:00:25Z</time>
        <extensions>
          <gpxdata:distance>2339.47</gpxdata:distance>
          <gpxdata:speed>0.637</gpxdata:speed>
        </extensions>
      </trkpt>
      <trkpt lat="46.7321931" lon="9.9507618">
        <ele>2697.2</ele>
        <time>2026-09-15T11:00:31Z</time>
        <extensions>
          <gpxdata:distance>2343.53</gpxdata:distance>
          <gpxdata:speed>0.632</gpxdata:speed>
        </extensions>
      </trkpt>
      <trkpt lat="46.7321571" lon="9.9507338">
        <ele>2698.6</ele>
        <time>2026-09-15T11:00:39Z</time>
        <extensions>
          <gpxdata:distance>2348.07</gpxdata:distance>
          <gpxdata:speed>0.633</gpxdata:speed>
        </extensions>
      </trkpt>
      <trkpt lat="46.7321671" lon="9.9506828">
        <ele>2700.4</ele>
        <time>2026-09-15T11:00:45Z</time>
        <extensions>
          <gpxdata:distance>2352.11</gpxdata:distance>
          <gpxdata:speed>0.636</gpxdata:speed>
        </extensions>
      </trkpt>
      <trkpt lat="46.7321771" lon="9.9506698">
        <ele>2700.8</ele>
        <time>2026-09-15T11:00:47Z</time>
        <extensions>
          <gpxdata:distance>2353.60</gpxdata:distance>
          <gpxdata:speed>0.746</gpxdata:speed>
        </extensions>
      </trkpt>
      <trkpt lat="46.7321411" lon="9.9506548">
        <ele>2702.2</ele>
        <time>2026-09-15T11:00:53Z</time>
        <extensions>
          <gpxdata:distance>2357.76</gpxdata:distance>
          <gpxdata:speed>0.635</gpxdata:speed>
        </extensions>
      </trkpt>
      <trkpt lat="46.7321231" lon="9.9506408">
        <ele>2703.0</ele>
        <time>2026-09-15T11:00:57Z</time>
        <extensions>
          <gpxdata:distance>2360.03</gpxdata:distance>
          <gpxdata:speed>0.629</gpxdata:speed>
        </extensions>
      </trkpt>
      <trkpt lat="46.7320881" lon="9.9506128">
        <ele>2704.1</ele>
        <time>2026-09-15T11:01:04Z</time>
        <extensions>
          <gpxdata:distance>2364.47</gpxdata:distance>
          <gpxdata:speed>0.607</gpxdata:speed>
        </extensions>
      </trkpt>
      <trkpt lat="46.7320881" lon="9.9505998">
        <ele>2704.4</ele>
        <time>2026-09-15T11:01:06Z</time>
        <extensions>
          <gpxdata:distance>2365.46</gpxdata:distance>
          <gpxdata:speed>0.501</gpxdata:speed>
        </extensions>
      </trkpt>
      <trkpt lat="46.7321071" lon="9.9505878">
        <ele>2704.8</ele>
        <time>2026-09-15T11:01:11Z</time>
        <extensions>
          <gpxdata:distance>2367.76</gpxdata:distance>
          <gpxdata:speed>0.461</gpxdata:speed>
        </extensions>
      </trkpt>
      <trkpt lat="46.7320801" lon="9.9505608">
        <ele>2706.3</ele>
        <time>2026-09-15T11:01:19Z</time>
        <extensions>
          <gpxdata:distance>2371.40</gpxdata:distance>
          <gpxdata:speed>0.461</gpxdata:speed>
        </extensions>
      </trkpt>
      <trkpt lat="46.7320531" lon="9.9505458">
        <ele>2707.3</ele>
        <time>2026-09-15T11:01:26Z</time>
        <extensions>
          <gpxdata:distance>2374.61</gpxdata:distance>
          <gpxdata:speed>0.461</gpxdata:speed>
        </extensions>
      </trkpt>
      <trkpt lat="46.7320631" lon="9.9505078">
        <ele>2708.3</ele>
        <time>2026-09-15T11:01:33Z</time>
        <extensions>
          <gpxdata:distance>2377.72</gpxdata:distance>
          <gpxdata:speed>0.461</gpxdata:speed>
        </extensions>
      </trkpt>
      <trkpt lat="46.7320011" lon="9.9504648">
        <ele>2711.5</ele>
        <time>2026-09-15T11:01:49Z</time>
        <extensions>
          <gpxdata:distance>2385.35</gpxdata:distance>
          <gpxdata:speed>0.461</gpxdata:speed>
        </extensions>
      </trkpt>
      <trkpt lat="46.7320111" lon="9.9504398">
        <ele>2712.6</ele>
        <time>2026-09-15T11:01:54Z</time>
        <extensions>
          <gpxdata:distance>2387.55</gpxdata:distance>
          <gpxdata:speed>0.461</gpxdata:speed>
        </extensions>
      </trkpt>
      <trkpt lat="46.7320041" lon="9.9503218">
        <ele>2716.4</ele>
        <time>2026-09-15T11:02:14Z</time>
        <extensions>
          <gpxdata:distance>2396.58</gpxdata:distance>
          <gpxdata:speed>0.461</gpxdata:speed>
        </extensions>
      </trkpt>
      <trkpt lat="46.7319701" lon="9.9502548">
        <ele>2718.2</ele>
        <time>2026-09-15T11:02:28Z</time>
        <extensions>
          <gpxdata:distance>2402.94</gpxdata:distance>
          <gpxdata:speed>0.461</gpxdata:speed>
        </extensions>
      </trkpt>
      <trkpt lat="46.7319251" lon="9.9502388">
        <ele>2719.2</ele>
        <time>2026-09-15T11:02:39Z</time>
        <extensions>
          <gpxdata:distance>2408.09</gpxdata:distance>
          <gpxdata:speed>0.461</gpxdata:speed>
        </extensions>
      </trkpt>
      <trkpt lat="46.7318901" lon="9.9502118">
        <ele>2720.3</ele>
        <time>2026-09-15T11:02:48Z</time>
        <extensions>
          <gpxdata:distance>2412.49</gpxdata:distance>
          <gpxdata:speed>0.461</gpxdata:speed>
        </extensions>
      </trkpt>
      <trkpt lat="46.7318461" lon="9.9501568">
        <ele>2721.6</ele>
        <time>2026-09-15T11:03:02Z</time>
        <extensions>
          <gpxdata:distance>2418.93</gpxdata:distance>
          <gpxdata:speed>0.461</gpxdata:speed>
        </extensions>
      </trkpt>
      <trkpt lat="46.7318301" lon="9.9500778">
        <ele>2723.3</ele>
        <time>2026-09-15T11:03:16Z</time>
        <extensions>
          <gpxdata:distance>2425.21</gpxdata:distance>
          <gpxdata:speed>0.461</gpxdata:speed>
        </extensions>
      </trkpt>
      <trkpt lat="46.7317851" lon="9.9500498">
        <ele>2724.6</ele>
        <time>2026-09-15T11:03:28Z</time>
        <extensions>
          <gpxdata:distance>2430.65</gpxdata:distance>
          <gpxdata:speed>0.461</gpxdata:speed>
        </extensions>
      </trkpt>
      <trkpt lat="46.7317321" lon="9.9500338">
        <ele>2726.3</ele>
        <time>2026-09-15T11:03:41Z</time>
        <extensions>
          <gpxdata:distance>2436.67</gpxdata:distance>
          <gpxdata:speed>0.461</gpxdata:speed>
        </extensions>
      </trkpt>
      <trkpt lat="46.7317501" lon="9.9500088">
        <ele>2726.7</ele>
        <time>2026-09-15T11:03:47Z</time>
        <extensions>
          <gpxdata:distance>2439.43</gpxdata:distance>
          <gpxdata:speed>0.461</gpxdata:speed>
        </extensions>
      </trkpt>
      <trkpt lat="46.7317601" lon="9.9499958">
        <ele>2727.1</ele>
        <time>2026-09-15T11:03:50Z</time>
        <extensions>
          <gpxdata:distance>2440.92</gpxdata:distance>
          <gpxdata:speed>0.494</gpxdata:speed>
        </extensions>
      </trkpt>
      <trkpt lat="46.7317421" lon="9.9499688">
        <ele>2728.0</ele>
        <time>2026-09-15T11:03:55Z</time>
        <extensions>
          <gpxdata:distance>2443.79</gpxdata:distance>
          <gpxdata:speed>0.499</gpxdata:speed>
        </extensions>
      </trkpt>
      <trkpt lat="46.7317061" lon="9.9499668">
        <ele>2729.0</ele>
        <time>2026-09-15T11:04:04Z</time>
        <extensions>
          <gpxdata:distance>2447.80</gpxdata:distance>
          <gpxdata:speed>0.474</gpxdata:speed>
        </extensions>
      </trkpt>
      <trkpt lat="46.7317161" lon="9.9499148">
        <ele>2730.3</ele>
        <time>2026-09-15T11:04:13Z</time>
        <extensions>
          <gpxdata:distance>2451.91</gpxdata:distance>
          <gpxdata:speed>0.461</gpxdata:speed>
        </extensions>
      </trkpt>
      <trkpt lat="46.7316811" lon="9.9499008">
        <ele>2731.4</ele>
        <time>2026-09-15T11:04:22Z</time>
        <extensions>
          <gpxdata:distance>2455.95</gpxdata:distance>
          <gpxdata:speed>0.461</gpxdata:speed>
        </extensions>
      </trkpt>
      <trkpt lat="46.7316721" lon="9.9498868">
        <ele>2732.2</ele>
        <time>2026-09-15T11:04:25Z</time>
        <extensions>
          <gpxdata:distance>2457.41</gpxdata:distance>
          <gpxdata:speed>0.461</gpxdata:speed>
        </extensions>
      </trkpt>
      <trkpt lat="46.7316821" lon="9.9498478">
        <ele>2733.5</ele>
        <time>2026-09-15T11:04:32Z</time>
        <extensions>
          <gpxdata:distance>2460.58</gpxdata:distance>
          <gpxdata:speed>0.461</gpxdata:speed>
        </extensions>
      </trkpt>
      <trkpt lat="46.7316731" lon="9.9498218">
        <ele>2734.4</ele>
        <time>2026-09-15T11:04:36Z</time>
        <extensions>
          <gpxdata:distance>2462.80</gpxdata:distance>
          <gpxdata:speed>0.461</gpxdata:speed>
        </extensions>
      </trkpt>
      <trkpt lat="46.7316561" lon="9.9498078">
        <ele>2735.5</ele>
        <time>2026-09-15T11:04:41Z</time>
        <extensions>
          <gpxdata:distance>2464.97</gpxdata:distance>
          <gpxdata:speed>0.461</gpxdata:speed>
        </extensions>
      </trkpt>
      <trkpt lat="46.7316111" lon="9.9498058">
        <ele>2736.9</ele>
        <time>2026-09-15T11:04:52Z</time>
        <extensions>
          <gpxdata:distance>2469.98</gpxdata:distance>
          <gpxdata:speed>0.461</gpxdata:speed>
        </extensions>
      </trkpt>
      <trkpt lat="46.7316121" lon="9.9497668">
        <ele>2738.2</ele>
        <time>2026-09-15T11:04:58Z</time>
        <extensions>
          <gpxdata:distance>2472.96</gpxdata:distance>
          <gpxdata:speed>0.461</gpxdata:speed>
        </extensions>
      </trkpt>
      <trkpt lat="46.7316301" lon="9.9497278">
        <ele>2739.9</ele>
        <time>2026-09-15T11:05:06Z</time>
        <extensions>
          <gpxdata:distance>2476.54</gpxdata:distance>
          <gpxdata:speed>0.461</gpxdata:speed>
        </extensions>
      </trkpt>
      <trkpt lat="46.7316221" lon="9.9497018">
        <ele>2741.0</ele>
        <time>2026-09-15T11:05:11Z</time>
        <extensions>
          <gpxdata:distance>2478.71</gpxdata:distance>
          <gpxdata:speed>0.461</gpxdata:speed>
        </extensions>
      </trkpt>
      <trkpt lat="46.7316051" lon="9.9496488">
        <ele>2742.1</ele>
        <time>2026-09-15T11:05:21Z</time>
        <extensions>
          <gpxdata:distance>2483.17</gpxdata:distance>
          <gpxdata:speed>0.461</gpxdata:speed>
        </extensions>
      </trkpt>
      <trkpt lat="46.7315701" lon="9.9496208">
        <ele>2743.8</ele>
        <time>2026-09-15T11:05:30Z</time>
        <extensions>
          <gpxdata:distance>2487.61</gpxdata:distance>
          <gpxdata:speed>0.461</gpxdata:speed>
        </extensions>
      </trkpt>
      <trkpt lat="46.7315611" lon="9.9495938">
        <ele>2744.6</ele>
        <time>2026-09-15T11:05:35Z</time>
        <extensions>
          <gpxdata:distance>2489.90</gpxdata:distance>
          <gpxdata:speed>0.461</gpxdata:speed>
        </extensions>
      </trkpt>
      <trkpt lat="46.7315171" lon="9.9495658">
        <ele>2746.0</ele>
        <time>2026-09-15T11:05:47Z</time>
        <extensions>
          <gpxdata:distance>2495.24</gpxdata:distance>
          <gpxdata:speed>0.461</gpxdata:speed>
        </extensions>
      </trkpt>
      <trkpt lat="46.7315181" lon="9.9495398">
        <ele>2746.4</ele>
        <time>2026-09-15T11:05:51Z</time>
        <extensions>
          <gpxdata:distance>2497.22</gpxdata:distance>
          <gpxdata:speed>0.461</gpxdata:speed>
        </extensions>
      </trkpt>
      <trkpt lat="46.7315361" lon="9.9495268">
        <ele>2747.1</ele>
        <time>2026-09-15T11:05:56Z</time>
        <extensions>
          <gpxdata:distance>2499.45</gpxdata:distance>
          <gpxdata:speed>0.461</gpxdata:speed>
        </extensions>
      </trkpt>
      <trkpt lat="46.7315271" lon="9.9495008">
        <ele>2747.5</ele>
        <time>2026-09-15T11:06:01Z</time>
        <extensions>
          <gpxdata:distance>2501.67</gpxdata:distance>
          <gpxdata:speed>0.461</gpxdata:speed>
        </extensions>
      </trkpt>
      <trkpt lat="46.7315011" lon="9.9494738">
        <ele>2749.0</ele>
        <time>2026-09-15T11:06:08Z</time>
        <extensions>
          <gpxdata:distance>2505.22</gpxdata:distance>
          <gpxdata:speed>0.461</gpxdata:speed>
        </extensions>
      </trkpt>
      <trkpt lat="46.7314651" lon="9.9494588">
        <ele>2750.7</ele>
        <time>2026-09-15T11:06:17Z</time>
        <extensions>
          <gpxdata:distance>2509.38</gpxdata:distance>
          <gpxdata:speed>0.461</gpxdata:speed>
        </extensions>
      </trkpt>
      <trkpt lat="46.7314661" lon="9.9494458">
        <ele>2751.1</ele>
        <time>2026-09-15T11:06:19Z</time>
        <extensions>
          <gpxdata:distance>2510.38</gpxdata:distance>
          <gpxdata:speed>0.461</gpxdata:speed>
        </extensions>
      </trkpt>
      <trkpt lat="46.7314751" lon="9.9494198">
        <ele>2751.6</ele>
        <time>2026-09-15T11:06:24Z</time>
        <extensions>
          <gpxdata:distance>2512.60</gpxdata:distance>
          <gpxdata:speed>0.461</gpxdata:speed>
        </extensions>
      </trkpt>
      <trkpt lat="46.7314851" lon="9.9494068">
        <ele>2751.8</ele>
        <time>2026-09-15T11:06:28Z</time>
        <extensions>
          <gpxdata:distance>2514.09</gpxdata:distance>
          <gpxdata:speed>0.461</gpxdata:speed>
        </extensions>
      </trkpt>
      <trkpt lat="46.7314761" lon="9.9493808">
        <ele>2752.6</ele>
        <time>2026-09-15T11:06:32Z</time>
        <extensions>
          <gpxdata:distance>2516.31</gpxdata:distance>
          <gpxdata:speed>0.461</gpxdata:speed>
        </extensions>
      </trkpt>
      <trkpt lat="46.7314581" lon="9.9493668">
        <ele>2753.3</ele>
        <time>2026-09-15T11:06:37Z</time>
        <extensions>
          <gpxdata:distance>2518.58</gpxdata:distance>
          <gpxdata:speed>0.461</gpxdata:speed>
        </extensions>
      </trkpt>
      <trkpt lat="46.7313961" lon="9.9493378">
        <ele>2754.8</ele>
        <time>2026-09-15T11:06:53Z</time>
        <extensions>
          <gpxdata:distance>2525.82</gpxdata:distance>
          <gpxdata:speed>0.461</gpxdata:speed>
        </extensions>
      </trkpt>
      <trkpt lat="46.7313871" lon="9.9493368">
        <ele>2755.2</ele>
        <time>2026-09-15T11:06:55Z</time>
        <extensions>
          <gpxdata:distance>2526.82</gpxdata:distance>
          <gpxdata:speed>0.461</gpxdata:speed>
        </extensions>
      </trkpt>
      <trkpt lat="46.7314061" lon="9.9492988">
        <ele>2756.3</ele>
        <time>2026-09-15T11:07:03Z</time>
        <extensions>
          <gpxdata:distance>2530.41</gpxdata:distance>
          <gpxdata:speed>0.461</gpxdata:speed>
        </extensions>
      </trkpt>
      <trkpt lat="46.7314151" lon="9.9492728">
        <ele>2757.1</ele>
        <time>2026-09-15T11:07:08Z</time>
        <extensions>
          <gpxdata:distance>2532.63</gpxdata:distance>
          <gpxdata:speed>0.461</gpxdata:speed>
        </extensions>
      </trkpt>
      <trkpt lat="46.7313981" lon="9.9492328">
        <ele>2758.6</ele>
        <time>2026-09-15T11:07:15Z</time>
        <extensions>
          <gpxdata:distance>2536.21</gpxdata:distance>
          <gpxdata:speed>0.461</gpxdata:speed>
        </extensions>
      </trkpt>
      <trkpt lat="46.7313721" lon="9.9492188">
        <ele>2759.5</ele>
        <time>2026-09-15T11:07:22Z</time>
        <extensions>
          <gpxdata:distance>2539.30</gpxdata:distance>
          <gpxdata:speed>0.461</gpxdata:speed>
        </extensions>
      </trkpt>
      <trkpt lat="46.7313371" lon="9.9491518">
        <ele>2761.8</ele>
        <time>2026-09-15T11:07:36Z</time>
        <extensions>
          <gpxdata:distance>2545.72</gpxdata:distance>
          <gpxdata:speed>0.461</gpxdata:speed>
        </extensions>
      </trkpt>
      <trkpt lat="46.7313391" lon="9.9490728">
        <ele>2764.4</ele>
        <time>2026-09-15T11:07:49Z</time>
        <extensions>
          <gpxdata:distance>2551.74</gpxdata:distance>
          <gpxdata:speed>0.461</gpxdata:speed>
        </extensions>
      </trkpt>
      <trkpt lat="46.7313041" lon="9.9490188">
        <ele>2766.5</ele>
        <time>2026-09-15T11:08:01Z</time>
        <extensions>
          <gpxdata:distance>2557.41</gpxdata:distance>
          <gpxdata:speed>0.461</gpxdata:speed>
        </extensions>
      </trkpt>
      <trkpt lat="46.7312871" lon="9.9489788">
        <ele>2767.6</ele>
        <time>2026-09-15T11:08:09Z</time>
        <extensions>
          <gpxdata:distance>2560.99</gpxdata:distance>
          <gpxdata:speed>0.461</gpxdata:speed>
        </extensions>
      </trkpt>
      <trkpt lat="46.7312611" lon="9.9489388">
        <ele>2768.9</ele>
        <time>2026-09-15T11:08:18Z</time>
        <extensions>
          <gpxdata:distance>2565.19</gpxdata:distance>
          <gpxdata:speed>0.461</gpxdata:speed>
        </extensions>
      </trkpt>
      <trkpt lat="46.7312361" lon="9.9488458">
        <ele>2771.0</ele>
        <time>2026-09-15T11:08:35Z</time>
        <extensions>
          <gpxdata:distance>2572.81</gpxdata:distance>
          <gpxdata:speed>0.461</gpxdata:speed>
        </extensions>
      </trkpt>
      <trkpt lat="46.7312201" lon="9.9487537">
        <ele>2772.7</ele>
        <time>2026-09-15T11:08:50Z</time>
        <extensions>
          <gpxdata:distance>2580.05</gpxdata:distance>
          <gpxdata:speed>0.461</gpxdata:speed>
        </extensions>
      </trkpt>
      <trkpt lat="46.7312031" lon="9.9487137">
        <ele>2773.8</ele>
        <time>2026-09-15T11:08:58Z</time>
        <extensions>
          <gpxdata:distance>2583.64</gpxdata:distance>
          <gpxdata:speed>0.461</gpxdata:speed>
        </extensions>
      </trkpt>
      <trkpt lat="46.7311951" lon="9.9486607">
        <ele>2774.8</ele>
        <time>2026-09-15T11:09:07Z</time>
        <extensions>
          <gpxdata:distance>2587.77</gpxdata:distance>
          <gpxdata:speed>0.461</gpxdata:speed>
        </extensions>
      </trkpt>
      <trkpt lat="46.7311621" lon="9.9485407">
        <ele>2777.2</ele>
        <time>2026-09-15T11:09:29Z</time>
        <extensions>
          <gpxdata:distance>2597.63</gpxdata:distance>
          <gpxdata:speed>0.461</gpxdata:speed>
        </extensions>
      </trkpt>
      <trkpt lat="46.7311361" lon="9.9484877">
        <ele>2778.5</ele>
        <time>2026-09-15T11:09:39Z</time>
        <extensions>
          <gpxdata:distance>2602.60</gpxdata:distance>
          <gpxdata:speed>0.461</gpxdata:speed>
        </extensions>
      </trkpt>
      <trkpt lat="46.7311361" lon="9.9484877">
        <ele>2778.5</ele>
        <time>2026-09-15T11:09:39Z</time>
        <extensions>
          <gpxdata:distance>2602.60</gpxdata:distance>
          <gpxdata:speed>0.000</gpxdata:speed>
        </extensions>
      </trkpt>
      <trkpt lat="46.7311181" lon="9.9484607">
        <ele>2779.1</ele>
        <time>2026-09-15T11:09:46Z</time>
        <extensions>
          <gpxdata:distance>2605.47</gpxdata:distance>
          <gpxdata:speed>0.461</gpxdata:speed>
        </extensions>
      </trkpt>
      <trkpt lat="46.7310831" lon="9.9484327">
        <ele>2779.7</ele>
        <time>2026-09-15T11:09:55Z</time>
        <extensions>
          <gpxdata:distance>2609.90</gpxdata:distance>
          <gpxdata:speed>0.493</gpxdata:speed>
        </extensions>
      </trkpt>
      <trkpt lat="46.7310841" lon="9.9484067">
        <ele>2780.2</ele>
        <time>2026-09-15T11:09:58Z</time>
        <extensions>
          <gpxdata:distance>2611.89</gpxdata:distance>
          <gpxdata:speed>0.516</gpxdata:speed>
        </extensions>
      </trkpt>
      <trkpt lat="46.7310841" lon="9.9483807">
        <ele>2780.8</ele>
        <time>2026-09-15T11:10:02Z</time>
        <extensions>
          <gpxdata:distance>2613.87</gpxdata:distance>
          <gpxdata:speed>0.501</gpxdata:speed>
        </extensions>
      </trkpt>
      <trkpt lat="46.7311301" lon="9.9483307">
        <ele>2782.3</ele>
        <time>2026-09-15T11:10:14Z</time>
        <extensions>
          <gpxdata:distance>2620.25</gpxdata:distance>
          <gpxdata:speed>0.528</gpxdata:speed>
        </extensions>
      </trkpt>
      <trkpt lat="46.7311401" lon="9.9483047">
        <ele>2782.7</ele>
        <time>2026-09-15T11:10:19Z</time>
        <extensions>
          <gpxdata:distance>2622.52</gpxdata:distance>
          <gpxdata:speed>0.546</gpxdata:speed>
        </extensions>
      </trkpt>
      <trkpt lat="46.7311311" lon="9.9482777">
        <ele>2783.8</ele>
        <time>2026-09-15T11:10:23Z</time>
        <extensions>
          <gpxdata:distance>2624.81</gpxdata:distance>
          <gpxdata:speed>0.488</gpxdata:speed>
        </extensions>
      </trkpt>
      <trkpt lat="46.7311051" lon="9.9482637">
        <ele>2784.7</ele>
        <time>2026-09-15T11:10:30Z</time>
        <extensions>
          <gpxdata:distance>2627.89</gpxdata:distance>
          <gpxdata:speed>0.480</gpxdata:speed>
        </extensions>
      </trkpt>
      <trkpt lat="46.7310961" lon="9.9482367">
        <ele>2785.3</ele>
        <time>2026-09-15T11:10:34Z</time>
        <extensions>
          <gpxdata:distance>2630.18</gpxdata:distance>
          <gpxdata:speed>0.475</gpxdata:speed>
        </extensions>
      </trkpt>
      <trkpt lat="46.7310881" lon="9.9482107">
        <ele>2785.7</ele>
        <time>2026-09-15T11:10:39Z</time>
        <extensions>
          <gpxdata:distance>2632.35</gpxdata:distance>
          <gpxdata:speed>0.478</gpxdata:speed>
        </extensions>
      </trkpt>
      <trkpt lat="46.7310531" lon="9.9481697">
        <ele>2786.4</ele>
        <time>2026-09-15T11:10:49Z</time>
        <extensions>
          <gpxdata:distance>2637.34</gpxdata:distance>
          <gpxdata:speed>0.483</gpxdata:speed>
        </extensions>
      </trkpt>
      <trkpt lat="46.7310271" lon="9.9481157">
        <ele>2787.4</ele>
        <time>2026-09-15T11:10:59Z</time>
        <extensions>
          <gpxdata:distance>2642.37</gpxdata:distance>
          <gpxdata:speed>0.513</gpxdata:speed>
        </extensions>
      </trkpt>
      <trkpt lat="46.7310361" lon="9.9481037">
        <ele>2788.1</ele>
        <time>2026-09-15T11:11:02Z</time>
        <extensions>
          <gpxdata:distance>2643.73</gpxdata:distance>
          <gpxdata:speed>0.482</gpxdata:speed>
        </extensions>
      </trkpt>
      <trkpt lat="46.7310551" lon="9.9480777">
        <ele>2788.7</ele>
        <time>2026-09-15T11:11:08Z</time>
        <extensions>
          <gpxdata:distance>2646.62</gpxdata:distance>
          <gpxdata:speed>0.489</gpxdata:speed>
        </extensions>
      </trkpt>
      <trkpt lat="46.7310221" lon="9.9479457">
        <ele>2791.5</ele>
        <time>2026-09-15T11:11:31Z</time>
        <extensions>
          <gpxdata:distance>2657.33</gpxdata:distance>
          <gpxdata:speed>0.461</gpxdata:speed>
        </extensions>
      </trkpt>
      <trkpt lat="46.7310061" lon="9.9478397">
        <ele>2792.8</ele>
        <time>2026-09-15T11:11:46Z</time>
        <extensions>
          <gpxdata:distance>2665.61</gpxdata:distance>
          <gpxdata:speed>0.572</gpxdata:speed>
        </extensions>
      </trkpt>
      <trkpt lat="46.7309711" lon="9.9477867">
        <ele>2793.4</ele>
        <time>2026-09-15T11:11:54Z</time>
        <extensions>
          <gpxdata:distance>2671.21</gpxdata:distance>
          <gpxdata:speed>0.646</gpxdata:speed>
        </extensions>
      </trkpt>
      <trkpt lat="46.7309361" lon="9.9477327">
        <ele>2794.5</ele>
        <time>2026-09-15T11:12:03Z</time>
        <extensions>
          <gpxdata:distance>2676.88</gpxdata:distance>
          <gpxdata:speed>0.648</gpxdata:speed>
        </extensions>
      </trkpt>
      <trkpt lat="46.7309021" lon="9.9476517">
        <ele>2796.2</ele>
        <time>2026-09-15T11:12:14Z</time>
        <extensions>
          <gpxdata:distance>2684.12</gpxdata:distance>
          <gpxdata:speed>0.638</gpxdata:speed>
        </extensions>
      </trkpt>
      <trkpt lat="46.7308421" lon="9.9475447">
        <ele>2798.6</ele>
        <time>2026-09-15T11:12:32Z</time>
        <extensions>
          <gpxdata:distance>2694.65</gpxdata:distance>
          <gpxdata:speed>0.601</gpxdata:speed>
        </extensions>
      </trkpt>
      <trkpt lat="46.7308331" lon="9.9475177">
        <ele>2798.9</ele>
        <time>2026-09-15T11:12:36Z</time>
        <extensions>
          <gpxdata:distance>2696.94</gpxdata:distance>
          <gpxdata:speed>0.609</gpxdata:speed>
        </extensions>
      </trkpt>
      <trkpt lat="46.7307301" lon="9.9473037">
        <ele>2802.1</ele>
        <time>2026-09-15T11:13:07Z</time>
        <extensions>
          <gpxdata:distance>2716.87</gpxdata:distance>
          <gpxdata:speed>0.646</gpxdata:speed>
        </extensions>
      </trkpt>
      <trkpt lat="46.7307301" lon="9.9473037">
        <ele>2802.1</ele>
        <time>2026-09-15T11:13:07Z</time>
        <extensions>
          <gpxdata:distance>2716.87</gpxdata:distance>
          <gpxdata:speed>0.000</gpxdata:speed>
        </extensions>
      </trkpt>
      <trkpt lat="46.7306871" lon="9.9472097">
        <ele>2803.4</ele>
        <time>2026-09-15T11:13:20Z</time>
        <extensions>
          <gpxdata:distance>2725.49</gpxdata:distance>
          <gpxdata:speed>0.639</gpxdata:speed>
        </extensions>
      </trkpt>
      <trkpt lat="46.7306441" lon="9.9471167">
        <ele>2805.0</ele>
        <time>2026-09-15T11:13:33Z</time>
        <extensions>
          <gpxdata:distance>2734.04</gpxdata:distance>
          <gpxdata:speed>0.641</gpxdata:speed>
        </extensions>
      </trkpt>
      <trkpt lat="46.7306361" lon="9.9470897">
        <ele>2805.2</ele>
        <time>2026-09-15T11:13:37Z</time>
        <extensions>
          <gpxdata:distance>2736.28</gpxdata:distance>
          <gpxdata:speed>0.642</gpxdata:speed>
        </extensions>
      </trkpt>
      <trkpt lat="46.7306091" lon="9.9470497">
        <ele>2805.9</ele>
        <time>2026-09-15T11:13:44Z</time>
        <extensions>
          <gpxdata:distance>2740.56</gpxdata:distance>
          <gpxdata:speed>0.641</gpxdata:speed>
        </extensions>
      </trkpt>
      <trkpt lat="46.7305931" lon="9.9469567">
        <ele>2806.8</ele>
        <time>2026-09-15T11:13:55Z</time>
        <extensions>
          <gpxdata:distance>2747.86</gpxdata:distance>
          <gpxdata:speed>0.636</gpxdata:speed>
        </extensions>
      </trkpt>
      <trkpt lat="46.7305761" lon="9.9469167">
        <ele>2807.7</ele>
        <time>2026-09-15T11:14:01Z</time>
        <extensions>
          <gpxdata:distance>2751.45</gpxdata:distance>
          <gpxdata:speed>0.634</gpxdata:speed>
        </extensions>
      </trkpt>
      <trkpt lat="46.7305511" lon="9.9468377">
        <ele>2809.0</ele>
        <time>2026-09-15T11:14:11Z</time>
        <extensions>
          <gpxdata:distance>2758.08</gpxdata:distance>
          <gpxdata:speed>0.636</gpxdata:speed>
        </extensions>
      </trkpt>
      <trkpt lat="46.7305531" lon="9.9467457">
        <ele>2811.3</ele>
        <time>2026-09-15T11:14:22Z</time>
        <extensions>
          <gpxdata:distance>2765.10</gpxdata:distance>
          <gpxdata:speed>0.645</gpxdata:speed>
        </extensions>
      </trkpt>
      <trkpt lat="46.7305371" lon="9.9466667">
        <ele>2813.5</ele>
        <time>2026-09-15T11:14:32Z</time>
        <extensions>
          <gpxdata:distance>2771.38</gpxdata:distance>
          <gpxdata:speed>0.615</gpxdata:speed>
        </extensions>
      </trkpt>
      <trkpt lat="46.7305391" lon="9.9465877">
        <ele>2815.2</ele>
        <time>2026-09-15T11:14:43Z</time>
        <extensions>
          <gpxdata:distance>2777.40</gpxdata:distance>
          <gpxdata:speed>0.547</gpxdata:speed>
        </extensions>
      </trkpt>
      <trkpt lat="46.7305401" lon="9.9465357">
        <ele>2816.5</ele>
        <time>2026-09-15T11:14:51Z</time>
        <extensions>
          <gpxdata:distance>2781.37</gpxdata:distance>
          <gpxdata:speed>0.488</gpxdata:speed>
        </extensions>
      </trkpt>
      <trkpt lat="46.7305591" lon="9.9464717">
        <ele>2818.1</ele>
        <time>2026-09-15T11:15:03Z</time>
        <extensions>
          <gpxdata:distance>2786.68</gpxdata:distance>
          <gpxdata:speed>0.461</gpxdata:speed>
        </extensions>
      </trkpt>
      <trkpt lat="46.7305331" lon="9.9464177">
        <ele>2819.7</ele>
        <time>2026-09-15T11:15:14Z</time>
        <extensions>
          <gpxdata:distance>2791.71</gpxdata:distance>
          <gpxdata:speed>0.461</gpxdata:speed>
        </extensions>
      </trkpt>
      <trkpt lat="46.7305251" lon="9.9463907">
        <ele>2819.7</ele>
        <time>2026-09-15T11:15:19Z</time>
        <extensions>
          <gpxdata:distance>2793.96</gpxdata:distance>
          <gpxdata:speed>0.461</gpxdata:speed>
        </extensions>
      </trkpt>
      <trkpt lat="46.7305171" lon="9.9463517">
        <ele>2820.3</ele>
        <time>2026-09-15T11:15:25Z</time>
        <extensions>
          <gpxdata:distance>2797.06</gpxdata:distance>
          <gpxdata:speed>0.461</gpxdata:speed>
        </extensions>
      </trkpt>
      <trkpt lat="46.7304911" lon="9.9462847">
        <ele>2821.3</ele>
        <time>2026-09-15T11:15:38Z</time>
        <extensions>
          <gpxdata:distance>2802.93</gpxdata:distance>
          <gpxdata:speed>0.461</gpxdata:speed>
        </extensions>
      </trkpt>
      <trkpt lat="46.7304841" lon="9.9462187">
        <ele>2822.6</ele>
        <time>2026-09-15T11:15:49Z</time>
        <extensions>
          <gpxdata:distance>2808.02</gpxdata:distance>
          <gpxdata:speed>0.461</gpxdata:speed>
        </extensions>
      </trkpt>
      <trkpt lat="46.7304751" lon="9.9461927">
        <ele>2823.2</ele>
        <time>2026-09-15T11:15:54Z</time>
        <extensions>
          <gpxdata:distance>2810.24</gpxdata:distance>
          <gpxdata:speed>0.463</gpxdata:speed>
        </extensions>
      </trkpt>
      <trkpt lat="46.7304491" lon="9.9461387">
        <ele>2824.8</ele>
        <time>2026-09-15T11:16:05Z</time>
        <extensions>
          <gpxdata:distance>2815.27</gpxdata:distance>
          <gpxdata:speed>0.461</gpxdata:speed>
        </extensions>
      </trkpt>
      <trkpt lat="46.7304241" lon="9.9460457">
        <ele>2828.0</ele>
        <time>2026-09-15T11:16:21Z</time>
        <extensions>
          <gpxdata:distance>2822.88</gpxdata:distance>
          <gpxdata:speed>0.461</gpxdata:speed>
        </extensions>
      </trkpt>
      <trkpt lat="46.7303821" lon="9.9459527">
        <ele>2830.5</ele>
        <time>2026-09-15T11:16:40Z</time>
        <extensions>
          <gpxdata:distance>2831.37</gpxdata:distance>
          <gpxdata:speed>0.461</gpxdata:speed>
        </extensions>
      </trkpt>
      <trkpt lat="46.7303821" lon="9.9459397">
        <ele>2831.2</ele>
        <time>2026-09-15T11:16:42Z</time>
        <extensions>
          <gpxdata:distance>2832.36</gpxdata:distance>
          <gpxdata:speed>0.461</gpxdata:speed>
        </extensions>
      </trkpt>
      <trkpt lat="46.7303731" lon="9.9459127">
        <ele>2831.4</ele>
        <time>2026-09-15T11:16:47Z</time>
        <extensions>
          <gpxdata:distance>2834.65</gpxdata:distance>
          <gpxdata:speed>0.461</gpxdata:speed>
        </extensions>
      </trkpt>
      <trkpt lat="46.7303821" lon="9.9459137">
        <ele>2832.1</ele>
        <time>2026-09-15T11:16:49Z</time>
        <extensions>
          <gpxdata:distance>2835.65</gpxdata:distance>
          <gpxdata:speed>0.461</gpxdata:speed>
        </extensions>
      </trkpt>
      <trkpt lat="46.7304101" lon="9.9459017">
        <ele>2832.6</ele>
        <time>2026-09-15T11:16:56Z</time>
        <extensions>
          <gpxdata:distance>2838.90</gpxdata:distance>
          <gpxdata:speed>0.461</gpxdata:speed>
        </extensions>
      </trkpt>
      <trkpt lat="46.7304461" lon="9.9459027">
        <ele>2834.4</ele>
        <time>2026-09-15T11:17:05Z</time>
        <extensions>
          <gpxdata:distance>2842.90</gpxdata:distance>
          <gpxdata:speed>0.461</gpxdata:speed>
        </extensions>
      </trkpt>
      <trkpt lat="46.7304731" lon="9.9458917">
        <ele>2835.6</ele>
        <time>2026-09-15T11:17:11Z</time>
        <extensions>
          <gpxdata:distance>2846.02</gpxdata:distance>
          <gpxdata:speed>0.461</gpxdata:speed>
        </extensions>
      </trkpt>
      <trkpt lat="46.7305001" lon="9.9458927">
        <ele>2836.3</ele>
        <time>2026-09-15T11:17:18Z</time>
        <extensions>
          <gpxdata:distance>2849.02</gpxdata:distance>
          <gpxdata:speed>0.461</gpxdata:speed>
        </extensions>
      </trkpt>
      <trkpt lat="46.7305091" lon="9.9458797">
        <ele>2836.8</ele>
        <time>2026-09-15T11:17:21Z</time>
        <extensions>
          <gpxdata:distance>2850.43</gpxdata:distance>
          <gpxdata:speed>0.461</gpxdata:speed>
        </extensions>
      </trkpt>
      <trkpt lat="46.7305091" lon="9.9458667">
        <ele>2836.8</ele>
        <time>2026-09-15T11:17:23Z</time>
        <extensions>
          <gpxdata:distance>2851.42</gpxdata:distance>
          <gpxdata:speed>0.461</gpxdata:speed>
        </extensions>
      </trkpt>
      <trkpt lat="46.7304750" lon="9.9457737">
        <ele>2838.9</ele>
        <time>2026-09-15T11:17:41Z</time>
        <extensions>
          <gpxdata:distance>2859.46</gpxdata:distance>
          <gpxdata:speed>0.461</gpxdata:speed>
        </extensions>
      </trkpt>
      <trkpt lat="46.7304590" lon="9.9456947">
        <ele>2841.5</ele>
        <time>2026-09-15T11:17:54Z</time>
        <extensions>
          <gpxdata:distance>2865.74</gpxdata:distance>
          <gpxdata:speed>0.461</gpxdata:speed>
        </extensions>
      </trkpt>
      <trkpt lat="46.7304330" lon="9.9456667">
        <ele>2842.6</ele>
        <time>2026-09-15T11:18:02Z</time>
        <extensions>
          <gpxdata:distance>2869.33</gpxdata:distance>
          <gpxdata:speed>0.461</gpxdata:speed>
        </extensions>
      </trkpt>
      <trkpt lat="46.7304070" lon="9.9456267">
        <ele>2843.8</ele>
        <time>2026-09-15T11:18:11Z</time>
        <extensions>
          <gpxdata:distance>2873.53</gpxdata:distance>
          <gpxdata:speed>0.461</gpxdata:speed>
        </extensions>
      </trkpt>
      <trkpt lat="46.7303980" lon="9.9456127">
        <ele>2843.8</ele>
        <time>2026-09-15T11:18:14Z</time>
        <extensions>
          <gpxdata:distance>2874.99</gpxdata:distance>
          <gpxdata:speed>0.461</gpxdata:speed>
        </extensions>
      </trkpt>
      <trkpt lat="46.7303980" lon="9.9455997">
        <ele>2844.7</ele>
        <time>2026-09-15T11:18:16Z</time>
        <extensions>
          <gpxdata:distance>2875.98</gpxdata:distance>
          <gpxdata:speed>0.461</gpxdata:speed>
        </extensions>
      </trkpt>
      <trkpt lat="46.7304530" lon="9.9455497">
        <ele>2847.2</ele>
        <time>2026-09-15T11:18:32Z</time>
        <extensions>
          <gpxdata:distance>2883.19</gpxdata:distance>
          <gpxdata:speed>0.461</gpxdata:speed>
        </extensions>
      </trkpt>
      <trkpt lat="46.7304990" lon="9.9455257">
        <ele>2848.7</ele>
        <time>2026-09-15T11:18:44Z</time>
        <extensions>
          <gpxdata:distance>2888.62</gpxdata:distance>
          <gpxdata:speed>0.461</gpxdata:speed>
        </extensions>
      </trkpt>
      <trkpt lat="46.7304990" lon="9.9454997">
        <ele>2849.1</ele>
        <time>2026-09-15T11:18:48Z</time>
        <extensions>
          <gpxdata:distance>2890.60</gpxdata:distance>
          <gpxdata:speed>0.461</gpxdata:speed>
        </extensions>
      </trkpt>
      <trkpt lat="46.7304470" lon="9.9454447">
        <ele>2851.3</ele>
        <time>2026-09-15T11:19:03Z</time>
        <extensions>
          <gpxdata:distance>2897.75</gpxdata:distance>
          <gpxdata:speed>0.461</gpxdata:speed>
        </extensions>
      </trkpt>
      <trkpt lat="46.7304210" lon="9.9454047">
        <ele>2852.2</ele>
        <time>2026-09-15T11:19:13Z</time>
        <extensions>
          <gpxdata:distance>2901.95</gpxdata:distance>
          <gpxdata:speed>0.461</gpxdata:speed>
        </extensions>
      </trkpt>
      <trkpt lat="46.7303770" lon="9.9453237">
        <ele>2855.0</ele>
        <time>2026-09-15T11:19:30Z</time>
        <extensions>
          <gpxdata:distance>2909.82</gpxdata:distance>
          <gpxdata:speed>0.461</gpxdata:speed>
        </extensions>
      </trkpt>
      <trkpt lat="46.7303420" lon="9.9452827">
        <ele>2856.4</ele>
        <time>2026-09-15T11:19:40Z</time>
        <extensions>
          <gpxdata:distance>2914.82</gpxdata:distance>
          <gpxdata:speed>0.461</gpxdata:speed>
        </extensions>
      </trkpt>
      <trkpt lat="46.7303340" lon="9.9452697">
        <ele>2857.6</ele>
        <time>2026-09-15T11:19:43Z</time>
        <extensions>
          <gpxdata:distance>2916.15</gpxdata:distance>
          <gpxdata:speed>0.461</gpxdata:speed>
        </extensions>
      </trkpt>
      <trkpt lat="46.7304090" lon="9.9450897">
        <ele>2861.1</ele>
        <time>2026-09-15T11:20:18Z</time>
        <extensions>
          <gpxdata:distance>2932.20</gpxdata:distance>
          <gpxdata:speed>0.461</gpxdata:speed>
        </extensions>
      </trkpt>
      <trkpt lat="46.7304180" lon="9.9450907">
        <ele>2861.4</ele>
        <time>2026-09-15T11:20:20Z</time>
        <extensions>
          <gpxdata:distance>2933.21</gpxdata:distance>
          <gpxdata:speed>0.461</gpxdata:speed>
        </extensions>
      </trkpt>
      <trkpt lat="46.7304270" lon="9.9450907">
        <ele>2861.6</ele>
        <time>2026-09-15T11:20:23Z</time>
        <extensions>
          <gpxdata:distance>2934.21</gpxdata:distance>
          <gpxdata:speed>0.461</gpxdata:speed>
        </extensions>
      </trkpt>
      <trkpt lat="46.7304360" lon="9.9451047">
        <ele>2861.6</ele>
        <time>2026-09-15T11:20:26Z</time>
        <extensions>
          <gpxdata:distance>2935.67</gpxdata:distance>
          <gpxdata:speed>0.461</gpxdata:speed>
        </extensions>
      </trkpt>
      <trkpt lat="46.7304720" lon="9.9451187">
        <ele>2862.0</ele>
        <time>2026-09-15T11:20:35Z</time>
        <extensions>
          <gpxdata:distance>2939.81</gpxdata:distance>
          <gpxdata:speed>0.461</gpxdata:speed>
        </extensions>
      </trkpt>
      <trkpt lat="46.7304810" lon="9.9451067">
        <ele>2862.5</ele>
        <time>2026-09-15T11:20:38Z</time>
        <extensions>
          <gpxdata:distance>2941.17</gpxdata:distance>
          <gpxdata:speed>0.461</gpxdata:speed>
        </extensions>
      </trkpt>
      <trkpt lat="46.7304730" lon="9.9450667">
        <ele>2863.2</ele>
        <time>2026-09-15T11:20:44Z</time>
        <extensions>
          <gpxdata:distance>2944.34</gpxdata:distance>
          <gpxdata:speed>0.508</gpxdata:speed>
        </extensions>
      </trkpt>
      <trkpt lat="46.7304820" lon="9.9450537">
        <ele>2863.7</ele>
        <time>2026-09-15T11:20:47Z</time>
        <extensions>
          <gpxdata:distance>2945.75</gpxdata:distance>
          <gpxdata:speed>0.514</gpxdata:speed>
        </extensions>
      </trkpt>
      <trkpt lat="46.7304910" lon="9.9450547">
        <ele>2863.7</ele>
        <time>2026-09-15T11:20:48Z</time>
        <extensions>
          <gpxdata:distance>2946.76</gpxdata:distance>
          <gpxdata:speed>0.649</gpxdata:speed>
        </extensions>
      </trkpt>
      <trkpt lat="46.7305000" lon="9.9450547">
        <ele>2863.9</ele>
        <time>2026-09-15T11:20:50Z</time>
        <extensions>
          <gpxdata:distance>2947.76</gpxdata:distance>
          <gpxdata:speed>0.641</gpxdata:speed>
        </extensions>
      </trkpt>
      <trkpt lat="46.7305010" lon="9.9450287">
        <ele>2864.9</ele>
        <time>2026-09-15T11:20:53Z</time>
        <extensions>
          <gpxdata:distance>2949.74</gpxdata:distance>
          <gpxdata:speed>0.605</gpxdata:speed>
        </extensions>
      </trkpt>
      <trkpt lat="46.7305010" lon="9.9450027">
        <ele>2865.1</ele>
        <time>2026-09-15T11:20:56Z</time>
        <extensions>
          <gpxdata:distance>2951.72</gpxdata:distance>
          <gpxdata:speed>0.649</gpxdata:speed>
        </extensions>
      </trkpt>
      <trkpt lat="46.7305020" lon="9.9449767">
        <ele>2865.8</ele>
        <time>2026-09-15T11:21:00Z</time>
        <extensions>
          <gpxdata:distance>2953.71</gpxdata:distance>
          <gpxdata:speed>0.526</gpxdata:speed>
        </extensions>
      </trkpt>
      <trkpt lat="46.7304940" lon="9.9449497">
        <ele>2866.9</ele>
        <time>2026-09-15T11:21:05Z</time>
        <extensions>
          <gpxdata:distance>2955.95</gpxdata:distance>
          <gpxdata:speed>0.461</gpxdata:speed>
        </extensions>
      </trkpt>
      <trkpt lat="46.7304960" lon="9.9448587">
        <ele>2869.0</ele>
        <time>2026-09-15T11:21:20Z</time>
        <extensions>
          <gpxdata:distance>2962.89</gpxdata:distance>
          <gpxdata:speed>0.461</gpxdata:speed>
        </extensions>
      </trkpt>
      <trkpt lat="46.7304880" lon="9.9447797">
        <ele>2870.5</ele>
        <time>2026-09-15T11:21:33Z</time>
        <extensions>
          <gpxdata:distance>2968.98</gpxdata:distance>
          <gpxdata:speed>0.461</gpxdata:speed>
        </extensions>
      </trkpt>
      <trkpt lat="46.7304900" lon="9.9446877">
        <ele>2872.2</ele>
        <time>2026-09-15T11:21:48Z</time>
        <extensions>
          <gpxdata:distance>2975.99</gpxdata:distance>
          <gpxdata:speed>0.461</gpxdata:speed>
        </extensions>
      </trkpt>
      <trkpt lat="46.7305010" lon="9.9445967">
        <ele>2873.8</ele>
        <time>2026-09-15T11:22:03Z</time>
        <extensions>
          <gpxdata:distance>2983.03</gpxdata:distance>
          <gpxdata:speed>0.461</gpxdata:speed>
        </extensions>
      </trkpt>
      <trkpt lat="46.7305110" lon="9.9445577">
        <ele>2874.6</ele>
        <time>2026-09-15T11:22:10Z</time>
        <extensions>
          <gpxdata:distance>2986.21</gpxdata:distance>
          <gpxdata:speed>0.461</gpxdata:speed>
        </extensions>
      </trkpt>
      <trkpt lat="46.7304860" lon="9.9444787">
        <ele>2875.5</ele>
        <time>2026-09-15T11:22:24Z</time>
        <extensions>
          <gpxdata:distance>2992.84</gpxdata:distance>
          <gpxdata:speed>0.477</gpxdata:speed>
        </extensions>
      </trkpt>
      <trkpt lat="46.7304960" lon="9.9444267">
        <ele>2876.4</ele>
        <time>2026-09-15T11:22:33Z</time>
        <extensions>
          <gpxdata:distance>2996.95</gpxdata:distance>
          <gpxdata:speed>0.462</gpxdata:speed>
        </extensions>
      </trkpt>
      <trkpt lat="46.7304890" lon="9.9443607">
        <ele>2877.4</ele>
        <time>2026-09-15T11:22:43Z</time>
        <extensions>
          <gpxdata:distance>3002.05</gpxdata:distance>
          <gpxdata:speed>0.499</gpxdata:speed>
        </extensions>
      </trkpt>
      <trkpt lat="46.7304900" lon="9.9443087">
        <ele>2878.3</ele>
        <time>2026-09-15T11:22:51Z</time>
        <extensions>
          <gpxdata:distance>3006.01</gpxdata:distance>
          <gpxdata:speed>0.545</gpxdata:speed>
        </extensions>
      </trkpt>
      <trkpt lat="46.7304990" lon="9.9442957">
        <ele>2878.5</ele>
        <time>2026-09-15T11:22:53Z</time>
        <extensions>
          <gpxdata:distance>3007.42</gpxdata:distance>
          <gpxdata:speed>0.599</gpxdata:speed>
        </extensions>
      </trkpt>
      <trkpt lat="46.7305260" lon="9.9442707">
        <ele>2878.5</ele>
        <time>2026-09-15T11:22:58Z</time>
        <extensions>
          <gpxdata:distance>3010.97</gpxdata:distance>
          <gpxdata:speed>0.645</gpxdata:speed>
        </extensions>
      </trkpt>
      <trkpt lat="46.7305450" lon="9.9442457">
        <ele>2879.2</ele>
        <time>2026-09-15T11:23:03Z</time>
        <extensions>
          <gpxdata:distance>3013.82</gpxdata:distance>
          <gpxdata:speed>0.643</gpxdata:speed>
        </extensions>
      </trkpt>
      <trkpt lat="46.7305550" lon="9.9442067">
        <ele>2879.7</ele>
        <time>2026-09-15T11:23:08Z</time>
        <extensions>
          <gpxdata:distance>3016.99</gpxdata:distance>
          <gpxdata:speed>0.639</gpxdata:speed>
        </extensions>
      </trkpt>
      <trkpt lat="46.7305390" lon="9.9441147">
        <ele>2881.6</ele>
        <time>2026-09-15T11:23:19Z</time>
        <extensions>
          <gpxdata:distance>3024.23</gpxdata:distance>
          <gpxdata:speed>0.643</gpxdata:speed>
        </extensions>
      </trkpt>
      <trkpt lat="46.7305580" lon="9.9440627">
        <ele>2882.7</ele>
        <time>2026-09-15T11:23:26Z</time>
        <extensions>
          <gpxdata:distance>3028.72</gpxdata:distance>
          <gpxdata:speed>0.646</gpxdata:speed>
        </extensions>
      </trkpt>
      <trkpt lat="46.7306050" lon="9.9439607">
        <ele>2884.9</ele>
        <time>2026-09-15T11:23:41Z</time>
        <extensions>
          <gpxdata:distance>3038.09</gpxdata:distance>
          <gpxdata:speed>0.624</gpxdata:speed>
        </extensions>
      </trkpt>
      <trkpt lat="46.7306870" lon="9.9439117">
        <ele>2887.3</ele>
        <time>2026-09-15T11:23:58Z</time>
        <extensions>
          <gpxdata:distance>3047.94</gpxdata:distance>
          <gpxdata:speed>0.590</gpxdata:speed>
        </extensions>
      </trkpt>
      <trkpt lat="46.7307150" lon="9.9438737">
        <ele>2888.6</ele>
        <time>2026-09-15T11:24:05Z</time>
        <extensions>
          <gpxdata:distance>3052.19</gpxdata:distance>
          <gpxdata:speed>0.563</gpxdata:speed>
        </extensions>
      </trkpt>
      <trkpt lat="46.7307790" lon="9.9438377">
        <ele>2891.3</ele>
        <time>2026-09-15T11:24:21Z</time>
        <extensions>
          <gpxdata:distance>3059.82</gpxdata:distance>
          <gpxdata:speed>0.483</gpxdata:speed>
        </extensions>
      </trkpt>
      <trkpt lat="46.7308160" lon="9.9438127">
        <ele>2892.5</ele>
        <time>2026-09-15T11:24:31Z</time>
        <extensions>
          <gpxdata:distance>3064.35</gpxdata:distance>
          <gpxdata:speed>0.461</gpxdata:speed>
        </extensions>
      </trkpt>
      <trkpt lat="46.7308510" lon="9.9438277">
        <ele>2893.7</ele>
        <time>2026-09-15T11:24:40Z</time>
        <extensions>
          <gpxdata:distance>3068.41</gpxdata:distance>
          <gpxdata:speed>0.461</gpxdata:speed>
        </extensions>
      </trkpt>
      <trkpt lat="46.7308510" lon="9.9438277">
        <ele>2893.7</ele>
        <time>2026-09-15T11:24:40Z</time>
        <extensions>
          <gpxdata:distance>3068.41</gpxdata:distance>
          <gpxdata:speed>0.000</gpxdata:speed>
        </extensions>
      </trkpt>
      <trkpt lat="46.7308780" lon="9.9438547">
        <ele>2896.7</ele>
        <time>2026-09-15T11:24:48Z</time>
        <extensions>
          <gpxdata:distance>3072.05</gpxdata:distance>
          <gpxdata:speed>0.461</gpxdata:speed>
        </extensions>
      </trkpt>
      <trkpt lat="46.7308960" lon="9.9438427">
        <ele>2897.8</ele>
        <time>2026-09-15T11:24:52Z</time>
        <extensions>
          <gpxdata:distance>3074.25</gpxdata:distance>
          <gpxdata:speed>0.461</gpxdata:speed>
        </extensions>
      </trkpt>
      <trkpt lat="46.7309140" lon="9.9438307">
        <ele>2899.0</ele>
        <time>2026-09-15T11:24:57Z</time>
        <extensions>
          <gpxdata:distance>3076.45</gpxdata:distance>
          <gpxdata:speed>0.461</gpxdata:speed>
        </extensions>
      </trkpt>
      <trkpt lat="46.7309590" lon="9.9438327">
        <ele>2902.5</ele>
        <time>2026-09-15T11:25:08Z</time>
        <extensions>
          <gpxdata:distance>3081.46</gpxdata:distance>
          <gpxdata:speed>0.461</gpxdata:speed>
        </extensions>
      </trkpt>
      <trkpt lat="46.7309880" lon="9.9437557">
        <ele>2905.0</ele>
        <time>2026-09-15T11:25:22Z</time>
        <extensions>
          <gpxdata:distance>3088.15</gpxdata:distance>
          <gpxdata:speed>0.461</gpxdata:speed>
        </extensions>
      </trkpt>
      <trkpt lat="46.7309970" lon="9.9437557">
        <ele>2905.9</ele>
        <time>2026-09-15T11:25:25Z</time>
        <extensions>
          <gpxdata:distance>3089.15</gpxdata:distance>
          <gpxdata:speed>0.461</gpxdata:speed>
        </extensions>
      </trkpt>
      <trkpt lat="46.7310140" lon="9.9437957">
        <ele>2908.0</ele>
        <time>2026-09-15T11:25:32Z</time>
        <extensions>
          <gpxdata:distance>3092.74</gpxdata:distance>
          <gpxdata:speed>0.461</gpxdata:speed>
        </extensions>
      </trkpt>
      <trkpt lat="46.7310230" lon="9.9437707">
        <ele>2907.9</ele>
        <time>2026-09-15T11:25:37Z</time>
        <extensions>
          <gpxdata:distance>3094.89</gpxdata:distance>
          <gpxdata:speed>0.461</gpxdata:speed>
        </extensions>
      </trkpt>
      <trkpt lat="46.7310230" lon="9.9437707">
        <ele>2907.9</ele>
        <time>2026-09-15T11:25:37Z</time>
        <extensions>
          <gpxdata:distance>3094.89</gpxdata:distance>
          <gpxdata:speed>0.000</gpxdata:speed>
        </extensions>
      </trkpt>
      <trkpt lat="46.7310330" lon="9.9437577">
        <ele>2908.3</ele>
        <time>2026-09-15T11:25:40Z</time>
        <extensions>
          <gpxdata:distance>3096.38</gpxdata:distance>
          <gpxdata:speed>0.461</gpxdata:speed>
        </extensions>
      </trkpt>
      <trkpt lat="46.7310420" lon="9.9437317">
        <ele>2908.6</ele>
        <time>2026-09-15T11:25:45Z</time>
        <extensions>
          <gpxdata:distance>3098.60</gpxdata:distance>
          <gpxdata:speed>0.461</gpxdata:speed>
        </extensions>
      </trkpt>
      <trkpt lat="46.7310600" lon="9.9437327">
        <ele>2909.3</ele>
        <time>2026-09-15T11:25:49Z</time>
        <extensions>
          <gpxdata:distance>3100.60</gpxdata:distance>
          <gpxdata:speed>0.461</gpxdata:speed>
        </extensions>
      </trkpt>
      <trkpt lat="46.7310780" lon="9.9437467">
        <ele>2910.0</ele>
        <time>2026-09-15T11:25:54Z</time>
        <extensions>
          <gpxdata:distance>3102.87</gpxdata:distance>
          <gpxdata:speed>0.461</gpxdata:speed>
        </extensions>
      </trkpt>
      <trkpt lat="46.7310880" lon="9.9437207">
        <ele>2910.7</ele>
        <time>2026-09-15T11:25:59Z</time>
        <extensions>
          <gpxdata:distance>3105.14</gpxdata:distance>
          <gpxdata:speed>0.461</gpxdata:speed>
        </extensions>
      </trkpt>
      <trkpt lat="46.7310970" lon="9.9437217">
        <ele>2911.1</ele>
        <time>2026-09-15T11:26:01Z</time>
        <extensions>
          <gpxdata:distance>3106.15</gpxdata:distance>
          <gpxdata:speed>0.461</gpxdata:speed>
        </extensions>
      </trkpt>
      <trkpt lat="46.7311600" lon="9.9437107">
        <ele>2913.5</ele>
        <time>2026-09-15T11:26:17Z</time>
        <extensions>
          <gpxdata:distance>3113.20</gpxdata:distance>
          <gpxdata:speed>0.461</gpxdata:speed>
        </extensions>
      </trkpt>
      <trkpt lat="46.7312040" lon="9.9437267">
        <ele>2914.6</ele>
        <time>2026-09-15T11:26:28Z</time>
        <extensions>
          <gpxdata:distance>3118.25</gpxdata:distance>
          <gpxdata:speed>0.461</gpxdata:speed>
        </extensions>
      </trkpt>
      <trkpt lat="46.7312040" lon="9.9437267">
        <ele>2914.9</ele>
        <time>2026-09-15T11:26:28Z</time>
        <extensions>
          <gpxdata:distance>3118.25</gpxdata:distance>
          <gpxdata:speed>0.000</gpxdata:speed>
        </extensions>
      </trkpt>
      <trkpt lat="46.7312050" lon="9.9437137">
        <ele>2915.6</ele>
        <time>2026-09-15T11:26:30Z</time>
        <extensions>
          <gpxdata:distance>3119.24</gpxdata:distance>
          <gpxdata:speed>0.461</gpxdata:speed>
        </extensions>
      </trkpt>
      <trkpt lat="46.7311610" lon="9.9436457">
        <ele>2917.0</ele>
        <time>2026-09-15T11:26:45Z</time>
        <extensions>
          <gpxdata:distance>3126.37</gpxdata:distance>
          <gpxdata:speed>0.461</gpxdata:speed>
        </extensions>
      </trkpt>
      <trkpt lat="46.7311530" lon="9.9436187">
        <ele>2917.5</ele>
        <time>2026-09-15T11:26:50Z</time>
        <extensions>
          <gpxdata:distance>3128.61</gpxdata:distance>
          <gpxdata:speed>0.461</gpxdata:speed>
        </extensions>
      </trkpt>
      <trkpt lat="46.7311620" lon="9.9436197">
        <ele>2917.7</ele>
        <time>2026-09-15T11:26:52Z</time>
        <extensions>
          <gpxdata:distance>3129.62</gpxdata:distance>
          <gpxdata:speed>0.461</gpxdata:speed>
        </extensions>
      </trkpt>
      <trkpt lat="46.7311800" lon="9.9436207">
        <ele>2918.2</ele>
        <time>2026-09-15T11:26:57Z</time>
        <extensions>
          <gpxdata:distance>3131.62</gpxdata:distance>
          <gpxdata:speed>0.461</gpxdata:speed>
        </extensions>
      </trkpt>
      <trkpt lat="46.7312060" lon="9.9436347">
        <ele>2919.1</ele>
        <time>2026-09-15T11:27:03Z</time>
        <extensions>
          <gpxdata:distance>3134.70</gpxdata:distance>
          <gpxdata:speed>0.461</gpxdata:speed>
        </extensions>
      </trkpt>
      <trkpt lat="46.7312420" lon="9.9436367">
        <ele>2919.8</ele>
        <time>2026-09-15T11:27:12Z</time>
        <extensions>
          <gpxdata:distance>3138.71</gpxdata:distance>
          <gpxdata:speed>0.473</gpxdata:speed>
        </extensions>
      </trkpt>
      <trkpt lat="46.7312790" lon="9.9436247">
        <ele>2921.0</ele>
        <time>2026-09-15T11:27:21Z</time>
        <extensions>
          <gpxdata:distance>3142.92</gpxdata:distance>
          <gpxdata:speed>0.461</gpxdata:speed>
        </extensions>
      </trkpt>
      <trkpt lat="46.7313230" lon="9.9436537">
        <ele>2922.1</ele>
        <time>2026-09-15T11:27:32Z</time>
        <extensions>
          <gpxdata:distance>3148.29</gpxdata:distance>
          <gpxdata:speed>0.500</gpxdata:speed>
        </extensions>
      </trkpt>
      <trkpt lat="46.7313410" lon="9.9436407">
        <ele>2922.8</ele>
        <time>2026-09-15T11:27:36Z</time>
        <extensions>
          <gpxdata:distance>3150.52</gpxdata:distance>
          <gpxdata:speed>0.536</gpxdata:speed>
        </extensions>
      </trkpt>
      <trkpt lat="46.7313160" lon="9.9435877">
        <ele>2924.0</ele>
        <time>2026-09-15T11:27:46Z</time>
        <extensions>
          <gpxdata:distance>3155.43</gpxdata:distance>
          <gpxdata:speed>0.496</gpxdata:speed>
        </extensions>
      </trkpt>
      <trkpt lat="46.7313070" lon="9.9435607">
        <ele>2924.5</ele>
        <time>2026-09-15T11:27:50Z</time>
        <extensions>
          <gpxdata:distance>3157.71</gpxdata:distance>
          <gpxdata:speed>0.497</gpxdata:speed>
        </extensions>
      </trkpt>
      <trkpt lat="46.7313160" lon="9.9435487">
        <ele>2925.2</ele>
        <time>2026-09-15T11:27:53Z</time>
        <extensions>
          <gpxdata:distance>3159.07</gpxdata:distance>
          <gpxdata:speed>0.461</gpxdata:speed>
        </extensions>
      </trkpt>
      <trkpt lat="46.7313250" lon="9.9435487">
        <ele>2925.7</ele>
        <time>2026-09-15T11:27:55Z</time>
        <extensions>
          <gpxdata:distance>3160.07</gpxdata:distance>
          <gpxdata:speed>0.461</gpxdata:speed>
        </extensions>
      </trkpt>
      <trkpt lat="46.7313430" lon="9.9435627">
        <ele>2926.4</ele>
        <time>2026-09-15T11:28:00Z</time>
        <extensions>
          <gpxdata:distance>3162.34</gpxdata:distance>
          <gpxdata:speed>0.461</gpxdata:speed>
        </extensions>
      </trkpt>
      <trkpt lat="46.7313780" lon="9.9435907">
        <ele>2927.5</ele>
        <time>2026-09-15T11:28:10Z</time>
        <extensions>
          <gpxdata:distance>3166.78</gpxdata:distance>
          <gpxdata:speed>0.461</gpxdata:speed>
        </extensions>
      </trkpt>
      <trkpt lat="46.7313960" lon="9.9436047">
        <ele>2928.5</ele>
        <time>2026-09-15T11:28:15Z</time>
        <extensions>
          <gpxdata:distance>3169.05</gpxdata:distance>
          <gpxdata:speed>0.461</gpxdata:speed>
        </extensions>
      </trkpt>
      <trkpt lat="46.7313890" lon="9.9435387">
        <ele>2929.8</ele>
        <time>2026-09-15T11:28:26Z</time>
        <extensions>
          <gpxdata:distance>3174.14</gpxdata:distance>
          <gpxdata:speed>0.461</gpxdata:speed>
        </extensions>
      </trkpt>
      <trkpt lat="46.7313980" lon="9.9435387">
        <ele>2930.4</ele>
        <time>2026-09-15T11:28:28Z</time>
        <extensions>
          <gpxdata:distance>3175.14</gpxdata:distance>
          <gpxdata:speed>0.461</gpxdata:speed>
        </extensions>
      </trkpt>
      <trkpt lat="46.7314430" lon="9.9435407">
        <ele>2932.2</ele>
        <time>2026-09-15T11:28:39Z</time>
        <extensions>
          <gpxdata:distance>3180.14</gpxdata:distance>
          <gpxdata:speed>0.461</gpxdata:speed>
        </extensions>
      </trkpt>
      <trkpt lat="46.7314870" lon="9.9435557">
        <ele>2933.5</ele>
        <time>2026-09-15T11:28:50Z</time>
        <extensions>
          <gpxdata:distance>3185.17</gpxdata:distance>
          <gpxdata:speed>0.461</gpxdata:speed>
        </extensions>
      </trkpt>
      <trkpt lat="46.7314970" lon="9.9435307">
        <ele>2934.2</ele>
        <time>2026-09-15T11:28:55Z</time>
        <extensions>
          <gpxdata:distance>3187.37</gpxdata:distance>
          <gpxdata:speed>0.461</gpxdata:speed>
        </extensions>
      </trkpt>
      <trkpt lat="46.7315150" lon="9.9435187">
        <ele>2935.9</ele>
        <time>2026-09-15T11:28:59Z</time>
        <extensions>
          <gpxdata:distance>3189.57</gpxdata:distance>
          <gpxdata:speed>0.461</gpxdata:speed>
        </extensions>
      </trkpt>
      <trkpt lat="46.7315410" lon="9.9435457">
        <ele>2937.4</ele>
        <time>2026-09-15T11:29:07Z</time>
        <extensions>
          <gpxdata:distance>3193.12</gpxdata:distance>
          <gpxdata:speed>0.461</gpxdata:speed>
        </extensions>
      </trkpt>
      <trkpt lat="46.7315590" lon="9.9435467">
        <ele>2938.5</ele>
        <time>2026-09-15T11:29:11Z</time>
        <extensions>
          <gpxdata:distance>3195.12</gpxdata:distance>
          <gpxdata:speed>0.461</gpxdata:speed>
        </extensions>
      </trkpt>
      <trkpt lat="46.7315600" lon="9.9435207">
        <ele>2939.3</ele>
        <time>2026-09-15T11:29:16Z</time>
        <extensions>
          <gpxdata:distance>3197.11</gpxdata:distance>
          <gpxdata:speed>0.461</gpxdata:speed>
        </extensions>
      </trkpt>
      <trkpt lat="46.7315520" lon="9.9434677">
        <ele>2940.1</ele>
        <time>2026-09-15T11:29:25Z</time>
        <extensions>
          <gpxdata:distance>3201.25</gpxdata:distance>
          <gpxdata:speed>0.461</gpxdata:speed>
        </extensions>
      </trkpt>
      <trkpt lat="46.7315790" lon="9.9434687">
        <ele>2941.7</ele>
        <time>2026-09-15T11:29:31Z</time>
        <extensions>
          <gpxdata:distance>3204.25</gpxdata:distance>
          <gpxdata:speed>0.461</gpxdata:speed>
        </extensions>
      </trkpt>
      <trkpt lat="46.7316230" lon="9.9434967">
        <ele>2943.7</ele>
        <time>2026-09-15T11:29:43Z</time>
        <extensions>
          <gpxdata:distance>3209.59</gpxdata:distance>
          <gpxdata:speed>0.461</gpxdata:speed>
        </extensions>
      </trkpt>
      <trkpt lat="46.7316500" lon="9.9434987">
        <ele>2945.7</ele>
        <time>2026-09-15T11:29:49Z</time>
        <extensions>
          <gpxdata:distance>3212.59</gpxdata:distance>
          <gpxdata:speed>0.461</gpxdata:speed>
        </extensions>
      </trkpt>
      <trkpt lat="46.7316770" lon="9.9435387">
        <ele>2946.9</ele>
        <time>2026-09-15T11:29:59Z</time>
        <extensions>
          <gpxdata:distance>3216.87</gpxdata:distance>
          <gpxdata:speed>0.461</gpxdata:speed>
        </extensions>
      </trkpt>
      <trkpt lat="46.7317110" lon="9.9435927">
        <ele>2948.8</ele>
        <time>2026-09-15T11:30:11Z</time>
        <extensions>
          <gpxdata:distance>3222.46</gpxdata:distance>
          <gpxdata:speed>0.461</gpxdata:speed>
        </extensions>
      </trkpt>
      <trkpt lat="46.7317290" lon="9.9436067">
        <ele>2949.6</ele>
        <time>2026-09-15T11:30:16Z</time>
        <extensions>
          <gpxdata:distance>3224.73</gpxdata:distance>
          <gpxdata:speed>0.461</gpxdata:speed>
        </extensions>
      </trkpt>
      <trkpt lat="46.7317480" lon="9.9435687">
        <ele>2951.2</ele>
        <time>2026-09-15T11:30:23Z</time>
        <extensions>
          <gpxdata:distance>3228.31</gpxdata:distance>
          <gpxdata:speed>0.461</gpxdata:speed>
        </extensions>
      </trkpt>
      <trkpt lat="46.7317750" lon="9.9435827">
        <ele>2953.0</ele>
        <time>2026-09-15T11:30:30Z</time>
        <extensions>
          <gpxdata:distance>3231.50</gpxdata:distance>
          <gpxdata:speed>0.461</gpxdata:speed>
        </extensions>
      </trkpt>
      <trkpt lat="46.7318540" lon="9.9436387">
        <ele>2956.8</ele>
        <time>2026-09-15T11:30:51Z</time>
        <extensions>
          <gpxdata:distance>3241.27</gpxdata:distance>
          <gpxdata:speed>0.461</gpxdata:speed>
        </extensions>
      </trkpt>
      <trkpt lat="46.7318390" lon="9.9435197">
        <ele>2960.4</ele>
        <time>2026-09-15T11:31:11Z</time>
        <extensions>
          <gpxdata:distance>3250.49</gpxdata:distance>
          <gpxdata:speed>0.461</gpxdata:speed>
        </extensions>
      </trkpt>
      <trkpt lat="46.7318400" lon="9.9434937">
        <ele>2960.8</ele>
        <time>2026-09-15T11:31:16Z</time>
        <extensions>
          <gpxdata:distance>3252.47</gpxdata:distance>
          <gpxdata:speed>0.461</gpxdata:speed>
        </extensions>
      </trkpt>
      <trkpt lat="46.7318670" lon="9.9434827">
        <ele>2962.0</ele>
        <time>2026-09-15T11:31:22Z</time>
        <extensions>
          <gpxdata:distance>3255.59</gpxdata:distance>
          <gpxdata:speed>0.461</gpxdata:speed>
        </extensions>
      </trkpt>
      <trkpt lat="46.7318750" lon="9.9435087">
        <ele>2963.5</ele>
        <time>2026-09-15T11:31:27Z</time>
        <extensions>
          <gpxdata:distance>3257.76</gpxdata:distance>
          <gpxdata:speed>0.461</gpxdata:speed>
        </extensions>
      </trkpt>
      <trkpt lat="46.7318920" lon="9.9435487">
        <ele>2964.0</ele>
        <time>2026-09-15T11:31:35Z</time>
        <extensions>
          <gpxdata:distance>3261.35</gpxdata:distance>
          <gpxdata:speed>0.461</gpxdata:speed>
        </extensions>
      </trkpt>
      <trkpt lat="46.7319100" lon="9.9435627">
        <ele>2964.5</ele>
        <time>2026-09-15T11:31:40Z</time>
        <extensions>
          <gpxdata:distance>3263.62</gpxdata:distance>
          <gpxdata:speed>0.461</gpxdata:speed>
        </extensions>
      </trkpt>
      <trkpt lat="46.7319190" lon="9.9435627">
        <ele>2964.7</ele>
        <time>2026-09-15T11:31:42Z</time>
        <extensions>
          <gpxdata:distance>3264.62</gpxdata:distance>
          <gpxdata:speed>0.461</gpxdata:speed>
        </extensions>
      </trkpt>
      <trkpt lat="46.7319200" lon="9.9435107">
        <ele>2965.4</ele>
        <time>2026-09-15T11:31:51Z</time>
        <extensions>
          <gpxdata:distance>3268.58</gpxdata:distance>
          <gpxdata:speed>0.461</gpxdata:speed>
        </extensions>
      </trkpt>
      <trkpt lat="46.7319290" lon="9.9435117">
        <ele>2965.8</ele>
        <time>2026-09-15T11:31:53Z</time>
        <extensions>
          <gpxdata:distance>3269.59</gpxdata:distance>
          <gpxdata:speed>0.461</gpxdata:speed>
        </extensions>
      </trkpt>
      <trkpt lat="46.7319640" lon="9.9435517">
        <ele>2967.4</ele>
        <time>2026-09-15T11:32:03Z</time>
        <extensions>
          <gpxdata:distance>3274.53</gpxdata:distance>
          <gpxdata:speed>0.461</gpxdata:speed>
        </extensions>
      </trkpt>
      <trkpt lat="46.7319740" lon="9.9435397">
        <ele>2967.9</ele>
        <time>2026-09-15T11:32:07Z</time>
        <extensions>
          <gpxdata:distance>3275.97</gpxdata:distance>
          <gpxdata:speed>0.461</gpxdata:speed>
        </extensions>
      </trkpt>
      <trkpt lat="46.7319750" lon="9.9434877">
        <ele>2968.7</ele>
        <time>2026-09-15T11:32:15Z</time>
        <extensions>
          <gpxdata:distance>3279.93</gpxdata:distance>
          <gpxdata:speed>0.461</gpxdata:speed>
        </extensions>
      </trkpt>
      <trkpt lat="46.7319840" lon="9.9434877">
        <ele>2969.6</ele>
        <time>2026-09-15T11:32:17Z</time>
        <extensions>
          <gpxdata:distance>3280.93</gpxdata:distance>
          <gpxdata:speed>0.461</gpxdata:speed>
        </extensions>
      </trkpt>
      <trkpt lat="46.7320010" lon="9.9435147">
        <ele>2970.4</ele>
        <time>2026-09-15T11:32:23Z</time>
        <extensions>
          <gpxdata:distance>3283.73</gpxdata:distance>
          <gpxdata:speed>0.461</gpxdata:speed>
        </extensions>
      </trkpt>
      <trkpt lat="46.7320280" lon="9.9435417">
        <ele>2971.3</ele>
        <time>2026-09-15T11:32:31Z</time>
        <extensions>
          <gpxdata:distance>3287.37</gpxdata:distance>
          <gpxdata:speed>0.461</gpxdata:speed>
        </extensions>
      </trkpt>
      <trkpt lat="46.7320450" lon="9.9435427">
        <ele>2971.9</ele>
        <time>2026-09-15T11:32:35Z</time>
        <extensions>
          <gpxdata:distance>3289.26</gpxdata:distance>
          <gpxdata:speed>0.461</gpxdata:speed>
        </extensions>
      </trkpt>
      <trkpt lat="46.7320380" lon="9.9434767">
        <ele>2973.8</ele>
        <time>2026-09-15T11:32:46Z</time>
        <extensions>
          <gpxdata:distance>3294.35</gpxdata:distance>
          <gpxdata:speed>0.461</gpxdata:speed>
        </extensions>
      </trkpt>
      <trkpt lat="46.7320570" lon="9.9434257">
        <ele>2974.7</ele>
        <time>2026-09-15T11:32:56Z</time>
        <extensions>
          <gpxdata:distance>3298.77</gpxdata:distance>
          <gpxdata:speed>0.461</gpxdata:speed>
        </extensions>
      </trkpt>
      <trkpt lat="46.7320750" lon="9.9434267">
        <ele>2975.3</ele>
        <time>2026-09-15T11:33:00Z</time>
        <extensions>
          <gpxdata:distance>3300.78</gpxdata:distance>
          <gpxdata:speed>0.461</gpxdata:speed>
        </extensions>
      </trkpt>
      <trkpt lat="46.7321370" lon="9.9434817">
        <ele>2976.4</ele>
        <time>2026-09-15T11:33:18Z</time>
        <extensions>
          <gpxdata:distance>3308.85</gpxdata:distance>
          <gpxdata:speed>0.461</gpxdata:speed>
        </extensions>
      </trkpt>
      <trkpt lat="46.7321810" lon="9.9435097">
        <ele>2977.3</ele>
        <time>2026-09-15T11:33:29Z</time>
        <extensions>
          <gpxdata:distance>3314.18</gpxdata:distance>
          <gpxdata:speed>0.461</gpxdata:speed>
        </extensions>
      </trkpt>
      <trkpt lat="46.7322530" lon="9.9435397">
        <ele>2979.0</ele>
        <time>2026-09-15T11:33:45Z</time>
        <extensions>
          <gpxdata:distance>3322.51</gpxdata:distance>
          <gpxdata:speed>0.551</gpxdata:speed>
        </extensions>
      </trkpt>
      <trkpt lat="46.7322970" lon="9.9435547">
        <ele>2979.6</ele>
        <time>2026-09-15T11:33:53Z</time>
        <extensions>
          <gpxdata:distance>3327.53</gpxdata:distance>
          <gpxdata:speed>0.611</gpxdata:speed>
        </extensions>
      </trkpt>
      <trkpt lat="46.7323070" lon="9.9435417">
        <ele>2980.0</ele>
        <time>2026-09-15T11:33:55Z</time>
        <extensions>
          <gpxdata:distance>3329.02</gpxdata:distance>
          <gpxdata:speed>0.616</gpxdata:speed>
        </extensions>
      </trkpt>
      <trkpt lat="46.7323070" lon="9.9435027">
        <ele>2981.1</ele>
        <time>2026-09-15T11:34:00Z</time>
        <extensions>
          <gpxdata:distance>3332.00</gpxdata:distance>
          <gpxdata:speed>0.592</gpxdata:speed>
        </extensions>
      </trkpt>
      <trkpt lat="46.7323090" lon="9.9434247">
        <ele>2982.0</ele>
        <time>2026-09-15T11:34:09Z</time>
        <extensions>
          <gpxdata:distance>3337.94</gpxdata:distance>
          <gpxdata:speed>0.644</gpxdata:speed>
        </extensions>
      </trkpt>
      <trkpt lat="46.7323020" lon="9.9433587">
        <ele>2982.8</ele>
        <time>2026-09-15T11:34:17Z</time>
        <extensions>
          <gpxdata:distance>3343.03</gpxdata:distance>
          <gpxdata:speed>0.643</gpxdata:speed>
        </extensions>
      </trkpt>
      <trkpt lat="46.7323210" lon="9.9432937">
        <ele>2983.5</ele>
        <time>2026-09-15T11:34:26Z</time>
        <extensions>
          <gpxdata:distance>3348.42</gpxdata:distance>
          <gpxdata:speed>0.638</gpxdata:speed>
        </extensions>
      </trkpt>
      <trkpt lat="46.7323310" lon="9.9432287">
        <ele>2984.1</ele>
        <time>2026-09-15T11:34:34Z</time>
        <extensions>
          <gpxdata:distance>3353.50</gpxdata:distance>
          <gpxdata:speed>0.639</gpxdata:speed>
        </extensions>
      </trkpt>
      <trkpt lat="46.7323510" lon="9.9431777">
        <ele>2985.0</ele>
        <time>2026-09-15T11:34:41Z</time>
        <extensions>
          <gpxdata:distance>3357.98</gpxdata:distance>
          <gpxdata:speed>0.640</gpxdata:speed>
        </extensions>
      </trkpt>
      <trkpt lat="46.7323880" lon="9.9431137">
        <ele>2986.0</ele>
        <time>2026-09-15T11:34:51Z</time>
        <extensions>
          <gpxdata:distance>3364.36</gpxdata:distance>
          <gpxdata:speed>0.637</gpxdata:speed>
        </extensions>
      </trkpt>
      <trkpt lat="46.7324520" lon="9.9430777">
        <ele>2987.3</ele>
        <time>2026-09-15T11:35:03Z</time>
        <extensions>
          <gpxdata:distance>3371.98</gpxdata:distance>
          <gpxdata:speed>0.639</gpxdata:speed>
        </extensions>
      </trkpt>
      <trkpt lat="46.7324880" lon="9.9430527">
        <ele>2988.4</ele>
        <time>2026-09-15T11:35:10Z</time>
        <extensions>
          <gpxdata:distance>3376.42</gpxdata:distance>
          <gpxdata:speed>0.640</gpxdata:speed>
        </extensions>
      </trkpt>
      <trkpt lat="46.7324890" lon="9.9430137">
        <ele>2988.8</ele>
        <time>2026-09-15T11:35:14Z</time>
        <extensions>
          <gpxdata:distance>3379.39</gpxdata:distance>
          <gpxdata:speed>0.635</gpxdata:speed>
        </extensions>
      </trkpt>
      <trkpt lat="46.7324990" lon="9.9429877">
        <ele>2989.6</ele>
        <time>2026-09-15T11:35:18Z</time>
        <extensions>
          <gpxdata:distance>3381.66</gpxdata:distance>
          <gpxdata:speed>0.639</gpxdata:speed>
        </extensions>
      </trkpt>
      <trkpt lat="46.7325170" lon="9.9429627">
        <ele>2990.3</ele>
        <time>2026-09-15T11:35:22Z</time>
        <extensions>
          <gpxdata:distance>3384.43</gpxdata:distance>
          <gpxdata:speed>0.642</gpxdata:speed>
        </extensions>
      </trkpt>
      <trkpt lat="46.7325350" lon="9.9429637">
        <ele>2991.1</ele>
        <time>2026-09-15T11:35:25Z</time>
        <extensions>
          <gpxdata:distance>3386.43</gpxdata:distance>
          <gpxdata:speed>0.649</gpxdata:speed>
        </extensions>
      </trkpt>
      <trkpt lat="46.7325620" lon="9.9429908">
        <ele>2991.8</ele>
        <time>2026-09-15T11:35:31Z</time>
        <extensions>
          <gpxdata:distance>3390.07</gpxdata:distance>
          <gpxdata:speed>0.609</gpxdata:speed>
        </extensions>
      </trkpt>
      <trkpt lat="46.7325710" lon="9.9429918">
        <ele>2992.4</ele>
        <time>2026-09-15T11:35:33Z</time>
        <extensions>
          <gpxdata:distance>3391.08</gpxdata:distance>
          <gpxdata:speed>0.561</gpxdata:speed>
        </extensions>
      </trkpt>
      <trkpt lat="46.7325800" lon="9.9429528">
        <ele>2993.1</ele>
        <time>2026-09-15T11:35:39Z</time>
        <extensions>
          <gpxdata:distance>3394.21</gpxdata:distance>
          <gpxdata:speed>0.507</gpxdata:speed>
        </extensions>
      </trkpt>
      <trkpt lat="46.7325990" lon="9.9429268">
        <ele>2993.5</ele>
        <time>2026-09-15T11:35:45Z</time>
        <extensions>
          <gpxdata:distance>3397.11</gpxdata:distance>
          <gpxdata:speed>0.474</gpxdata:speed>
        </extensions>
      </trkpt>
      <trkpt lat="46.7326090" lon="9.9428758">
        <ele>2994.1</ele>
        <time>2026-09-15T11:35:53Z</time>
        <extensions>
          <gpxdata:distance>3401.15</gpxdata:distance>
          <gpxdata:speed>0.535</gpxdata:speed>
        </extensions>
      </trkpt>
      <trkpt lat="46.7326180" lon="9.9428628">
        <ele>2994.6</ele>
        <time>2026-09-15T11:35:56Z</time>
        <extensions>
          <gpxdata:distance>3402.56</gpxdata:distance>
          <gpxdata:speed>0.461</gpxdata:speed>
        </extensions>
      </trkpt>
      <trkpt lat="46.7326270" lon="9.9428758">
        <ele>2995.2</ele>
        <time>2026-09-15T11:35:59Z</time>
        <extensions>
          <gpxdata:distance>3403.97</gpxdata:distance>
          <gpxdata:speed>0.461</gpxdata:speed>
        </extensions>
      </trkpt>
      <trkpt lat="46.7326530" lon="9.9429298">
        <ele>2996.1</ele>
        <time>2026-09-15T11:36:09Z</time>
        <extensions>
          <gpxdata:distance>3409.00</gpxdata:distance>
          <gpxdata:speed>0.514</gpxdata:speed>
        </extensions>
      </trkpt>
      <trkpt lat="46.7326880" lon="9.9429708">
        <ele>2997.3</ele>
        <time>2026-09-15T11:36:18Z</time>
        <extensions>
          <gpxdata:distance>3413.99</gpxdata:distance>
          <gpxdata:speed>0.555</gpxdata:speed>
        </extensions>
      </trkpt>
      <trkpt lat="46.7327140" lon="9.9429978">
        <ele>2998.0</ele>
        <time>2026-09-15T11:36:24Z</time>
        <extensions>
          <gpxdata:distance>3417.54</gpxdata:distance>
          <gpxdata:speed>0.552</gpxdata:speed>
        </extensions>
      </trkpt>
      <trkpt lat="46.7327320" lon="9.9429988">
        <ele>2998.4</ele>
        <time>2026-09-15T11:36:27Z</time>
        <extensions>
          <gpxdata:distance>3419.54</gpxdata:distance>
          <gpxdata:speed>0.608</gpxdata:speed>
        </extensions>
      </trkpt>
      <trkpt lat="46.7327500" lon="9.9430128">
        <ele>2999.0</ele>
        <time>2026-09-15T11:36:31Z</time>
        <extensions>
          <gpxdata:distance>3421.81</gpxdata:distance>
          <gpxdata:speed>0.597</gpxdata:speed>
        </extensions>
      </trkpt>
      <trkpt lat="46.7327590" lon="9.9430398">
        <ele>2999.5</ele>
        <time>2026-09-15T11:36:35Z</time>
        <extensions>
          <gpxdata:distance>3424.10</gpxdata:distance>
          <gpxdata:speed>0.565</gpxdata:speed>
        </extensions>
      </trkpt>
      <trkpt lat="46.7327670" lon="9.9430528">
        <ele>2999.7</ele>
        <time>2026-09-15T11:36:38Z</time>
        <extensions>
          <gpxdata:distance>3425.43</gpxdata:distance>
          <gpxdata:speed>0.534</gpxdata:speed>
        </extensions>
      </trkpt>
      <trkpt lat="46.7327770" lon="9.9430398">
        <ele>3000.3</ele>
        <time>2026-09-15T11:36:41Z</time>
        <extensions>
          <gpxdata:distance>3426.92</gpxdata:distance>
          <gpxdata:speed>0.521</gpxdata:speed>
        </extensions>
      </trkpt>
      <trkpt lat="46.7328070" lon="9.9428978">
        <ele>3002.5</ele>
        <time>2026-09-15T11:37:00Z</time>
        <extensions>
          <gpxdata:distance>3438.24</gpxdata:distance>
          <gpxdata:speed>0.600</gpxdata:speed>
        </extensions>
      </trkpt>
      <trkpt lat="46.7328460" lon="9.9427298">
        <ele>3005.5</ele>
        <time>2026-09-15T11:37:23Z</time>
        <extensions>
          <gpxdata:distance>3451.76</gpxdata:distance>
          <gpxdata:speed>0.575</gpxdata:speed>
        </extensions>
      </trkpt>
      <trkpt lat="46.7328560" lon="9.9426778">
        <ele>3006.3</ele>
        <time>2026-09-15T11:37:30Z</time>
        <extensions>
          <gpxdata:distance>3455.88</gpxdata:distance>
          <gpxdata:speed>0.593</gpxdata:speed>
        </extensions>
      </trkpt>
      <trkpt lat="46.7328660" lon="9.9426648">
        <ele>3006.7</ele>
        <time>2026-09-15T11:37:33Z</time>
        <extensions>
          <gpxdata:distance>3457.37</gpxdata:distance>
          <gpxdata:speed>0.580</gpxdata:speed>
        </extensions>
      </trkpt>
      <trkpt lat="46.7328740" lon="9.9426918">
        <ele>3007.2</ele>
        <time>2026-09-15T11:37:36Z</time>
        <extensions>
          <gpxdata:distance>3459.61</gpxdata:distance>
          <gpxdata:speed>0.575</gpxdata:speed>
        </extensions>
      </trkpt>
      <trkpt lat="46.7328920" lon="9.9427188">
        <ele>3008.0</ele>
        <time>2026-09-15T11:37:41Z</time>
        <extensions>
          <gpxdata:distance>3462.48</gpxdata:distance>
          <gpxdata:speed>0.569</gpxdata:speed>
        </extensions>
      </trkpt>
      <trkpt lat="46.7329530" lon="9.9427998">
        <ele>3009.9</ele>
        <time>2026-09-15T11:37:57Z</time>
        <extensions>
          <gpxdata:distance>3471.65</gpxdata:distance>
          <gpxdata:speed>0.579</gpxdata:speed>
        </extensions>
      </trkpt>
      <trkpt lat="46.7329700" lon="9.9428398">
        <ele>3010.6</ele>
        <time>2026-09-15T11:38:04Z</time>
        <extensions>
          <gpxdata:distance>3475.24</gpxdata:distance>
          <gpxdata:speed>0.578</gpxdata:speed>
        </extensions>
      </trkpt>
      <trkpt lat="46.7329790" lon="9.9428398">
        <ele>3011.0</ele>
        <time>2026-09-15T11:38:05Z</time>
        <extensions>
          <gpxdata:distance>3476.24</gpxdata:distance>
          <gpxdata:speed>0.585</gpxdata:speed>
        </extensions>
      </trkpt>
      <trkpt lat="46.7329790" lon="9.9428138">
        <ele>3011.6</ele>
        <time>2026-09-15T11:38:09Z</time>
        <extensions>
          <gpxdata:distance>3478.22</gpxdata:distance>
          <gpxdata:speed>0.545</gpxdata:speed>
        </extensions>
      </trkpt>
      <trkpt lat="46.7329890" lon="9.9427888">
        <ele>3012.1</ele>
        <time>2026-09-15T11:38:13Z</time>
        <extensions>
          <gpxdata:distance>3480.43</gpxdata:distance>
          <gpxdata:speed>0.535</gpxdata:speed>
        </extensions>
      </trkpt>
      <trkpt lat="46.7329990" lon="9.9427238">
        <ele>3013.1</ele>
        <time>2026-09-15T11:38:22Z</time>
        <extensions>
          <gpxdata:distance>3485.50</gpxdata:distance>
          <gpxdata:speed>0.538</gpxdata:speed>
        </extensions>
      </trkpt>
      <trkpt lat="46.7330310" lon="9.9425028">
        <ele>3015.9</ele>
        <time>2026-09-15T11:38:49Z</time>
        <extensions>
          <gpxdata:distance>3502.72</gpxdata:distance>
          <gpxdata:speed>0.638</gpxdata:speed>
        </extensions>
      </trkpt>
      <trkpt lat="46.7330320" lon="9.9424498">
        <ele>3017.6</ele>
        <time>2026-09-15T11:38:56Z</time>
        <extensions>
          <gpxdata:distance>3506.76</gpxdata:distance>
          <gpxdata:speed>0.572</gpxdata:speed>
        </extensions>
      </trkpt>
      <trkpt lat="46.7330620" lon="9.9423338">
        <ele>3019.8</ele>
        <time>2026-09-15T11:39:13Z</time>
        <extensions>
          <gpxdata:distance>3516.21</gpxdata:distance>
          <gpxdata:speed>0.575</gpxdata:speed>
        </extensions>
      </trkpt>
      <trkpt lat="46.7330720" lon="9.9422688">
        <ele>3020.4</ele>
        <time>2026-09-15T11:39:21Z</time>
        <extensions>
          <gpxdata:distance>3521.29</gpxdata:distance>
          <gpxdata:speed>0.606</gpxdata:speed>
        </extensions>
      </trkpt>
      <trkpt lat="46.7331010" lon="9.9421918">
        <ele>3021.7</ele>
        <time>2026-09-15T11:39:32Z</time>
        <extensions>
          <gpxdata:distance>3527.98</gpxdata:distance>
          <gpxdata:speed>0.610</gpxdata:speed>
        </extensions>
      </trkpt>
      <trkpt lat="46.7331200" lon="9.9421528">
        <ele>3022.3</ele>
        <time>2026-09-15T11:39:38Z</time>
        <extensions>
          <gpxdata:distance>3531.63</gpxdata:distance>
          <gpxdata:speed>0.634</gpxdata:speed>
        </extensions>
      </trkpt>
      <trkpt lat="46.7331290" lon="9.9421538">
        <ele>3023.0</ele>
        <time>2026-09-15T11:39:40Z</time>
        <extensions>
          <gpxdata:distance>3532.63</gpxdata:distance>
          <gpxdata:speed>0.613</gpxdata:speed>
        </extensions>
      </trkpt>
      <trkpt lat="46.7331630" lon="9.9422468">
        <ele>3025.3</ele>
        <time>2026-09-15T11:39:54Z</time>
        <extensions>
          <gpxdata:distance>3540.67</gpxdata:distance>
          <gpxdata:speed>0.577</gpxdata:speed>
        </extensions>
      </trkpt>
      <trkpt lat="46.7331890" lon="9.9422868">
        <ele>3026.4</ele>
        <time>2026-09-15T11:40:01Z</time>
        <extensions>
          <gpxdata:distance>3544.87</gpxdata:distance>
          <gpxdata:speed>0.559</gpxdata:speed>
        </extensions>
      </trkpt>
      <trkpt lat="46.7331980" lon="9.9422878">
        <ele>3027.0</ele>
        <time>2026-09-15T11:40:03Z</time>
        <extensions>
          <gpxdata:distance>3545.87</gpxdata:distance>
          <gpxdata:speed>0.461</gpxdata:speed>
        </extensions>
      </trkpt>
      <trkpt lat="46.7332360" lon="9.9422108">
        <ele>3028.1</ele>
        <time>2026-09-15T11:40:16Z</time>
        <extensions>
          <gpxdata:distance>3553.10</gpxdata:distance>
          <gpxdata:speed>0.549</gpxdata:speed>
        </extensions>
      </trkpt>
      <trkpt lat="46.7332540" lon="9.9421988">
        <ele>3028.7</ele>
        <time>2026-09-15T11:40:20Z</time>
        <extensions>
          <gpxdata:distance>3555.30</gpxdata:distance>
          <gpxdata:speed>0.545</gpxdata:speed>
        </extensions>
      </trkpt>
      <trkpt lat="46.7332720" lon="9.9421858">
        <ele>3029.2</ele>
        <time>2026-09-15T11:40:25Z</time>
        <extensions>
          <gpxdata:distance>3557.54</gpxdata:distance>
          <gpxdata:speed>0.489</gpxdata:speed>
        </extensions>
      </trkpt>
      <trkpt lat="46.7332810" lon="9.9421998">
        <ele>3029.6</ele>
        <time>2026-09-15T11:40:28Z</time>
        <extensions>
          <gpxdata:distance>3559.00</gpxdata:distance>
          <gpxdata:speed>0.461</gpxdata:speed>
        </extensions>
      </trkpt>
      <trkpt lat="46.7332970" lon="9.9422788">
        <ele>3030.2</ele>
        <time>2026-09-15T11:40:40Z</time>
        <extensions>
          <gpxdata:distance>3565.28</gpxdata:distance>
          <gpxdata:speed>0.518</gpxdata:speed>
        </extensions>
      </trkpt>
      <trkpt lat="46.7333730" lon="9.9425048">
        <ele>3032.8</ele>
        <time>2026-09-15T11:41:10Z</time>
        <extensions>
          <gpxdata:distance>3584.46</gpxdata:distance>
          <gpxdata:speed>0.645</gpxdata:speed>
        </extensions>
      </trkpt>
      <trkpt lat="46.7334170" lon="9.9425858">
        <ele>3033.4</ele>
        <time>2026-09-15T11:41:23Z</time>
        <extensions>
          <gpxdata:distance>3592.34</gpxdata:distance>
          <gpxdata:speed>0.633</gpxdata:speed>
        </extensions>
      </trkpt>
      <trkpt lat="46.7334420" lon="9.9426518">
        <ele>3033.6</ele>
        <time>2026-09-15T11:41:31Z</time>
        <extensions>
          <gpxdata:distance>3598.09</gpxdata:distance>
          <gpxdata:speed>0.667</gpxdata:speed>
        </extensions>
      </trkpt>
      <trkpt lat="46.7334590" lon="9.9426788">
        <ele>3034.3</ele>
        <time>2026-09-15T11:41:35Z</time>
        <extensions>
          <gpxdata:distance>3600.88</gpxdata:distance>
          <gpxdata:speed>0.673</gpxdata:speed>
        </extensions>
      </trkpt>
      <trkpt lat="46.7334780" lon="9.9426668">
        <ele>3034.7</ele>
        <time>2026-09-15T11:41:39Z</time>
        <extensions>
          <gpxdata:distance>3603.18</gpxdata:distance>
          <gpxdata:speed>0.675</gpxdata:speed>
        </extensions>
      </trkpt>
      <trkpt lat="46.7334960" lon="9.9426418">
        <ele>3035.5</ele>
        <time>2026-09-15T11:41:43Z</time>
        <extensions>
          <gpxdata:distance>3605.95</gpxdata:distance>
          <gpxdata:speed>0.669</gpxdata:speed>
        </extensions>
      </trkpt>
      <trkpt lat="46.7335060" lon="9.9426028">
        <ele>3036.0</ele>
        <time>2026-09-15T11:41:48Z</time>
        <extensions>
          <gpxdata:distance>3609.12</gpxdata:distance>
          <gpxdata:speed>0.675</gpxdata:speed>
        </extensions>
      </trkpt>
      <trkpt lat="46.7335910" lon="9.9424498">
        <ele>3038.8</ele>
        <time>2026-09-15T11:42:11Z</time>
        <extensions>
          <gpxdata:distance>3624.13</gpxdata:distance>
          <gpxdata:speed>0.652</gpxdata:speed>
        </extensions>
      </trkpt>
      <trkpt lat="46.7336190" lon="9.9423858">
        <ele>3039.6</ele>
        <time>2026-09-15T11:42:20Z</time>
        <extensions>
          <gpxdata:distance>3629.92</gpxdata:distance>
          <gpxdata:speed>0.642</gpxdata:speed>
        </extensions>
      </trkpt>
      <trkpt lat="46.7336470" lon="9.9423218">
        <ele>3040.9</ele>
        <time>2026-09-15T11:42:29Z</time>
        <extensions>
          <gpxdata:distance>3635.70</gpxdata:distance>
          <gpxdata:speed>0.633</gpxdata:speed>
        </extensions>
      </trkpt>
      <trkpt lat="46.7336560" lon="9.9423218">
        <ele>3040.9</ele>
        <time>2026-09-15T11:42:30Z</time>
        <extensions>
          <gpxdata:distance>3636.70</gpxdata:distance>
          <gpxdata:speed>0.637</gpxdata:speed>
        </extensions>
      </trkpt>
      <trkpt lat="46.7336640" lon="9.9423618">
        <ele>3041.5</ele>
        <time>2026-09-15T11:42:35Z</time>
        <extensions>
          <gpxdata:distance>3639.88</gpxdata:distance>
          <gpxdata:speed>0.645</gpxdata:speed>
        </extensions>
      </trkpt>
      <trkpt lat="46.7336820" lon="9.9423628">
        <ele>3042.2</ele>
        <time>2026-09-15T11:42:38Z</time>
        <extensions>
          <gpxdata:distance>3641.88</gpxdata:distance>
          <gpxdata:speed>0.646</gpxdata:speed>
        </extensions>
      </trkpt>
      <trkpt lat="46.7337000" lon="9.9424028">
        <ele>3043.2</ele>
        <time>2026-09-15T11:42:44Z</time>
        <extensions>
          <gpxdata:distance>3645.53</gpxdata:distance>
          <gpxdata:speed>0.646</gpxdata:speed>
        </extensions>
      </trkpt>
      <trkpt lat="46.7337250" lon="9.9424818">
        <ele>3044.1</ele>
        <time>2026-09-15T11:42:54Z</time>
        <extensions>
          <gpxdata:distance>3652.16</gpxdata:distance>
          <gpxdata:speed>0.644</gpxdata:speed>
        </extensions>
      </trkpt>
      <trkpt lat="46.7337420" lon="9.9425088">
        <ele>3045.0</ele>
        <time>2026-09-15T11:42:59Z</time>
        <extensions>
          <gpxdata:distance>3654.95</gpxdata:distance>
          <gpxdata:speed>0.647</gpxdata:speed>
        </extensions>
      </trkpt>
      <trkpt lat="46.7337780" lon="9.9425238">
        <ele>3045.8</ele>
        <time>2026-09-15T11:43:05Z</time>
        <extensions>
          <gpxdata:distance>3659.12</gpxdata:distance>
          <gpxdata:speed>0.649</gpxdata:speed>
        </extensions>
      </trkpt>
      <trkpt lat="46.7338140" lon="9.9425128">
        <ele>3046.2</ele>
        <time>2026-09-15T11:43:11Z</time>
        <extensions>
          <gpxdata:distance>3663.21</gpxdata:distance>
          <gpxdata:speed>0.648</gpxdata:speed>
        </extensions>
      </trkpt>
      <trkpt lat="46.7338500" lon="9.9425268">
        <ele>3047.3</ele>
        <time>2026-09-15T11:43:18Z</time>
        <extensions>
          <gpxdata:distance>3667.35</gpxdata:distance>
          <gpxdata:speed>0.640</gpxdata:speed>
        </extensions>
      </trkpt>
      <trkpt lat="46.7338590" lon="9.9425148">
        <ele>3047.7</ele>
        <time>2026-09-15T11:43:20Z</time>
        <extensions>
          <gpxdata:distance>3668.71</gpxdata:distance>
          <gpxdata:speed>0.602</gpxdata:speed>
        </extensions>
      </trkpt>
      <trkpt lat="46.7338690" lon="9.9424888">
        <ele>3048.4</ele>
        <time>2026-09-15T11:43:24Z</time>
        <extensions>
          <gpxdata:distance>3670.98</gpxdata:distance>
          <gpxdata:speed>0.567</gpxdata:speed>
        </extensions>
      </trkpt>
      <trkpt lat="46.7338700" lon="9.9424368">
        <ele>3049.0</ele>
        <time>2026-09-15T11:43:30Z</time>
        <extensions>
          <gpxdata:distance>3674.94</gpxdata:distance>
          <gpxdata:speed>0.628</gpxdata:speed>
        </extensions>
      </trkpt>
      <trkpt lat="46.7338530" lon="9.9423838">
        <ele>3050.3</ele>
        <time>2026-09-15T11:43:38Z</time>
        <extensions>
          <gpxdata:distance>3679.40</gpxdata:distance>
          <gpxdata:speed>0.613</gpxdata:speed>
        </extensions>
      </trkpt>
      <trkpt lat="46.7338730" lon="9.9423058">
        <ele>3051.4</ele>
        <time>2026-09-15T11:43:49Z</time>
        <extensions>
          <gpxdata:distance>3685.75</gpxdata:distance>
          <gpxdata:speed>0.584</gpxdata:speed>
        </extensions>
      </trkpt>
      <trkpt lat="46.7338560" lon="9.9422268">
        <ele>3052.4</ele>
        <time>2026-09-15T11:43:58Z</time>
        <extensions>
          <gpxdata:distance>3692.06</gpxdata:distance>
          <gpxdata:speed>0.649</gpxdata:speed>
        </extensions>
      </trkpt>
      <trkpt lat="46.7338670" lon="9.9421748">
        <ele>3052.9</ele>
        <time>2026-09-15T11:44:05Z</time>
        <extensions>
          <gpxdata:distance>3696.21</gpxdata:distance>
          <gpxdata:speed>0.646</gpxdata:speed>
        </extensions>
      </trkpt>
      <trkpt lat="46.7338760" lon="9.9421618">
        <ele>3053.3</ele>
        <time>2026-09-15T11:44:07Z</time>
        <extensions>
          <gpxdata:distance>3697.61</gpxdata:distance>
          <gpxdata:speed>0.625</gpxdata:speed>
        </extensions>
      </trkpt>
      <trkpt lat="46.7338850" lon="9.9421758">
        <ele>3053.7</ele>
        <time>2026-09-15T11:44:09Z</time>
        <extensions>
          <gpxdata:distance>3699.08</gpxdata:distance>
          <gpxdata:speed>0.642</gpxdata:speed>
        </extensions>
      </trkpt>
      <trkpt lat="46.7339380" lon="9.9422168">
        <ele>3055.2</ele>
        <time>2026-09-15T11:44:20Z</time>
        <extensions>
          <gpxdata:distance>3705.75</gpxdata:distance>
          <gpxdata:speed>0.640</gpxdata:speed>
        </extensions>
      </trkpt>
      <trkpt lat="46.7339730" lon="9.9422578">
        <ele>3056.1</ele>
        <time>2026-09-15T11:44:27Z</time>
        <extensions>
          <gpxdata:distance>3710.74</gpxdata:distance>
          <gpxdata:speed>0.646</gpxdata:speed>
        </extensions>
      </trkpt>
      <trkpt lat="46.7340090" lon="9.9422598">
        <ele>3057.2</ele>
        <time>2026-09-15T11:44:34Z</time>
        <extensions>
          <gpxdata:distance>3714.74</gpxdata:distance>
          <gpxdata:speed>0.626</gpxdata:speed>
        </extensions>
      </trkpt>
      <trkpt lat="46.7340270" lon="9.9422348">
        <ele>3058.0</ele>
        <time>2026-09-15T11:44:38Z</time>
        <extensions>
          <gpxdata:distance>3717.51</gpxdata:distance>
          <gpxdata:speed>0.641</gpxdata:speed>
        </extensions>
      </trkpt>
      <trkpt lat="46.7340460" lon="9.9421958">
        <ele>3058.5</ele>
        <time>2026-09-15T11:44:44Z</time>
        <extensions>
          <gpxdata:distance>3721.15</gpxdata:distance>
          <gpxdata:speed>0.647</gpxdata:speed>
        </extensions>
      </trkpt>
      <trkpt lat="46.7340470" lon="9.9421698">
        <ele>3059.4</ele>
        <time>2026-09-15T11:44:47Z</time>
        <extensions>
          <gpxdata:distance>3723.14</gpxdata:distance>
          <gpxdata:speed>0.554</gpxdata:speed>
        </extensions>
      </trkpt>
      <trkpt lat="46.7340300" lon="9.9421168">
        <ele>3060.0</ele>
        <time>2026-09-15T11:44:55Z</time>
        <extensions>
          <gpxdata:distance>3727.60</gpxdata:distance>
          <gpxdata:speed>0.551</gpxdata:speed>
        </extensions>
      </trkpt>
      <trkpt lat="46.7340130" lon="9.9420638">
        <ele>3060.6</ele>
        <time>2026-09-15T11:45:03Z</time>
        <extensions>
          <gpxdata:distance>3732.06</gpxdata:distance>
          <gpxdata:speed>0.604</gpxdata:speed>
        </extensions>
      </trkpt>
      <trkpt lat="46.7340060" lon="9.9419718">
        <ele>3061.7</ele>
        <time>2026-09-15T11:45:14Z</time>
        <extensions>
          <gpxdata:distance>3739.11</gpxdata:distance>
          <gpxdata:speed>0.649</gpxdata:speed>
        </extensions>
      </trkpt>
      <trkpt lat="46.7339810" lon="9.9418918">
        <ele>3063.4</ele>
        <time>2026-09-15T11:45:24Z</time>
        <extensions>
          <gpxdata:distance>3745.81</gpxdata:distance>
          <gpxdata:speed>0.631</gpxdata:speed>
        </extensions>
      </trkpt>
      <trkpt lat="46.7339650" lon="9.9417868">
        <ele>3066.0</ele>
        <time>2026-09-15T11:45:39Z</time>
        <extensions>
          <gpxdata:distance>3754.01</gpxdata:distance>
          <gpxdata:speed>0.541</gpxdata:speed>
        </extensions>
      </trkpt>
      <trkpt lat="46.7339750" lon="9.9417218">
        <ele>3066.8</ele>
        <time>2026-09-15T11:45:48Z</time>
        <extensions>
          <gpxdata:distance>3759.09</gpxdata:distance>
          <gpxdata:speed>0.587</gpxdata:speed>
        </extensions>
      </trkpt>
      <trkpt lat="46.7339940" lon="9.9416958">
        <ele>3067.5</ele>
        <time>2026-09-15T11:45:53Z</time>
        <extensions>
          <gpxdata:distance>3761.99</gpxdata:distance>
          <gpxdata:speed>0.598</gpxdata:speed>
        </extensions>
      </trkpt>
      <trkpt lat="46.7340310" lon="9.9416718">
        <ele>3068.6</ele>
        <time>2026-09-15T11:46:01Z</time>
        <extensions>
          <gpxdata:distance>3766.49</gpxdata:distance>
          <gpxdata:speed>0.563</gpxdata:speed>
        </extensions>
      </trkpt>
      <trkpt lat="46.7340390" lon="9.9416848">
        <ele>3068.9</ele>
        <time>2026-09-15T11:46:03Z</time>
        <extensions>
          <gpxdata:distance>3767.82</gpxdata:distance>
          <gpxdata:speed>0.602</gpxdata:speed>
        </extensions>
      </trkpt>
      <trkpt lat="46.7340560" lon="9.9417518">
        <ele>3071.0</ele>
        <time>2026-09-15T11:46:14Z</time>
        <extensions>
          <gpxdata:distance>3773.26</gpxdata:distance>
          <gpxdata:speed>0.496</gpxdata:speed>
        </extensions>
      </trkpt>
      <trkpt lat="46.7340910" lon="9.9417788">
        <ele>3072.2</ele>
        <time>2026-09-15T11:46:24Z</time>
        <extensions>
          <gpxdata:distance>3777.67</gpxdata:distance>
          <gpxdata:speed>0.461</gpxdata:speed>
        </extensions>
      </trkpt>
      <trkpt lat="46.7341090" lon="9.9417668">
        <ele>3072.9</ele>
        <time>2026-09-15T11:46:28Z</time>
        <extensions>
          <gpxdata:distance>3779.87</gpxdata:distance>
          <gpxdata:speed>0.461</gpxdata:speed>
        </extensions>
      </trkpt>
      <trkpt lat="46.7341290" lon="9.9417158">
        <ele>3074.0</ele>
        <time>2026-09-15T11:46:38Z</time>
        <extensions>
          <gpxdata:distance>3784.34</gpxdata:distance>
          <gpxdata:speed>0.461</gpxdata:speed>
        </extensions>
      </trkpt>
      <trkpt lat="46.7341470" lon="9.9416898">
        <ele>3074.6</ele>
        <time>2026-09-15T11:46:44Z</time>
        <extensions>
          <gpxdata:distance>3787.16</gpxdata:distance>
          <gpxdata:speed>0.461</gpxdata:speed>
        </extensions>
      </trkpt>
      <trkpt lat="46.7341650" lon="9.9416778">
        <ele>3075.1</ele>
        <time>2026-09-15T11:46:49Z</time>
        <extensions>
          <gpxdata:distance>3789.36</gpxdata:distance>
          <gpxdata:speed>0.461</gpxdata:speed>
        </extensions>
      </trkpt>
      <trkpt lat="46.7341740" lon="9.9416788">
        <ele>3075.3</ele>
        <time>2026-09-15T11:46:51Z</time>
        <extensions>
          <gpxdata:distance>3790.37</gpxdata:distance>
          <gpxdata:speed>0.461</gpxdata:speed>
        </extensions>
      </trkpt>
      <trkpt lat="46.7341820" lon="9.9417308">
        <ele>3076.0</ele>
        <time>2026-09-15T11:47:00Z</time>
        <extensions>
          <gpxdata:distance>3794.43</gpxdata:distance>
          <gpxdata:speed>0.461</gpxdata:speed>
        </extensions>
      </trkpt>
      <trkpt lat="46.7341910" lon="9.9417318">
        <ele>3076.8</ele>
        <time>2026-09-15T11:47:02Z</time>
        <extensions>
          <gpxdata:distance>3795.43</gpxdata:distance>
          <gpxdata:speed>0.461</gpxdata:speed>
        </extensions>
      </trkpt>
      <trkpt lat="46.7342170" lon="9.9417848">
        <ele>3077.3</ele>
        <time>2026-09-15T11:47:12Z</time>
        <extensions>
          <gpxdata:distance>3800.40</gpxdata:distance>
          <gpxdata:speed>0.528</gpxdata:speed>
        </extensions>
      </trkpt>
      <trkpt lat="46.7342430" lon="9.9418388">
        <ele>3078.6</ele>
        <time>2026-09-15T11:47:21Z</time>
        <extensions>
          <gpxdata:distance>3805.43</gpxdata:distance>
          <gpxdata:speed>0.534</gpxdata:speed>
        </extensions>
      </trkpt>
      <trkpt lat="46.7342960" lon="9.9418938">
        <ele>3079.2</ele>
        <time>2026-09-15T11:47:32Z</time>
        <extensions>
          <gpxdata:distance>3812.66</gpxdata:distance>
          <gpxdata:speed>0.646</gpxdata:speed>
        </extensions>
      </trkpt>
      <trkpt lat="46.7343920" lon="9.9420028">
        <ele>3081.3</ele>
        <time>2026-09-15T11:47:53Z</time>
        <extensions>
          <gpxdata:distance>3826.19</gpxdata:distance>
          <gpxdata:speed>0.639</gpxdata:speed>
        </extensions>
      </trkpt>
      <trkpt lat="46.7344530" lon="9.9421099">
        <ele>3083.7</ele>
        <time>2026-09-15T11:48:10Z</time>
        <extensions>
          <gpxdata:distance>3836.80</gpxdata:distance>
          <gpxdata:speed>0.643</gpxdata:speed>
        </extensions>
      </trkpt>
      <trkpt lat="46.7344880" lon="9.9421639">
        <ele>3083.9</ele>
        <time>2026-09-15T11:48:19Z</time>
        <extensions>
          <gpxdata:distance>3842.46</gpxdata:distance>
          <gpxdata:speed>0.636</gpxdata:speed>
        </extensions>
      </trkpt>
      <trkpt lat="46.7345320" lon="9.9421929">
        <ele>3084.5</ele>
        <time>2026-09-15T11:48:27Z</time>
        <extensions>
          <gpxdata:distance>3847.83</gpxdata:distance>
          <gpxdata:speed>0.634</gpxdata:speed>
        </extensions>
      </trkpt>
      <trkpt lat="46.7345420" lon="9.9421669">
        <ele>3085.2</ele>
        <time>2026-09-15T11:48:31Z</time>
        <extensions>
          <gpxdata:distance>3850.10</gpxdata:distance>
          <gpxdata:speed>0.636</gpxdata:speed>
        </extensions>
      </trkpt>
      <trkpt lat="46.7345520" lon="9.9421279">
        <ele>3087.1</ele>
        <time>2026-09-15T11:48:36Z</time>
        <extensions>
          <gpxdata:distance>3853.28</gpxdata:distance>
          <gpxdata:speed>0.641</gpxdata:speed>
        </extensions>
      </trkpt>
      <trkpt lat="46.7345440" lon="9.9420619">
        <ele>3087.9</ele>
        <time>2026-09-15T11:48:44Z</time>
        <extensions>
          <gpxdata:distance>3858.38</gpxdata:distance>
          <gpxdata:speed>0.642</gpxdata:speed>
        </extensions>
      </trkpt>
      <trkpt lat="46.7345540" lon="9.9420229">
        <ele>3088.8</ele>
        <time>2026-09-15T11:48:49Z</time>
        <extensions>
          <gpxdata:distance>3861.56</gpxdata:distance>
          <gpxdata:speed>0.642</gpxdata:speed>
        </extensions>
      </trkpt>
      <trkpt lat="46.7345810" lon="9.9420379">
        <ele>3089.4</ele>
        <time>2026-09-15T11:48:54Z</time>
        <extensions>
          <gpxdata:distance>3864.77</gpxdata:distance>
          <gpxdata:speed>0.647</gpxdata:speed>
        </extensions>
      </trkpt>
      <trkpt lat="46.7345990" lon="9.9420389">
        <ele>3090.5</ele>
        <time>2026-09-15T11:48:57Z</time>
        <extensions>
          <gpxdata:distance>3866.77</gpxdata:distance>
          <gpxdata:speed>0.549</gpxdata:speed>
        </extensions>
      </trkpt>
      <trkpt lat="46.7346170" lon="9.9420129">
        <ele>3091.1</ele>
        <time>2026-09-15T11:49:02Z</time>
        <extensions>
          <gpxdata:distance>3869.59</gpxdata:distance>
          <gpxdata:speed>0.553</gpxdata:speed>
        </extensions>
      </trkpt>
      <trkpt lat="46.7346180" lon="9.9419739">
        <ele>3091.8</ele>
        <time>2026-09-15T11:49:09Z</time>
        <extensions>
          <gpxdata:distance>3872.56</gpxdata:distance>
          <gpxdata:speed>0.461</gpxdata:speed>
        </extensions>
      </trkpt>
      <trkpt lat="46.7345850" lon="9.9418549">
        <ele>3093.9</ele>
        <time>2026-09-15T11:49:30Z</time>
        <extensions>
          <gpxdata:distance>3882.35</gpxdata:distance>
          <gpxdata:speed>0.461</gpxdata:speed>
        </extensions>
      </trkpt>
      <trkpt lat="46.7345680" lon="9.9418019">
        <ele>3094.8</ele>
        <time>2026-09-15T11:49:40Z</time>
        <extensions>
          <gpxdata:distance>3886.81</gpxdata:distance>
          <gpxdata:speed>0.461</gpxdata:speed>
        </extensions>
      </trkpt>
      <trkpt lat="46.7345970" lon="9.9416979">
        <ele>3096.3</ele>
        <time>2026-09-15T11:49:54Z</time>
        <extensions>
          <gpxdata:distance>3895.36</gpxdata:distance>
          <gpxdata:speed>0.579</gpxdata:speed>
        </extensions>
      </trkpt>
      <trkpt lat="46.7346339" lon="9.9416479">
        <ele>3097.3</ele>
        <time>2026-09-15T11:50:04Z</time>
        <extensions>
          <gpxdata:distance>3900.96</gpxdata:distance>
          <gpxdata:speed>0.571</gpxdata:speed>
        </extensions>
      </trkpt>
      <trkpt lat="46.7346609" lon="9.9416489">
        <ele>3097.8</ele>
        <time>2026-09-15T11:50:09Z</time>
        <extensions>
          <gpxdata:distance>3903.97</gpxdata:distance>
          <gpxdata:speed>0.603</gpxdata:speed>
        </extensions>
      </trkpt>
      <trkpt lat="46.7346709" lon="9.9416229">
        <ele>3098.4</ele>
        <time>2026-09-15T11:50:13Z</time>
        <extensions>
          <gpxdata:distance>3906.24</gpxdata:distance>
          <gpxdata:speed>0.585</gpxdata:speed>
        </extensions>
      </trkpt>
      <trkpt lat="46.7346799" lon="9.9416099">
        <ele>3098.8</ele>
        <time>2026-09-15T11:50:15Z</time>
        <extensions>
          <gpxdata:distance>3907.65</gpxdata:distance>
          <gpxdata:speed>0.637</gpxdata:speed>
        </extensions>
      </trkpt>
      <trkpt lat="46.7347149" lon="9.9416509">
        <ele>3099.9</ele>
        <time>2026-09-15T11:50:23Z</time>
        <extensions>
          <gpxdata:distance>3912.64</gpxdata:distance>
          <gpxdata:speed>0.632</gpxdata:speed>
        </extensions>
      </trkpt>
      <trkpt lat="46.7347589" lon="9.9416799">
        <ele>3101.2</ele>
        <time>2026-09-15T11:50:32Z</time>
        <extensions>
          <gpxdata:distance>3918.01</gpxdata:distance>
          <gpxdata:speed>0.623</gpxdata:speed>
        </extensions>
      </trkpt>
      <trkpt lat="46.7348209" lon="9.9417479">
        <ele>3102.9</ele>
        <time>2026-09-15T11:50:45Z</time>
        <extensions>
          <gpxdata:distance>3926.63</gpxdata:distance>
          <gpxdata:speed>0.637</gpxdata:speed>
        </extensions>
      </trkpt>
      <trkpt lat="46.7348479" lon="9.9417619">
        <ele>3103.7</ele>
        <time>2026-09-15T11:50:50Z</time>
        <extensions>
          <gpxdata:distance>3929.82</gpxdata:distance>
          <gpxdata:speed>0.623</gpxdata:speed>
        </extensions>
      </trkpt>
      <trkpt lat="46.7348649" lon="9.9417889">
        <ele>3104.2</ele>
        <time>2026-09-15T11:50:55Z</time>
        <extensions>
          <gpxdata:distance>3932.61</gpxdata:distance>
          <gpxdata:speed>0.604</gpxdata:speed>
        </extensions>
      </trkpt>
      <trkpt lat="46.7349539" lon="9.9418329">
        <ele>3107.2</ele>
        <time>2026-09-15T11:51:15Z</time>
        <extensions>
          <gpxdata:distance>3943.06</gpxdata:distance>
          <gpxdata:speed>0.517</gpxdata:speed>
        </extensions>
      </trkpt>
      <trkpt lat="46.7350069" lon="9.9418739">
        <ele>3108.9</ele>
        <time>2026-09-15T11:51:29Z</time>
        <extensions>
          <gpxdata:distance>3949.73</gpxdata:distance>
          <gpxdata:speed>0.489</gpxdata:speed>
        </extensions>
      </trkpt>
      <trkpt lat="46.7350689" lon="9.9419159">
        <ele>3110.4</ele>
        <time>2026-09-15T11:51:44Z</time>
        <extensions>
          <gpxdata:distance>3957.33</gpxdata:distance>
          <gpxdata:speed>0.518</gpxdata:speed>
        </extensions>
      </trkpt>
      <trkpt lat="46.7350959" lon="9.9419049">
        <ele>3111.0</ele>
        <time>2026-09-15T11:51:49Z</time>
        <extensions>
          <gpxdata:distance>3960.45</gpxdata:distance>
          <gpxdata:speed>0.532</gpxdata:speed>
        </extensions>
      </trkpt>
      <trkpt lat="46.7351319" lon="9.9419319">
        <ele>3111.9</ele>
        <time>2026-09-15T11:51:58Z</time>
        <extensions>
          <gpxdata:distance>3964.95</gpxdata:distance>
          <gpxdata:speed>0.539</gpxdata:speed>
        </extensions>
      </trkpt>
      <trkpt lat="46.7351499" lon="9.9419329">
        <ele>3112.9</ele>
        <time>2026-09-15T11:52:02Z</time>
        <extensions>
          <gpxdata:distance>3966.95</gpxdata:distance>
          <gpxdata:speed>0.503</gpxdata:speed>
        </extensions>
      </trkpt>
      <trkpt lat="46.7351679" lon="9.9419209">
        <ele>3113.8</ele>
        <time>2026-09-15T11:52:07Z</time>
        <extensions>
          <gpxdata:distance>3969.15</gpxdata:distance>
          <gpxdata:speed>0.461</gpxdata:speed>
        </extensions>
      </trkpt>
      <trkpt lat="46.7351689" lon="9.9418819">
        <ele>3114.4</ele>
        <time>2026-09-15T11:52:13Z</time>
        <extensions>
          <gpxdata:distance>3972.13</gpxdata:distance>
          <gpxdata:speed>0.461</gpxdata:speed>
        </extensions>
      </trkpt>
      <trkpt lat="46.7351869" lon="9.9418699">
        <ele>3115.7</ele>
        <time>2026-09-15T11:52:18Z</time>
        <extensions>
          <gpxdata:distance>3974.33</gpxdata:distance>
          <gpxdata:speed>0.461</gpxdata:speed>
        </extensions>
      </trkpt>
      <trkpt lat="46.7351889" lon="9.9417909">
        <ele>3117.4</ele>
        <time>2026-09-15T11:52:31Z</time>
        <extensions>
          <gpxdata:distance>3980.35</gpxdata:distance>
          <gpxdata:speed>0.461</gpxdata:speed>
        </extensions>
      </trkpt>
      <trkpt lat="46.7351719" lon="9.9417379">
        <ele>3119.3</ele>
        <time>2026-09-15T11:52:40Z</time>
        <extensions>
          <gpxdata:distance>3984.81</gpxdata:distance>
          <gpxdata:speed>0.461</gpxdata:speed>
        </extensions>
      </trkpt>
      <trkpt lat="46.7351819" lon="9.9417119">
        <ele>3120.0</ele>
        <time>2026-09-15T11:52:45Z</time>
        <extensions>
          <gpxdata:distance>3987.08</gpxdata:distance>
          <gpxdata:speed>0.461</gpxdata:speed>
        </extensions>
      </trkpt>
      <trkpt lat="46.7351739" lon="9.9416599">
        <ele>3120.8</ele>
        <time>2026-09-15T11:52:54Z</time>
        <extensions>
          <gpxdata:distance>3991.15</gpxdata:distance>
          <gpxdata:speed>0.461</gpxdata:speed>
        </extensions>
      </trkpt>
      <trkpt lat="46.7352009" lon="9.9416479">
        <ele>3121.9</ele>
        <time>2026-09-15T11:53:01Z</time>
        <extensions>
          <gpxdata:distance>3994.28</gpxdata:distance>
          <gpxdata:speed>0.461</gpxdata:speed>
        </extensions>
      </trkpt>
      <trkpt lat="46.7352189" lon="9.9416619">
        <ele>3122.5</ele>
        <time>2026-09-15T11:53:06Z</time>
        <extensions>
          <gpxdata:distance>3996.55</gpxdata:distance>
          <gpxdata:speed>0.461</gpxdata:speed>
        </extensions>
      </trkpt>
      <trkpt lat="46.7352359" lon="9.9417149">
        <ele>3123.6</ele>
        <time>2026-09-15T11:53:16Z</time>
        <extensions>
          <gpxdata:distance>4001.01</gpxdata:distance>
          <gpxdata:speed>0.461</gpxdata:speed>
        </extensions>
      </trkpt>
      <trkpt lat="46.7352439" lon="9.9417279">
        <ele>3124.7</ele>
        <time>2026-09-15T11:53:18Z</time>
        <extensions>
          <gpxdata:distance>4002.34</gpxdata:distance>
          <gpxdata:speed>0.461</gpxdata:speed>
        </extensions>
      </trkpt>
      <trkpt lat="46.7352709" lon="9.9417289">
        <ele>3125.3</ele>
        <time>2026-09-15T11:53:25Z</time>
        <extensions>
          <gpxdata:distance>4005.35</gpxdata:distance>
          <gpxdata:speed>0.461</gpxdata:speed>
        </extensions>
      </trkpt>
      <trkpt lat="46.7352979" lon="9.9417309">
        <ele>3126.2</ele>
        <time>2026-09-15T11:53:31Z</time>
        <extensions>
          <gpxdata:distance>4008.35</gpxdata:distance>
          <gpxdata:speed>0.461</gpxdata:speed>
        </extensions>
      </trkpt>
      <trkpt lat="46.7353079" lon="9.9417179">
        <ele>3127.0</ele>
        <time>2026-09-15T11:53:35Z</time>
        <extensions>
          <gpxdata:distance>4009.84</gpxdata:distance>
          <gpxdata:speed>0.461</gpxdata:speed>
        </extensions>
      </trkpt>
      <trkpt lat="46.7353169" lon="9.9416789">
        <ele>3127.7</ele>
        <time>2026-09-15T11:53:42Z</time>
        <extensions>
          <gpxdata:distance>4012.98</gpxdata:distance>
          <gpxdata:speed>0.461</gpxdata:speed>
        </extensions>
      </trkpt>
      <trkpt lat="46.7353359" lon="9.9416539">
        <ele>3128.7</ele>
        <time>2026-09-15T11:53:48Z</time>
        <extensions>
          <gpxdata:distance>4015.82</gpxdata:distance>
          <gpxdata:speed>0.461</gpxdata:speed>
        </extensions>
      </trkpt>
      <trkpt lat="46.7353459" lon="9.9416279">
        <ele>3129.6</ele>
        <time>2026-09-15T11:53:53Z</time>
        <extensions>
          <gpxdata:distance>4018.10</gpxdata:distance>
          <gpxdata:speed>0.461</gpxdata:speed>
        </extensions>
      </trkpt>
      <trkpt lat="46.7353549" lon="9.9416289">
        <ele>3130.0</ele>
        <time>2026-09-15T11:53:55Z</time>
        <extensions>
          <gpxdata:distance>4019.10</gpxdata:distance>
          <gpxdata:speed>0.461</gpxdata:speed>
        </extensions>
      </trkpt>
      <trkpt lat="46.7353719" lon="9.9416429">
        <ele>3130.9</ele>
        <time>2026-09-15T11:53:59Z</time>
        <extensions>
          <gpxdata:distance>4021.27</gpxdata:distance>
          <gpxdata:speed>0.461</gpxdata:speed>
        </extensions>
      </trkpt>
      <trkpt lat="46.7353899" lon="9.9416559">
        <ele>3131.9</ele>
        <time>2026-09-15T11:54:04Z</time>
        <extensions>
          <gpxdata:distance>4023.50</gpxdata:distance>
          <gpxdata:speed>0.461</gpxdata:speed>
        </extensions>
      </trkpt>
      <trkpt lat="46.7354079" lon="9.9416439">
        <ele>3132.6</ele>
        <time>2026-09-15T11:54:09Z</time>
        <extensions>
          <gpxdata:distance>4025.70</gpxdata:distance>
          <gpxdata:speed>0.461</gpxdata:speed>
        </extensions>
      </trkpt>
      <trkpt lat="46.7354179" lon="9.9415919">
        <ele>3134.3</ele>
        <time>2026-09-15T11:54:18Z</time>
        <extensions>
          <gpxdata:distance>4029.82</gpxdata:distance>
          <gpxdata:speed>0.461</gpxdata:speed>
        </extensions>
      </trkpt>
      <trkpt lat="46.7354539" lon="9.9415939">
        <ele>3135.4</ele>
        <time>2026-09-15T11:54:27Z</time>
        <extensions>
          <gpxdata:distance>4033.83</gpxdata:distance>
          <gpxdata:speed>0.461</gpxdata:speed>
        </extensions>
      </trkpt>
      <trkpt lat="46.7354729" lon="9.9415429">
        <ele>3136.9</ele>
        <time>2026-09-15T11:54:36Z</time>
        <extensions>
          <gpxdata:distance>4038.25</gpxdata:distance>
          <gpxdata:speed>0.461</gpxdata:speed>
        </extensions>
      </trkpt>
      <trkpt lat="46.7355179" lon="9.9415579">
        <ele>3138.3</ele>
        <time>2026-09-15T11:54:47Z</time>
        <extensions>
          <gpxdata:distance>4043.38</gpxdata:distance>
          <gpxdata:speed>0.461</gpxdata:speed>
        </extensions>
      </trkpt>
      <trkpt lat="46.7355699" lon="9.9416389">
        <ele>3140.2</ele>
        <time>2026-09-15T11:55:06Z</time>
        <extensions>
          <gpxdata:distance>4051.84</gpxdata:distance>
          <gpxdata:speed>0.461</gpxdata:speed>
        </extensions>
      </trkpt>
      <trkpt lat="46.7356059" lon="9.9416399">
        <ele>3142.0</ele>
        <time>2026-09-15T11:55:14Z</time>
        <extensions>
          <gpxdata:distance>4055.84</gpxdata:distance>
          <gpxdata:speed>0.461</gpxdata:speed>
        </extensions>
      </trkpt>
      <trkpt lat="46.7356249" lon="9.9416279">
        <ele>3142.6</ele>
        <time>2026-09-15T11:55:19Z</time>
        <extensions>
          <gpxdata:distance>4058.15</gpxdata:distance>
          <gpxdata:speed>0.461</gpxdata:speed>
        </extensions>
      </trkpt>
      <trkpt lat="46.7356519" lon="9.9416289">
        <ele>3143.2</ele>
        <time>2026-09-15T11:55:26Z</time>
        <extensions>
          <gpxdata:distance>4061.15</gpxdata:distance>
          <gpxdata:speed>0.461</gpxdata:speed>
        </extensions>
      </trkpt>
      <trkpt lat="46.7356869" lon="9.9416569">
        <ele>3144.9</ele>
        <time>2026-09-15T11:55:36Z</time>
        <extensions>
          <gpxdata:distance>4065.59</gpxdata:distance>
          <gpxdata:speed>0.461</gpxdata:speed>
        </extensions>
      </trkpt>
      <trkpt lat="46.7357049" lon="9.9416709">
        <ele>3145.4</ele>
        <time>2026-09-15T11:55:40Z</time>
        <extensions>
          <gpxdata:distance>4067.86</gpxdata:distance>
          <gpxdata:speed>0.461</gpxdata:speed>
        </extensions>
      </trkpt>
      <trkpt lat="46.7357129" lon="9.9416849">
        <ele>3145.6</ele>
        <time>2026-09-15T11:55:43Z</time>
        <extensions>
          <gpxdata:distance>4069.24</gpxdata:distance>
          <gpxdata:speed>0.461</gpxdata:speed>
        </extensions>
      </trkpt>
      <trkpt lat="46.7357309" lon="9.9416849">
        <ele>3145.6</ele>
        <time>2026-09-15T11:55:48Z</time>
        <extensions>
          <gpxdata:distance>4071.25</gpxdata:distance>
          <gpxdata:speed>0.461</gpxdata:speed>
        </extensions>
      </trkpt>
      <trkpt lat="46.7357309" lon="9.9416849">
        <ele>3145.6</ele>
        <time>2026-09-15T11:55:48Z</time>
        <extensions>
          <gpxdata:distance>4071.25</gpxdata:distance>
          <gpxdata:speed>0.000</gpxdata:speed>
        </extensions>
      </trkpt>
      <trkpt lat="46.7357129" lon="9.9416849">
        <ele>3145.6</ele>
        <time>2026-09-15T11:55:52Z</time>
        <extensions>
          <gpxdata:distance>4073.25</gpxdata:distance>
          <gpxdata:speed>0.461</gpxdata:speed>
        </extensions>
      </trkpt>
      <trkpt lat="46.7357049" lon="9.9416709">
        <ele>3145.4</ele>
        <time>2026-09-15T11:55:54Z</time>
        <extensions>
          <gpxdata:distance>4074.64</gpxdata:distance>
          <gpxdata:speed>0.642</gpxdata:speed>
        </extensions>
      </trkpt>
      <trkpt lat="46.7356869" lon="9.9416569">
        <ele>3144.9</ele>
        <time>2026-09-15T11:55:58Z</time>
        <extensions>
          <gpxdata:distance>4076.90</gpxdata:distance>
          <gpxdata:speed>0.698</gpxdata:speed>
        </extensions>
      </trkpt>
      <trkpt lat="46.7356519" lon="9.9416289">
        <ele>3143.2</ele>
        <time>2026-09-15T11:56:02Z</time>
        <extensions>
          <gpxdata:distance>4081.34</gpxdata:distance>
          <gpxdata:speed>1.012</gpxdata:speed>
        </extensions>
      </trkpt>
      <trkpt lat="46.7356249" lon="9.9416279">
        <ele>3142.6</ele>
        <time>2026-09-15T11:56:05Z</time>
        <extensions>
          <gpxdata:distance>4084.35</gpxdata:distance>
          <gpxdata:speed>0.915</gpxdata:speed>
        </extensions>
      </trkpt>
      <trkpt lat="46.7356059" lon="9.9416399">
        <ele>3142.0</ele>
        <time>2026-09-15T11:56:08Z</time>
        <extensions>
          <gpxdata:distance>4086.65</gpxdata:distance>
          <gpxdata:speed>0.898</gpxdata:speed>
        </extensions>
      </trkpt>
      <trkpt lat="46.7355699" lon="9.9416389">
        <ele>3140.2</ele>
        <time>2026-09-15T11:56:12Z</time>
        <extensions>
          <gpxdata:distance>4090.65</gpxdata:distance>
          <gpxdata:speed>0.872</gpxdata:speed>
        </extensions>
      </trkpt>
      <trkpt lat="46.7355179" lon="9.9415579">
        <ele>3138.3</ele>
        <time>2026-09-15T11:56:22Z</time>
        <extensions>
          <gpxdata:distance>4099.11</gpxdata:distance>
          <gpxdata:speed>0.872</gpxdata:speed>
        </extensions>
      </trkpt>
      <trkpt lat="46.7354729" lon="9.9415429">
        <ele>3136.9</ele>
        <time>2026-09-15T11:56:28Z</time>
        <extensions>
          <gpxdata:distance>4104.24</gpxdata:distance>
          <gpxdata:speed>0.872</gpxdata:speed>
        </extensions>
      </trkpt>
      <trkpt lat="46.7354539" lon="9.9415939">
        <ele>3135.4</ele>
        <time>2026-09-15T11:56:33Z</time>
        <extensions>
          <gpxdata:distance>4108.67</gpxdata:distance>
          <gpxdata:speed>0.872</gpxdata:speed>
        </extensions>
      </trkpt>
      <trkpt lat="46.7354179" lon="9.9415919">
        <ele>3134.3</ele>
        <time>2026-09-15T11:56:38Z</time>
        <extensions>
          <gpxdata:distance>4112.67</gpxdata:distance>
          <gpxdata:speed>0.872</gpxdata:speed>
        </extensions>
      </trkpt>
      <trkpt lat="46.7354079" lon="9.9416439">
        <ele>3132.6</ele>
        <time>2026-09-15T11:56:42Z</time>
        <extensions>
          <gpxdata:distance>4116.79</gpxdata:distance>
          <gpxdata:speed>0.872</gpxdata:speed>
        </extensions>
      </trkpt>
      <trkpt lat="46.7353899" lon="9.9416559">
        <ele>3131.9</ele>
        <time>2026-09-15T11:56:45Z</time>
        <extensions>
          <gpxdata:distance>4118.99</gpxdata:distance>
          <gpxdata:speed>0.872</gpxdata:speed>
        </extensions>
      </trkpt>
      <trkpt lat="46.7353719" lon="9.9416429">
        <ele>3130.9</ele>
        <time>2026-09-15T11:56:47Z</time>
        <extensions>
          <gpxdata:distance>4121.22</gpxdata:distance>
          <gpxdata:speed>0.872</gpxdata:speed>
        </extensions>
      </trkpt>
      <trkpt lat="46.7353549" lon="9.9416289">
        <ele>3130.0</ele>
        <time>2026-09-15T11:56:50Z</time>
        <extensions>
          <gpxdata:distance>4123.39</gpxdata:distance>
          <gpxdata:speed>0.872</gpxdata:speed>
        </extensions>
      </trkpt>
      <trkpt lat="46.7353459" lon="9.9416279">
        <ele>3129.6</ele>
        <time>2026-09-15T11:56:51Z</time>
        <extensions>
          <gpxdata:distance>4124.40</gpxdata:distance>
          <gpxdata:speed>0.872</gpxdata:speed>
        </extensions>
      </trkpt>
      <trkpt lat="46.7353359" lon="9.9416539">
        <ele>3128.7</ele>
        <time>2026-09-15T11:56:54Z</time>
        <extensions>
          <gpxdata:distance>4126.67</gpxdata:distance>
          <gpxdata:speed>0.872</gpxdata:speed>
        </extensions>
      </trkpt>
      <trkpt lat="46.7353169" lon="9.9416789">
        <ele>3127.7</ele>
        <time>2026-09-15T11:56:57Z</time>
        <extensions>
          <gpxdata:distance>4129.51</gpxdata:distance>
          <gpxdata:speed>0.872</gpxdata:speed>
        </extensions>
      </trkpt>
      <trkpt lat="46.7353079" lon="9.9417179">
        <ele>3127.0</ele>
        <time>2026-09-15T11:57:01Z</time>
        <extensions>
          <gpxdata:distance>4132.65</gpxdata:distance>
          <gpxdata:speed>0.872</gpxdata:speed>
        </extensions>
      </trkpt>
      <trkpt lat="46.7352979" lon="9.9417309">
        <ele>3126.2</ele>
        <time>2026-09-15T11:57:02Z</time>
        <extensions>
          <gpxdata:distance>4134.14</gpxdata:distance>
          <gpxdata:speed>0.872</gpxdata:speed>
        </extensions>
      </trkpt>
      <trkpt lat="46.7352709" lon="9.9417289">
        <ele>3125.3</ele>
        <time>2026-09-15T11:57:06Z</time>
        <extensions>
          <gpxdata:distance>4137.15</gpxdata:distance>
          <gpxdata:speed>0.872</gpxdata:speed>
        </extensions>
      </trkpt>
      <trkpt lat="46.7352439" lon="9.9417279">
        <ele>3124.7</ele>
        <time>2026-09-15T11:57:09Z</time>
        <extensions>
          <gpxdata:distance>4140.15</gpxdata:distance>
          <gpxdata:speed>0.872</gpxdata:speed>
        </extensions>
      </trkpt>
      <trkpt lat="46.7352359" lon="9.9417149">
        <ele>3123.6</ele>
        <time>2026-09-15T11:57:11Z</time>
        <extensions>
          <gpxdata:distance>4141.48</gpxdata:distance>
          <gpxdata:speed>0.872</gpxdata:speed>
        </extensions>
      </trkpt>
      <trkpt lat="46.7352189" lon="9.9416619">
        <ele>3122.5</ele>
        <time>2026-09-15T11:57:16Z</time>
        <extensions>
          <gpxdata:distance>4145.94</gpxdata:distance>
          <gpxdata:speed>0.872</gpxdata:speed>
        </extensions>
      </trkpt>
      <trkpt lat="46.7352009" lon="9.9416479">
        <ele>3121.9</ele>
        <time>2026-09-15T11:57:18Z</time>
        <extensions>
          <gpxdata:distance>4148.21</gpxdata:distance>
          <gpxdata:speed>0.872</gpxdata:speed>
        </extensions>
      </trkpt>
      <trkpt lat="46.7351739" lon="9.9416599">
        <ele>3120.8</ele>
        <time>2026-09-15T11:57:22Z</time>
        <extensions>
          <gpxdata:distance>4151.35</gpxdata:distance>
          <gpxdata:speed>0.872</gpxdata:speed>
        </extensions>
      </trkpt>
      <trkpt lat="46.7351819" lon="9.9417119">
        <ele>3120.0</ele>
        <time>2026-09-15T11:57:27Z</time>
        <extensions>
          <gpxdata:distance>4155.41</gpxdata:distance>
          <gpxdata:speed>0.872</gpxdata:speed>
        </extensions>
      </trkpt>
      <trkpt lat="46.7351719" lon="9.9417379">
        <ele>3119.3</ele>
        <time>2026-09-15T11:57:29Z</time>
        <extensions>
          <gpxdata:distance>4157.68</gpxdata:distance>
          <gpxdata:speed>0.872</gpxdata:speed>
        </extensions>
      </trkpt>
      <trkpt lat="46.7351889" lon="9.9417909">
        <ele>3117.4</ele>
        <time>2026-09-15T11:57:34Z</time>
        <extensions>
          <gpxdata:distance>4162.14</gpxdata:distance>
          <gpxdata:speed>0.872</gpxdata:speed>
        </extensions>
      </trkpt>
      <trkpt lat="46.7351869" lon="9.9418699">
        <ele>3115.7</ele>
        <time>2026-09-15T11:57:41Z</time>
        <extensions>
          <gpxdata:distance>4168.16</gpxdata:distance>
          <gpxdata:speed>0.872</gpxdata:speed>
        </extensions>
      </trkpt>
      <trkpt lat="46.7351689" lon="9.9418819">
        <ele>3114.4</ele>
        <time>2026-09-15T11:57:44Z</time>
        <extensions>
          <gpxdata:distance>4170.36</gpxdata:distance>
          <gpxdata:speed>0.872</gpxdata:speed>
        </extensions>
      </trkpt>
      <trkpt lat="46.7351679" lon="9.9419209">
        <ele>3113.8</ele>
        <time>2026-09-15T11:57:47Z</time>
        <extensions>
          <gpxdata:distance>4173.34</gpxdata:distance>
          <gpxdata:speed>0.872</gpxdata:speed>
        </extensions>
      </trkpt>
      <trkpt lat="46.7351499" lon="9.9419329">
        <ele>3112.9</ele>
        <time>2026-09-15T11:57:50Z</time>
        <extensions>
          <gpxdata:distance>4175.54</gpxdata:distance>
          <gpxdata:speed>0.872</gpxdata:speed>
        </extensions>
      </trkpt>
      <trkpt lat="46.7351319" lon="9.9419319">
        <ele>3111.9</ele>
        <time>2026-09-15T11:57:52Z</time>
        <extensions>
          <gpxdata:distance>4177.54</gpxdata:distance>
          <gpxdata:speed>0.872</gpxdata:speed>
        </extensions>
      </trkpt>
      <trkpt lat="46.7350959" lon="9.9419049">
        <ele>3111.0</ele>
        <time>2026-09-15T11:57:57Z</time>
        <extensions>
          <gpxdata:distance>4182.04</gpxdata:distance>
          <gpxdata:speed>0.872</gpxdata:speed>
        </extensions>
      </trkpt>
      <trkpt lat="46.7350689" lon="9.9419159">
        <ele>3110.4</ele>
        <time>2026-09-15T11:58:01Z</time>
        <extensions>
          <gpxdata:distance>4185.16</gpxdata:distance>
          <gpxdata:speed>0.872</gpxdata:speed>
        </extensions>
      </trkpt>
      <trkpt lat="46.7350069" lon="9.9418739">
        <ele>3108.9</ele>
        <time>2026-09-15T11:58:09Z</time>
        <extensions>
          <gpxdata:distance>4192.76</gpxdata:distance>
          <gpxdata:speed>0.872</gpxdata:speed>
        </extensions>
      </trkpt>
      <trkpt lat="46.7349539" lon="9.9418329">
        <ele>3107.2</ele>
        <time>2026-09-15T11:58:17Z</time>
        <extensions>
          <gpxdata:distance>4199.43</gpxdata:distance>
          <gpxdata:speed>0.872</gpxdata:speed>
        </extensions>
      </trkpt>
      <trkpt lat="46.7348649" lon="9.9417889">
        <ele>3104.2</ele>
        <time>2026-09-15T11:58:29Z</time>
        <extensions>
          <gpxdata:distance>4209.88</gpxdata:distance>
          <gpxdata:speed>0.872</gpxdata:speed>
        </extensions>
      </trkpt>
      <trkpt lat="46.7348479" lon="9.9417619">
        <ele>3103.7</ele>
        <time>2026-09-15T11:58:32Z</time>
        <extensions>
          <gpxdata:distance>4212.68</gpxdata:distance>
          <gpxdata:speed>0.872</gpxdata:speed>
        </extensions>
      </trkpt>
      <trkpt lat="46.7348209" lon="9.9417479">
        <ele>3102.9</ele>
        <time>2026-09-15T11:58:36Z</time>
        <extensions>
          <gpxdata:distance>4215.86</gpxdata:distance>
          <gpxdata:speed>0.872</gpxdata:speed>
        </extensions>
      </trkpt>
      <trkpt lat="46.7347589" lon="9.9416799">
        <ele>3101.2</ele>
        <time>2026-09-15T11:58:46Z</time>
        <extensions>
          <gpxdata:distance>4224.49</gpxdata:distance>
          <gpxdata:speed>0.872</gpxdata:speed>
        </extensions>
      </trkpt>
      <trkpt lat="46.7347149" lon="9.9416509">
        <ele>3099.9</ele>
        <time>2026-09-15T11:58:52Z</time>
        <extensions>
          <gpxdata:distance>4229.85</gpxdata:distance>
          <gpxdata:speed>0.872</gpxdata:speed>
        </extensions>
      </trkpt>
      <trkpt lat="46.7346799" lon="9.9416099">
        <ele>3098.8</ele>
        <time>2026-09-15T11:58:58Z</time>
        <extensions>
          <gpxdata:distance>4234.85</gpxdata:distance>
          <gpxdata:speed>0.872</gpxdata:speed>
        </extensions>
      </trkpt>
      <trkpt lat="46.7346709" lon="9.9416229">
        <ele>3098.4</ele>
        <time>2026-09-15T11:58:59Z</time>
        <extensions>
          <gpxdata:distance>4236.25</gpxdata:distance>
          <gpxdata:speed>0.872</gpxdata:speed>
        </extensions>
      </trkpt>
      <trkpt lat="46.7346609" lon="9.9416489">
        <ele>3097.8</ele>
        <time>2026-09-15T11:59:02Z</time>
        <extensions>
          <gpxdata:distance>4238.53</gpxdata:distance>
          <gpxdata:speed>0.872</gpxdata:speed>
        </extensions>
      </trkpt>
      <trkpt lat="46.7346339" lon="9.9416479">
        <ele>3097.3</ele>
        <time>2026-09-15T11:59:05Z</time>
        <extensions>
          <gpxdata:distance>4241.53</gpxdata:distance>
          <gpxdata:speed>0.872</gpxdata:speed>
        </extensions>
      </trkpt>
      <trkpt lat="46.7345970" lon="9.9416979">
        <ele>3096.3</ele>
        <time>2026-09-15T11:59:12Z</time>
        <extensions>
          <gpxdata:distance>4247.13</gpxdata:distance>
          <gpxdata:speed>0.872</gpxdata:speed>
        </extensions>
      </trkpt>
      <trkpt lat="46.7345680" lon="9.9418019">
        <ele>3094.8</ele>
        <time>2026-09-15T11:59:22Z</time>
        <extensions>
          <gpxdata:distance>4255.69</gpxdata:distance>
          <gpxdata:speed>0.872</gpxdata:speed>
        </extensions>
      </trkpt>
      <trkpt lat="46.7345850" lon="9.9418549">
        <ele>3093.9</ele>
        <time>2026-09-15T11:59:27Z</time>
        <extensions>
          <gpxdata:distance>4260.15</gpxdata:distance>
          <gpxdata:speed>0.872</gpxdata:speed>
        </extensions>
      </trkpt>
      <trkpt lat="46.7346180" lon="9.9419739">
        <ele>3091.8</ele>
        <time>2026-09-15T11:59:38Z</time>
        <extensions>
          <gpxdata:distance>4269.93</gpxdata:distance>
          <gpxdata:speed>0.872</gpxdata:speed>
        </extensions>
      </trkpt>
      <trkpt lat="46.7346170" lon="9.9420129">
        <ele>3091.1</ele>
        <time>2026-09-15T11:59:41Z</time>
        <extensions>
          <gpxdata:distance>4272.90</gpxdata:distance>
          <gpxdata:speed>0.872</gpxdata:speed>
        </extensions>
      </trkpt>
      <trkpt lat="46.7345990" lon="9.9420389">
        <ele>3090.5</ele>
        <time>2026-09-15T11:59:45Z</time>
        <extensions>
          <gpxdata:distance>4275.72</gpxdata:distance>
          <gpxdata:speed>0.872</gpxdata:speed>
        </extensions>
      </trkpt>
      <trkpt lat="46.7345810" lon="9.9420379">
        <ele>3089.4</ele>
        <time>2026-09-15T11:59:47Z</time>
        <extensions>
          <gpxdata:distance>4277.72</gpxdata:distance>
          <gpxdata:speed>0.872</gpxdata:speed>
        </extensions>
      </trkpt>
      <trkpt lat="46.7345540" lon="9.9420229">
        <ele>3088.8</ele>
        <time>2026-09-15T11:59:51Z</time>
        <extensions>
          <gpxdata:distance>4280.93</gpxdata:distance>
          <gpxdata:speed>0.872</gpxdata:speed>
        </extensions>
      </trkpt>
      <trkpt lat="46.7345440" lon="9.9420619">
        <ele>3087.9</ele>
        <time>2026-09-15T11:59:54Z</time>
        <extensions>
          <gpxdata:distance>4284.11</gpxdata:distance>
          <gpxdata:speed>0.872</gpxdata:speed>
        </extensions>
      </trkpt>
      <trkpt lat="46.7345520" lon="9.9421279">
        <ele>3087.1</ele>
        <time>2026-09-15T12:00:00Z</time>
        <extensions>
          <gpxdata:distance>4289.22</gpxdata:distance>
          <gpxdata:speed>0.872</gpxdata:speed>
        </extensions>
      </trkpt>
      <trkpt lat="46.7345420" lon="9.9421669">
        <ele>3085.2</ele>
        <time>2026-09-15T12:00:04Z</time>
        <extensions>
          <gpxdata:distance>4292.39</gpxdata:distance>
          <gpxdata:speed>0.872</gpxdata:speed>
        </extensions>
      </trkpt>
      <trkpt lat="46.7345320" lon="9.9421929">
        <ele>3084.5</ele>
        <time>2026-09-15T12:00:06Z</time>
        <extensions>
          <gpxdata:distance>4294.66</gpxdata:distance>
          <gpxdata:speed>0.872</gpxdata:speed>
        </extensions>
      </trkpt>
      <trkpt lat="46.7344880" lon="9.9421639">
        <ele>3083.9</ele>
        <time>2026-09-15T12:00:13Z</time>
        <extensions>
          <gpxdata:distance>4300.03</gpxdata:distance>
          <gpxdata:speed>0.872</gpxdata:speed>
        </extensions>
      </trkpt>
      <trkpt lat="46.7344530" lon="9.9421099">
        <ele>3083.7</ele>
        <time>2026-09-15T12:00:19Z</time>
        <extensions>
          <gpxdata:distance>4305.69</gpxdata:distance>
          <gpxdata:speed>0.872</gpxdata:speed>
        </extensions>
      </trkpt>
      <trkpt lat="46.7343920" lon="9.9420028">
        <ele>3081.3</ele>
        <time>2026-09-15T12:00:31Z</time>
        <extensions>
          <gpxdata:distance>4316.31</gpxdata:distance>
          <gpxdata:speed>0.872</gpxdata:speed>
        </extensions>
      </trkpt>
      <trkpt lat="46.7342960" lon="9.9418938">
        <ele>3079.2</ele>
        <time>2026-09-15T12:00:47Z</time>
        <extensions>
          <gpxdata:distance>4329.83</gpxdata:distance>
          <gpxdata:speed>0.878</gpxdata:speed>
        </extensions>
      </trkpt>
      <trkpt lat="46.7342430" lon="9.9418388">
        <ele>3078.6</ele>
        <time>2026-09-15T12:00:55Z</time>
        <extensions>
          <gpxdata:distance>4337.07</gpxdata:distance>
          <gpxdata:speed>0.897</gpxdata:speed>
        </extensions>
      </trkpt>
      <trkpt lat="46.7342170" lon="9.9417848">
        <ele>3077.3</ele>
        <time>2026-09-15T12:01:00Z</time>
        <extensions>
          <gpxdata:distance>4342.09</gpxdata:distance>
          <gpxdata:speed>0.895</gpxdata:speed>
        </extensions>
      </trkpt>
      <trkpt lat="46.7341910" lon="9.9417318">
        <ele>3076.8</ele>
        <time>2026-09-15T12:01:06Z</time>
        <extensions>
          <gpxdata:distance>4347.06</gpxdata:distance>
          <gpxdata:speed>0.902</gpxdata:speed>
        </extensions>
      </trkpt>
      <trkpt lat="46.7341820" lon="9.9417308">
        <ele>3076.0</ele>
        <time>2026-09-15T12:01:07Z</time>
        <extensions>
          <gpxdata:distance>4348.07</gpxdata:distance>
          <gpxdata:speed>0.919</gpxdata:speed>
        </extensions>
      </trkpt>
      <trkpt lat="46.7341740" lon="9.9416788">
        <ele>3075.3</ele>
        <time>2026-09-15T12:01:11Z</time>
        <extensions>
          <gpxdata:distance>4352.13</gpxdata:distance>
          <gpxdata:speed>0.926</gpxdata:speed>
        </extensions>
      </trkpt>
      <trkpt lat="46.7341650" lon="9.9416778">
        <ele>3075.1</ele>
        <time>2026-09-15T12:01:12Z</time>
        <extensions>
          <gpxdata:distance>4353.13</gpxdata:distance>
          <gpxdata:speed>0.919</gpxdata:speed>
        </extensions>
      </trkpt>
      <trkpt lat="46.7341470" lon="9.9416898">
        <ele>3074.6</ele>
        <time>2026-09-15T12:01:15Z</time>
        <extensions>
          <gpxdata:distance>4355.33</gpxdata:distance>
          <gpxdata:speed>0.895</gpxdata:speed>
        </extensions>
      </trkpt>
      <trkpt lat="46.7341290" lon="9.9417158">
        <ele>3074.0</ele>
        <time>2026-09-15T12:01:18Z</time>
        <extensions>
          <gpxdata:distance>4358.15</gpxdata:distance>
          <gpxdata:speed>0.907</gpxdata:speed>
        </extensions>
      </trkpt>
      <trkpt lat="46.7341090" lon="9.9417668">
        <ele>3072.9</ele>
        <time>2026-09-15T12:01:23Z</time>
        <extensions>
          <gpxdata:distance>4362.63</gpxdata:distance>
          <gpxdata:speed>0.883</gpxdata:speed>
        </extensions>
      </trkpt>
      <trkpt lat="46.7340910" lon="9.9417788">
        <ele>3072.2</ele>
        <time>2026-09-15T12:01:26Z</time>
        <extensions>
          <gpxdata:distance>4364.83</gpxdata:distance>
          <gpxdata:speed>0.872</gpxdata:speed>
        </extensions>
      </trkpt>
      <trkpt lat="46.7340560" lon="9.9417518">
        <ele>3071.0</ele>
        <time>2026-09-15T12:01:31Z</time>
        <extensions>
          <gpxdata:distance>4369.23</gpxdata:distance>
          <gpxdata:speed>0.872</gpxdata:speed>
        </extensions>
      </trkpt>
      <trkpt lat="46.7340390" lon="9.9416848">
        <ele>3068.9</ele>
        <time>2026-09-15T12:01:37Z</time>
        <extensions>
          <gpxdata:distance>4374.67</gpxdata:distance>
          <gpxdata:speed>0.872</gpxdata:speed>
        </extensions>
      </trkpt>
      <trkpt lat="46.7340310" lon="9.9416718">
        <ele>3068.6</ele>
        <time>2026-09-15T12:01:38Z</time>
        <extensions>
          <gpxdata:distance>4376.00</gpxdata:distance>
          <gpxdata:speed>0.872</gpxdata:speed>
        </extensions>
      </trkpt>
      <trkpt lat="46.7339940" lon="9.9416958">
        <ele>3067.5</ele>
        <time>2026-09-15T12:01:44Z</time>
        <extensions>
          <gpxdata:distance>4380.51</gpxdata:distance>
          <gpxdata:speed>0.872</gpxdata:speed>
        </extensions>
      </trkpt>
      <trkpt lat="46.7339750" lon="9.9417218">
        <ele>3066.8</ele>
        <time>2026-09-15T12:01:47Z</time>
        <extensions>
          <gpxdata:distance>4383.40</gpxdata:distance>
          <gpxdata:speed>0.872</gpxdata:speed>
        </extensions>
      </trkpt>
      <trkpt lat="46.7339650" lon="9.9417868">
        <ele>3066.0</ele>
        <time>2026-09-15T12:01:53Z</time>
        <extensions>
          <gpxdata:distance>4388.48</gpxdata:distance>
          <gpxdata:speed>0.872</gpxdata:speed>
        </extensions>
      </trkpt>
      <trkpt lat="46.7339810" lon="9.9418918">
        <ele>3063.4</ele>
        <time>2026-09-15T12:02:02Z</time>
        <extensions>
          <gpxdata:distance>4396.68</gpxdata:distance>
          <gpxdata:speed>0.872</gpxdata:speed>
        </extensions>
      </trkpt>
      <trkpt lat="46.7340060" lon="9.9419718">
        <ele>3061.7</ele>
        <time>2026-09-15T12:02:10Z</time>
        <extensions>
          <gpxdata:distance>4403.38</gpxdata:distance>
          <gpxdata:speed>0.872</gpxdata:speed>
        </extensions>
      </trkpt>
      <trkpt lat="46.7340130" lon="9.9420638">
        <ele>3060.6</ele>
        <time>2026-09-15T12:02:18Z</time>
        <extensions>
          <gpxdata:distance>4410.43</gpxdata:distance>
          <gpxdata:speed>0.872</gpxdata:speed>
        </extensions>
      </trkpt>
      <trkpt lat="46.7340300" lon="9.9421168">
        <ele>3060.0</ele>
        <time>2026-09-15T12:02:23Z</time>
        <extensions>
          <gpxdata:distance>4414.89</gpxdata:distance>
          <gpxdata:speed>0.872</gpxdata:speed>
        </extensions>
      </trkpt>
      <trkpt lat="46.7340470" lon="9.9421698">
        <ele>3059.4</ele>
        <time>2026-09-15T12:02:28Z</time>
        <extensions>
          <gpxdata:distance>4419.35</gpxdata:distance>
          <gpxdata:speed>0.872</gpxdata:speed>
        </extensions>
      </trkpt>
      <trkpt lat="46.7340460" lon="9.9421958">
        <ele>3058.5</ele>
        <time>2026-09-15T12:02:30Z</time>
        <extensions>
          <gpxdata:distance>4421.34</gpxdata:distance>
          <gpxdata:speed>0.872</gpxdata:speed>
        </extensions>
      </trkpt>
      <trkpt lat="46.7340270" lon="9.9422348">
        <ele>3058.0</ele>
        <time>2026-09-15T12:02:35Z</time>
        <extensions>
          <gpxdata:distance>4424.98</gpxdata:distance>
          <gpxdata:speed>0.872</gpxdata:speed>
        </extensions>
      </trkpt>
      <trkpt lat="46.7340090" lon="9.9422598">
        <ele>3057.2</ele>
        <time>2026-09-15T12:02:38Z</time>
        <extensions>
          <gpxdata:distance>4427.75</gpxdata:distance>
          <gpxdata:speed>0.872</gpxdata:speed>
        </extensions>
      </trkpt>
      <trkpt lat="46.7339730" lon="9.9422578">
        <ele>3056.1</ele>
        <time>2026-09-15T12:02:42Z</time>
        <extensions>
          <gpxdata:distance>4431.75</gpxdata:distance>
          <gpxdata:speed>0.872</gpxdata:speed>
        </extensions>
      </trkpt>
      <trkpt lat="46.7339380" lon="9.9422168">
        <ele>3055.2</ele>
        <time>2026-09-15T12:02:48Z</time>
        <extensions>
          <gpxdata:distance>4436.74</gpxdata:distance>
          <gpxdata:speed>0.872</gpxdata:speed>
        </extensions>
      </trkpt>
      <trkpt lat="46.7338850" lon="9.9421758">
        <ele>3053.7</ele>
        <time>2026-09-15T12:02:56Z</time>
        <extensions>
          <gpxdata:distance>4443.41</gpxdata:distance>
          <gpxdata:speed>0.872</gpxdata:speed>
        </extensions>
      </trkpt>
      <trkpt lat="46.7338760" lon="9.9421618">
        <ele>3053.3</ele>
        <time>2026-09-15T12:02:57Z</time>
        <extensions>
          <gpxdata:distance>4444.88</gpxdata:distance>
          <gpxdata:speed>0.872</gpxdata:speed>
        </extensions>
      </trkpt>
      <trkpt lat="46.7338670" lon="9.9421748">
        <ele>3052.9</ele>
        <time>2026-09-15T12:02:59Z</time>
        <extensions>
          <gpxdata:distance>4446.29</gpxdata:distance>
          <gpxdata:speed>0.872</gpxdata:speed>
        </extensions>
      </trkpt>
      <trkpt lat="46.7338560" lon="9.9422268">
        <ele>3052.4</ele>
        <time>2026-09-15T12:03:04Z</time>
        <extensions>
          <gpxdata:distance>4450.43</gpxdata:distance>
          <gpxdata:speed>0.872</gpxdata:speed>
        </extensions>
      </trkpt>
      <trkpt lat="46.7338730" lon="9.9423058">
        <ele>3051.4</ele>
        <time>2026-09-15T12:03:11Z</time>
        <extensions>
          <gpxdata:distance>4456.74</gpxdata:distance>
          <gpxdata:speed>0.872</gpxdata:speed>
        </extensions>
      </trkpt>
      <trkpt lat="46.7338530" lon="9.9423838">
        <ele>3050.3</ele>
        <time>2026-09-15T12:03:18Z</time>
        <extensions>
          <gpxdata:distance>4463.09</gpxdata:distance>
          <gpxdata:speed>0.872</gpxdata:speed>
        </extensions>
      </trkpt>
      <trkpt lat="46.7338700" lon="9.9424368">
        <ele>3049.0</ele>
        <time>2026-09-15T12:03:23Z</time>
        <extensions>
          <gpxdata:distance>4467.55</gpxdata:distance>
          <gpxdata:speed>0.872</gpxdata:speed>
        </extensions>
      </trkpt>
      <trkpt lat="46.7338690" lon="9.9424888">
        <ele>3048.4</ele>
        <time>2026-09-15T12:03:28Z</time>
        <extensions>
          <gpxdata:distance>4471.52</gpxdata:distance>
          <gpxdata:speed>0.880</gpxdata:speed>
        </extensions>
      </trkpt>
      <trkpt lat="46.7338590" lon="9.9425148">
        <ele>3047.7</ele>
        <time>2026-09-15T12:03:30Z</time>
        <extensions>
          <gpxdata:distance>4473.79</gpxdata:distance>
          <gpxdata:speed>0.872</gpxdata:speed>
        </extensions>
      </trkpt>
      <trkpt lat="46.7338500" lon="9.9425268">
        <ele>3047.3</ele>
        <time>2026-09-15T12:03:32Z</time>
        <extensions>
          <gpxdata:distance>4475.14</gpxdata:distance>
          <gpxdata:speed>0.872</gpxdata:speed>
        </extensions>
      </trkpt>
      <trkpt lat="46.7338140" lon="9.9425128">
        <ele>3046.2</ele>
        <time>2026-09-15T12:03:37Z</time>
        <extensions>
          <gpxdata:distance>4479.29</gpxdata:distance>
          <gpxdata:speed>0.872</gpxdata:speed>
        </extensions>
      </trkpt>
      <trkpt lat="46.7337780" lon="9.9425238">
        <ele>3045.8</ele>
        <time>2026-09-15T12:03:41Z</time>
        <extensions>
          <gpxdata:distance>4483.38</gpxdata:distance>
          <gpxdata:speed>0.884</gpxdata:speed>
        </extensions>
      </trkpt>
      <trkpt lat="46.7337420" lon="9.9425088">
        <ele>3045.0</ele>
        <time>2026-09-15T12:03:46Z</time>
        <extensions>
          <gpxdata:distance>4487.54</gpxdata:distance>
          <gpxdata:speed>0.873</gpxdata:speed>
        </extensions>
      </trkpt>
      <trkpt lat="46.7337250" lon="9.9424818">
        <ele>3044.1</ele>
        <time>2026-09-15T12:03:49Z</time>
        <extensions>
          <gpxdata:distance>4490.33</gpxdata:distance>
          <gpxdata:speed>0.872</gpxdata:speed>
        </extensions>
      </trkpt>
      <trkpt lat="46.7337000" lon="9.9424028">
        <ele>3043.2</ele>
        <time>2026-09-15T12:03:57Z</time>
        <extensions>
          <gpxdata:distance>4496.96</gpxdata:distance>
          <gpxdata:speed>0.872</gpxdata:speed>
        </extensions>
      </trkpt>
      <trkpt lat="46.7336820" lon="9.9423628">
        <ele>3042.2</ele>
        <time>2026-09-15T12:04:01Z</time>
        <extensions>
          <gpxdata:distance>4500.61</gpxdata:distance>
          <gpxdata:speed>0.872</gpxdata:speed>
        </extensions>
      </trkpt>
      <trkpt lat="46.7336640" lon="9.9423618">
        <ele>3041.5</ele>
        <time>2026-09-15T12:04:03Z</time>
        <extensions>
          <gpxdata:distance>4502.61</gpxdata:distance>
          <gpxdata:speed>0.872</gpxdata:speed>
        </extensions>
      </trkpt>
      <trkpt lat="46.7336560" lon="9.9423218">
        <ele>3040.9</ele>
        <time>2026-09-15T12:04:07Z</time>
        <extensions>
          <gpxdata:distance>4505.79</gpxdata:distance>
          <gpxdata:speed>0.872</gpxdata:speed>
        </extensions>
      </trkpt>
      <trkpt lat="46.7336470" lon="9.9423218">
        <ele>3040.9</ele>
        <time>2026-09-15T12:04:08Z</time>
        <extensions>
          <gpxdata:distance>4506.79</gpxdata:distance>
          <gpxdata:speed>0.872</gpxdata:speed>
        </extensions>
      </trkpt>
      <trkpt lat="46.7336190" lon="9.9423858">
        <ele>3039.6</ele>
        <time>2026-09-15T12:04:15Z</time>
        <extensions>
          <gpxdata:distance>4512.58</gpxdata:distance>
          <gpxdata:speed>0.874</gpxdata:speed>
        </extensions>
      </trkpt>
      <trkpt lat="46.7335910" lon="9.9424498">
        <ele>3038.8</ele>
        <time>2026-09-15T12:04:21Z</time>
        <extensions>
          <gpxdata:distance>4518.36</gpxdata:distance>
          <gpxdata:speed>0.872</gpxdata:speed>
        </extensions>
      </trkpt>
      <trkpt lat="46.7335060" lon="9.9426028">
        <ele>3036.0</ele>
        <time>2026-09-15T12:04:39Z</time>
        <extensions>
          <gpxdata:distance>4533.37</gpxdata:distance>
          <gpxdata:speed>0.877</gpxdata:speed>
        </extensions>
      </trkpt>
      <trkpt lat="46.7334960" lon="9.9426418">
        <ele>3035.5</ele>
        <time>2026-09-15T12:04:42Z</time>
        <extensions>
          <gpxdata:distance>4536.55</gpxdata:distance>
          <gpxdata:speed>0.891</gpxdata:speed>
        </extensions>
      </trkpt>
      <trkpt lat="46.7334780" lon="9.9426668">
        <ele>3034.7</ele>
        <time>2026-09-15T12:04:45Z</time>
        <extensions>
          <gpxdata:distance>4539.31</gpxdata:distance>
          <gpxdata:speed>0.872</gpxdata:speed>
        </extensions>
      </trkpt>
      <trkpt lat="46.7334590" lon="9.9426788">
        <ele>3034.3</ele>
        <time>2026-09-15T12:04:48Z</time>
        <extensions>
          <gpxdata:distance>4541.61</gpxdata:distance>
          <gpxdata:speed>0.882</gpxdata:speed>
        </extensions>
      </trkpt>
      <trkpt lat="46.7334420" lon="9.9426518">
        <ele>3033.6</ele>
        <time>2026-09-15T12:04:51Z</time>
        <extensions>
          <gpxdata:distance>4544.41</gpxdata:distance>
          <gpxdata:speed>0.887</gpxdata:speed>
        </extensions>
      </trkpt>
      <trkpt lat="46.7334170" lon="9.9425858">
        <ele>3033.4</ele>
        <time>2026-09-15T12:04:57Z</time>
        <extensions>
          <gpxdata:distance>4550.15</gpxdata:distance>
          <gpxdata:speed>0.914</gpxdata:speed>
        </extensions>
      </trkpt>
      <trkpt lat="46.7333730" lon="9.9425048">
        <ele>3032.8</ele>
        <time>2026-09-15T12:05:06Z</time>
        <extensions>
          <gpxdata:distance>4558.03</gpxdata:distance>
          <gpxdata:speed>0.929</gpxdata:speed>
        </extensions>
      </trkpt>
      <trkpt lat="46.7332970" lon="9.9422788">
        <ele>3030.2</ele>
        <time>2026-09-15T12:05:26Z</time>
        <extensions>
          <gpxdata:distance>4577.22</gpxdata:distance>
          <gpxdata:speed>0.936</gpxdata:speed>
        </extensions>
      </trkpt>
      <trkpt lat="46.7332810" lon="9.9421998">
        <ele>3029.6</ele>
        <time>2026-09-15T12:05:33Z</time>
        <extensions>
          <gpxdata:distance>4583.49</gpxdata:distance>
          <gpxdata:speed>0.932</gpxdata:speed>
        </extensions>
      </trkpt>
      <trkpt lat="46.7332720" lon="9.9421858">
        <ele>3029.2</ele>
        <time>2026-09-15T12:05:35Z</time>
        <extensions>
          <gpxdata:distance>4584.96</gpxdata:distance>
          <gpxdata:speed>0.923</gpxdata:speed>
        </extensions>
      </trkpt>
      <trkpt lat="46.7332540" lon="9.9421988">
        <ele>3028.7</ele>
        <time>2026-09-15T12:05:37Z</time>
        <extensions>
          <gpxdata:distance>4587.19</gpxdata:distance>
          <gpxdata:speed>0.926</gpxdata:speed>
        </extensions>
      </trkpt>
      <trkpt lat="46.7332360" lon="9.9422108">
        <ele>3028.1</ele>
        <time>2026-09-15T12:05:39Z</time>
        <extensions>
          <gpxdata:distance>4589.39</gpxdata:distance>
          <gpxdata:speed>0.923</gpxdata:speed>
        </extensions>
      </trkpt>
      <trkpt lat="46.7331980" lon="9.9422878">
        <ele>3027.0</ele>
        <time>2026-09-15T12:05:47Z</time>
        <extensions>
          <gpxdata:distance>4596.62</gpxdata:distance>
          <gpxdata:speed>0.924</gpxdata:speed>
        </extensions>
      </trkpt>
      <trkpt lat="46.7331890" lon="9.9422868">
        <ele>3026.4</ele>
        <time>2026-09-15T12:05:48Z</time>
        <extensions>
          <gpxdata:distance>4597.63</gpxdata:distance>
          <gpxdata:speed>0.927</gpxdata:speed>
        </extensions>
      </trkpt>
      <trkpt lat="46.7331630" lon="9.9422468">
        <ele>3025.3</ele>
        <time>2026-09-15T12:05:53Z</time>
        <extensions>
          <gpxdata:distance>4601.83</gpxdata:distance>
          <gpxdata:speed>0.931</gpxdata:speed>
        </extensions>
      </trkpt>
      <trkpt lat="46.7331290" lon="9.9421538">
        <ele>3023.0</ele>
        <time>2026-09-15T12:06:02Z</time>
        <extensions>
          <gpxdata:distance>4609.86</gpxdata:distance>
          <gpxdata:speed>0.887</gpxdata:speed>
        </extensions>
      </trkpt>
      <trkpt lat="46.7331200" lon="9.9421528">
        <ele>3022.3</ele>
        <time>2026-09-15T12:06:03Z</time>
        <extensions>
          <gpxdata:distance>4610.86</gpxdata:distance>
          <gpxdata:speed>0.872</gpxdata:speed>
        </extensions>
      </trkpt>
      <trkpt lat="46.7331010" lon="9.9421918">
        <ele>3021.7</ele>
        <time>2026-09-15T12:06:07Z</time>
        <extensions>
          <gpxdata:distance>4614.51</gpxdata:distance>
          <gpxdata:speed>0.872</gpxdata:speed>
        </extensions>
      </trkpt>
      <trkpt lat="46.7330720" lon="9.9422688">
        <ele>3020.4</ele>
        <time>2026-09-15T12:06:15Z</time>
        <extensions>
          <gpxdata:distance>4621.21</gpxdata:distance>
          <gpxdata:speed>0.872</gpxdata:speed>
        </extensions>
      </trkpt>
      <trkpt lat="46.7330620" lon="9.9423338">
        <ele>3019.8</ele>
        <time>2026-09-15T12:06:21Z</time>
        <extensions>
          <gpxdata:distance>4626.28</gpxdata:distance>
          <gpxdata:speed>0.872</gpxdata:speed>
        </extensions>
      </trkpt>
      <trkpt lat="46.7330320" lon="9.9424498">
        <ele>3017.6</ele>
        <time>2026-09-15T12:06:32Z</time>
        <extensions>
          <gpxdata:distance>4635.73</gpxdata:distance>
          <gpxdata:speed>0.872</gpxdata:speed>
        </extensions>
      </trkpt>
      <trkpt lat="46.7330310" lon="9.9425028">
        <ele>3015.9</ele>
        <time>2026-09-15T12:06:36Z</time>
        <extensions>
          <gpxdata:distance>4639.77</gpxdata:distance>
          <gpxdata:speed>0.872</gpxdata:speed>
        </extensions>
      </trkpt>
      <trkpt lat="46.7329990" lon="9.9427238">
        <ele>3013.1</ele>
        <time>2026-09-15T12:06:56Z</time>
        <extensions>
          <gpxdata:distance>4656.99</gpxdata:distance>
          <gpxdata:speed>0.872</gpxdata:speed>
        </extensions>
      </trkpt>
      <trkpt lat="46.7329890" lon="9.9427888">
        <ele>3012.1</ele>
        <time>2026-09-15T12:07:02Z</time>
        <extensions>
          <gpxdata:distance>4662.07</gpxdata:distance>
          <gpxdata:speed>0.872</gpxdata:speed>
        </extensions>
      </trkpt>
      <trkpt lat="46.7329790" lon="9.9428138">
        <ele>3011.6</ele>
        <time>2026-09-15T12:07:04Z</time>
        <extensions>
          <gpxdata:distance>4664.27</gpxdata:distance>
          <gpxdata:speed>0.872</gpxdata:speed>
        </extensions>
      </trkpt>
      <trkpt lat="46.7329790" lon="9.9428398">
        <ele>3011.0</ele>
        <time>2026-09-15T12:07:07Z</time>
        <extensions>
          <gpxdata:distance>4666.25</gpxdata:distance>
          <gpxdata:speed>0.872</gpxdata:speed>
        </extensions>
      </trkpt>
      <trkpt lat="46.7329700" lon="9.9428398">
        <ele>3010.6</ele>
        <time>2026-09-15T12:07:08Z</time>
        <extensions>
          <gpxdata:distance>4667.25</gpxdata:distance>
          <gpxdata:speed>0.872</gpxdata:speed>
        </extensions>
      </trkpt>
      <trkpt lat="46.7329530" lon="9.9427998">
        <ele>3009.9</ele>
        <time>2026-09-15T12:07:12Z</time>
        <extensions>
          <gpxdata:distance>4670.84</gpxdata:distance>
          <gpxdata:speed>0.872</gpxdata:speed>
        </extensions>
      </trkpt>
      <trkpt lat="46.7328920" lon="9.9427188">
        <ele>3008.0</ele>
        <time>2026-09-15T12:07:22Z</time>
        <extensions>
          <gpxdata:distance>4680.01</gpxdata:distance>
          <gpxdata:speed>0.872</gpxdata:speed>
        </extensions>
      </trkpt>
      <trkpt lat="46.7328740" lon="9.9426918">
        <ele>3007.2</ele>
        <time>2026-09-15T12:07:26Z</time>
        <extensions>
          <gpxdata:distance>4682.88</gpxdata:distance>
          <gpxdata:speed>0.872</gpxdata:speed>
        </extensions>
      </trkpt>
      <trkpt lat="46.7328660" lon="9.9426648">
        <ele>3006.7</ele>
        <time>2026-09-15T12:07:28Z</time>
        <extensions>
          <gpxdata:distance>4685.12</gpxdata:distance>
          <gpxdata:speed>0.872</gpxdata:speed>
        </extensions>
      </trkpt>
      <trkpt lat="46.7328560" lon="9.9426778">
        <ele>3006.3</ele>
        <time>2026-09-15T12:07:30Z</time>
        <extensions>
          <gpxdata:distance>4686.61</gpxdata:distance>
          <gpxdata:speed>0.872</gpxdata:speed>
        </extensions>
      </trkpt>
      <trkpt lat="46.7328460" lon="9.9427298">
        <ele>3005.5</ele>
        <time>2026-09-15T12:07:35Z</time>
        <extensions>
          <gpxdata:distance>4690.73</gpxdata:distance>
          <gpxdata:speed>0.872</gpxdata:speed>
        </extensions>
      </trkpt>
      <trkpt lat="46.7328070" lon="9.9428978">
        <ele>3002.5</ele>
        <time>2026-09-15T12:07:50Z</time>
        <extensions>
          <gpxdata:distance>4704.25</gpxdata:distance>
          <gpxdata:speed>0.872</gpxdata:speed>
        </extensions>
      </trkpt>
      <trkpt lat="46.7327770" lon="9.9430398">
        <ele>3000.3</ele>
        <time>2026-09-15T12:08:03Z</time>
        <extensions>
          <gpxdata:distance>4715.57</gpxdata:distance>
          <gpxdata:speed>0.872</gpxdata:speed>
        </extensions>
      </trkpt>
      <trkpt lat="46.7327670" lon="9.9430528">
        <ele>2999.7</ele>
        <time>2026-09-15T12:08:05Z</time>
        <extensions>
          <gpxdata:distance>4717.06</gpxdata:distance>
          <gpxdata:speed>0.872</gpxdata:speed>
        </extensions>
      </trkpt>
      <trkpt lat="46.7327590" lon="9.9430398">
        <ele>2999.5</ele>
        <time>2026-09-15T12:08:06Z</time>
        <extensions>
          <gpxdata:distance>4718.39</gpxdata:distance>
          <gpxdata:speed>0.872</gpxdata:speed>
        </extensions>
      </trkpt>
      <trkpt lat="46.7327500" lon="9.9430128">
        <ele>2999.0</ele>
        <time>2026-09-15T12:08:09Z</time>
        <extensions>
          <gpxdata:distance>4720.68</gpxdata:distance>
          <gpxdata:speed>0.872</gpxdata:speed>
        </extensions>
      </trkpt>
      <trkpt lat="46.7327320" lon="9.9429988">
        <ele>2998.4</ele>
        <time>2026-09-15T12:08:12Z</time>
        <extensions>
          <gpxdata:distance>4722.95</gpxdata:distance>
          <gpxdata:speed>0.872</gpxdata:speed>
        </extensions>
      </trkpt>
      <trkpt lat="46.7327140" lon="9.9429978">
        <ele>2998.0</ele>
        <time>2026-09-15T12:08:14Z</time>
        <extensions>
          <gpxdata:distance>4724.95</gpxdata:distance>
          <gpxdata:speed>0.872</gpxdata:speed>
        </extensions>
      </trkpt>
      <trkpt lat="46.7326880" lon="9.9429708">
        <ele>2997.3</ele>
        <time>2026-09-15T12:08:18Z</time>
        <extensions>
          <gpxdata:distance>4728.50</gpxdata:distance>
          <gpxdata:speed>0.872</gpxdata:speed>
        </extensions>
      </trkpt>
      <trkpt lat="46.7326530" lon="9.9429298">
        <ele>2996.1</ele>
        <time>2026-09-15T12:08:24Z</time>
        <extensions>
          <gpxdata:distance>4733.49</gpxdata:distance>
          <gpxdata:speed>0.872</gpxdata:speed>
        </extensions>
      </trkpt>
      <trkpt lat="46.7326270" lon="9.9428758">
        <ele>2995.2</ele>
        <time>2026-09-15T12:08:30Z</time>
        <extensions>
          <gpxdata:distance>4738.52</gpxdata:distance>
          <gpxdata:speed>0.872</gpxdata:speed>
        </extensions>
      </trkpt>
      <trkpt lat="46.7326180" lon="9.9428628">
        <ele>2994.6</ele>
        <time>2026-09-15T12:08:31Z</time>
        <extensions>
          <gpxdata:distance>4739.93</gpxdata:distance>
          <gpxdata:speed>0.872</gpxdata:speed>
        </extensions>
      </trkpt>
      <trkpt lat="46.7326090" lon="9.9428758">
        <ele>2994.1</ele>
        <time>2026-09-15T12:08:33Z</time>
        <extensions>
          <gpxdata:distance>4741.34</gpxdata:distance>
          <gpxdata:speed>0.872</gpxdata:speed>
        </extensions>
      </trkpt>
      <trkpt lat="46.7325990" lon="9.9429268">
        <ele>2993.5</ele>
        <time>2026-09-15T12:08:37Z</time>
        <extensions>
          <gpxdata:distance>4745.38</gpxdata:distance>
          <gpxdata:speed>0.872</gpxdata:speed>
        </extensions>
      </trkpt>
      <trkpt lat="46.7325800" lon="9.9429528">
        <ele>2993.1</ele>
        <time>2026-09-15T12:08:41Z</time>
        <extensions>
          <gpxdata:distance>4748.28</gpxdata:distance>
          <gpxdata:speed>0.872</gpxdata:speed>
        </extensions>
      </trkpt>
      <trkpt lat="46.7325710" lon="9.9429918">
        <ele>2992.4</ele>
        <time>2026-09-15T12:08:44Z</time>
        <extensions>
          <gpxdata:distance>4751.41</gpxdata:distance>
          <gpxdata:speed>0.872</gpxdata:speed>
        </extensions>
      </trkpt>
      <trkpt lat="46.7325620" lon="9.9429908">
        <ele>2991.8</ele>
        <time>2026-09-15T12:08:45Z</time>
        <extensions>
          <gpxdata:distance>4752.42</gpxdata:distance>
          <gpxdata:speed>0.872</gpxdata:speed>
        </extensions>
      </trkpt>
      <trkpt lat="46.7325350" lon="9.9429637">
        <ele>2991.1</ele>
        <time>2026-09-15T12:08:50Z</time>
        <extensions>
          <gpxdata:distance>4756.06</gpxdata:distance>
          <gpxdata:speed>0.872</gpxdata:speed>
        </extensions>
      </trkpt>
      <trkpt lat="46.7325170" lon="9.9429627">
        <ele>2990.3</ele>
        <time>2026-09-15T12:08:52Z</time>
        <extensions>
          <gpxdata:distance>4758.07</gpxdata:distance>
          <gpxdata:speed>0.872</gpxdata:speed>
        </extensions>
      </trkpt>
      <trkpt lat="46.7324990" lon="9.9429877">
        <ele>2989.6</ele>
        <time>2026-09-15T12:08:55Z</time>
        <extensions>
          <gpxdata:distance>4760.83</gpxdata:distance>
          <gpxdata:speed>0.872</gpxdata:speed>
        </extensions>
      </trkpt>
      <trkpt lat="46.7324890" lon="9.9430137">
        <ele>2988.8</ele>
        <time>2026-09-15T12:08:58Z</time>
        <extensions>
          <gpxdata:distance>4763.10</gpxdata:distance>
          <gpxdata:speed>0.872</gpxdata:speed>
        </extensions>
      </trkpt>
      <trkpt lat="46.7324880" lon="9.9430527">
        <ele>2988.4</ele>
        <time>2026-09-15T12:09:01Z</time>
        <extensions>
          <gpxdata:distance>4766.08</gpxdata:distance>
          <gpxdata:speed>0.872</gpxdata:speed>
        </extensions>
      </trkpt>
      <trkpt lat="46.7324520" lon="9.9430777">
        <ele>2987.3</ele>
        <time>2026-09-15T12:09:06Z</time>
        <extensions>
          <gpxdata:distance>4770.51</gpxdata:distance>
          <gpxdata:speed>0.872</gpxdata:speed>
        </extensions>
      </trkpt>
      <trkpt lat="46.7323880" lon="9.9431137">
        <ele>2986.0</ele>
        <time>2026-09-15T12:09:15Z</time>
        <extensions>
          <gpxdata:distance>4778.14</gpxdata:distance>
          <gpxdata:speed>0.872</gpxdata:speed>
        </extensions>
      </trkpt>
      <trkpt lat="46.7323510" lon="9.9431777">
        <ele>2985.0</ele>
        <time>2026-09-15T12:09:22Z</time>
        <extensions>
          <gpxdata:distance>4784.52</gpxdata:distance>
          <gpxdata:speed>0.872</gpxdata:speed>
        </extensions>
      </trkpt>
      <trkpt lat="46.7323310" lon="9.9432287">
        <ele>2984.1</ele>
        <time>2026-09-15T12:09:27Z</time>
        <extensions>
          <gpxdata:distance>4789.00</gpxdata:distance>
          <gpxdata:speed>0.872</gpxdata:speed>
        </extensions>
      </trkpt>
      <trkpt lat="46.7323210" lon="9.9432937">
        <ele>2983.5</ele>
        <time>2026-09-15T12:09:33Z</time>
        <extensions>
          <gpxdata:distance>4794.07</gpxdata:distance>
          <gpxdata:speed>0.872</gpxdata:speed>
        </extensions>
      </trkpt>
      <trkpt lat="46.7323020" lon="9.9433587">
        <ele>2982.8</ele>
        <time>2026-09-15T12:09:39Z</time>
        <extensions>
          <gpxdata:distance>4799.46</gpxdata:distance>
          <gpxdata:speed>0.898</gpxdata:speed>
        </extensions>
      </trkpt>
      <trkpt lat="46.7323090" lon="9.9434247">
        <ele>2982.0</ele>
        <time>2026-09-15T12:09:45Z</time>
        <extensions>
          <gpxdata:distance>4804.55</gpxdata:distance>
          <gpxdata:speed>0.908</gpxdata:speed>
        </extensions>
      </trkpt>
      <trkpt lat="46.7323070" lon="9.9435027">
        <ele>2981.1</ele>
        <time>2026-09-15T12:09:51Z</time>
        <extensions>
          <gpxdata:distance>4810.50</gpxdata:distance>
          <gpxdata:speed>0.923</gpxdata:speed>
        </extensions>
      </trkpt>
      <trkpt lat="46.7323070" lon="9.9435417">
        <ele>2980.0</ele>
        <time>2026-09-15T12:09:55Z</time>
        <extensions>
          <gpxdata:distance>4813.47</gpxdata:distance>
          <gpxdata:speed>0.903</gpxdata:speed>
        </extensions>
      </trkpt>
      <trkpt lat="46.7322970" lon="9.9435547">
        <ele>2979.6</ele>
        <time>2026-09-15T12:09:56Z</time>
        <extensions>
          <gpxdata:distance>4814.96</gpxdata:distance>
          <gpxdata:speed>0.908</gpxdata:speed>
        </extensions>
      </trkpt>
      <trkpt lat="46.7322530" lon="9.9435397">
        <ele>2979.0</ele>
        <time>2026-09-15T12:10:02Z</time>
        <extensions>
          <gpxdata:distance>4819.98</gpxdata:distance>
          <gpxdata:speed>0.916</gpxdata:speed>
        </extensions>
      </trkpt>
      <trkpt lat="46.7321810" lon="9.9435097">
        <ele>2977.3</ele>
        <time>2026-09-15T12:10:11Z</time>
        <extensions>
          <gpxdata:distance>4828.31</gpxdata:distance>
          <gpxdata:speed>0.905</gpxdata:speed>
        </extensions>
      </trkpt>
      <trkpt lat="46.7321370" lon="9.9434817">
        <ele>2976.4</ele>
        <time>2026-09-15T12:10:17Z</time>
        <extensions>
          <gpxdata:distance>4833.65</gpxdata:distance>
          <gpxdata:speed>0.909</gpxdata:speed>
        </extensions>
      </trkpt>
      <trkpt lat="46.7320750" lon="9.9434267">
        <ele>2975.3</ele>
        <time>2026-09-15T12:10:26Z</time>
        <extensions>
          <gpxdata:distance>4841.72</gpxdata:distance>
          <gpxdata:speed>0.910</gpxdata:speed>
        </extensions>
      </trkpt>
      <trkpt lat="46.7320570" lon="9.9434257">
        <ele>2974.7</ele>
        <time>2026-09-15T12:10:28Z</time>
        <extensions>
          <gpxdata:distance>4843.72</gpxdata:distance>
          <gpxdata:speed>0.895</gpxdata:speed>
        </extensions>
      </trkpt>
      <trkpt lat="46.7320380" lon="9.9434767">
        <ele>2973.8</ele>
        <time>2026-09-15T12:10:33Z</time>
        <extensions>
          <gpxdata:distance>4848.14</gpxdata:distance>
          <gpxdata:speed>0.888</gpxdata:speed>
        </extensions>
      </trkpt>
      <trkpt lat="46.7320450" lon="9.9435427">
        <ele>2971.9</ele>
        <time>2026-09-15T12:10:39Z</time>
        <extensions>
          <gpxdata:distance>4853.23</gpxdata:distance>
          <gpxdata:speed>0.872</gpxdata:speed>
        </extensions>
      </trkpt>
      <trkpt lat="46.7320280" lon="9.9435417">
        <ele>2971.3</ele>
        <time>2026-09-15T12:10:41Z</time>
        <extensions>
          <gpxdata:distance>4855.12</gpxdata:distance>
          <gpxdata:speed>0.872</gpxdata:speed>
        </extensions>
      </trkpt>
      <trkpt lat="46.7320010" lon="9.9435147">
        <ele>2970.4</ele>
        <time>2026-09-15T12:10:45Z</time>
        <extensions>
          <gpxdata:distance>4858.76</gpxdata:distance>
          <gpxdata:speed>0.872</gpxdata:speed>
        </extensions>
      </trkpt>
      <trkpt lat="46.7319840" lon="9.9434877">
        <ele>2969.6</ele>
        <time>2026-09-15T12:10:48Z</time>
        <extensions>
          <gpxdata:distance>4861.56</gpxdata:distance>
          <gpxdata:speed>0.872</gpxdata:speed>
        </extensions>
      </trkpt>
      <trkpt lat="46.7319750" lon="9.9434877">
        <ele>2968.7</ele>
        <time>2026-09-15T12:10:49Z</time>
        <extensions>
          <gpxdata:distance>4862.56</gpxdata:distance>
          <gpxdata:speed>0.872</gpxdata:speed>
        </extensions>
      </trkpt>
      <trkpt lat="46.7319740" lon="9.9435397">
        <ele>2967.9</ele>
        <time>2026-09-15T12:10:54Z</time>
        <extensions>
          <gpxdata:distance>4866.52</gpxdata:distance>
          <gpxdata:speed>0.872</gpxdata:speed>
        </extensions>
      </trkpt>
      <trkpt lat="46.7319640" lon="9.9435517">
        <ele>2967.4</ele>
        <time>2026-09-15T12:10:56Z</time>
        <extensions>
          <gpxdata:distance>4867.96</gpxdata:distance>
          <gpxdata:speed>0.872</gpxdata:speed>
        </extensions>
      </trkpt>
      <trkpt lat="46.7319290" lon="9.9435117">
        <ele>2965.8</ele>
        <time>2026-09-15T12:11:01Z</time>
        <extensions>
          <gpxdata:distance>4872.91</gpxdata:distance>
          <gpxdata:speed>0.872</gpxdata:speed>
        </extensions>
      </trkpt>
      <trkpt lat="46.7319200" lon="9.9435107">
        <ele>2965.4</ele>
        <time>2026-09-15T12:11:02Z</time>
        <extensions>
          <gpxdata:distance>4873.91</gpxdata:distance>
          <gpxdata:speed>0.872</gpxdata:speed>
        </extensions>
      </trkpt>
      <trkpt lat="46.7319190" lon="9.9435627">
        <ele>2964.7</ele>
        <time>2026-09-15T12:11:07Z</time>
        <extensions>
          <gpxdata:distance>4877.88</gpxdata:distance>
          <gpxdata:speed>0.872</gpxdata:speed>
        </extensions>
      </trkpt>
      <trkpt lat="46.7319100" lon="9.9435627">
        <ele>2964.5</ele>
        <time>2026-09-15T12:11:08Z</time>
        <extensions>
          <gpxdata:distance>4878.88</gpxdata:distance>
          <gpxdata:speed>0.872</gpxdata:speed>
        </extensions>
      </trkpt>
      <trkpt lat="46.7318920" lon="9.9435487">
        <ele>2964.0</ele>
        <time>2026-09-15T12:11:11Z</time>
        <extensions>
          <gpxdata:distance>4881.14</gpxdata:distance>
          <gpxdata:speed>0.872</gpxdata:speed>
        </extensions>
      </trkpt>
      <trkpt lat="46.7318750" lon="9.9435087">
        <ele>2963.5</ele>
        <time>2026-09-15T12:11:15Z</time>
        <extensions>
          <gpxdata:distance>4884.73</gpxdata:distance>
          <gpxdata:speed>0.872</gpxdata:speed>
        </extensions>
      </trkpt>
      <trkpt lat="46.7318670" lon="9.9434827">
        <ele>2962.0</ele>
        <time>2026-09-15T12:11:17Z</time>
        <extensions>
          <gpxdata:distance>4886.90</gpxdata:distance>
          <gpxdata:speed>0.872</gpxdata:speed>
        </extensions>
      </trkpt>
      <trkpt lat="46.7318400" lon="9.9434937">
        <ele>2960.8</ele>
        <time>2026-09-15T12:11:21Z</time>
        <extensions>
          <gpxdata:distance>4890.02</gpxdata:distance>
          <gpxdata:speed>0.872</gpxdata:speed>
        </extensions>
      </trkpt>
      <trkpt lat="46.7318390" lon="9.9435197">
        <ele>2960.4</ele>
        <time>2026-09-15T12:11:23Z</time>
        <extensions>
          <gpxdata:distance>4892.01</gpxdata:distance>
          <gpxdata:speed>0.872</gpxdata:speed>
        </extensions>
      </trkpt>
      <trkpt lat="46.7318540" lon="9.9436387">
        <ele>2956.8</ele>
        <time>2026-09-15T12:11:34Z</time>
        <extensions>
          <gpxdata:distance>4901.23</gpxdata:distance>
          <gpxdata:speed>0.872</gpxdata:speed>
        </extensions>
      </trkpt>
      <trkpt lat="46.7317750" lon="9.9435827">
        <ele>2953.0</ele>
        <time>2026-09-15T12:11:45Z</time>
        <extensions>
          <gpxdata:distance>4910.99</gpxdata:distance>
          <gpxdata:speed>0.872</gpxdata:speed>
        </extensions>
      </trkpt>
      <trkpt lat="46.7317480" lon="9.9435687">
        <ele>2951.2</ele>
        <time>2026-09-15T12:11:49Z</time>
        <extensions>
          <gpxdata:distance>4914.18</gpxdata:distance>
          <gpxdata:speed>0.872</gpxdata:speed>
        </extensions>
      </trkpt>
      <trkpt lat="46.7317290" lon="9.9436067">
        <ele>2949.6</ele>
        <time>2026-09-15T12:11:53Z</time>
        <extensions>
          <gpxdata:distance>4917.76</gpxdata:distance>
          <gpxdata:speed>0.872</gpxdata:speed>
        </extensions>
      </trkpt>
      <trkpt lat="46.7317110" lon="9.9435927">
        <ele>2948.8</ele>
        <time>2026-09-15T12:11:55Z</time>
        <extensions>
          <gpxdata:distance>4920.03</gpxdata:distance>
          <gpxdata:speed>0.872</gpxdata:speed>
        </extensions>
      </trkpt>
      <trkpt lat="46.7316770" lon="9.9435387">
        <ele>2946.9</ele>
        <time>2026-09-15T12:12:02Z</time>
        <extensions>
          <gpxdata:distance>4925.62</gpxdata:distance>
          <gpxdata:speed>0.872</gpxdata:speed>
        </extensions>
      </trkpt>
      <trkpt lat="46.7316500" lon="9.9434987">
        <ele>2945.7</ele>
        <time>2026-09-15T12:12:07Z</time>
        <extensions>
          <gpxdata:distance>4929.90</gpxdata:distance>
          <gpxdata:speed>0.872</gpxdata:speed>
        </extensions>
      </trkpt>
      <trkpt lat="46.7316230" lon="9.9434967">
        <ele>2943.7</ele>
        <time>2026-09-15T12:12:10Z</time>
        <extensions>
          <gpxdata:distance>4932.91</gpxdata:distance>
          <gpxdata:speed>0.872</gpxdata:speed>
        </extensions>
      </trkpt>
      <trkpt lat="46.7315790" lon="9.9434687">
        <ele>2941.7</ele>
        <time>2026-09-15T12:12:16Z</time>
        <extensions>
          <gpxdata:distance>4938.24</gpxdata:distance>
          <gpxdata:speed>0.872</gpxdata:speed>
        </extensions>
      </trkpt>
      <trkpt lat="46.7315520" lon="9.9434677">
        <ele>2940.1</ele>
        <time>2026-09-15T12:12:20Z</time>
        <extensions>
          <gpxdata:distance>4941.25</gpxdata:distance>
          <gpxdata:speed>0.872</gpxdata:speed>
        </extensions>
      </trkpt>
      <trkpt lat="46.7315600" lon="9.9435207">
        <ele>2939.3</ele>
        <time>2026-09-15T12:12:24Z</time>
        <extensions>
          <gpxdata:distance>4945.38</gpxdata:distance>
          <gpxdata:speed>0.872</gpxdata:speed>
        </extensions>
      </trkpt>
      <trkpt lat="46.7315590" lon="9.9435467">
        <ele>2938.5</ele>
        <time>2026-09-15T12:12:27Z</time>
        <extensions>
          <gpxdata:distance>4947.37</gpxdata:distance>
          <gpxdata:speed>0.872</gpxdata:speed>
        </extensions>
      </trkpt>
      <trkpt lat="46.7315410" lon="9.9435457">
        <ele>2937.4</ele>
        <time>2026-09-15T12:12:29Z</time>
        <extensions>
          <gpxdata:distance>4949.37</gpxdata:distance>
          <gpxdata:speed>0.872</gpxdata:speed>
        </extensions>
      </trkpt>
      <trkpt lat="46.7315150" lon="9.9435187">
        <ele>2935.9</ele>
        <time>2026-09-15T12:12:33Z</time>
        <extensions>
          <gpxdata:distance>4952.92</gpxdata:distance>
          <gpxdata:speed>0.872</gpxdata:speed>
        </extensions>
      </trkpt>
      <trkpt lat="46.7314970" lon="9.9435307">
        <ele>2934.2</ele>
        <time>2026-09-15T12:12:36Z</time>
        <extensions>
          <gpxdata:distance>4955.12</gpxdata:distance>
          <gpxdata:speed>0.872</gpxdata:speed>
        </extensions>
      </trkpt>
      <trkpt lat="46.7314870" lon="9.9435557">
        <ele>2933.5</ele>
        <time>2026-09-15T12:12:38Z</time>
        <extensions>
          <gpxdata:distance>4957.33</gpxdata:distance>
          <gpxdata:speed>0.872</gpxdata:speed>
        </extensions>
      </trkpt>
      <trkpt lat="46.7314430" lon="9.9435407">
        <ele>2932.2</ele>
        <time>2026-09-15T12:12:44Z</time>
        <extensions>
          <gpxdata:distance>4962.35</gpxdata:distance>
          <gpxdata:speed>0.872</gpxdata:speed>
        </extensions>
      </trkpt>
      <trkpt lat="46.7313980" lon="9.9435387">
        <ele>2930.4</ele>
        <time>2026-09-15T12:12:50Z</time>
        <extensions>
          <gpxdata:distance>4967.36</gpxdata:distance>
          <gpxdata:speed>0.872</gpxdata:speed>
        </extensions>
      </trkpt>
      <trkpt lat="46.7313890" lon="9.9435387">
        <ele>2929.8</ele>
        <time>2026-09-15T12:12:51Z</time>
        <extensions>
          <gpxdata:distance>4968.36</gpxdata:distance>
          <gpxdata:speed>0.872</gpxdata:speed>
        </extensions>
      </trkpt>
      <trkpt lat="46.7313960" lon="9.9436047">
        <ele>2928.5</ele>
        <time>2026-09-15T12:12:57Z</time>
        <extensions>
          <gpxdata:distance>4973.45</gpxdata:distance>
          <gpxdata:speed>0.872</gpxdata:speed>
        </extensions>
      </trkpt>
      <trkpt lat="46.7313780" lon="9.9435907">
        <ele>2927.5</ele>
        <time>2026-09-15T12:12:59Z</time>
        <extensions>
          <gpxdata:distance>4975.72</gpxdata:distance>
          <gpxdata:speed>0.872</gpxdata:speed>
        </extensions>
      </trkpt>
      <trkpt lat="46.7313430" lon="9.9435627">
        <ele>2926.4</ele>
        <time>2026-09-15T12:13:04Z</time>
        <extensions>
          <gpxdata:distance>4980.15</gpxdata:distance>
          <gpxdata:speed>0.872</gpxdata:speed>
        </extensions>
      </trkpt>
      <trkpt lat="46.7313250" lon="9.9435487">
        <ele>2925.7</ele>
        <time>2026-09-15T12:13:07Z</time>
        <extensions>
          <gpxdata:distance>4982.42</gpxdata:distance>
          <gpxdata:speed>0.872</gpxdata:speed>
        </extensions>
      </trkpt>
      <trkpt lat="46.7313160" lon="9.9435487">
        <ele>2925.2</ele>
        <time>2026-09-15T12:13:08Z</time>
        <extensions>
          <gpxdata:distance>4983.42</gpxdata:distance>
          <gpxdata:speed>0.872</gpxdata:speed>
        </extensions>
      </trkpt>
      <trkpt lat="46.7313070" lon="9.9435607">
        <ele>2924.5</ele>
        <time>2026-09-15T12:13:10Z</time>
        <extensions>
          <gpxdata:distance>4984.78</gpxdata:distance>
          <gpxdata:speed>0.872</gpxdata:speed>
        </extensions>
      </trkpt>
      <trkpt lat="46.7313160" lon="9.9435877">
        <ele>2924.0</ele>
        <time>2026-09-15T12:13:12Z</time>
        <extensions>
          <gpxdata:distance>4987.07</gpxdata:distance>
          <gpxdata:speed>0.872</gpxdata:speed>
        </extensions>
      </trkpt>
      <trkpt lat="46.7313410" lon="9.9436407">
        <ele>2922.8</ele>
        <time>2026-09-15T12:13:18Z</time>
        <extensions>
          <gpxdata:distance>4991.97</gpxdata:distance>
          <gpxdata:speed>0.872</gpxdata:speed>
        </extensions>
      </trkpt>
      <trkpt lat="46.7313230" lon="9.9436537">
        <ele>2922.1</ele>
        <time>2026-09-15T12:13:20Z</time>
        <extensions>
          <gpxdata:distance>4994.20</gpxdata:distance>
          <gpxdata:speed>0.872</gpxdata:speed>
        </extensions>
      </trkpt>
      <trkpt lat="46.7312790" lon="9.9436247">
        <ele>2921.0</ele>
        <time>2026-09-15T12:13:27Z</time>
        <extensions>
          <gpxdata:distance>4999.57</gpxdata:distance>
          <gpxdata:speed>0.872</gpxdata:speed>
        </extensions>
      </trkpt>
      <trkpt lat="46.7312420" lon="9.9436367">
        <ele>2919.8</ele>
        <time>2026-09-15T12:13:31Z</time>
        <extensions>
          <gpxdata:distance>5003.79</gpxdata:distance>
          <gpxdata:speed>0.872</gpxdata:speed>
        </extensions>
      </trkpt>
      <trkpt lat="46.7312060" lon="9.9436347">
        <ele>2919.1</ele>
        <time>2026-09-15T12:13:36Z</time>
        <extensions>
          <gpxdata:distance>5007.79</gpxdata:distance>
          <gpxdata:speed>0.872</gpxdata:speed>
        </extensions>
      </trkpt>
      <trkpt lat="46.7311800" lon="9.9436207">
        <ele>2918.2</ele>
        <time>2026-09-15T12:13:40Z</time>
        <extensions>
          <gpxdata:distance>5010.87</gpxdata:distance>
          <gpxdata:speed>0.872</gpxdata:speed>
        </extensions>
      </trkpt>
      <trkpt lat="46.7311620" lon="9.9436197">
        <ele>2917.7</ele>
        <time>2026-09-15T12:13:42Z</time>
        <extensions>
          <gpxdata:distance>5012.88</gpxdata:distance>
          <gpxdata:speed>0.872</gpxdata:speed>
        </extensions>
      </trkpt>
      <trkpt lat="46.7311530" lon="9.9436187">
        <ele>2917.5</ele>
        <time>2026-09-15T12:13:43Z</time>
        <extensions>
          <gpxdata:distance>5013.88</gpxdata:distance>
          <gpxdata:speed>0.872</gpxdata:speed>
        </extensions>
      </trkpt>
      <trkpt lat="46.7311610" lon="9.9436457">
        <ele>2917.0</ele>
        <time>2026-09-15T12:13:46Z</time>
        <extensions>
          <gpxdata:distance>5016.12</gpxdata:distance>
          <gpxdata:speed>0.872</gpxdata:speed>
        </extensions>
      </trkpt>
      <trkpt lat="46.7312050" lon="9.9437137">
        <ele>2915.6</ele>
        <time>2026-09-15T12:13:54Z</time>
        <extensions>
          <gpxdata:distance>5023.25</gpxdata:distance>
          <gpxdata:speed>0.872</gpxdata:speed>
        </extensions>
      </trkpt>
      <trkpt lat="46.7312040" lon="9.9437267">
        <ele>2914.9</ele>
        <time>2026-09-15T12:13:55Z</time>
        <extensions>
          <gpxdata:distance>5024.25</gpxdata:distance>
          <gpxdata:speed>0.872</gpxdata:speed>
        </extensions>
      </trkpt>
      <trkpt lat="46.7312040" lon="9.9437267">
        <ele>2914.6</ele>
        <time>2026-09-15T12:13:55Z</time>
        <extensions>
          <gpxdata:distance>5024.25</gpxdata:distance>
          <gpxdata:speed>0.000</gpxdata:speed>
        </extensions>
      </trkpt>
      <trkpt lat="46.7311600" lon="9.9437107">
        <ele>2913.5</ele>
        <time>2026-09-15T12:14:01Z</time>
        <extensions>
          <gpxdata:distance>5029.29</gpxdata:distance>
          <gpxdata:speed>0.872</gpxdata:speed>
        </extensions>
      </trkpt>
      <trkpt lat="46.7310970" lon="9.9437217">
        <ele>2911.1</ele>
        <time>2026-09-15T12:14:09Z</time>
        <extensions>
          <gpxdata:distance>5036.34</gpxdata:distance>
          <gpxdata:speed>0.872</gpxdata:speed>
        </extensions>
      </trkpt>
      <trkpt lat="46.7310880" lon="9.9437207">
        <ele>2910.7</ele>
        <time>2026-09-15T12:14:10Z</time>
        <extensions>
          <gpxdata:distance>5037.35</gpxdata:distance>
          <gpxdata:speed>0.872</gpxdata:speed>
        </extensions>
      </trkpt>
      <trkpt lat="46.7310780" lon="9.9437467">
        <ele>2910.0</ele>
        <time>2026-09-15T12:14:13Z</time>
        <extensions>
          <gpxdata:distance>5039.62</gpxdata:distance>
          <gpxdata:speed>0.872</gpxdata:speed>
        </extensions>
      </trkpt>
      <trkpt lat="46.7310600" lon="9.9437327">
        <ele>2909.3</ele>
        <time>2026-09-15T12:14:15Z</time>
        <extensions>
          <gpxdata:distance>5041.89</gpxdata:distance>
          <gpxdata:speed>0.872</gpxdata:speed>
        </extensions>
      </trkpt>
      <trkpt lat="46.7310420" lon="9.9437317">
        <ele>2908.6</ele>
        <time>2026-09-15T12:14:17Z</time>
        <extensions>
          <gpxdata:distance>5043.89</gpxdata:distance>
          <gpxdata:speed>0.872</gpxdata:speed>
        </extensions>
      </trkpt>
      <trkpt lat="46.7310330" lon="9.9437577">
        <ele>2908.3</ele>
        <time>2026-09-15T12:14:20Z</time>
        <extensions>
          <gpxdata:distance>5046.11</gpxdata:distance>
          <gpxdata:speed>0.872</gpxdata:speed>
        </extensions>
      </trkpt>
      <trkpt lat="46.7310230" lon="9.9437707">
        <ele>2907.9</ele>
        <time>2026-09-15T12:14:22Z</time>
        <extensions>
          <gpxdata:distance>5047.60</gpxdata:distance>
          <gpxdata:speed>0.872</gpxdata:speed>
        </extensions>
      </trkpt>
      <trkpt lat="46.7310230" lon="9.9437707">
        <ele>2907.9</ele>
        <time>2026-09-15T12:14:22Z</time>
        <extensions>
          <gpxdata:distance>5047.60</gpxdata:distance>
          <gpxdata:speed>0.000</gpxdata:speed>
        </extensions>
      </trkpt>
      <trkpt lat="46.7310140" lon="9.9437957">
        <ele>2908.0</ele>
        <time>2026-09-15T12:14:24Z</time>
        <extensions>
          <gpxdata:distance>5049.75</gpxdata:distance>
          <gpxdata:speed>0.872</gpxdata:speed>
        </extensions>
      </trkpt>
      <trkpt lat="46.7309970" lon="9.9437557">
        <ele>2905.9</ele>
        <time>2026-09-15T12:14:28Z</time>
        <extensions>
          <gpxdata:distance>5053.34</gpxdata:distance>
          <gpxdata:speed>0.872</gpxdata:speed>
        </extensions>
      </trkpt>
      <trkpt lat="46.7309880" lon="9.9437557">
        <ele>2905.0</ele>
        <time>2026-09-15T12:14:29Z</time>
        <extensions>
          <gpxdata:distance>5054.34</gpxdata:distance>
          <gpxdata:speed>0.872</gpxdata:speed>
        </extensions>
      </trkpt>
      <trkpt lat="46.7309590" lon="9.9438327">
        <ele>2902.5</ele>
        <time>2026-09-15T12:14:37Z</time>
        <extensions>
          <gpxdata:distance>5061.04</gpxdata:distance>
          <gpxdata:speed>0.872</gpxdata:speed>
        </extensions>
      </trkpt>
      <trkpt lat="46.7309140" lon="9.9438307">
        <ele>2899.0</ele>
        <time>2026-09-15T12:14:43Z</time>
        <extensions>
          <gpxdata:distance>5066.04</gpxdata:distance>
          <gpxdata:speed>0.872</gpxdata:speed>
        </extensions>
      </trkpt>
      <trkpt lat="46.7308960" lon="9.9438427">
        <ele>2897.8</ele>
        <time>2026-09-15T12:14:45Z</time>
        <extensions>
          <gpxdata:distance>5068.24</gpxdata:distance>
          <gpxdata:speed>0.872</gpxdata:speed>
        </extensions>
      </trkpt>
      <trkpt lat="46.7308780" lon="9.9438547">
        <ele>2896.7</ele>
        <time>2026-09-15T12:14:48Z</time>
        <extensions>
          <gpxdata:distance>5070.44</gpxdata:distance>
          <gpxdata:speed>0.872</gpxdata:speed>
        </extensions>
      </trkpt>
      <trkpt lat="46.7308510" lon="9.9438277">
        <ele>2893.7</ele>
        <time>2026-09-15T12:14:52Z</time>
        <extensions>
          <gpxdata:distance>5074.08</gpxdata:distance>
          <gpxdata:speed>0.872</gpxdata:speed>
        </extensions>
      </trkpt>
      <trkpt lat="46.7308510" lon="9.9438277">
        <ele>2893.7</ele>
        <time>2026-09-15T12:14:52Z</time>
        <extensions>
          <gpxdata:distance>5074.08</gpxdata:distance>
          <gpxdata:speed>0.000</gpxdata:speed>
        </extensions>
      </trkpt>
      <trkpt lat="46.7308160" lon="9.9438127">
        <ele>2892.5</ele>
        <time>2026-09-15T12:14:57Z</time>
        <extensions>
          <gpxdata:distance>5078.14</gpxdata:distance>
          <gpxdata:speed>0.872</gpxdata:speed>
        </extensions>
      </trkpt>
      <trkpt lat="46.7307790" lon="9.9438377">
        <ele>2891.3</ele>
        <time>2026-09-15T12:15:02Z</time>
        <extensions>
          <gpxdata:distance>5082.67</gpxdata:distance>
          <gpxdata:speed>0.872</gpxdata:speed>
        </extensions>
      </trkpt>
      <trkpt lat="46.7307150" lon="9.9438737">
        <ele>2888.6</ele>
        <time>2026-09-15T12:15:11Z</time>
        <extensions>
          <gpxdata:distance>5090.30</gpxdata:distance>
          <gpxdata:speed>0.872</gpxdata:speed>
        </extensions>
      </trkpt>
      <trkpt lat="46.7306870" lon="9.9439117">
        <ele>2887.3</ele>
        <time>2026-09-15T12:15:16Z</time>
        <extensions>
          <gpxdata:distance>5094.55</gpxdata:distance>
          <gpxdata:speed>0.872</gpxdata:speed>
        </extensions>
      </trkpt>
      <trkpt lat="46.7306050" lon="9.9439607">
        <ele>2884.9</ele>
        <time>2026-09-15T12:15:27Z</time>
        <extensions>
          <gpxdata:distance>5104.41</gpxdata:distance>
          <gpxdata:speed>0.872</gpxdata:speed>
        </extensions>
      </trkpt>
      <trkpt lat="46.7305580" lon="9.9440627">
        <ele>2882.7</ele>
        <time>2026-09-15T12:15:38Z</time>
        <extensions>
          <gpxdata:distance>5113.77</gpxdata:distance>
          <gpxdata:speed>0.872</gpxdata:speed>
        </extensions>
      </trkpt>
      <trkpt lat="46.7305390" lon="9.9441147">
        <ele>2881.6</ele>
        <time>2026-09-15T12:15:43Z</time>
        <extensions>
          <gpxdata:distance>5118.27</gpxdata:distance>
          <gpxdata:speed>0.872</gpxdata:speed>
        </extensions>
      </trkpt>
      <trkpt lat="46.7305550" lon="9.9442067">
        <ele>2879.7</ele>
        <time>2026-09-15T12:15:51Z</time>
        <extensions>
          <gpxdata:distance>5125.50</gpxdata:distance>
          <gpxdata:speed>0.872</gpxdata:speed>
        </extensions>
      </trkpt>
      <trkpt lat="46.7305450" lon="9.9442457">
        <ele>2879.2</ele>
        <time>2026-09-15T12:15:55Z</time>
        <extensions>
          <gpxdata:distance>5128.67</gpxdata:distance>
          <gpxdata:speed>0.872</gpxdata:speed>
        </extensions>
      </trkpt>
      <trkpt lat="46.7305260" lon="9.9442707">
        <ele>2878.5</ele>
        <time>2026-09-15T12:15:58Z</time>
        <extensions>
          <gpxdata:distance>5131.52</gpxdata:distance>
          <gpxdata:speed>0.872</gpxdata:speed>
        </extensions>
      </trkpt>
      <trkpt lat="46.7304990" lon="9.9442957">
        <ele>2878.5</ele>
        <time>2026-09-15T12:16:02Z</time>
        <extensions>
          <gpxdata:distance>5135.07</gpxdata:distance>
          <gpxdata:speed>0.872</gpxdata:speed>
        </extensions>
      </trkpt>
      <trkpt lat="46.7304900" lon="9.9443087">
        <ele>2878.3</ele>
        <time>2026-09-15T12:16:04Z</time>
        <extensions>
          <gpxdata:distance>5136.48</gpxdata:distance>
          <gpxdata:speed>0.872</gpxdata:speed>
        </extensions>
      </trkpt>
      <trkpt lat="46.7304890" lon="9.9443607">
        <ele>2877.4</ele>
        <time>2026-09-15T12:16:08Z</time>
        <extensions>
          <gpxdata:distance>5140.45</gpxdata:distance>
          <gpxdata:speed>0.872</gpxdata:speed>
        </extensions>
      </trkpt>
      <trkpt lat="46.7304960" lon="9.9444267">
        <ele>2876.4</ele>
        <time>2026-09-15T12:16:14Z</time>
        <extensions>
          <gpxdata:distance>5145.54</gpxdata:distance>
          <gpxdata:speed>0.872</gpxdata:speed>
        </extensions>
      </trkpt>
      <trkpt lat="46.7304860" lon="9.9444787">
        <ele>2875.5</ele>
        <time>2026-09-15T12:16:19Z</time>
        <extensions>
          <gpxdata:distance>5149.65</gpxdata:distance>
          <gpxdata:speed>0.872</gpxdata:speed>
        </extensions>
      </trkpt>
      <trkpt lat="46.7305110" lon="9.9445577">
        <ele>2874.6</ele>
        <time>2026-09-15T12:16:26Z</time>
        <extensions>
          <gpxdata:distance>5156.29</gpxdata:distance>
          <gpxdata:speed>0.894</gpxdata:speed>
        </extensions>
      </trkpt>
      <trkpt lat="46.7305010" lon="9.9445967">
        <ele>2873.8</ele>
        <time>2026-09-15T12:16:30Z</time>
        <extensions>
          <gpxdata:distance>5159.46</gpxdata:distance>
          <gpxdata:speed>0.908</gpxdata:speed>
        </extensions>
      </trkpt>
      <trkpt lat="46.7304900" lon="9.9446877">
        <ele>2872.2</ele>
        <time>2026-09-15T12:16:38Z</time>
        <extensions>
          <gpxdata:distance>5166.50</gpxdata:distance>
          <gpxdata:speed>0.892</gpxdata:speed>
        </extensions>
      </trkpt>
      <trkpt lat="46.7304880" lon="9.9447797">
        <ele>2870.5</ele>
        <time>2026-09-15T12:16:45Z</time>
        <extensions>
          <gpxdata:distance>5173.52</gpxdata:distance>
          <gpxdata:speed>0.885</gpxdata:speed>
        </extensions>
      </trkpt>
      <trkpt lat="46.7304960" lon="9.9448587">
        <ele>2869.0</ele>
        <time>2026-09-15T12:16:52Z</time>
        <extensions>
          <gpxdata:distance>5179.60</gpxdata:distance>
          <gpxdata:speed>0.872</gpxdata:speed>
        </extensions>
      </trkpt>
      <trkpt lat="46.7304940" lon="9.9449497">
        <ele>2866.9</ele>
        <time>2026-09-15T12:17:00Z</time>
        <extensions>
          <gpxdata:distance>5186.54</gpxdata:distance>
          <gpxdata:speed>0.872</gpxdata:speed>
        </extensions>
      </trkpt>
      <trkpt lat="46.7305020" lon="9.9449767">
        <ele>2865.8</ele>
        <time>2026-09-15T12:17:03Z</time>
        <extensions>
          <gpxdata:distance>5188.79</gpxdata:distance>
          <gpxdata:speed>0.872</gpxdata:speed>
        </extensions>
      </trkpt>
      <trkpt lat="46.7305010" lon="9.9450027">
        <ele>2865.1</ele>
        <time>2026-09-15T12:17:05Z</time>
        <extensions>
          <gpxdata:distance>5190.77</gpxdata:distance>
          <gpxdata:speed>0.872</gpxdata:speed>
        </extensions>
      </trkpt>
      <trkpt lat="46.7305010" lon="9.9450287">
        <ele>2864.9</ele>
        <time>2026-09-15T12:17:08Z</time>
        <extensions>
          <gpxdata:distance>5192.75</gpxdata:distance>
          <gpxdata:speed>0.872</gpxdata:speed>
        </extensions>
      </trkpt>
      <trkpt lat="46.7305000" lon="9.9450547">
        <ele>2863.9</ele>
        <time>2026-09-15T12:17:10Z</time>
        <extensions>
          <gpxdata:distance>5194.74</gpxdata:distance>
          <gpxdata:speed>0.872</gpxdata:speed>
        </extensions>
      </trkpt>
      <trkpt lat="46.7304910" lon="9.9450547">
        <ele>2863.7</ele>
        <time>2026-09-15T12:17:11Z</time>
        <extensions>
          <gpxdata:distance>5195.74</gpxdata:distance>
          <gpxdata:speed>0.872</gpxdata:speed>
        </extensions>
      </trkpt>
      <trkpt lat="46.7304820" lon="9.9450537">
        <ele>2863.7</ele>
        <time>2026-09-15T12:17:12Z</time>
        <extensions>
          <gpxdata:distance>5196.74</gpxdata:distance>
          <gpxdata:speed>0.872</gpxdata:speed>
        </extensions>
      </trkpt>
      <trkpt lat="46.7304730" lon="9.9450667">
        <ele>2863.2</ele>
        <time>2026-09-15T12:17:14Z</time>
        <extensions>
          <gpxdata:distance>5198.15</gpxdata:distance>
          <gpxdata:speed>0.872</gpxdata:speed>
        </extensions>
      </trkpt>
      <trkpt lat="46.7304810" lon="9.9451067">
        <ele>2862.5</ele>
        <time>2026-09-15T12:17:17Z</time>
        <extensions>
          <gpxdata:distance>5201.32</gpxdata:distance>
          <gpxdata:speed>0.872</gpxdata:speed>
        </extensions>
      </trkpt>
      <trkpt lat="46.7304720" lon="9.9451187">
        <ele>2862.0</ele>
        <time>2026-09-15T12:17:19Z</time>
        <extensions>
          <gpxdata:distance>5202.68</gpxdata:distance>
          <gpxdata:speed>0.872</gpxdata:speed>
        </extensions>
      </trkpt>
      <trkpt lat="46.7304360" lon="9.9451047">
        <ele>2861.6</ele>
        <time>2026-09-15T12:17:24Z</time>
        <extensions>
          <gpxdata:distance>5206.82</gpxdata:distance>
          <gpxdata:speed>0.872</gpxdata:speed>
        </extensions>
      </trkpt>
      <trkpt lat="46.7304270" lon="9.9450907">
        <ele>2861.6</ele>
        <time>2026-09-15T12:17:25Z</time>
        <extensions>
          <gpxdata:distance>5208.29</gpxdata:distance>
          <gpxdata:speed>0.872</gpxdata:speed>
        </extensions>
      </trkpt>
      <trkpt lat="46.7304180" lon="9.9450907">
        <ele>2861.4</ele>
        <time>2026-09-15T12:17:26Z</time>
        <extensions>
          <gpxdata:distance>5209.29</gpxdata:distance>
          <gpxdata:speed>0.872</gpxdata:speed>
        </extensions>
      </trkpt>
      <trkpt lat="46.7304090" lon="9.9450897">
        <ele>2861.1</ele>
        <time>2026-09-15T12:17:28Z</time>
        <extensions>
          <gpxdata:distance>5210.29</gpxdata:distance>
          <gpxdata:speed>0.899</gpxdata:speed>
        </extensions>
      </trkpt>
      <trkpt lat="46.7303340" lon="9.9452697">
        <ele>2857.6</ele>
        <time>2026-09-15T12:17:46Z</time>
        <extensions>
          <gpxdata:distance>5226.35</gpxdata:distance>
          <gpxdata:speed>0.873</gpxdata:speed>
        </extensions>
      </trkpt>
      <trkpt lat="46.7303420" lon="9.9452827">
        <ele>2856.4</ele>
        <time>2026-09-15T12:17:48Z</time>
        <extensions>
          <gpxdata:distance>5227.68</gpxdata:distance>
          <gpxdata:speed>0.872</gpxdata:speed>
        </extensions>
      </trkpt>
      <trkpt lat="46.7303770" lon="9.9453237">
        <ele>2855.0</ele>
        <time>2026-09-15T12:17:53Z</time>
        <extensions>
          <gpxdata:distance>5232.67</gpxdata:distance>
          <gpxdata:speed>0.872</gpxdata:speed>
        </extensions>
      </trkpt>
      <trkpt lat="46.7304210" lon="9.9454047">
        <ele>2852.2</ele>
        <time>2026-09-15T12:18:02Z</time>
        <extensions>
          <gpxdata:distance>5240.55</gpxdata:distance>
          <gpxdata:speed>0.872</gpxdata:speed>
        </extensions>
      </trkpt>
      <trkpt lat="46.7304470" lon="9.9454447">
        <ele>2851.3</ele>
        <time>2026-09-15T12:18:07Z</time>
        <extensions>
          <gpxdata:distance>5244.75</gpxdata:distance>
          <gpxdata:speed>0.872</gpxdata:speed>
        </extensions>
      </trkpt>
      <trkpt lat="46.7304990" lon="9.9454997">
        <ele>2849.1</ele>
        <time>2026-09-15T12:18:15Z</time>
        <extensions>
          <gpxdata:distance>5251.89</gpxdata:distance>
          <gpxdata:speed>0.872</gpxdata:speed>
        </extensions>
      </trkpt>
      <trkpt lat="46.7304990" lon="9.9455257">
        <ele>2848.7</ele>
        <time>2026-09-15T12:18:18Z</time>
        <extensions>
          <gpxdata:distance>5253.87</gpxdata:distance>
          <gpxdata:speed>0.872</gpxdata:speed>
        </extensions>
      </trkpt>
      <trkpt lat="46.7304530" lon="9.9455497">
        <ele>2847.2</ele>
        <time>2026-09-15T12:18:24Z</time>
        <extensions>
          <gpxdata:distance>5259.30</gpxdata:distance>
          <gpxdata:speed>0.872</gpxdata:speed>
        </extensions>
      </trkpt>
      <trkpt lat="46.7303980" lon="9.9455997">
        <ele>2844.7</ele>
        <time>2026-09-15T12:18:32Z</time>
        <extensions>
          <gpxdata:distance>5266.51</gpxdata:distance>
          <gpxdata:speed>0.872</gpxdata:speed>
        </extensions>
      </trkpt>
      <trkpt lat="46.7303980" lon="9.9456127">
        <ele>2843.8</ele>
        <time>2026-09-15T12:18:33Z</time>
        <extensions>
          <gpxdata:distance>5267.50</gpxdata:distance>
          <gpxdata:speed>0.872</gpxdata:speed>
        </extensions>
      </trkpt>
      <trkpt lat="46.7304070" lon="9.9456267">
        <ele>2843.8</ele>
        <time>2026-09-15T12:18:35Z</time>
        <extensions>
          <gpxdata:distance>5268.96</gpxdata:distance>
          <gpxdata:speed>0.872</gpxdata:speed>
        </extensions>
      </trkpt>
      <trkpt lat="46.7304330" lon="9.9456667">
        <ele>2842.6</ele>
        <time>2026-09-15T12:18:40Z</time>
        <extensions>
          <gpxdata:distance>5273.16</gpxdata:distance>
          <gpxdata:speed>0.872</gpxdata:speed>
        </extensions>
      </trkpt>
      <trkpt lat="46.7304590" lon="9.9456947">
        <ele>2841.5</ele>
        <time>2026-09-15T12:18:44Z</time>
        <extensions>
          <gpxdata:distance>5276.76</gpxdata:distance>
          <gpxdata:speed>0.872</gpxdata:speed>
        </extensions>
      </trkpt>
      <trkpt lat="46.7304750" lon="9.9457737">
        <ele>2838.9</ele>
        <time>2026-09-15T12:18:51Z</time>
        <extensions>
          <gpxdata:distance>5283.04</gpxdata:distance>
          <gpxdata:speed>0.872</gpxdata:speed>
        </extensions>
      </trkpt>
      <trkpt lat="46.7305091" lon="9.9458667">
        <ele>2836.8</ele>
        <time>2026-09-15T12:19:00Z</time>
        <extensions>
          <gpxdata:distance>5291.07</gpxdata:distance>
          <gpxdata:speed>0.872</gpxdata:speed>
        </extensions>
      </trkpt>
      <trkpt lat="46.7305091" lon="9.9458797">
        <ele>2836.8</ele>
        <time>2026-09-15T12:19:01Z</time>
        <extensions>
          <gpxdata:distance>5292.06</gpxdata:distance>
          <gpxdata:speed>0.872</gpxdata:speed>
        </extensions>
      </trkpt>
      <trkpt lat="46.7305001" lon="9.9458927">
        <ele>2836.3</ele>
        <time>2026-09-15T12:19:03Z</time>
        <extensions>
          <gpxdata:distance>5293.47</gpxdata:distance>
          <gpxdata:speed>0.872</gpxdata:speed>
        </extensions>
      </trkpt>
      <trkpt lat="46.7304731" lon="9.9458917">
        <ele>2835.6</ele>
        <time>2026-09-15T12:19:06Z</time>
        <extensions>
          <gpxdata:distance>5296.48</gpxdata:distance>
          <gpxdata:speed>0.872</gpxdata:speed>
        </extensions>
      </trkpt>
      <trkpt lat="46.7304461" lon="9.9459027">
        <ele>2834.4</ele>
        <time>2026-09-15T12:19:10Z</time>
        <extensions>
          <gpxdata:distance>5299.59</gpxdata:distance>
          <gpxdata:speed>0.872</gpxdata:speed>
        </extensions>
      </trkpt>
      <trkpt lat="46.7304101" lon="9.9459017">
        <ele>2832.6</ele>
        <time>2026-09-15T12:19:15Z</time>
        <extensions>
          <gpxdata:distance>5303.60</gpxdata:distance>
          <gpxdata:speed>0.872</gpxdata:speed>
        </extensions>
      </trkpt>
      <trkpt lat="46.7303821" lon="9.9459137">
        <ele>2832.1</ele>
        <time>2026-09-15T12:19:18Z</time>
        <extensions>
          <gpxdata:distance>5306.84</gpxdata:distance>
          <gpxdata:speed>0.872</gpxdata:speed>
        </extensions>
      </trkpt>
      <trkpt lat="46.7303731" lon="9.9459127">
        <ele>2831.4</ele>
        <time>2026-09-15T12:19:19Z</time>
        <extensions>
          <gpxdata:distance>5307.85</gpxdata:distance>
          <gpxdata:speed>0.872</gpxdata:speed>
        </extensions>
      </trkpt>
      <trkpt lat="46.7303821" lon="9.9459397">
        <ele>2831.2</ele>
        <time>2026-09-15T12:19:22Z</time>
        <extensions>
          <gpxdata:distance>5310.13</gpxdata:distance>
          <gpxdata:speed>0.872</gpxdata:speed>
        </extensions>
      </trkpt>
      <trkpt lat="46.7303821" lon="9.9459527">
        <ele>2830.5</ele>
        <time>2026-09-15T12:19:23Z</time>
        <extensions>
          <gpxdata:distance>5311.12</gpxdata:distance>
          <gpxdata:speed>0.872</gpxdata:speed>
        </extensions>
      </trkpt>
      <trkpt lat="46.7304241" lon="9.9460457">
        <ele>2828.0</ele>
        <time>2026-09-15T12:19:33Z</time>
        <extensions>
          <gpxdata:distance>5319.61</gpxdata:distance>
          <gpxdata:speed>0.872</gpxdata:speed>
        </extensions>
      </trkpt>
      <trkpt lat="46.7304491" lon="9.9461387">
        <ele>2824.8</ele>
        <time>2026-09-15T12:19:42Z</time>
        <extensions>
          <gpxdata:distance>5327.23</gpxdata:distance>
          <gpxdata:speed>0.872</gpxdata:speed>
        </extensions>
      </trkpt>
      <trkpt lat="46.7304751" lon="9.9461927">
        <ele>2823.2</ele>
        <time>2026-09-15T12:19:47Z</time>
        <extensions>
          <gpxdata:distance>5332.26</gpxdata:distance>
          <gpxdata:speed>0.872</gpxdata:speed>
        </extensions>
      </trkpt>
      <trkpt lat="46.7304841" lon="9.9462187">
        <ele>2822.6</ele>
        <time>2026-09-15T12:19:50Z</time>
        <extensions>
          <gpxdata:distance>5334.48</gpxdata:distance>
          <gpxdata:speed>0.872</gpxdata:speed>
        </extensions>
      </trkpt>
      <trkpt lat="46.7304911" lon="9.9462847">
        <ele>2821.3</ele>
        <time>2026-09-15T12:19:56Z</time>
        <extensions>
          <gpxdata:distance>5339.57</gpxdata:distance>
          <gpxdata:speed>0.872</gpxdata:speed>
        </extensions>
      </trkpt>
      <trkpt lat="46.7305171" lon="9.9463517">
        <ele>2820.3</ele>
        <time>2026-09-15T12:20:03Z</time>
        <extensions>
          <gpxdata:distance>5345.43</gpxdata:distance>
          <gpxdata:speed>0.872</gpxdata:speed>
        </extensions>
      </trkpt>
      <trkpt lat="46.7305251" lon="9.9463907">
        <ele>2819.7</ele>
        <time>2026-09-15T12:20:06Z</time>
        <extensions>
          <gpxdata:distance>5348.54</gpxdata:distance>
          <gpxdata:speed>0.872</gpxdata:speed>
        </extensions>
      </trkpt>
      <trkpt lat="46.7305331" lon="9.9464177">
        <ele>2819.7</ele>
        <time>2026-09-15T12:20:09Z</time>
        <extensions>
          <gpxdata:distance>5350.78</gpxdata:distance>
          <gpxdata:speed>0.872</gpxdata:speed>
        </extensions>
      </trkpt>
      <trkpt lat="46.7305591" lon="9.9464717">
        <ele>2818.1</ele>
        <time>2026-09-15T12:20:14Z</time>
        <extensions>
          <gpxdata:distance>5355.81</gpxdata:distance>
          <gpxdata:speed>0.872</gpxdata:speed>
        </extensions>
      </trkpt>
      <trkpt lat="46.7305401" lon="9.9465357">
        <ele>2816.5</ele>
        <time>2026-09-15T12:20:21Z</time>
        <extensions>
          <gpxdata:distance>5361.12</gpxdata:distance>
          <gpxdata:speed>0.872</gpxdata:speed>
        </extensions>
      </trkpt>
      <trkpt lat="46.7305391" lon="9.9465877">
        <ele>2815.2</ele>
        <time>2026-09-15T12:20:25Z</time>
        <extensions>
          <gpxdata:distance>5365.09</gpxdata:distance>
          <gpxdata:speed>0.872</gpxdata:speed>
        </extensions>
      </trkpt>
      <trkpt lat="46.7305371" lon="9.9466667">
        <ele>2813.5</ele>
        <time>2026-09-15T12:20:32Z</time>
        <extensions>
          <gpxdata:distance>5371.11</gpxdata:distance>
          <gpxdata:speed>0.872</gpxdata:speed>
        </extensions>
      </trkpt>
      <trkpt lat="46.7305531" lon="9.9467457">
        <ele>2811.3</ele>
        <time>2026-09-15T12:20:39Z</time>
        <extensions>
          <gpxdata:distance>5377.39</gpxdata:distance>
          <gpxdata:speed>0.872</gpxdata:speed>
        </extensions>
      </trkpt>
      <trkpt lat="46.7305511" lon="9.9468377">
        <ele>2809.0</ele>
        <time>2026-09-15T12:20:47Z</time>
        <extensions>
          <gpxdata:distance>5384.41</gpxdata:distance>
          <gpxdata:speed>0.872</gpxdata:speed>
        </extensions>
      </trkpt>
      <trkpt lat="46.7305761" lon="9.9469167">
        <ele>2807.7</ele>
        <time>2026-09-15T12:20:55Z</time>
        <extensions>
          <gpxdata:distance>5391.04</gpxdata:distance>
          <gpxdata:speed>0.872</gpxdata:speed>
        </extensions>
      </trkpt>
      <trkpt lat="46.7305931" lon="9.9469567">
        <ele>2806.8</ele>
        <time>2026-09-15T12:20:59Z</time>
        <extensions>
          <gpxdata:distance>5394.63</gpxdata:distance>
          <gpxdata:speed>0.872</gpxdata:speed>
        </extensions>
      </trkpt>
      <trkpt lat="46.7306091" lon="9.9470497">
        <ele>2805.9</ele>
        <time>2026-09-15T12:21:07Z</time>
        <extensions>
          <gpxdata:distance>5401.94</gpxdata:distance>
          <gpxdata:speed>0.872</gpxdata:speed>
        </extensions>
      </trkpt>
      <trkpt lat="46.7306361" lon="9.9470897">
        <ele>2805.2</ele>
        <time>2026-09-15T12:21:12Z</time>
        <extensions>
          <gpxdata:distance>5406.21</gpxdata:distance>
          <gpxdata:speed>0.872</gpxdata:speed>
        </extensions>
      </trkpt>
      <trkpt lat="46.7306441" lon="9.9471167">
        <ele>2805.0</ele>
        <time>2026-09-15T12:21:15Z</time>
        <extensions>
          <gpxdata:distance>5408.46</gpxdata:distance>
          <gpxdata:speed>0.872</gpxdata:speed>
        </extensions>
      </trkpt>
      <trkpt lat="46.7306871" lon="9.9472097">
        <ele>2803.4</ele>
        <time>2026-09-15T12:21:25Z</time>
        <extensions>
          <gpxdata:distance>5417.01</gpxdata:distance>
          <gpxdata:speed>0.872</gpxdata:speed>
        </extensions>
      </trkpt>
      <trkpt lat="46.7307301" lon="9.9473037">
        <ele>2802.1</ele>
        <time>2026-09-15T12:21:35Z</time>
        <extensions>
          <gpxdata:distance>5425.62</gpxdata:distance>
          <gpxdata:speed>0.872</gpxdata:speed>
        </extensions>
      </trkpt>
      <trkpt lat="46.7307301" lon="9.9473037">
        <ele>2802.1</ele>
        <time>2026-09-15T12:21:35Z</time>
        <extensions>
          <gpxdata:distance>5425.62</gpxdata:distance>
          <gpxdata:speed>0.000</gpxdata:speed>
        </extensions>
      </trkpt>
      <trkpt lat="46.7308331" lon="9.9475177">
        <ele>2798.9</ele>
        <time>2026-09-15T12:21:56Z</time>
        <extensions>
          <gpxdata:distance>5445.55</gpxdata:distance>
          <gpxdata:speed>0.919</gpxdata:speed>
        </extensions>
      </trkpt>
      <trkpt lat="46.7308421" lon="9.9475447">
        <ele>2798.6</ele>
        <time>2026-09-15T12:21:59Z</time>
        <extensions>
          <gpxdata:distance>5447.84</gpxdata:distance>
          <gpxdata:speed>0.926</gpxdata:speed>
        </extensions>
      </trkpt>
      <trkpt lat="46.7309021" lon="9.9476517">
        <ele>2796.2</ele>
        <time>2026-09-15T12:22:10Z</time>
        <extensions>
          <gpxdata:distance>5458.37</gpxdata:distance>
          <gpxdata:speed>0.918</gpxdata:speed>
        </extensions>
      </trkpt>
      <trkpt lat="46.7309361" lon="9.9477327">
        <ele>2794.5</ele>
        <time>2026-09-15T12:22:18Z</time>
        <extensions>
          <gpxdata:distance>5465.61</gpxdata:distance>
          <gpxdata:speed>0.900</gpxdata:speed>
        </extensions>
      </trkpt>
      <trkpt lat="46.7309711" lon="9.9477867">
        <ele>2793.4</ele>
        <time>2026-09-15T12:22:25Z</time>
        <extensions>
          <gpxdata:distance>5471.28</gpxdata:distance>
          <gpxdata:speed>0.897</gpxdata:speed>
        </extensions>
      </trkpt>
      <trkpt lat="46.7310061" lon="9.9478397">
        <ele>2792.8</ele>
        <time>2026-09-15T12:22:31Z</time>
        <extensions>
          <gpxdata:distance>5476.89</gpxdata:distance>
          <gpxdata:speed>0.901</gpxdata:speed>
        </extensions>
      </trkpt>
      <trkpt lat="46.7310221" lon="9.9479457">
        <ele>2791.5</ele>
        <time>2026-09-15T12:22:40Z</time>
        <extensions>
          <gpxdata:distance>5485.16</gpxdata:distance>
          <gpxdata:speed>0.906</gpxdata:speed>
        </extensions>
      </trkpt>
      <trkpt lat="46.7310551" lon="9.9480777">
        <ele>2788.7</ele>
        <time>2026-09-15T12:22:52Z</time>
        <extensions>
          <gpxdata:distance>5495.87</gpxdata:distance>
          <gpxdata:speed>0.884</gpxdata:speed>
        </extensions>
      </trkpt>
      <trkpt lat="46.7310361" lon="9.9481037">
        <ele>2788.1</ele>
        <time>2026-09-15T12:22:55Z</time>
        <extensions>
          <gpxdata:distance>5498.76</gpxdata:distance>
          <gpxdata:speed>0.884</gpxdata:speed>
        </extensions>
      </trkpt>
      <trkpt lat="46.7310271" lon="9.9481157">
        <ele>2787.4</ele>
        <time>2026-09-15T12:22:57Z</time>
        <extensions>
          <gpxdata:distance>5500.12</gpxdata:distance>
          <gpxdata:speed>0.872</gpxdata:speed>
        </extensions>
      </trkpt>
      <trkpt lat="46.7310531" lon="9.9481697">
        <ele>2786.4</ele>
        <time>2026-09-15T12:23:03Z</time>
        <extensions>
          <gpxdata:distance>5505.15</gpxdata:distance>
          <gpxdata:speed>0.872</gpxdata:speed>
        </extensions>
      </trkpt>
      <trkpt lat="46.7310881" lon="9.9482107">
        <ele>2785.7</ele>
        <time>2026-09-15T12:23:08Z</time>
        <extensions>
          <gpxdata:distance>5510.14</gpxdata:distance>
          <gpxdata:speed>0.872</gpxdata:speed>
        </extensions>
      </trkpt>
      <trkpt lat="46.7310961" lon="9.9482367">
        <ele>2785.3</ele>
        <time>2026-09-15T12:23:11Z</time>
        <extensions>
          <gpxdata:distance>5512.31</gpxdata:distance>
          <gpxdata:speed>0.876</gpxdata:speed>
        </extensions>
      </trkpt>
      <trkpt lat="46.7311051" lon="9.9482637">
        <ele>2784.7</ele>
        <time>2026-09-15T12:23:13Z</time>
        <extensions>
          <gpxdata:distance>5514.60</gpxdata:distance>
          <gpxdata:speed>0.872</gpxdata:speed>
        </extensions>
      </trkpt>
      <trkpt lat="46.7311311" lon="9.9482777">
        <ele>2783.8</ele>
        <time>2026-09-15T12:23:17Z</time>
        <extensions>
          <gpxdata:distance>5517.68</gpxdata:distance>
          <gpxdata:speed>0.872</gpxdata:speed>
        </extensions>
      </trkpt>
      <trkpt lat="46.7311401" lon="9.9483047">
        <ele>2782.7</ele>
        <time>2026-09-15T12:23:20Z</time>
        <extensions>
          <gpxdata:distance>5519.97</gpxdata:distance>
          <gpxdata:speed>0.872</gpxdata:speed>
        </extensions>
      </trkpt>
      <trkpt lat="46.7311301" lon="9.9483307">
        <ele>2782.3</ele>
        <time>2026-09-15T12:23:22Z</time>
        <extensions>
          <gpxdata:distance>5522.24</gpxdata:distance>
          <gpxdata:speed>0.872</gpxdata:speed>
        </extensions>
      </trkpt>
      <trkpt lat="46.7310841" lon="9.9483807">
        <ele>2780.8</ele>
        <time>2026-09-15T12:23:30Z</time>
        <extensions>
          <gpxdata:distance>5528.62</gpxdata:distance>
          <gpxdata:speed>0.872</gpxdata:speed>
        </extensions>
      </trkpt>
      <trkpt lat="46.7310841" lon="9.9484067">
        <ele>2780.2</ele>
        <time>2026-09-15T12:23:32Z</time>
        <extensions>
          <gpxdata:distance>5530.60</gpxdata:distance>
          <gpxdata:speed>0.872</gpxdata:speed>
        </extensions>
      </trkpt>
      <trkpt lat="46.7310831" lon="9.9484327">
        <ele>2779.7</ele>
        <time>2026-09-15T12:23:34Z</time>
        <extensions>
          <gpxdata:distance>5532.59</gpxdata:distance>
          <gpxdata:speed>0.872</gpxdata:speed>
        </extensions>
      </trkpt>
      <trkpt lat="46.7311181" lon="9.9484607">
        <ele>2779.1</ele>
        <time>2026-09-15T12:23:39Z</time>
        <extensions>
          <gpxdata:distance>5537.03</gpxdata:distance>
          <gpxdata:speed>0.872</gpxdata:speed>
        </extensions>
      </trkpt>
      <trkpt lat="46.7311361" lon="9.9484877">
        <ele>2778.5</ele>
        <time>2026-09-15T12:23:42Z</time>
        <extensions>
          <gpxdata:distance>5539.90</gpxdata:distance>
          <gpxdata:speed>0.872</gpxdata:speed>
        </extensions>
      </trkpt>
      <trkpt lat="46.7311361" lon="9.9484877">
        <ele>2778.5</ele>
        <time>2026-09-15T12:23:42Z</time>
        <extensions>
          <gpxdata:distance>5539.90</gpxdata:distance>
          <gpxdata:speed>0.000</gpxdata:speed>
        </extensions>
      </trkpt>
      <trkpt lat="46.7311621" lon="9.9485407">
        <ele>2777.2</ele>
        <time>2026-09-15T12:23:48Z</time>
        <extensions>
          <gpxdata:distance>5544.86</gpxdata:distance>
          <gpxdata:speed>0.872</gpxdata:speed>
        </extensions>
      </trkpt>
      <trkpt lat="46.7311951" lon="9.9486607">
        <ele>2774.8</ele>
        <time>2026-09-15T12:23:59Z</time>
        <extensions>
          <gpxdata:distance>5554.72</gpxdata:distance>
          <gpxdata:speed>0.872</gpxdata:speed>
        </extensions>
      </trkpt>
      <trkpt lat="46.7312031" lon="9.9487137">
        <ele>2773.8</ele>
        <time>2026-09-15T12:24:04Z</time>
        <extensions>
          <gpxdata:distance>5558.86</gpxdata:distance>
          <gpxdata:speed>0.872</gpxdata:speed>
        </extensions>
      </trkpt>
      <trkpt lat="46.7312201" lon="9.9487537">
        <ele>2772.7</ele>
        <time>2026-09-15T12:24:08Z</time>
        <extensions>
          <gpxdata:distance>5562.44</gpxdata:distance>
          <gpxdata:speed>0.872</gpxdata:speed>
        </extensions>
      </trkpt>
      <trkpt lat="46.7312361" lon="9.9488458">
        <ele>2771.0</ele>
        <time>2026-09-15T12:24:17Z</time>
        <extensions>
          <gpxdata:distance>5569.68</gpxdata:distance>
          <gpxdata:speed>0.872</gpxdata:speed>
        </extensions>
      </trkpt>
      <trkpt lat="46.7312611" lon="9.9489388">
        <ele>2768.9</ele>
        <time>2026-09-15T12:24:25Z</time>
        <extensions>
          <gpxdata:distance>5577.30</gpxdata:distance>
          <gpxdata:speed>0.872</gpxdata:speed>
        </extensions>
      </trkpt>
      <trkpt lat="46.7312871" lon="9.9489788">
        <ele>2767.6</ele>
        <time>2026-09-15T12:24:30Z</time>
        <extensions>
          <gpxdata:distance>5581.50</gpxdata:distance>
          <gpxdata:speed>0.872</gpxdata:speed>
        </extensions>
      </trkpt>
      <trkpt lat="46.7313041" lon="9.9490188">
        <ele>2766.5</ele>
        <time>2026-09-15T12:24:34Z</time>
        <extensions>
          <gpxdata:distance>5585.09</gpxdata:distance>
          <gpxdata:speed>0.872</gpxdata:speed>
        </extensions>
      </trkpt>
      <trkpt lat="46.7313391" lon="9.9490728">
        <ele>2764.4</ele>
        <time>2026-09-15T12:24:41Z</time>
        <extensions>
          <gpxdata:distance>5590.75</gpxdata:distance>
          <gpxdata:speed>0.872</gpxdata:speed>
        </extensions>
      </trkpt>
      <trkpt lat="46.7313371" lon="9.9491518">
        <ele>2761.8</ele>
        <time>2026-09-15T12:24:48Z</time>
        <extensions>
          <gpxdata:distance>5596.78</gpxdata:distance>
          <gpxdata:speed>0.872</gpxdata:speed>
        </extensions>
      </trkpt>
      <trkpt lat="46.7313721" lon="9.9492188">
        <ele>2759.5</ele>
        <time>2026-09-15T12:24:55Z</time>
        <extensions>
          <gpxdata:distance>5603.20</gpxdata:distance>
          <gpxdata:speed>0.872</gpxdata:speed>
        </extensions>
      </trkpt>
      <trkpt lat="46.7313981" lon="9.9492328">
        <ele>2758.6</ele>
        <time>2026-09-15T12:24:59Z</time>
        <extensions>
          <gpxdata:distance>5606.28</gpxdata:distance>
          <gpxdata:speed>0.872</gpxdata:speed>
        </extensions>
      </trkpt>
      <trkpt lat="46.7314151" lon="9.9492728">
        <ele>2757.1</ele>
        <time>2026-09-15T12:25:03Z</time>
        <extensions>
          <gpxdata:distance>5609.86</gpxdata:distance>
          <gpxdata:speed>0.872</gpxdata:speed>
        </extensions>
      </trkpt>
      <trkpt lat="46.7314061" lon="9.9492988">
        <ele>2756.3</ele>
        <time>2026-09-15T12:25:05Z</time>
        <extensions>
          <gpxdata:distance>5612.08</gpxdata:distance>
          <gpxdata:speed>0.872</gpxdata:speed>
        </extensions>
      </trkpt>
      <trkpt lat="46.7313871" lon="9.9493368">
        <ele>2755.2</ele>
        <time>2026-09-15T12:25:09Z</time>
        <extensions>
          <gpxdata:distance>5615.67</gpxdata:distance>
          <gpxdata:speed>0.872</gpxdata:speed>
        </extensions>
      </trkpt>
      <trkpt lat="46.7313961" lon="9.9493378">
        <ele>2754.8</ele>
        <time>2026-09-15T12:25:11Z</time>
        <extensions>
          <gpxdata:distance>5616.67</gpxdata:distance>
          <gpxdata:speed>0.872</gpxdata:speed>
        </extensions>
      </trkpt>
      <trkpt lat="46.7314581" lon="9.9493668">
        <ele>2753.3</ele>
        <time>2026-09-15T12:25:19Z</time>
        <extensions>
          <gpxdata:distance>5623.91</gpxdata:distance>
          <gpxdata:speed>0.872</gpxdata:speed>
        </extensions>
      </trkpt>
      <trkpt lat="46.7314761" lon="9.9493808">
        <ele>2752.6</ele>
        <time>2026-09-15T12:25:21Z</time>
        <extensions>
          <gpxdata:distance>5626.18</gpxdata:distance>
          <gpxdata:speed>0.872</gpxdata:speed>
        </extensions>
      </trkpt>
      <trkpt lat="46.7314851" lon="9.9494068">
        <ele>2751.8</ele>
        <time>2026-09-15T12:25:24Z</time>
        <extensions>
          <gpxdata:distance>5628.40</gpxdata:distance>
          <gpxdata:speed>0.872</gpxdata:speed>
        </extensions>
      </trkpt>
      <trkpt lat="46.7314751" lon="9.9494198">
        <ele>2751.6</ele>
        <time>2026-09-15T12:25:26Z</time>
        <extensions>
          <gpxdata:distance>5629.89</gpxdata:distance>
          <gpxdata:speed>0.872</gpxdata:speed>
        </extensions>
      </trkpt>
      <trkpt lat="46.7314661" lon="9.9494458">
        <ele>2751.1</ele>
        <time>2026-09-15T12:25:28Z</time>
        <extensions>
          <gpxdata:distance>5632.11</gpxdata:distance>
          <gpxdata:speed>0.872</gpxdata:speed>
        </extensions>
      </trkpt>
      <trkpt lat="46.7314651" lon="9.9494588">
        <ele>2750.7</ele>
        <time>2026-09-15T12:25:29Z</time>
        <extensions>
          <gpxdata:distance>5633.11</gpxdata:distance>
          <gpxdata:speed>0.872</gpxdata:speed>
        </extensions>
      </trkpt>
      <trkpt lat="46.7315011" lon="9.9494738">
        <ele>2749.0</ele>
        <time>2026-09-15T12:25:34Z</time>
        <extensions>
          <gpxdata:distance>5637.27</gpxdata:distance>
          <gpxdata:speed>0.872</gpxdata:speed>
        </extensions>
      </trkpt>
      <trkpt lat="46.7315271" lon="9.9495008">
        <ele>2747.5</ele>
        <time>2026-09-15T12:25:38Z</time>
        <extensions>
          <gpxdata:distance>5640.82</gpxdata:distance>
          <gpxdata:speed>0.872</gpxdata:speed>
        </extensions>
      </trkpt>
      <trkpt lat="46.7315361" lon="9.9495268">
        <ele>2747.1</ele>
        <time>2026-09-15T12:25:41Z</time>
        <extensions>
          <gpxdata:distance>5643.04</gpxdata:distance>
          <gpxdata:speed>0.872</gpxdata:speed>
        </extensions>
      </trkpt>
      <trkpt lat="46.7315181" lon="9.9495398">
        <ele>2746.4</ele>
        <time>2026-09-15T12:25:43Z</time>
        <extensions>
          <gpxdata:distance>5645.27</gpxdata:distance>
          <gpxdata:speed>0.872</gpxdata:speed>
        </extensions>
      </trkpt>
      <trkpt lat="46.7315171" lon="9.9495658">
        <ele>2746.0</ele>
        <time>2026-09-15T12:25:46Z</time>
        <extensions>
          <gpxdata:distance>5647.26</gpxdata:distance>
          <gpxdata:speed>0.872</gpxdata:speed>
        </extensions>
      </trkpt>
      <trkpt lat="46.7315611" lon="9.9495938">
        <ele>2744.6</ele>
        <time>2026-09-15T12:25:52Z</time>
        <extensions>
          <gpxdata:distance>5652.60</gpxdata:distance>
          <gpxdata:speed>0.872</gpxdata:speed>
        </extensions>
      </trkpt>
      <trkpt lat="46.7315701" lon="9.9496208">
        <ele>2743.8</ele>
        <time>2026-09-15T12:25:54Z</time>
        <extensions>
          <gpxdata:distance>5654.88</gpxdata:distance>
          <gpxdata:speed>0.872</gpxdata:speed>
        </extensions>
      </trkpt>
      <trkpt lat="46.7316051" lon="9.9496488">
        <ele>2742.1</ele>
        <time>2026-09-15T12:25:59Z</time>
        <extensions>
          <gpxdata:distance>5659.32</gpxdata:distance>
          <gpxdata:speed>0.872</gpxdata:speed>
        </extensions>
      </trkpt>
      <trkpt lat="46.7316221" lon="9.9497018">
        <ele>2741.0</ele>
        <time>2026-09-15T12:26:05Z</time>
        <extensions>
          <gpxdata:distance>5663.78</gpxdata:distance>
          <gpxdata:speed>0.872</gpxdata:speed>
        </extensions>
      </trkpt>
      <trkpt lat="46.7316301" lon="9.9497278">
        <ele>2739.9</ele>
        <time>2026-09-15T12:26:07Z</time>
        <extensions>
          <gpxdata:distance>5665.95</gpxdata:distance>
          <gpxdata:speed>0.872</gpxdata:speed>
        </extensions>
      </trkpt>
      <trkpt lat="46.7316121" lon="9.9497668">
        <ele>2738.2</ele>
        <time>2026-09-15T12:26:11Z</time>
        <extensions>
          <gpxdata:distance>5669.54</gpxdata:distance>
          <gpxdata:speed>0.872</gpxdata:speed>
        </extensions>
      </trkpt>
      <trkpt lat="46.7316111" lon="9.9498058">
        <ele>2736.9</ele>
        <time>2026-09-15T12:26:15Z</time>
        <extensions>
          <gpxdata:distance>5672.51</gpxdata:distance>
          <gpxdata:speed>0.872</gpxdata:speed>
        </extensions>
      </trkpt>
      <trkpt lat="46.7316561" lon="9.9498078">
        <ele>2735.5</ele>
        <time>2026-09-15T12:26:20Z</time>
        <extensions>
          <gpxdata:distance>5677.52</gpxdata:distance>
          <gpxdata:speed>0.872</gpxdata:speed>
        </extensions>
      </trkpt>
      <trkpt lat="46.7316731" lon="9.9498218">
        <ele>2734.4</ele>
        <time>2026-09-15T12:26:23Z</time>
        <extensions>
          <gpxdata:distance>5679.69</gpxdata:distance>
          <gpxdata:speed>0.872</gpxdata:speed>
        </extensions>
      </trkpt>
      <trkpt lat="46.7316821" lon="9.9498478">
        <ele>2733.5</ele>
        <time>2026-09-15T12:26:25Z</time>
        <extensions>
          <gpxdata:distance>5681.91</gpxdata:distance>
          <gpxdata:speed>0.872</gpxdata:speed>
        </extensions>
      </trkpt>
      <trkpt lat="46.7316721" lon="9.9498868">
        <ele>2732.2</ele>
        <time>2026-09-15T12:26:29Z</time>
        <extensions>
          <gpxdata:distance>5685.08</gpxdata:distance>
          <gpxdata:speed>0.872</gpxdata:speed>
        </extensions>
      </trkpt>
      <trkpt lat="46.7316811" lon="9.9499008">
        <ele>2731.4</ele>
        <time>2026-09-15T12:26:31Z</time>
        <extensions>
          <gpxdata:distance>5686.54</gpxdata:distance>
          <gpxdata:speed>0.872</gpxdata:speed>
        </extensions>
      </trkpt>
      <trkpt lat="46.7317161" lon="9.9499148">
        <ele>2730.3</ele>
        <time>2026-09-15T12:26:35Z</time>
        <extensions>
          <gpxdata:distance>5690.58</gpxdata:distance>
          <gpxdata:speed>0.872</gpxdata:speed>
        </extensions>
      </trkpt>
      <trkpt lat="46.7317061" lon="9.9499668">
        <ele>2729.0</ele>
        <time>2026-09-15T12:26:40Z</time>
        <extensions>
          <gpxdata:distance>5694.70</gpxdata:distance>
          <gpxdata:speed>0.872</gpxdata:speed>
        </extensions>
      </trkpt>
      <trkpt lat="46.7317421" lon="9.9499688">
        <ele>2728.0</ele>
        <time>2026-09-15T12:26:45Z</time>
        <extensions>
          <gpxdata:distance>5698.70</gpxdata:distance>
          <gpxdata:speed>0.872</gpxdata:speed>
        </extensions>
      </trkpt>
      <trkpt lat="46.7317601" lon="9.9499958">
        <ele>2727.1</ele>
        <time>2026-09-15T12:26:48Z</time>
        <extensions>
          <gpxdata:distance>5701.57</gpxdata:distance>
          <gpxdata:speed>0.872</gpxdata:speed>
        </extensions>
      </trkpt>
      <trkpt lat="46.7317501" lon="9.9500088">
        <ele>2726.7</ele>
        <time>2026-09-15T12:26:50Z</time>
        <extensions>
          <gpxdata:distance>5703.06</gpxdata:distance>
          <gpxdata:speed>0.872</gpxdata:speed>
        </extensions>
      </trkpt>
      <trkpt lat="46.7317321" lon="9.9500338">
        <ele>2726.3</ele>
        <time>2026-09-15T12:26:53Z</time>
        <extensions>
          <gpxdata:distance>5705.83</gpxdata:distance>
          <gpxdata:speed>0.872</gpxdata:speed>
        </extensions>
      </trkpt>
      <trkpt lat="46.7317851" lon="9.9500498">
        <ele>2724.6</ele>
        <time>2026-09-15T12:27:00Z</time>
        <extensions>
          <gpxdata:distance>5711.84</gpxdata:distance>
          <gpxdata:speed>0.872</gpxdata:speed>
        </extensions>
      </trkpt>
      <trkpt lat="46.7318301" lon="9.9500778">
        <ele>2723.3</ele>
        <time>2026-09-15T12:27:06Z</time>
        <extensions>
          <gpxdata:distance>5717.28</gpxdata:distance>
          <gpxdata:speed>0.872</gpxdata:speed>
        </extensions>
      </trkpt>
      <trkpt lat="46.7318461" lon="9.9501568">
        <ele>2721.6</ele>
        <time>2026-09-15T12:27:13Z</time>
        <extensions>
          <gpxdata:distance>5723.56</gpxdata:distance>
          <gpxdata:speed>0.872</gpxdata:speed>
        </extensions>
      </trkpt>
      <trkpt lat="46.7318901" lon="9.9502118">
        <ele>2720.3</ele>
        <time>2026-09-15T12:27:21Z</time>
        <extensions>
          <gpxdata:distance>5730.00</gpxdata:distance>
          <gpxdata:speed>0.872</gpxdata:speed>
        </extensions>
      </trkpt>
      <trkpt lat="46.7319251" lon="9.9502388">
        <ele>2719.2</ele>
        <time>2026-09-15T12:27:26Z</time>
        <extensions>
          <gpxdata:distance>5734.41</gpxdata:distance>
          <gpxdata:speed>0.872</gpxdata:speed>
        </extensions>
      </trkpt>
      <trkpt lat="46.7319701" lon="9.9502548">
        <ele>2718.2</ele>
        <time>2026-09-15T12:27:31Z</time>
        <extensions>
          <gpxdata:distance>5739.56</gpxdata:distance>
          <gpxdata:speed>0.872</gpxdata:speed>
        </extensions>
      </trkpt>
      <trkpt lat="46.7320041" lon="9.9503218">
        <ele>2716.4</ele>
        <time>2026-09-15T12:27:39Z</time>
        <extensions>
          <gpxdata:distance>5745.91</gpxdata:distance>
          <gpxdata:speed>0.872</gpxdata:speed>
        </extensions>
      </trkpt>
      <trkpt lat="46.7320111" lon="9.9504398">
        <ele>2712.6</ele>
        <time>2026-09-15T12:27:49Z</time>
        <extensions>
          <gpxdata:distance>5754.94</gpxdata:distance>
          <gpxdata:speed>0.872</gpxdata:speed>
        </extensions>
      </trkpt>
      <trkpt lat="46.7320011" lon="9.9504648">
        <ele>2711.5</ele>
        <time>2026-09-15T12:27:52Z</time>
        <extensions>
          <gpxdata:distance>5757.14</gpxdata:distance>
          <gpxdata:speed>0.872</gpxdata:speed>
        </extensions>
      </trkpt>
      <trkpt lat="46.7320631" lon="9.9505078">
        <ele>2708.3</ele>
        <time>2026-09-15T12:28:00Z</time>
        <extensions>
          <gpxdata:distance>5764.78</gpxdata:distance>
          <gpxdata:speed>0.872</gpxdata:speed>
        </extensions>
      </trkpt>
      <trkpt lat="46.7320531" lon="9.9505458">
        <ele>2707.3</ele>
        <time>2026-09-15T12:28:04Z</time>
        <extensions>
          <gpxdata:distance>5767.88</gpxdata:distance>
          <gpxdata:speed>0.872</gpxdata:speed>
        </extensions>
      </trkpt>
      <trkpt lat="46.7320801" lon="9.9505608">
        <ele>2706.3</ele>
        <time>2026-09-15T12:28:08Z</time>
        <extensions>
          <gpxdata:distance>5771.09</gpxdata:distance>
          <gpxdata:speed>0.872</gpxdata:speed>
        </extensions>
      </trkpt>
      <trkpt lat="46.7321071" lon="9.9505878">
        <ele>2704.8</ele>
        <time>2026-09-15T12:28:12Z</time>
        <extensions>
          <gpxdata:distance>5774.73</gpxdata:distance>
          <gpxdata:speed>0.872</gpxdata:speed>
        </extensions>
      </trkpt>
      <trkpt lat="46.7320881" lon="9.9505998">
        <ele>2704.4</ele>
        <time>2026-09-15T12:28:14Z</time>
        <extensions>
          <gpxdata:distance>5777.03</gpxdata:distance>
          <gpxdata:speed>0.872</gpxdata:speed>
        </extensions>
      </trkpt>
      <trkpt lat="46.7320881" lon="9.9506128">
        <ele>2704.1</ele>
        <time>2026-09-15T12:28:16Z</time>
        <extensions>
          <gpxdata:distance>5778.02</gpxdata:distance>
          <gpxdata:speed>0.872</gpxdata:speed>
        </extensions>
      </trkpt>
      <trkpt lat="46.7321231" lon="9.9506408">
        <ele>2703.0</ele>
        <time>2026-09-15T12:28:21Z</time>
        <extensions>
          <gpxdata:distance>5782.46</gpxdata:distance>
          <gpxdata:speed>0.872</gpxdata:speed>
        </extensions>
      </trkpt>
      <trkpt lat="46.7321411" lon="9.9506548">
        <ele>2702.2</ele>
        <time>2026-09-15T12:28:23Z</time>
        <extensions>
          <gpxdata:distance>5784.73</gpxdata:distance>
          <gpxdata:speed>0.872</gpxdata:speed>
        </extensions>
      </trkpt>
      <trkpt lat="46.7321771" lon="9.9506698">
        <ele>2700.8</ele>
        <time>2026-09-15T12:28:28Z</time>
        <extensions>
          <gpxdata:distance>5788.89</gpxdata:distance>
          <gpxdata:speed>0.872</gpxdata:speed>
        </extensions>
      </trkpt>
      <trkpt lat="46.7321671" lon="9.9506828">
        <ele>2700.4</ele>
        <time>2026-09-15T12:28:30Z</time>
        <extensions>
          <gpxdata:distance>5790.38</gpxdata:distance>
          <gpxdata:speed>0.872</gpxdata:speed>
        </extensions>
      </trkpt>
      <trkpt lat="46.7321571" lon="9.9507338">
        <ele>2698.6</ele>
        <time>2026-09-15T12:28:34Z</time>
        <extensions>
          <gpxdata:distance>5794.43</gpxdata:distance>
          <gpxdata:speed>0.872</gpxdata:speed>
        </extensions>
      </trkpt>
      <trkpt lat="46.7321931" lon="9.9507618">
        <ele>2697.2</ele>
        <time>2026-09-15T12:28:40Z</time>
        <extensions>
          <gpxdata:distance>5798.96</gpxdata:distance>
          <gpxdata:speed>0.872</gpxdata:speed>
        </extensions>
      </trkpt>
      <trkpt lat="46.7322281" lon="9.9507768">
        <ele>2696.4</ele>
        <time>2026-09-15T12:28:44Z</time>
        <extensions>
          <gpxdata:distance>5803.02</gpxdata:distance>
          <gpxdata:speed>0.872</gpxdata:speed>
        </extensions>
      </trkpt>
      <trkpt lat="46.7322561" lon="9.9507648">
        <ele>2697.4</ele>
        <time>2026-09-15T12:28:48Z</time>
        <extensions>
          <gpxdata:distance>5806.26</gpxdata:distance>
          <gpxdata:speed>0.872</gpxdata:speed>
        </extensions>
      </trkpt>
      <trkpt lat="46.7322911" lon="9.9507928">
        <ele>2697.2</ele>
        <time>2026-09-15T12:28:53Z</time>
        <extensions>
          <gpxdata:distance>5810.70</gpxdata:distance>
          <gpxdata:speed>0.872</gpxdata:speed>
        </extensions>
      </trkpt>
      <trkpt lat="46.7322911" lon="9.9507928">
        <ele>2697.2</ele>
        <time>2026-09-15T12:28:53Z</time>
        <extensions>
          <gpxdata:distance>5810.70</gpxdata:distance>
          <gpxdata:speed>0.000</gpxdata:speed>
        </extensions>
      </trkpt>
      <trkpt lat="46.7323261" lon="9.9508208">
        <ele>2697.7</ele>
        <time>2026-09-15T12:28:58Z</time>
        <extensions>
          <gpxdata:distance>5815.14</gpxdata:distance>
          <gpxdata:speed>0.938</gpxdata:speed>
        </extensions>
      </trkpt>
      <trkpt lat="46.7323441" lon="9.9508478">
        <ele>2697.8</ele>
        <time>2026-09-15T12:29:01Z</time>
        <extensions>
          <gpxdata:distance>5818.01</gpxdata:distance>
          <gpxdata:speed>0.897</gpxdata:speed>
        </extensions>
      </trkpt>
      <trkpt lat="46.7323961" lon="9.9509158">
        <ele>2694.5</ele>
        <time>2026-09-15T12:29:09Z</time>
        <extensions>
          <gpxdata:distance>5825.78</gpxdata:distance>
          <gpxdata:speed>0.917</gpxdata:speed>
        </extensions>
      </trkpt>
      <trkpt lat="46.7324131" lon="9.9509558">
        <ele>2693.1</ele>
        <time>2026-09-15T12:29:13Z</time>
        <extensions>
          <gpxdata:distance>5829.36</gpxdata:distance>
          <gpxdata:speed>0.930</gpxdata:speed>
        </extensions>
      </trkpt>
      <trkpt lat="46.7324571" lon="9.9510098">
        <ele>2691.5</ele>
        <time>2026-09-15T12:29:20Z</time>
        <extensions>
          <gpxdata:distance>5835.76</gpxdata:distance>
          <gpxdata:speed>0.933</gpxdata:speed>
        </extensions>
      </trkpt>
      <trkpt lat="46.7324571" lon="9.9510358">
        <ele>2690.6</ele>
        <time>2026-09-15T12:29:22Z</time>
        <extensions>
          <gpxdata:distance>5837.74</gpxdata:distance>
          <gpxdata:speed>0.917</gpxdata:speed>
        </extensions>
      </trkpt>
      <trkpt lat="46.7324561" lon="9.9510628">
        <ele>2690.0</ele>
        <time>2026-09-15T12:29:25Z</time>
        <extensions>
          <gpxdata:distance>5839.80</gpxdata:distance>
          <gpxdata:speed>0.872</gpxdata:speed>
        </extensions>
      </trkpt>
      <trkpt lat="46.7324471" lon="9.9510618">
        <ele>2690.0</ele>
        <time>2026-09-15T12:29:26Z</time>
        <extensions>
          <gpxdata:distance>5840.80</gpxdata:distance>
          <gpxdata:speed>0.872</gpxdata:speed>
        </extensions>
      </trkpt>
      <trkpt lat="46.7323581" lon="9.9510318">
        <ele>2686.1</ele>
        <time>2026-09-15T12:29:38Z</time>
        <extensions>
          <gpxdata:distance>5850.96</gpxdata:distance>
          <gpxdata:speed>0.872</gpxdata:speed>
        </extensions>
      </trkpt>
      <trkpt lat="46.7323481" lon="9.9510438">
        <ele>2685.3</ele>
        <time>2026-09-15T12:29:39Z</time>
        <extensions>
          <gpxdata:distance>5852.40</gpxdata:distance>
          <gpxdata:speed>0.872</gpxdata:speed>
        </extensions>
      </trkpt>
      <trkpt lat="46.7323661" lon="9.9510708">
        <ele>2685.0</ele>
        <time>2026-09-15T12:29:42Z</time>
        <extensions>
          <gpxdata:distance>5855.27</gpxdata:distance>
          <gpxdata:speed>0.872</gpxdata:speed>
        </extensions>
      </trkpt>
      <trkpt lat="46.7323751" lon="9.9510848">
        <ele>2684.6</ele>
        <time>2026-09-15T12:29:44Z</time>
        <extensions>
          <gpxdata:distance>5856.73</gpxdata:distance>
          <gpxdata:speed>0.872</gpxdata:speed>
        </extensions>
      </trkpt>
      <trkpt lat="46.7323741" lon="9.9510978">
        <ele>2684.2</ele>
        <time>2026-09-15T12:29:45Z</time>
        <extensions>
          <gpxdata:distance>5857.73</gpxdata:distance>
          <gpxdata:speed>0.872</gpxdata:speed>
        </extensions>
      </trkpt>
      <trkpt lat="46.7323481" lon="9.9510838">
        <ele>2683.6</ele>
        <time>2026-09-15T12:29:49Z</time>
        <extensions>
          <gpxdata:distance>5860.81</gpxdata:distance>
          <gpxdata:speed>0.872</gpxdata:speed>
        </extensions>
      </trkpt>
      <trkpt lat="46.7323381" lon="9.9510958">
        <ele>2683.3</ele>
        <time>2026-09-15T12:29:50Z</time>
        <extensions>
          <gpxdata:distance>5862.25</gpxdata:distance>
          <gpxdata:speed>0.872</gpxdata:speed>
        </extensions>
      </trkpt>
      <trkpt lat="46.7323381" lon="9.9511088">
        <ele>2682.9</ele>
        <time>2026-09-15T12:29:52Z</time>
        <extensions>
          <gpxdata:distance>5863.24</gpxdata:distance>
          <gpxdata:speed>0.872</gpxdata:speed>
        </extensions>
      </trkpt>
      <trkpt lat="46.7323821" lon="9.9511378">
        <ele>2681.4</ele>
        <time>2026-09-15T12:29:58Z</time>
        <extensions>
          <gpxdata:distance>5868.61</gpxdata:distance>
          <gpxdata:speed>0.872</gpxdata:speed>
        </extensions>
      </trkpt>
      <trkpt lat="46.7323911" lon="9.9511508">
        <ele>2681.0</ele>
        <time>2026-09-15T12:29:59Z</time>
        <extensions>
          <gpxdata:distance>5870.02</gpxdata:distance>
          <gpxdata:speed>0.872</gpxdata:speed>
        </extensions>
      </trkpt>
      <trkpt lat="46.7323731" lon="9.9511758">
        <ele>2680.4</ele>
        <time>2026-09-15T12:30:03Z</time>
        <extensions>
          <gpxdata:distance>5872.78</gpxdata:distance>
          <gpxdata:speed>0.872</gpxdata:speed>
        </extensions>
      </trkpt>
      <trkpt lat="46.7323631" lon="9.9512148">
        <ele>2679.1</ele>
        <time>2026-09-15T12:30:06Z</time>
        <extensions>
          <gpxdata:distance>5875.96</gpxdata:distance>
          <gpxdata:speed>0.872</gpxdata:speed>
        </extensions>
      </trkpt>
      <trkpt lat="46.7323721" lon="9.9512158">
        <ele>2678.7</ele>
        <time>2026-09-15T12:30:07Z</time>
        <extensions>
          <gpxdata:distance>5876.96</gpxdata:distance>
          <gpxdata:speed>0.872</gpxdata:speed>
        </extensions>
      </trkpt>
      <trkpt lat="46.7324531" lon="9.9512188">
        <ele>2676.3</ele>
        <time>2026-09-15T12:30:18Z</time>
        <extensions>
          <gpxdata:distance>5885.97</gpxdata:distance>
          <gpxdata:speed>0.872</gpxdata:speed>
        </extensions>
      </trkpt>
      <trkpt lat="46.7325151" lon="9.9512488">
        <ele>2675.2</ele>
        <time>2026-09-15T12:30:26Z</time>
        <extensions>
          <gpxdata:distance>5893.23</gpxdata:distance>
          <gpxdata:speed>0.872</gpxdata:speed>
        </extensions>
      </trkpt>
      <trkpt lat="46.7325961" lon="9.9512389">
        <ele>2674.7</ele>
        <time>2026-09-15T12:30:36Z</time>
        <extensions>
          <gpxdata:distance>5902.27</gpxdata:distance>
          <gpxdata:speed>0.872</gpxdata:speed>
        </extensions>
      </trkpt>
      <trkpt lat="46.7326231" lon="9.9512539">
        <ele>2674.1</ele>
        <time>2026-09-15T12:30:40Z</time>
        <extensions>
          <gpxdata:distance>5905.48</gpxdata:distance>
          <gpxdata:speed>0.872</gpxdata:speed>
        </extensions>
      </trkpt>
      <trkpt lat="46.7326411" lon="9.9512279">
        <ele>2674.4</ele>
        <time>2026-09-15T12:30:43Z</time>
        <extensions>
          <gpxdata:distance>5908.30</gpxdata:distance>
          <gpxdata:speed>0.904</gpxdata:speed>
        </extensions>
      </trkpt>
      <trkpt lat="46.7326951" lon="9.9512569">
        <ele>2674.1</ele>
        <time>2026-09-15T12:30:50Z</time>
        <extensions>
          <gpxdata:distance>5914.70</gpxdata:distance>
          <gpxdata:speed>0.934</gpxdata:speed>
        </extensions>
      </trkpt>
      <trkpt lat="46.7327391" lon="9.9512719">
        <ele>2673.7</ele>
        <time>2026-09-15T12:30:55Z</time>
        <extensions>
          <gpxdata:distance>5919.72</gpxdata:distance>
          <gpxdata:speed>0.933</gpxdata:speed>
        </extensions>
      </trkpt>
      <trkpt lat="46.7327481" lon="9.9512989">
        <ele>2673.3</ele>
        <time>2026-09-15T12:30:58Z</time>
        <extensions>
          <gpxdata:distance>5922.01</gpxdata:distance>
          <gpxdata:speed>0.918</gpxdata:speed>
        </extensions>
      </trkpt>
      <trkpt lat="46.7327841" lon="9.9513129">
        <ele>2673.7</ele>
        <time>2026-09-15T12:31:03Z</time>
        <extensions>
          <gpxdata:distance>5926.15</gpxdata:distance>
          <gpxdata:speed>0.896</gpxdata:speed>
        </extensions>
      </trkpt>
      <trkpt lat="46.7328021" lon="9.9513009">
        <ele>2674.1</ele>
        <time>2026-09-15T12:31:05Z</time>
        <extensions>
          <gpxdata:distance>5928.35</gpxdata:distance>
          <gpxdata:speed>0.946</gpxdata:speed>
        </extensions>
      </trkpt>
      <trkpt lat="46.7328111" lon="9.9513019">
        <ele>2673.0</ele>
        <time>2026-09-15T12:31:06Z</time>
        <extensions>
          <gpxdata:distance>5929.36</gpxdata:distance>
          <gpxdata:speed>0.936</gpxdata:speed>
        </extensions>
      </trkpt>
      <trkpt lat="46.7328371" lon="9.9513419">
        <ele>2671.9</ele>
        <time>2026-09-15T12:31:11Z</time>
        <extensions>
          <gpxdata:distance>5933.56</gpxdata:distance>
          <gpxdata:speed>0.906</gpxdata:speed>
        </extensions>
      </trkpt>
      <trkpt lat="46.7328641" lon="9.9513299">
        <ele>2672.2</ele>
        <time>2026-09-15T12:31:14Z</time>
        <extensions>
          <gpxdata:distance>5936.70</gpxdata:distance>
          <gpxdata:speed>0.936</gpxdata:speed>
        </extensions>
      </trkpt>
      <trkpt lat="46.7329081" lon="9.9513719">
        <ele>2671.5</ele>
        <time>2026-09-15T12:31:20Z</time>
        <extensions>
          <gpxdata:distance>5942.54</gpxdata:distance>
          <gpxdata:speed>0.911</gpxdata:speed>
        </extensions>
      </trkpt>
      <trkpt lat="46.7329531" lon="9.9513869">
        <ele>2671.5</ele>
        <time>2026-09-15T12:31:26Z</time>
        <extensions>
          <gpxdata:distance>5947.68</gpxdata:distance>
          <gpxdata:speed>0.917</gpxdata:speed>
        </extensions>
      </trkpt>
      <trkpt lat="46.7329881" lon="9.9514279">
        <ele>2671.1</ele>
        <time>2026-09-15T12:31:31Z</time>
        <extensions>
          <gpxdata:distance>5952.67</gpxdata:distance>
          <gpxdata:speed>0.917</gpxdata:speed>
        </extensions>
      </trkpt>
      <trkpt lat="46.7330411" lon="9.9514559">
        <ele>2670.3</ele>
        <time>2026-09-15T12:31:38Z</time>
        <extensions>
          <gpxdata:distance>5958.94</gpxdata:distance>
          <gpxdata:speed>0.915</gpxdata:speed>
        </extensions>
      </trkpt>
      <trkpt lat="46.7330931" lon="9.9515629">
        <ele>2669.7</ele>
        <time>2026-09-15T12:31:49Z</time>
        <extensions>
          <gpxdata:distance>5968.93</gpxdata:distance>
          <gpxdata:speed>0.901</gpxdata:speed>
        </extensions>
      </trkpt>
      <trkpt lat="46.7331371" lon="9.9516179">
        <ele>2668.9</ele>
        <time>2026-09-15T12:31:56Z</time>
        <extensions>
          <gpxdata:distance>5975.38</gpxdata:distance>
          <gpxdata:speed>0.904</gpxdata:speed>
        </extensions>
      </trkpt>
      <trkpt lat="46.7332331" lon="9.9517399">
        <ele>2666.6</ele>
        <time>2026-09-15T12:32:12Z</time>
        <extensions>
          <gpxdata:distance>5989.53</gpxdata:distance>
          <gpxdata:speed>0.900</gpxdata:speed>
        </extensions>
      </trkpt>
      <trkpt lat="46.7332951" lon="9.9517949">
        <ele>2665.8</ele>
        <time>2026-09-15T12:32:21Z</time>
        <extensions>
          <gpxdata:distance>5997.60</gpxdata:distance>
          <gpxdata:speed>0.899</gpxdata:speed>
        </extensions>
      </trkpt>
      <trkpt lat="46.7333211" lon="9.9518359">
        <ele>2664.7</ele>
        <time>2026-09-15T12:32:26Z</time>
        <extensions>
          <gpxdata:distance>6001.86</gpxdata:distance>
          <gpxdata:speed>0.908</gpxdata:speed>
        </extensions>
      </trkpt>
      <trkpt lat="46.7333651" lon="9.9518769">
        <ele>2663.9</ele>
        <time>2026-09-15T12:32:32Z</time>
        <extensions>
          <gpxdata:distance>6007.66</gpxdata:distance>
          <gpxdata:speed>0.910</gpxdata:speed>
        </extensions>
      </trkpt>
      <trkpt lat="46.7334701" lon="9.9519999">
        <ele>2662.4</ele>
        <time>2026-09-15T12:32:49Z</time>
        <extensions>
          <gpxdata:distance>6022.64</gpxdata:distance>
          <gpxdata:speed>0.914</gpxdata:speed>
        </extensions>
      </trkpt>
      <trkpt lat="46.7335051" lon="9.9520539">
        <ele>2661.5</ele>
        <time>2026-09-15T12:32:55Z</time>
        <extensions>
          <gpxdata:distance>6028.30</gpxdata:distance>
          <gpxdata:speed>0.919</gpxdata:speed>
        </extensions>
      </trkpt>
      <trkpt lat="46.7335401" lon="9.9521079">
        <ele>2660.7</ele>
        <time>2026-09-15T12:33:01Z</time>
        <extensions>
          <gpxdata:distance>6033.96</gpxdata:distance>
          <gpxdata:speed>0.920</gpxdata:speed>
        </extensions>
      </trkpt>
      <trkpt lat="46.7335661" lon="9.9521349">
        <ele>2660.2</ele>
        <time>2026-09-15T12:33:05Z</time>
        <extensions>
          <gpxdata:distance>6037.51</gpxdata:distance>
          <gpxdata:speed>0.930</gpxdata:speed>
        </extensions>
      </trkpt>
      <trkpt lat="46.7336651" lon="9.9521789">
        <ele>2658.7</ele>
        <time>2026-09-15T12:33:17Z</time>
        <extensions>
          <gpxdata:distance>6049.02</gpxdata:distance>
          <gpxdata:speed>0.930</gpxdata:speed>
        </extensions>
      </trkpt>
      <trkpt lat="46.7337181" lon="9.9521819">
        <ele>2658.5</ele>
        <time>2026-09-15T12:33:24Z</time>
        <extensions>
          <gpxdata:distance>6054.92</gpxdata:distance>
          <gpxdata:speed>0.916</gpxdata:speed>
        </extensions>
      </trkpt>
      <trkpt lat="46.7338521" lon="9.9522529">
        <ele>2657.7</ele>
        <time>2026-09-15T12:33:41Z</time>
        <extensions>
          <gpxdata:distance>6070.77</gpxdata:distance>
          <gpxdata:speed>0.904</gpxdata:speed>
        </extensions>
      </trkpt>
      <trkpt lat="46.7339231" lon="9.9522829">
        <ele>2656.2</ele>
        <time>2026-09-15T12:33:50Z</time>
        <extensions>
          <gpxdata:distance>6078.99</gpxdata:distance>
          <gpxdata:speed>0.904</gpxdata:speed>
        </extensions>
      </trkpt>
      <trkpt lat="46.7339311" lon="9.9523219">
        <ele>2655.1</ele>
        <time>2026-09-15T12:33:54Z</time>
        <extensions>
          <gpxdata:distance>6082.09</gpxdata:distance>
          <gpxdata:speed>0.911</gpxdata:speed>
        </extensions>
      </trkpt>
      <trkpt lat="46.7339581" lon="9.9523239">
        <ele>2655.1</ele>
        <time>2026-09-15T12:33:57Z</time>
        <extensions>
          <gpxdata:distance>6085.10</gpxdata:distance>
          <gpxdata:speed>0.910</gpxdata:speed>
        </extensions>
      </trkpt>
      <trkpt lat="46.7339941" lon="9.9523519">
        <ele>2654.7</ele>
        <time>2026-09-15T12:34:02Z</time>
        <extensions>
          <gpxdata:distance>6089.63</gpxdata:distance>
          <gpxdata:speed>0.904</gpxdata:speed>
        </extensions>
      </trkpt>
      <trkpt lat="46.7340561" lon="9.9523940">
        <ele>2653.2</ele>
        <time>2026-09-15T12:34:10Z</time>
        <extensions>
          <gpxdata:distance>6097.24</gpxdata:distance>
          <gpxdata:speed>0.911</gpxdata:speed>
        </extensions>
      </trkpt>
      <trkpt lat="46.7341191" lon="9.9523970">
        <ele>2653.4</ele>
        <time>2026-09-15T12:34:18Z</time>
        <extensions>
          <gpxdata:distance>6104.25</gpxdata:distance>
          <gpxdata:speed>0.896</gpxdata:speed>
        </extensions>
      </trkpt>
      <trkpt lat="46.7341721" lon="9.9524380">
        <ele>2652.3</ele>
        <time>2026-09-15T12:34:25Z</time>
        <extensions>
          <gpxdata:distance>6110.92</gpxdata:distance>
          <gpxdata:speed>0.897</gpxdata:speed>
        </extensions>
      </trkpt>
      <trkpt lat="46.7341891" lon="9.9524520">
        <ele>2651.7</ele>
        <time>2026-09-15T12:34:28Z</time>
        <extensions>
          <gpxdata:distance>6113.09</gpxdata:distance>
          <gpxdata:speed>0.910</gpxdata:speed>
        </extensions>
      </trkpt>
      <trkpt lat="46.7341981" lon="9.9524660">
        <ele>2651.3</ele>
        <time>2026-09-15T12:34:29Z</time>
        <extensions>
          <gpxdata:distance>6114.55</gpxdata:distance>
          <gpxdata:speed>0.937</gpxdata:speed>
        </extensions>
      </trkpt>
      <trkpt lat="46.7341891" lon="9.9524780">
        <ele>2650.6</ele>
        <time>2026-09-15T12:34:31Z</time>
        <extensions>
          <gpxdata:distance>6115.91</gpxdata:distance>
          <gpxdata:speed>0.938</gpxdata:speed>
        </extensions>
      </trkpt>
      <trkpt lat="46.7341711" lon="9.9524910">
        <ele>2649.1</ele>
        <time>2026-09-15T12:34:33Z</time>
        <extensions>
          <gpxdata:distance>6118.14</gpxdata:distance>
          <gpxdata:speed>0.918</gpxdata:speed>
        </extensions>
      </trkpt>
      <trkpt lat="46.7341081" lon="9.9524750">
        <ele>2648.5</ele>
        <time>2026-09-15T12:34:41Z</time>
        <extensions>
          <gpxdata:distance>6125.25</gpxdata:distance>
          <gpxdata:speed>0.920</gpxdata:speed>
        </extensions>
      </trkpt>
      <trkpt lat="46.7340981" lon="9.9525000">
        <ele>2648.3</ele>
        <time>2026-09-15T12:34:43Z</time>
        <extensions>
          <gpxdata:distance>6127.46</gpxdata:distance>
          <gpxdata:speed>0.914</gpxdata:speed>
        </extensions>
      </trkpt>
      <trkpt lat="46.7341071" lon="9.9525140">
        <ele>2647.6</ele>
        <time>2026-09-15T12:34:45Z</time>
        <extensions>
          <gpxdata:distance>6128.92</gpxdata:distance>
          <gpxdata:speed>0.904</gpxdata:speed>
        </extensions>
      </trkpt>
      <trkpt lat="46.7341251" lon="9.9525150">
        <ele>2647.0</ele>
        <time>2026-09-15T12:34:47Z</time>
        <extensions>
          <gpxdata:distance>6130.92</gpxdata:distance>
          <gpxdata:speed>0.872</gpxdata:speed>
        </extensions>
      </trkpt>
      <trkpt lat="46.7341341" lon="9.9525280">
        <ele>2646.4</ele>
        <time>2026-09-15T12:34:49Z</time>
        <extensions>
          <gpxdata:distance>6132.33</gpxdata:distance>
          <gpxdata:speed>0.872</gpxdata:speed>
        </extensions>
      </trkpt>
      <trkpt lat="46.7341241" lon="9.9525540">
        <ele>2645.5</ele>
        <time>2026-09-15T12:34:52Z</time>
        <extensions>
          <gpxdata:distance>6134.60</gpxdata:distance>
          <gpxdata:speed>0.872</gpxdata:speed>
        </extensions>
      </trkpt>
      <trkpt lat="46.7341151" lon="9.9525800">
        <ele>2644.4</ele>
        <time>2026-09-15T12:34:54Z</time>
        <extensions>
          <gpxdata:distance>6136.82</gpxdata:distance>
          <gpxdata:speed>0.872</gpxdata:speed>
        </extensions>
      </trkpt>
      <trkpt lat="46.7341421" lon="9.9525810">
        <ele>2644.4</ele>
        <time>2026-09-15T12:34:58Z</time>
        <extensions>
          <gpxdata:distance>6139.83</gpxdata:distance>
          <gpxdata:speed>0.872</gpxdata:speed>
        </extensions>
      </trkpt>
      <trkpt lat="46.7341781" lon="9.9525830">
        <ele>2644.9</ele>
        <time>2026-09-15T12:35:02Z</time>
        <extensions>
          <gpxdata:distance>6143.83</gpxdata:distance>
          <gpxdata:speed>0.922</gpxdata:speed>
        </extensions>
      </trkpt>
      <trkpt lat="46.7342051" lon="9.9525840">
        <ele>2645.5</ele>
        <time>2026-09-15T12:35:05Z</time>
        <extensions>
          <gpxdata:distance>6146.84</gpxdata:distance>
          <gpxdata:speed>0.930</gpxdata:speed>
        </extensions>
      </trkpt>
      <trkpt lat="46.7342311" lon="9.9525980">
        <ele>2644.6</ele>
        <time>2026-09-15T12:35:09Z</time>
        <extensions>
          <gpxdata:distance>6149.92</gpxdata:distance>
          <gpxdata:speed>0.920</gpxdata:speed>
        </extensions>
      </trkpt>
      <trkpt lat="46.7342491" lon="9.9526120">
        <ele>2644.0</ele>
        <time>2026-09-15T12:35:11Z</time>
        <extensions>
          <gpxdata:distance>6152.19</gpxdata:distance>
          <gpxdata:speed>0.934</gpxdata:speed>
        </extensions>
      </trkpt>
      <trkpt lat="46.7342581" lon="9.9526260">
        <ele>2643.2</ele>
        <time>2026-09-15T12:35:13Z</time>
        <extensions>
          <gpxdata:distance>6153.65</gpxdata:distance>
          <gpxdata:speed>0.917</gpxdata:speed>
        </extensions>
      </trkpt>
      <trkpt lat="46.7342571" lon="9.9526650">
        <ele>2641.7</ele>
        <time>2026-09-15T12:35:16Z</time>
        <extensions>
          <gpxdata:distance>6156.62</gpxdata:distance>
          <gpxdata:speed>0.881</gpxdata:speed>
        </extensions>
      </trkpt>
      <trkpt lat="46.7342471" lon="9.9526910">
        <ele>2640.4</ele>
        <time>2026-09-15T12:35:19Z</time>
        <extensions>
          <gpxdata:distance>6158.89</gpxdata:distance>
          <gpxdata:speed>0.872</gpxdata:speed>
        </extensions>
      </trkpt>
      <trkpt lat="46.7342651" lon="9.9527050">
        <ele>2639.3</ele>
        <time>2026-09-15T12:35:21Z</time>
        <extensions>
          <gpxdata:distance>6161.16</gpxdata:distance>
          <gpxdata:speed>0.872</gpxdata:speed>
        </extensions>
      </trkpt>
      <trkpt lat="46.7342641" lon="9.9527570">
        <ele>2637.8</ele>
        <time>2026-09-15T12:35:26Z</time>
        <extensions>
          <gpxdata:distance>6165.13</gpxdata:distance>
          <gpxdata:speed>0.872</gpxdata:speed>
        </extensions>
      </trkpt>
      <trkpt lat="46.7343071" lon="9.9528240">
        <ele>2636.7</ele>
        <time>2026-09-15T12:35:34Z</time>
        <extensions>
          <gpxdata:distance>6172.12</gpxdata:distance>
          <gpxdata:speed>0.872</gpxdata:speed>
        </extensions>
      </trkpt>
      <trkpt lat="46.7343331" lon="9.9528650">
        <ele>2635.5</ele>
        <time>2026-09-15T12:35:39Z</time>
        <extensions>
          <gpxdata:distance>6176.38</gpxdata:distance>
          <gpxdata:speed>0.872</gpxdata:speed>
        </extensions>
      </trkpt>
      <trkpt lat="46.7343511" lon="9.9529050">
        <ele>2634.8</ele>
        <time>2026-09-15T12:35:43Z</time>
        <extensions>
          <gpxdata:distance>6180.03</gpxdata:distance>
          <gpxdata:speed>0.872</gpxdata:speed>
        </extensions>
      </trkpt>
      <trkpt lat="46.7344481" lon="9.9529620">
        <ele>2632.4</ele>
        <time>2026-09-15T12:35:56Z</time>
        <extensions>
          <gpxdata:distance>6191.65</gpxdata:distance>
          <gpxdata:speed>0.872</gpxdata:speed>
        </extensions>
      </trkpt>
      <trkpt lat="46.7344571" lon="9.9529750">
        <ele>2631.9</ele>
        <time>2026-09-15T12:35:58Z</time>
        <extensions>
          <gpxdata:distance>6193.06</gpxdata:distance>
          <gpxdata:speed>0.872</gpxdata:speed>
        </extensions>
      </trkpt>
      <trkpt lat="46.7344571" lon="9.9529880">
        <ele>2631.7</ele>
        <time>2026-09-15T12:35:59Z</time>
        <extensions>
          <gpxdata:distance>6194.05</gpxdata:distance>
          <gpxdata:speed>0.872</gpxdata:speed>
        </extensions>
      </trkpt>
      <trkpt lat="46.7344471" lon="9.9530010">
        <ele>2631.2</ele>
        <time>2026-09-15T12:36:01Z</time>
        <extensions>
          <gpxdata:distance>6195.54</gpxdata:distance>
          <gpxdata:speed>0.872</gpxdata:speed>
        </extensions>
      </trkpt>
      <trkpt lat="46.7344471" lon="9.9530010">
        <ele>2631.2</ele>
        <time>2026-09-15T12:36:01Z</time>
        <extensions>
          <gpxdata:distance>6195.54</gpxdata:distance>
          <gpxdata:speed>0.000</gpxdata:speed>
        </extensions>
      </trkpt>
      <trkpt lat="46.7343321" lon="9.9529430">
        <ele>2631.1</ele>
        <time>2026-09-15T12:36:15Z</time>
        <extensions>
          <gpxdata:distance>6209.07</gpxdata:distance>
          <gpxdata:speed>0.937</gpxdata:speed>
        </extensions>
      </trkpt>
      <trkpt lat="46.7342871" lon="9.9529280">
        <ele>2629.8</ele>
        <time>2026-09-15T12:36:21Z</time>
        <extensions>
          <gpxdata:distance>6214.21</gpxdata:distance>
          <gpxdata:speed>0.921</gpxdata:speed>
        </extensions>
      </trkpt>
      <trkpt lat="46.7342691" lon="9.9529270">
        <ele>2629.3</ele>
        <time>2026-09-15T12:36:23Z</time>
        <extensions>
          <gpxdata:distance>6216.21</gpxdata:distance>
          <gpxdata:speed>0.932</gpxdata:speed>
        </extensions>
      </trkpt>
      <trkpt lat="46.7342781" lon="9.9529410">
        <ele>2629.2</ele>
        <time>2026-09-15T12:36:24Z</time>
        <extensions>
          <gpxdata:distance>6217.67</gpxdata:distance>
          <gpxdata:speed>0.939</gpxdata:speed>
        </extensions>
      </trkpt>
      <trkpt lat="46.7343481" lon="9.9530100">
        <ele>2627.4</ele>
        <time>2026-09-15T12:36:34Z</time>
        <extensions>
          <gpxdata:distance>6227.06</gpxdata:distance>
          <gpxdata:speed>0.932</gpxdata:speed>
        </extensions>
      </trkpt>
      <trkpt lat="46.7344091" lon="9.9531040">
        <ele>2625.4</ele>
        <time>2026-09-15T12:36:45Z</time>
        <extensions>
          <gpxdata:distance>6236.93</gpxdata:distance>
          <gpxdata:speed>0.938</gpxdata:speed>
        </extensions>
      </trkpt>
      <trkpt lat="46.7344451" lon="9.9531190">
        <ele>2624.9</ele>
        <time>2026-09-15T12:36:49Z</time>
        <extensions>
          <gpxdata:distance>6241.09</gpxdata:distance>
          <gpxdata:speed>0.935</gpxdata:speed>
        </extensions>
      </trkpt>
      <trkpt lat="46.7344881" lon="9.9531990">
        <ele>2624.0</ele>
        <time>2026-09-15T12:36:58Z</time>
        <extensions>
          <gpxdata:distance>6248.84</gpxdata:distance>
          <gpxdata:speed>0.926</gpxdata:speed>
        </extensions>
      </trkpt>
      <trkpt lat="46.7344881" lon="9.9531990">
        <ele>2624.0</ele>
        <time>2026-09-15T12:36:58Z</time>
        <extensions>
          <gpxdata:distance>6248.84</gpxdata:distance>
          <gpxdata:speed>0.000</gpxdata:speed>
        </extensions>
      </trkpt>
      <trkpt lat="46.7345051" lon="9.9532390">
        <ele>2623.1</ele>
        <time>2026-09-15T12:37:02Z</time>
        <extensions>
          <gpxdata:distance>6252.43</gpxdata:distance>
          <gpxdata:speed>0.893</gpxdata:speed>
        </extensions>
      </trkpt>
      <trkpt lat="46.7345221" lon="9.9532790">
        <ele>2621.9</ele>
        <time>2026-09-15T12:37:06Z</time>
        <extensions>
          <gpxdata:distance>6256.01</gpxdata:distance>
          <gpxdata:speed>0.887</gpxdata:speed>
        </extensions>
      </trkpt>
      <trkpt lat="46.7345221" lon="9.9532930">
        <ele>2621.8</ele>
        <time>2026-09-15T12:37:07Z</time>
        <extensions>
          <gpxdata:distance>6257.08</gpxdata:distance>
          <gpxdata:speed>0.894</gpxdata:speed>
        </extensions>
      </trkpt>
      <trkpt lat="46.7344781" lon="9.9532640">
        <ele>2620.2</ele>
        <time>2026-09-15T12:37:13Z</time>
        <extensions>
          <gpxdata:distance>6262.45</gpxdata:distance>
          <gpxdata:speed>0.872</gpxdata:speed>
        </extensions>
      </trkpt>
      <trkpt lat="46.7344681" lon="9.9532900">
        <ele>2619.6</ele>
        <time>2026-09-15T12:37:16Z</time>
        <extensions>
          <gpxdata:distance>6264.72</gpxdata:distance>
          <gpxdata:speed>0.872</gpxdata:speed>
        </extensions>
      </trkpt>
      <trkpt lat="46.7344771" lon="9.9533030">
        <ele>2618.1</ele>
        <time>2026-09-15T12:37:17Z</time>
        <extensions>
          <gpxdata:distance>6266.13</gpxdata:distance>
          <gpxdata:speed>0.872</gpxdata:speed>
        </extensions>
      </trkpt>
      <trkpt lat="46.7344761" lon="9.9533170">
        <ele>2617.7</ele>
        <time>2026-09-15T12:37:19Z</time>
        <extensions>
          <gpxdata:distance>6267.20</gpxdata:distance>
          <gpxdata:speed>0.872</gpxdata:speed>
        </extensions>
      </trkpt>
      <trkpt lat="46.7344671" lon="9.9533420">
        <ele>2616.7</ele>
        <time>2026-09-15T12:37:21Z</time>
        <extensions>
          <gpxdata:distance>6269.36</gpxdata:distance>
          <gpxdata:speed>0.872</gpxdata:speed>
        </extensions>
      </trkpt>
      <trkpt lat="46.7344761" lon="9.9533560">
        <ele>2615.9</ele>
        <time>2026-09-15T12:37:23Z</time>
        <extensions>
          <gpxdata:distance>6270.82</gpxdata:distance>
          <gpxdata:speed>0.872</gpxdata:speed>
        </extensions>
      </trkpt>
      <trkpt lat="46.7344841" lon="9.9533690">
        <ele>2615.7</ele>
        <time>2026-09-15T12:37:24Z</time>
        <extensions>
          <gpxdata:distance>6272.15</gpxdata:distance>
          <gpxdata:speed>0.872</gpxdata:speed>
        </extensions>
      </trkpt>
      <trkpt lat="46.7344571" lon="9.9533810">
        <ele>2614.7</ele>
        <time>2026-09-15T12:37:28Z</time>
        <extensions>
          <gpxdata:distance>6275.29</gpxdata:distance>
          <gpxdata:speed>0.872</gpxdata:speed>
        </extensions>
      </trkpt>
      <trkpt lat="46.7344571" lon="9.9533940">
        <ele>2613.7</ele>
        <time>2026-09-15T12:37:29Z</time>
        <extensions>
          <gpxdata:distance>6276.28</gpxdata:distance>
          <gpxdata:speed>0.872</gpxdata:speed>
        </extensions>
      </trkpt>
      <trkpt lat="46.7344651" lon="9.9534210">
        <ele>2613.0</ele>
        <time>2026-09-15T12:37:32Z</time>
        <extensions>
          <gpxdata:distance>6278.52</gpxdata:distance>
          <gpxdata:speed>0.872</gpxdata:speed>
        </extensions>
      </trkpt>
      <trkpt lat="46.7344821" lon="9.9534610">
        <ele>2611.6</ele>
        <time>2026-09-15T12:37:36Z</time>
        <extensions>
          <gpxdata:distance>6282.11</gpxdata:distance>
          <gpxdata:speed>0.872</gpxdata:speed>
        </extensions>
      </trkpt>
      <trkpt lat="46.7344911" lon="9.9534870">
        <ele>2610.7</ele>
        <time>2026-09-15T12:37:38Z</time>
        <extensions>
          <gpxdata:distance>6284.33</gpxdata:distance>
          <gpxdata:speed>0.872</gpxdata:speed>
        </extensions>
      </trkpt>
      <trkpt lat="46.7345171" lon="9.9535280">
        <ele>2609.8</ele>
        <time>2026-09-15T12:37:43Z</time>
        <extensions>
          <gpxdata:distance>6288.58</gpxdata:distance>
          <gpxdata:speed>0.872</gpxdata:speed>
        </extensions>
      </trkpt>
      <trkpt lat="46.7345521" lon="9.9535560">
        <ele>2608.7</ele>
        <time>2026-09-15T12:37:48Z</time>
        <extensions>
          <gpxdata:distance>6293.02</gpxdata:distance>
          <gpxdata:speed>0.872</gpxdata:speed>
        </extensions>
      </trkpt>
      <trkpt lat="46.7345881" lon="9.9535700">
        <ele>2608.1</ele>
        <time>2026-09-15T12:37:53Z</time>
        <extensions>
          <gpxdata:distance>6297.17</gpxdata:distance>
          <gpxdata:speed>0.872</gpxdata:speed>
        </extensions>
      </trkpt>
      <trkpt lat="46.7346861" lon="9.9535880">
        <ele>2607.2</ele>
        <time>2026-09-15T12:38:06Z</time>
        <extensions>
          <gpxdata:distance>6308.15</gpxdata:distance>
          <gpxdata:speed>0.872</gpxdata:speed>
        </extensions>
      </trkpt>
      <trkpt lat="46.7347041" lon="9.9536150">
        <ele>2606.9</ele>
        <time>2026-09-15T12:38:09Z</time>
        <extensions>
          <gpxdata:distance>6311.02</gpxdata:distance>
          <gpxdata:speed>0.872</gpxdata:speed>
        </extensions>
      </trkpt>
      <trkpt lat="46.7347551" lon="9.9537220">
        <ele>2605.4</ele>
        <time>2026-09-15T12:38:20Z</time>
        <extensions>
          <gpxdata:distance>6320.95</gpxdata:distance>
          <gpxdata:speed>0.891</gpxdata:speed>
        </extensions>
      </trkpt>
      <trkpt lat="46.7348251" lon="9.9538300">
        <ele>2603.2</ele>
        <time>2026-09-15T12:38:33Z</time>
        <extensions>
          <gpxdata:distance>6332.28</gpxdata:distance>
          <gpxdata:speed>0.896</gpxdata:speed>
        </extensions>
      </trkpt>
      <trkpt lat="46.7348601" lon="9.9538840">
        <ele>2602.7</ele>
        <time>2026-09-15T12:38:39Z</time>
        <extensions>
          <gpxdata:distance>6337.94</gpxdata:distance>
          <gpxdata:speed>0.927</gpxdata:speed>
        </extensions>
      </trkpt>
      <trkpt lat="46.7348951" lon="9.9539250">
        <ele>2601.8</ele>
        <time>2026-09-15T12:38:44Z</time>
        <extensions>
          <gpxdata:distance>6342.94</gpxdata:distance>
          <gpxdata:speed>0.938</gpxdata:speed>
        </extensions>
      </trkpt>
      <trkpt lat="46.7349201" lon="9.9540180">
        <ele>2600.1</ele>
        <time>2026-09-15T12:38:52Z</time>
        <extensions>
          <gpxdata:distance>6350.55</gpxdata:distance>
          <gpxdata:speed>0.931</gpxdata:speed>
        </extensions>
      </trkpt>
      <trkpt lat="46.7349461" lon="9.9540450">
        <ele>2600.6</ele>
        <time>2026-09-15T12:38:56Z</time>
        <extensions>
          <gpxdata:distance>6354.10</gpxdata:distance>
          <gpxdata:speed>0.924</gpxdata:speed>
        </extensions>
      </trkpt>
      <trkpt lat="46.7349641" lon="9.9540590">
        <ele>2600.6</ele>
        <time>2026-09-15T12:38:59Z</time>
        <extensions>
          <gpxdata:distance>6356.37</gpxdata:distance>
          <gpxdata:speed>0.919</gpxdata:speed>
        </extensions>
      </trkpt>
      <trkpt lat="46.7350161" lon="9.9541660">
        <ele>2598.9</ele>
        <time>2026-09-15T12:39:09Z</time>
        <extensions>
          <gpxdata:distance>6366.36</gpxdata:distance>
          <gpxdata:speed>0.933</gpxdata:speed>
        </extensions>
      </trkpt>
      <trkpt lat="46.7350511" lon="9.9542070">
        <ele>2597.9</ele>
        <time>2026-09-15T12:39:15Z</time>
        <extensions>
          <gpxdata:distance>6371.35</gpxdata:distance>
          <gpxdata:speed>0.939</gpxdata:speed>
        </extensions>
      </trkpt>
      <trkpt lat="46.7350771" lon="9.9542480">
        <ele>2597.0</ele>
        <time>2026-09-15T12:39:19Z</time>
        <extensions>
          <gpxdata:distance>6375.61</gpxdata:distance>
          <gpxdata:speed>0.935</gpxdata:speed>
        </extensions>
      </trkpt>
      <trkpt lat="46.7350941" lon="9.9543010">
        <ele>2595.7</ele>
        <time>2026-09-15T12:39:24Z</time>
        <extensions>
          <gpxdata:distance>6380.07</gpxdata:distance>
          <gpxdata:speed>0.931</gpxdata:speed>
        </extensions>
      </trkpt>
      <trkpt lat="46.7350941" lon="9.9543010">
        <ele>2595.7</ele>
        <time>2026-09-15T12:39:24Z</time>
        <extensions>
          <gpxdata:distance>6380.07</gpxdata:distance>
          <gpxdata:speed>0.000</gpxdata:speed>
        </extensions>
      </trkpt>
      <trkpt lat="46.7350851" lon="9.9543010">
        <ele>2595.5</ele>
        <time>2026-09-15T12:39:25Z</time>
        <extensions>
          <gpxdata:distance>6381.07</gpxdata:distance>
          <gpxdata:speed>0.919</gpxdata:speed>
        </extensions>
      </trkpt>
      <trkpt lat="46.7350581" lon="9.9542730">
        <ele>2595.0</ele>
        <time>2026-09-15T12:39:29Z</time>
        <extensions>
          <gpxdata:distance>6384.75</gpxdata:distance>
          <gpxdata:speed>0.939</gpxdata:speed>
        </extensions>
      </trkpt>
      <trkpt lat="46.7350231" lon="9.9542580">
        <ele>2594.4</ele>
        <time>2026-09-15T12:39:33Z</time>
        <extensions>
          <gpxdata:distance>6388.81</gpxdata:distance>
          <gpxdata:speed>0.901</gpxdata:speed>
        </extensions>
      </trkpt>
      <trkpt lat="46.7349961" lon="9.9542310">
        <ele>2593.8</ele>
        <time>2026-09-15T12:39:37Z</time>
        <extensions>
          <gpxdata:distance>6392.45</gpxdata:distance>
          <gpxdata:speed>0.888</gpxdata:speed>
        </extensions>
      </trkpt>
      <trkpt lat="46.7349871" lon="9.9542440">
        <ele>2593.7</ele>
        <time>2026-09-15T12:39:39Z</time>
        <extensions>
          <gpxdata:distance>6393.86</gpxdata:distance>
          <gpxdata:speed>0.887</gpxdata:speed>
        </extensions>
      </trkpt>
      <trkpt lat="46.7350391" lon="9.9543250">
        <ele>2591.7</ele>
        <time>2026-09-15T12:39:49Z</time>
        <extensions>
          <gpxdata:distance>6402.32</gpxdata:distance>
          <gpxdata:speed>0.872</gpxdata:speed>
        </extensions>
      </trkpt>
      <trkpt lat="46.7351001" lon="9.9544320">
        <ele>2589.4</ele>
        <time>2026-09-15T12:40:01Z</time>
        <extensions>
          <gpxdata:distance>6412.92</gpxdata:distance>
          <gpxdata:speed>0.872</gpxdata:speed>
        </extensions>
      </trkpt>
      <trkpt lat="46.7351251" lon="9.9545250">
        <ele>2587.1</ele>
        <time>2026-09-15T12:40:10Z</time>
        <extensions>
          <gpxdata:distance>6420.54</gpxdata:distance>
          <gpxdata:speed>0.872</gpxdata:speed>
        </extensions>
      </trkpt>
      <trkpt lat="46.7351251" lon="9.9545250">
        <ele>2587.1</ele>
        <time>2026-09-15T12:40:10Z</time>
        <extensions>
          <gpxdata:distance>6420.54</gpxdata:distance>
          <gpxdata:speed>0.000</gpxdata:speed>
        </extensions>
      </trkpt>
      <trkpt lat="46.7351421" lon="9.9545650">
        <ele>2585.7</ele>
        <time>2026-09-15T12:40:14Z</time>
        <extensions>
          <gpxdata:distance>6424.12</gpxdata:distance>
          <gpxdata:speed>0.872</gpxdata:speed>
        </extensions>
      </trkpt>
      <trkpt lat="46.7351421" lon="9.9545650">
        <ele>2585.7</ele>
        <time>2026-09-15T12:40:14Z</time>
        <extensions>
          <gpxdata:distance>6424.12</gpxdata:distance>
          <gpxdata:speed>0.000</gpxdata:speed>
        </extensions>
      </trkpt>
      <trkpt lat="46.7351331" lon="9.9545780">
        <ele>2585.6</ele>
        <time>2026-09-15T12:40:15Z</time>
        <extensions>
          <gpxdata:distance>6425.53</gpxdata:distance>
          <gpxdata:speed>0.872</gpxdata:speed>
        </extensions>
      </trkpt>
      <trkpt lat="46.7350981" lon="9.9545370">
        <ele>2584.6</ele>
        <time>2026-09-15T12:40:21Z</time>
        <extensions>
          <gpxdata:distance>6430.52</gpxdata:distance>
          <gpxdata:speed>0.872</gpxdata:speed>
        </extensions>
      </trkpt>
      <trkpt lat="46.7350101" lon="9.9544410">
        <ele>2583.5</ele>
        <time>2026-09-15T12:40:35Z</time>
        <extensions>
          <gpxdata:distance>6442.74</gpxdata:distance>
          <gpxdata:speed>0.872</gpxdata:speed>
        </extensions>
      </trkpt>
      <trkpt lat="46.7349831" lon="9.9544140">
        <ele>2582.7</ele>
        <time>2026-09-15T12:40:39Z</time>
        <extensions>
          <gpxdata:distance>6446.38</gpxdata:distance>
          <gpxdata:speed>0.872</gpxdata:speed>
        </extensions>
      </trkpt>
      <trkpt lat="46.7349741" lon="9.9544260">
        <ele>2582.4</ele>
        <time>2026-09-15T12:40:41Z</time>
        <extensions>
          <gpxdata:distance>6447.73</gpxdata:distance>
          <gpxdata:speed>0.872</gpxdata:speed>
        </extensions>
      </trkpt>
      <trkpt lat="46.7349741" lon="9.9544390">
        <ele>2582.1</ele>
        <time>2026-09-15T12:40:42Z</time>
        <extensions>
          <gpxdata:distance>6448.73</gpxdata:distance>
          <gpxdata:speed>0.903</gpxdata:speed>
        </extensions>
      </trkpt>
      <trkpt lat="46.7350341" lon="9.9545470">
        <ele>2580.4</ele>
        <time>2026-09-15T12:40:54Z</time>
        <extensions>
          <gpxdata:distance>6459.32</gpxdata:distance>
          <gpxdata:speed>0.909</gpxdata:speed>
        </extensions>
      </trkpt>
      <trkpt lat="46.7350852" lon="9.9546800">
        <ele>2578.2</ele>
        <time>2026-09-15T12:41:06Z</time>
        <extensions>
          <gpxdata:distance>6470.94</gpxdata:distance>
          <gpxdata:speed>0.926</gpxdata:speed>
        </extensions>
      </trkpt>
      <trkpt lat="46.7351112" lon="9.9547340">
        <ele>2577.0</ele>
        <time>2026-09-15T12:41:12Z</time>
        <extensions>
          <gpxdata:distance>6475.97</gpxdata:distance>
          <gpxdata:speed>0.916</gpxdata:speed>
        </extensions>
      </trkpt>
      <trkpt lat="46.7351462" lon="9.9547880">
        <ele>2576.6</ele>
        <time>2026-09-15T12:41:18Z</time>
        <extensions>
          <gpxdata:distance>6481.63</gpxdata:distance>
          <gpxdata:speed>0.926</gpxdata:speed>
        </extensions>
      </trkpt>
      <trkpt lat="46.7351632" lon="9.9548280">
        <ele>2575.1</ele>
        <time>2026-09-15T12:41:22Z</time>
        <extensions>
          <gpxdata:distance>6485.22</gpxdata:distance>
          <gpxdata:speed>0.908</gpxdata:speed>
        </extensions>
      </trkpt>
      <trkpt lat="46.7351812" lon="9.9548550">
        <ele>2574.8</ele>
        <time>2026-09-15T12:41:25Z</time>
        <extensions>
          <gpxdata:distance>6488.09</gpxdata:distance>
          <gpxdata:speed>0.883</gpxdata:speed>
        </extensions>
      </trkpt>
      <trkpt lat="46.7351812" lon="9.9548550">
        <ele>2574.8</ele>
        <time>2026-09-15T12:41:25Z</time>
        <extensions>
          <gpxdata:distance>6488.09</gpxdata:distance>
          <gpxdata:speed>0.000</gpxdata:speed>
        </extensions>
      </trkpt>
      <trkpt lat="46.7352072" lon="9.9548950">
        <ele>2574.2</ele>
        <time>2026-09-15T12:41:30Z</time>
        <extensions>
          <gpxdata:distance>6492.29</gpxdata:distance>
          <gpxdata:speed>0.894</gpxdata:speed>
        </extensions>
      </trkpt>
      <trkpt lat="46.7352142" lon="9.9549480">
        <ele>2573.0</ele>
        <time>2026-09-15T12:41:34Z</time>
        <extensions>
          <gpxdata:distance>6496.41</gpxdata:distance>
          <gpxdata:speed>0.884</gpxdata:speed>
        </extensions>
      </trkpt>
      <trkpt lat="46.7352232" lon="9.9549880">
        <ele>2573.0</ele>
        <time>2026-09-15T12:41:38Z</time>
        <extensions>
          <gpxdata:distance>6499.61</gpxdata:distance>
          <gpxdata:speed>0.894</gpxdata:speed>
        </extensions>
      </trkpt>
      <trkpt lat="46.7352572" lon="9.9550681">
        <ele>2572.3</ele>
        <time>2026-09-15T12:41:46Z</time>
        <extensions>
          <gpxdata:distance>6506.80</gpxdata:distance>
          <gpxdata:speed>0.920</gpxdata:speed>
        </extensions>
      </trkpt>
      <trkpt lat="46.7352832" lon="9.9551081">
        <ele>2571.6</ele>
        <time>2026-09-15T12:41:50Z</time>
        <extensions>
          <gpxdata:distance>6511.00</gpxdata:distance>
          <gpxdata:speed>0.934</gpxdata:speed>
        </extensions>
      </trkpt>
      <trkpt lat="46.7353002" lon="9.9551351">
        <ele>2571.1</ele>
        <time>2026-09-15T12:41:53Z</time>
        <extensions>
          <gpxdata:distance>6513.79</gpxdata:distance>
          <gpxdata:speed>0.911</gpxdata:speed>
        </extensions>
      </trkpt>
      <trkpt lat="46.7353182" lon="9.9551621">
        <ele>2570.6</ele>
        <time>2026-09-15T12:41:56Z</time>
        <extensions>
          <gpxdata:distance>6516.66</gpxdata:distance>
          <gpxdata:speed>0.934</gpxdata:speed>
        </extensions>
      </trkpt>
      <trkpt lat="46.7353262" lon="9.9551761">
        <ele>2570.1</ele>
        <time>2026-09-15T12:41:58Z</time>
        <extensions>
          <gpxdata:distance>6518.05</gpxdata:distance>
          <gpxdata:speed>0.931</gpxdata:speed>
        </extensions>
      </trkpt>
      <trkpt lat="46.7353352" lon="9.9552021">
        <ele>2569.6</ele>
        <time>2026-09-15T12:42:00Z</time>
        <extensions>
          <gpxdata:distance>6520.27</gpxdata:distance>
          <gpxdata:speed>0.924</gpxdata:speed>
        </extensions>
      </trkpt>
      <trkpt lat="46.7353612" lon="9.9552301">
        <ele>2569.1</ele>
        <time>2026-09-15T12:42:04Z</time>
        <extensions>
          <gpxdata:distance>6523.86</gpxdata:distance>
          <gpxdata:speed>0.924</gpxdata:speed>
        </extensions>
      </trkpt>
      <trkpt lat="46.7353702" lon="9.9552431">
        <ele>2568.6</ele>
        <time>2026-09-15T12:42:06Z</time>
        <extensions>
          <gpxdata:distance>6525.27</gpxdata:distance>
          <gpxdata:speed>0.937</gpxdata:speed>
        </extensions>
      </trkpt>
      <trkpt lat="46.7353702" lon="9.9552561">
        <ele>2568.4</ele>
        <time>2026-09-15T12:42:07Z</time>
        <extensions>
          <gpxdata:distance>6526.26</gpxdata:distance>
          <gpxdata:speed>0.909</gpxdata:speed>
        </extensions>
      </trkpt>
      <trkpt lat="46.7353872" lon="9.9552831">
        <ele>2568.4</ele>
        <time>2026-09-15T12:42:10Z</time>
        <extensions>
          <gpxdata:distance>6529.06</gpxdata:distance>
          <gpxdata:speed>0.906</gpxdata:speed>
        </extensions>
      </trkpt>
      <trkpt lat="46.7354042" lon="9.9553501">
        <ele>2567.8</ele>
        <time>2026-09-15T12:42:16Z</time>
        <extensions>
          <gpxdata:distance>6534.50</gpxdata:distance>
          <gpxdata:speed>0.924</gpxdata:speed>
        </extensions>
      </trkpt>
      <trkpt lat="46.7354302" lon="9.9553771">
        <ele>2566.9</ele>
        <time>2026-09-15T12:42:20Z</time>
        <extensions>
          <gpxdata:distance>6538.05</gpxdata:distance>
          <gpxdata:speed>0.909</gpxdata:speed>
        </extensions>
      </trkpt>
      <trkpt lat="46.7354742" lon="9.9554311">
        <ele>2565.7</ele>
        <time>2026-09-15T12:42:27Z</time>
        <extensions>
          <gpxdata:distance>6544.44</gpxdata:distance>
          <gpxdata:speed>0.904</gpxdata:speed>
        </extensions>
      </trkpt>
      <trkpt lat="46.7355092" lon="9.9554591">
        <ele>2564.7</ele>
        <time>2026-09-15T12:42:32Z</time>
        <extensions>
          <gpxdata:distance>6548.88</gpxdata:distance>
          <gpxdata:speed>0.906</gpxdata:speed>
        </extensions>
      </trkpt>
      <trkpt lat="46.7355082" lon="9.9554981">
        <ele>2564.5</ele>
        <time>2026-09-15T12:42:35Z</time>
        <extensions>
          <gpxdata:distance>6551.86</gpxdata:distance>
          <gpxdata:speed>0.924</gpxdata:speed>
        </extensions>
      </trkpt>
      <trkpt lat="46.7355252" lon="9.9555521">
        <ele>2563.8</ele>
        <time>2026-09-15T12:42:40Z</time>
        <extensions>
          <gpxdata:distance>6556.38</gpxdata:distance>
          <gpxdata:speed>0.922</gpxdata:speed>
        </extensions>
      </trkpt>
      <trkpt lat="46.7355342" lon="9.9555781">
        <ele>2563.3</ele>
        <time>2026-09-15T12:42:42Z</time>
        <extensions>
          <gpxdata:distance>6558.60</gpxdata:distance>
          <gpxdata:speed>0.928</gpxdata:speed>
        </extensions>
      </trkpt>
      <trkpt lat="46.7355852" lon="9.9556981">
        <ele>2561.9</ele>
        <time>2026-09-15T12:42:54Z</time>
        <extensions>
          <gpxdata:distance>6569.36</gpxdata:distance>
          <gpxdata:speed>0.939</gpxdata:speed>
        </extensions>
      </trkpt>
      <trkpt lat="46.7356372" lon="9.9557791">
        <ele>2560.8</ele>
        <time>2026-09-15T12:43:03Z</time>
        <extensions>
          <gpxdata:distance>6577.82</gpxdata:distance>
          <gpxdata:speed>0.932</gpxdata:speed>
        </extensions>
      </trkpt>
      <trkpt lat="46.7356722" lon="9.9558331">
        <ele>2560.1</ele>
        <time>2026-09-15T12:43:09Z</time>
        <extensions>
          <gpxdata:distance>6583.49</gpxdata:distance>
          <gpxdata:speed>0.930</gpxdata:speed>
        </extensions>
      </trkpt>
      <trkpt lat="46.7357162" lon="9.9558751">
        <ele>2559.1</ele>
        <time>2026-09-15T12:43:15Z</time>
        <extensions>
          <gpxdata:distance>6589.33</gpxdata:distance>
          <gpxdata:speed>0.937</gpxdata:speed>
        </extensions>
      </trkpt>
      <trkpt lat="46.7357342" lon="9.9558891">
        <ele>2558.7</ele>
        <time>2026-09-15T12:43:17Z</time>
        <extensions>
          <gpxdata:distance>6591.60</gpxdata:distance>
          <gpxdata:speed>0.939</gpxdata:speed>
        </extensions>
      </trkpt>
      <trkpt lat="46.7357612" lon="9.9558771">
        <ele>2558.4</ele>
        <time>2026-09-15T12:43:21Z</time>
        <extensions>
          <gpxdata:distance>6594.74</gpxdata:distance>
          <gpxdata:speed>0.929</gpxdata:speed>
        </extensions>
      </trkpt>
      <trkpt lat="46.7357782" lon="9.9559041">
        <ele>2557.7</ele>
        <time>2026-09-15T12:43:24Z</time>
        <extensions>
          <gpxdata:distance>6597.53</gpxdata:distance>
          <gpxdata:speed>0.939</gpxdata:speed>
        </extensions>
      </trkpt>
      <trkpt lat="46.7358042" lon="9.9559831">
        <ele>2556.9</ele>
        <time>2026-09-15T12:43:31Z</time>
        <extensions>
          <gpxdata:distance>6604.21</gpxdata:distance>
          <gpxdata:speed>0.935</gpxdata:speed>
        </extensions>
      </trkpt>
      <trkpt lat="46.7358122" lon="9.9560101">
        <ele>2556.5</ele>
        <time>2026-09-15T12:43:33Z</time>
        <extensions>
          <gpxdata:distance>6606.45</gpxdata:distance>
          <gpxdata:speed>0.933</gpxdata:speed>
        </extensions>
      </trkpt>
      <trkpt lat="46.7358392" lon="9.9560241">
        <ele>2556.2</ele>
        <time>2026-09-15T12:43:37Z</time>
        <extensions>
          <gpxdata:distance>6609.64</gpxdata:distance>
          <gpxdata:speed>0.932</gpxdata:speed>
        </extensions>
      </trkpt>
      <trkpt lat="46.7358642" lon="9.9561041">
        <ele>2555.2</ele>
        <time>2026-09-15T12:43:44Z</time>
        <extensions>
          <gpxdata:distance>6616.34</gpxdata:distance>
          <gpxdata:speed>0.936</gpxdata:speed>
        </extensions>
      </trkpt>
      <trkpt lat="46.7358902" lon="9.9561451">
        <ele>2554.7</ele>
        <time>2026-09-15T12:43:48Z</time>
        <extensions>
          <gpxdata:distance>6620.60</gpxdata:distance>
          <gpxdata:speed>0.936</gpxdata:speed>
        </extensions>
      </trkpt>
      <trkpt lat="46.7359162" lon="9.9561721">
        <ele>2554.3</ele>
        <time>2026-09-15T12:43:52Z</time>
        <extensions>
          <gpxdata:distance>6624.15</gpxdata:distance>
          <gpxdata:speed>0.929</gpxdata:speed>
        </extensions>
      </trkpt>
      <trkpt lat="46.7359342" lon="9.9561861">
        <ele>2554.0</ele>
        <time>2026-09-15T12:43:55Z</time>
        <extensions>
          <gpxdata:distance>6626.41</gpxdata:distance>
          <gpxdata:speed>0.926</gpxdata:speed>
        </extensions>
      </trkpt>
      <trkpt lat="46.7359692" lon="9.9562401">
        <ele>2553.3</ele>
        <time>2026-09-15T12:44:01Z</time>
        <extensions>
          <gpxdata:distance>6632.08</gpxdata:distance>
          <gpxdata:speed>0.928</gpxdata:speed>
        </extensions>
      </trkpt>
      <trkpt lat="46.7359952" lon="9.9562801">
        <ele>2552.7</ele>
        <time>2026-09-15T12:44:05Z</time>
        <extensions>
          <gpxdata:distance>6636.28</gpxdata:distance>
          <gpxdata:speed>0.921</gpxdata:speed>
        </extensions>
      </trkpt>
      <trkpt lat="46.7360652" lon="9.9563621">
        <ele>2551.3</ele>
        <time>2026-09-15T12:44:16Z</time>
        <extensions>
          <gpxdata:distance>6646.26</gpxdata:distance>
          <gpxdata:speed>0.925</gpxdata:speed>
        </extensions>
      </trkpt>
      <trkpt lat="46.7360742" lon="9.9563891">
        <ele>2550.8</ele>
        <time>2026-09-15T12:44:19Z</time>
        <extensions>
          <gpxdata:distance>6648.55</gpxdata:distance>
          <gpxdata:speed>0.927</gpxdata:speed>
        </extensions>
      </trkpt>
      <trkpt lat="46.7361002" lon="9.9564031">
        <ele>2550.3</ele>
        <time>2026-09-15T12:44:22Z</time>
        <extensions>
          <gpxdata:distance>6651.63</gpxdata:distance>
          <gpxdata:speed>0.931</gpxdata:speed>
        </extensions>
      </trkpt>
      <trkpt lat="46.7361362" lon="9.9564181">
        <ele>2549.8</ele>
        <time>2026-09-15T12:44:26Z</time>
        <extensions>
          <gpxdata:distance>6655.79</gpxdata:distance>
          <gpxdata:speed>0.928</gpxdata:speed>
        </extensions>
      </trkpt>
      <trkpt lat="46.7361632" lon="9.9564061">
        <ele>2549.3</ele>
        <time>2026-09-15T12:44:30Z</time>
        <extensions>
          <gpxdata:distance>6658.93</gpxdata:distance>
          <gpxdata:speed>0.932</gpxdata:speed>
        </extensions>
      </trkpt>
      <trkpt lat="46.7361722" lon="9.9564201">
        <ele>2548.9</ele>
        <time>2026-09-15T12:44:31Z</time>
        <extensions>
          <gpxdata:distance>6660.40</gpxdata:distance>
          <gpxdata:speed>0.939</gpxdata:speed>
        </extensions>
      </trkpt>
      <trkpt lat="46.7361712" lon="9.9564461">
        <ele>2548.4</ele>
        <time>2026-09-15T12:44:33Z</time>
        <extensions>
          <gpxdata:distance>6662.38</gpxdata:distance>
          <gpxdata:speed>0.932</gpxdata:speed>
        </extensions>
      </trkpt>
      <trkpt lat="46.7361892" lon="9.9564601">
        <ele>2548.1</ele>
        <time>2026-09-15T12:44:36Z</time>
        <extensions>
          <gpxdata:distance>6664.65</gpxdata:distance>
          <gpxdata:speed>0.927</gpxdata:speed>
        </extensions>
      </trkpt>
      <trkpt lat="46.7362162" lon="9.9564611">
        <ele>2547.9</ele>
        <time>2026-09-15T12:44:39Z</time>
        <extensions>
          <gpxdata:distance>6667.65</gpxdata:distance>
          <gpxdata:speed>0.936</gpxdata:speed>
        </extensions>
      </trkpt>
      <trkpt lat="46.7362692" lon="9.9565161">
        <ele>2546.7</ele>
        <time>2026-09-15T12:44:47Z</time>
        <extensions>
          <gpxdata:distance>6674.88</gpxdata:distance>
          <gpxdata:speed>0.925</gpxdata:speed>
        </extensions>
      </trkpt>
      <trkpt lat="46.7363042" lon="9.9565571">
        <ele>2546.7</ele>
        <time>2026-09-15T12:44:52Z</time>
        <extensions>
          <gpxdata:distance>6679.87</gpxdata:distance>
          <gpxdata:speed>0.923</gpxdata:speed>
        </extensions>
      </trkpt>
      <trkpt lat="46.7363302" lon="9.9566101">
        <ele>2545.7</ele>
        <time>2026-09-15T12:44:58Z</time>
        <extensions>
          <gpxdata:distance>6684.84</gpxdata:distance>
          <gpxdata:speed>0.930</gpxdata:speed>
        </extensions>
      </trkpt>
      <trkpt lat="46.7363742" lon="9.9566651">
        <ele>2544.2</ele>
        <time>2026-09-15T12:45:05Z</time>
        <extensions>
          <gpxdata:distance>6691.28</gpxdata:distance>
          <gpxdata:speed>0.929</gpxdata:speed>
        </extensions>
      </trkpt>
      <trkpt lat="46.7364002" lon="9.9566791">
        <ele>2544.0</ele>
        <time>2026-09-15T12:45:08Z</time>
        <extensions>
          <gpxdata:distance>6694.37</gpxdata:distance>
          <gpxdata:speed>0.940</gpxdata:speed>
        </extensions>
      </trkpt>
      <trkpt lat="46.7364352" lon="9.9567461">
        <ele>2543.2</ele>
        <time>2026-09-15T12:45:15Z</time>
        <extensions>
          <gpxdata:distance>6700.79</gpxdata:distance>
          <gpxdata:speed>0.932</gpxdata:speed>
        </extensions>
      </trkpt>
      <trkpt lat="46.7364702" lon="9.9567871">
        <ele>2542.5</ele>
        <time>2026-09-15T12:45:20Z</time>
        <extensions>
          <gpxdata:distance>6705.78</gpxdata:distance>
          <gpxdata:speed>0.927</gpxdata:speed>
        </extensions>
      </trkpt>
      <trkpt lat="46.7365582" lon="9.9568831">
        <ele>2540.8</ele>
        <time>2026-09-15T12:45:33Z</time>
        <extensions>
          <gpxdata:distance>6717.99</gpxdata:distance>
          <gpxdata:speed>0.928</gpxdata:speed>
        </extensions>
      </trkpt>
      <trkpt lat="46.7365932" lon="9.9569101">
        <ele>2540.3</ele>
        <time>2026-09-15T12:45:38Z</time>
        <extensions>
          <gpxdata:distance>6722.40</gpxdata:distance>
          <gpxdata:speed>0.930</gpxdata:speed>
        </extensions>
      </trkpt>
      <trkpt lat="46.7366192" lon="9.9569511">
        <ele>2539.8</ele>
        <time>2026-09-15T12:45:43Z</time>
        <extensions>
          <gpxdata:distance>6726.65</gpxdata:distance>
          <gpxdata:speed>0.925</gpxdata:speed>
        </extensions>
      </trkpt>
      <trkpt lat="46.7366372" lon="9.9569651">
        <ele>2539.6</ele>
        <time>2026-09-15T12:45:45Z</time>
        <extensions>
          <gpxdata:distance>6728.92</gpxdata:distance>
          <gpxdata:speed>0.935</gpxdata:speed>
        </extensions>
      </trkpt>
      <trkpt lat="46.7366542" lon="9.9570181">
        <ele>2539.3</ele>
        <time>2026-09-15T12:45:50Z</time>
        <extensions>
          <gpxdata:distance>6733.38</gpxdata:distance>
          <gpxdata:speed>0.923</gpxdata:speed>
        </extensions>
      </trkpt>
      <trkpt lat="46.7366802" lon="9.9570591">
        <ele>2538.9</ele>
        <time>2026-09-15T12:45:55Z</time>
        <extensions>
          <gpxdata:distance>6737.64</gpxdata:distance>
          <gpxdata:speed>0.907</gpxdata:speed>
        </extensions>
      </trkpt>
      <trkpt lat="46.7367142" lon="9.9571521">
        <ele>2538.1</ele>
        <time>2026-09-15T12:46:03Z</time>
        <extensions>
          <gpxdata:distance>6745.67</gpxdata:distance>
          <gpxdata:speed>0.908</gpxdata:speed>
        </extensions>
      </trkpt>
      <trkpt lat="46.7367492" lon="9.9572061">
        <ele>2536.6</ele>
        <time>2026-09-15T12:46:10Z</time>
        <extensions>
          <gpxdata:distance>6751.33</gpxdata:distance>
          <gpxdata:speed>0.922</gpxdata:speed>
        </extensions>
      </trkpt>
      <trkpt lat="46.7367932" lon="9.9572471">
        <ele>2535.9</ele>
        <time>2026-09-15T12:46:16Z</time>
        <extensions>
          <gpxdata:distance>6757.14</gpxdata:distance>
          <gpxdata:speed>0.920</gpxdata:speed>
        </extensions>
      </trkpt>
      <trkpt lat="46.7368622" lon="9.9573551">
        <ele>2534.2</ele>
        <time>2026-09-15T12:46:28Z</time>
        <extensions>
          <gpxdata:distance>6768.39</gpxdata:distance>
          <gpxdata:speed>0.923</gpxdata:speed>
        </extensions>
      </trkpt>
      <trkpt lat="46.7368882" lon="9.9573961">
        <ele>2533.4</ele>
        <time>2026-09-15T12:46:33Z</time>
        <extensions>
          <gpxdata:distance>6772.65</gpxdata:distance>
          <gpxdata:speed>0.928</gpxdata:speed>
        </extensions>
      </trkpt>
      <trkpt lat="46.7369412" lon="9.9574502">
        <ele>2532.3</ele>
        <time>2026-09-15T12:46:40Z</time>
        <extensions>
          <gpxdata:distance>6779.84</gpxdata:distance>
          <gpxdata:speed>0.932</gpxdata:speed>
        </extensions>
      </trkpt>
      <trkpt lat="46.7369762" lon="9.9575042">
        <ele>2531.4</ele>
        <time>2026-09-15T12:46:46Z</time>
        <extensions>
          <gpxdata:distance>6785.51</gpxdata:distance>
          <gpxdata:speed>0.935</gpxdata:speed>
        </extensions>
      </trkpt>
      <trkpt lat="46.7369932" lon="9.9575582">
        <ele>2530.8</ele>
        <time>2026-09-15T12:46:51Z</time>
        <extensions>
          <gpxdata:distance>6790.03</gpxdata:distance>
          <gpxdata:speed>0.940</gpxdata:speed>
        </extensions>
      </trkpt>
      <trkpt lat="46.7370452" lon="9.9576392">
        <ele>2529.3</ele>
        <time>2026-09-15T12:47:00Z</time>
        <extensions>
          <gpxdata:distance>6798.49</gpxdata:distance>
          <gpxdata:speed>0.929</gpxdata:speed>
        </extensions>
      </trkpt>
      <trkpt lat="46.7371332" lon="9.9577472">
        <ele>2527.6</ele>
        <time>2026-09-15T12:47:14Z</time>
        <extensions>
          <gpxdata:distance>6811.28</gpxdata:distance>
          <gpxdata:speed>0.926</gpxdata:speed>
        </extensions>
      </trkpt>
      <trkpt lat="46.7371762" lon="9.9578152">
        <ele>2526.5</ele>
        <time>2026-09-15T12:47:22Z</time>
        <extensions>
          <gpxdata:distance>6818.33</gpxdata:distance>
          <gpxdata:speed>0.939</gpxdata:speed>
        </extensions>
      </trkpt>
      <trkpt lat="46.7372382" lon="9.9578832">
        <ele>2525.2</ele>
        <time>2026-09-15T12:47:31Z</time>
        <extensions>
          <gpxdata:distance>6826.95</gpxdata:distance>
          <gpxdata:speed>0.936</gpxdata:speed>
        </extensions>
      </trkpt>
      <trkpt lat="46.7372722" lon="9.9579502">
        <ele>2524.6</ele>
        <time>2026-09-15T12:47:38Z</time>
        <extensions>
          <gpxdata:distance>6833.31</gpxdata:distance>
          <gpxdata:speed>0.938</gpxdata:speed>
        </extensions>
      </trkpt>
      <trkpt lat="46.7372992" lon="9.9579512">
        <ele>2524.8</ele>
        <time>2026-09-15T12:47:41Z</time>
        <extensions>
          <gpxdata:distance>6836.31</gpxdata:distance>
          <gpxdata:speed>0.926</gpxdata:speed>
        </extensions>
      </trkpt>
      <trkpt lat="46.7373072" lon="9.9579912">
        <ele>2524.0</ele>
        <time>2026-09-15T12:47:44Z</time>
        <extensions>
          <gpxdata:distance>6839.49</gpxdata:distance>
          <gpxdata:speed>0.930</gpxdata:speed>
        </extensions>
      </trkpt>
      <trkpt lat="46.7373692" lon="9.9580332">
        <ele>2523.1</ele>
        <time>2026-09-15T12:47:53Z</time>
        <extensions>
          <gpxdata:distance>6847.09</gpxdata:distance>
          <gpxdata:speed>0.926</gpxdata:speed>
        </extensions>
      </trkpt>
      <trkpt lat="46.7374042" lon="9.9581002">
        <ele>2522.2</ele>
        <time>2026-09-15T12:47:59Z</time>
        <extensions>
          <gpxdata:distance>6853.51</gpxdata:distance>
          <gpxdata:speed>0.927</gpxdata:speed>
        </extensions>
      </trkpt>
      <trkpt lat="46.7374552" lon="9.9582212">
        <ele>2520.8</ele>
        <time>2026-09-15T12:48:11Z</time>
        <extensions>
          <gpxdata:distance>6864.33</gpxdata:distance>
          <gpxdata:speed>0.921</gpxdata:speed>
        </extensions>
      </trkpt>
      <trkpt lat="46.7374902" lon="9.9582752">
        <ele>2519.3</ele>
        <time>2026-09-15T12:48:17Z</time>
        <extensions>
          <gpxdata:distance>6870.00</gpxdata:distance>
          <gpxdata:speed>0.932</gpxdata:speed>
        </extensions>
      </trkpt>
      <trkpt lat="46.7375162" lon="9.9583022">
        <ele>2519.0</ele>
        <time>2026-09-15T12:48:21Z</time>
        <extensions>
          <gpxdata:distance>6873.54</gpxdata:distance>
          <gpxdata:speed>0.927</gpxdata:speed>
        </extensions>
      </trkpt>
      <trkpt lat="46.7375602" lon="9.9583692">
        <ele>2517.6</ele>
        <time>2026-09-15T12:48:29Z</time>
        <extensions>
          <gpxdata:distance>6880.62</gpxdata:distance>
          <gpxdata:speed>0.932</gpxdata:speed>
        </extensions>
      </trkpt>
      <trkpt lat="46.7375952" lon="9.9584232">
        <ele>2516.5</ele>
        <time>2026-09-15T12:48:35Z</time>
        <extensions>
          <gpxdata:distance>6886.28</gpxdata:distance>
          <gpxdata:speed>0.936</gpxdata:speed>
        </extensions>
      </trkpt>
      <trkpt lat="46.7376302" lon="9.9584772">
        <ele>2515.6</ele>
        <time>2026-09-15T12:48:41Z</time>
        <extensions>
          <gpxdata:distance>6891.94</gpxdata:distance>
          <gpxdata:speed>0.919</gpxdata:speed>
        </extensions>
      </trkpt>
      <trkpt lat="46.7376742" lon="9.9585192">
        <ele>2514.8</ele>
        <time>2026-09-15T12:48:47Z</time>
        <extensions>
          <gpxdata:distance>6897.79</gpxdata:distance>
          <gpxdata:speed>0.929</gpxdata:speed>
        </extensions>
      </trkpt>
      <trkpt lat="46.7377772" lon="9.9587332">
        <ele>2510.7</ele>
        <time>2026-09-15T12:49:09Z</time>
        <extensions>
          <gpxdata:distance>6917.72</gpxdata:distance>
          <gpxdata:speed>0.905</gpxdata:speed>
        </extensions>
      </trkpt>
      <trkpt lat="46.7378632" lon="9.9589072">
        <ele>2508.4</ele>
        <time>2026-09-15T12:49:27Z</time>
        <extensions>
          <gpxdata:distance>6934.07</gpxdata:distance>
          <gpxdata:speed>0.911</gpxdata:speed>
        </extensions>
      </trkpt>
      <trkpt lat="46.7379412" lon="9.9590682">
        <ele>2506.0</ele>
        <time>2026-09-15T12:49:44Z</time>
        <extensions>
          <gpxdata:distance>6949.09</gpxdata:distance>
          <gpxdata:speed>0.906</gpxdata:speed>
        </extensions>
      </trkpt>
      <trkpt lat="46.7380012" lon="9.9591762">
        <ele>2504.5</ele>
        <time>2026-09-15T12:49:55Z</time>
        <extensions>
          <gpxdata:distance>6959.69</gpxdata:distance>
          <gpxdata:speed>0.920</gpxdata:speed>
        </extensions>
      </trkpt>
      <trkpt lat="46.7381212" lon="9.9594692">
        <ele>2501.1</ele>
        <time>2026-09-15T12:50:23Z</time>
        <extensions>
          <gpxdata:distance>6985.70</gpxdata:distance>
          <gpxdata:speed>0.927</gpxdata:speed>
        </extensions>
      </trkpt>
      <trkpt lat="46.7381542" lon="9.9595752">
        <ele>2500.0</ele>
        <time>2026-09-15T12:50:33Z</time>
        <extensions>
          <gpxdata:distance>6994.57</gpxdata:distance>
          <gpxdata:speed>0.934</gpxdata:speed>
        </extensions>
      </trkpt>
      <trkpt lat="46.7381812" lon="9.9596032">
        <ele>2499.4</ele>
        <time>2026-09-15T12:50:37Z</time>
        <extensions>
          <gpxdata:distance>6998.25</gpxdata:distance>
          <gpxdata:speed>0.936</gpxdata:speed>
        </extensions>
      </trkpt>
      <trkpt lat="46.7382262" lon="9.9596052">
        <ele>2499.6</ele>
        <time>2026-09-15T12:50:42Z</time>
        <extensions>
          <gpxdata:distance>7003.26</gpxdata:distance>
          <gpxdata:speed>0.934</gpxdata:speed>
        </extensions>
      </trkpt>
      <trkpt lat="46.7382522" lon="9.9596452">
        <ele>2499.4</ele>
        <time>2026-09-15T12:50:47Z</time>
        <extensions>
          <gpxdata:distance>7007.46</gpxdata:distance>
          <gpxdata:speed>0.931</gpxdata:speed>
        </extensions>
      </trkpt>
      <trkpt lat="46.7382422" lon="9.9596972">
        <ele>2499.0</ele>
        <time>2026-09-15T12:50:51Z</time>
        <extensions>
          <gpxdata:distance>7011.58</gpxdata:distance>
          <gpxdata:speed>0.917</gpxdata:speed>
        </extensions>
      </trkpt>
      <trkpt lat="46.7382492" lon="9.9597762">
        <ele>2498.1</ele>
        <time>2026-09-15T12:50:58Z</time>
        <extensions>
          <gpxdata:distance>7017.65</gpxdata:distance>
          <gpxdata:speed>0.916</gpxdata:speed>
        </extensions>
      </trkpt>
      <trkpt lat="46.7382482" lon="9.9598292">
        <ele>2497.9</ele>
        <time>2026-09-15T12:51:02Z</time>
        <extensions>
          <gpxdata:distance>7021.69</gpxdata:distance>
          <gpxdata:speed>0.905</gpxdata:speed>
        </extensions>
      </trkpt>
      <trkpt lat="46.7382452" lon="9.9599332">
        <ele>2497.3</ele>
        <time>2026-09-15T12:51:11Z</time>
        <extensions>
          <gpxdata:distance>7029.62</gpxdata:distance>
          <gpxdata:speed>0.897</gpxdata:speed>
        </extensions>
      </trkpt>
      <trkpt lat="46.7382602" lon="9.9600782">
        <ele>2496.2</ele>
        <time>2026-09-15T12:51:23Z</time>
        <extensions>
          <gpxdata:distance>7040.79</gpxdata:distance>
          <gpxdata:speed>0.906</gpxdata:speed>
        </extensions>
      </trkpt>
      <trkpt lat="46.7382592" lon="9.9601302">
        <ele>2495.8</ele>
        <time>2026-09-15T12:51:28Z</time>
        <extensions>
          <gpxdata:distance>7044.76</gpxdata:distance>
          <gpxdata:speed>0.912</gpxdata:speed>
        </extensions>
      </trkpt>
      <trkpt lat="46.7382402" lon="9.9601692">
        <ele>2495.3</ele>
        <time>2026-09-15T12:51:32Z</time>
        <extensions>
          <gpxdata:distance>7048.40</gpxdata:distance>
          <gpxdata:speed>0.914</gpxdata:speed>
        </extensions>
      </trkpt>
      <trkpt lat="46.7382302" lon="9.9602202">
        <ele>2494.9</ele>
        <time>2026-09-15T12:51:36Z</time>
        <extensions>
          <gpxdata:distance>7052.45</gpxdata:distance>
          <gpxdata:speed>0.899</gpxdata:speed>
        </extensions>
      </trkpt>
      <trkpt lat="46.7382382" lon="9.9602862">
        <ele>2494.1</ele>
        <time>2026-09-15T12:51:42Z</time>
        <extensions>
          <gpxdata:distance>7057.55</gpxdata:distance>
          <gpxdata:speed>0.900</gpxdata:speed>
        </extensions>
      </trkpt>
      <trkpt lat="46.7382452" lon="9.9603782">
        <ele>2493.0</ele>
        <time>2026-09-15T12:51:50Z</time>
        <extensions>
          <gpxdata:distance>7064.61</gpxdata:distance>
          <gpxdata:speed>0.906</gpxdata:speed>
        </extensions>
      </trkpt>
      <trkpt lat="46.7382522" lon="9.9604312">
        <ele>2492.6</ele>
        <time>2026-09-15T12:51:54Z</time>
        <extensions>
          <gpxdata:distance>7068.72</gpxdata:distance>
          <gpxdata:speed>0.901</gpxdata:speed>
        </extensions>
      </trkpt>
      <trkpt lat="46.7382602" lon="9.9604842">
        <ele>2492.4</ele>
        <time>2026-09-15T12:51:59Z</time>
        <extensions>
          <gpxdata:distance>7072.86</gpxdata:distance>
          <gpxdata:speed>0.901</gpxdata:speed>
        </extensions>
      </trkpt>
      <trkpt lat="46.7382772" lon="9.9605372">
        <ele>2491.5</ele>
        <time>2026-09-15T12:52:04Z</time>
        <extensions>
          <gpxdata:distance>7077.32</gpxdata:distance>
          <gpxdata:speed>0.914</gpxdata:speed>
        </extensions>
      </trkpt>
      <trkpt lat="46.7382942" lon="9.9605772">
        <ele>2491.1</ele>
        <time>2026-09-15T12:52:08Z</time>
        <extensions>
          <gpxdata:distance>7080.90</gpxdata:distance>
          <gpxdata:speed>0.919</gpxdata:speed>
        </extensions>
      </trkpt>
      <trkpt lat="46.7383022" lon="9.9606302">
        <ele>2490.2</ele>
        <time>2026-09-15T12:52:12Z</time>
        <extensions>
          <gpxdata:distance>7085.04</gpxdata:distance>
          <gpxdata:speed>0.930</gpxdata:speed>
        </extensions>
      </trkpt>
      <trkpt lat="46.7382922" lon="9.9606552">
        <ele>2489.4</ele>
        <time>2026-09-15T12:52:14Z</time>
        <extensions>
          <gpxdata:distance>7087.25</gpxdata:distance>
          <gpxdata:speed>0.937</gpxdata:speed>
        </extensions>
      </trkpt>
      <trkpt lat="46.7383102" lon="9.9606952">
        <ele>2488.7</ele>
        <time>2026-09-15T12:52:18Z</time>
        <extensions>
          <gpxdata:distance>7090.89</gpxdata:distance>
          <gpxdata:speed>0.925</gpxdata:speed>
        </extensions>
      </trkpt>
      <trkpt lat="46.7383262" lon="9.9607882">
        <ele>2487.9</ele>
        <time>2026-09-15T12:52:26Z</time>
        <extensions>
          <gpxdata:distance>7098.20</gpxdata:distance>
          <gpxdata:speed>0.937</gpxdata:speed>
        </extensions>
      </trkpt>
      <trkpt lat="46.7383422" lon="9.9608672">
        <ele>2487.2</ele>
        <time>2026-09-15T12:52:33Z</time>
        <extensions>
          <gpxdata:distance>7104.48</gpxdata:distance>
          <gpxdata:speed>0.936</gpxdata:speed>
        </extensions>
      </trkpt>
      <trkpt lat="46.7383302" lon="9.9609712">
        <ele>2486.1</ele>
        <time>2026-09-15T12:52:41Z</time>
        <extensions>
          <gpxdata:distance>7112.51</gpxdata:distance>
          <gpxdata:speed>0.939</gpxdata:speed>
        </extensions>
      </trkpt>
      <trkpt lat="46.7383362" lon="9.9611292">
        <ele>2484.3</ele>
        <time>2026-09-15T12:52:54Z</time>
        <extensions>
          <gpxdata:distance>7124.57</gpxdata:distance>
          <gpxdata:speed>0.931</gpxdata:speed>
        </extensions>
      </trkpt>
      <trkpt lat="46.7383522" lon="9.9612342">
        <ele>2483.3</ele>
        <time>2026-09-15T12:53:03Z</time>
        <extensions>
          <gpxdata:distance>7132.77</gpxdata:distance>
          <gpxdata:speed>0.938</gpxdata:speed>
        </extensions>
      </trkpt>
      <trkpt lat="46.7383592" lon="9.9612872">
        <ele>2482.3</ele>
        <time>2026-09-15T12:53:08Z</time>
        <extensions>
          <gpxdata:distance>7136.88</gpxdata:distance>
          <gpxdata:speed>0.930</gpxdata:speed>
        </extensions>
      </trkpt>
      <trkpt lat="46.7383843" lon="9.9613932">
        <ele>2481.4</ele>
        <time>2026-09-15T12:53:17Z</time>
        <extensions>
          <gpxdata:distance>7145.43</gpxdata:distance>
          <gpxdata:speed>0.936</gpxdata:speed>
        </extensions>
      </trkpt>
      <trkpt lat="46.7384093" lon="9.9614722">
        <ele>2480.4</ele>
        <time>2026-09-15T12:53:24Z</time>
        <extensions>
          <gpxdata:distance>7152.06</gpxdata:distance>
          <gpxdata:speed>0.930</gpxdata:speed>
        </extensions>
      </trkpt>
      <trkpt lat="46.7384353" lon="9.9615522">
        <ele>2479.2</ele>
        <time>2026-09-15T12:53:31Z</time>
        <extensions>
          <gpxdata:distance>7158.81</gpxdata:distance>
          <gpxdata:speed>0.931</gpxdata:speed>
        </extensions>
      </trkpt>
      <trkpt lat="46.7384693" lon="9.9616322">
        <ele>2477.4</ele>
        <time>2026-09-15T12:53:39Z</time>
        <extensions>
          <gpxdata:distance>7165.98</gpxdata:distance>
          <gpxdata:speed>0.933</gpxdata:speed>
        </extensions>
      </trkpt>
      <trkpt lat="46.7385213" lon="9.9617262">
        <ele>2476.3</ele>
        <time>2026-09-15T12:53:49Z</time>
        <extensions>
          <gpxdata:distance>7175.19</gpxdata:distance>
          <gpxdata:speed>0.934</gpxdata:speed>
        </extensions>
      </trkpt>
      <trkpt lat="46.7385293" lon="9.9617662">
        <ele>2475.7</ele>
        <time>2026-09-15T12:53:52Z</time>
        <extensions>
          <gpxdata:distance>7178.36</gpxdata:distance>
          <gpxdata:speed>0.929</gpxdata:speed>
        </extensions>
      </trkpt>
      <trkpt lat="46.7385803" lon="9.9618862">
        <ele>2474.4</ele>
        <time>2026-09-15T12:54:04Z</time>
        <extensions>
          <gpxdata:distance>7189.12</gpxdata:distance>
          <gpxdata:speed>0.935</gpxdata:speed>
        </extensions>
      </trkpt>
      <trkpt lat="46.7385963" lon="9.9619662">
        <ele>2473.3</ele>
        <time>2026-09-15T12:54:10Z</time>
        <extensions>
          <gpxdata:distance>7195.47</gpxdata:distance>
          <gpxdata:speed>0.927</gpxdata:speed>
        </extensions>
      </trkpt>
      <trkpt lat="46.7386303" lon="9.9620592">
        <ele>2472.5</ele>
        <time>2026-09-15T12:54:19Z</time>
        <extensions>
          <gpxdata:distance>7203.51</gpxdata:distance>
          <gpxdata:speed>0.937</gpxdata:speed>
        </extensions>
      </trkpt>
      <trkpt lat="46.7386623" lon="9.9622442">
        <ele>2469.9</ele>
        <time>2026-09-15T12:54:35Z</time>
        <extensions>
          <gpxdata:distance>7218.05</gpxdata:distance>
          <gpxdata:speed>0.929</gpxdata:speed>
        </extensions>
      </trkpt>
      <trkpt lat="46.7386963" lon="9.9623502">
        <ele>2468.6</ele>
        <time>2026-09-15T12:54:44Z</time>
        <extensions>
          <gpxdata:distance>7226.96</gpxdata:distance>
          <gpxdata:speed>0.930</gpxdata:speed>
        </extensions>
      </trkpt>
      <trkpt lat="46.7387043" lon="9.9623902">
        <ele>2467.8</ele>
        <time>2026-09-15T12:54:48Z</time>
        <extensions>
          <gpxdata:distance>7230.14</gpxdata:distance>
          <gpxdata:speed>0.927</gpxdata:speed>
        </extensions>
      </trkpt>
      <trkpt lat="46.7387393" lon="9.9624572">
        <ele>2466.9</ele>
        <time>2026-09-15T12:54:54Z</time>
        <extensions>
          <gpxdata:distance>7236.56</gpxdata:distance>
          <gpxdata:speed>0.939</gpxdata:speed>
        </extensions>
      </trkpt>
      <trkpt lat="46.7387733" lon="9.9625502">
        <ele>2466.3</ele>
        <time>2026-09-15T12:55:03Z</time>
        <extensions>
          <gpxdata:distance>7244.59</gpxdata:distance>
          <gpxdata:speed>0.935</gpxdata:speed>
        </extensions>
      </trkpt>
      <trkpt lat="46.7387983" lon="9.9626032">
        <ele>2465.7</ele>
        <time>2026-09-15T12:55:08Z</time>
        <extensions>
          <gpxdata:distance>7249.49</gpxdata:distance>
          <gpxdata:speed>0.931</gpxdata:speed>
        </extensions>
      </trkpt>
      <trkpt lat="46.7388063" lon="9.9626822">
        <ele>2464.8</ele>
        <time>2026-09-15T12:55:15Z</time>
        <extensions>
          <gpxdata:distance>7255.58</gpxdata:distance>
          <gpxdata:speed>0.935</gpxdata:speed>
        </extensions>
      </trkpt>
      <trkpt lat="46.7388223" lon="9.9627352">
        <ele>2464.6</ele>
        <time>2026-09-15T12:55:20Z</time>
        <extensions>
          <gpxdata:distance>7259.99</gpxdata:distance>
          <gpxdata:speed>0.926</gpxdata:speed>
        </extensions>
      </trkpt>
      <trkpt lat="46.7388493" lon="9.9627762">
        <ele>2464.6</ele>
        <time>2026-09-15T12:55:24Z</time>
        <extensions>
          <gpxdata:distance>7264.33</gpxdata:distance>
          <gpxdata:speed>0.922</gpxdata:speed>
        </extensions>
      </trkpt>
      <trkpt lat="46.7388653" lon="9.9628552">
        <ele>2464.0</ele>
        <time>2026-09-15T12:55:31Z</time>
        <extensions>
          <gpxdata:distance>7270.60</gpxdata:distance>
          <gpxdata:speed>0.906</gpxdata:speed>
        </extensions>
      </trkpt>
      <trkpt lat="46.7389053" lon="9.9630672">
        <ele>2461.8</ele>
        <time>2026-09-15T12:55:50Z</time>
        <extensions>
          <gpxdata:distance>7287.36</gpxdata:distance>
          <gpxdata:speed>0.906</gpxdata:speed>
        </extensions>
      </trkpt>
      <trkpt lat="46.7389493" lon="9.9631212">
        <ele>2461.2</ele>
        <time>2026-09-15T12:55:57Z</time>
        <extensions>
          <gpxdata:distance>7293.75</gpxdata:distance>
          <gpxdata:speed>0.898</gpxdata:speed>
        </extensions>
      </trkpt>
      <trkpt lat="46.7389993" lon="9.9632942">
        <ele>2460.1</ele>
        <time>2026-09-15T12:56:13Z</time>
        <extensions>
          <gpxdata:distance>7308.06</gpxdata:distance>
          <gpxdata:speed>0.900</gpxdata:speed>
        </extensions>
      </trkpt>
      <trkpt lat="46.7390333" lon="9.9633872">
        <ele>2459.1</ele>
        <time>2026-09-15T12:56:22Z</time>
        <extensions>
          <gpxdata:distance>7316.09</gpxdata:distance>
          <gpxdata:speed>0.895</gpxdata:speed>
        </extensions>
      </trkpt>
      <trkpt lat="46.7390333" lon="9.9633872">
        <ele>2459.1</ele>
        <time>2026-09-15T12:56:22Z</time>
        <extensions>
          <gpxdata:distance>7316.09</gpxdata:distance>
          <gpxdata:speed>0.000</gpxdata:speed>
        </extensions>
      </trkpt>
      <trkpt lat="46.7390953" lon="9.9634422">
        <ele>2457.8</ele>
        <time>2026-09-15T12:56:31Z</time>
        <extensions>
          <gpxdata:distance>7324.16</gpxdata:distance>
          <gpxdata:speed>0.896</gpxdata:speed>
        </extensions>
      </trkpt>
      <trkpt lat="46.7391563" lon="9.9635372">
        <ele>2455.4</ele>
        <time>2026-09-15T12:56:42Z</time>
        <extensions>
          <gpxdata:distance>7334.08</gpxdata:distance>
          <gpxdata:speed>0.916</gpxdata:speed>
        </extensions>
      </trkpt>
      <trkpt lat="46.7392353" lon="9.9636063">
        <ele>2454.0</ele>
        <time>2026-09-15T12:56:53Z</time>
        <extensions>
          <gpxdata:distance>7344.32</gpxdata:distance>
          <gpxdata:speed>0.924</gpxdata:speed>
        </extensions>
      </trkpt>
      <trkpt lat="46.7393323" lon="9.9637023">
        <ele>2450.6</ele>
        <time>2026-09-15T12:57:07Z</time>
        <extensions>
          <gpxdata:distance>7357.36</gpxdata:distance>
          <gpxdata:speed>0.934</gpxdata:speed>
        </extensions>
      </trkpt>
      <trkpt lat="46.7394113" lon="9.9638103">
        <ele>2448.2</ele>
        <time>2026-09-15T12:57:20Z</time>
        <extensions>
          <gpxdata:distance>7369.39</gpxdata:distance>
          <gpxdata:speed>0.919</gpxdata:speed>
        </extensions>
      </trkpt>
      <trkpt lat="46.7394193" lon="9.9638373">
        <ele>2447.2</ele>
        <time>2026-09-15T12:57:22Z</time>
        <extensions>
          <gpxdata:distance>7371.64</gpxdata:distance>
          <gpxdata:speed>0.899</gpxdata:speed>
        </extensions>
      </trkpt>
      <trkpt lat="46.7393923" lon="9.9638363">
        <ele>2446.3</ele>
        <time>2026-09-15T12:57:26Z</time>
        <extensions>
          <gpxdata:distance>7374.64</gpxdata:distance>
          <gpxdata:speed>0.872</gpxdata:speed>
        </extensions>
      </trkpt>
      <trkpt lat="46.7394003" lon="9.9638753">
        <ele>2445.8</ele>
        <time>2026-09-15T12:57:29Z</time>
        <extensions>
          <gpxdata:distance>7377.74</gpxdata:distance>
          <gpxdata:speed>0.872</gpxdata:speed>
        </extensions>
      </trkpt>
      <trkpt lat="46.7394803" lon="9.9639443">
        <ele>2443.9</ele>
        <time>2026-09-15T12:57:41Z</time>
        <extensions>
          <gpxdata:distance>7388.07</gpxdata:distance>
          <gpxdata:speed>0.872</gpxdata:speed>
        </extensions>
      </trkpt>
      <trkpt lat="46.7395513" lon="9.9639613">
        <ele>2441.9</ele>
        <time>2026-09-15T12:57:50Z</time>
        <extensions>
          <gpxdata:distance>7396.08</gpxdata:distance>
          <gpxdata:speed>0.872</gpxdata:speed>
        </extensions>
      </trkpt>
      <trkpt lat="46.7396323" lon="9.9639653">
        <ele>2441.2</ele>
        <time>2026-09-15T12:58:01Z</time>
        <extensions>
          <gpxdata:distance>7405.09</gpxdata:distance>
          <gpxdata:speed>0.872</gpxdata:speed>
        </extensions>
      </trkpt>
      <trkpt lat="46.7396773" lon="9.9639543">
        <ele>2440.7</ele>
        <time>2026-09-15T12:58:06Z</time>
        <extensions>
          <gpxdata:distance>7410.16</gpxdata:distance>
          <gpxdata:speed>0.872</gpxdata:speed>
        </extensions>
      </trkpt>
      <trkpt lat="46.7397313" lon="9.9639563">
        <ele>2440.4</ele>
        <time>2026-09-15T12:58:13Z</time>
        <extensions>
          <gpxdata:distance>7416.17</gpxdata:distance>
          <gpxdata:speed>0.908</gpxdata:speed>
        </extensions>
      </trkpt>
      <trkpt lat="46.7398043" lon="9.9639333">
        <ele>2439.3</ele>
        <time>2026-09-15T12:58:22Z</time>
        <extensions>
          <gpxdata:distance>7424.47</gpxdata:distance>
          <gpxdata:speed>0.924</gpxdata:speed>
        </extensions>
      </trkpt>
      <trkpt lat="46.7398953" lon="9.9638853">
        <ele>2437.1</ele>
        <time>2026-09-15T12:58:34Z</time>
        <extensions>
          <gpxdata:distance>7435.23</gpxdata:distance>
          <gpxdata:speed>0.928</gpxdata:speed>
        </extensions>
      </trkpt>
      <trkpt lat="46.7399323" lon="9.9638613">
        <ele>2437.3</ele>
        <time>2026-09-15T12:58:38Z</time>
        <extensions>
          <gpxdata:distance>7439.73</gpxdata:distance>
          <gpxdata:speed>0.929</gpxdata:speed>
        </extensions>
      </trkpt>
      <trkpt lat="46.7399773" lon="9.9638503">
        <ele>2436.5</ele>
        <time>2026-09-15T12:58:44Z</time>
        <extensions>
          <gpxdata:distance>7444.81</gpxdata:distance>
          <gpxdata:speed>0.930</gpxdata:speed>
        </extensions>
      </trkpt>
      <trkpt lat="46.7399763" lon="9.9638633">
        <ele>2435.7</ele>
        <time>2026-09-15T12:58:45Z</time>
        <extensions>
          <gpxdata:distance>7445.80</gpxdata:distance>
          <gpxdata:speed>0.933</gpxdata:speed>
        </extensions>
      </trkpt>
      <trkpt lat="46.7399763" lon="9.9638763">
        <ele>2435.4</ele>
        <time>2026-09-15T12:58:46Z</time>
        <extensions>
          <gpxdata:distance>7446.79</gpxdata:distance>
          <gpxdata:speed>0.920</gpxdata:speed>
        </extensions>
      </trkpt>
      <trkpt lat="46.7399303" lon="9.9639133">
        <ele>2434.6</ele>
        <time>2026-09-15T12:58:52Z</time>
        <extensions>
          <gpxdata:distance>7452.63</gpxdata:distance>
          <gpxdata:speed>0.930</gpxdata:speed>
        </extensions>
      </trkpt>
      <trkpt lat="46.7399123" lon="9.9639393">
        <ele>2434.0</ele>
        <time>2026-09-15T12:58:55Z</time>
        <extensions>
          <gpxdata:distance>7455.45</gpxdata:distance>
          <gpxdata:speed>0.938</gpxdata:speed>
        </extensions>
      </trkpt>
      <trkpt lat="46.7399023" lon="9.9639643">
        <ele>2433.2</ele>
        <time>2026-09-15T12:58:58Z</time>
        <extensions>
          <gpxdata:distance>7457.66</gpxdata:distance>
          <gpxdata:speed>0.908</gpxdata:speed>
        </extensions>
      </trkpt>
      <trkpt lat="46.7399113" lon="9.9639783">
        <ele>2432.9</ele>
        <time>2026-09-15T12:58:59Z</time>
        <extensions>
          <gpxdata:distance>7459.12</gpxdata:distance>
          <gpxdata:speed>0.893</gpxdata:speed>
        </extensions>
      </trkpt>
      <trkpt lat="46.7399293" lon="9.9639663">
        <ele>2432.1</ele>
        <time>2026-09-15T12:59:02Z</time>
        <extensions>
          <gpxdata:distance>7461.32</gpxdata:distance>
          <gpxdata:speed>0.883</gpxdata:speed>
        </extensions>
      </trkpt>
      <trkpt lat="46.7399283" lon="9.9640053">
        <ele>2431.3</ele>
        <time>2026-09-15T12:59:05Z</time>
        <extensions>
          <gpxdata:distance>7464.29</gpxdata:distance>
          <gpxdata:speed>0.872</gpxdata:speed>
        </extensions>
      </trkpt>
      <trkpt lat="46.7399373" lon="9.9640053">
        <ele>2430.7</ele>
        <time>2026-09-15T12:59:06Z</time>
        <extensions>
          <gpxdata:distance>7465.29</gpxdata:distance>
          <gpxdata:speed>0.872</gpxdata:speed>
        </extensions>
      </trkpt>
      <trkpt lat="46.7399833" lon="9.9639943">
        <ele>2428.8</ele>
        <time>2026-09-15T12:59:12Z</time>
        <extensions>
          <gpxdata:distance>7470.48</gpxdata:distance>
          <gpxdata:speed>0.872</gpxdata:speed>
        </extensions>
      </trkpt>
      <trkpt lat="46.7400373" lon="9.9639973">
        <ele>2426.8</ele>
        <time>2026-09-15T12:59:19Z</time>
        <extensions>
          <gpxdata:distance>7476.49</gpxdata:distance>
          <gpxdata:speed>0.872</gpxdata:speed>
        </extensions>
      </trkpt>
      <trkpt lat="46.7400363" lon="9.9640103">
        <ele>2426.8</ele>
        <time>2026-09-15T12:59:20Z</time>
        <extensions>
          <gpxdata:distance>7477.48</gpxdata:distance>
          <gpxdata:speed>0.872</gpxdata:speed>
        </extensions>
      </trkpt>
      <trkpt lat="46.7400173" lon="9.9640483">
        <ele>2424.9</ele>
        <time>2026-09-15T12:59:24Z</time>
        <extensions>
          <gpxdata:distance>7481.07</gpxdata:distance>
          <gpxdata:speed>0.872</gpxdata:speed>
        </extensions>
      </trkpt>
      <trkpt lat="46.7399993" lon="9.9640873">
        <ele>2424.1</ele>
        <time>2026-09-15T12:59:29Z</time>
        <extensions>
          <gpxdata:distance>7484.65</gpxdata:distance>
          <gpxdata:speed>0.872</gpxdata:speed>
        </extensions>
      </trkpt>
      <trkpt lat="46.7399973" lon="9.9641653">
        <ele>2422.4</ele>
        <time>2026-09-15T12:59:35Z</time>
        <extensions>
          <gpxdata:distance>7490.60</gpxdata:distance>
          <gpxdata:speed>0.872</gpxdata:speed>
        </extensions>
      </trkpt>
      <trkpt lat="46.7399873" lon="9.9641913">
        <ele>2421.9</ele>
        <time>2026-09-15T12:59:38Z</time>
        <extensions>
          <gpxdata:distance>7492.87</gpxdata:distance>
          <gpxdata:speed>0.872</gpxdata:speed>
        </extensions>
      </trkpt>
      <trkpt lat="46.7399603" lon="9.9642163">
        <ele>2421.3</ele>
        <time>2026-09-15T12:59:42Z</time>
        <extensions>
          <gpxdata:distance>7496.43</gpxdata:distance>
          <gpxdata:speed>0.872</gpxdata:speed>
        </extensions>
      </trkpt>
      <trkpt lat="46.7399413" lon="9.9642283">
        <ele>2420.8</ele>
        <time>2026-09-15T12:59:45Z</time>
        <extensions>
          <gpxdata:distance>7498.73</gpxdata:distance>
          <gpxdata:speed>0.872</gpxdata:speed>
        </extensions>
      </trkpt>
      <trkpt lat="46.7399583" lon="9.9642943">
        <ele>2418.1</ele>
        <time>2026-09-15T12:59:51Z</time>
        <extensions>
          <gpxdata:distance>7504.10</gpxdata:distance>
          <gpxdata:speed>0.872</gpxdata:speed>
        </extensions>
      </trkpt>
      <trkpt lat="46.7399763" lon="9.9642953">
        <ele>2418.1</ele>
        <time>2026-09-15T12:59:53Z</time>
        <extensions>
          <gpxdata:distance>7506.11</gpxdata:distance>
          <gpxdata:speed>0.872</gpxdata:speed>
        </extensions>
      </trkpt>
      <trkpt lat="46.7400223" lon="9.9642583">
        <ele>2416.4</ele>
        <time>2026-09-15T13:00:00Z</time>
        <extensions>
          <gpxdata:distance>7511.95</gpxdata:distance>
          <gpxdata:speed>0.872</gpxdata:speed>
        </extensions>
      </trkpt>
      <trkpt lat="46.7400493" lon="9.9642463">
        <ele>2415.5</ele>
        <time>2026-09-15T13:00:03Z</time>
        <extensions>
          <gpxdata:distance>7515.08</gpxdata:distance>
          <gpxdata:speed>0.872</gpxdata:speed>
        </extensions>
      </trkpt>
      <trkpt lat="46.7400763" lon="9.9642343">
        <ele>2414.4</ele>
        <time>2026-09-15T13:00:07Z</time>
        <extensions>
          <gpxdata:distance>7518.22</gpxdata:distance>
          <gpxdata:speed>0.872</gpxdata:speed>
        </extensions>
      </trkpt>
      <trkpt lat="46.7400953" lon="9.9641963">
        <ele>2413.8</ele>
        <time>2026-09-15T13:00:11Z</time>
        <extensions>
          <gpxdata:distance>7521.81</gpxdata:distance>
          <gpxdata:speed>0.872</gpxdata:speed>
        </extensions>
      </trkpt>
      <trkpt lat="46.7401233" lon="9.9641713">
        <ele>2412.9</ele>
        <time>2026-09-15T13:00:15Z</time>
        <extensions>
          <gpxdata:distance>7525.46</gpxdata:distance>
          <gpxdata:speed>0.872</gpxdata:speed>
        </extensions>
      </trkpt>
      <trkpt lat="46.7401603" lon="9.9641333">
        <ele>2411.9</ele>
        <time>2026-09-15T13:00:21Z</time>
        <extensions>
          <gpxdata:distance>7530.49</gpxdata:distance>
          <gpxdata:speed>0.872</gpxdata:speed>
        </extensions>
      </trkpt>
      <trkpt lat="46.7401963" lon="9.9640963">
        <ele>2410.6</ele>
        <time>2026-09-15T13:00:27Z</time>
        <extensions>
          <gpxdata:distance>7535.38</gpxdata:distance>
          <gpxdata:speed>0.872</gpxdata:speed>
        </extensions>
      </trkpt>
      <trkpt lat="46.7402153" lon="9.9640843">
        <ele>2409.7</ele>
        <time>2026-09-15T13:00:29Z</time>
        <extensions>
          <gpxdata:distance>7537.69</gpxdata:distance>
          <gpxdata:speed>0.872</gpxdata:speed>
        </extensions>
      </trkpt>
      <trkpt lat="46.7402513" lon="9.9640463">
        <ele>2408.4</ele>
        <time>2026-09-15T13:00:35Z</time>
        <extensions>
          <gpxdata:distance>7542.63</gpxdata:distance>
          <gpxdata:speed>0.872</gpxdata:speed>
        </extensions>
      </trkpt>
      <trkpt lat="46.7402513" lon="9.9640593">
        <ele>2408.4</ele>
        <time>2026-09-15T13:00:36Z</time>
        <extensions>
          <gpxdata:distance>7543.62</gpxdata:distance>
          <gpxdata:speed>0.872</gpxdata:speed>
        </extensions>
      </trkpt>
      <trkpt lat="46.7402503" lon="9.9640983">
        <ele>2408.0</ele>
        <time>2026-09-15T13:00:40Z</time>
        <extensions>
          <gpxdata:distance>7546.59</gpxdata:distance>
          <gpxdata:speed>0.872</gpxdata:speed>
        </extensions>
      </trkpt>
      <trkpt lat="46.7402593" lon="9.9640993">
        <ele>2407.6</ele>
        <time>2026-09-15T13:00:41Z</time>
        <extensions>
          <gpxdata:distance>7547.60</gpxdata:distance>
          <gpxdata:speed>0.872</gpxdata:speed>
        </extensions>
      </trkpt>
      <trkpt lat="46.7402693" lon="9.9640863">
        <ele>2407.2</ele>
        <time>2026-09-15T13:00:42Z</time>
        <extensions>
          <gpxdata:distance>7549.08</gpxdata:distance>
          <gpxdata:speed>0.872</gpxdata:speed>
        </extensions>
      </trkpt>
      <trkpt lat="46.7402803" lon="9.9639823">
        <ele>2405.7</ele>
        <time>2026-09-15T13:00:52Z</time>
        <extensions>
          <gpxdata:distance>7557.10</gpxdata:distance>
          <gpxdata:speed>0.872</gpxdata:speed>
        </extensions>
      </trkpt>
      <trkpt lat="46.7402803" lon="9.9639563">
        <ele>2405.3</ele>
        <time>2026-09-15T13:00:54Z</time>
        <extensions>
          <gpxdata:distance>7559.08</gpxdata:distance>
          <gpxdata:speed>0.872</gpxdata:speed>
        </extensions>
      </trkpt>
      <trkpt lat="46.7402903" lon="9.9639173">
        <ele>2404.4</ele>
        <time>2026-09-15T13:00:58Z</time>
        <extensions>
          <gpxdata:distance>7562.26</gpxdata:distance>
          <gpxdata:speed>0.872</gpxdata:speed>
        </extensions>
      </trkpt>
      <trkpt lat="46.7403283" lon="9.9638403">
        <ele>2402.9</ele>
        <time>2026-09-15T13:01:06Z</time>
        <extensions>
          <gpxdata:distance>7569.49</gpxdata:distance>
          <gpxdata:speed>0.872</gpxdata:speed>
        </extensions>
      </trkpt>
      <trkpt lat="46.7404413" lon="9.9636363">
        <ele>2400.3</ele>
        <time>2026-09-15T13:01:28Z</time>
        <extensions>
          <gpxdata:distance>7589.48</gpxdata:distance>
          <gpxdata:speed>0.909</gpxdata:speed>
        </extensions>
      </trkpt>
      <trkpt lat="46.7404873" lon="9.9635863">
        <ele>2400.0</ele>
        <time>2026-09-15T13:01:35Z</time>
        <extensions>
          <gpxdata:distance>7595.86</gpxdata:distance>
          <gpxdata:speed>0.925</gpxdata:speed>
        </extensions>
      </trkpt>
      <trkpt lat="46.7405513" lon="9.9635103">
        <ele>2398.3</ele>
        <time>2026-09-15T13:01:45Z</time>
        <extensions>
          <gpxdata:distance>7605.03</gpxdata:distance>
          <gpxdata:speed>0.918</gpxdata:speed>
        </extensions>
      </trkpt>
      <trkpt lat="46.7405603" lon="9.9635113">
        <ele>2397.8</ele>
        <time>2026-09-15T13:01:46Z</time>
        <extensions>
          <gpxdata:distance>7606.03</gpxdata:distance>
          <gpxdata:speed>0.916</gpxdata:speed>
        </extensions>
      </trkpt>
      <trkpt lat="46.7405603" lon="9.9635373">
        <ele>2396.9</ele>
        <time>2026-09-15T13:01:48Z</time>
        <extensions>
          <gpxdata:distance>7608.02</gpxdata:distance>
          <gpxdata:speed>0.906</gpxdata:speed>
        </extensions>
      </trkpt>
      <trkpt lat="46.7405403" lon="9.9636013">
        <ele>2396.1</ele>
        <time>2026-09-15T13:01:54Z</time>
        <extensions>
          <gpxdata:distance>7613.38</gpxdata:distance>
          <gpxdata:speed>0.912</gpxdata:speed>
        </extensions>
      </trkpt>
      <trkpt lat="46.7405223" lon="9.9636273">
        <ele>2395.6</ele>
        <time>2026-09-15T13:01:57Z</time>
        <extensions>
          <gpxdata:distance>7616.19</gpxdata:distance>
          <gpxdata:speed>0.913</gpxdata:speed>
        </extensions>
      </trkpt>
      <trkpt lat="46.7404933" lon="9.9637043">
        <ele>2394.7</ele>
        <time>2026-09-15T13:02:04Z</time>
        <extensions>
          <gpxdata:distance>7622.89</gpxdata:distance>
          <gpxdata:speed>0.926</gpxdata:speed>
        </extensions>
      </trkpt>
      <trkpt lat="46.7404833" lon="9.9637433">
        <ele>2394.2</ele>
        <time>2026-09-15T13:02:08Z</time>
        <extensions>
          <gpxdata:distance>7626.06</gpxdata:distance>
          <gpxdata:speed>0.935</gpxdata:speed>
        </extensions>
      </trkpt>
      <trkpt lat="46.7404733" lon="9.9637953">
        <ele>2393.4</ele>
        <time>2026-09-15T13:02:12Z</time>
        <extensions>
          <gpxdata:distance>7630.18</gpxdata:distance>
          <gpxdata:speed>0.913</gpxdata:speed>
        </extensions>
      </trkpt>
      <trkpt lat="46.7404633" lon="9.9638203">
        <ele>2393.1</ele>
        <time>2026-09-15T13:02:15Z</time>
        <extensions>
          <gpxdata:distance>7632.38</gpxdata:distance>
          <gpxdata:speed>0.887</gpxdata:speed>
        </extensions>
      </trkpt>
      <trkpt lat="46.7404533" lon="9.9638983">
        <ele>2392.5</ele>
        <time>2026-09-15T13:02:21Z</time>
        <extensions>
          <gpxdata:distance>7638.43</gpxdata:distance>
          <gpxdata:speed>0.908</gpxdata:speed>
        </extensions>
      </trkpt>
      <trkpt lat="46.7404523" lon="9.9639253">
        <ele>2392.0</ele>
        <time>2026-09-15T13:02:24Z</time>
        <extensions>
          <gpxdata:distance>7640.49</gpxdata:distance>
          <gpxdata:speed>0.915</gpxdata:speed>
        </extensions>
      </trkpt>
      <trkpt lat="46.7404523" lon="9.9639383">
        <ele>2391.7</ele>
        <time>2026-09-15T13:02:25Z</time>
        <extensions>
          <gpxdata:distance>7641.48</gpxdata:distance>
          <gpxdata:speed>0.933</gpxdata:speed>
        </extensions>
      </trkpt>
      <trkpt lat="46.7404233" lon="9.9640023">
        <ele>2390.6</ele>
        <time>2026-09-15T13:02:31Z</time>
        <extensions>
          <gpxdata:distance>7647.33</gpxdata:distance>
          <gpxdata:speed>0.924</gpxdata:speed>
        </extensions>
      </trkpt>
      <trkpt lat="46.7404233" lon="9.9640153">
        <ele>2390.3</ele>
        <time>2026-09-15T13:02:32Z</time>
        <extensions>
          <gpxdata:distance>7648.32</gpxdata:distance>
          <gpxdata:speed>0.920</gpxdata:speed>
        </extensions>
      </trkpt>
      <trkpt lat="46.7404323" lon="9.9640153">
        <ele>2390.1</ele>
        <time>2026-09-15T13:02:33Z</time>
        <extensions>
          <gpxdata:distance>7649.32</gpxdata:distance>
          <gpxdata:speed>0.907</gpxdata:speed>
        </extensions>
      </trkpt>
      <trkpt lat="46.7404793" lon="9.9639523">
        <ele>2388.9</ele>
        <time>2026-09-15T13:02:41Z</time>
        <extensions>
          <gpxdata:distance>7656.41</gpxdata:distance>
          <gpxdata:speed>0.906</gpxdata:speed>
        </extensions>
      </trkpt>
      <trkpt lat="46.7405253" lon="9.9638763">
        <ele>2387.8</ele>
        <time>2026-09-15T13:02:49Z</time>
        <extensions>
          <gpxdata:distance>7664.14</gpxdata:distance>
          <gpxdata:speed>0.920</gpxdata:speed>
        </extensions>
      </trkpt>
      <trkpt lat="46.7405533" lon="9.9638383">
        <ele>2387.3</ele>
        <time>2026-09-15T13:02:54Z</time>
        <extensions>
          <gpxdata:distance>7668.39</gpxdata:distance>
          <gpxdata:speed>0.925</gpxdata:speed>
        </extensions>
      </trkpt>
      <trkpt lat="46.7406173" lon="9.9637753">
        <ele>2385.6</ele>
        <time>2026-09-15T13:03:03Z</time>
        <extensions>
          <gpxdata:distance>7676.98</gpxdata:distance>
          <gpxdata:speed>0.901</gpxdata:speed>
        </extensions>
      </trkpt>
      <trkpt lat="46.7406543" lon="9.9637643">
        <ele>2384.5</ele>
        <time>2026-09-15T13:03:08Z</time>
        <extensions>
          <gpxdata:distance>7681.18</gpxdata:distance>
          <gpxdata:speed>0.893</gpxdata:speed>
        </extensions>
      </trkpt>
      <trkpt lat="46.7407003" lon="9.9637143">
        <ele>2384.0</ele>
        <time>2026-09-15T13:03:15Z</time>
        <extensions>
          <gpxdata:distance>7687.55</gpxdata:distance>
          <gpxdata:speed>0.917</gpxdata:speed>
        </extensions>
      </trkpt>
      <trkpt lat="46.7407643" lon="9.9636643">
        <ele>2382.1</ele>
        <time>2026-09-15T13:03:24Z</time>
        <extensions>
          <gpxdata:distance>7695.63</gpxdata:distance>
          <gpxdata:speed>0.905</gpxdata:speed>
        </extensions>
      </trkpt>
      <trkpt lat="46.7408193" lon="9.9636283">
        <ele>2380.9</ele>
        <time>2026-09-15T13:03:31Z</time>
        <extensions>
          <gpxdata:distance>7702.33</gpxdata:distance>
          <gpxdata:speed>0.907</gpxdata:speed>
        </extensions>
      </trkpt>
      <trkpt lat="46.7408743" lon="9.9635914">
        <ele>2379.6</ele>
        <time>2026-09-15T13:03:39Z</time>
        <extensions>
          <gpxdata:distance>7709.06</gpxdata:distance>
          <gpxdata:speed>0.905</gpxdata:speed>
        </extensions>
      </trkpt>
      <trkpt lat="46.7409473" lon="9.9635164">
        <ele>2378.2</ele>
        <time>2026-09-15T13:03:50Z</time>
        <extensions>
          <gpxdata:distance>7718.99</gpxdata:distance>
          <gpxdata:speed>0.911</gpxdata:speed>
        </extensions>
      </trkpt>
      <trkpt lat="46.7410213" lon="9.9634544">
        <ele>2376.9</ele>
        <time>2026-09-15T13:04:00Z</time>
        <extensions>
          <gpxdata:distance>7728.48</gpxdata:distance>
          <gpxdata:speed>0.914</gpxdata:speed>
        </extensions>
      </trkpt>
      <trkpt lat="46.7411393" lon="9.9633684">
        <ele>2374.9</ele>
        <time>2026-09-15T13:04:16Z</time>
        <extensions>
          <gpxdata:distance>7743.14</gpxdata:distance>
          <gpxdata:speed>0.918</gpxdata:speed>
        </extensions>
      </trkpt>
      <trkpt lat="46.7412383" lon="9.9633724">
        <ele>2372.8</ele>
        <time>2026-09-15T13:04:28Z</time>
        <extensions>
          <gpxdata:distance>7754.15</gpxdata:distance>
          <gpxdata:speed>0.918</gpxdata:speed>
        </extensions>
      </trkpt>
      <trkpt lat="46.7413383" lon="9.9633254">
        <ele>2371.5</ele>
        <time>2026-09-15T13:04:41Z</time>
        <extensions>
          <gpxdata:distance>7765.84</gpxdata:distance>
          <gpxdata:speed>0.935</gpxdata:speed>
        </extensions>
      </trkpt>
      <trkpt lat="46.7413853" lon="9.9632744">
        <ele>2371.1</ele>
        <time>2026-09-15T13:04:48Z</time>
        <extensions>
          <gpxdata:distance>7772.35</gpxdata:distance>
          <gpxdata:speed>0.937</gpxdata:speed>
        </extensions>
      </trkpt>
      <trkpt lat="46.7414763" lon="9.9632134">
        <ele>2370.2</ele>
        <time>2026-09-15T13:05:00Z</time>
        <extensions>
          <gpxdata:distance>7783.48</gpxdata:distance>
          <gpxdata:speed>0.927</gpxdata:speed>
        </extensions>
      </trkpt>
      <trkpt lat="46.7415493" lon="9.9631774">
        <ele>2369.4</ele>
        <time>2026-09-15T13:05:09Z</time>
        <extensions>
          <gpxdata:distance>7792.05</gpxdata:distance>
          <gpxdata:speed>0.920</gpxdata:speed>
        </extensions>
      </trkpt>
      <trkpt lat="46.7416213" lon="9.9631814">
        <ele>2368.7</ele>
        <time>2026-09-15T13:05:18Z</time>
        <extensions>
          <gpxdata:distance>7800.06</gpxdata:distance>
          <gpxdata:speed>0.912</gpxdata:speed>
        </extensions>
      </trkpt>
      <trkpt lat="46.7416573" lon="9.9631694">
        <ele>2368.3</ele>
        <time>2026-09-15T13:05:22Z</time>
        <extensions>
          <gpxdata:distance>7804.17</gpxdata:distance>
          <gpxdata:speed>0.909</gpxdata:speed>
        </extensions>
      </trkpt>
      <trkpt lat="46.7417023" lon="9.9631454">
        <ele>2367.8</ele>
        <time>2026-09-15T13:05:28Z</time>
        <extensions>
          <gpxdata:distance>7809.50</gpxdata:distance>
          <gpxdata:speed>0.906</gpxdata:speed>
        </extensions>
      </trkpt>
      <trkpt lat="46.7417663" lon="9.9631354">
        <ele>2367.0</ele>
        <time>2026-09-15T13:05:36Z</time>
        <extensions>
          <gpxdata:distance>7816.66</gpxdata:distance>
          <gpxdata:speed>0.901</gpxdata:speed>
        </extensions>
      </trkpt>
      <trkpt lat="46.7418203" lon="9.9630985">
        <ele>2366.6</ele>
        <time>2026-09-15T13:05:43Z</time>
        <extensions>
          <gpxdata:distance>7823.29</gpxdata:distance>
          <gpxdata:speed>0.905</gpxdata:speed>
        </extensions>
      </trkpt>
      <trkpt lat="46.7418743" lon="9.9631275">
        <ele>2365.8</ele>
        <time>2026-09-15T13:05:50Z</time>
        <extensions>
          <gpxdata:distance>7829.68</gpxdata:distance>
          <gpxdata:speed>0.906</gpxdata:speed>
        </extensions>
      </trkpt>
      <trkpt lat="46.7419103" lon="9.9631295">
        <ele>2365.3</ele>
        <time>2026-09-15T13:05:55Z</time>
        <extensions>
          <gpxdata:distance>7833.69</gpxdata:distance>
          <gpxdata:speed>0.900</gpxdata:speed>
        </extensions>
      </trkpt>
      <trkpt lat="46.7419373" lon="9.9631045">
        <ele>2364.9</ele>
        <time>2026-09-15T13:05:59Z</time>
        <extensions>
          <gpxdata:distance>7837.25</gpxdata:distance>
          <gpxdata:speed>0.896</gpxdata:speed>
        </extensions>
      </trkpt>
      <trkpt lat="46.7419843" lon="9.9630285">
        <ele>2363.9</ele>
        <time>2026-09-15T13:06:08Z</time>
        <extensions>
          <gpxdata:distance>7845.05</gpxdata:distance>
          <gpxdata:speed>0.898</gpxdata:speed>
        </extensions>
      </trkpt>
      <trkpt lat="46.7420393" lon="9.9629915">
        <ele>2362.9</ele>
        <time>2026-09-15T13:06:15Z</time>
        <extensions>
          <gpxdata:distance>7851.78</gpxdata:distance>
          <gpxdata:speed>0.905</gpxdata:speed>
        </extensions>
      </trkpt>
      <trkpt lat="46.7421303" lon="9.9629175">
        <ele>2361.6</ele>
        <time>2026-09-15T13:06:28Z</time>
        <extensions>
          <gpxdata:distance>7863.36</gpxdata:distance>
          <gpxdata:speed>0.906</gpxdata:speed>
        </extensions>
      </trkpt>
      <trkpt lat="46.7421592" lon="9.9628655">
        <ele>2361.6</ele>
        <time>2026-09-15T13:06:33Z</time>
        <extensions>
          <gpxdata:distance>7868.47</gpxdata:distance>
          <gpxdata:speed>0.899</gpxdata:speed>
        </extensions>
      </trkpt>
      <trkpt lat="46.7422132" lon="9.9628295">
        <ele>2360.3</ele>
        <time>2026-09-15T13:06:41Z</time>
        <extensions>
          <gpxdata:distance>7875.07</gpxdata:distance>
          <gpxdata:speed>0.908</gpxdata:speed>
        </extensions>
      </trkpt>
      <trkpt lat="46.7423232" lon="9.9627685">
        <ele>2358.0</ele>
        <time>2026-09-15T13:06:55Z</time>
        <extensions>
          <gpxdata:distance>7888.15</gpxdata:distance>
          <gpxdata:speed>0.924</gpxdata:speed>
        </extensions>
      </trkpt>
      <trkpt lat="46.7424232" lon="9.9627085">
        <ele>2356.9</ele>
        <time>2026-09-15T13:07:08Z</time>
        <extensions>
          <gpxdata:distance>7900.18</gpxdata:distance>
          <gpxdata:speed>0.918</gpxdata:speed>
        </extensions>
      </trkpt>
      <trkpt lat="46.7425232" lon="9.9626865">
        <ele>2356.0</ele>
        <time>2026-09-15T13:07:20Z</time>
        <extensions>
          <gpxdata:distance>7911.42</gpxdata:distance>
          <gpxdata:speed>0.912</gpxdata:speed>
        </extensions>
      </trkpt>
      <trkpt lat="46.7425772" lon="9.9626895">
        <ele>2355.4</ele>
        <time>2026-09-15T13:07:27Z</time>
        <extensions>
          <gpxdata:distance>7917.43</gpxdata:distance>
          <gpxdata:speed>0.911</gpxdata:speed>
        </extensions>
      </trkpt>
      <trkpt lat="46.7426302" lon="9.9627045">
        <ele>2354.4</ele>
        <time>2026-09-15T13:07:33Z</time>
        <extensions>
          <gpxdata:distance>7923.43</gpxdata:distance>
          <gpxdata:speed>0.914</gpxdata:speed>
        </extensions>
      </trkpt>
      <trkpt lat="46.7427112" lon="9.9626955">
        <ele>2353.4</ele>
        <time>2026-09-15T13:07:43Z</time>
        <extensions>
          <gpxdata:distance>7932.47</gpxdata:distance>
          <gpxdata:speed>0.911</gpxdata:speed>
        </extensions>
      </trkpt>
      <trkpt lat="46.7427752" lon="9.9626725">
        <ele>2352.4</ele>
        <time>2026-09-15T13:07:51Z</time>
        <extensions>
          <gpxdata:distance>7939.79</gpxdata:distance>
          <gpxdata:speed>0.913</gpxdata:speed>
        </extensions>
      </trkpt>
      <trkpt lat="46.7428292" lon="9.9626486">
        <ele>2351.4</ele>
        <time>2026-09-15T13:07:58Z</time>
        <extensions>
          <gpxdata:distance>7946.07</gpxdata:distance>
          <gpxdata:speed>0.923</gpxdata:speed>
        </extensions>
      </trkpt>
      <trkpt lat="46.7429122" lon="9.9625876">
        <ele>2350.1</ele>
        <time>2026-09-15T13:08:09Z</time>
        <extensions>
          <gpxdata:distance>7956.40</gpxdata:distance>
          <gpxdata:speed>0.918</gpxdata:speed>
        </extensions>
      </trkpt>
      <trkpt lat="46.7429572" lon="9.9625896">
        <ele>2349.5</ele>
        <time>2026-09-15T13:08:15Z</time>
        <extensions>
          <gpxdata:distance>7961.41</gpxdata:distance>
          <gpxdata:speed>0.909</gpxdata:speed>
        </extensions>
      </trkpt>
      <trkpt lat="46.7429832" lon="9.9626036">
        <ele>2348.8</ele>
        <time>2026-09-15T13:08:18Z</time>
        <extensions>
          <gpxdata:distance>7964.49</gpxdata:distance>
          <gpxdata:speed>0.918</gpxdata:speed>
        </extensions>
      </trkpt>
      <trkpt lat="46.7430382" lon="9.9625796">
        <ele>2348.2</ele>
        <time>2026-09-15T13:08:25Z</time>
        <extensions>
          <gpxdata:distance>7970.87</gpxdata:distance>
          <gpxdata:speed>0.923</gpxdata:speed>
        </extensions>
      </trkpt>
      <trkpt lat="46.7431262" lon="9.9626496">
        <ele>2347.2</ele>
        <time>2026-09-15T13:08:37Z</time>
        <extensions>
          <gpxdata:distance>7982.02</gpxdata:distance>
          <gpxdata:speed>0.919</gpxdata:speed>
        </extensions>
      </trkpt>
      <trkpt lat="46.7432352" lon="9.9626416">
        <ele>2345.5</ele>
        <time>2026-09-15T13:08:51Z</time>
        <extensions>
          <gpxdata:distance>7994.15</gpxdata:distance>
          <gpxdata:speed>0.918</gpxdata:speed>
        </extensions>
      </trkpt>
      <trkpt lat="46.7432902" lon="9.9625786">
        <ele>2345.1</ele>
        <time>2026-09-15T13:08:59Z</time>
        <extensions>
          <gpxdata:distance>8001.93</gpxdata:distance>
          <gpxdata:speed>0.912</gpxdata:speed>
        </extensions>
      </trkpt>
      <trkpt lat="46.7433542" lon="9.9625296">
        <ele>2344.1</ele>
        <time>2026-09-15T13:09:08Z</time>
        <extensions>
          <gpxdata:distance>8009.96</gpxdata:distance>
          <gpxdata:speed>0.911</gpxdata:speed>
        </extensions>
      </trkpt>
      <trkpt lat="46.7434092" lon="9.9624666">
        <ele>2343.6</ele>
        <time>2026-09-15T13:09:17Z</time>
        <extensions>
          <gpxdata:distance>8017.74</gpxdata:distance>
          <gpxdata:speed>0.902</gpxdata:speed>
        </extensions>
      </trkpt>
      <trkpt lat="46.7434462" lon="9.9624416">
        <ele>2343.4</ele>
        <time>2026-09-15T13:09:22Z</time>
        <extensions>
          <gpxdata:distance>8022.27</gpxdata:distance>
          <gpxdata:speed>0.896</gpxdata:speed>
        </extensions>
      </trkpt>
      <trkpt lat="46.7434922" lon="9.9624046">
        <ele>2342.5</ele>
        <time>2026-09-15T13:09:28Z</time>
        <extensions>
          <gpxdata:distance>8028.11</gpxdata:distance>
          <gpxdata:speed>0.899</gpxdata:speed>
        </extensions>
      </trkpt>
      <trkpt lat="46.7435192" lon="9.9623926">
        <ele>2342.0</ele>
        <time>2026-09-15T13:09:32Z</time>
        <extensions>
          <gpxdata:distance>8031.25</gpxdata:distance>
          <gpxdata:speed>0.896</gpxdata:speed>
        </extensions>
      </trkpt>
      <trkpt lat="46.7435752" lon="9.9623166">
        <ele>2341.3</ele>
        <time>2026-09-15T13:09:41Z</time>
        <extensions>
          <gpxdata:distance>8039.76</gpxdata:distance>
          <gpxdata:speed>0.895</gpxdata:speed>
        </extensions>
      </trkpt>
      <trkpt lat="46.7436292" lon="9.9622936">
        <ele>2340.6</ele>
        <time>2026-09-15T13:09:48Z</time>
        <extensions>
          <gpxdata:distance>8046.01</gpxdata:distance>
          <gpxdata:speed>0.897</gpxdata:speed>
        </extensions>
      </trkpt>
      <trkpt lat="46.7436942" lon="9.9622046">
        <ele>2339.4</ele>
        <time>2026-09-15T13:09:59Z</time>
        <extensions>
          <gpxdata:distance>8055.92</gpxdata:distance>
          <gpxdata:speed>0.896</gpxdata:speed>
        </extensions>
      </trkpt>
      <trkpt lat="46.7437592" lon="9.9621427">
        <ele>2338.2</ele>
        <time>2026-09-15T13:10:09Z</time>
        <extensions>
          <gpxdata:distance>8064.55</gpxdata:distance>
          <gpxdata:speed>0.904</gpxdata:speed>
        </extensions>
      </trkpt>
      <trkpt lat="46.7438322" lon="9.9620807">
        <ele>2336.5</ele>
        <time>2026-09-15T13:10:19Z</time>
        <extensions>
          <gpxdata:distance>8073.94</gpxdata:distance>
          <gpxdata:speed>0.912</gpxdata:speed>
        </extensions>
      </trkpt>
      <trkpt lat="46.7438422" lon="9.9620417">
        <ele>2337.0</ele>
        <time>2026-09-15T13:10:22Z</time>
        <extensions>
          <gpxdata:distance>8077.12</gpxdata:distance>
          <gpxdata:speed>0.905</gpxdata:speed>
        </extensions>
      </trkpt>
      <trkpt lat="46.7438792" lon="9.9620037">
        <ele>2336.3</ele>
        <time>2026-09-15T13:10:28Z</time>
        <extensions>
          <gpxdata:distance>8082.15</gpxdata:distance>
          <gpxdata:speed>0.911</gpxdata:speed>
        </extensions>
      </trkpt>
      <trkpt lat="46.7439162" lon="9.9619667">
        <ele>2335.6</ele>
        <time>2026-09-15T13:10:33Z</time>
        <extensions>
          <gpxdata:distance>8087.14</gpxdata:distance>
          <gpxdata:speed>0.910</gpxdata:speed>
        </extensions>
      </trkpt>
      <trkpt lat="46.7439432" lon="9.9619547">
        <ele>2335.3</ele>
        <time>2026-09-15T13:10:37Z</time>
        <extensions>
          <gpxdata:distance>8090.27</gpxdata:distance>
          <gpxdata:speed>0.907</gpxdata:speed>
        </extensions>
      </trkpt>
      <trkpt lat="46.7439432" lon="9.9619547">
        <ele>2335.3</ele>
        <time>2026-09-15T13:10:37Z</time>
        <extensions>
          <gpxdata:distance>8090.27</gpxdata:distance>
          <gpxdata:speed>0.000</gpxdata:speed>
        </extensions>
      </trkpt>
      <trkpt lat="46.7439702" lon="9.9619297">
        <ele>2335.1</ele>
        <time>2026-09-15T13:10:41Z</time>
        <extensions>
          <gpxdata:distance>8093.83</gpxdata:distance>
          <gpxdata:speed>0.908</gpxdata:speed>
        </extensions>
      </trkpt>
      <trkpt lat="46.7440072" lon="9.9618787">
        <ele>2334.6</ele>
        <time>2026-09-15T13:10:47Z</time>
        <extensions>
          <gpxdata:distance>8099.49</gpxdata:distance>
          <gpxdata:speed>0.904</gpxdata:speed>
        </extensions>
      </trkpt>
      <trkpt lat="46.7440352" lon="9.9618547">
        <ele>2334.2</ele>
        <time>2026-09-15T13:10:51Z</time>
        <extensions>
          <gpxdata:distance>8103.10</gpxdata:distance>
          <gpxdata:speed>0.898</gpxdata:speed>
        </extensions>
      </trkpt>
      <trkpt lat="46.7441172" lon="9.9618057">
        <ele>2333.0</ele>
        <time>2026-09-15T13:11:02Z</time>
        <extensions>
          <gpxdata:distance>8112.95</gpxdata:distance>
          <gpxdata:speed>0.905</gpxdata:speed>
        </extensions>
      </trkpt>
      <trkpt lat="46.7441352" lon="9.9617937">
        <ele>2332.8</ele>
        <time>2026-09-15T13:11:04Z</time>
        <extensions>
          <gpxdata:distance>8115.15</gpxdata:distance>
          <gpxdata:speed>0.904</gpxdata:speed>
        </extensions>
      </trkpt>
      <trkpt lat="46.7441912" lon="9.9617047">
        <ele>2332.3</ele>
        <time>2026-09-15T13:11:15Z</time>
        <extensions>
          <gpxdata:distance>8124.36</gpxdata:distance>
          <gpxdata:speed>0.900</gpxdata:speed>
        </extensions>
      </trkpt>
      <trkpt lat="46.7442102" lon="9.9616927">
        <ele>2332.2</ele>
        <time>2026-09-15T13:11:17Z</time>
        <extensions>
          <gpxdata:distance>8126.66</gpxdata:distance>
          <gpxdata:speed>0.909</gpxdata:speed>
        </extensions>
      </trkpt>
      <trkpt lat="46.7442372" lon="9.9616547">
        <ele>2331.5</ele>
        <time>2026-09-15T13:11:22Z</time>
        <extensions>
          <gpxdata:distance>8130.83</gpxdata:distance>
          <gpxdata:speed>0.901</gpxdata:speed>
        </extensions>
      </trkpt>
      <trkpt lat="46.7442652" lon="9.9616297">
        <ele>2330.8</ele>
        <time>2026-09-15T13:11:26Z</time>
        <extensions>
          <gpxdata:distance>8134.48</gpxdata:distance>
          <gpxdata:speed>0.896</gpxdata:speed>
        </extensions>
      </trkpt>
      <trkpt lat="46.7443372" lon="9.9616327">
        <ele>2330.6</ele>
        <time>2026-09-15T13:11:35Z</time>
        <extensions>
          <gpxdata:distance>8142.49</gpxdata:distance>
          <gpxdata:speed>0.902</gpxdata:speed>
        </extensions>
      </trkpt>
    </trkseg>
  </trk>
</gpx>