<?xml version='1.0' encoding='utf-8'?>
<gpx xmlns="http://www.topografix.com/GPX/1/1" xmlns:gpxdata="http://www.cluetrust.com/XML/GPXDATA/1/0" version="1.1" creator="crawler">
  <wpt lat="46.6769047" lon="9.4744060">
    <ele>1885.5</ele>
    <time>2026-09-15T10:21:48Z</time>
    <name>1 km</name>
  </wpt>
  <wpt lat="46.6805045" lon="9.4693121">
    <ele>1822.6</ele>
    <time>2026-09-15T10:40:36Z</time>
    <name>2 km</name>
  </wpt>
  <wpt lat="46.6864532" lon="9.4656914">
    <ele>1569.6</ele>
    <time>2026-09-15T10:59:43Z</time>
    <name>3 km</name>
  </wpt>
  <wpt lat="46.6900592" lon="9.4663636">
    <ele>1237.4</ele>
    <time>2026-09-15T11:18:39Z</time>
    <name>4 km</name>
  </wpt>
  <wpt lat="46.6928972" lon="9.4712167">
    <ele>1055.9</ele>
    <time>2026-09-15T11:37:02Z</time>
    <name>5 km</name>
  </wpt>
  <wpt lat="46.6939980" lon="9.4624177">
    <ele>1111.9</ele>
    <time>2026-09-15T11:58:21Z</time>
    <name>6 km</name>
  </wpt>
  <wpt lat="46.6897449" lon="9.4541115">
    <ele>1075.6</ele>
    <time>2026-09-15T12:17:36Z</time>
    <name>7 km</name>
  </wpt>
  <wpt lat="46.6886999" lon="9.4475472">
    <ele>940.9</ele>
    <time>2026-09-15T12:35:51Z</time>
    <name>8 km</name>
  </wpt>
  <wpt lat="46.6952049" lon="9.4496465">
    <ele>770.2</ele>
    <time>2026-09-15T12:54:11Z</time>
    <name>9 km</name>
  </wpt>
  <wpt lat="46.7006280" lon="9.4508817">
    <ele>675.2</ele>
    <time>2026-09-15T13:12:30Z</time>
    <name>10 km</name>
  </wpt>
  <wpt lat="46.6978330" lon="9.4445254">
    <ele>681.0</ele>
    <time>2026-09-15T13:29:08Z</time>
    <name>11 km</name>
  </wpt>
  <trk>
    <name>35.6r Obermutten - Thusis</name>
    <link href="https://schweizmobil.ch/fr/hiking-in-switzerland/route-35/stage-6" />
    <type>hiking</type>
    <trkseg>
      <trkpt lat="46.6724299" lon="9.4840679">
        <ele>1860.6</ele>
        <time>2026-09-15T10:00:00Z</time>
        <extensions>
          <gpxdata:distance>0.00</gpxdata:distance>
          <gpxdata:speed>0.000</gpxdata:speed>
        </extensions>
      </trkpt>
      <trkpt lat="46.6724749" lon="9.4840819">
        <ele>1860.7</ele>
        <time>2026-09-15T10:00:07Z</time>
        <extensions>
          <gpxdata:distance>5.12</gpxdata:distance>
          <gpxdata:speed>0.787</gpxdata:speed>
        </extensions>
      </trkpt>
      <trkpt lat="46.6725109" lon="9.4840969">
        <ele>1860.9</ele>
        <time>2026-09-15T10:00:12Z</time>
        <extensions>
          <gpxdata:distance>9.28</gpxdata:distance>
          <gpxdata:speed>0.787</gpxdata:speed>
        </extensions>
      </trkpt>
      <trkpt lat="46.6725109" lon="9.4840969">
        <ele>1860.9</ele>
        <time>2026-09-15T10:00:12Z</time>
        <extensions>
          <gpxdata:distance>9.28</gpxdata:distance>
          <gpxdata:speed>0.000</gpxdata:speed>
        </extensions>
      </trkpt>
      <trkpt lat="46.6725469" lon="9.4840589">
        <ele>1861.1</ele>
        <time>2026-09-15T10:00:18Z</time>
        <extensions>
          <gpxdata:distance>14.22</gpxdata:distance>
          <gpxdata:speed>0.787</gpxdata:speed>
        </extensions>
      </trkpt>
      <trkpt lat="46.6726119" lon="9.4839569">
        <ele>1861.8</ele>
        <time>2026-09-15T10:00:32Z</time>
        <extensions>
          <gpxdata:distance>24.84</gpxdata:distance>
          <gpxdata:speed>0.787</gpxdata:speed>
        </extensions>
      </trkpt>
      <trkpt lat="46.6727049" lon="9.4838299">
        <ele>1863.6</ele>
        <time>2026-09-15T10:00:50Z</time>
        <extensions>
          <gpxdata:distance>39.02</gpxdata:distance>
          <gpxdata:speed>0.787</gpxdata:speed>
        </extensions>
      </trkpt>
      <trkpt lat="46.6727409" lon="9.4838049">
        <ele>1864.2</ele>
        <time>2026-09-15T10:00:55Z</time>
        <extensions>
          <gpxdata:distance>43.45</gpxdata:distance>
          <gpxdata:speed>0.787</gpxdata:speed>
        </extensions>
      </trkpt>
      <trkpt lat="46.6727769" lon="9.4837929">
        <ele>1864.6</ele>
        <time>2026-09-15T10:01:00Z</time>
        <extensions>
          <gpxdata:distance>47.56</gpxdata:distance>
          <gpxdata:speed>0.787</gpxdata:speed>
        </extensions>
      </trkpt>
      <trkpt lat="46.6728309" lon="9.4838079">
        <ele>1865.3</ele>
        <time>2026-09-15T10:01:08Z</time>
        <extensions>
          <gpxdata:distance>53.67</gpxdata:distance>
          <gpxdata:speed>0.787</gpxdata:speed>
        </extensions>
      </trkpt>
      <trkpt lat="46.6728759" lon="9.4838229">
        <ele>1865.9</ele>
        <time>2026-09-15T10:01:15Z</time>
        <extensions>
          <gpxdata:distance>58.80</gpxdata:distance>
          <gpxdata:speed>0.762</gpxdata:speed>
        </extensions>
      </trkpt>
      <trkpt lat="46.6729199" lon="9.4838379">
        <ele>1866.6</ele>
        <time>2026-09-15T10:01:22Z</time>
        <extensions>
          <gpxdata:distance>63.83</gpxdata:distance>
          <gpxdata:speed>0.743</gpxdata:speed>
        </extensions>
      </trkpt>
      <trkpt lat="46.6729559" lon="9.4838389">
        <ele>1867.0</ele>
        <time>2026-09-15T10:01:27Z</time>
        <extensions>
          <gpxdata:distance>67.83</gpxdata:distance>
          <gpxdata:speed>0.743</gpxdata:speed>
        </extensions>
      </trkpt>
      <trkpt lat="46.6729559" lon="9.4838389">
        <ele>1867.0</ele>
        <time>2026-09-15T10:01:27Z</time>
        <extensions>
          <gpxdata:distance>67.83</gpxdata:distance>
          <gpxdata:speed>0.000</gpxdata:speed>
        </extensions>
      </trkpt>
      <trkpt lat="46.6730379" lon="9.4838159">
        <ele>1868.6</ele>
        <time>2026-09-15T10:01:41Z</time>
        <extensions>
          <gpxdata:distance>77.12</gpxdata:distance>
          <gpxdata:speed>0.679</gpxdata:speed>
        </extensions>
      </trkpt>
      <trkpt lat="46.6730829" lon="9.4837789">
        <ele>1869.9</ele>
        <time>2026-09-15T10:01:50Z</time>
        <extensions>
          <gpxdata:distance>82.86</gpxdata:distance>
          <gpxdata:speed>0.646</gpxdata:speed>
        </extensions>
      </trkpt>
      <trkpt lat="46.6731199" lon="9.4837409">
        <ele>1871.1</ele>
        <time>2026-09-15T10:01:58Z</time>
        <extensions>
          <gpxdata:distance>87.89</gpxdata:distance>
          <gpxdata:speed>0.632</gpxdata:speed>
        </extensions>
      </trkpt>
      <trkpt lat="46.6731569" lon="9.4836769">
        <ele>1872.4</ele>
        <time>2026-09-15T10:02:08Z</time>
        <extensions>
          <gpxdata:distance>94.28</gpxdata:distance>
          <gpxdata:speed>0.637</gpxdata:speed>
        </extensions>
      </trkpt>
      <trkpt lat="46.6732039" lon="9.4835999">
        <ele>1874.2</ele>
        <time>2026-09-15T10:02:20Z</time>
        <extensions>
          <gpxdata:distance>102.14</gpxdata:distance>
          <gpxdata:speed>0.643</gpxdata:speed>
        </extensions>
      </trkpt>
      <trkpt lat="46.6732599" lon="9.4834449">
        <ele>1877.5</ele>
        <time>2026-09-15T10:02:41Z</time>
        <extensions>
          <gpxdata:distance>115.51</gpxdata:distance>
          <gpxdata:speed>0.632</gpxdata:speed>
        </extensions>
      </trkpt>
      <trkpt lat="46.6733259" lon="9.4833169">
        <ele>1880.8</ele>
        <time>2026-09-15T10:03:03Z</time>
        <extensions>
          <gpxdata:distance>127.72</gpxdata:distance>
          <gpxdata:speed>0.566</gpxdata:speed>
        </extensions>
      </trkpt>
      <trkpt lat="46.6733999" lon="9.4831629">
        <ele>1884.4</ele>
        <time>2026-09-15T10:03:30Z</time>
        <extensions>
          <gpxdata:distance>142.07</gpxdata:distance>
          <gpxdata:speed>0.520</gpxdata:speed>
        </extensions>
      </trkpt>
      <trkpt lat="46.6735569" lon="9.4829339">
        <ele>1889.3</ele>
        <time>2026-09-15T10:04:15Z</time>
        <extensions>
          <gpxdata:distance>166.77</gpxdata:distance>
          <gpxdata:speed>0.554</gpxdata:speed>
        </extensions>
      </trkpt>
      <trkpt lat="46.6736399" lon="9.4828449">
        <ele>1891.7</ele>
        <time>2026-09-15T10:04:36Z</time>
        <extensions>
          <gpxdata:distance>178.22</gpxdata:distance>
          <gpxdata:speed>0.542</gpxdata:speed>
        </extensions>
      </trkpt>
      <trkpt lat="46.6737409" lon="9.4827449">
        <ele>1894.5</ele>
        <time>2026-09-15T10:05:01Z</time>
        <extensions>
          <gpxdata:distance>191.80</gpxdata:distance>
          <gpxdata:speed>0.552</gpxdata:speed>
        </extensions>
      </trkpt>
      <trkpt lat="46.6738599" lon="9.4826439">
        <ele>1897.6</ele>
        <time>2026-09-15T10:05:28Z</time>
        <extensions>
          <gpxdata:distance>207.11</gpxdata:distance>
          <gpxdata:speed>0.565</gpxdata:speed>
        </extensions>
      </trkpt>
      <trkpt lat="46.6738599" lon="9.4826439">
        <ele>1897.6</ele>
        <time>2026-09-15T10:05:28Z</time>
        <extensions>
          <gpxdata:distance>207.11</gpxdata:distance>
          <gpxdata:speed>0.000</gpxdata:speed>
        </extensions>
      </trkpt>
      <trkpt lat="46.6739149" lon="9.4825939">
        <ele>1899.3</ele>
        <time>2026-09-15T10:05:41Z</time>
        <extensions>
          <gpxdata:distance>214.32</gpxdata:distance>
          <gpxdata:speed>0.560</gpxdata:speed>
        </extensions>
      </trkpt>
      <trkpt lat="46.6740339" lon="9.4824549">
        <ele>1902.7</ele>
        <time>2026-09-15T10:06:10Z</time>
        <extensions>
          <gpxdata:distance>231.28</gpxdata:distance>
          <gpxdata:speed>0.583</gpxdata:speed>
        </extensions>
      </trkpt>
      <trkpt lat="46.6741169" lon="9.4823539">
        <ele>1905.4</ele>
        <time>2026-09-15T10:06:30Z</time>
        <extensions>
          <gpxdata:distance>243.30</gpxdata:distance>
          <gpxdata:speed>0.601</gpxdata:speed>
        </extensions>
      </trkpt>
      <trkpt lat="46.6742179" lon="9.4822269">
        <ele>1908.8</ele>
        <time>2026-09-15T10:06:54Z</time>
        <extensions>
          <gpxdata:distance>258.14</gpxdata:distance>
          <gpxdata:speed>0.611</gpxdata:speed>
        </extensions>
      </trkpt>
      <trkpt lat="46.6742639" lon="9.4821759">
        <ele>1910.7</ele>
        <time>2026-09-15T10:07:05Z</time>
        <extensions>
          <gpxdata:distance>264.56</gpxdata:distance>
          <gpxdata:speed>0.578</gpxdata:speed>
        </extensions>
      </trkpt>
      <trkpt lat="46.6743289" lon="9.4820479">
        <ele>1913.8</ele>
        <time>2026-09-15T10:07:27Z</time>
        <extensions>
          <gpxdata:distance>276.71</gpxdata:distance>
          <gpxdata:speed>0.557</gpxdata:speed>
        </extensions>
      </trkpt>
      <trkpt lat="46.6743749" lon="9.4820099">
        <ele>1915.3</ele>
        <time>2026-09-15T10:07:38Z</time>
        <extensions>
          <gpxdata:distance>282.59</gpxdata:distance>
          <gpxdata:speed>0.540</gpxdata:speed>
        </extensions>
      </trkpt>
      <trkpt lat="46.6744579" lon="9.4819219">
        <ele>1917.8</ele>
        <time>2026-09-15T10:07:59Z</time>
        <extensions>
          <gpxdata:distance>294.00</gpxdata:distance>
          <gpxdata:speed>0.527</gpxdata:speed>
        </extensions>
      </trkpt>
      <trkpt lat="46.6745669" lon="9.4818479">
        <ele>1920.3</ele>
        <time>2026-09-15T10:08:24Z</time>
        <extensions>
          <gpxdata:distance>307.38</gpxdata:distance>
          <gpxdata:speed>0.550</gpxdata:speed>
        </extensions>
      </trkpt>
      <trkpt lat="46.6746759" lon="9.4817599">
        <ele>1923.0</ele>
        <time>2026-09-15T10:08:48Z</time>
        <extensions>
          <gpxdata:distance>321.23</gpxdata:distance>
          <gpxdata:speed>0.568</gpxdata:speed>
        </extensions>
      </trkpt>
      <trkpt lat="46.6747309" lon="9.4817099">
        <ele>1924.4</ele>
        <time>2026-09-15T10:09:01Z</time>
        <extensions>
          <gpxdata:distance>328.44</gpxdata:distance>
          <gpxdata:speed>0.561</gpxdata:speed>
        </extensions>
      </trkpt>
      <trkpt lat="46.6747769" lon="9.4816459">
        <ele>1925.5</ele>
        <time>2026-09-15T10:09:13Z</time>
        <extensions>
          <gpxdata:distance>335.51</gpxdata:distance>
          <gpxdata:speed>0.581</gpxdata:speed>
        </extensions>
      </trkpt>
      <trkpt lat="46.6748239" lon="9.4815699">
        <ele>1926.9</ele>
        <time>2026-09-15T10:09:26Z</time>
        <extensions>
          <gpxdata:distance>343.32</gpxdata:distance>
          <gpxdata:speed>0.602</gpxdata:speed>
        </extensions>
      </trkpt>
      <trkpt lat="46.6749349" lon="9.4813779">
        <ele>1929.9</ele>
        <time>2026-09-15T10:09:56Z</time>
        <extensions>
          <gpxdata:distance>362.47</gpxdata:distance>
          <gpxdata:speed>0.647</gpxdata:speed>
        </extensions>
      </trkpt>
      <trkpt lat="46.6749909" lon="9.4813019">
        <ele>1930.8</ele>
        <time>2026-09-15T10:10:09Z</time>
        <extensions>
          <gpxdata:distance>370.98</gpxdata:distance>
          <gpxdata:speed>0.642</gpxdata:speed>
        </extensions>
      </trkpt>
      <trkpt lat="46.6750459" lon="9.4812379">
        <ele>1931.5</ele>
        <time>2026-09-15T10:10:21Z</time>
        <extensions>
          <gpxdata:distance>378.81</gpxdata:distance>
          <gpxdata:speed>0.637</gpxdata:speed>
        </extensions>
      </trkpt>
      <trkpt lat="46.6752108" lon="9.4810609">
        <ele>1932.8</ele>
        <time>2026-09-15T10:10:56Z</time>
        <extensions>
          <gpxdata:distance>401.58</gpxdata:distance>
          <gpxdata:speed>0.656</gpxdata:speed>
        </extensions>
      </trkpt>
      <trkpt lat="46.6752658" lon="9.4809849">
        <ele>1933.1</ele>
        <time>2026-09-15T10:11:08Z</time>
        <extensions>
          <gpxdata:distance>410.01</gpxdata:distance>
          <gpxdata:speed>0.693</gpxdata:speed>
        </extensions>
      </trkpt>
      <trkpt lat="46.6753118" lon="9.4809209">
        <ele>1933.4</ele>
        <time>2026-09-15T10:11:18Z</time>
        <extensions>
          <gpxdata:distance>417.08</gpxdata:distance>
          <gpxdata:speed>0.733</gpxdata:speed>
        </extensions>
      </trkpt>
      <trkpt lat="46.6753398" lon="9.4808569">
        <ele>1933.7</ele>
        <time>2026-09-15T10:11:25Z</time>
        <extensions>
          <gpxdata:distance>422.87</gpxdata:distance>
          <gpxdata:speed>0.758</gpxdata:speed>
        </extensions>
      </trkpt>
      <trkpt lat="46.6753688" lon="9.4807669">
        <ele>1934.2</ele>
        <time>2026-09-15T10:11:35Z</time>
        <extensions>
          <gpxdata:distance>430.45</gpxdata:distance>
          <gpxdata:speed>0.776</gpxdata:speed>
        </extensions>
      </trkpt>
      <trkpt lat="46.6753978" lon="9.4806369">
        <ele>1935.0</ele>
        <time>2026-09-15T10:11:48Z</time>
        <extensions>
          <gpxdata:distance>440.88</gpxdata:distance>
          <gpxdata:speed>0.799</gpxdata:speed>
        </extensions>
      </trkpt>
      <trkpt lat="46.6754558" lon="9.4804169">
        <ele>1936.3</ele>
        <time>2026-09-15T10:12:10Z</time>
        <extensions>
          <gpxdata:distance>458.86</gpxdata:distance>
          <gpxdata:speed>0.842</gpxdata:speed>
        </extensions>
      </trkpt>
      <trkpt lat="46.6754758" lon="9.4802999">
        <ele>1937.1</ele>
        <time>2026-09-15T10:12:20Z</time>
        <extensions>
          <gpxdata:distance>468.06</gpxdata:distance>
          <gpxdata:speed>0.846</gpxdata:speed>
        </extensions>
      </trkpt>
      <trkpt lat="46.6754758" lon="9.4802999">
        <ele>1937.1</ele>
        <time>2026-09-15T10:12:20Z</time>
        <extensions>
          <gpxdata:distance>468.06</gpxdata:distance>
          <gpxdata:speed>0.000</gpxdata:speed>
        </extensions>
      </trkpt>
      <trkpt lat="46.6755228" lon="9.4801969">
        <ele>1936.8</ele>
        <time>2026-09-15T10:12:31Z</time>
        <extensions>
          <gpxdata:distance>477.50</gpxdata:distance>
          <gpxdata:speed>0.878</gpxdata:speed>
        </extensions>
      </trkpt>
      <trkpt lat="46.6755508" lon="9.4801459">
        <ele>1936.5</ele>
        <time>2026-09-15T10:12:37Z</time>
        <extensions>
          <gpxdata:distance>482.48</gpxdata:distance>
          <gpxdata:speed>0.893</gpxdata:speed>
        </extensions>
      </trkpt>
      <trkpt lat="46.6755878" lon="9.4801079">
        <ele>1936.5</ele>
        <time>2026-09-15T10:12:42Z</time>
        <extensions>
          <gpxdata:distance>487.52</gpxdata:distance>
          <gpxdata:speed>0.901</gpxdata:speed>
        </extensions>
      </trkpt>
      <trkpt lat="46.6757068" lon="9.4800079">
        <ele>1937.5</ele>
        <time>2026-09-15T10:12:59Z</time>
        <extensions>
          <gpxdata:distance>502.79</gpxdata:distance>
          <gpxdata:speed>0.892</gpxdata:speed>
        </extensions>
      </trkpt>
      <trkpt lat="46.6759088" lon="9.4797669">
        <ele>1937.4</ele>
        <time>2026-09-15T10:13:31Z</time>
        <extensions>
          <gpxdata:distance>531.82</gpxdata:distance>
          <gpxdata:speed>0.932</gpxdata:speed>
        </extensions>
      </trkpt>
      <trkpt lat="46.6759548" lon="9.4797039">
        <ele>1937.1</ele>
        <time>2026-09-15T10:13:38Z</time>
        <extensions>
          <gpxdata:distance>538.84</gpxdata:distance>
          <gpxdata:speed>0.958</gpxdata:speed>
        </extensions>
      </trkpt>
      <trkpt lat="46.6760288" lon="9.4795889">
        <ele>1936.7</ele>
        <time>2026-09-15T10:13:50Z</time>
        <extensions>
          <gpxdata:distance>550.87</gpxdata:distance>
          <gpxdata:speed>1.001</gpxdata:speed>
        </extensions>
      </trkpt>
      <trkpt lat="46.6760758" lon="9.4794859">
        <ele>1937.0</ele>
        <time>2026-09-15T10:13:59Z</time>
        <extensions>
          <gpxdata:distance>560.30</gpxdata:distance>
          <gpxdata:speed>1.011</gpxdata:speed>
        </extensions>
      </trkpt>
      <trkpt lat="46.6761318" lon="9.4793969">
        <ele>1937.9</ele>
        <time>2026-09-15T10:14:09Z</time>
        <extensions>
          <gpxdata:distance>569.52</gpxdata:distance>
          <gpxdata:speed>0.992</gpxdata:speed>
        </extensions>
      </trkpt>
      <trkpt lat="46.6761778" lon="9.4793199">
        <ele>1938.4</ele>
        <time>2026-09-15T10:14:17Z</time>
        <extensions>
          <gpxdata:distance>577.31</gpxdata:distance>
          <gpxdata:speed>0.972</gpxdata:speed>
        </extensions>
      </trkpt>
      <trkpt lat="46.6762418" lon="9.4792439">
        <ele>1939.0</ele>
        <time>2026-09-15T10:14:26Z</time>
        <extensions>
          <gpxdata:distance>586.49</gpxdata:distance>
          <gpxdata:speed>0.951</gpxdata:speed>
        </extensions>
      </trkpt>
      <trkpt lat="46.6765088" lon="9.4789399">
        <ele>1939.3</ele>
        <time>2026-09-15T10:15:05Z</time>
        <extensions>
          <gpxdata:distance>624.16</gpxdata:distance>
          <gpxdata:speed>0.960</gpxdata:speed>
        </extensions>
      </trkpt>
      <trkpt lat="46.6766008" lon="9.4788259">
        <ele>1938.9</ele>
        <time>2026-09-15T10:15:19Z</time>
        <extensions>
          <gpxdata:distance>637.59</gpxdata:distance>
          <gpxdata:speed>0.986</gpxdata:speed>
        </extensions>
      </trkpt>
      <trkpt lat="46.6767287" lon="9.4786869">
        <ele>1939.2</ele>
        <time>2026-09-15T10:15:37Z</time>
        <extensions>
          <gpxdata:distance>655.33</gpxdata:distance>
          <gpxdata:speed>0.975</gpxdata:speed>
        </extensions>
      </trkpt>
      <trkpt lat="46.6767567" lon="9.4786489">
        <ele>1939.0</ele>
        <time>2026-09-15T10:15:42Z</time>
        <extensions>
          <gpxdata:distance>659.58</gpxdata:distance>
          <gpxdata:speed>0.972</gpxdata:speed>
        </extensions>
      </trkpt>
      <trkpt lat="46.6767757" lon="9.4785969">
        <ele>1938.7</ele>
        <time>2026-09-15T10:15:46Z</time>
        <extensions>
          <gpxdata:distance>664.08</gpxdata:distance>
          <gpxdata:speed>0.968</gpxdata:speed>
        </extensions>
      </trkpt>
      <trkpt lat="46.6767937" lon="9.4785719">
        <ele>1938.8</ele>
        <time>2026-09-15T10:15:49Z</time>
        <extensions>
          <gpxdata:distance>666.84</gpxdata:distance>
          <gpxdata:speed>0.970</gpxdata:speed>
        </extensions>
      </trkpt>
      <trkpt lat="46.6767937" lon="9.4785719">
        <ele>1938.8</ele>
        <time>2026-09-15T10:15:49Z</time>
        <extensions>
          <gpxdata:distance>666.84</gpxdata:distance>
          <gpxdata:speed>0.000</gpxdata:speed>
        </extensions>
      </trkpt>
      <trkpt lat="46.6768137" lon="9.4784419">
        <ele>1936.5</ele>
        <time>2026-09-15T10:15:59Z</time>
        <extensions>
          <gpxdata:distance>677.01</gpxdata:distance>
          <gpxdata:speed>0.988</gpxdata:speed>
        </extensions>
      </trkpt>
      <trkpt lat="46.6768437" lon="9.4783119">
        <ele>1934.4</ele>
        <time>2026-09-15T10:16:10Z</time>
        <extensions>
          <gpxdata:distance>687.47</gpxdata:distance>
          <gpxdata:speed>0.954</gpxdata:speed>
        </extensions>
      </trkpt>
      <trkpt lat="46.6768637" lon="9.4781949">
        <ele>1932.8</ele>
        <time>2026-09-15T10:16:21Z</time>
        <extensions>
          <gpxdata:distance>696.67</gpxdata:distance>
          <gpxdata:speed>0.905</gpxdata:speed>
        </extensions>
      </trkpt>
      <trkpt lat="46.6768567" lon="9.4781039">
        <ele>1932.2</ele>
        <time>2026-09-15T10:16:28Z</time>
        <extensions>
          <gpxdata:distance>703.66</gpxdata:distance>
          <gpxdata:speed>0.896</gpxdata:speed>
        </extensions>
      </trkpt>
      <trkpt lat="46.6768397" lon="9.4780119">
        <ele>1931.5</ele>
        <time>2026-09-15T10:16:36Z</time>
        <extensions>
          <gpxdata:distance>710.92</gpxdata:distance>
          <gpxdata:speed>0.930</gpxdata:speed>
        </extensions>
      </trkpt>
      <trkpt lat="46.6768057" lon="9.4779189">
        <ele>1930.3</ele>
        <time>2026-09-15T10:16:45Z</time>
        <extensions>
          <gpxdata:distance>718.96</gpxdata:distance>
          <gpxdata:speed>0.937</gpxdata:speed>
        </extensions>
      </trkpt>
      <trkpt lat="46.6767897" lon="9.4778269">
        <ele>1929.5</ele>
        <time>2026-09-15T10:16:52Z</time>
        <extensions>
          <gpxdata:distance>726.20</gpxdata:distance>
          <gpxdata:speed>0.938</gpxdata:speed>
        </extensions>
      </trkpt>
      <trkpt lat="46.6767637" lon="9.4777209">
        <ele>1928.5</ele>
        <time>2026-09-15T10:17:02Z</time>
        <extensions>
          <gpxdata:distance>734.79</gpxdata:distance>
          <gpxdata:speed>0.938</gpxdata:speed>
        </extensions>
      </trkpt>
      <trkpt lat="46.6767407" lon="9.4775369">
        <ele>1925.8</ele>
        <time>2026-09-15T10:17:17Z</time>
        <extensions>
          <gpxdata:distance>749.06</gpxdata:distance>
          <gpxdata:speed>0.929</gpxdata:speed>
        </extensions>
      </trkpt>
      <trkpt lat="46.6767257" lon="9.4773669">
        <ele>1923.6</ele>
        <time>2026-09-15T10:17:31Z</time>
        <extensions>
          <gpxdata:distance>762.14</gpxdata:distance>
          <gpxdata:speed>0.938</gpxdata:speed>
        </extensions>
      </trkpt>
      <trkpt lat="46.6767287" lon="9.4771579">
        <ele>1921.8</ele>
        <time>2026-09-15T10:17:48Z</time>
        <extensions>
          <gpxdata:distance>778.09</gpxdata:distance>
          <gpxdata:speed>0.930</gpxdata:speed>
        </extensions>
      </trkpt>
      <trkpt lat="46.6767517" lon="9.4769229">
        <ele>1918.7</ele>
        <time>2026-09-15T10:18:08Z</time>
        <extensions>
          <gpxdata:distance>796.20</gpxdata:distance>
          <gpxdata:speed>0.932</gpxdata:speed>
        </extensions>
      </trkpt>
      <trkpt lat="46.6768007" lon="9.4766769">
        <ele>1914.7</ele>
        <time>2026-09-15T10:18:28Z</time>
        <extensions>
          <gpxdata:distance>815.74</gpxdata:distance>
          <gpxdata:speed>0.932</gpxdata:speed>
        </extensions>
      </trkpt>
      <trkpt lat="46.6768687" lon="9.4763779">
        <ele>1910.0</ele>
        <time>2026-09-15T10:18:55Z</time>
        <extensions>
          <gpxdata:distance>839.77</gpxdata:distance>
          <gpxdata:speed>0.917</gpxdata:speed>
        </extensions>
      </trkpt>
      <trkpt lat="46.6769187" lon="9.4761189">
        <ele>1905.5</ele>
        <time>2026-09-15T10:19:17Z</time>
        <extensions>
          <gpxdata:distance>860.30</gpxdata:distance>
          <gpxdata:speed>0.905</gpxdata:speed>
        </extensions>
      </trkpt>
      <trkpt lat="46.6769877" lon="9.4757680">
        <ele>1901.3</ele>
        <time>2026-09-15T10:19:48Z</time>
        <extensions>
          <gpxdata:distance>888.15</gpxdata:distance>
          <gpxdata:speed>0.907</gpxdata:speed>
        </extensions>
      </trkpt>
      <trkpt lat="46.6770177" lon="9.4756000">
        <ele>1899.0</ele>
        <time>2026-09-15T10:20:03Z</time>
        <extensions>
          <gpxdata:distance>901.39</gpxdata:distance>
          <gpxdata:speed>0.903</gpxdata:speed>
        </extensions>
      </trkpt>
      <trkpt lat="46.6770387" lon="9.4754300">
        <ele>1897.2</ele>
        <time>2026-09-15T10:20:17Z</time>
        <extensions>
          <gpxdata:distance>914.57</gpxdata:distance>
          <gpxdata:speed>0.909</gpxdata:speed>
        </extensions>
      </trkpt>
      <trkpt lat="46.6770327" lon="9.4752600">
        <ele>1895.2</ele>
        <time>2026-09-15T10:20:32Z</time>
        <extensions>
          <gpxdata:distance>927.56</gpxdata:distance>
          <gpxdata:speed>0.910</gpxdata:speed>
        </extensions>
      </trkpt>
      <trkpt lat="46.6770357" lon="9.4751030">
        <ele>1893.7</ele>
        <time>2026-09-15T10:20:45Z</time>
        <extensions>
          <gpxdata:distance>939.54</gpxdata:distance>
          <gpxdata:speed>0.907</gpxdata:speed>
        </extensions>
      </trkpt>
      <trkpt lat="46.6770477" lon="9.4749600">
        <ele>1891.9</ele>
        <time>2026-09-15T10:20:57Z</time>
        <extensions>
          <gpxdata:distance>950.53</gpxdata:distance>
          <gpxdata:speed>0.908</gpxdata:speed>
        </extensions>
      </trkpt>
      <trkpt lat="46.6770677" lon="9.4748300">
        <ele>1889.9</ele>
        <time>2026-09-15T10:21:08Z</time>
        <extensions>
          <gpxdata:distance>960.69</gpxdata:distance>
          <gpxdata:speed>0.911</gpxdata:speed>
        </extensions>
      </trkpt>
      <trkpt lat="46.6770257" lon="9.4746720">
        <ele>1888.3</ele>
        <time>2026-09-15T10:21:22Z</time>
        <extensions>
          <gpxdata:distance>973.62</gpxdata:distance>
          <gpxdata:speed>0.924</gpxdata:speed>
        </extensions>
      </trkpt>
      <trkpt lat="46.6769657" lon="9.4745260">
        <ele>1886.8</ele>
        <time>2026-09-15T10:21:36Z</time>
        <extensions>
          <gpxdata:distance>986.61</gpxdata:distance>
          <gpxdata:speed>0.938</gpxdata:speed>
        </extensions>
      </trkpt>
      <trkpt lat="46.6769047" lon="9.4744060">
        <ele>1885.5</ele>
        <time>2026-09-15T10:21:48Z</time>
        <extensions>
          <gpxdata:distance>998.00</gpxdata:distance>
          <gpxdata:speed>0.934</gpxdata:speed>
        </extensions>
      </trkpt>
      <trkpt lat="46.6768707" lon="9.4742870">
        <ele>1884.3</ele>
        <time>2026-09-15T10:21:59Z</time>
        <extensions>
          <gpxdata:distance>1007.83</gpxdata:distance>
          <gpxdata:speed>0.929</gpxdata:speed>
        </extensions>
      </trkpt>
      <trkpt lat="46.6768547" lon="9.4741680">
        <ele>1883.5</ele>
        <time>2026-09-15T10:22:09Z</time>
        <extensions>
          <gpxdata:distance>1017.09</gpxdata:distance>
          <gpxdata:speed>0.925</gpxdata:speed>
        </extensions>
      </trkpt>
      <trkpt lat="46.6768757" lon="9.4739990">
        <ele>1881.5</ele>
        <time>2026-09-15T10:22:23Z</time>
        <extensions>
          <gpxdata:distance>1030.19</gpxdata:distance>
          <gpxdata:speed>0.925</gpxdata:speed>
        </extensions>
      </trkpt>
      <trkpt lat="46.6769237" lon="9.4738440">
        <ele>1879.4</ele>
        <time>2026-09-15T10:22:37Z</time>
        <extensions>
          <gpxdata:distance>1043.16</gpxdata:distance>
          <gpxdata:speed>0.929</gpxdata:speed>
        </extensions>
      </trkpt>
      <trkpt lat="46.6769796" lon="9.4737290">
        <ele>1877.1</ele>
        <time>2026-09-15T10:22:48Z</time>
        <extensions>
          <gpxdata:distance>1053.91</gpxdata:distance>
          <gpxdata:speed>0.934</gpxdata:speed>
        </extensions>
      </trkpt>
      <trkpt lat="46.6770086" lon="9.4735860">
        <ele>1875.9</ele>
        <time>2026-09-15T10:23:01Z</time>
        <extensions>
          <gpxdata:distance>1065.29</gpxdata:distance>
          <gpxdata:speed>0.925</gpxdata:speed>
        </extensions>
      </trkpt>
      <trkpt lat="46.6770296" lon="9.4734560">
        <ele>1875.7</ele>
        <time>2026-09-15T10:23:12Z</time>
        <extensions>
          <gpxdata:distance>1075.48</gpxdata:distance>
          <gpxdata:speed>0.916</gpxdata:speed>
        </extensions>
      </trkpt>
      <trkpt lat="46.6770486" lon="9.4733780">
        <ele>1875.8</ele>
        <time>2026-09-15T10:23:19Z</time>
        <extensions>
          <gpxdata:distance>1081.79</gpxdata:distance>
          <gpxdata:speed>0.909</gpxdata:speed>
        </extensions>
      </trkpt>
      <trkpt lat="46.6770406" lon="9.4733390">
        <ele>1874.9</ele>
        <time>2026-09-15T10:23:22Z</time>
        <extensions>
          <gpxdata:distance>1084.90</gpxdata:distance>
          <gpxdata:speed>0.914</gpxdata:speed>
        </extensions>
      </trkpt>
      <trkpt lat="46.6770226" lon="9.4733250">
        <ele>1874.7</ele>
        <time>2026-09-15T10:23:24Z</time>
        <extensions>
          <gpxdata:distance>1087.17</gpxdata:distance>
          <gpxdata:speed>0.914</gpxdata:speed>
        </extensions>
      </trkpt>
      <trkpt lat="46.6769956" lon="9.4733110">
        <ele>1873.0</ele>
        <time>2026-09-15T10:23:28Z</time>
        <extensions>
          <gpxdata:distance>1090.36</gpxdata:distance>
          <gpxdata:speed>0.934</gpxdata:speed>
        </extensions>
      </trkpt>
      <trkpt lat="46.6769776" lon="9.4733100">
        <ele>1872.2</ele>
        <time>2026-09-15T10:23:30Z</time>
        <extensions>
          <gpxdata:distance>1092.36</gpxdata:distance>
          <gpxdata:speed>0.940</gpxdata:speed>
        </extensions>
      </trkpt>
      <trkpt lat="46.6769596" lon="9.4733360">
        <ele>1871.9</ele>
        <time>2026-09-15T10:23:33Z</time>
        <extensions>
          <gpxdata:distance>1095.18</gpxdata:distance>
          <gpxdata:speed>0.935</gpxdata:speed>
        </extensions>
      </trkpt>
      <trkpt lat="46.6769306" lon="9.4734390">
        <ele>1872.4</ele>
        <time>2026-09-15T10:23:42Z</time>
        <extensions>
          <gpxdata:distance>1103.67</gpxdata:distance>
          <gpxdata:speed>0.900</gpxdata:speed>
        </extensions>
      </trkpt>
      <trkpt lat="46.6769026" lon="9.4735030">
        <ele>1871.8</ele>
        <time>2026-09-15T10:23:49Z</time>
        <extensions>
          <gpxdata:distance>1109.46</gpxdata:distance>
          <gpxdata:speed>0.902</gpxdata:speed>
        </extensions>
      </trkpt>
      <trkpt lat="46.6768106" lon="9.4736180">
        <ele>1870.5</ele>
        <time>2026-09-15T10:24:04Z</time>
        <extensions>
          <gpxdata:distance>1122.94</gpxdata:distance>
          <gpxdata:speed>0.903</gpxdata:speed>
        </extensions>
      </trkpt>
      <trkpt lat="46.6767277" lon="9.4737059">
        <ele>1869.8</ele>
        <time>2026-09-15T10:24:16Z</time>
        <extensions>
          <gpxdata:distance>1134.34</gpxdata:distance>
          <gpxdata:speed>0.907</gpxdata:speed>
        </extensions>
      </trkpt>
      <trkpt lat="46.6766637" lon="9.4737819">
        <ele>1868.4</ele>
        <time>2026-09-15T10:24:27Z</time>
        <extensions>
          <gpxdata:distance>1143.52</gpxdata:distance>
          <gpxdata:speed>0.904</gpxdata:speed>
        </extensions>
      </trkpt>
      <trkpt lat="46.6764787" lon="9.4740629">
        <ele>1867.1</ele>
        <time>2026-09-15T10:24:59Z</time>
        <extensions>
          <gpxdata:distance>1173.23</gpxdata:distance>
          <gpxdata:speed>0.907</gpxdata:speed>
        </extensions>
      </trkpt>
      <trkpt lat="46.6764417" lon="9.4741269">
        <ele>1866.9</ele>
        <time>2026-09-15T10:25:06Z</time>
        <extensions>
          <gpxdata:distance>1179.61</gpxdata:distance>
          <gpxdata:speed>0.928</gpxdata:speed>
        </extensions>
      </trkpt>
      <trkpt lat="46.6764217" lon="9.4742039">
        <ele>1867.1</ele>
        <time>2026-09-15T10:25:13Z</time>
        <extensions>
          <gpxdata:distance>1185.89</gpxdata:distance>
          <gpxdata:speed>0.943</gpxdata:speed>
        </extensions>
      </trkpt>
      <trkpt lat="46.6763937" lon="9.4742689">
        <ele>1866.0</ele>
        <time>2026-09-15T10:25:19Z</time>
        <extensions>
          <gpxdata:distance>1191.75</gpxdata:distance>
          <gpxdata:speed>0.936</gpxdata:speed>
        </extensions>
      </trkpt>
      <trkpt lat="46.6763937" lon="9.4742689">
        <ele>1866.0</ele>
        <time>2026-09-15T10:25:19Z</time>
        <extensions>
          <gpxdata:distance>1191.75</gpxdata:distance>
          <gpxdata:speed>0.000</gpxdata:speed>
        </extensions>
      </trkpt>
      <trkpt lat="46.6763767" lon="9.4742159">
        <ele>1864.9</ele>
        <time>2026-09-15T10:25:24Z</time>
        <extensions>
          <gpxdata:distance>1196.21</gpxdata:distance>
          <gpxdata:speed>0.916</gpxdata:speed>
        </extensions>
      </trkpt>
      <trkpt lat="46.6763597" lon="9.4741889">
        <ele>1864.3</ele>
        <time>2026-09-15T10:25:27Z</time>
        <extensions>
          <gpxdata:distance>1199.01</gpxdata:distance>
          <gpxdata:speed>0.914</gpxdata:speed>
        </extensions>
      </trkpt>
      <trkpt lat="46.6763597" lon="9.4741499">
        <ele>1863.9</ele>
        <time>2026-09-15T10:25:30Z</time>
        <extensions>
          <gpxdata:distance>1201.99</gpxdata:distance>
          <gpxdata:speed>0.908</gpxdata:speed>
        </extensions>
      </trkpt>
      <trkpt lat="46.6763597" lon="9.4741499">
        <ele>1863.9</ele>
        <time>2026-09-15T10:25:30Z</time>
        <extensions>
          <gpxdata:distance>1201.99</gpxdata:distance>
          <gpxdata:speed>0.000</gpxdata:speed>
        </extensions>
      </trkpt>
      <trkpt lat="46.6763607" lon="9.4741109">
        <ele>1863.5</ele>
        <time>2026-09-15T10:25:34Z</time>
        <extensions>
          <gpxdata:distance>1204.96</gpxdata:distance>
          <gpxdata:speed>0.907</gpxdata:speed>
        </extensions>
      </trkpt>
      <trkpt lat="46.6763707" lon="9.4740719">
        <ele>1863.1</ele>
        <time>2026-09-15T10:25:37Z</time>
        <extensions>
          <gpxdata:distance>1208.14</gpxdata:distance>
          <gpxdata:speed>0.925</gpxdata:speed>
        </extensions>
      </trkpt>
      <trkpt lat="46.6763987" lon="9.4740069">
        <ele>1862.5</ele>
        <time>2026-09-15T10:25:43Z</time>
        <extensions>
          <gpxdata:distance>1213.99</gpxdata:distance>
          <gpxdata:speed>0.921</gpxdata:speed>
        </extensions>
      </trkpt>
      <trkpt lat="46.6764177" lon="9.4739299">
        <ele>1861.1</ele>
        <time>2026-09-15T10:25:50Z</time>
        <extensions>
          <gpxdata:distance>1220.24</gpxdata:distance>
          <gpxdata:speed>0.910</gpxdata:speed>
        </extensions>
      </trkpt>
      <trkpt lat="46.6764487" lon="9.4737349">
        <ele>1857.8</ele>
        <time>2026-09-15T10:26:07Z</time>
        <extensions>
          <gpxdata:distance>1235.51</gpxdata:distance>
          <gpxdata:speed>0.889</gpxdata:speed>
        </extensions>
      </trkpt>
      <trkpt lat="46.6764677" lon="9.4736699">
        <ele>1857.0</ele>
        <time>2026-09-15T10:26:13Z</time>
        <extensions>
          <gpxdata:distance>1240.90</gpxdata:distance>
          <gpxdata:speed>0.904</gpxdata:speed>
        </extensions>
      </trkpt>
      <trkpt lat="46.6764777" lon="9.4736309">
        <ele>1856.7</ele>
        <time>2026-09-15T10:26:17Z</time>
        <extensions>
          <gpxdata:distance>1244.08</gpxdata:distance>
          <gpxdata:speed>0.915</gpxdata:speed>
        </extensions>
      </trkpt>
      <trkpt lat="46.6765986" lon="9.4733870">
        <ele>1855.1</ele>
        <time>2026-09-15T10:26:42Z</time>
        <extensions>
          <gpxdata:distance>1267.03</gpxdata:distance>
          <gpxdata:speed>0.927</gpxdata:speed>
        </extensions>
      </trkpt>
      <trkpt lat="46.6766276" lon="9.4732970">
        <ele>1854.3</ele>
        <time>2026-09-15T10:26:50Z</time>
        <extensions>
          <gpxdata:distance>1274.62</gpxdata:distance>
          <gpxdata:speed>0.924</gpxdata:speed>
        </extensions>
      </trkpt>
      <trkpt lat="46.6766656" lon="9.4731680">
        <ele>1852.5</ele>
        <time>2026-09-15T10:27:01Z</time>
        <extensions>
          <gpxdata:distance>1285.33</gpxdata:distance>
          <gpxdata:speed>0.928</gpxdata:speed>
        </extensions>
      </trkpt>
      <trkpt lat="46.6766846" lon="9.4730770">
        <ele>1851.4</ele>
        <time>2026-09-15T10:27:09Z</time>
        <extensions>
          <gpxdata:distance>1292.58</gpxdata:distance>
          <gpxdata:speed>0.930</gpxdata:speed>
        </extensions>
      </trkpt>
      <trkpt lat="46.6766946" lon="9.4730250">
        <ele>1850.7</ele>
        <time>2026-09-15T10:27:14Z</time>
        <extensions>
          <gpxdata:distance>1296.70</gpxdata:distance>
          <gpxdata:speed>0.933</gpxdata:speed>
        </extensions>
      </trkpt>
      <trkpt lat="46.6766976" lon="9.4728810">
        <ele>1848.3</ele>
        <time>2026-09-15T10:27:25Z</time>
        <extensions>
          <gpxdata:distance>1307.70</gpxdata:distance>
          <gpxdata:speed>0.937</gpxdata:speed>
        </extensions>
      </trkpt>
      <trkpt lat="46.6766986" lon="9.4728030">
        <ele>1847.4</ele>
        <time>2026-09-15T10:27:32Z</time>
        <extensions>
          <gpxdata:distance>1313.65</gpxdata:distance>
          <gpxdata:speed>0.925</gpxdata:speed>
        </extensions>
      </trkpt>
      <trkpt lat="46.6767496" lon="9.4724780">
        <ele>1843.4</ele>
        <time>2026-09-15T10:27:59Z</time>
        <extensions>
          <gpxdata:distance>1339.08</gpxdata:distance>
          <gpxdata:speed>0.930</gpxdata:speed>
        </extensions>
      </trkpt>
      <trkpt lat="46.6767696" lon="9.4723610">
        <ele>1842.2</ele>
        <time>2026-09-15T10:28:09Z</time>
        <extensions>
          <gpxdata:distance>1348.28</gpxdata:distance>
          <gpxdata:speed>0.930</gpxdata:speed>
        </extensions>
      </trkpt>
      <trkpt lat="46.6768006" lon="9.4721400">
        <ele>1839.8</ele>
        <time>2026-09-15T10:28:27Z</time>
        <extensions>
          <gpxdata:distance>1365.49</gpxdata:distance>
          <gpxdata:speed>0.933</gpxdata:speed>
        </extensions>
      </trkpt>
      <trkpt lat="46.6768126" lon="9.4719830">
        <ele>1838.7</ele>
        <time>2026-09-15T10:28:40Z</time>
        <extensions>
          <gpxdata:distance>1377.54</gpxdata:distance>
          <gpxdata:speed>0.938</gpxdata:speed>
        </extensions>
      </trkpt>
      <trkpt lat="46.6768136" lon="9.4719180">
        <ele>1838.6</ele>
        <time>2026-09-15T10:28:46Z</time>
        <extensions>
          <gpxdata:distance>1382.50</gpxdata:distance>
          <gpxdata:speed>0.934</gpxdata:speed>
        </extensions>
      </trkpt>
      <trkpt lat="46.6768146" lon="9.4718660">
        <ele>1838.1</ele>
        <time>2026-09-15T10:28:50Z</time>
        <extensions>
          <gpxdata:distance>1386.47</gpxdata:distance>
          <gpxdata:speed>0.932</gpxdata:speed>
        </extensions>
      </trkpt>
      <trkpt lat="46.6767646" lon="9.4716420">
        <ele>1836.3</ele>
        <time>2026-09-15T10:29:09Z</time>
        <extensions>
          <gpxdata:distance>1404.44</gpxdata:distance>
          <gpxdata:speed>0.925</gpxdata:speed>
        </extensions>
      </trkpt>
      <trkpt lat="46.6767566" lon="9.4715760">
        <ele>1835.7</ele>
        <time>2026-09-15T10:29:15Z</time>
        <extensions>
          <gpxdata:distance>1409.56</gpxdata:distance>
          <gpxdata:speed>0.916</gpxdata:speed>
        </extensions>
      </trkpt>
      <trkpt lat="46.6767486" lon="9.4715240">
        <ele>1835.0</ele>
        <time>2026-09-15T10:29:19Z</time>
        <extensions>
          <gpxdata:distance>1413.62</gpxdata:distance>
          <gpxdata:speed>0.916</gpxdata:speed>
        </extensions>
      </trkpt>
      <trkpt lat="46.6767586" lon="9.4714720">
        <ele>1834.0</ele>
        <time>2026-09-15T10:29:24Z</time>
        <extensions>
          <gpxdata:distance>1417.74</gpxdata:distance>
          <gpxdata:speed>0.912</gpxdata:speed>
        </extensions>
      </trkpt>
      <trkpt lat="46.6767686" lon="9.4714200">
        <ele>1833.1</ele>
        <time>2026-09-15T10:29:28Z</time>
        <extensions>
          <gpxdata:distance>1421.86</gpxdata:distance>
          <gpxdata:speed>0.916</gpxdata:speed>
        </extensions>
      </trkpt>
      <trkpt lat="46.6767966" lon="9.4713680">
        <ele>1832.0</ele>
        <time>2026-09-15T10:29:34Z</time>
        <extensions>
          <gpxdata:distance>1426.91</gpxdata:distance>
          <gpxdata:speed>0.919</gpxdata:speed>
        </extensions>
      </trkpt>
      <trkpt lat="46.6768436" lon="9.4712790">
        <ele>1830.6</ele>
        <time>2026-09-15T10:29:43Z</time>
        <extensions>
          <gpxdata:distance>1435.47</gpxdata:distance>
          <gpxdata:speed>0.931</gpxdata:speed>
        </extensions>
      </trkpt>
      <trkpt lat="46.6768706" lon="9.4712270">
        <ele>1830.2</ele>
        <time>2026-09-15T10:29:48Z</time>
        <extensions>
          <gpxdata:distance>1440.45</gpxdata:distance>
          <gpxdata:speed>0.935</gpxdata:speed>
        </extensions>
      </trkpt>
      <trkpt lat="46.6768806" lon="9.4711750">
        <ele>1829.8</ele>
        <time>2026-09-15T10:29:53Z</time>
        <extensions>
          <gpxdata:distance>1444.57</gpxdata:distance>
          <gpxdata:speed>0.934</gpxdata:speed>
        </extensions>
      </trkpt>
      <trkpt lat="46.6768826" lon="9.4710580">
        <ele>1828.5</ele>
        <time>2026-09-15T10:30:02Z</time>
        <extensions>
          <gpxdata:distance>1453.50</gpxdata:distance>
          <gpxdata:speed>0.928</gpxdata:speed>
        </extensions>
      </trkpt>
      <trkpt lat="46.6768926" lon="9.4710060">
        <ele>1827.8</ele>
        <time>2026-09-15T10:30:07Z</time>
        <extensions>
          <gpxdata:distance>1457.62</gpxdata:distance>
          <gpxdata:speed>0.920</gpxdata:speed>
        </extensions>
      </trkpt>
      <trkpt lat="46.6769116" lon="9.4709810">
        <ele>1827.2</ele>
        <time>2026-09-15T10:30:10Z</time>
        <extensions>
          <gpxdata:distance>1460.46</gpxdata:distance>
          <gpxdata:speed>0.918</gpxdata:speed>
        </extensions>
      </trkpt>
      <trkpt lat="46.6769486" lon="9.4709170">
        <ele>1825.9</ele>
        <time>2026-09-15T10:30:17Z</time>
        <extensions>
          <gpxdata:distance>1466.85</gpxdata:distance>
          <gpxdata:speed>0.920</gpxdata:speed>
        </extensions>
      </trkpt>
      <trkpt lat="46.6770036" lon="9.4708400">
        <ele>1823.9</ele>
        <time>2026-09-15T10:30:26Z</time>
        <extensions>
          <gpxdata:distance>1475.33</gpxdata:distance>
          <gpxdata:speed>0.910</gpxdata:speed>
        </extensions>
      </trkpt>
      <trkpt lat="46.6770776" lon="9.4707650">
        <ele>1822.5</ele>
        <time>2026-09-15T10:30:37Z</time>
        <extensions>
          <gpxdata:distance>1485.35</gpxdata:distance>
          <gpxdata:speed>0.923</gpxdata:speed>
        </extensions>
      </trkpt>
      <trkpt lat="46.6771326" lon="9.4707010">
        <ele>1821.4</ele>
        <time>2026-09-15T10:30:46Z</time>
        <extensions>
          <gpxdata:distance>1493.18</gpxdata:distance>
          <gpxdata:speed>0.927</gpxdata:speed>
        </extensions>
      </trkpt>
      <trkpt lat="46.6771606" lon="9.4706500">
        <ele>1820.8</ele>
        <time>2026-09-15T10:30:51Z</time>
        <extensions>
          <gpxdata:distance>1498.16</gpxdata:distance>
          <gpxdata:speed>0.923</gpxdata:speed>
        </extensions>
      </trkpt>
      <trkpt lat="46.6771786" lon="9.4706110">
        <ele>1820.4</ele>
        <time>2026-09-15T10:30:55Z</time>
        <extensions>
          <gpxdata:distance>1501.75</gpxdata:distance>
          <gpxdata:speed>0.920</gpxdata:speed>
        </extensions>
      </trkpt>
      <trkpt lat="46.6771885" lon="9.4705600">
        <ele>1819.3</ele>
        <time>2026-09-15T10:30:59Z</time>
        <extensions>
          <gpxdata:distance>1505.79</gpxdata:distance>
          <gpxdata:speed>0.905</gpxdata:speed>
        </extensions>
      </trkpt>
      <trkpt lat="46.6771895" lon="9.4704940">
        <ele>1818.1</ele>
        <time>2026-09-15T10:31:05Z</time>
        <extensions>
          <gpxdata:distance>1510.83</gpxdata:distance>
          <gpxdata:speed>0.896</gpxdata:speed>
        </extensions>
      </trkpt>
      <trkpt lat="46.6771905" lon="9.4704420">
        <ele>1817.2</ele>
        <time>2026-09-15T10:31:09Z</time>
        <extensions>
          <gpxdata:distance>1514.80</gpxdata:distance>
          <gpxdata:speed>0.894</gpxdata:speed>
        </extensions>
      </trkpt>
      <trkpt lat="46.6771735" lon="9.4703890">
        <ele>1816.7</ele>
        <time>2026-09-15T10:31:14Z</time>
        <extensions>
          <gpxdata:distance>1519.26</gpxdata:distance>
          <gpxdata:speed>0.905</gpxdata:speed>
        </extensions>
      </trkpt>
      <trkpt lat="46.6771475" lon="9.4703360">
        <ele>1815.9</ele>
        <time>2026-09-15T10:31:20Z</time>
        <extensions>
          <gpxdata:distance>1524.23</gpxdata:distance>
          <gpxdata:speed>0.922</gpxdata:speed>
        </extensions>
      </trkpt>
      <trkpt lat="46.6770955" lon="9.4702420">
        <ele>1813.6</ele>
        <time>2026-09-15T10:31:30Z</time>
        <extensions>
          <gpxdata:distance>1533.44</gpxdata:distance>
          <gpxdata:speed>0.892</gpxdata:speed>
        </extensions>
      </trkpt>
      <trkpt lat="46.6770875" lon="9.4702030">
        <ele>1812.3</ele>
        <time>2026-09-15T10:31:34Z</time>
        <extensions>
          <gpxdata:distance>1536.55</gpxdata:distance>
          <gpxdata:speed>0.872</gpxdata:speed>
        </extensions>
      </trkpt>
      <trkpt lat="46.6770795" lon="9.4701500">
        <ele>1811.1</ele>
        <time>2026-09-15T10:31:38Z</time>
        <extensions>
          <gpxdata:distance>1540.69</gpxdata:distance>
          <gpxdata:speed>0.872</gpxdata:speed>
        </extensions>
      </trkpt>
      <trkpt lat="46.6770805" lon="9.4700850">
        <ele>1810.1</ele>
        <time>2026-09-15T10:31:44Z</time>
        <extensions>
          <gpxdata:distance>1545.65</gpxdata:distance>
          <gpxdata:speed>0.872</gpxdata:speed>
        </extensions>
      </trkpt>
      <trkpt lat="46.6770905" lon="9.4700330">
        <ele>1809.6</ele>
        <time>2026-09-15T10:31:49Z</time>
        <extensions>
          <gpxdata:distance>1549.77</gpxdata:distance>
          <gpxdata:speed>0.872</gpxdata:speed>
        </extensions>
      </trkpt>
      <trkpt lat="46.6771095" lon="9.4699680">
        <ele>1808.9</ele>
        <time>2026-09-15T10:31:55Z</time>
        <extensions>
          <gpxdata:distance>1555.16</gpxdata:distance>
          <gpxdata:speed>0.872</gpxdata:speed>
        </extensions>
      </trkpt>
      <trkpt lat="46.6771465" lon="9.4699170">
        <ele>1807.6</ele>
        <time>2026-09-15T10:32:01Z</time>
        <extensions>
          <gpxdata:distance>1560.82</gpxdata:distance>
          <gpxdata:speed>0.872</gpxdata:speed>
        </extensions>
      </trkpt>
      <trkpt lat="46.6771745" lon="9.4698660">
        <ele>1806.5</ele>
        <time>2026-09-15T10:32:07Z</time>
        <extensions>
          <gpxdata:distance>1565.80</gpxdata:distance>
          <gpxdata:speed>0.872</gpxdata:speed>
        </extensions>
      </trkpt>
      <trkpt lat="46.6771845" lon="9.4698140">
        <ele>1805.7</ele>
        <time>2026-09-15T10:32:12Z</time>
        <extensions>
          <gpxdata:distance>1569.92</gpxdata:distance>
          <gpxdata:speed>0.872</gpxdata:speed>
        </extensions>
      </trkpt>
      <trkpt lat="46.6772035" lon="9.4697500">
        <ele>1804.5</ele>
        <time>2026-09-15T10:32:18Z</time>
        <extensions>
          <gpxdata:distance>1575.24</gpxdata:distance>
          <gpxdata:speed>0.872</gpxdata:speed>
        </extensions>
      </trkpt>
      <trkpt lat="46.6772315" lon="9.4696720">
        <ele>1803.4</ele>
        <time>2026-09-15T10:32:26Z</time>
        <extensions>
          <gpxdata:distance>1581.96</gpxdata:distance>
          <gpxdata:speed>0.877</gpxdata:speed>
        </extensions>
      </trkpt>
      <trkpt lat="46.6772695" lon="9.4695690">
        <ele>1802.2</ele>
        <time>2026-09-15T10:32:35Z</time>
        <extensions>
          <gpxdata:distance>1590.88</gpxdata:distance>
          <gpxdata:speed>0.903</gpxdata:speed>
        </extensions>
      </trkpt>
      <trkpt lat="46.6773165" lon="9.4694790">
        <ele>1801.2</ele>
        <time>2026-09-15T10:32:45Z</time>
        <extensions>
          <gpxdata:distance>1599.51</gpxdata:distance>
          <gpxdata:speed>0.919</gpxdata:speed>
        </extensions>
      </trkpt>
      <trkpt lat="46.6773445" lon="9.4694020">
        <ele>1800.5</ele>
        <time>2026-09-15T10:32:52Z</time>
        <extensions>
          <gpxdata:distance>1606.16</gpxdata:distance>
          <gpxdata:speed>0.925</gpxdata:speed>
        </extensions>
      </trkpt>
      <trkpt lat="46.6773635" lon="9.4693500">
        <ele>1800.1</ele>
        <time>2026-09-15T10:32:57Z</time>
        <extensions>
          <gpxdata:distance>1610.65</gpxdata:distance>
          <gpxdata:speed>0.928</gpxdata:speed>
        </extensions>
      </trkpt>
      <trkpt lat="46.6773635" lon="9.4693500">
        <ele>1800.1</ele>
        <time>2026-09-15T10:32:57Z</time>
        <extensions>
          <gpxdata:distance>1610.65</gpxdata:distance>
          <gpxdata:speed>0.000</gpxdata:speed>
        </extensions>
      </trkpt>
      <trkpt lat="46.6774095" lon="9.4692870">
        <ele>1800.2</ele>
        <time>2026-09-15T10:33:05Z</time>
        <extensions>
          <gpxdata:distance>1617.67</gpxdata:distance>
          <gpxdata:speed>0.914</gpxdata:speed>
        </extensions>
      </trkpt>
      <trkpt lat="46.6774375" lon="9.4692350">
        <ele>1800.7</ele>
        <time>2026-09-15T10:33:10Z</time>
        <extensions>
          <gpxdata:distance>1622.72</gpxdata:distance>
          <gpxdata:speed>0.900</gpxdata:speed>
        </extensions>
      </trkpt>
      <trkpt lat="46.6774565" lon="9.4691580">
        <ele>1801.2</ele>
        <time>2026-09-15T10:33:17Z</time>
        <extensions>
          <gpxdata:distance>1628.96</gpxdata:distance>
          <gpxdata:speed>0.936</gpxdata:speed>
        </extensions>
      </trkpt>
      <trkpt lat="46.6774855" lon="9.4690670">
        <ele>1802.2</ele>
        <time>2026-09-15T10:33:25Z</time>
        <extensions>
          <gpxdata:distance>1636.61</gpxdata:distance>
          <gpxdata:speed>0.984</gpxdata:speed>
        </extensions>
      </trkpt>
      <trkpt lat="46.6775135" lon="9.4690290">
        <ele>1802.3</ele>
        <time>2026-09-15T10:33:29Z</time>
        <extensions>
          <gpxdata:distance>1640.87</gpxdata:distance>
          <gpxdata:speed>1.007</gpxdata:speed>
        </extensions>
      </trkpt>
      <trkpt lat="46.6775405" lon="9.4690040">
        <ele>1802.3</ele>
        <time>2026-09-15T10:33:33Z</time>
        <extensions>
          <gpxdata:distance>1644.42</gpxdata:distance>
          <gpxdata:speed>0.950</gpxdata:speed>
        </extensions>
      </trkpt>
      <trkpt lat="46.6776755" lon="9.4690090">
        <ele>1803.0</ele>
        <time>2026-09-15T10:33:49Z</time>
        <extensions>
          <gpxdata:distance>1659.44</gpxdata:distance>
          <gpxdata:speed>0.893</gpxdata:speed>
        </extensions>
      </trkpt>
      <trkpt lat="46.6777925" lon="9.4689870">
        <ele>1803.6</ele>
        <time>2026-09-15T10:34:05Z</time>
        <extensions>
          <gpxdata:distance>1672.56</gpxdata:distance>
          <gpxdata:speed>0.868</gpxdata:speed>
        </extensions>
      </trkpt>
      <trkpt lat="46.6778465" lon="9.4689890">
        <ele>1803.6</ele>
        <time>2026-09-15T10:34:11Z</time>
        <extensions>
          <gpxdata:distance>1678.57</gpxdata:distance>
          <gpxdata:speed>0.881</gpxdata:speed>
        </extensions>
      </trkpt>
      <trkpt lat="46.6778735" lon="9.4689770">
        <ele>1803.6</ele>
        <time>2026-09-15T10:34:15Z</time>
        <extensions>
          <gpxdata:distance>1681.70</gpxdata:distance>
          <gpxdata:speed>0.877</gpxdata:speed>
        </extensions>
      </trkpt>
      <trkpt lat="46.6779375" lon="9.4689530">
        <ele>1802.8</ele>
        <time>2026-09-15T10:34:23Z</time>
        <extensions>
          <gpxdata:distance>1689.05</gpxdata:distance>
          <gpxdata:speed>0.932</gpxdata:speed>
        </extensions>
      </trkpt>
      <trkpt lat="46.6780635" lon="9.4689190">
        <ele>1802.4</ele>
        <time>2026-09-15T10:34:37Z</time>
        <extensions>
          <gpxdata:distance>1703.30</gpxdata:distance>
          <gpxdata:speed>0.971</gpxdata:speed>
        </extensions>
      </trkpt>
      <trkpt lat="46.6780905" lon="9.4689200">
        <ele>1802.6</ele>
        <time>2026-09-15T10:34:40Z</time>
        <extensions>
          <gpxdata:distance>1706.30</gpxdata:distance>
          <gpxdata:speed>0.998</gpxdata:speed>
        </extensions>
      </trkpt>
      <trkpt lat="46.6781625" lon="9.4689230">
        <ele>1802.6</ele>
        <time>2026-09-15T10:34:48Z</time>
        <extensions>
          <gpxdata:distance>1714.31</gpxdata:distance>
          <gpxdata:speed>1.002</gpxdata:speed>
        </extensions>
      </trkpt>
      <trkpt lat="46.6781715" lon="9.4689230">
        <ele>1802.5</ele>
        <time>2026-09-15T10:34:49Z</time>
        <extensions>
          <gpxdata:distance>1715.31</gpxdata:distance>
          <gpxdata:speed>1.005</gpxdata:speed>
        </extensions>
      </trkpt>
      <trkpt lat="46.6781805" lon="9.4689360">
        <ele>1802.8</ele>
        <time>2026-09-15T10:34:51Z</time>
        <extensions>
          <gpxdata:distance>1716.72</gpxdata:distance>
          <gpxdata:speed>1.008</gpxdata:speed>
        </extensions>
      </trkpt>
      <trkpt lat="46.6781985" lon="9.4689500">
        <ele>1803.0</ele>
        <time>2026-09-15T10:34:53Z</time>
        <extensions>
          <gpxdata:distance>1718.99</gpxdata:distance>
          <gpxdata:speed>0.996</gpxdata:speed>
        </extensions>
      </trkpt>
      <trkpt lat="46.6782255" lon="9.4689640">
        <ele>1803.3</ele>
        <time>2026-09-15T10:34:56Z</time>
        <extensions>
          <gpxdata:distance>1722.18</gpxdata:distance>
          <gpxdata:speed>1.004</gpxdata:speed>
        </extensions>
      </trkpt>
      <trkpt lat="46.6782335" lon="9.4689780">
        <ele>1803.5</ele>
        <time>2026-09-15T10:34:58Z</time>
        <extensions>
          <gpxdata:distance>1723.57</gpxdata:distance>
          <gpxdata:speed>1.009</gpxdata:speed>
        </extensions>
      </trkpt>
      <trkpt lat="46.6782425" lon="9.4690170">
        <ele>1804.6</ele>
        <time>2026-09-15T10:35:01Z</time>
        <extensions>
          <gpxdata:distance>1726.71</gpxdata:distance>
          <gpxdata:speed>0.891</gpxdata:speed>
        </extensions>
      </trkpt>
      <trkpt lat="46.6782505" lon="9.4690310">
        <ele>1804.9</ele>
        <time>2026-09-15T10:35:03Z</time>
        <extensions>
          <gpxdata:distance>1728.10</gpxdata:distance>
          <gpxdata:speed>0.752</gpxdata:speed>
        </extensions>
      </trkpt>
      <trkpt lat="46.6782595" lon="9.4690310">
        <ele>1805.0</ele>
        <time>2026-09-15T10:35:04Z</time>
        <extensions>
          <gpxdata:distance>1729.10</gpxdata:distance>
          <gpxdata:speed>0.741</gpxdata:speed>
        </extensions>
      </trkpt>
      <trkpt lat="46.6783315" lon="9.4690470">
        <ele>1804.5</ele>
        <time>2026-09-15T10:35:15Z</time>
        <extensions>
          <gpxdata:distance>1737.20</gpxdata:distance>
          <gpxdata:speed>0.799</gpxdata:speed>
        </extensions>
      </trkpt>
      <trkpt lat="46.6783585" lon="9.4690480">
        <ele>1804.6</ele>
        <time>2026-09-15T10:35:18Z</time>
        <extensions>
          <gpxdata:distance>1740.20</gpxdata:distance>
          <gpxdata:speed>0.795</gpxdata:speed>
        </extensions>
      </trkpt>
      <trkpt lat="46.6784125" lon="9.4690630">
        <ele>1804.8</ele>
        <time>2026-09-15T10:35:26Z</time>
        <extensions>
          <gpxdata:distance>1746.31</gpxdata:distance>
          <gpxdata:speed>0.839</gpxdata:speed>
        </extensions>
      </trkpt>
      <trkpt lat="46.6784395" lon="9.4690770">
        <ele>1804.8</ele>
        <time>2026-09-15T10:35:29Z</time>
        <extensions>
          <gpxdata:distance>1749.50</gpxdata:distance>
          <gpxdata:speed>0.862</gpxdata:speed>
        </extensions>
      </trkpt>
      <trkpt lat="46.6784835" lon="9.4690790">
        <ele>1804.5</ele>
        <time>2026-09-15T10:35:35Z</time>
        <extensions>
          <gpxdata:distance>1754.39</gpxdata:distance>
          <gpxdata:speed>0.918</gpxdata:speed>
        </extensions>
      </trkpt>
      <trkpt lat="46.6785285" lon="9.4690800">
        <ele>1804.2</ele>
        <time>2026-09-15T10:35:40Z</time>
        <extensions>
          <gpxdata:distance>1759.40</gpxdata:distance>
          <gpxdata:speed>0.963</gpxdata:speed>
        </extensions>
      </trkpt>
      <trkpt lat="46.6785645" lon="9.4690820">
        <ele>1803.8</ele>
        <time>2026-09-15T10:35:44Z</time>
        <extensions>
          <gpxdata:distance>1763.40</gpxdata:distance>
          <gpxdata:speed>0.984</gpxdata:speed>
        </extensions>
      </trkpt>
      <trkpt lat="46.6786005" lon="9.4691090">
        <ele>1803.4</ele>
        <time>2026-09-15T10:35:49Z</time>
        <extensions>
          <gpxdata:distance>1767.91</gpxdata:distance>
          <gpxdata:speed>0.964</gpxdata:speed>
        </extensions>
      </trkpt>
      <trkpt lat="46.6786275" lon="9.4691230">
        <ele>1803.3</ele>
        <time>2026-09-15T10:35:52Z</time>
        <extensions>
          <gpxdata:distance>1771.09</gpxdata:distance>
          <gpxdata:speed>0.960</gpxdata:speed>
        </extensions>
      </trkpt>
      <trkpt lat="46.6786805" lon="9.4691640">
        <ele>1802.8</ele>
        <time>2026-09-15T10:35:59Z</time>
        <extensions>
          <gpxdata:distance>1777.76</gpxdata:distance>
          <gpxdata:speed>0.959</gpxdata:speed>
        </extensions>
      </trkpt>
      <trkpt lat="46.6787155" lon="9.4691920">
        <ele>1801.9</ele>
        <time>2026-09-15T10:36:04Z</time>
        <extensions>
          <gpxdata:distance>1782.20</gpxdata:distance>
          <gpxdata:speed>0.933</gpxdata:speed>
        </extensions>
      </trkpt>
      <trkpt lat="46.6787425" lon="9.4692190">
        <ele>1801.7</ele>
        <time>2026-09-15T10:36:08Z</time>
        <extensions>
          <gpxdata:distance>1785.85</gpxdata:distance>
          <gpxdata:speed>0.918</gpxdata:speed>
        </extensions>
      </trkpt>
      <trkpt lat="46.6787605" lon="9.4692330">
        <ele>1801.3</ele>
        <time>2026-09-15T10:36:10Z</time>
        <extensions>
          <gpxdata:distance>1788.11</gpxdata:distance>
          <gpxdata:speed>0.904</gpxdata:speed>
        </extensions>
      </trkpt>
      <trkpt lat="46.6788925" lon="9.4694081">
        <ele>1799.5</ele>
        <time>2026-09-15T10:36:32Z</time>
        <extensions>
          <gpxdata:distance>1807.96</gpxdata:distance>
          <gpxdata:speed>0.902</gpxdata:speed>
        </extensions>
      </trkpt>
      <trkpt lat="46.6789365" lon="9.4694491">
        <ele>1800.1</ele>
        <time>2026-09-15T10:36:38Z</time>
        <extensions>
          <gpxdata:distance>1813.77</gpxdata:distance>
          <gpxdata:speed>0.921</gpxdata:speed>
        </extensions>
      </trkpt>
      <trkpt lat="46.6792555" lon="9.4697351">
        <ele>1803.4</ele>
        <time>2026-09-15T10:37:20Z</time>
        <extensions>
          <gpxdata:distance>1855.41</gpxdata:distance>
          <gpxdata:speed>1.007</gpxdata:speed>
        </extensions>
      </trkpt>
      <trkpt lat="46.6793265" lon="9.4697771">
        <ele>1805.4</ele>
        <time>2026-09-15T10:37:29Z</time>
        <extensions>
          <gpxdata:distance>1863.93</gpxdata:distance>
          <gpxdata:speed>0.960</gpxdata:speed>
        </extensions>
      </trkpt>
      <trkpt lat="46.6793985" lon="9.4697931">
        <ele>1806.0</ele>
        <time>2026-09-15T10:37:37Z</time>
        <extensions>
          <gpxdata:distance>1872.03</gpxdata:distance>
          <gpxdata:speed>0.944</gpxdata:speed>
        </extensions>
      </trkpt>
      <trkpt lat="46.6794615" lon="9.4697951">
        <ele>1805.0</ele>
        <time>2026-09-15T10:37:45Z</time>
        <extensions>
          <gpxdata:distance>1879.04</gpxdata:distance>
          <gpxdata:speed>0.957</gpxdata:speed>
        </extensions>
      </trkpt>
      <trkpt lat="46.6795425" lon="9.4697851">
        <ele>1805.4</ele>
        <time>2026-09-15T10:37:54Z</time>
        <extensions>
          <gpxdata:distance>1888.08</gpxdata:distance>
          <gpxdata:speed>0.928</gpxdata:speed>
        </extensions>
      </trkpt>
      <trkpt lat="46.6796145" lon="9.4697621">
        <ele>1807.0</ele>
        <time>2026-09-15T10:38:03Z</time>
        <extensions>
          <gpxdata:distance>1896.27</gpxdata:distance>
          <gpxdata:speed>0.891</gpxdata:speed>
        </extensions>
      </trkpt>
      <trkpt lat="46.6796685" lon="9.4697511">
        <ele>1808.3</ele>
        <time>2026-09-15T10:38:11Z</time>
        <extensions>
          <gpxdata:distance>1902.34</gpxdata:distance>
          <gpxdata:speed>0.856</gpxdata:speed>
        </extensions>
      </trkpt>
      <trkpt lat="46.6797225" lon="9.4697401">
        <ele>1809.9</ele>
        <time>2026-09-15T10:38:19Z</time>
        <extensions>
          <gpxdata:distance>1908.40</gpxdata:distance>
          <gpxdata:speed>0.745</gpxdata:speed>
        </extensions>
      </trkpt>
      <trkpt lat="46.6798775" lon="9.4696411">
        <ele>1812.2</ele>
        <time>2026-09-15T10:38:44Z</time>
        <extensions>
          <gpxdata:distance>1927.22</gpxdata:distance>
          <gpxdata:speed>0.737</gpxdata:speed>
        </extensions>
      </trkpt>
      <trkpt lat="46.6799505" lon="9.4696041">
        <ele>1813.2</ele>
        <time>2026-09-15T10:38:57Z</time>
        <extensions>
          <gpxdata:distance>1935.81</gpxdata:distance>
          <gpxdata:speed>0.700</gpxdata:speed>
        </extensions>
      </trkpt>
      <trkpt lat="46.6800225" lon="9.4695811">
        <ele>1814.4</ele>
        <time>2026-09-15T10:39:08Z</time>
        <extensions>
          <gpxdata:distance>1944.01</gpxdata:distance>
          <gpxdata:speed>0.723</gpxdata:speed>
        </extensions>
      </trkpt>
      <trkpt lat="46.6801585" lon="9.4695211">
        <ele>1816.5</ele>
        <time>2026-09-15T10:39:30Z</time>
        <extensions>
          <gpxdata:distance>1959.81</gpxdata:distance>
          <gpxdata:speed>0.705</gpxdata:speed>
        </extensions>
      </trkpt>
      <trkpt lat="46.6802225" lon="9.4694841">
        <ele>1817.9</ele>
        <time>2026-09-15T10:39:42Z</time>
        <extensions>
          <gpxdata:distance>1967.46</gpxdata:distance>
          <gpxdata:speed>0.640</gpxdata:speed>
        </extensions>
      </trkpt>
      <trkpt lat="46.6803315" lon="9.4694101">
        <ele>1820.6</ele>
        <time>2026-09-15T10:40:03Z</time>
        <extensions>
          <gpxdata:distance>1980.83</gpxdata:distance>
          <gpxdata:speed>0.635</gpxdata:speed>
        </extensions>
      </trkpt>
      <trkpt lat="46.6804775" lon="9.4693241">
        <ele>1822.4</ele>
        <time>2026-09-15T10:40:31Z</time>
        <extensions>
          <gpxdata:distance>1998.34</gpxdata:distance>
          <gpxdata:speed>0.631</gpxdata:speed>
        </extensions>
      </trkpt>
      <trkpt lat="46.6805045" lon="9.4693121">
        <ele>1822.6</ele>
        <time>2026-09-15T10:40:36Z</time>
        <extensions>
          <gpxdata:distance>2001.48</gpxdata:distance>
          <gpxdata:speed>0.645</gpxdata:speed>
        </extensions>
      </trkpt>
      <trkpt lat="46.6806675" lon="9.4692781">
        <ele>1823.2</ele>
        <time>2026-09-15T10:41:02Z</time>
        <extensions>
          <gpxdata:distance>2019.79</gpxdata:distance>
          <gpxdata:speed>0.706</gpxdata:speed>
        </extensions>
      </trkpt>
      <trkpt lat="46.6809195" lon="9.4692621">
        <ele>1822.3</ele>
        <time>2026-09-15T10:41:37Z</time>
        <extensions>
          <gpxdata:distance>2047.84</gpxdata:distance>
          <gpxdata:speed>0.797</gpxdata:speed>
        </extensions>
      </trkpt>
      <trkpt lat="46.6809465" lon="9.4692631">
        <ele>1822.4</ele>
        <time>2026-09-15T10:41:41Z</time>
        <extensions>
          <gpxdata:distance>2050.84</gpxdata:distance>
          <gpxdata:speed>0.807</gpxdata:speed>
        </extensions>
      </trkpt>
      <trkpt lat="46.6811455" lon="9.4691791">
        <ele>1825.0</ele>
        <time>2026-09-15T10:42:09Z</time>
        <extensions>
          <gpxdata:distance>2073.88</gpxdata:distance>
          <gpxdata:speed>0.802</gpxdata:speed>
        </extensions>
      </trkpt>
      <trkpt lat="46.6812275" lon="9.4691431">
        <ele>1825.8</ele>
        <time>2026-09-15T10:42:21Z</time>
        <extensions>
          <gpxdata:distance>2083.40</gpxdata:distance>
          <gpxdata:speed>0.819</gpxdata:speed>
        </extensions>
      </trkpt>
      <trkpt lat="46.6813275" lon="9.4690941">
        <ele>1826.4</ele>
        <time>2026-09-15T10:42:35Z</time>
        <extensions>
          <gpxdata:distance>2095.13</gpxdata:distance>
          <gpxdata:speed>0.842</gpxdata:speed>
        </extensions>
      </trkpt>
      <trkpt lat="46.6814624" lon="9.4690601">
        <ele>1827.2</ele>
        <time>2026-09-15T10:42:52Z</time>
        <extensions>
          <gpxdata:distance>2110.35</gpxdata:distance>
          <gpxdata:speed>0.883</gpxdata:speed>
        </extensions>
      </trkpt>
      <trkpt lat="46.6815614" lon="9.4690641">
        <ele>1827.8</ele>
        <time>2026-09-15T10:43:04Z</time>
        <extensions>
          <gpxdata:distance>2121.37</gpxdata:distance>
          <gpxdata:speed>0.901</gpxdata:speed>
        </extensions>
      </trkpt>
      <trkpt lat="46.6817324" lon="9.4690831">
        <ele>1829.4</ele>
        <time>2026-09-15T10:43:26Z</time>
        <extensions>
          <gpxdata:distance>2140.44</gpxdata:distance>
          <gpxdata:speed>0.888</gpxdata:speed>
        </extensions>
      </trkpt>
      <trkpt lat="46.6817864" lon="9.4690851">
        <ele>1829.6</ele>
        <time>2026-09-15T10:43:33Z</time>
        <extensions>
          <gpxdata:distance>2146.44</gpxdata:distance>
          <gpxdata:speed>0.884</gpxdata:speed>
        </extensions>
      </trkpt>
      <trkpt lat="46.6818314" lon="9.4691001">
        <ele>1829.8</ele>
        <time>2026-09-15T10:43:39Z</time>
        <extensions>
          <gpxdata:distance>2151.58</gpxdata:distance>
          <gpxdata:speed>0.827</gpxdata:speed>
        </extensions>
      </trkpt>
      <trkpt lat="46.6818664" lon="9.4691141">
        <ele>1830.0</ele>
        <time>2026-09-15T10:43:44Z</time>
        <extensions>
          <gpxdata:distance>2155.61</gpxdata:distance>
          <gpxdata:speed>0.826</gpxdata:speed>
        </extensions>
      </trkpt>
      <trkpt lat="46.6819114" lon="9.4691551">
        <ele>1830.4</ele>
        <time>2026-09-15T10:43:51Z</time>
        <extensions>
          <gpxdata:distance>2161.51</gpxdata:distance>
          <gpxdata:speed>0.855</gpxdata:speed>
        </extensions>
      </trkpt>
      <trkpt lat="46.6819554" lon="9.4692091">
        <ele>1830.8</ele>
        <time>2026-09-15T10:43:58Z</time>
        <extensions>
          <gpxdata:distance>2167.91</gpxdata:distance>
          <gpxdata:speed>0.861</gpxdata:speed>
        </extensions>
      </trkpt>
      <trkpt lat="46.6819895" lon="9.4692761">
        <ele>1829.8</ele>
        <time>2026-09-15T10:44:05Z</time>
        <extensions>
          <gpxdata:distance>2174.27</gpxdata:distance>
          <gpxdata:speed>0.903</gpxdata:speed>
        </extensions>
      </trkpt>
      <trkpt lat="46.6820345" lon="9.4693171">
        <ele>1829.5</ele>
        <time>2026-09-15T10:44:12Z</time>
        <extensions>
          <gpxdata:distance>2180.17</gpxdata:distance>
          <gpxdata:speed>0.929</gpxdata:speed>
        </extensions>
      </trkpt>
      <trkpt lat="46.6820695" lon="9.4693441">
        <ele>1829.0</ele>
        <time>2026-09-15T10:44:16Z</time>
        <extensions>
          <gpxdata:distance>2184.58</gpxdata:distance>
          <gpxdata:speed>0.964</gpxdata:speed>
        </extensions>
      </trkpt>
      <trkpt lat="46.6821055" lon="9.4693721">
        <ele>1828.4</ele>
        <time>2026-09-15T10:44:21Z</time>
        <extensions>
          <gpxdata:distance>2189.11</gpxdata:distance>
          <gpxdata:speed>0.986</gpxdata:speed>
        </extensions>
      </trkpt>
      <trkpt lat="46.6821405" lon="9.4693861">
        <ele>1827.2</ele>
        <time>2026-09-15T10:44:25Z</time>
        <extensions>
          <gpxdata:distance>2193.15</gpxdata:distance>
          <gpxdata:speed>0.947</gpxdata:speed>
        </extensions>
      </trkpt>
      <trkpt lat="46.6821675" lon="9.4693871">
        <ele>1826.3</ele>
        <time>2026-09-15T10:44:28Z</time>
        <extensions>
          <gpxdata:distance>2196.15</gpxdata:distance>
          <gpxdata:speed>0.917</gpxdata:speed>
        </extensions>
      </trkpt>
      <trkpt lat="46.6822314" lon="9.4693761">
        <ele>1824.7</ele>
        <time>2026-09-15T10:44:36Z</time>
        <extensions>
          <gpxdata:distance>2203.31</gpxdata:distance>
          <gpxdata:speed>0.905</gpxdata:speed>
        </extensions>
      </trkpt>
      <trkpt lat="46.6823754" lon="9.4693301">
        <ele>1821.1</ele>
        <time>2026-09-15T10:44:54Z</time>
        <extensions>
          <gpxdata:distance>2219.70</gpxdata:distance>
          <gpxdata:speed>0.927</gpxdata:speed>
        </extensions>
      </trkpt>
      <trkpt lat="46.6824574" lon="9.4692931">
        <ele>1819.4</ele>
        <time>2026-09-15T10:45:05Z</time>
        <extensions>
          <gpxdata:distance>2229.24</gpxdata:distance>
          <gpxdata:speed>0.891</gpxdata:speed>
        </extensions>
      </trkpt>
      <trkpt lat="46.6825574" lon="9.4692582">
        <ele>1815.8</ele>
        <time>2026-09-15T10:45:18Z</time>
        <extensions>
          <gpxdata:distance>2240.68</gpxdata:distance>
          <gpxdata:speed>0.872</gpxdata:speed>
        </extensions>
      </trkpt>
      <trkpt lat="46.6827024" lon="9.4691722">
        <ele>1809.1</ele>
        <time>2026-09-15T10:45:38Z</time>
        <extensions>
          <gpxdata:distance>2258.08</gpxdata:distance>
          <gpxdata:speed>0.872</gpxdata:speed>
        </extensions>
      </trkpt>
      <trkpt lat="46.6827664" lon="9.4691352">
        <ele>1807.9</ele>
        <time>2026-09-15T10:45:46Z</time>
        <extensions>
          <gpxdata:distance>2265.74</gpxdata:distance>
          <gpxdata:speed>0.872</gpxdata:speed>
        </extensions>
      </trkpt>
      <trkpt lat="46.6827664" lon="9.4691352">
        <ele>1807.9</ele>
        <time>2026-09-15T10:45:46Z</time>
        <extensions>
          <gpxdata:distance>2265.74</gpxdata:distance>
          <gpxdata:speed>0.000</gpxdata:speed>
        </extensions>
      </trkpt>
      <trkpt lat="46.6828204" lon="9.4690982">
        <ele>1806.9</ele>
        <time>2026-09-15T10:45:54Z</time>
        <extensions>
          <gpxdata:distance>2272.38</gpxdata:distance>
          <gpxdata:speed>0.872</gpxdata:speed>
        </extensions>
      </trkpt>
      <trkpt lat="46.6828844" lon="9.4690612">
        <ele>1804.9</ele>
        <time>2026-09-15T10:46:03Z</time>
        <extensions>
          <gpxdata:distance>2280.03</gpxdata:distance>
          <gpxdata:speed>0.872</gpxdata:speed>
        </extensions>
      </trkpt>
      <trkpt lat="46.6830474" lon="9.4690282">
        <ele>1799.3</ele>
        <time>2026-09-15T10:46:24Z</time>
        <extensions>
          <gpxdata:distance>2298.33</gpxdata:distance>
          <gpxdata:speed>0.872</gpxdata:speed>
        </extensions>
      </trkpt>
      <trkpt lat="46.6830744" lon="9.4690162">
        <ele>1798.3</ele>
        <time>2026-09-15T10:46:27Z</time>
        <extensions>
          <gpxdata:distance>2301.47</gpxdata:distance>
          <gpxdata:speed>0.872</gpxdata:speed>
        </extensions>
      </trkpt>
      <trkpt lat="46.6831014" lon="9.4689912">
        <ele>1796.5</ele>
        <time>2026-09-15T10:46:32Z</time>
        <extensions>
          <gpxdata:distance>2305.03</gpxdata:distance>
          <gpxdata:speed>0.872</gpxdata:speed>
        </extensions>
      </trkpt>
      <trkpt lat="46.6831474" lon="9.4689662">
        <ele>1794.7</ele>
        <time>2026-09-15T10:46:38Z</time>
        <extensions>
          <gpxdata:distance>2310.48</gpxdata:distance>
          <gpxdata:speed>0.872</gpxdata:speed>
        </extensions>
      </trkpt>
      <trkpt lat="46.6831934" lon="9.4689162">
        <ele>1792.8</ele>
        <time>2026-09-15T10:46:45Z</time>
        <extensions>
          <gpxdata:distance>2316.86</gpxdata:distance>
          <gpxdata:speed>0.872</gpxdata:speed>
        </extensions>
      </trkpt>
      <trkpt lat="46.6832214" lon="9.4688652">
        <ele>1791.8</ele>
        <time>2026-09-15T10:46:51Z</time>
        <extensions>
          <gpxdata:distance>2321.85</gpxdata:distance>
          <gpxdata:speed>0.872</gpxdata:speed>
        </extensions>
      </trkpt>
      <trkpt lat="46.6832484" lon="9.4688392">
        <ele>1790.7</ele>
        <time>2026-09-15T10:46:55Z</time>
        <extensions>
          <gpxdata:distance>2325.45</gpxdata:distance>
          <gpxdata:speed>0.872</gpxdata:speed>
        </extensions>
      </trkpt>
      <trkpt lat="46.6832664" lon="9.4688272">
        <ele>1790.4</ele>
        <time>2026-09-15T10:46:57Z</time>
        <extensions>
          <gpxdata:distance>2327.65</gpxdata:distance>
          <gpxdata:speed>0.872</gpxdata:speed>
        </extensions>
      </trkpt>
      <trkpt lat="46.6833204" lon="9.4688292">
        <ele>1788.8</ele>
        <time>2026-09-15T10:47:04Z</time>
        <extensions>
          <gpxdata:distance>2333.65</gpxdata:distance>
          <gpxdata:speed>0.872</gpxdata:speed>
        </extensions>
      </trkpt>
      <trkpt lat="46.6833654" lon="9.4688312">
        <ele>1787.3</ele>
        <time>2026-09-15T10:47:10Z</time>
        <extensions>
          <gpxdata:distance>2338.66</gpxdata:distance>
          <gpxdata:speed>0.872</gpxdata:speed>
        </extensions>
      </trkpt>
      <trkpt lat="46.6834104" lon="9.4688462">
        <ele>1786.3</ele>
        <time>2026-09-15T10:47:16Z</time>
        <extensions>
          <gpxdata:distance>2343.79</gpxdata:distance>
          <gpxdata:speed>0.872</gpxdata:speed>
        </extensions>
      </trkpt>
      <trkpt lat="46.6834464" lon="9.4688602">
        <ele>1784.5</ele>
        <time>2026-09-15T10:47:21Z</time>
        <extensions>
          <gpxdata:distance>2347.94</gpxdata:distance>
          <gpxdata:speed>0.872</gpxdata:speed>
        </extensions>
      </trkpt>
      <trkpt lat="46.6834644" lon="9.4688612">
        <ele>1783.0</ele>
        <time>2026-09-15T10:47:23Z</time>
        <extensions>
          <gpxdata:distance>2349.94</gpxdata:distance>
          <gpxdata:speed>0.872</gpxdata:speed>
        </extensions>
      </trkpt>
      <trkpt lat="46.6834734" lon="9.4688612">
        <ele>1782.1</ele>
        <time>2026-09-15T10:47:24Z</time>
        <extensions>
          <gpxdata:distance>2350.94</gpxdata:distance>
          <gpxdata:speed>0.872</gpxdata:speed>
        </extensions>
      </trkpt>
      <trkpt lat="46.6834734" lon="9.4688482">
        <ele>1781.4</ele>
        <time>2026-09-15T10:47:25Z</time>
        <extensions>
          <gpxdata:distance>2351.93</gpxdata:distance>
          <gpxdata:speed>0.872</gpxdata:speed>
        </extensions>
      </trkpt>
      <trkpt lat="46.6834734" lon="9.4688222">
        <ele>1780.9</ele>
        <time>2026-09-15T10:47:28Z</time>
        <extensions>
          <gpxdata:distance>2353.91</gpxdata:distance>
          <gpxdata:speed>0.872</gpxdata:speed>
        </extensions>
      </trkpt>
      <trkpt lat="46.6834744" lon="9.4687832">
        <ele>1780.2</ele>
        <time>2026-09-15T10:47:31Z</time>
        <extensions>
          <gpxdata:distance>2356.89</gpxdata:distance>
          <gpxdata:speed>0.872</gpxdata:speed>
        </extensions>
      </trkpt>
      <trkpt lat="46.6834744" lon="9.4687562">
        <ele>1778.8</ele>
        <time>2026-09-15T10:47:33Z</time>
        <extensions>
          <gpxdata:distance>2358.95</gpxdata:distance>
          <gpxdata:speed>0.872</gpxdata:speed>
        </extensions>
      </trkpt>
      <trkpt lat="46.6834844" lon="9.4687442">
        <ele>1777.9</ele>
        <time>2026-09-15T10:47:35Z</time>
        <extensions>
          <gpxdata:distance>2360.39</gpxdata:distance>
          <gpxdata:speed>0.872</gpxdata:speed>
        </extensions>
      </trkpt>
      <trkpt lat="46.6834934" lon="9.4687442">
        <ele>1777.0</ele>
        <time>2026-09-15T10:47:36Z</time>
        <extensions>
          <gpxdata:distance>2361.39</gpxdata:distance>
          <gpxdata:speed>0.872</gpxdata:speed>
        </extensions>
      </trkpt>
      <trkpt lat="46.6835204" lon="9.4687452">
        <ele>1775.5</ele>
        <time>2026-09-15T10:47:40Z</time>
        <extensions>
          <gpxdata:distance>2364.40</gpxdata:distance>
          <gpxdata:speed>0.872</gpxdata:speed>
        </extensions>
      </trkpt>
      <trkpt lat="46.6835654" lon="9.4687342">
        <ele>1773.1</ele>
        <time>2026-09-15T10:47:45Z</time>
        <extensions>
          <gpxdata:distance>2369.47</gpxdata:distance>
          <gpxdata:speed>0.872</gpxdata:speed>
        </extensions>
      </trkpt>
      <trkpt lat="46.6836014" lon="9.4686962">
        <ele>1771.1</ele>
        <time>2026-09-15T10:47:51Z</time>
        <extensions>
          <gpxdata:distance>2374.41</gpxdata:distance>
          <gpxdata:speed>0.872</gpxdata:speed>
        </extensions>
      </trkpt>
      <trkpt lat="46.6836574" lon="9.4686192">
        <ele>1768.3</ele>
        <time>2026-09-15T10:48:01Z</time>
        <extensions>
          <gpxdata:distance>2382.97</gpxdata:distance>
          <gpxdata:speed>0.872</gpxdata:speed>
        </extensions>
      </trkpt>
      <trkpt lat="46.6837124" lon="9.4685302">
        <ele>1764.6</ele>
        <time>2026-09-15T10:48:11Z</time>
        <extensions>
          <gpxdata:distance>2392.11</gpxdata:distance>
          <gpxdata:speed>0.872</gpxdata:speed>
        </extensions>
      </trkpt>
      <trkpt lat="46.6837224" lon="9.4684782">
        <ele>1761.1</ele>
        <time>2026-09-15T10:48:16Z</time>
        <extensions>
          <gpxdata:distance>2396.23</gpxdata:distance>
          <gpxdata:speed>0.872</gpxdata:speed>
        </extensions>
      </trkpt>
      <trkpt lat="46.6837334" lon="9.4684002">
        <ele>1758.2</ele>
        <time>2026-09-15T10:48:23Z</time>
        <extensions>
          <gpxdata:distance>2402.30</gpxdata:distance>
          <gpxdata:speed>0.872</gpxdata:speed>
        </extensions>
      </trkpt>
      <trkpt lat="46.6837244" lon="9.4683742">
        <ele>1757.3</ele>
        <time>2026-09-15T10:48:26Z</time>
        <extensions>
          <gpxdata:distance>2404.52</gpxdata:distance>
          <gpxdata:speed>0.872</gpxdata:speed>
        </extensions>
      </trkpt>
      <trkpt lat="46.6836894" lon="9.4683332">
        <ele>1755.7</ele>
        <time>2026-09-15T10:48:31Z</time>
        <extensions>
          <gpxdata:distance>2409.52</gpxdata:distance>
          <gpxdata:speed>0.872</gpxdata:speed>
        </extensions>
      </trkpt>
      <trkpt lat="46.6836984" lon="9.4683072">
        <ele>1755.0</ele>
        <time>2026-09-15T10:48:34Z</time>
        <extensions>
          <gpxdata:distance>2411.74</gpxdata:distance>
          <gpxdata:speed>0.872</gpxdata:speed>
        </extensions>
      </trkpt>
      <trkpt lat="46.6837444" lon="9.4682572">
        <ele>1752.7</ele>
        <time>2026-09-15T10:48:41Z</time>
        <extensions>
          <gpxdata:distance>2418.12</gpxdata:distance>
          <gpxdata:speed>0.872</gpxdata:speed>
        </extensions>
      </trkpt>
      <trkpt lat="46.6837274" lon="9.4682042">
        <ele>1750.4</ele>
        <time>2026-09-15T10:48:46Z</time>
        <extensions>
          <gpxdata:distance>2422.58</gpxdata:distance>
          <gpxdata:speed>0.872</gpxdata:speed>
        </extensions>
      </trkpt>
      <trkpt lat="46.6837364" lon="9.4681912">
        <ele>1749.9</ele>
        <time>2026-09-15T10:48:48Z</time>
        <extensions>
          <gpxdata:distance>2423.99</gpxdata:distance>
          <gpxdata:speed>0.872</gpxdata:speed>
        </extensions>
      </trkpt>
      <trkpt lat="46.6837734" lon="9.4681532">
        <ele>1747.7</ele>
        <time>2026-09-15T10:48:54Z</time>
        <extensions>
          <gpxdata:distance>2429.02</gpxdata:distance>
          <gpxdata:speed>0.872</gpxdata:speed>
        </extensions>
      </trkpt>
      <trkpt lat="46.6837914" lon="9.4681412">
        <ele>1747.1</ele>
        <time>2026-09-15T10:48:56Z</time>
        <extensions>
          <gpxdata:distance>2431.22</gpxdata:distance>
          <gpxdata:speed>0.872</gpxdata:speed>
        </extensions>
      </trkpt>
      <trkpt lat="46.6838014" lon="9.4681282">
        <ele>1746.6</ele>
        <time>2026-09-15T10:48:58Z</time>
        <extensions>
          <gpxdata:distance>2432.71</gpxdata:distance>
          <gpxdata:speed>0.872</gpxdata:speed>
        </extensions>
      </trkpt>
      <trkpt lat="46.6837924" lon="9.4681152">
        <ele>1746.4</ele>
        <time>2026-09-15T10:49:00Z</time>
        <extensions>
          <gpxdata:distance>2434.12</gpxdata:distance>
          <gpxdata:speed>0.872</gpxdata:speed>
        </extensions>
      </trkpt>
      <trkpt lat="46.6837394" lon="9.4680472">
        <ele>1743.0</ele>
        <time>2026-09-15T10:49:09Z</time>
        <extensions>
          <gpxdata:distance>2441.97</gpxdata:distance>
          <gpxdata:speed>0.872</gpxdata:speed>
        </extensions>
      </trkpt>
      <trkpt lat="46.6837124" lon="9.4680202">
        <ele>1741.8</ele>
        <time>2026-09-15T10:49:13Z</time>
        <extensions>
          <gpxdata:distance>2445.62</gpxdata:distance>
          <gpxdata:speed>0.872</gpxdata:speed>
        </extensions>
      </trkpt>
      <trkpt lat="46.6836864" lon="9.4679802">
        <ele>1740.3</ele>
        <time>2026-09-15T10:49:18Z</time>
        <extensions>
          <gpxdata:distance>2449.82</gpxdata:distance>
          <gpxdata:speed>0.872</gpxdata:speed>
        </extensions>
      </trkpt>
      <trkpt lat="46.6836694" lon="9.4679532">
        <ele>1739.9</ele>
        <time>2026-09-15T10:49:21Z</time>
        <extensions>
          <gpxdata:distance>2452.61</gpxdata:distance>
          <gpxdata:speed>0.872</gpxdata:speed>
        </extensions>
      </trkpt>
      <trkpt lat="46.6836694" lon="9.4679402">
        <ele>1739.1</ele>
        <time>2026-09-15T10:49:22Z</time>
        <extensions>
          <gpxdata:distance>2453.61</gpxdata:distance>
          <gpxdata:speed>0.872</gpxdata:speed>
        </extensions>
      </trkpt>
      <trkpt lat="46.6836784" lon="9.4679272">
        <ele>1738.2</ele>
        <time>2026-09-15T10:49:24Z</time>
        <extensions>
          <gpxdata:distance>2455.01</gpxdata:distance>
          <gpxdata:speed>0.872</gpxdata:speed>
        </extensions>
      </trkpt>
      <trkpt lat="46.6836964" lon="9.4679282">
        <ele>1737.8</ele>
        <time>2026-09-15T10:49:26Z</time>
        <extensions>
          <gpxdata:distance>2457.02</gpxdata:distance>
          <gpxdata:speed>0.872</gpxdata:speed>
        </extensions>
      </trkpt>
      <trkpt lat="46.6837144" lon="9.4679292">
        <ele>1737.4</ele>
        <time>2026-09-15T10:49:28Z</time>
        <extensions>
          <gpxdata:distance>2459.02</gpxdata:distance>
          <gpxdata:speed>0.872</gpxdata:speed>
        </extensions>
      </trkpt>
      <trkpt lat="46.6837324" lon="9.4679292">
        <ele>1736.8</ele>
        <time>2026-09-15T10:49:30Z</time>
        <extensions>
          <gpxdata:distance>2461.02</gpxdata:distance>
          <gpxdata:speed>0.872</gpxdata:speed>
        </extensions>
      </trkpt>
      <trkpt lat="46.6838224" lon="9.4679072">
        <ele>1733.9</ele>
        <time>2026-09-15T10:49:42Z</time>
        <extensions>
          <gpxdata:distance>2471.17</gpxdata:distance>
          <gpxdata:speed>0.872</gpxdata:speed>
        </extensions>
      </trkpt>
      <trkpt lat="46.6839044" lon="9.4678572">
        <ele>1730.3</ele>
        <time>2026-09-15T10:49:53Z</time>
        <extensions>
          <gpxdata:distance>2481.05</gpxdata:distance>
          <gpxdata:speed>0.872</gpxdata:speed>
        </extensions>
      </trkpt>
      <trkpt lat="46.6839954" lon="9.4677952">
        <ele>1725.3</ele>
        <time>2026-09-15T10:50:06Z</time>
        <extensions>
          <gpxdata:distance>2492.22</gpxdata:distance>
          <gpxdata:speed>0.872</gpxdata:speed>
        </extensions>
      </trkpt>
      <trkpt lat="46.6840233" lon="9.4677702">
        <ele>1723.1</ele>
        <time>2026-09-15T10:50:10Z</time>
        <extensions>
          <gpxdata:distance>2495.86</gpxdata:distance>
          <gpxdata:speed>0.872</gpxdata:speed>
        </extensions>
      </trkpt>
      <trkpt lat="46.6840323" lon="9.4677442">
        <ele>1721.1</ele>
        <time>2026-09-15T10:50:13Z</time>
        <extensions>
          <gpxdata:distance>2498.09</gpxdata:distance>
          <gpxdata:speed>0.872</gpxdata:speed>
        </extensions>
      </trkpt>
      <trkpt lat="46.6840333" lon="9.4677312">
        <ele>1720.3</ele>
        <time>2026-09-15T10:50:14Z</time>
        <extensions>
          <gpxdata:distance>2499.08</gpxdata:distance>
          <gpxdata:speed>0.872</gpxdata:speed>
        </extensions>
      </trkpt>
      <trkpt lat="46.6840153" lon="9.4677052">
        <ele>1719.2</ele>
        <time>2026-09-15T10:50:17Z</time>
        <extensions>
          <gpxdata:distance>2501.90</gpxdata:distance>
          <gpxdata:speed>0.872</gpxdata:speed>
        </extensions>
      </trkpt>
      <trkpt lat="46.6840073" lon="9.4676652">
        <ele>1717.6</ele>
        <time>2026-09-15T10:50:21Z</time>
        <extensions>
          <gpxdata:distance>2505.08</gpxdata:distance>
          <gpxdata:speed>0.872</gpxdata:speed>
        </extensions>
      </trkpt>
      <trkpt lat="46.6839893" lon="9.4676382">
        <ele>1716.6</ele>
        <time>2026-09-15T10:50:24Z</time>
        <extensions>
          <gpxdata:distance>2507.95</gpxdata:distance>
          <gpxdata:speed>0.872</gpxdata:speed>
        </extensions>
      </trkpt>
      <trkpt lat="46.6839723" lon="9.4675982">
        <ele>1715.1</ele>
        <time>2026-09-15T10:50:28Z</time>
        <extensions>
          <gpxdata:distance>2511.54</gpxdata:distance>
          <gpxdata:speed>0.872</gpxdata:speed>
        </extensions>
      </trkpt>
      <trkpt lat="46.6839543" lon="9.4675852">
        <ele>1714.7</ele>
        <time>2026-09-15T10:50:31Z</time>
        <extensions>
          <gpxdata:distance>2513.77</gpxdata:distance>
          <gpxdata:speed>0.872</gpxdata:speed>
        </extensions>
      </trkpt>
      <trkpt lat="46.6839453" lon="9.4675842">
        <ele>1713.5</ele>
        <time>2026-09-15T10:50:32Z</time>
        <extensions>
          <gpxdata:distance>2514.78</gpxdata:distance>
          <gpxdata:speed>0.872</gpxdata:speed>
        </extensions>
      </trkpt>
      <trkpt lat="46.6839273" lon="9.4675842">
        <ele>1712.9</ele>
        <time>2026-09-15T10:50:34Z</time>
        <extensions>
          <gpxdata:distance>2516.78</gpxdata:distance>
          <gpxdata:speed>0.872</gpxdata:speed>
        </extensions>
      </trkpt>
      <trkpt lat="46.6839093" lon="9.4675702">
        <ele>1711.7</ele>
        <time>2026-09-15T10:50:37Z</time>
        <extensions>
          <gpxdata:distance>2519.05</gpxdata:distance>
          <gpxdata:speed>0.872</gpxdata:speed>
        </extensions>
      </trkpt>
      <trkpt lat="46.6839013" lon="9.4675562">
        <ele>1710.4</ele>
        <time>2026-09-15T10:50:39Z</time>
        <extensions>
          <gpxdata:distance>2520.44</gpxdata:distance>
          <gpxdata:speed>0.872</gpxdata:speed>
        </extensions>
      </trkpt>
      <trkpt lat="46.6839013" lon="9.4675302">
        <ele>1708.9</ele>
        <time>2026-09-15T10:50:41Z</time>
        <extensions>
          <gpxdata:distance>2522.42</gpxdata:distance>
          <gpxdata:speed>0.872</gpxdata:speed>
        </extensions>
      </trkpt>
      <trkpt lat="46.6838933" lon="9.4674912">
        <ele>1707.2</ele>
        <time>2026-09-15T10:50:44Z</time>
        <extensions>
          <gpxdata:distance>2525.53</gpxdata:distance>
          <gpxdata:speed>0.872</gpxdata:speed>
        </extensions>
      </trkpt>
      <trkpt lat="46.6839023" lon="9.4674652">
        <ele>1705.6</ele>
        <time>2026-09-15T10:50:47Z</time>
        <extensions>
          <gpxdata:distance>2527.75</gpxdata:distance>
          <gpxdata:speed>0.872</gpxdata:speed>
        </extensions>
      </trkpt>
      <trkpt lat="46.6839213" lon="9.4674132">
        <ele>1702.4</ele>
        <time>2026-09-15T10:50:52Z</time>
        <extensions>
          <gpxdata:distance>2532.24</gpxdata:distance>
          <gpxdata:speed>0.872</gpxdata:speed>
        </extensions>
      </trkpt>
      <trkpt lat="46.6839403" lon="9.4673752">
        <ele>1699.9</ele>
        <time>2026-09-15T10:50:56Z</time>
        <extensions>
          <gpxdata:distance>2535.83</gpxdata:distance>
          <gpxdata:speed>0.872</gpxdata:speed>
        </extensions>
      </trkpt>
      <trkpt lat="46.6839583" lon="9.4673492">
        <ele>1697.4</ele>
        <time>2026-09-15T10:50:59Z</time>
        <extensions>
          <gpxdata:distance>2538.65</gpxdata:distance>
          <gpxdata:speed>0.872</gpxdata:speed>
        </extensions>
      </trkpt>
      <trkpt lat="46.6839863" lon="9.4673242">
        <ele>1694.6</ele>
        <time>2026-09-15T10:51:04Z</time>
        <extensions>
          <gpxdata:distance>2542.30</gpxdata:distance>
          <gpxdata:speed>0.872</gpxdata:speed>
        </extensions>
      </trkpt>
      <trkpt lat="46.6840133" lon="9.4673122">
        <ele>1692.7</ele>
        <time>2026-09-15T10:51:07Z</time>
        <extensions>
          <gpxdata:distance>2545.44</gpxdata:distance>
          <gpxdata:speed>0.872</gpxdata:speed>
        </extensions>
      </trkpt>
      <trkpt lat="46.6840493" lon="9.4673142">
        <ele>1691.3</ele>
        <time>2026-09-15T10:51:12Z</time>
        <extensions>
          <gpxdata:distance>2549.44</gpxdata:distance>
          <gpxdata:speed>0.872</gpxdata:speed>
        </extensions>
      </trkpt>
      <trkpt lat="46.6841123" lon="9.4673163">
        <ele>1690.8</ele>
        <time>2026-09-15T10:51:20Z</time>
        <extensions>
          <gpxdata:distance>2556.45</gpxdata:distance>
          <gpxdata:speed>0.872</gpxdata:speed>
        </extensions>
      </trkpt>
      <trkpt lat="46.6841753" lon="9.4673313">
        <ele>1688.1</ele>
        <time>2026-09-15T10:51:28Z</time>
        <extensions>
          <gpxdata:distance>2563.55</gpxdata:distance>
          <gpxdata:speed>0.872</gpxdata:speed>
        </extensions>
      </trkpt>
      <trkpt lat="46.6842553" lon="9.4673473">
        <ele>1685.2</ele>
        <time>2026-09-15T10:51:38Z</time>
        <extensions>
          <gpxdata:distance>2572.53</gpxdata:distance>
          <gpxdata:speed>0.872</gpxdata:speed>
        </extensions>
      </trkpt>
      <trkpt lat="46.6843993" lon="9.4673793">
        <ele>1681.7</ele>
        <time>2026-09-15T10:51:57Z</time>
        <extensions>
          <gpxdata:distance>2588.72</gpxdata:distance>
          <gpxdata:speed>0.872</gpxdata:speed>
        </extensions>
      </trkpt>
      <trkpt lat="46.6844263" lon="9.4673803">
        <ele>1682.0</ele>
        <time>2026-09-15T10:52:00Z</time>
        <extensions>
          <gpxdata:distance>2591.73</gpxdata:distance>
          <gpxdata:speed>0.872</gpxdata:speed>
        </extensions>
      </trkpt>
      <trkpt lat="46.6844263" lon="9.4673803">
        <ele>1682.1</ele>
        <time>2026-09-15T10:52:00Z</time>
        <extensions>
          <gpxdata:distance>2591.73</gpxdata:distance>
          <gpxdata:speed>0.000</gpxdata:speed>
        </extensions>
      </trkpt>
      <trkpt lat="46.6844173" lon="9.4673543">
        <ele>1680.1</ele>
        <time>2026-09-15T10:52:03Z</time>
        <extensions>
          <gpxdata:distance>2593.95</gpxdata:distance>
          <gpxdata:speed>0.872</gpxdata:speed>
        </extensions>
      </trkpt>
      <trkpt lat="46.6843833" lon="9.4672743">
        <ele>1676.2</ele>
        <time>2026-09-15T10:52:11Z</time>
        <extensions>
          <gpxdata:distance>2601.13</gpxdata:distance>
          <gpxdata:speed>0.872</gpxdata:speed>
        </extensions>
      </trkpt>
      <trkpt lat="46.6843663" lon="9.4672213">
        <ele>1674.2</ele>
        <time>2026-09-15T10:52:16Z</time>
        <extensions>
          <gpxdata:distance>2605.59</gpxdata:distance>
          <gpxdata:speed>0.872</gpxdata:speed>
        </extensions>
      </trkpt>
      <trkpt lat="46.6843663" lon="9.4671953">
        <ele>1672.8</ele>
        <time>2026-09-15T10:52:19Z</time>
        <extensions>
          <gpxdata:distance>2607.57</gpxdata:distance>
          <gpxdata:speed>0.872</gpxdata:speed>
        </extensions>
      </trkpt>
      <trkpt lat="46.6843853" lon="9.4671693">
        <ele>1671.1</ele>
        <time>2026-09-15T10:52:22Z</time>
        <extensions>
          <gpxdata:distance>2610.47</gpxdata:distance>
          <gpxdata:speed>0.872</gpxdata:speed>
        </extensions>
      </trkpt>
      <trkpt lat="46.6844213" lon="9.4671183">
        <ele>1667.6</ele>
        <time>2026-09-15T10:52:28Z</time>
        <extensions>
          <gpxdata:distance>2616.05</gpxdata:distance>
          <gpxdata:speed>0.872</gpxdata:speed>
        </extensions>
      </trkpt>
      <trkpt lat="46.6844773" lon="9.4670553">
        <ele>1664.8</ele>
        <time>2026-09-15T10:52:37Z</time>
        <extensions>
          <gpxdata:distance>2623.92</gpxdata:distance>
          <gpxdata:speed>0.872</gpxdata:speed>
        </extensions>
      </trkpt>
      <trkpt lat="46.6845603" lon="9.4669413">
        <ele>1660.4</ele>
        <time>2026-09-15T10:52:52Z</time>
        <extensions>
          <gpxdata:distance>2636.60</gpxdata:distance>
          <gpxdata:speed>0.872</gpxdata:speed>
        </extensions>
      </trkpt>
      <trkpt lat="46.6846153" lon="9.4668773">
        <ele>1658.5</ele>
        <time>2026-09-15T10:53:01Z</time>
        <extensions>
          <gpxdata:distance>2644.43</gpxdata:distance>
          <gpxdata:speed>0.872</gpxdata:speed>
        </extensions>
      </trkpt>
      <trkpt lat="46.6846433" lon="9.4668263">
        <ele>1657.1</ele>
        <time>2026-09-15T10:53:07Z</time>
        <extensions>
          <gpxdata:distance>2649.41</gpxdata:distance>
          <gpxdata:speed>0.872</gpxdata:speed>
        </extensions>
      </trkpt>
      <trkpt lat="46.6846893" lon="9.4667363">
        <ele>1654.6</ele>
        <time>2026-09-15T10:53:16Z</time>
        <extensions>
          <gpxdata:distance>2657.97</gpxdata:distance>
          <gpxdata:speed>0.872</gpxdata:speed>
        </extensions>
      </trkpt>
      <trkpt lat="46.6847183" lon="9.4666593">
        <ele>1653.1</ele>
        <time>2026-09-15T10:53:24Z</time>
        <extensions>
          <gpxdata:distance>2664.67</gpxdata:distance>
          <gpxdata:speed>0.872</gpxdata:speed>
        </extensions>
      </trkpt>
      <trkpt lat="46.6847463" lon="9.4665813">
        <ele>1651.6</ele>
        <time>2026-09-15T10:53:32Z</time>
        <extensions>
          <gpxdata:distance>2671.39</gpxdata:distance>
          <gpxdata:speed>0.872</gpxdata:speed>
        </extensions>
      </trkpt>
      <trkpt lat="46.6847733" lon="9.4665563">
        <ele>1650.6</ele>
        <time>2026-09-15T10:53:36Z</time>
        <extensions>
          <gpxdata:distance>2674.94</gpxdata:distance>
          <gpxdata:speed>0.872</gpxdata:speed>
        </extensions>
      </trkpt>
      <trkpt lat="46.6848103" lon="9.4665183">
        <ele>1649.4</ele>
        <time>2026-09-15T10:53:42Z</time>
        <extensions>
          <gpxdata:distance>2679.98</gpxdata:distance>
          <gpxdata:speed>0.872</gpxdata:speed>
        </extensions>
      </trkpt>
      <trkpt lat="46.6848833" lon="9.4664433">
        <ele>1646.2</ele>
        <time>2026-09-15T10:53:53Z</time>
        <extensions>
          <gpxdata:distance>2689.91</gpxdata:distance>
          <gpxdata:speed>0.872</gpxdata:speed>
        </extensions>
      </trkpt>
      <trkpt lat="46.6849483" lon="9.4663413">
        <ele>1643.4</ele>
        <time>2026-09-15T10:54:05Z</time>
        <extensions>
          <gpxdata:distance>2700.53</gpxdata:distance>
          <gpxdata:speed>0.872</gpxdata:speed>
        </extensions>
      </trkpt>
      <trkpt lat="46.6851613" lon="9.4659963">
        <ele>1635.4</ele>
        <time>2026-09-15T10:54:46Z</time>
        <extensions>
          <gpxdata:distance>2735.93</gpxdata:distance>
          <gpxdata:speed>0.872</gpxdata:speed>
        </extensions>
      </trkpt>
      <trkpt lat="46.6852073" lon="9.4659323">
        <ele>1633.1</ele>
        <time>2026-09-15T10:54:54Z</time>
        <extensions>
          <gpxdata:distance>2743.00</gpxdata:distance>
          <gpxdata:speed>0.872</gpxdata:speed>
        </extensions>
      </trkpt>
      <trkpt lat="46.6852543" lon="9.4658553">
        <ele>1631.0</ele>
        <time>2026-09-15T10:55:03Z</time>
        <extensions>
          <gpxdata:distance>2750.86</gpxdata:distance>
          <gpxdata:speed>0.872</gpxdata:speed>
        </extensions>
      </trkpt>
      <trkpt lat="46.6853093" lon="9.4657923">
        <ele>1628.8</ele>
        <time>2026-09-15T10:55:12Z</time>
        <extensions>
          <gpxdata:distance>2758.64</gpxdata:distance>
          <gpxdata:speed>0.872</gpxdata:speed>
        </extensions>
      </trkpt>
      <trkpt lat="46.6853463" lon="9.4657543">
        <ele>1627.4</ele>
        <time>2026-09-15T10:55:18Z</time>
        <extensions>
          <gpxdata:distance>2763.67</gpxdata:distance>
          <gpxdata:speed>0.872</gpxdata:speed>
        </extensions>
      </trkpt>
      <trkpt lat="46.6853913" lon="9.4657163">
        <ele>1625.9</ele>
        <time>2026-09-15T10:55:24Z</time>
        <extensions>
          <gpxdata:distance>2769.46</gpxdata:distance>
          <gpxdata:speed>0.872</gpxdata:speed>
        </extensions>
      </trkpt>
      <trkpt lat="46.6854193" lon="9.4656783">
        <ele>1624.2</ele>
        <time>2026-09-15T10:55:29Z</time>
        <extensions>
          <gpxdata:distance>2773.71</gpxdata:distance>
          <gpxdata:speed>0.872</gpxdata:speed>
        </extensions>
      </trkpt>
      <trkpt lat="46.6854382" lon="9.4656403">
        <ele>1622.0</ele>
        <time>2026-09-15T10:55:33Z</time>
        <extensions>
          <gpxdata:distance>2777.29</gpxdata:distance>
          <gpxdata:speed>0.872</gpxdata:speed>
        </extensions>
      </trkpt>
      <trkpt lat="46.6854652" lon="9.4656023">
        <ele>1620.6</ele>
        <time>2026-09-15T10:55:38Z</time>
        <extensions>
          <gpxdata:distance>2781.46</gpxdata:distance>
          <gpxdata:speed>0.872</gpxdata:speed>
        </extensions>
      </trkpt>
      <trkpt lat="46.6855112" lon="9.4655643">
        <ele>1619.3</ele>
        <time>2026-09-15T10:55:45Z</time>
        <extensions>
          <gpxdata:distance>2787.34</gpxdata:distance>
          <gpxdata:speed>0.872</gpxdata:speed>
        </extensions>
      </trkpt>
      <trkpt lat="46.6855652" lon="9.4655533">
        <ele>1617.2</ele>
        <time>2026-09-15T10:55:52Z</time>
        <extensions>
          <gpxdata:distance>2793.41</gpxdata:distance>
          <gpxdata:speed>0.872</gpxdata:speed>
        </extensions>
      </trkpt>
      <trkpt lat="46.6856102" lon="9.4655423">
        <ele>1615.9</ele>
        <time>2026-09-15T10:55:58Z</time>
        <extensions>
          <gpxdata:distance>2798.48</gpxdata:distance>
          <gpxdata:speed>0.872</gpxdata:speed>
        </extensions>
      </trkpt>
      <trkpt lat="46.6856462" lon="9.4655433">
        <ele>1614.9</ele>
        <time>2026-09-15T10:56:02Z</time>
        <extensions>
          <gpxdata:distance>2802.48</gpxdata:distance>
          <gpxdata:speed>0.872</gpxdata:speed>
        </extensions>
      </trkpt>
      <trkpt lat="46.6856822" lon="9.4655443">
        <ele>1613.9</ele>
        <time>2026-09-15T10:56:07Z</time>
        <extensions>
          <gpxdata:distance>2806.49</gpxdata:distance>
          <gpxdata:speed>0.872</gpxdata:speed>
        </extensions>
      </trkpt>
      <trkpt lat="46.6857182" lon="9.4655723">
        <ele>1613.3</ele>
        <time>2026-09-15T10:56:12Z</time>
        <extensions>
          <gpxdata:distance>2811.02</gpxdata:distance>
          <gpxdata:speed>0.872</gpxdata:speed>
        </extensions>
      </trkpt>
      <trkpt lat="46.6857352" lon="9.4655863">
        <ele>1613.0</ele>
        <time>2026-09-15T10:56:14Z</time>
        <extensions>
          <gpxdata:distance>2813.20</gpxdata:distance>
          <gpxdata:speed>0.872</gpxdata:speed>
        </extensions>
      </trkpt>
      <trkpt lat="46.6857532" lon="9.4656123">
        <ele>1613.1</ele>
        <time>2026-09-15T10:56:18Z</time>
        <extensions>
          <gpxdata:distance>2816.01</gpxdata:distance>
          <gpxdata:speed>0.872</gpxdata:speed>
        </extensions>
      </trkpt>
      <trkpt lat="46.6857622" lon="9.4656393">
        <ele>1611.6</ele>
        <time>2026-09-15T10:56:20Z</time>
        <extensions>
          <gpxdata:distance>2818.30</gpxdata:distance>
          <gpxdata:speed>0.872</gpxdata:speed>
        </extensions>
      </trkpt>
      <trkpt lat="46.6857782" lon="9.4657183">
        <ele>1607.0</ele>
        <time>2026-09-15T10:56:27Z</time>
        <extensions>
          <gpxdata:distance>2824.59</gpxdata:distance>
          <gpxdata:speed>0.872</gpxdata:speed>
        </extensions>
      </trkpt>
      <trkpt lat="46.6857872" lon="9.4657443">
        <ele>1605.4</ele>
        <time>2026-09-15T10:56:30Z</time>
        <extensions>
          <gpxdata:distance>2826.81</gpxdata:distance>
          <gpxdata:speed>0.872</gpxdata:speed>
        </extensions>
      </trkpt>
      <trkpt lat="46.6857962" lon="9.4657453">
        <ele>1604.6</ele>
        <time>2026-09-15T10:56:31Z</time>
        <extensions>
          <gpxdata:distance>2827.81</gpxdata:distance>
          <gpxdata:speed>0.872</gpxdata:speed>
        </extensions>
      </trkpt>
      <trkpt lat="46.6858232" lon="9.4657463">
        <ele>1603.8</ele>
        <time>2026-09-15T10:56:35Z</time>
        <extensions>
          <gpxdata:distance>2830.82</gpxdata:distance>
          <gpxdata:speed>0.872</gpxdata:speed>
        </extensions>
      </trkpt>
      <trkpt lat="46.6858502" lon="9.4657343">
        <ele>1603.0</ele>
        <time>2026-09-15T10:56:38Z</time>
        <extensions>
          <gpxdata:distance>2833.95</gpxdata:distance>
          <gpxdata:speed>0.872</gpxdata:speed>
        </extensions>
      </trkpt>
      <trkpt lat="46.6859052" lon="9.4656833">
        <ele>1600.9</ele>
        <time>2026-09-15T10:56:47Z</time>
        <extensions>
          <gpxdata:distance>2841.20</gpxdata:distance>
          <gpxdata:speed>0.872</gpxdata:speed>
        </extensions>
      </trkpt>
      <trkpt lat="46.6859502" lon="9.4656463">
        <ele>1600.1</ele>
        <time>2026-09-15T10:56:53Z</time>
        <extensions>
          <gpxdata:distance>2846.95</gpxdata:distance>
          <gpxdata:speed>0.872</gpxdata:speed>
        </extensions>
      </trkpt>
      <trkpt lat="46.6859782" lon="9.4656343">
        <ele>1598.7</ele>
        <time>2026-09-15T10:56:57Z</time>
        <extensions>
          <gpxdata:distance>2850.19</gpxdata:distance>
          <gpxdata:speed>0.872</gpxdata:speed>
        </extensions>
      </trkpt>
      <trkpt lat="46.6859962" lon="9.4656353">
        <ele>1597.8</ele>
        <time>2026-09-15T10:56:59Z</time>
        <extensions>
          <gpxdata:distance>2852.20</gpxdata:distance>
          <gpxdata:speed>0.872</gpxdata:speed>
        </extensions>
      </trkpt>
      <trkpt lat="46.6860042" lon="9.4656613">
        <ele>1596.5</ele>
        <time>2026-09-15T10:57:02Z</time>
        <extensions>
          <gpxdata:distance>2854.37</gpxdata:distance>
          <gpxdata:speed>0.872</gpxdata:speed>
        </extensions>
      </trkpt>
      <trkpt lat="46.6860312" lon="9.4656754">
        <ele>1595.1</ele>
        <time>2026-09-15T10:57:05Z</time>
        <extensions>
          <gpxdata:distance>2857.56</gpxdata:distance>
          <gpxdata:speed>0.872</gpxdata:speed>
        </extensions>
      </trkpt>
      <trkpt lat="46.6860492" lon="9.4656894">
        <ele>1594.2</ele>
        <time>2026-09-15T10:57:08Z</time>
        <extensions>
          <gpxdata:distance>2859.83</gpxdata:distance>
          <gpxdata:speed>0.872</gpxdata:speed>
        </extensions>
      </trkpt>
      <trkpt lat="46.6860672" lon="9.4656764">
        <ele>1593.5</ele>
        <time>2026-09-15T10:57:10Z</time>
        <extensions>
          <gpxdata:distance>2862.06</gpxdata:distance>
          <gpxdata:speed>0.872</gpxdata:speed>
        </extensions>
      </trkpt>
      <trkpt lat="46.6860852" lon="9.4656384">
        <ele>1592.3</ele>
        <time>2026-09-15T10:57:14Z</time>
        <extensions>
          <gpxdata:distance>2865.58</gpxdata:distance>
          <gpxdata:speed>0.872</gpxdata:speed>
        </extensions>
      </trkpt>
      <trkpt lat="46.6860952" lon="9.4655864">
        <ele>1590.4</ele>
        <time>2026-09-15T10:57:19Z</time>
        <extensions>
          <gpxdata:distance>2869.70</gpxdata:distance>
          <gpxdata:speed>0.872</gpxdata:speed>
        </extensions>
      </trkpt>
      <trkpt lat="46.6861052" lon="9.4655344">
        <ele>1588.5</ele>
        <time>2026-09-15T10:57:24Z</time>
        <extensions>
          <gpxdata:distance>2873.82</gpxdata:distance>
          <gpxdata:speed>0.872</gpxdata:speed>
        </extensions>
      </trkpt>
      <trkpt lat="46.6861072" lon="9.4654304">
        <ele>1585.4</ele>
        <time>2026-09-15T10:57:33Z</time>
        <extensions>
          <gpxdata:distance>2881.76</gpxdata:distance>
          <gpxdata:speed>0.872</gpxdata:speed>
        </extensions>
      </trkpt>
      <trkpt lat="46.6861092" lon="9.4653124">
        <ele>1582.2</ele>
        <time>2026-09-15T10:57:43Z</time>
        <extensions>
          <gpxdata:distance>2890.76</gpxdata:distance>
          <gpxdata:speed>0.872</gpxdata:speed>
        </extensions>
      </trkpt>
      <trkpt lat="46.6861012" lon="9.4652464">
        <ele>1581.0</ele>
        <time>2026-09-15T10:57:49Z</time>
        <extensions>
          <gpxdata:distance>2895.87</gpxdata:distance>
          <gpxdata:speed>0.872</gpxdata:speed>
        </extensions>
      </trkpt>
      <trkpt lat="46.6860582" lon="9.4651534">
        <ele>1579.2</ele>
        <time>2026-09-15T10:57:59Z</time>
        <extensions>
          <gpxdata:distance>2904.43</gpxdata:distance>
          <gpxdata:speed>0.872</gpxdata:speed>
        </extensions>
      </trkpt>
      <trkpt lat="46.6860502" lon="9.4650874">
        <ele>1577.8</ele>
        <time>2026-09-15T10:58:05Z</time>
        <extensions>
          <gpxdata:distance>2909.54</gpxdata:distance>
          <gpxdata:speed>0.872</gpxdata:speed>
        </extensions>
      </trkpt>
      <trkpt lat="46.6860522" lon="9.4650094">
        <ele>1576.1</ele>
        <time>2026-09-15T10:58:12Z</time>
        <extensions>
          <gpxdata:distance>2915.49</gpxdata:distance>
          <gpxdata:speed>0.872</gpxdata:speed>
        </extensions>
      </trkpt>
      <trkpt lat="46.6860712" lon="9.4649574">
        <ele>1575.0</ele>
        <time>2026-09-15T10:58:17Z</time>
        <extensions>
          <gpxdata:distance>2919.99</gpxdata:distance>
          <gpxdata:speed>0.872</gpxdata:speed>
        </extensions>
      </trkpt>
      <trkpt lat="46.6861072" lon="9.4649074">
        <ele>1574.5</ele>
        <time>2026-09-15T10:58:23Z</time>
        <extensions>
          <gpxdata:distance>2925.52</gpxdata:distance>
          <gpxdata:speed>0.872</gpxdata:speed>
        </extensions>
      </trkpt>
      <trkpt lat="46.6861352" lon="9.4648944">
        <ele>1574.2</ele>
        <time>2026-09-15T10:58:27Z</time>
        <extensions>
          <gpxdata:distance>2928.79</gpxdata:distance>
          <gpxdata:speed>0.872</gpxdata:speed>
        </extensions>
      </trkpt>
      <trkpt lat="46.6861702" lon="9.4649094">
        <ele>1574.1</ele>
        <time>2026-09-15T10:58:32Z</time>
        <extensions>
          <gpxdata:distance>2932.84</gpxdata:distance>
          <gpxdata:speed>0.872</gpxdata:speed>
        </extensions>
      </trkpt>
      <trkpt lat="46.6861882" lon="9.4649494">
        <ele>1574.1</ele>
        <time>2026-09-15T10:58:36Z</time>
        <extensions>
          <gpxdata:distance>2936.49</gpxdata:distance>
          <gpxdata:speed>0.903</gpxdata:speed>
        </extensions>
      </trkpt>
      <trkpt lat="46.6862052" lon="9.4650024">
        <ele>1574.1</ele>
        <time>2026-09-15T10:58:40Z</time>
        <extensions>
          <gpxdata:distance>2940.95</gpxdata:distance>
          <gpxdata:speed>0.936</gpxdata:speed>
        </extensions>
      </trkpt>
      <trkpt lat="46.6862392" lon="9.4650954">
        <ele>1574.0</ele>
        <time>2026-09-15T10:58:49Z</time>
        <extensions>
          <gpxdata:distance>2948.99</gpxdata:distance>
          <gpxdata:speed>0.910</gpxdata:speed>
        </extensions>
      </trkpt>
      <trkpt lat="46.6862392" lon="9.4650954">
        <ele>1574.0</ele>
        <time>2026-09-15T10:58:49Z</time>
        <extensions>
          <gpxdata:distance>2948.99</gpxdata:distance>
          <gpxdata:speed>0.000</gpxdata:speed>
        </extensions>
      </trkpt>
      <trkpt lat="46.6862652" lon="9.4651614">
        <ele>1574.0</ele>
        <time>2026-09-15T10:58:55Z</time>
        <extensions>
          <gpxdata:distance>2954.80</gpxdata:distance>
          <gpxdata:speed>0.944</gpxdata:speed>
        </extensions>
      </trkpt>
      <trkpt lat="46.6863082" lon="9.4652934">
        <ele>1573.7</ele>
        <time>2026-09-15T10:59:07Z</time>
        <extensions>
          <gpxdata:distance>2965.94</gpxdata:distance>
          <gpxdata:speed>0.976</gpxdata:speed>
        </extensions>
      </trkpt>
      <trkpt lat="46.6863592" lon="9.4654394">
        <ele>1572.6</ele>
        <time>2026-09-15T10:59:20Z</time>
        <extensions>
          <gpxdata:distance>2978.44</gpxdata:distance>
          <gpxdata:speed>0.966</gpxdata:speed>
        </extensions>
      </trkpt>
      <trkpt lat="46.6864022" lon="9.4655714">
        <ele>1571.6</ele>
        <time>2026-09-15T10:59:31Z</time>
        <extensions>
          <gpxdata:distance>2989.59</gpxdata:distance>
          <gpxdata:speed>0.957</gpxdata:speed>
        </extensions>
      </trkpt>
      <trkpt lat="46.6864192" lon="9.4656244">
        <ele>1571.0</ele>
        <time>2026-09-15T10:59:36Z</time>
        <extensions>
          <gpxdata:distance>2994.05</gpxdata:distance>
          <gpxdata:speed>0.947</gpxdata:speed>
        </extensions>
      </trkpt>
      <trkpt lat="46.6864532" lon="9.4656914">
        <ele>1569.6</ele>
        <time>2026-09-15T10:59:43Z</time>
        <extensions>
          <gpxdata:distance>3000.41</gpxdata:distance>
          <gpxdata:speed>0.926</gpxdata:speed>
        </extensions>
      </trkpt>
      <trkpt lat="46.6864892" lon="9.4657184">
        <ele>1567.9</ele>
        <time>2026-09-15T10:59:48Z</time>
        <extensions>
          <gpxdata:distance>3004.91</gpxdata:distance>
          <gpxdata:speed>0.898</gpxdata:speed>
        </extensions>
      </trkpt>
      <trkpt lat="46.6865782" lon="9.4657874">
        <ele>1563.2</ele>
        <time>2026-09-15T11:00:00Z</time>
        <extensions>
          <gpxdata:distance>3016.12</gpxdata:distance>
          <gpxdata:speed>0.925</gpxdata:speed>
        </extensions>
      </trkpt>
      <trkpt lat="46.6866322" lon="9.4657894">
        <ele>1562.1</ele>
        <time>2026-09-15T11:00:07Z</time>
        <extensions>
          <gpxdata:distance>3022.13</gpxdata:distance>
          <gpxdata:speed>0.923</gpxdata:speed>
        </extensions>
      </trkpt>
      <trkpt lat="46.6866682" lon="9.4657784">
        <ele>1562.0</ele>
        <time>2026-09-15T11:00:11Z</time>
        <extensions>
          <gpxdata:distance>3026.22</gpxdata:distance>
          <gpxdata:speed>0.915</gpxdata:speed>
        </extensions>
      </trkpt>
      <trkpt lat="46.6867152" lon="9.4656884">
        <ele>1562.7</ele>
        <time>2026-09-15T11:00:20Z</time>
        <extensions>
          <gpxdata:distance>3034.84</gpxdata:distance>
          <gpxdata:speed>0.927</gpxdata:speed>
        </extensions>
      </trkpt>
      <trkpt lat="46.6868282" lon="9.4653654">
        <ele>1566.9</ele>
        <time>2026-09-15T11:00:50Z</time>
        <extensions>
          <gpxdata:distance>3062.50</gpxdata:distance>
          <gpxdata:speed>0.929</gpxdata:speed>
        </extensions>
      </trkpt>
      <trkpt lat="46.6868672" lon="9.4652364">
        <ele>1567.3</ele>
        <time>2026-09-15T11:01:02Z</time>
        <extensions>
          <gpxdata:distance>3073.25</gpxdata:distance>
          <gpxdata:speed>0.947</gpxdata:speed>
        </extensions>
      </trkpt>
      <trkpt lat="46.6869162" lon="9.4650024">
        <ele>1565.2</ele>
        <time>2026-09-15T11:01:21Z</time>
        <extensions>
          <gpxdata:distance>3091.92</gpxdata:distance>
          <gpxdata:speed>0.938</gpxdata:speed>
        </extensions>
      </trkpt>
      <trkpt lat="46.6870052" lon="9.4645354">
        <ele>1557.9</ele>
        <time>2026-09-15T11:02:02Z</time>
        <extensions>
          <gpxdata:distance>3128.89</gpxdata:distance>
          <gpxdata:speed>0.904</gpxdata:speed>
        </extensions>
      </trkpt>
      <trkpt lat="46.6870252" lon="9.4644314">
        <ele>1553.4</ele>
        <time>2026-09-15T11:02:11Z</time>
        <extensions>
          <gpxdata:distance>3137.13</gpxdata:distance>
          <gpxdata:speed>0.903</gpxdata:speed>
        </extensions>
      </trkpt>
      <trkpt lat="46.6870532" lon="9.4643414">
        <ele>1549.3</ele>
        <time>2026-09-15T11:02:20Z</time>
        <extensions>
          <gpxdata:distance>3144.66</gpxdata:distance>
          <gpxdata:speed>0.902</gpxdata:speed>
        </extensions>
      </trkpt>
      <trkpt lat="46.6870922" lon="9.4641984">
        <ele>1544.7</ele>
        <time>2026-09-15T11:02:33Z</time>
        <extensions>
          <gpxdata:distance>3156.40</gpxdata:distance>
          <gpxdata:speed>0.921</gpxdata:speed>
        </extensions>
      </trkpt>
      <trkpt lat="46.6871202" lon="9.4641604">
        <ele>1542.6</ele>
        <time>2026-09-15T11:02:37Z</time>
        <extensions>
          <gpxdata:distance>3160.66</gpxdata:distance>
          <gpxdata:speed>0.935</gpxdata:speed>
        </extensions>
      </trkpt>
      <trkpt lat="46.6871282" lon="9.4641734">
        <ele>1542.0</ele>
        <time>2026-09-15T11:02:39Z</time>
        <extensions>
          <gpxdata:distance>3161.99</gpxdata:distance>
          <gpxdata:speed>0.923</gpxdata:speed>
        </extensions>
      </trkpt>
      <trkpt lat="46.6871372" lon="9.4642134">
        <ele>1541.6</ele>
        <time>2026-09-15T11:02:42Z</time>
        <extensions>
          <gpxdata:distance>3165.20</gpxdata:distance>
          <gpxdata:speed>0.872</gpxdata:speed>
        </extensions>
      </trkpt>
      <trkpt lat="46.6871522" lon="9.4643444">
        <ele>1537.9</ele>
        <time>2026-09-15T11:02:54Z</time>
        <extensions>
          <gpxdata:distance>3175.33</gpxdata:distance>
          <gpxdata:speed>0.872</gpxdata:speed>
        </extensions>
      </trkpt>
      <trkpt lat="46.6871692" lon="9.4643974">
        <ele>1536.3</ele>
        <time>2026-09-15T11:02:59Z</time>
        <extensions>
          <gpxdata:distance>3179.79</gpxdata:distance>
          <gpxdata:speed>0.872</gpxdata:speed>
        </extensions>
      </trkpt>
      <trkpt lat="46.6871872" lon="9.4644374">
        <ele>1535.6</ele>
        <time>2026-09-15T11:03:03Z</time>
        <extensions>
          <gpxdata:distance>3183.44</gpxdata:distance>
          <gpxdata:speed>0.872</gpxdata:speed>
        </extensions>
      </trkpt>
      <trkpt lat="46.6872032" lon="9.4645034">
        <ele>1535.0</ele>
        <time>2026-09-15T11:03:09Z</time>
        <extensions>
          <gpxdata:distance>3188.78</gpxdata:distance>
          <gpxdata:speed>0.872</gpxdata:speed>
        </extensions>
      </trkpt>
      <trkpt lat="46.6872292" lon="9.4645694">
        <ele>1531.2</ele>
        <time>2026-09-15T11:03:16Z</time>
        <extensions>
          <gpxdata:distance>3194.59</gpxdata:distance>
          <gpxdata:speed>0.872</gpxdata:speed>
        </extensions>
      </trkpt>
      <trkpt lat="46.6872562" lon="9.4646104">
        <ele>1530.0</ele>
        <time>2026-09-15T11:03:21Z</time>
        <extensions>
          <gpxdata:distance>3198.92</gpxdata:distance>
          <gpxdata:speed>0.872</gpxdata:speed>
        </extensions>
      </trkpt>
      <trkpt lat="46.6873082" lon="9.4646774">
        <ele>1528.0</ele>
        <time>2026-09-15T11:03:30Z</time>
        <extensions>
          <gpxdata:distance>3206.64</gpxdata:distance>
          <gpxdata:speed>0.872</gpxdata:speed>
        </extensions>
      </trkpt>
      <trkpt lat="46.6873702" lon="9.4647714">
        <ele>1524.7</ele>
        <time>2026-09-15T11:03:41Z</time>
        <extensions>
          <gpxdata:distance>3216.58</gpxdata:distance>
          <gpxdata:speed>0.872</gpxdata:speed>
        </extensions>
      </trkpt>
      <trkpt lat="46.6874492" lon="9.4648524">
        <ele>1520.4</ele>
        <time>2026-09-15T11:03:53Z</time>
        <extensions>
          <gpxdata:distance>3227.32</gpxdata:distance>
          <gpxdata:speed>0.872</gpxdata:speed>
        </extensions>
      </trkpt>
      <trkpt lat="46.6874942" lon="9.4648934">
        <ele>1517.8</ele>
        <time>2026-09-15T11:04:00Z</time>
        <extensions>
          <gpxdata:distance>3233.22</gpxdata:distance>
          <gpxdata:speed>0.872</gpxdata:speed>
        </extensions>
      </trkpt>
      <trkpt lat="46.6875292" lon="9.4649214">
        <ele>1515.6</ele>
        <time>2026-09-15T11:04:05Z</time>
        <extensions>
          <gpxdata:distance>3237.66</gpxdata:distance>
          <gpxdata:speed>0.872</gpxdata:speed>
        </extensions>
      </trkpt>
      <trkpt lat="46.6875382" lon="9.4649344">
        <ele>1515.1</ele>
        <time>2026-09-15T11:04:07Z</time>
        <extensions>
          <gpxdata:distance>3239.07</gpxdata:distance>
          <gpxdata:speed>0.872</gpxdata:speed>
        </extensions>
      </trkpt>
      <trkpt lat="46.6875642" lon="9.4649874">
        <ele>1512.7</ele>
        <time>2026-09-15T11:04:13Z</time>
        <extensions>
          <gpxdata:distance>3244.04</gpxdata:distance>
          <gpxdata:speed>0.872</gpxdata:speed>
        </extensions>
      </trkpt>
      <trkpt lat="46.6875812" lon="9.4650274">
        <ele>1511.4</ele>
        <time>2026-09-15T11:04:17Z</time>
        <extensions>
          <gpxdata:distance>3247.63</gpxdata:distance>
          <gpxdata:speed>0.872</gpxdata:speed>
        </extensions>
      </trkpt>
      <trkpt lat="46.6875892" lon="9.4650804">
        <ele>1509.7</ele>
        <time>2026-09-15T11:04:22Z</time>
        <extensions>
          <gpxdata:distance>3251.77</gpxdata:distance>
          <gpxdata:speed>0.872</gpxdata:speed>
        </extensions>
      </trkpt>
      <trkpt lat="46.6876062" lon="9.4651594">
        <ele>1507.6</ele>
        <time>2026-09-15T11:04:29Z</time>
        <extensions>
          <gpxdata:distance>3258.09</gpxdata:distance>
          <gpxdata:speed>0.872</gpxdata:speed>
        </extensions>
      </trkpt>
      <trkpt lat="46.6876202" lon="9.4653694">
        <ele>1505.3</ele>
        <time>2026-09-15T11:04:47Z</time>
        <extensions>
          <gpxdata:distance>3274.18</gpxdata:distance>
          <gpxdata:speed>0.872</gpxdata:speed>
        </extensions>
      </trkpt>
      <trkpt lat="46.6876362" lon="9.4654874">
        <ele>1501.3</ele>
        <time>2026-09-15T11:04:58Z</time>
        <extensions>
          <gpxdata:distance>3283.36</gpxdata:distance>
          <gpxdata:speed>0.872</gpxdata:speed>
        </extensions>
      </trkpt>
      <trkpt lat="46.6876442" lon="9.4655134">
        <ele>1500.6</ele>
        <time>2026-09-15T11:05:00Z</time>
        <extensions>
          <gpxdata:distance>3285.53</gpxdata:distance>
          <gpxdata:speed>0.872</gpxdata:speed>
        </extensions>
      </trkpt>
      <trkpt lat="46.6876532" lon="9.4655144">
        <ele>1499.7</ele>
        <time>2026-09-15T11:05:01Z</time>
        <extensions>
          <gpxdata:distance>3286.53</gpxdata:distance>
          <gpxdata:speed>0.872</gpxdata:speed>
        </extensions>
      </trkpt>
      <trkpt lat="46.6876722" lon="9.4655014">
        <ele>1498.5</ele>
        <time>2026-09-15T11:05:04Z</time>
        <extensions>
          <gpxdata:distance>3288.87</gpxdata:distance>
          <gpxdata:speed>0.872</gpxdata:speed>
        </extensions>
      </trkpt>
      <trkpt lat="46.6877002" lon="9.4654504">
        <ele>1496.6</ele>
        <time>2026-09-15T11:05:10Z</time>
        <extensions>
          <gpxdata:distance>3293.85</gpxdata:distance>
          <gpxdata:speed>0.872</gpxdata:speed>
        </extensions>
      </trkpt>
      <trkpt lat="46.6877002" lon="9.4654244">
        <ele>1495.8</ele>
        <time>2026-09-15T11:05:12Z</time>
        <extensions>
          <gpxdata:distance>3295.83</gpxdata:distance>
          <gpxdata:speed>0.872</gpxdata:speed>
        </extensions>
      </trkpt>
      <trkpt lat="46.6877092" lon="9.4653984">
        <ele>1495.3</ele>
        <time>2026-09-15T11:05:15Z</time>
        <extensions>
          <gpxdata:distance>3298.05</gpxdata:distance>
          <gpxdata:speed>0.872</gpxdata:speed>
        </extensions>
      </trkpt>
      <trkpt lat="46.6877182" lon="9.4654124">
        <ele>1494.9</ele>
        <time>2026-09-15T11:05:16Z</time>
        <extensions>
          <gpxdata:distance>3299.52</gpxdata:distance>
          <gpxdata:speed>0.872</gpxdata:speed>
        </extensions>
      </trkpt>
      <trkpt lat="46.6877352" lon="9.4654914">
        <ele>1492.4</ele>
        <time>2026-09-15T11:05:24Z</time>
        <extensions>
          <gpxdata:distance>3305.83</gpxdata:distance>
          <gpxdata:speed>0.872</gpxdata:speed>
        </extensions>
      </trkpt>
      <trkpt lat="46.6877432" lon="9.4655304">
        <ele>1490.7</ele>
        <time>2026-09-15T11:05:27Z</time>
        <extensions>
          <gpxdata:distance>3308.94</gpxdata:distance>
          <gpxdata:speed>0.872</gpxdata:speed>
        </extensions>
      </trkpt>
      <trkpt lat="46.6877602" lon="9.4655704">
        <ele>1488.4</ele>
        <time>2026-09-15T11:05:31Z</time>
        <extensions>
          <gpxdata:distance>3312.53</gpxdata:distance>
          <gpxdata:speed>0.872</gpxdata:speed>
        </extensions>
      </trkpt>
      <trkpt lat="46.6877772" lon="9.4656234">
        <ele>1486.0</ele>
        <time>2026-09-15T11:05:36Z</time>
        <extensions>
          <gpxdata:distance>3316.99</gpxdata:distance>
          <gpxdata:speed>0.872</gpxdata:speed>
        </extensions>
      </trkpt>
      <trkpt lat="46.6877862" lon="9.4656634">
        <ele>1484.4</ele>
        <time>2026-09-15T11:05:40Z</time>
        <extensions>
          <gpxdata:distance>3320.20</gpxdata:distance>
          <gpxdata:speed>0.872</gpxdata:speed>
        </extensions>
      </trkpt>
      <trkpt lat="46.6877852" lon="9.4657024">
        <ele>1482.9</ele>
        <time>2026-09-15T11:05:43Z</time>
        <extensions>
          <gpxdata:distance>3323.18</gpxdata:distance>
          <gpxdata:speed>0.872</gpxdata:speed>
        </extensions>
      </trkpt>
      <trkpt lat="46.6877752" lon="9.4657674">
        <ele>1480.8</ele>
        <time>2026-09-15T11:05:49Z</time>
        <extensions>
          <gpxdata:distance>3328.26</gpxdata:distance>
          <gpxdata:speed>0.872</gpxdata:speed>
        </extensions>
      </trkpt>
      <trkpt lat="46.6877842" lon="9.4657674">
        <ele>1480.0</ele>
        <time>2026-09-15T11:05:50Z</time>
        <extensions>
          <gpxdata:distance>3329.26</gpxdata:distance>
          <gpxdata:speed>0.872</gpxdata:speed>
        </extensions>
      </trkpt>
      <trkpt lat="46.6878112" lon="9.4657424">
        <ele>1479.3</ele>
        <time>2026-09-15T11:05:54Z</time>
        <extensions>
          <gpxdata:distance>3332.82</gpxdata:distance>
          <gpxdata:speed>0.872</gpxdata:speed>
        </extensions>
      </trkpt>
      <trkpt lat="46.6878482" lon="9.4657174">
        <ele>1477.3</ele>
        <time>2026-09-15T11:06:00Z</time>
        <extensions>
          <gpxdata:distance>3337.35</gpxdata:distance>
          <gpxdata:speed>0.872</gpxdata:speed>
        </extensions>
      </trkpt>
      <trkpt lat="46.6878752" lon="9.4656794">
        <ele>1475.3</ele>
        <time>2026-09-15T11:06:04Z</time>
        <extensions>
          <gpxdata:distance>3341.52</gpxdata:distance>
          <gpxdata:speed>0.872</gpxdata:speed>
        </extensions>
      </trkpt>
      <trkpt lat="46.6878942" lon="9.4656274">
        <ele>1474.1</ele>
        <time>2026-09-15T11:06:10Z</time>
        <extensions>
          <gpxdata:distance>3346.02</gpxdata:distance>
          <gpxdata:speed>0.872</gpxdata:speed>
        </extensions>
      </trkpt>
      <trkpt lat="46.6879042" lon="9.4655894">
        <ele>1473.1</ele>
        <time>2026-09-15T11:06:13Z</time>
        <extensions>
          <gpxdata:distance>3349.12</gpxdata:distance>
          <gpxdata:speed>0.872</gpxdata:speed>
        </extensions>
      </trkpt>
      <trkpt lat="46.6879052" lon="9.4655624">
        <ele>1472.8</ele>
        <time>2026-09-15T11:06:16Z</time>
        <extensions>
          <gpxdata:distance>3351.18</gpxdata:distance>
          <gpxdata:speed>0.872</gpxdata:speed>
        </extensions>
      </trkpt>
      <trkpt lat="46.6879052" lon="9.4655364">
        <ele>1472.0</ele>
        <time>2026-09-15T11:06:18Z</time>
        <extensions>
          <gpxdata:distance>3353.17</gpxdata:distance>
          <gpxdata:speed>0.872</gpxdata:speed>
        </extensions>
      </trkpt>
      <trkpt lat="46.6879232" lon="9.4655504">
        <ele>1471.4</ele>
        <time>2026-09-15T11:06:20Z</time>
        <extensions>
          <gpxdata:distance>3355.44</gpxdata:distance>
          <gpxdata:speed>0.872</gpxdata:speed>
        </extensions>
      </trkpt>
      <trkpt lat="46.6879312" lon="9.4656034">
        <ele>1470.2</ele>
        <time>2026-09-15T11:06:25Z</time>
        <extensions>
          <gpxdata:distance>3359.58</gpxdata:distance>
          <gpxdata:speed>0.872</gpxdata:speed>
        </extensions>
      </trkpt>
      <trkpt lat="46.6879392" lon="9.4656554">
        <ele>1469.1</ele>
        <time>2026-09-15T11:06:30Z</time>
        <extensions>
          <gpxdata:distance>3363.64</gpxdata:distance>
          <gpxdata:speed>0.872</gpxdata:speed>
        </extensions>
      </trkpt>
      <trkpt lat="46.6879382" lon="9.4657084">
        <ele>1467.0</ele>
        <time>2026-09-15T11:06:34Z</time>
        <extensions>
          <gpxdata:distance>3367.69</gpxdata:distance>
          <gpxdata:speed>0.872</gpxdata:speed>
        </extensions>
      </trkpt>
      <trkpt lat="46.6879282" lon="9.4657734">
        <ele>1466.1</ele>
        <time>2026-09-15T11:06:40Z</time>
        <extensions>
          <gpxdata:distance>3372.77</gpxdata:distance>
          <gpxdata:speed>0.872</gpxdata:speed>
        </extensions>
      </trkpt>
      <trkpt lat="46.6879092" lon="9.4658244">
        <ele>1467.2</ele>
        <time>2026-09-15T11:06:45Z</time>
        <extensions>
          <gpxdata:distance>3377.19</gpxdata:distance>
          <gpxdata:speed>0.872</gpxdata:speed>
        </extensions>
      </trkpt>
      <trkpt lat="46.6878712" lon="9.4659144">
        <ele>1465.9</ele>
        <time>2026-09-15T11:06:55Z</time>
        <extensions>
          <gpxdata:distance>3385.25</gpxdata:distance>
          <gpxdata:speed>0.873</gpxdata:speed>
        </extensions>
      </trkpt>
      <trkpt lat="46.6878532" lon="9.4659534">
        <ele>1464.8</ele>
        <time>2026-09-15T11:06:59Z</time>
        <extensions>
          <gpxdata:distance>3388.84</gpxdata:distance>
          <gpxdata:speed>0.872</gpxdata:speed>
        </extensions>
      </trkpt>
      <trkpt lat="46.6878252" lon="9.4660044">
        <ele>1462.6</ele>
        <time>2026-09-15T11:07:04Z</time>
        <extensions>
          <gpxdata:distance>3393.82</gpxdata:distance>
          <gpxdata:speed>0.872</gpxdata:speed>
        </extensions>
      </trkpt>
      <trkpt lat="46.6877972" lon="9.4660164">
        <ele>1461.7</ele>
        <time>2026-09-15T11:07:08Z</time>
        <extensions>
          <gpxdata:distance>3397.07</gpxdata:distance>
          <gpxdata:speed>0.872</gpxdata:speed>
        </extensions>
      </trkpt>
      <trkpt lat="46.6877612" lon="9.4660414">
        <ele>1460.6</ele>
        <time>2026-09-15T11:07:13Z</time>
        <extensions>
          <gpxdata:distance>3401.50</gpxdata:distance>
          <gpxdata:speed>0.872</gpxdata:speed>
        </extensions>
      </trkpt>
      <trkpt lat="46.6877332" lon="9.4660794">
        <ele>1459.3</ele>
        <time>2026-09-15T11:07:18Z</time>
        <extensions>
          <gpxdata:distance>3405.76</gpxdata:distance>
          <gpxdata:speed>0.872</gpxdata:speed>
        </extensions>
      </trkpt>
      <trkpt lat="46.6877142" lon="9.4661314">
        <ele>1458.0</ele>
        <time>2026-09-15T11:07:23Z</time>
        <extensions>
          <gpxdata:distance>3410.25</gpxdata:distance>
          <gpxdata:speed>0.872</gpxdata:speed>
        </extensions>
      </trkpt>
      <trkpt lat="46.6876222" lon="9.4662714">
        <ele>1454.4</ele>
        <time>2026-09-15T11:07:40Z</time>
        <extensions>
          <gpxdata:distance>3425.04</gpxdata:distance>
          <gpxdata:speed>0.872</gpxdata:speed>
        </extensions>
      </trkpt>
      <trkpt lat="46.6875752" lon="9.4663744">
        <ele>1450.2</ele>
        <time>2026-09-15T11:07:51Z</time>
        <extensions>
          <gpxdata:distance>3434.47</gpxdata:distance>
          <gpxdata:speed>0.872</gpxdata:speed>
        </extensions>
      </trkpt>
      <trkpt lat="46.6875102" lon="9.4665024">
        <ele>1444.2</ele>
        <time>2026-09-15T11:08:05Z</time>
        <extensions>
          <gpxdata:distance>3446.62</gpxdata:distance>
          <gpxdata:speed>0.872</gpxdata:speed>
        </extensions>
      </trkpt>
      <trkpt lat="46.6874732" lon="9.4665794">
        <ele>1441.1</ele>
        <time>2026-09-15T11:08:13Z</time>
        <extensions>
          <gpxdata:distance>3453.79</gpxdata:distance>
          <gpxdata:speed>0.872</gpxdata:speed>
        </extensions>
      </trkpt>
      <trkpt lat="46.6874452" lon="9.4666174">
        <ele>1439.1</ele>
        <time>2026-09-15T11:08:18Z</time>
        <extensions>
          <gpxdata:distance>3458.05</gpxdata:distance>
          <gpxdata:speed>0.872</gpxdata:speed>
        </extensions>
      </trkpt>
      <trkpt lat="46.6874173" lon="9.4666694">
        <ele>1437.1</ele>
        <time>2026-09-15T11:08:24Z</time>
        <extensions>
          <gpxdata:distance>3463.08</gpxdata:distance>
          <gpxdata:speed>0.872</gpxdata:speed>
        </extensions>
      </trkpt>
      <trkpt lat="46.6873973" lon="9.4667594">
        <ele>1434.4</ele>
        <time>2026-09-15T11:08:32Z</time>
        <extensions>
          <gpxdata:distance>3470.30</gpxdata:distance>
          <gpxdata:speed>0.872</gpxdata:speed>
        </extensions>
      </trkpt>
      <trkpt lat="46.6873793" lon="9.4667984">
        <ele>1433.2</ele>
        <time>2026-09-15T11:08:36Z</time>
        <extensions>
          <gpxdata:distance>3473.88</gpxdata:distance>
          <gpxdata:speed>0.872</gpxdata:speed>
        </extensions>
      </trkpt>
      <trkpt lat="46.6873693" lon="9.4668244">
        <ele>1432.5</ele>
        <time>2026-09-15T11:08:39Z</time>
        <extensions>
          <gpxdata:distance>3476.16</gpxdata:distance>
          <gpxdata:speed>0.872</gpxdata:speed>
        </extensions>
      </trkpt>
      <trkpt lat="46.6873143" lon="9.4669134">
        <ele>1430.6</ele>
        <time>2026-09-15T11:08:49Z</time>
        <extensions>
          <gpxdata:distance>3485.29</gpxdata:distance>
          <gpxdata:speed>0.872</gpxdata:speed>
        </extensions>
      </trkpt>
      <trkpt lat="46.6872573" lon="9.4670424">
        <ele>1427.8</ele>
        <time>2026-09-15T11:09:03Z</time>
        <extensions>
          <gpxdata:distance>3497.00</gpxdata:distance>
          <gpxdata:speed>0.872</gpxdata:speed>
        </extensions>
      </trkpt>
      <trkpt lat="46.6872393" lon="9.4670804">
        <ele>1426.7</ele>
        <time>2026-09-15T11:09:07Z</time>
        <extensions>
          <gpxdata:distance>3500.52</gpxdata:distance>
          <gpxdata:speed>0.872</gpxdata:speed>
        </extensions>
      </trkpt>
      <trkpt lat="46.6872373" lon="9.4671724">
        <ele>1425.6</ele>
        <time>2026-09-15T11:09:15Z</time>
        <extensions>
          <gpxdata:distance>3507.54</gpxdata:distance>
          <gpxdata:speed>0.872</gpxdata:speed>
        </extensions>
      </trkpt>
      <trkpt lat="46.6872453" lon="9.4672244">
        <ele>1424.0</ele>
        <time>2026-09-15T11:09:20Z</time>
        <extensions>
          <gpxdata:distance>3511.61</gpxdata:distance>
          <gpxdata:speed>0.872</gpxdata:speed>
        </extensions>
      </trkpt>
      <trkpt lat="46.6872533" lon="9.4672904">
        <ele>1422.1</ele>
        <time>2026-09-15T11:09:25Z</time>
        <extensions>
          <gpxdata:distance>3516.72</gpxdata:distance>
          <gpxdata:speed>0.872</gpxdata:speed>
        </extensions>
      </trkpt>
      <trkpt lat="46.6872603" lon="9.4673824">
        <ele>1420.1</ele>
        <time>2026-09-15T11:09:34Z</time>
        <extensions>
          <gpxdata:distance>3523.78</gpxdata:distance>
          <gpxdata:speed>0.872</gpxdata:speed>
        </extensions>
      </trkpt>
      <trkpt lat="46.6872693" lon="9.4673954">
        <ele>1419.3</ele>
        <time>2026-09-15T11:09:35Z</time>
        <extensions>
          <gpxdata:distance>3525.19</gpxdata:distance>
          <gpxdata:speed>0.872</gpxdata:speed>
        </extensions>
      </trkpt>
      <trkpt lat="46.6872783" lon="9.4673834">
        <ele>1418.7</ele>
        <time>2026-09-15T11:09:37Z</time>
        <extensions>
          <gpxdata:distance>3526.54</gpxdata:distance>
          <gpxdata:speed>0.872</gpxdata:speed>
        </extensions>
      </trkpt>
      <trkpt lat="46.6872973" lon="9.4673314">
        <ele>1417.2</ele>
        <time>2026-09-15T11:09:42Z</time>
        <extensions>
          <gpxdata:distance>3531.04</gpxdata:distance>
          <gpxdata:speed>0.872</gpxdata:speed>
        </extensions>
      </trkpt>
      <trkpt lat="46.6873433" lon="9.4672674">
        <ele>1415.0</ele>
        <time>2026-09-15T11:09:50Z</time>
        <extensions>
          <gpxdata:distance>3538.11</gpxdata:distance>
          <gpxdata:speed>0.872</gpxdata:speed>
        </extensions>
      </trkpt>
      <trkpt lat="46.6873803" lon="9.4672164">
        <ele>1412.9</ele>
        <time>2026-09-15T11:09:56Z</time>
        <extensions>
          <gpxdata:distance>3543.77</gpxdata:distance>
          <gpxdata:speed>0.872</gpxdata:speed>
        </extensions>
      </trkpt>
      <trkpt lat="46.6874083" lon="9.4671784">
        <ele>1410.4</ele>
        <time>2026-09-15T11:10:01Z</time>
        <extensions>
          <gpxdata:distance>3548.03</gpxdata:distance>
          <gpxdata:speed>0.872</gpxdata:speed>
        </extensions>
      </trkpt>
      <trkpt lat="46.6874253" lon="9.4672184">
        <ele>1409.6</ele>
        <time>2026-09-15T11:10:05Z</time>
        <extensions>
          <gpxdata:distance>3551.61</gpxdata:distance>
          <gpxdata:speed>0.872</gpxdata:speed>
        </extensions>
      </trkpt>
      <trkpt lat="46.6874803" lon="9.4671684">
        <ele>1405.5</ele>
        <time>2026-09-15T11:10:14Z</time>
        <extensions>
          <gpxdata:distance>3558.82</gpxdata:distance>
          <gpxdata:speed>0.872</gpxdata:speed>
        </extensions>
      </trkpt>
      <trkpt lat="46.6874973" lon="9.4672474">
        <ele>1403.4</ele>
        <time>2026-09-15T11:10:21Z</time>
        <extensions>
          <gpxdata:distance>3565.14</gpxdata:distance>
          <gpxdata:speed>0.872</gpxdata:speed>
        </extensions>
      </trkpt>
      <trkpt lat="46.6875153" lon="9.4672354">
        <ele>1401.8</ele>
        <time>2026-09-15T11:10:23Z</time>
        <extensions>
          <gpxdata:distance>3567.34</gpxdata:distance>
          <gpxdata:speed>0.872</gpxdata:speed>
        </extensions>
      </trkpt>
      <trkpt lat="46.6875333" lon="9.4672094">
        <ele>1400.5</ele>
        <time>2026-09-15T11:10:27Z</time>
        <extensions>
          <gpxdata:distance>3570.16</gpxdata:distance>
          <gpxdata:speed>0.872</gpxdata:speed>
        </extensions>
      </trkpt>
      <trkpt lat="46.6875513" lon="9.4672104">
        <ele>1399.8</ele>
        <time>2026-09-15T11:10:29Z</time>
        <extensions>
          <gpxdata:distance>3572.16</gpxdata:distance>
          <gpxdata:speed>0.872</gpxdata:speed>
        </extensions>
      </trkpt>
      <trkpt lat="46.6875513" lon="9.4672364">
        <ele>1399.4</ele>
        <time>2026-09-15T11:10:31Z</time>
        <extensions>
          <gpxdata:distance>3574.14</gpxdata:distance>
          <gpxdata:speed>0.872</gpxdata:speed>
        </extensions>
      </trkpt>
      <trkpt lat="46.6875593" lon="9.4672894">
        <ele>1397.1</ele>
        <time>2026-09-15T11:10:36Z</time>
        <extensions>
          <gpxdata:distance>3578.28</gpxdata:distance>
          <gpxdata:speed>0.872</gpxdata:speed>
        </extensions>
      </trkpt>
      <trkpt lat="46.6875763" lon="9.4673554">
        <ele>1394.6</ele>
        <time>2026-09-15T11:10:42Z</time>
        <extensions>
          <gpxdata:distance>3583.66</gpxdata:distance>
          <gpxdata:speed>0.872</gpxdata:speed>
        </extensions>
      </trkpt>
      <trkpt lat="46.6875943" lon="9.4673294">
        <ele>1393.6</ele>
        <time>2026-09-15T11:10:45Z</time>
        <extensions>
          <gpxdata:distance>3586.48</gpxdata:distance>
          <gpxdata:speed>0.872</gpxdata:speed>
        </extensions>
      </trkpt>
      <trkpt lat="46.6876493" lon="9.4672664">
        <ele>1391.1</ele>
        <time>2026-09-15T11:10:54Z</time>
        <extensions>
          <gpxdata:distance>3594.25</gpxdata:distance>
          <gpxdata:speed>0.872</gpxdata:speed>
        </extensions>
      </trkpt>
      <trkpt lat="46.6876583" lon="9.4672924">
        <ele>1390.1</ele>
        <time>2026-09-15T11:10:57Z</time>
        <extensions>
          <gpxdata:distance>3596.48</gpxdata:distance>
          <gpxdata:speed>0.872</gpxdata:speed>
        </extensions>
      </trkpt>
      <trkpt lat="46.6876663" lon="9.4673324">
        <ele>1388.2</ele>
        <time>2026-09-15T11:11:01Z</time>
        <extensions>
          <gpxdata:distance>3599.65</gpxdata:distance>
          <gpxdata:speed>0.872</gpxdata:speed>
        </extensions>
      </trkpt>
      <trkpt lat="46.6876923" lon="9.4674114">
        <ele>1385.1</ele>
        <time>2026-09-15T11:11:08Z</time>
        <extensions>
          <gpxdata:distance>3606.34</gpxdata:distance>
          <gpxdata:speed>0.872</gpxdata:speed>
        </extensions>
      </trkpt>
      <trkpt lat="46.6877013" lon="9.4674124">
        <ele>1384.2</ele>
        <time>2026-09-15T11:11:09Z</time>
        <extensions>
          <gpxdata:distance>3607.34</gpxdata:distance>
          <gpxdata:speed>0.872</gpxdata:speed>
        </extensions>
      </trkpt>
      <trkpt lat="46.6877103" lon="9.4673864">
        <ele>1383.5</ele>
        <time>2026-09-15T11:11:12Z</time>
        <extensions>
          <gpxdata:distance>3609.56</gpxdata:distance>
          <gpxdata:speed>0.872</gpxdata:speed>
        </extensions>
      </trkpt>
      <trkpt lat="46.6877193" lon="9.4673734">
        <ele>1382.7</ele>
        <time>2026-09-15T11:11:14Z</time>
        <extensions>
          <gpxdata:distance>3610.97</gpxdata:distance>
          <gpxdata:speed>0.872</gpxdata:speed>
        </extensions>
      </trkpt>
      <trkpt lat="46.6877373" lon="9.4673874">
        <ele>1381.3</ele>
        <time>2026-09-15T11:11:16Z</time>
        <extensions>
          <gpxdata:distance>3613.24</gpxdata:distance>
          <gpxdata:speed>0.872</gpxdata:speed>
        </extensions>
      </trkpt>
      <trkpt lat="46.6877563" lon="9.4673614">
        <ele>1379.8</ele>
        <time>2026-09-15T11:11:19Z</time>
        <extensions>
          <gpxdata:distance>3616.14</gpxdata:distance>
          <gpxdata:speed>0.872</gpxdata:speed>
        </extensions>
      </trkpt>
      <trkpt lat="46.6877633" lon="9.4674404">
        <ele>1378.4</ele>
        <time>2026-09-15T11:11:26Z</time>
        <extensions>
          <gpxdata:distance>3622.21</gpxdata:distance>
          <gpxdata:speed>0.872</gpxdata:speed>
        </extensions>
      </trkpt>
      <trkpt lat="46.6877723" lon="9.4674674">
        <ele>1377.3</ele>
        <time>2026-09-15T11:11:29Z</time>
        <extensions>
          <gpxdata:distance>3624.50</gpxdata:distance>
          <gpxdata:speed>0.872</gpxdata:speed>
        </extensions>
      </trkpt>
      <trkpt lat="46.6877903" lon="9.4674285">
        <ele>1375.8</ele>
        <time>2026-09-15T11:11:33Z</time>
        <extensions>
          <gpxdata:distance>3628.08</gpxdata:distance>
          <gpxdata:speed>0.872</gpxdata:speed>
        </extensions>
      </trkpt>
      <trkpt lat="46.6878003" lon="9.4674025">
        <ele>1375.5</ele>
        <time>2026-09-15T11:11:36Z</time>
        <extensions>
          <gpxdata:distance>3630.36</gpxdata:distance>
          <gpxdata:speed>0.872</gpxdata:speed>
        </extensions>
      </trkpt>
      <trkpt lat="46.6878183" lon="9.4673905">
        <ele>1374.2</ele>
        <time>2026-09-15T11:11:38Z</time>
        <extensions>
          <gpxdata:distance>3632.56</gpxdata:distance>
          <gpxdata:speed>0.872</gpxdata:speed>
        </extensions>
      </trkpt>
      <trkpt lat="46.6878273" lon="9.4674035">
        <ele>1373.3</ele>
        <time>2026-09-15T11:11:40Z</time>
        <extensions>
          <gpxdata:distance>3633.97</gpxdata:distance>
          <gpxdata:speed>0.872</gpxdata:speed>
        </extensions>
      </trkpt>
      <trkpt lat="46.6878433" lon="9.4674825">
        <ele>1370.8</ele>
        <time>2026-09-15T11:11:47Z</time>
        <extensions>
          <gpxdata:distance>3640.25</gpxdata:distance>
          <gpxdata:speed>0.872</gpxdata:speed>
        </extensions>
      </trkpt>
      <trkpt lat="46.6878703" lon="9.4675235">
        <ele>1368.2</ele>
        <time>2026-09-15T11:11:52Z</time>
        <extensions>
          <gpxdata:distance>3644.58</gpxdata:distance>
          <gpxdata:speed>0.872</gpxdata:speed>
        </extensions>
      </trkpt>
      <trkpt lat="46.6878783" lon="9.4675755">
        <ele>1366.7</ele>
        <time>2026-09-15T11:11:57Z</time>
        <extensions>
          <gpxdata:distance>3648.65</gpxdata:distance>
          <gpxdata:speed>0.872</gpxdata:speed>
        </extensions>
      </trkpt>
      <trkpt lat="46.6878863" lon="9.4675895">
        <ele>1366.0</ele>
        <time>2026-09-15T11:11:58Z</time>
        <extensions>
          <gpxdata:distance>3650.04</gpxdata:distance>
          <gpxdata:speed>0.872</gpxdata:speed>
        </extensions>
      </trkpt>
      <trkpt lat="46.6879143" lon="9.4675635">
        <ele>1364.8</ele>
        <time>2026-09-15T11:12:03Z</time>
        <extensions>
          <gpxdata:distance>3653.73</gpxdata:distance>
          <gpxdata:speed>0.872</gpxdata:speed>
        </extensions>
      </trkpt>
      <trkpt lat="46.6879603" lon="9.4675005">
        <ele>1361.7</ele>
        <time>2026-09-15T11:12:11Z</time>
        <extensions>
          <gpxdata:distance>3660.75</gpxdata:distance>
          <gpxdata:speed>0.872</gpxdata:speed>
        </extensions>
      </trkpt>
      <trkpt lat="46.6880523" lon="9.4673865">
        <ele>1355.7</ele>
        <time>2026-09-15T11:12:26Z</time>
        <extensions>
          <gpxdata:distance>3674.17</gpxdata:distance>
          <gpxdata:speed>0.872</gpxdata:speed>
        </extensions>
      </trkpt>
      <trkpt lat="46.6881163" lon="9.4673365">
        <ele>1351.0</ele>
        <time>2026-09-15T11:12:35Z</time>
        <extensions>
          <gpxdata:distance>3682.25</gpxdata:distance>
          <gpxdata:speed>0.872</gpxdata:speed>
        </extensions>
      </trkpt>
      <trkpt lat="46.6881523" lon="9.4673115">
        <ele>1348.6</ele>
        <time>2026-09-15T11:12:40Z</time>
        <extensions>
          <gpxdata:distance>3686.68</gpxdata:distance>
          <gpxdata:speed>0.872</gpxdata:speed>
        </extensions>
      </trkpt>
      <trkpt lat="46.6881983" lon="9.4673005">
        <ele>1344.4</ele>
        <time>2026-09-15T11:12:46Z</time>
        <extensions>
          <gpxdata:distance>3691.87</gpxdata:distance>
          <gpxdata:speed>0.872</gpxdata:speed>
        </extensions>
      </trkpt>
      <trkpt lat="46.6882163" lon="9.4672745">
        <ele>1343.3</ele>
        <time>2026-09-15T11:12:50Z</time>
        <extensions>
          <gpxdata:distance>3694.68</gpxdata:distance>
          <gpxdata:speed>0.872</gpxdata:speed>
        </extensions>
      </trkpt>
      <trkpt lat="46.6882443" lon="9.4672235">
        <ele>1341.7</ele>
        <time>2026-09-15T11:12:55Z</time>
        <extensions>
          <gpxdata:distance>3699.67</gpxdata:distance>
          <gpxdata:speed>0.872</gpxdata:speed>
        </extensions>
      </trkpt>
      <trkpt lat="46.6882533" lon="9.4672105">
        <ele>1340.8</ele>
        <time>2026-09-15T11:12:57Z</time>
        <extensions>
          <gpxdata:distance>3701.07</gpxdata:distance>
          <gpxdata:speed>0.872</gpxdata:speed>
        </extensions>
      </trkpt>
      <trkpt lat="46.6882623" lon="9.4672235">
        <ele>1340.3</ele>
        <time>2026-09-15T11:12:58Z</time>
        <extensions>
          <gpxdata:distance>3702.48</gpxdata:distance>
          <gpxdata:speed>0.872</gpxdata:speed>
        </extensions>
      </trkpt>
      <trkpt lat="46.6882613" lon="9.4672505">
        <ele>1339.6</ele>
        <time>2026-09-15T11:13:01Z</time>
        <extensions>
          <gpxdata:distance>3704.55</gpxdata:distance>
          <gpxdata:speed>0.872</gpxdata:speed>
        </extensions>
      </trkpt>
      <trkpt lat="46.6882603" lon="9.4673155">
        <ele>1338.8</ele>
        <time>2026-09-15T11:13:07Z</time>
        <extensions>
          <gpxdata:distance>3709.51</gpxdata:distance>
          <gpxdata:speed>0.872</gpxdata:speed>
        </extensions>
      </trkpt>
      <trkpt lat="46.6882683" lon="9.4673685">
        <ele>1338.4</ele>
        <time>2026-09-15T11:13:11Z</time>
        <extensions>
          <gpxdata:distance>3713.64</gpxdata:distance>
          <gpxdata:speed>0.872</gpxdata:speed>
        </extensions>
      </trkpt>
      <trkpt lat="46.6882773" lon="9.4673945">
        <ele>1337.7</ele>
        <time>2026-09-15T11:13:14Z</time>
        <extensions>
          <gpxdata:distance>3715.87</gpxdata:distance>
          <gpxdata:speed>0.872</gpxdata:speed>
        </extensions>
      </trkpt>
      <trkpt lat="46.6882953" lon="9.4673825">
        <ele>1334.9</ele>
        <time>2026-09-15T11:13:16Z</time>
        <extensions>
          <gpxdata:distance>3718.07</gpxdata:distance>
          <gpxdata:speed>0.872</gpxdata:speed>
        </extensions>
      </trkpt>
      <trkpt lat="46.6883413" lon="9.4673445">
        <ele>1331.9</ele>
        <time>2026-09-15T11:13:23Z</time>
        <extensions>
          <gpxdata:distance>3723.95</gpxdata:distance>
          <gpxdata:speed>0.872</gpxdata:speed>
        </extensions>
      </trkpt>
      <trkpt lat="46.6883683" lon="9.4673065">
        <ele>1329.7</ele>
        <time>2026-09-15T11:13:28Z</time>
        <extensions>
          <gpxdata:distance>3728.12</gpxdata:distance>
          <gpxdata:speed>0.872</gpxdata:speed>
        </extensions>
      </trkpt>
      <trkpt lat="46.6884053" lon="9.4672555">
        <ele>1327.5</ele>
        <time>2026-09-15T11:13:34Z</time>
        <extensions>
          <gpxdata:distance>3733.78</gpxdata:distance>
          <gpxdata:speed>0.872</gpxdata:speed>
        </extensions>
      </trkpt>
      <trkpt lat="46.6884333" lon="9.4672045">
        <ele>1327.1</ele>
        <time>2026-09-15T11:13:40Z</time>
        <extensions>
          <gpxdata:distance>3738.76</gpxdata:distance>
          <gpxdata:speed>0.872</gpxdata:speed>
        </extensions>
      </trkpt>
      <trkpt lat="46.6884513" lon="9.4672045">
        <ele>1326.7</ele>
        <time>2026-09-15T11:13:42Z</time>
        <extensions>
          <gpxdata:distance>3740.77</gpxdata:distance>
          <gpxdata:speed>0.872</gpxdata:speed>
        </extensions>
      </trkpt>
      <trkpt lat="46.6884603" lon="9.4672185">
        <ele>1325.5</ele>
        <time>2026-09-15T11:13:44Z</time>
        <extensions>
          <gpxdata:distance>3742.23</gpxdata:distance>
          <gpxdata:speed>0.872</gpxdata:speed>
        </extensions>
      </trkpt>
      <trkpt lat="46.6884603" lon="9.4672445">
        <ele>1324.0</ele>
        <time>2026-09-15T11:13:46Z</time>
        <extensions>
          <gpxdata:distance>3744.21</gpxdata:distance>
          <gpxdata:speed>0.872</gpxdata:speed>
        </extensions>
      </trkpt>
      <trkpt lat="46.6884583" lon="9.4673225">
        <ele>1322.4</ele>
        <time>2026-09-15T11:13:53Z</time>
        <extensions>
          <gpxdata:distance>3750.17</gpxdata:distance>
          <gpxdata:speed>0.872</gpxdata:speed>
        </extensions>
      </trkpt>
      <trkpt lat="46.6884663" lon="9.4673885">
        <ele>1321.5</ele>
        <time>2026-09-15T11:13:59Z</time>
        <extensions>
          <gpxdata:distance>3755.28</gpxdata:distance>
          <gpxdata:speed>0.872</gpxdata:speed>
        </extensions>
      </trkpt>
      <trkpt lat="46.6884913" lon="9.4674815">
        <ele>1320.3</ele>
        <time>2026-09-15T11:14:08Z</time>
        <extensions>
          <gpxdata:distance>3762.90</gpxdata:distance>
          <gpxdata:speed>0.872</gpxdata:speed>
        </extensions>
      </trkpt>
      <trkpt lat="46.6884993" lon="9.4675335">
        <ele>1320.0</ele>
        <time>2026-09-15T11:14:12Z</time>
        <extensions>
          <gpxdata:distance>3766.96</gpxdata:distance>
          <gpxdata:speed>0.872</gpxdata:speed>
        </extensions>
      </trkpt>
      <trkpt lat="46.6885163" lon="9.4675865">
        <ele>1318.7</ele>
        <time>2026-09-15T11:14:18Z</time>
        <extensions>
          <gpxdata:distance>3771.42</gpxdata:distance>
          <gpxdata:speed>0.872</gpxdata:speed>
        </extensions>
      </trkpt>
      <trkpt lat="46.6885333" lon="9.4676525">
        <ele>1317.3</ele>
        <time>2026-09-15T11:14:24Z</time>
        <extensions>
          <gpxdata:distance>3776.80</gpxdata:distance>
          <gpxdata:speed>0.872</gpxdata:speed>
        </extensions>
      </trkpt>
      <trkpt lat="46.6885413" lon="9.4677315">
        <ele>1315.3</ele>
        <time>2026-09-15T11:14:31Z</time>
        <extensions>
          <gpxdata:distance>3782.89</gpxdata:distance>
          <gpxdata:speed>0.872</gpxdata:speed>
        </extensions>
      </trkpt>
      <trkpt lat="46.6885673" lon="9.4677845">
        <ele>1313.7</ele>
        <time>2026-09-15T11:14:36Z</time>
        <extensions>
          <gpxdata:distance>3787.86</gpxdata:distance>
          <gpxdata:speed>0.872</gpxdata:speed>
        </extensions>
      </trkpt>
      <trkpt lat="46.6885943" lon="9.4677855">
        <ele>1312.5</ele>
        <time>2026-09-15T11:14:40Z</time>
        <extensions>
          <gpxdata:distance>3790.87</gpxdata:distance>
          <gpxdata:speed>0.872</gpxdata:speed>
        </extensions>
      </trkpt>
      <trkpt lat="46.6886213" lon="9.4677735">
        <ele>1310.8</ele>
        <time>2026-09-15T11:14:43Z</time>
        <extensions>
          <gpxdata:distance>3794.00</gpxdata:distance>
          <gpxdata:speed>0.872</gpxdata:speed>
        </extensions>
      </trkpt>
      <trkpt lat="46.6886403" lon="9.4677355">
        <ele>1309.8</ele>
        <time>2026-09-15T11:14:48Z</time>
        <extensions>
          <gpxdata:distance>3797.59</gpxdata:distance>
          <gpxdata:speed>0.872</gpxdata:speed>
        </extensions>
      </trkpt>
      <trkpt lat="46.6886863" lon="9.4676715">
        <ele>1307.8</ele>
        <time>2026-09-15T11:14:56Z</time>
        <extensions>
          <gpxdata:distance>3804.66</gpxdata:distance>
          <gpxdata:speed>0.872</gpxdata:speed>
        </extensions>
      </trkpt>
      <trkpt lat="46.6887323" lon="9.4676335">
        <ele>1305.1</ele>
        <time>2026-09-15T11:15:02Z</time>
        <extensions>
          <gpxdata:distance>3810.54</gpxdata:distance>
          <gpxdata:speed>0.872</gpxdata:speed>
        </extensions>
      </trkpt>
      <trkpt lat="46.6887773" lon="9.4676095">
        <ele>1302.8</ele>
        <time>2026-09-15T11:15:09Z</time>
        <extensions>
          <gpxdata:distance>3815.87</gpxdata:distance>
          <gpxdata:speed>0.872</gpxdata:speed>
        </extensions>
      </trkpt>
      <trkpt lat="46.6888133" lon="9.4675975">
        <ele>1300.9</ele>
        <time>2026-09-15T11:15:13Z</time>
        <extensions>
          <gpxdata:distance>3819.98</gpxdata:distance>
          <gpxdata:speed>0.872</gpxdata:speed>
        </extensions>
      </trkpt>
      <trkpt lat="46.6888593" lon="9.4675735">
        <ele>1298.2</ele>
        <time>2026-09-15T11:15:19Z</time>
        <extensions>
          <gpxdata:distance>3825.41</gpxdata:distance>
          <gpxdata:speed>0.872</gpxdata:speed>
        </extensions>
      </trkpt>
      <trkpt lat="46.6889413" lon="9.4674975">
        <ele>1294.6</ele>
        <time>2026-09-15T11:15:32Z</time>
        <extensions>
          <gpxdata:distance>3836.21</gpxdata:distance>
          <gpxdata:speed>0.872</gpxdata:speed>
        </extensions>
      </trkpt>
      <trkpt lat="46.6889773" lon="9.4674865">
        <ele>1292.7</ele>
        <time>2026-09-15T11:15:37Z</time>
        <extensions>
          <gpxdata:distance>3840.30</gpxdata:distance>
          <gpxdata:speed>0.872</gpxdata:speed>
        </extensions>
      </trkpt>
      <trkpt lat="46.6890223" lon="9.4674875">
        <ele>1291.0</ele>
        <time>2026-09-15T11:15:42Z</time>
        <extensions>
          <gpxdata:distance>3845.31</gpxdata:distance>
          <gpxdata:speed>0.872</gpxdata:speed>
        </extensions>
      </trkpt>
      <trkpt lat="46.6890862" lon="9.4674515">
        <ele>1288.7</ele>
        <time>2026-09-15T11:15:51Z</time>
        <extensions>
          <gpxdata:distance>3852.93</gpxdata:distance>
          <gpxdata:speed>0.872</gpxdata:speed>
        </extensions>
      </trkpt>
      <trkpt lat="46.6892312" lon="9.4673655">
        <ele>1283.3</ele>
        <time>2026-09-15T11:16:11Z</time>
        <extensions>
          <gpxdata:distance>3870.33</gpxdata:distance>
          <gpxdata:speed>0.872</gpxdata:speed>
        </extensions>
      </trkpt>
      <trkpt lat="46.6894142" lon="9.4672145">
        <ele>1277.4</ele>
        <time>2026-09-15T11:16:38Z</time>
        <extensions>
          <gpxdata:distance>3893.71</gpxdata:distance>
          <gpxdata:speed>0.872</gpxdata:speed>
        </extensions>
      </trkpt>
      <trkpt lat="46.6894782" lon="9.4671385">
        <ele>1275.3</ele>
        <time>2026-09-15T11:16:48Z</time>
        <extensions>
          <gpxdata:distance>3902.89</gpxdata:distance>
          <gpxdata:speed>0.872</gpxdata:speed>
        </extensions>
      </trkpt>
      <trkpt lat="46.6895162" lon="9.4670485">
        <ele>1273.0</ele>
        <time>2026-09-15T11:16:58Z</time>
        <extensions>
          <gpxdata:distance>3910.95</gpxdata:distance>
          <gpxdata:speed>0.872</gpxdata:speed>
        </extensions>
      </trkpt>
      <trkpt lat="46.6895262" lon="9.4669705">
        <ele>1271.3</ele>
        <time>2026-09-15T11:17:05Z</time>
        <extensions>
          <gpxdata:distance>3917.01</gpxdata:distance>
          <gpxdata:speed>0.872</gpxdata:speed>
        </extensions>
      </trkpt>
      <trkpt lat="46.6895472" lon="9.4668275">
        <ele>1267.8</ele>
        <time>2026-09-15T11:17:17Z</time>
        <extensions>
          <gpxdata:distance>3928.16</gpxdata:distance>
          <gpxdata:speed>0.872</gpxdata:speed>
        </extensions>
      </trkpt>
      <trkpt lat="46.6895762" lon="9.4667245">
        <ele>1265.0</ele>
        <time>2026-09-15T11:17:27Z</time>
        <extensions>
          <gpxdata:distance>3936.65</gpxdata:distance>
          <gpxdata:speed>0.872</gpxdata:speed>
        </extensions>
      </trkpt>
      <trkpt lat="46.6895852" lon="9.4666985">
        <ele>1264.5</ele>
        <time>2026-09-15T11:17:30Z</time>
        <extensions>
          <gpxdata:distance>3938.87</gpxdata:distance>
          <gpxdata:speed>0.872</gpxdata:speed>
        </extensions>
      </trkpt>
      <trkpt lat="46.6896122" lon="9.4666865">
        <ele>1263.3</ele>
        <time>2026-09-15T11:17:33Z</time>
        <extensions>
          <gpxdata:distance>3942.01</gpxdata:distance>
          <gpxdata:speed>0.872</gpxdata:speed>
        </extensions>
      </trkpt>
      <trkpt lat="46.6896392" lon="9.4666745">
        <ele>1261.0</ele>
        <time>2026-09-15T11:17:37Z</time>
        <extensions>
          <gpxdata:distance>3945.15</gpxdata:distance>
          <gpxdata:speed>0.872</gpxdata:speed>
        </extensions>
      </trkpt>
      <trkpt lat="46.6896752" lon="9.4666885">
        <ele>1259.2</ele>
        <time>2026-09-15T11:17:42Z</time>
        <extensions>
          <gpxdata:distance>3949.29</gpxdata:distance>
          <gpxdata:speed>0.872</gpxdata:speed>
        </extensions>
      </trkpt>
      <trkpt lat="46.6897392" lon="9.4666645">
        <ele>1255.2</ele>
        <time>2026-09-15T11:17:50Z</time>
        <extensions>
          <gpxdata:distance>3956.64</gpxdata:distance>
          <gpxdata:speed>0.872</gpxdata:speed>
        </extensions>
      </trkpt>
      <trkpt lat="46.6897752" lon="9.4666536">
        <ele>1254.0</ele>
        <time>2026-09-15T11:17:55Z</time>
        <extensions>
          <gpxdata:distance>3960.73</gpxdata:distance>
          <gpxdata:speed>0.872</gpxdata:speed>
        </extensions>
      </trkpt>
      <trkpt lat="46.6898202" lon="9.4666156">
        <ele>1250.5</ele>
        <time>2026-09-15T11:18:01Z</time>
        <extensions>
          <gpxdata:distance>3966.51</gpxdata:distance>
          <gpxdata:speed>0.872</gpxdata:speed>
        </extensions>
      </trkpt>
      <trkpt lat="46.6898762" lon="9.4665396">
        <ele>1248.0</ele>
        <time>2026-09-15T11:18:11Z</time>
        <extensions>
          <gpxdata:distance>3975.02</gpxdata:distance>
          <gpxdata:speed>0.872</gpxdata:speed>
        </extensions>
      </trkpt>
      <trkpt lat="46.6899132" lon="9.4664886">
        <ele>1246.0</ele>
        <time>2026-09-15T11:18:18Z</time>
        <extensions>
          <gpxdata:distance>3980.68</gpxdata:distance>
          <gpxdata:speed>0.872</gpxdata:speed>
        </extensions>
      </trkpt>
      <trkpt lat="46.6900042" lon="9.4664136">
        <ele>1240.5</ele>
        <time>2026-09-15T11:18:31Z</time>
        <extensions>
          <gpxdata:distance>3992.31</gpxdata:distance>
          <gpxdata:speed>0.872</gpxdata:speed>
        </extensions>
      </trkpt>
      <trkpt lat="46.6900592" lon="9.4663636">
        <ele>1237.4</ele>
        <time>2026-09-15T11:18:39Z</time>
        <extensions>
          <gpxdata:distance>3999.51</gpxdata:distance>
          <gpxdata:speed>0.872</gpxdata:speed>
        </extensions>
      </trkpt>
      <trkpt lat="46.6900872" lon="9.4663246">
        <ele>1234.7</ele>
        <time>2026-09-15T11:18:44Z</time>
        <extensions>
          <gpxdata:distance>4003.82</gpxdata:distance>
          <gpxdata:speed>0.872</gpxdata:speed>
        </extensions>
      </trkpt>
      <trkpt lat="46.6901052" lon="9.4662996">
        <ele>1233.6</ele>
        <time>2026-09-15T11:18:47Z</time>
        <extensions>
          <gpxdata:distance>4006.58</gpxdata:distance>
          <gpxdata:speed>0.872</gpxdata:speed>
        </extensions>
      </trkpt>
      <trkpt lat="46.6901152" lon="9.4662606">
        <ele>1231.7</ele>
        <time>2026-09-15T11:18:51Z</time>
        <extensions>
          <gpxdata:distance>4009.76</gpxdata:distance>
          <gpxdata:speed>0.872</gpxdata:speed>
        </extensions>
      </trkpt>
      <trkpt lat="46.6901252" lon="9.4662086">
        <ele>1230.9</ele>
        <time>2026-09-15T11:18:56Z</time>
        <extensions>
          <gpxdata:distance>4013.88</gpxdata:distance>
          <gpxdata:speed>0.872</gpxdata:speed>
        </extensions>
      </trkpt>
      <trkpt lat="46.6901262" lon="9.4661566">
        <ele>1229.8</ele>
        <time>2026-09-15T11:19:00Z</time>
        <extensions>
          <gpxdata:distance>4017.85</gpxdata:distance>
          <gpxdata:speed>0.872</gpxdata:speed>
        </extensions>
      </trkpt>
      <trkpt lat="46.6901262" lon="9.4661176">
        <ele>1229.0</ele>
        <time>2026-09-15T11:19:04Z</time>
        <extensions>
          <gpxdata:distance>4020.82</gpxdata:distance>
          <gpxdata:speed>0.872</gpxdata:speed>
        </extensions>
      </trkpt>
      <trkpt lat="46.6901442" lon="9.4661176">
        <ele>1227.1</ele>
        <time>2026-09-15T11:19:06Z</time>
        <extensions>
          <gpxdata:distance>4022.82</gpxdata:distance>
          <gpxdata:speed>0.872</gpxdata:speed>
        </extensions>
      </trkpt>
      <trkpt lat="46.6901622" lon="9.4661316">
        <ele>1226.1</ele>
        <time>2026-09-15T11:19:09Z</time>
        <extensions>
          <gpxdata:distance>4025.09</gpxdata:distance>
          <gpxdata:speed>0.872</gpxdata:speed>
        </extensions>
      </trkpt>
      <trkpt lat="46.6902152" lon="9.4661856">
        <ele>1224.5</ele>
        <time>2026-09-15T11:19:17Z</time>
        <extensions>
          <gpxdata:distance>4032.28</gpxdata:distance>
          <gpxdata:speed>0.872</gpxdata:speed>
        </extensions>
      </trkpt>
      <trkpt lat="46.6902412" lon="9.4662526">
        <ele>1223.9</ele>
        <time>2026-09-15T11:19:24Z</time>
        <extensions>
          <gpxdata:distance>4038.15</gpxdata:distance>
          <gpxdata:speed>0.872</gpxdata:speed>
        </extensions>
      </trkpt>
      <trkpt lat="46.6902492" lon="9.4663176">
        <ele>1223.1</ele>
        <time>2026-09-15T11:19:29Z</time>
        <extensions>
          <gpxdata:distance>4043.19</gpxdata:distance>
          <gpxdata:speed>0.872</gpxdata:speed>
        </extensions>
      </trkpt>
      <trkpt lat="46.6902552" lon="9.4664616">
        <ele>1221.6</ele>
        <time>2026-09-15T11:19:42Z</time>
        <extensions>
          <gpxdata:distance>4054.19</gpxdata:distance>
          <gpxdata:speed>0.872</gpxdata:speed>
        </extensions>
      </trkpt>
      <trkpt lat="46.6902722" lon="9.4665416">
        <ele>1220.7</ele>
        <time>2026-09-15T11:19:49Z</time>
        <extensions>
          <gpxdata:distance>4060.58</gpxdata:distance>
          <gpxdata:speed>0.872</gpxdata:speed>
        </extensions>
      </trkpt>
      <trkpt lat="46.6902972" lon="9.4666596">
        <ele>1219.5</ele>
        <time>2026-09-15T11:20:00Z</time>
        <extensions>
          <gpxdata:distance>4070.00</gpxdata:distance>
          <gpxdata:speed>0.875</gpxdata:speed>
        </extensions>
      </trkpt>
      <trkpt lat="46.6902972" lon="9.4666596">
        <ele>1219.5</ele>
        <time>2026-09-15T11:20:00Z</time>
        <extensions>
          <gpxdata:distance>4070.00</gpxdata:distance>
          <gpxdata:speed>0.000</gpxdata:speed>
        </extensions>
      </trkpt>
      <trkpt lat="46.6903152" lon="9.4666346">
        <ele>1219.7</ele>
        <time>2026-09-15T11:20:03Z</time>
        <extensions>
          <gpxdata:distance>4072.77</gpxdata:distance>
          <gpxdata:speed>0.938</gpxdata:speed>
        </extensions>
      </trkpt>
      <trkpt lat="46.6903342" lon="9.4665696">
        <ele>1217.4</ele>
        <time>2026-09-15T11:20:09Z</time>
        <extensions>
          <gpxdata:distance>4078.15</gpxdata:distance>
          <gpxdata:speed>0.921</gpxdata:speed>
        </extensions>
      </trkpt>
      <trkpt lat="46.6903542" lon="9.4664916">
        <ele>1214.4</ele>
        <time>2026-09-15T11:20:16Z</time>
        <extensions>
          <gpxdata:distance>4084.51</gpxdata:distance>
          <gpxdata:speed>0.881</gpxdata:speed>
        </extensions>
      </trkpt>
      <trkpt lat="46.6904192" lon="9.4663506">
        <ele>1210.7</ele>
        <time>2026-09-15T11:20:31Z</time>
        <extensions>
          <gpxdata:distance>4097.46</gpxdata:distance>
          <gpxdata:speed>0.872</gpxdata:speed>
        </extensions>
      </trkpt>
      <trkpt lat="46.6904662" lon="9.4662476">
        <ele>1207.3</ele>
        <time>2026-09-15T11:20:42Z</time>
        <extensions>
          <gpxdata:distance>4106.90</gpxdata:distance>
          <gpxdata:speed>0.872</gpxdata:speed>
        </extensions>
      </trkpt>
      <trkpt lat="46.6904852" lon="9.4661956">
        <ele>1206.5</ele>
        <time>2026-09-15T11:20:47Z</time>
        <extensions>
          <gpxdata:distance>4111.39</gpxdata:distance>
          <gpxdata:speed>0.872</gpxdata:speed>
        </extensions>
      </trkpt>
      <trkpt lat="46.6904952" lon="9.4661446">
        <ele>1206.1</ele>
        <time>2026-09-15T11:20:51Z</time>
        <extensions>
          <gpxdata:distance>4115.44</gpxdata:distance>
          <gpxdata:speed>0.872</gpxdata:speed>
        </extensions>
      </trkpt>
      <trkpt lat="46.6904962" lon="9.4660786">
        <ele>1205.6</ele>
        <time>2026-09-15T11:20:57Z</time>
        <extensions>
          <gpxdata:distance>4120.47</gpxdata:distance>
          <gpxdata:speed>0.872</gpxdata:speed>
        </extensions>
      </trkpt>
      <trkpt lat="46.6904802" lon="9.4659476">
        <ele>1204.0</ele>
        <time>2026-09-15T11:21:09Z</time>
        <extensions>
          <gpxdata:distance>4130.62</gpxdata:distance>
          <gpxdata:speed>0.872</gpxdata:speed>
        </extensions>
      </trkpt>
      <trkpt lat="46.6904822" lon="9.4658426">
        <ele>1201.8</ele>
        <time>2026-09-15T11:21:18Z</time>
        <extensions>
          <gpxdata:distance>4138.63</gpxdata:distance>
          <gpxdata:speed>0.872</gpxdata:speed>
        </extensions>
      </trkpt>
      <trkpt lat="46.6904842" lon="9.4657646">
        <ele>1200.3</ele>
        <time>2026-09-15T11:21:25Z</time>
        <extensions>
          <gpxdata:distance>4144.59</gpxdata:distance>
          <gpxdata:speed>0.872</gpxdata:speed>
        </extensions>
      </trkpt>
      <trkpt lat="46.6905032" lon="9.4656996">
        <ele>1198.9</ele>
        <time>2026-09-15T11:21:31Z</time>
        <extensions>
          <gpxdata:distance>4149.98</gpxdata:distance>
          <gpxdata:speed>0.872</gpxdata:speed>
        </extensions>
      </trkpt>
      <trkpt lat="46.6905692" lon="9.4654936">
        <ele>1193.0</ele>
        <time>2026-09-15T11:21:51Z</time>
        <extensions>
          <gpxdata:distance>4167.32</gpxdata:distance>
          <gpxdata:speed>0.872</gpxdata:speed>
        </extensions>
      </trkpt>
      <trkpt lat="46.6905882" lon="9.4654286">
        <ele>1191.4</ele>
        <time>2026-09-15T11:21:57Z</time>
        <extensions>
          <gpxdata:distance>4172.71</gpxdata:distance>
          <gpxdata:speed>0.872</gpxdata:speed>
        </extensions>
      </trkpt>
      <trkpt lat="46.6905992" lon="9.4653636">
        <ele>1190.9</ele>
        <time>2026-09-15T11:22:03Z</time>
        <extensions>
          <gpxdata:distance>4177.81</gpxdata:distance>
          <gpxdata:speed>0.872</gpxdata:speed>
        </extensions>
      </trkpt>
      <trkpt lat="46.6906092" lon="9.4652596">
        <ele>1190.8</ele>
        <time>2026-09-15T11:22:12Z</time>
        <extensions>
          <gpxdata:distance>4185.82</gpxdata:distance>
          <gpxdata:speed>0.872</gpxdata:speed>
        </extensions>
      </trkpt>
      <trkpt lat="46.6906202" lon="9.4651816">
        <ele>1191.4</ele>
        <time>2026-09-15T11:22:19Z</time>
        <extensions>
          <gpxdata:distance>4191.90</gpxdata:distance>
          <gpxdata:speed>0.873</gpxdata:speed>
        </extensions>
      </trkpt>
      <trkpt lat="46.6906211" lon="9.4651026">
        <ele>1192.3</ele>
        <time>2026-09-15T11:22:26Z</time>
        <extensions>
          <gpxdata:distance>4197.92</gpxdata:distance>
          <gpxdata:speed>0.908</gpxdata:speed>
        </extensions>
      </trkpt>
      <trkpt lat="46.6906311" lon="9.4650376">
        <ele>1192.5</ele>
        <time>2026-09-15T11:22:31Z</time>
        <extensions>
          <gpxdata:distance>4203.01</gpxdata:distance>
          <gpxdata:speed>0.935</gpxdata:speed>
        </extensions>
      </trkpt>
      <trkpt lat="46.6906241" lon="9.4649456">
        <ele>1190.5</ele>
        <time>2026-09-15T11:22:39Z</time>
        <extensions>
          <gpxdata:distance>4210.07</gpxdata:distance>
          <gpxdata:speed>0.940</gpxdata:speed>
        </extensions>
      </trkpt>
      <trkpt lat="46.6906251" lon="9.4648806">
        <ele>1190.1</ele>
        <time>2026-09-15T11:22:44Z</time>
        <extensions>
          <gpxdata:distance>4215.02</gpxdata:distance>
          <gpxdata:speed>0.927</gpxdata:speed>
        </extensions>
      </trkpt>
      <trkpt lat="46.6906741" lon="9.4646866">
        <ele>1188.2</ele>
        <time>2026-09-15T11:23:01Z</time>
        <extensions>
          <gpxdata:distance>4230.79</gpxdata:distance>
          <gpxdata:speed>0.921</gpxdata:speed>
        </extensions>
      </trkpt>
      <trkpt lat="46.6906931" lon="9.4646086">
        <ele>1186.6</ele>
        <time>2026-09-15T11:23:08Z</time>
        <extensions>
          <gpxdata:distance>4237.11</gpxdata:distance>
          <gpxdata:speed>0.922</gpxdata:speed>
        </extensions>
      </trkpt>
      <trkpt lat="46.6907211" lon="9.4645446">
        <ele>1184.3</ele>
        <time>2026-09-15T11:23:15Z</time>
        <extensions>
          <gpxdata:distance>4242.90</gpxdata:distance>
          <gpxdata:speed>0.896</gpxdata:speed>
        </extensions>
      </trkpt>
      <trkpt lat="46.6907791" lon="9.4643506">
        <ele>1177.3</ele>
        <time>2026-09-15T11:23:33Z</time>
        <extensions>
          <gpxdata:distance>4259.04</gpxdata:distance>
          <gpxdata:speed>0.893</gpxdata:speed>
        </extensions>
      </trkpt>
      <trkpt lat="46.6907891" lon="9.4642856">
        <ele>1175.6</ele>
        <time>2026-09-15T11:23:38Z</time>
        <extensions>
          <gpxdata:distance>4264.12</gpxdata:distance>
          <gpxdata:speed>0.872</gpxdata:speed>
        </extensions>
      </trkpt>
      <trkpt lat="46.6908101" lon="9.4640896">
        <ele>1171.8</ele>
        <time>2026-09-15T11:23:56Z</time>
        <extensions>
          <gpxdata:distance>4279.25</gpxdata:distance>
          <gpxdata:speed>0.872</gpxdata:speed>
        </extensions>
      </trkpt>
      <trkpt lat="46.6908211" lon="9.4640116">
        <ele>1169.9</ele>
        <time>2026-09-15T11:24:03Z</time>
        <extensions>
          <gpxdata:distance>4285.32</gpxdata:distance>
          <gpxdata:speed>0.872</gpxdata:speed>
        </extensions>
      </trkpt>
      <trkpt lat="46.6908391" lon="9.4639736">
        <ele>1168.6</ele>
        <time>2026-09-15T11:24:07Z</time>
        <extensions>
          <gpxdata:distance>4288.84</gpxdata:distance>
          <gpxdata:speed>0.872</gpxdata:speed>
        </extensions>
      </trkpt>
      <trkpt lat="46.6908581" lon="9.4639086">
        <ele>1167.4</ele>
        <time>2026-09-15T11:24:13Z</time>
        <extensions>
          <gpxdata:distance>4294.23</gpxdata:distance>
          <gpxdata:speed>0.872</gpxdata:speed>
        </extensions>
      </trkpt>
      <trkpt lat="46.6908771" lon="9.4638566">
        <ele>1166.2</ele>
        <time>2026-09-15T11:24:18Z</time>
        <extensions>
          <gpxdata:distance>4298.73</gpxdata:distance>
          <gpxdata:speed>0.872</gpxdata:speed>
        </extensions>
      </trkpt>
      <trkpt lat="46.6908961" lon="9.4638186">
        <ele>1165.3</ele>
        <time>2026-09-15T11:24:22Z</time>
        <extensions>
          <gpxdata:distance>4302.31</gpxdata:distance>
          <gpxdata:speed>0.872</gpxdata:speed>
        </extensions>
      </trkpt>
      <trkpt lat="46.6909141" lon="9.4638056">
        <ele>1164.3</ele>
        <time>2026-09-15T11:24:25Z</time>
        <extensions>
          <gpxdata:distance>4304.55</gpxdata:distance>
          <gpxdata:speed>0.872</gpxdata:speed>
        </extensions>
      </trkpt>
      <trkpt lat="46.6909331" lon="9.4637806">
        <ele>1163.6</ele>
        <time>2026-09-15T11:24:28Z</time>
        <extensions>
          <gpxdata:distance>4307.39</gpxdata:distance>
          <gpxdata:speed>0.872</gpxdata:speed>
        </extensions>
      </trkpt>
      <trkpt lat="46.6909331" lon="9.4637416">
        <ele>1163.0</ele>
        <time>2026-09-15T11:24:32Z</time>
        <extensions>
          <gpxdata:distance>4310.37</gpxdata:distance>
          <gpxdata:speed>0.872</gpxdata:speed>
        </extensions>
      </trkpt>
      <trkpt lat="46.6909431" lon="9.4637156">
        <ele>1163.1</ele>
        <time>2026-09-15T11:24:34Z</time>
        <extensions>
          <gpxdata:distance>4312.64</gpxdata:distance>
          <gpxdata:speed>0.872</gpxdata:speed>
        </extensions>
      </trkpt>
      <trkpt lat="46.6909431" lon="9.4637156">
        <ele>1163.1</ele>
        <time>2026-09-15T11:24:34Z</time>
        <extensions>
          <gpxdata:distance>4312.64</gpxdata:distance>
          <gpxdata:speed>0.000</gpxdata:speed>
        </extensions>
      </trkpt>
      <trkpt lat="46.6909691" lon="9.4637816">
        <ele>1162.4</ele>
        <time>2026-09-15T11:24:41Z</time>
        <extensions>
          <gpxdata:distance>4318.45</gpxdata:distance>
          <gpxdata:speed>0.872</gpxdata:speed>
        </extensions>
      </trkpt>
      <trkpt lat="46.6910211" lon="9.4639016">
        <ele>1161.1</ele>
        <time>2026-09-15T11:24:53Z</time>
        <extensions>
          <gpxdata:distance>4329.27</gpxdata:distance>
          <gpxdata:speed>0.899</gpxdata:speed>
        </extensions>
      </trkpt>
      <trkpt lat="46.6911071" lon="9.4641266">
        <ele>1158.3</ele>
        <time>2026-09-15T11:25:14Z</time>
        <extensions>
          <gpxdata:distance>4348.92</gpxdata:distance>
          <gpxdata:speed>0.930</gpxdata:speed>
        </extensions>
      </trkpt>
      <trkpt lat="46.6911581" lon="9.4642596">
        <ele>1157.2</ele>
        <time>2026-09-15T11:25:26Z</time>
        <extensions>
          <gpxdata:distance>4360.54</gpxdata:distance>
          <gpxdata:speed>0.930</gpxdata:speed>
        </extensions>
      </trkpt>
      <trkpt lat="46.6911921" lon="9.4643786">
        <ele>1155.7</ele>
        <time>2026-09-15T11:25:37Z</time>
        <extensions>
          <gpxdata:distance>4370.37</gpxdata:distance>
          <gpxdata:speed>0.922</gpxdata:speed>
        </extensions>
      </trkpt>
      <trkpt lat="46.6912421" lon="9.4646026">
        <ele>1153.8</ele>
        <time>2026-09-15T11:25:57Z</time>
        <extensions>
          <gpxdata:distance>4388.34</gpxdata:distance>
          <gpxdata:speed>0.914</gpxdata:speed>
        </extensions>
      </trkpt>
      <trkpt lat="46.6914211" lon="9.4651716">
        <ele>1147.2</ele>
        <time>2026-09-15T11:26:49Z</time>
        <extensions>
          <gpxdata:distance>4436.08</gpxdata:distance>
          <gpxdata:speed>0.918</gpxdata:speed>
        </extensions>
      </trkpt>
      <trkpt lat="46.6914631" lon="9.4653436">
        <ele>1145.2</ele>
        <time>2026-09-15T11:27:04Z</time>
        <extensions>
          <gpxdata:distance>4450.01</gpxdata:distance>
          <gpxdata:speed>0.922</gpxdata:speed>
        </extensions>
      </trkpt>
      <trkpt lat="46.6914971" lon="9.4654496">
        <ele>1143.8</ele>
        <time>2026-09-15T11:27:14Z</time>
        <extensions>
          <gpxdata:distance>4458.94</gpxdata:distance>
          <gpxdata:speed>0.924</gpxdata:speed>
        </extensions>
      </trkpt>
      <trkpt lat="46.6915231" lon="9.4655156">
        <ele>1142.8</ele>
        <time>2026-09-15T11:27:20Z</time>
        <extensions>
          <gpxdata:distance>4464.74</gpxdata:distance>
          <gpxdata:speed>0.925</gpxdata:speed>
        </extensions>
      </trkpt>
      <trkpt lat="46.6915661" lon="9.4655956">
        <ele>1141.7</ele>
        <time>2026-09-15T11:27:28Z</time>
        <extensions>
          <gpxdata:distance>4472.49</gpxdata:distance>
          <gpxdata:speed>0.927</gpxdata:speed>
        </extensions>
      </trkpt>
      <trkpt lat="46.6915921" lon="9.4656626">
        <ele>1140.6</ele>
        <time>2026-09-15T11:27:34Z</time>
        <extensions>
          <gpxdata:distance>4478.36</gpxdata:distance>
          <gpxdata:speed>0.928</gpxdata:speed>
        </extensions>
      </trkpt>
      <trkpt lat="46.6916441" lon="9.4657946">
        <ele>1138.6</ele>
        <time>2026-09-15T11:27:47Z</time>
        <extensions>
          <gpxdata:distance>4489.97</gpxdata:distance>
          <gpxdata:speed>0.934</gpxdata:speed>
        </extensions>
      </trkpt>
      <trkpt lat="46.6917031" lon="9.4660196">
        <ele>1135.5</ele>
        <time>2026-09-15T11:28:07Z</time>
        <extensions>
          <gpxdata:distance>4508.35</gpxdata:distance>
          <gpxdata:speed>0.937</gpxdata:speed>
        </extensions>
      </trkpt>
      <trkpt lat="46.6917282" lon="9.4661116">
        <ele>1134.2</ele>
        <time>2026-09-15T11:28:15Z</time>
        <extensions>
          <gpxdata:distance>4515.90</gpxdata:distance>
          <gpxdata:speed>0.935</gpxdata:speed>
        </extensions>
      </trkpt>
      <trkpt lat="46.6917352" lon="9.4662566">
        <ele>1132.0</ele>
        <time>2026-09-15T11:28:27Z</time>
        <extensions>
          <gpxdata:distance>4526.98</gpxdata:distance>
          <gpxdata:speed>0.917</gpxdata:speed>
        </extensions>
      </trkpt>
      <trkpt lat="46.6917522" lon="9.4663086">
        <ele>1131.4</ele>
        <time>2026-09-15T11:28:32Z</time>
        <extensions>
          <gpxdata:distance>4531.38</gpxdata:distance>
          <gpxdata:speed>0.913</gpxdata:speed>
        </extensions>
      </trkpt>
      <trkpt lat="46.6917782" lon="9.4663627">
        <ele>1130.8</ele>
        <time>2026-09-15T11:28:37Z</time>
        <extensions>
          <gpxdata:distance>4536.42</gpxdata:distance>
          <gpxdata:speed>0.916</gpxdata:speed>
        </extensions>
      </trkpt>
      <trkpt lat="46.6919192" lon="9.4665247">
        <ele>1127.4</ele>
        <time>2026-09-15T11:28:59Z</time>
        <extensions>
          <gpxdata:distance>4556.38</gpxdata:distance>
          <gpxdata:speed>0.915</gpxdata:speed>
        </extensions>
      </trkpt>
      <trkpt lat="46.6919892" lon="9.4666187">
        <ele>1125.8</ele>
        <time>2026-09-15T11:29:10Z</time>
        <extensions>
          <gpxdata:distance>4566.96</gpxdata:distance>
          <gpxdata:speed>0.915</gpxdata:speed>
        </extensions>
      </trkpt>
      <trkpt lat="46.6920592" lon="9.4667257">
        <ele>1123.7</ele>
        <time>2026-09-15T11:29:23Z</time>
        <extensions>
          <gpxdata:distance>4578.24</gpxdata:distance>
          <gpxdata:speed>0.914</gpxdata:speed>
        </extensions>
      </trkpt>
      <trkpt lat="46.6921112" lon="9.4668457">
        <ele>1122.2</ele>
        <time>2026-09-15T11:29:35Z</time>
        <extensions>
          <gpxdata:distance>4589.06</gpxdata:distance>
          <gpxdata:speed>0.919</gpxdata:speed>
        </extensions>
      </trkpt>
      <trkpt lat="46.6921372" lon="9.4669247">
        <ele>1121.1</ele>
        <time>2026-09-15T11:29:42Z</time>
        <extensions>
          <gpxdata:distance>4595.75</gpxdata:distance>
          <gpxdata:speed>0.920</gpxdata:speed>
        </extensions>
      </trkpt>
      <trkpt lat="46.6921532" lon="9.4670177">
        <ele>1120.1</ele>
        <time>2026-09-15T11:29:50Z</time>
        <extensions>
          <gpxdata:distance>4603.06</gpxdata:distance>
          <gpxdata:speed>0.924</gpxdata:speed>
        </extensions>
      </trkpt>
      <trkpt lat="46.6921602" lon="9.4671227">
        <ele>1118.7</ele>
        <time>2026-09-15T11:29:58Z</time>
        <extensions>
          <gpxdata:distance>4611.11</gpxdata:distance>
          <gpxdata:speed>0.929</gpxdata:speed>
        </extensions>
      </trkpt>
      <trkpt lat="46.6921582" lon="9.4672527">
        <ele>1117.3</ele>
        <time>2026-09-15T11:30:09Z</time>
        <extensions>
          <gpxdata:distance>4621.02</gpxdata:distance>
          <gpxdata:speed>0.930</gpxdata:speed>
        </extensions>
      </trkpt>
      <trkpt lat="46.6921462" lon="9.4674227">
        <ele>1114.9</ele>
        <time>2026-09-15T11:30:23Z</time>
        <extensions>
          <gpxdata:distance>4634.06</gpxdata:distance>
          <gpxdata:speed>0.923</gpxdata:speed>
        </extensions>
      </trkpt>
      <trkpt lat="46.6921452" lon="9.4674877">
        <ele>1114.2</ele>
        <time>2026-09-15T11:30:28Z</time>
        <extensions>
          <gpxdata:distance>4639.02</gpxdata:distance>
          <gpxdata:speed>0.927</gpxdata:speed>
        </extensions>
      </trkpt>
      <trkpt lat="46.6921512" lon="9.4676317">
        <ele>1112.5</ele>
        <time>2026-09-15T11:30:40Z</time>
        <extensions>
          <gpxdata:distance>4650.02</gpxdata:distance>
          <gpxdata:speed>0.926</gpxdata:speed>
        </extensions>
      </trkpt>
      <trkpt lat="46.6921542" lon="9.4679587">
        <ele>1108.1</ele>
        <time>2026-09-15T11:31:07Z</time>
        <extensions>
          <gpxdata:distance>4674.96</gpxdata:distance>
          <gpxdata:speed>0.925</gpxdata:speed>
        </extensions>
      </trkpt>
      <trkpt lat="46.6921622" lon="9.4680377">
        <ele>1107.2</ele>
        <time>2026-09-15T11:31:14Z</time>
        <extensions>
          <gpxdata:distance>4681.05</gpxdata:distance>
          <gpxdata:speed>0.922</gpxdata:speed>
        </extensions>
      </trkpt>
      <trkpt lat="46.6921702" lon="9.4680907">
        <ele>1106.7</ele>
        <time>2026-09-15T11:31:18Z</time>
        <extensions>
          <gpxdata:distance>4685.19</gpxdata:distance>
          <gpxdata:speed>0.925</gpxdata:speed>
        </extensions>
      </trkpt>
      <trkpt lat="46.6922212" lon="9.4682227">
        <ele>1105.2</ele>
        <time>2026-09-15T11:31:31Z</time>
        <extensions>
          <gpxdata:distance>4696.75</gpxdata:distance>
          <gpxdata:speed>0.928</gpxdata:speed>
        </extensions>
      </trkpt>
      <trkpt lat="46.6922822" lon="9.4683427">
        <ele>1102.9</ele>
        <time>2026-09-15T11:31:43Z</time>
        <extensions>
          <gpxdata:distance>4708.14</gpxdata:distance>
          <gpxdata:speed>0.923</gpxdata:speed>
        </extensions>
      </trkpt>
      <trkpt lat="46.6923162" lon="9.4684487">
        <ele>1101.4</ele>
        <time>2026-09-15T11:31:53Z</time>
        <extensions>
          <gpxdata:distance>4717.06</gpxdata:distance>
          <gpxdata:speed>0.919</gpxdata:speed>
        </extensions>
      </trkpt>
      <trkpt lat="46.6923422" lon="9.4685547">
        <ele>1100.2</ele>
        <time>2026-09-15T11:32:02Z</time>
        <extensions>
          <gpxdata:distance>4725.65</gpxdata:distance>
          <gpxdata:speed>0.926</gpxdata:speed>
        </extensions>
      </trkpt>
      <trkpt lat="46.6923492" lon="9.4686197">
        <ele>1099.2</ele>
        <time>2026-09-15T11:32:08Z</time>
        <extensions>
          <gpxdata:distance>4730.67</gpxdata:distance>
          <gpxdata:speed>0.921</gpxdata:speed>
        </extensions>
      </trkpt>
      <trkpt lat="46.6923662" lon="9.4687127">
        <ele>1098.0</ele>
        <time>2026-09-15T11:32:16Z</time>
        <extensions>
          <gpxdata:distance>4738.01</gpxdata:distance>
          <gpxdata:speed>0.920</gpxdata:speed>
        </extensions>
      </trkpt>
      <trkpt lat="46.6923642" lon="9.4687907">
        <ele>1096.9</ele>
        <time>2026-09-15T11:32:22Z</time>
        <extensions>
          <gpxdata:distance>4743.96</gpxdata:distance>
          <gpxdata:speed>0.923</gpxdata:speed>
        </extensions>
      </trkpt>
      <trkpt lat="46.6923632" lon="9.4688427">
        <ele>1096.1</ele>
        <time>2026-09-15T11:32:26Z</time>
        <extensions>
          <gpxdata:distance>4747.93</gpxdata:distance>
          <gpxdata:speed>0.918</gpxdata:speed>
        </extensions>
      </trkpt>
      <trkpt lat="46.6923622" lon="9.4689087">
        <ele>1095.2</ele>
        <time>2026-09-15T11:32:32Z</time>
        <extensions>
          <gpxdata:distance>4752.97</gpxdata:distance>
          <gpxdata:speed>0.913</gpxdata:speed>
        </extensions>
      </trkpt>
      <trkpt lat="46.6923872" lon="9.4690267">
        <ele>1093.6</ele>
        <time>2026-09-15T11:32:42Z</time>
        <extensions>
          <gpxdata:distance>4762.39</gpxdata:distance>
          <gpxdata:speed>0.904</gpxdata:speed>
        </extensions>
      </trkpt>
      <trkpt lat="46.6923952" lon="9.4691057">
        <ele>1092.5</ele>
        <time>2026-09-15T11:32:49Z</time>
        <extensions>
          <gpxdata:distance>4768.48</gpxdata:distance>
          <gpxdata:speed>0.910</gpxdata:speed>
        </extensions>
      </trkpt>
      <trkpt lat="46.6923932" lon="9.4691837">
        <ele>1091.3</ele>
        <time>2026-09-15T11:32:56Z</time>
        <extensions>
          <gpxdata:distance>4774.43</gpxdata:distance>
          <gpxdata:speed>0.904</gpxdata:speed>
        </extensions>
      </trkpt>
      <trkpt lat="46.6923832" lon="9.4692487">
        <ele>1090.4</ele>
        <time>2026-09-15T11:33:01Z</time>
        <extensions>
          <gpxdata:distance>4779.51</gpxdata:distance>
          <gpxdata:speed>0.896</gpxdata:speed>
        </extensions>
      </trkpt>
      <trkpt lat="46.6923642" lon="9.4693267">
        <ele>1089.3</ele>
        <time>2026-09-15T11:33:08Z</time>
        <extensions>
          <gpxdata:distance>4785.82</gpxdata:distance>
          <gpxdata:speed>0.900</gpxdata:speed>
        </extensions>
      </trkpt>
      <trkpt lat="46.6923162" lon="9.4694817">
        <ele>1087.2</ele>
        <time>2026-09-15T11:33:23Z</time>
        <extensions>
          <gpxdata:distance>4798.79</gpxdata:distance>
          <gpxdata:speed>0.902</gpxdata:speed>
        </extensions>
      </trkpt>
      <trkpt lat="46.6923062" lon="9.4695337">
        <ele>1086.4</ele>
        <time>2026-09-15T11:33:27Z</time>
        <extensions>
          <gpxdata:distance>4802.91</gpxdata:distance>
          <gpxdata:speed>0.902</gpxdata:speed>
        </extensions>
      </trkpt>
      <trkpt lat="46.6922962" lon="9.4696117">
        <ele>1085.4</ele>
        <time>2026-09-15T11:33:34Z</time>
        <extensions>
          <gpxdata:distance>4808.96</gpxdata:distance>
          <gpxdata:speed>0.906</gpxdata:speed>
        </extensions>
      </trkpt>
      <trkpt lat="46.6922852" lon="9.4697037">
        <ele>1084.3</ele>
        <time>2026-09-15T11:33:42Z</time>
        <extensions>
          <gpxdata:distance>4816.09</gpxdata:distance>
          <gpxdata:speed>0.909</gpxdata:speed>
        </extensions>
      </trkpt>
      <trkpt lat="46.6922832" lon="9.4697947">
        <ele>1083.2</ele>
        <time>2026-09-15T11:33:49Z</time>
        <extensions>
          <gpxdata:distance>4823.03</gpxdata:distance>
          <gpxdata:speed>0.911</gpxdata:speed>
        </extensions>
      </trkpt>
      <trkpt lat="46.6922912" lon="9.4698607">
        <ele>1082.2</ele>
        <time>2026-09-15T11:33:55Z</time>
        <extensions>
          <gpxdata:distance>4828.14</gpxdata:distance>
          <gpxdata:speed>0.909</gpxdata:speed>
        </extensions>
      </trkpt>
      <trkpt lat="46.6923092" lon="9.4699007">
        <ele>1081.7</ele>
        <time>2026-09-15T11:33:59Z</time>
        <extensions>
          <gpxdata:distance>4831.79</gpxdata:distance>
          <gpxdata:speed>0.916</gpxdata:speed>
        </extensions>
      </trkpt>
      <trkpt lat="46.6923262" lon="9.4699397">
        <ele>1081.3</ele>
        <time>2026-09-15T11:34:03Z</time>
        <extensions>
          <gpxdata:distance>4835.32</gpxdata:distance>
          <gpxdata:speed>0.922</gpxdata:speed>
        </extensions>
      </trkpt>
      <trkpt lat="46.6924222" lon="9.4700747">
        <ele>1078.9</ele>
        <time>2026-09-15T11:34:19Z</time>
        <extensions>
          <gpxdata:distance>4850.15</gpxdata:distance>
          <gpxdata:speed>0.924</gpxdata:speed>
        </extensions>
      </trkpt>
      <trkpt lat="46.6924582" lon="9.4701147">
        <ele>1078.0</ele>
        <time>2026-09-15T11:34:24Z</time>
        <extensions>
          <gpxdata:distance>4855.18</gpxdata:distance>
          <gpxdata:speed>0.922</gpxdata:speed>
        </extensions>
      </trkpt>
      <trkpt lat="46.6924922" lon="9.4702077">
        <ele>1076.6</ele>
        <time>2026-09-15T11:34:33Z</time>
        <extensions>
          <gpxdata:distance>4863.22</gpxdata:distance>
          <gpxdata:speed>0.923</gpxdata:speed>
        </extensions>
      </trkpt>
      <trkpt lat="46.6925782" lon="9.4704467">
        <ele>1073.1</ele>
        <time>2026-09-15T11:34:55Z</time>
        <extensions>
          <gpxdata:distance>4883.80</gpxdata:distance>
          <gpxdata:speed>0.920</gpxdata:speed>
        </extensions>
      </trkpt>
      <trkpt lat="46.6926122" lon="9.4705527">
        <ele>1071.5</ele>
        <time>2026-09-15T11:35:05Z</time>
        <extensions>
          <gpxdata:distance>4892.73</gpxdata:distance>
          <gpxdata:speed>0.917</gpxdata:speed>
        </extensions>
      </trkpt>
      <trkpt lat="46.6926282" lon="9.4706447">
        <ele>1070.4</ele>
        <time>2026-09-15T11:35:13Z</time>
        <extensions>
          <gpxdata:distance>4899.97</gpxdata:distance>
          <gpxdata:speed>0.918</gpxdata:speed>
        </extensions>
      </trkpt>
      <trkpt lat="46.6926362" lon="9.4707367">
        <ele>1069.3</ele>
        <time>2026-09-15T11:35:21Z</time>
        <extensions>
          <gpxdata:distance>4907.04</gpxdata:distance>
          <gpxdata:speed>0.922</gpxdata:speed>
        </extensions>
      </trkpt>
      <trkpt lat="46.6926432" lon="9.4708157">
        <ele>1068.4</ele>
        <time>2026-09-15T11:35:27Z</time>
        <extensions>
          <gpxdata:distance>4913.12</gpxdata:distance>
          <gpxdata:speed>0.922</gpxdata:speed>
        </extensions>
      </trkpt>
      <trkpt lat="46.6926602" lon="9.4708817">
        <ele>1067.6</ele>
        <time>2026-09-15T11:35:33Z</time>
        <extensions>
          <gpxdata:distance>4918.49</gpxdata:distance>
          <gpxdata:speed>0.920</gpxdata:speed>
        </extensions>
      </trkpt>
      <trkpt lat="46.6926862" lon="9.4709477">
        <ele>1066.7</ele>
        <time>2026-09-15T11:35:39Z</time>
        <extensions>
          <gpxdata:distance>4924.30</gpxdata:distance>
          <gpxdata:speed>0.920</gpxdata:speed>
        </extensions>
      </trkpt>
      <trkpt lat="46.6927032" lon="9.4709877">
        <ele>1066.2</ele>
        <time>2026-09-15T11:35:43Z</time>
        <extensions>
          <gpxdata:distance>4927.89</gpxdata:distance>
          <gpxdata:speed>0.923</gpxdata:speed>
        </extensions>
      </trkpt>
      <trkpt lat="46.6927202" lon="9.4710277">
        <ele>1065.6</ele>
        <time>2026-09-15T11:35:47Z</time>
        <extensions>
          <gpxdata:distance>4931.48</gpxdata:distance>
          <gpxdata:speed>0.925</gpxdata:speed>
        </extensions>
      </trkpt>
      <trkpt lat="46.6927282" lon="9.4710797">
        <ele>1065.1</ele>
        <time>2026-09-15T11:35:52Z</time>
        <extensions>
          <gpxdata:distance>4935.54</gpxdata:distance>
          <gpxdata:speed>0.934</gpxdata:speed>
        </extensions>
      </trkpt>
      <trkpt lat="46.6927192" lon="9.4711187">
        <ele>1064.6</ele>
        <time>2026-09-15T11:35:55Z</time>
        <extensions>
          <gpxdata:distance>4938.68</gpxdata:distance>
          <gpxdata:speed>0.940</gpxdata:speed>
        </extensions>
      </trkpt>
      <trkpt lat="46.6926793" lon="9.4713137">
        <ele>1062.9</ele>
        <time>2026-09-15T11:36:12Z</time>
        <extensions>
          <gpxdata:distance>4954.20</gpxdata:distance>
          <gpxdata:speed>0.929</gpxdata:speed>
        </extensions>
      </trkpt>
      <trkpt lat="46.6926693" lon="9.4713657">
        <ele>1062.4</ele>
        <time>2026-09-15T11:36:16Z</time>
        <extensions>
          <gpxdata:distance>4958.32</gpxdata:distance>
          <gpxdata:speed>0.926</gpxdata:speed>
        </extensions>
      </trkpt>
      <trkpt lat="46.6926773" lon="9.4714177">
        <ele>1061.9</ele>
        <time>2026-09-15T11:36:20Z</time>
        <extensions>
          <gpxdata:distance>4962.38</gpxdata:distance>
          <gpxdata:speed>0.924</gpxdata:speed>
        </extensions>
      </trkpt>
      <trkpt lat="46.6926863" lon="9.4714707">
        <ele>1061.3</ele>
        <time>2026-09-15T11:36:25Z</time>
        <extensions>
          <gpxdata:distance>4966.55</gpxdata:distance>
          <gpxdata:speed>0.923</gpxdata:speed>
        </extensions>
      </trkpt>
      <trkpt lat="46.6927123" lon="9.4714977">
        <ele>1060.6</ele>
        <time>2026-09-15T11:36:29Z</time>
        <extensions>
          <gpxdata:distance>4970.10</gpxdata:distance>
          <gpxdata:speed>0.925</gpxdata:speed>
        </extensions>
      </trkpt>
      <trkpt lat="46.6927123" lon="9.4714977">
        <ele>1060.6</ele>
        <time>2026-09-15T11:36:29Z</time>
        <extensions>
          <gpxdata:distance>4970.10</gpxdata:distance>
          <gpxdata:speed>0.000</gpxdata:speed>
        </extensions>
      </trkpt>
      <trkpt lat="46.6927483" lon="9.4714857">
        <ele>1060.0</ele>
        <time>2026-09-15T11:36:33Z</time>
        <extensions>
          <gpxdata:distance>4974.20</gpxdata:distance>
          <gpxdata:speed>0.923</gpxdata:speed>
        </extensions>
      </trkpt>
      <trkpt lat="46.6927673" lon="9.4714477">
        <ele>1059.2</ele>
        <time>2026-09-15T11:36:37Z</time>
        <extensions>
          <gpxdata:distance>4977.79</gpxdata:distance>
          <gpxdata:speed>0.931</gpxdata:speed>
        </extensions>
      </trkpt>
      <trkpt lat="46.6928972" lon="9.4712167">
        <ele>1055.9</ele>
        <time>2026-09-15T11:37:02Z</time>
        <extensions>
          <gpxdata:distance>5000.57</gpxdata:distance>
          <gpxdata:speed>0.931</gpxdata:speed>
        </extensions>
      </trkpt>
      <trkpt lat="46.6929442" lon="9.4711277">
        <ele>1054.6</ele>
        <time>2026-09-15T11:37:11Z</time>
        <extensions>
          <gpxdata:distance>5009.14</gpxdata:distance>
          <gpxdata:speed>0.939</gpxdata:speed>
        </extensions>
      </trkpt>
      <trkpt lat="46.6929632" lon="9.4710757">
        <ele>1053.8</ele>
        <time>2026-09-15T11:37:16Z</time>
        <extensions>
          <gpxdata:distance>5013.63</gpxdata:distance>
          <gpxdata:speed>0.933</gpxdata:speed>
        </extensions>
      </trkpt>
      <trkpt lat="46.6930112" lon="9.4708687">
        <ele>1051.3</ele>
        <time>2026-09-15T11:37:33Z</time>
        <extensions>
          <gpxdata:distance>5030.30</gpxdata:distance>
          <gpxdata:speed>0.932</gpxdata:speed>
        </extensions>
      </trkpt>
      <trkpt lat="46.6930392" lon="9.4708037">
        <ele>1050.6</ele>
        <time>2026-09-15T11:37:40Z</time>
        <extensions>
          <gpxdata:distance>5036.15</gpxdata:distance>
          <gpxdata:speed>0.935</gpxdata:speed>
        </extensions>
      </trkpt>
      <trkpt lat="46.6930582" lon="9.4707397">
        <ele>1050.0</ele>
        <time>2026-09-15T11:37:45Z</time>
        <extensions>
          <gpxdata:distance>5041.47</gpxdata:distance>
          <gpxdata:speed>0.939</gpxdata:speed>
        </extensions>
      </trkpt>
      <trkpt lat="46.6930682" lon="9.4707007">
        <ele>1049.4</ele>
        <time>2026-09-15T11:37:49Z</time>
        <extensions>
          <gpxdata:distance>5044.65</gpxdata:distance>
          <gpxdata:speed>0.940</gpxdata:speed>
        </extensions>
      </trkpt>
      <trkpt lat="46.6930692" lon="9.4706477">
        <ele>1048.8</ele>
        <time>2026-09-15T11:37:53Z</time>
        <extensions>
          <gpxdata:distance>5048.69</gpxdata:distance>
          <gpxdata:speed>0.940</gpxdata:speed>
        </extensions>
      </trkpt>
      <trkpt lat="46.6930442" lon="9.4705557">
        <ele>1047.8</ele>
        <time>2026-09-15T11:38:01Z</time>
        <extensions>
          <gpxdata:distance>5056.24</gpxdata:distance>
          <gpxdata:speed>0.936</gpxdata:speed>
        </extensions>
      </trkpt>
      <trkpt lat="46.6930362" lon="9.4705027">
        <ele>1047.2</ele>
        <time>2026-09-15T11:38:05Z</time>
        <extensions>
          <gpxdata:distance>5060.38</gpxdata:distance>
          <gpxdata:speed>0.936</gpxdata:speed>
        </extensions>
      </trkpt>
      <trkpt lat="46.6930372" lon="9.4704507">
        <ele>1046.6</ele>
        <time>2026-09-15T11:38:10Z</time>
        <extensions>
          <gpxdata:distance>5064.34</gpxdata:distance>
          <gpxdata:speed>0.935</gpxdata:speed>
        </extensions>
      </trkpt>
      <trkpt lat="46.6930382" lon="9.4703987">
        <ele>1046.1</ele>
        <time>2026-09-15T11:38:14Z</time>
        <extensions>
          <gpxdata:distance>5068.31</gpxdata:distance>
          <gpxdata:speed>0.932</gpxdata:speed>
        </extensions>
      </trkpt>
      <trkpt lat="46.6930472" lon="9.4703597">
        <ele>1045.5</ele>
        <time>2026-09-15T11:38:17Z</time>
        <extensions>
          <gpxdata:distance>5071.45</gpxdata:distance>
          <gpxdata:speed>0.932</gpxdata:speed>
        </extensions>
      </trkpt>
      <trkpt lat="46.6930662" lon="9.4703077">
        <ele>1044.9</ele>
        <time>2026-09-15T11:38:22Z</time>
        <extensions>
          <gpxdata:distance>5075.94</gpxdata:distance>
          <gpxdata:speed>0.934</gpxdata:speed>
        </extensions>
      </trkpt>
      <trkpt lat="46.6930852" lon="9.4702567">
        <ele>1044.2</ele>
        <time>2026-09-15T11:38:27Z</time>
        <extensions>
          <gpxdata:distance>5080.37</gpxdata:distance>
          <gpxdata:speed>0.939</gpxdata:speed>
        </extensions>
      </trkpt>
      <trkpt lat="46.6931222" lon="9.4702057">
        <ele>1043.4</ele>
        <time>2026-09-15T11:38:33Z</time>
        <extensions>
          <gpxdata:distance>5086.03</gpxdata:distance>
          <gpxdata:speed>0.935</gpxdata:speed>
        </extensions>
      </trkpt>
      <trkpt lat="46.6931682" lon="9.4701547">
        <ele>1042.3</ele>
        <time>2026-09-15T11:38:40Z</time>
        <extensions>
          <gpxdata:distance>5092.46</gpxdata:distance>
          <gpxdata:speed>0.939</gpxdata:speed>
        </extensions>
      </trkpt>
      <trkpt lat="46.6932142" lon="9.4701047">
        <ele>1041.4</ele>
        <time>2026-09-15T11:38:47Z</time>
        <extensions>
          <gpxdata:distance>5098.84</gpxdata:distance>
          <gpxdata:speed>0.940</gpxdata:speed>
        </extensions>
      </trkpt>
      <trkpt lat="46.6932422" lon="9.4700397">
        <ele>1040.6</ele>
        <time>2026-09-15T11:38:53Z</time>
        <extensions>
          <gpxdata:distance>5104.69</gpxdata:distance>
          <gpxdata:speed>0.939</gpxdata:speed>
        </extensions>
      </trkpt>
      <trkpt lat="46.6932702" lon="9.4699757">
        <ele>1039.9</ele>
        <time>2026-09-15T11:38:59Z</time>
        <extensions>
          <gpxdata:distance>5110.48</gpxdata:distance>
          <gpxdata:speed>0.936</gpxdata:speed>
        </extensions>
      </trkpt>
      <trkpt lat="46.6932902" lon="9.4698847">
        <ele>1039.2</ele>
        <time>2026-09-15T11:39:07Z</time>
        <extensions>
          <gpxdata:distance>5117.77</gpxdata:distance>
          <gpxdata:speed>0.930</gpxdata:speed>
        </extensions>
      </trkpt>
      <trkpt lat="46.6933012" lon="9.4697807">
        <ele>1038.5</ele>
        <time>2026-09-15T11:39:16Z</time>
        <extensions>
          <gpxdata:distance>5125.80</gpxdata:distance>
          <gpxdata:speed>0.921</gpxdata:speed>
        </extensions>
      </trkpt>
      <trkpt lat="46.6933212" lon="9.4696247">
        <ele>1037.6</ele>
        <time>2026-09-15T11:39:29Z</time>
        <extensions>
          <gpxdata:distance>5137.90</gpxdata:distance>
          <gpxdata:speed>0.911</gpxdata:speed>
        </extensions>
      </trkpt>
      <trkpt lat="46.6933462" lon="9.4692597">
        <ele>1035.6</ele>
        <time>2026-09-15T11:40:00Z</time>
        <extensions>
          <gpxdata:distance>5165.88</gpxdata:distance>
          <gpxdata:speed>0.895</gpxdata:speed>
        </extensions>
      </trkpt>
      <trkpt lat="46.6933462" lon="9.4692597">
        <ele>1035.6</ele>
        <time>2026-09-15T11:40:00Z</time>
        <extensions>
          <gpxdata:distance>5165.88</gpxdata:distance>
          <gpxdata:speed>0.000</gpxdata:speed>
        </extensions>
      </trkpt>
      <trkpt lat="46.6933482" lon="9.4691417">
        <ele>1034.8</ele>
        <time>2026-09-15T11:40:10Z</time>
        <extensions>
          <gpxdata:distance>5174.88</gpxdata:distance>
          <gpxdata:speed>0.904</gpxdata:speed>
        </extensions>
      </trkpt>
      <trkpt lat="46.6933702" lon="9.4689197">
        <ele>1033.5</ele>
        <time>2026-09-15T11:40:29Z</time>
        <extensions>
          <gpxdata:distance>5191.99</gpxdata:distance>
          <gpxdata:speed>0.911</gpxdata:speed>
        </extensions>
      </trkpt>
      <trkpt lat="46.6933902" lon="9.4688027">
        <ele>1032.8</ele>
        <time>2026-09-15T11:40:39Z</time>
        <extensions>
          <gpxdata:distance>5201.18</gpxdata:distance>
          <gpxdata:speed>0.915</gpxdata:speed>
        </extensions>
      </trkpt>
      <trkpt lat="46.6934002" lon="9.4687377">
        <ele>1032.4</ele>
        <time>2026-09-15T11:40:44Z</time>
        <extensions>
          <gpxdata:distance>5206.26</gpxdata:distance>
          <gpxdata:speed>0.918</gpxdata:speed>
        </extensions>
      </trkpt>
      <trkpt lat="46.6934002" lon="9.4687377">
        <ele>1032.4</ele>
        <time>2026-09-15T11:40:44Z</time>
        <extensions>
          <gpxdata:distance>5206.26</gpxdata:distance>
          <gpxdata:speed>0.000</gpxdata:speed>
        </extensions>
      </trkpt>
      <trkpt lat="46.6934412" lon="9.4684647">
        <ele>1031.0</ele>
        <time>2026-09-15T11:41:08Z</time>
        <extensions>
          <gpxdata:distance>5227.58</gpxdata:distance>
          <gpxdata:speed>0.923</gpxdata:speed>
        </extensions>
      </trkpt>
      <trkpt lat="46.6934412" lon="9.4684647">
        <ele>1031.0</ele>
        <time>2026-09-15T11:41:08Z</time>
        <extensions>
          <gpxdata:distance>5227.58</gpxdata:distance>
          <gpxdata:speed>0.000</gpxdata:speed>
        </extensions>
      </trkpt>
      <trkpt lat="46.6934142" lon="9.4684507">
        <ele>1031.3</ele>
        <time>2026-09-15T11:41:11Z</time>
        <extensions>
          <gpxdata:distance>5230.76</gpxdata:distance>
          <gpxdata:speed>0.931</gpxdata:speed>
        </extensions>
      </trkpt>
      <trkpt lat="46.6933962" lon="9.4684377">
        <ele>1031.5</ele>
        <time>2026-09-15T11:41:13Z</time>
        <extensions>
          <gpxdata:distance>5233.00</gpxdata:distance>
          <gpxdata:speed>0.936</gpxdata:speed>
        </extensions>
      </trkpt>
      <trkpt lat="46.6933882" lon="9.4684107">
        <ele>1031.8</ele>
        <time>2026-09-15T11:41:16Z</time>
        <extensions>
          <gpxdata:distance>5235.24</gpxdata:distance>
          <gpxdata:speed>0.949</gpxdata:speed>
        </extensions>
      </trkpt>
      <trkpt lat="46.6933712" lon="9.4683317">
        <ele>1032.6</ele>
        <time>2026-09-15T11:41:22Z</time>
        <extensions>
          <gpxdata:distance>5241.56</gpxdata:distance>
          <gpxdata:speed>0.989</gpxdata:speed>
        </extensions>
      </trkpt>
      <trkpt lat="46.6933732" lon="9.4682407">
        <ele>1033.7</ele>
        <time>2026-09-15T11:41:29Z</time>
        <extensions>
          <gpxdata:distance>5248.50</gpxdata:distance>
          <gpxdata:speed>0.964</gpxdata:speed>
        </extensions>
      </trkpt>
      <trkpt lat="46.6934022" lon="9.4681497">
        <ele>1034.6</ele>
        <time>2026-09-15T11:41:38Z</time>
        <extensions>
          <gpxdata:distance>5256.15</gpxdata:distance>
          <gpxdata:speed>0.900</gpxdata:speed>
        </extensions>
      </trkpt>
      <trkpt lat="46.6934292" lon="9.4680987">
        <ele>1035.2</ele>
        <time>2026-09-15T11:41:43Z</time>
        <extensions>
          <gpxdata:distance>5261.07</gpxdata:distance>
          <gpxdata:speed>0.883</gpxdata:speed>
        </extensions>
      </trkpt>
      <trkpt lat="46.6935041" lon="9.4679837">
        <ele>1036.6</ele>
        <time>2026-09-15T11:42:01Z</time>
        <extensions>
          <gpxdata:distance>5273.16</gpxdata:distance>
          <gpxdata:speed>0.697</gpxdata:speed>
        </extensions>
      </trkpt>
      <trkpt lat="46.6935491" lon="9.4679327">
        <ele>1037.6</ele>
        <time>2026-09-15T11:42:10Z</time>
        <extensions>
          <gpxdata:distance>5279.50</gpxdata:distance>
          <gpxdata:speed>0.687</gpxdata:speed>
        </extensions>
      </trkpt>
      <trkpt lat="46.6935961" lon="9.4678427">
        <ele>1038.7</ele>
        <time>2026-09-15T11:42:23Z</time>
        <extensions>
          <gpxdata:distance>5288.13</gpxdata:distance>
          <gpxdata:speed>0.682</gpxdata:speed>
        </extensions>
      </trkpt>
      <trkpt lat="46.6936421" lon="9.4677667">
        <ele>1039.7</ele>
        <time>2026-09-15T11:42:34Z</time>
        <extensions>
          <gpxdata:distance>5295.86</gpxdata:distance>
          <gpxdata:speed>0.679</gpxdata:speed>
        </extensions>
      </trkpt>
      <trkpt lat="46.6936891" lon="9.4676637">
        <ele>1040.8</ele>
        <time>2026-09-15T11:42:48Z</time>
        <extensions>
          <gpxdata:distance>5305.29</gpxdata:distance>
          <gpxdata:speed>0.683</gpxdata:speed>
        </extensions>
      </trkpt>
      <trkpt lat="46.6937361" lon="9.4675607">
        <ele>1041.8</ele>
        <time>2026-09-15T11:43:01Z</time>
        <extensions>
          <gpxdata:distance>5314.73</gpxdata:distance>
          <gpxdata:speed>0.690</gpxdata:speed>
        </extensions>
      </trkpt>
      <trkpt lat="46.6937561" lon="9.4674567">
        <ele>1042.7</ele>
        <time>2026-09-15T11:43:13Z</time>
        <extensions>
          <gpxdata:distance>5322.97</gpxdata:distance>
          <gpxdata:speed>0.702</gpxdata:speed>
        </extensions>
      </trkpt>
      <trkpt lat="46.6937751" lon="9.4673657">
        <ele>1043.7</ele>
        <time>2026-09-15T11:43:24Z</time>
        <extensions>
          <gpxdata:distance>5330.22</gpxdata:distance>
          <gpxdata:speed>0.697</gpxdata:speed>
        </extensions>
      </trkpt>
      <trkpt lat="46.6937871" lon="9.4672357">
        <ele>1044.9</ele>
        <time>2026-09-15T11:43:38Z</time>
        <extensions>
          <gpxdata:distance>5340.22</gpxdata:distance>
          <gpxdata:speed>0.698</gpxdata:speed>
        </extensions>
      </trkpt>
      <trkpt lat="46.6938071" lon="9.4671057">
        <ele>1046.1</ele>
        <time>2026-09-15T11:43:52Z</time>
        <extensions>
          <gpxdata:distance>5350.39</gpxdata:distance>
          <gpxdata:speed>0.697</gpxdata:speed>
        </extensions>
      </trkpt>
      <trkpt lat="46.6938461" lon="9.4669507">
        <ele>1047.6</ele>
        <time>2026-09-15T11:44:10Z</time>
        <extensions>
          <gpxdata:distance>5362.98</gpxdata:distance>
          <gpxdata:speed>0.705</gpxdata:speed>
        </extensions>
      </trkpt>
      <trkpt lat="46.6938651" lon="9.4668597">
        <ele>1048.6</ele>
        <time>2026-09-15T11:44:21Z</time>
        <extensions>
          <gpxdata:distance>5370.23</gpxdata:distance>
          <gpxdata:speed>0.703</gpxdata:speed>
        </extensions>
      </trkpt>
      <trkpt lat="46.6938761" lon="9.4667947">
        <ele>1049.4</ele>
        <time>2026-09-15T11:44:28Z</time>
        <extensions>
          <gpxdata:distance>5375.34</gpxdata:distance>
          <gpxdata:speed>0.699</gpxdata:speed>
        </extensions>
      </trkpt>
      <trkpt lat="46.6938771" lon="9.4667417">
        <ele>1050.1</ele>
        <time>2026-09-15T11:44:34Z</time>
        <extensions>
          <gpxdata:distance>5379.38</gpxdata:distance>
          <gpxdata:speed>0.691</gpxdata:speed>
        </extensions>
      </trkpt>
      <trkpt lat="46.6938691" lon="9.4666897">
        <ele>1050.9</ele>
        <time>2026-09-15T11:44:40Z</time>
        <extensions>
          <gpxdata:distance>5383.45</gpxdata:distance>
          <gpxdata:speed>0.674</gpxdata:speed>
        </extensions>
      </trkpt>
      <trkpt lat="46.6938511" lon="9.4666367">
        <ele>1051.7</ele>
        <time>2026-09-15T11:44:47Z</time>
        <extensions>
          <gpxdata:distance>5387.96</gpxdata:distance>
          <gpxdata:speed>0.659</gpxdata:speed>
        </extensions>
      </trkpt>
      <trkpt lat="46.6938251" lon="9.4666227">
        <ele>1052.2</ele>
        <time>2026-09-15T11:44:51Z</time>
        <extensions>
          <gpxdata:distance>5391.04</gpxdata:distance>
          <gpxdata:speed>0.656</gpxdata:speed>
        </extensions>
      </trkpt>
      <trkpt lat="46.6937981" lon="9.4666217">
        <ele>1052.5</ele>
        <time>2026-09-15T11:44:56Z</time>
        <extensions>
          <gpxdata:distance>5394.04</gpxdata:distance>
          <gpxdata:speed>0.652</gpxdata:speed>
        </extensions>
      </trkpt>
      <trkpt lat="46.6937711" lon="9.4666337">
        <ele>1052.8</ele>
        <time>2026-09-15T11:45:01Z</time>
        <extensions>
          <gpxdata:distance>5397.18</gpxdata:distance>
          <gpxdata:speed>0.647</gpxdata:speed>
        </extensions>
      </trkpt>
      <trkpt lat="46.6937341" lon="9.4666587">
        <ele>1053.1</ele>
        <time>2026-09-15T11:45:08Z</time>
        <extensions>
          <gpxdata:distance>5401.72</gpxdata:distance>
          <gpxdata:speed>0.650</gpxdata:speed>
        </extensions>
      </trkpt>
      <trkpt lat="46.6936791" lon="9.4667217">
        <ele>1053.7</ele>
        <time>2026-09-15T11:45:19Z</time>
        <extensions>
          <gpxdata:distance>5409.49</gpxdata:distance>
          <gpxdata:speed>0.680</gpxdata:speed>
        </extensions>
      </trkpt>
      <trkpt lat="46.6935871" lon="9.4668227">
        <ele>1054.9</ele>
        <time>2026-09-15T11:45:37Z</time>
        <extensions>
          <gpxdata:distance>5422.30</gpxdata:distance>
          <gpxdata:speed>0.712</gpxdata:speed>
        </extensions>
      </trkpt>
      <trkpt lat="46.6935601" lon="9.4668477">
        <ele>1055.3</ele>
        <time>2026-09-15T11:45:42Z</time>
        <extensions>
          <gpxdata:distance>5425.86</gpxdata:distance>
          <gpxdata:speed>0.724</gpxdata:speed>
        </extensions>
      </trkpt>
      <trkpt lat="46.6935421" lon="9.4668607">
        <ele>1055.6</ele>
        <time>2026-09-15T11:45:45Z</time>
        <extensions>
          <gpxdata:distance>5428.09</gpxdata:distance>
          <gpxdata:speed>0.741</gpxdata:speed>
        </extensions>
      </trkpt>
      <trkpt lat="46.6935151" lon="9.4668597">
        <ele>1055.8</ele>
        <time>2026-09-15T11:45:49Z</time>
        <extensions>
          <gpxdata:distance>5431.09</gpxdata:distance>
          <gpxdata:speed>0.767</gpxdata:speed>
        </extensions>
      </trkpt>
      <trkpt lat="46.6934881" lon="9.4668457">
        <ele>1056.2</ele>
        <time>2026-09-15T11:45:53Z</time>
        <extensions>
          <gpxdata:distance>5434.28</gpxdata:distance>
          <gpxdata:speed>0.774</gpxdata:speed>
        </extensions>
      </trkpt>
      <trkpt lat="46.6934701" lon="9.4668317">
        <ele>1056.5</ele>
        <time>2026-09-15T11:45:56Z</time>
        <extensions>
          <gpxdata:distance>5436.55</gpxdata:distance>
          <gpxdata:speed>0.769</gpxdata:speed>
        </extensions>
      </trkpt>
      <trkpt lat="46.6934621" lon="9.4667917">
        <ele>1056.9</ele>
        <time>2026-09-15T11:46:00Z</time>
        <extensions>
          <gpxdata:distance>5439.73</gpxdata:distance>
          <gpxdata:speed>0.763</gpxdata:speed>
        </extensions>
      </trkpt>
      <trkpt lat="46.6934621" lon="9.4667527">
        <ele>1057.1</ele>
        <time>2026-09-15T11:46:04Z</time>
        <extensions>
          <gpxdata:distance>5442.70</gpxdata:distance>
          <gpxdata:speed>0.760</gpxdata:speed>
        </extensions>
      </trkpt>
      <trkpt lat="46.6934811" lon="9.4667137">
        <ele>1057.3</ele>
        <time>2026-09-15T11:46:09Z</time>
        <extensions>
          <gpxdata:distance>5446.35</gpxdata:distance>
          <gpxdata:speed>0.760</gpxdata:speed>
        </extensions>
      </trkpt>
      <trkpt lat="46.6935001" lon="9.4666757">
        <ele>1057.6</ele>
        <time>2026-09-15T11:46:14Z</time>
        <extensions>
          <gpxdata:distance>5449.93</gpxdata:distance>
          <gpxdata:speed>0.760</gpxdata:speed>
        </extensions>
      </trkpt>
      <trkpt lat="46.6935551" lon="9.4666127">
        <ele>1058.1</ele>
        <time>2026-09-15T11:46:24Z</time>
        <extensions>
          <gpxdata:distance>5457.71</gpxdata:distance>
          <gpxdata:speed>0.786</gpxdata:speed>
        </extensions>
      </trkpt>
      <trkpt lat="46.6937011" lon="9.4664737">
        <ele>1059.1</ele>
        <time>2026-09-15T11:46:47Z</time>
        <extensions>
          <gpxdata:distance>5477.10</gpxdata:distance>
          <gpxdata:speed>0.829</gpxdata:speed>
        </extensions>
      </trkpt>
      <trkpt lat="46.6938111" lon="9.4663737">
        <ele>1060.2</ele>
        <time>2026-09-15T11:47:05Z</time>
        <extensions>
          <gpxdata:distance>5491.52</gpxdata:distance>
          <gpxdata:speed>0.825</gpxdata:speed>
        </extensions>
      </trkpt>
      <trkpt lat="46.6938301" lon="9.4663477">
        <ele>1060.4</ele>
        <time>2026-09-15T11:47:08Z</time>
        <extensions>
          <gpxdata:distance>5494.41</gpxdata:distance>
          <gpxdata:speed>0.833</gpxdata:speed>
        </extensions>
      </trkpt>
      <trkpt lat="46.6938571" lon="9.4662967">
        <ele>1061.0</ele>
        <time>2026-09-15T11:47:14Z</time>
        <extensions>
          <gpxdata:distance>5499.33</gpxdata:distance>
          <gpxdata:speed>0.828</gpxdata:speed>
        </extensions>
      </trkpt>
      <trkpt lat="46.6938761" lon="9.4662447">
        <ele>1061.5</ele>
        <time>2026-09-15T11:47:19Z</time>
        <extensions>
          <gpxdata:distance>5503.82</gpxdata:distance>
          <gpxdata:speed>0.828</gpxdata:speed>
        </extensions>
      </trkpt>
      <trkpt lat="46.6939241" lon="9.4660767">
        <ele>1063.1</ele>
        <time>2026-09-15T11:47:37Z</time>
        <extensions>
          <gpxdata:distance>5517.70</gpxdata:distance>
          <gpxdata:speed>0.806</gpxdata:speed>
        </extensions>
      </trkpt>
      <trkpt lat="46.6939531" lon="9.4659607">
        <ele>1064.0</ele>
        <time>2026-09-15T11:47:48Z</time>
        <extensions>
          <gpxdata:distance>5527.12</gpxdata:distance>
          <gpxdata:speed>0.799</gpxdata:speed>
        </extensions>
      </trkpt>
      <trkpt lat="46.6939531" lon="9.4659607">
        <ele>1064.0</ele>
        <time>2026-09-15T11:47:48Z</time>
        <extensions>
          <gpxdata:distance>5527.12</gpxdata:distance>
          <gpxdata:speed>0.000</gpxdata:speed>
        </extensions>
      </trkpt>
      <trkpt lat="46.6940101" lon="9.4657927">
        <ele>1065.8</ele>
        <time>2026-09-15T11:48:07Z</time>
        <extensions>
          <gpxdata:distance>5541.41</gpxdata:distance>
          <gpxdata:speed>0.775</gpxdata:speed>
        </extensions>
      </trkpt>
      <trkpt lat="46.6940481" lon="9.4657027">
        <ele>1066.8</ele>
        <time>2026-09-15T11:48:18Z</time>
        <extensions>
          <gpxdata:distance>5549.47</gpxdata:distance>
          <gpxdata:speed>0.738</gpxdata:speed>
        </extensions>
      </trkpt>
      <trkpt lat="46.6940951" lon="9.4655997">
        <ele>1068.0</ele>
        <time>2026-09-15T11:48:31Z</time>
        <extensions>
          <gpxdata:distance>5558.91</gpxdata:distance>
          <gpxdata:speed>0.715</gpxdata:speed>
        </extensions>
      </trkpt>
      <trkpt lat="46.6941601" lon="9.4654848">
        <ele>1069.5</ele>
        <time>2026-09-15T11:48:47Z</time>
        <extensions>
          <gpxdata:distance>5570.27</gpxdata:distance>
          <gpxdata:speed>0.704</gpxdata:speed>
        </extensions>
      </trkpt>
      <trkpt lat="46.6942061" lon="9.4653948">
        <ele>1070.3</ele>
        <time>2026-09-15T11:48:59Z</time>
        <extensions>
          <gpxdata:distance>5578.83</gpxdata:distance>
          <gpxdata:speed>0.712</gpxdata:speed>
        </extensions>
      </trkpt>
      <trkpt lat="46.6942431" lon="9.4653438">
        <ele>1070.7</ele>
        <time>2026-09-15T11:49:07Z</time>
        <extensions>
          <gpxdata:distance>5584.49</gpxdata:distance>
          <gpxdata:speed>0.719</gpxdata:speed>
        </extensions>
      </trkpt>
      <trkpt lat="46.6943281" lon="9.4651378">
        <ele>1071.0</ele>
        <time>2026-09-15T11:49:31Z</time>
        <extensions>
          <gpxdata:distance>5602.82</gpxdata:distance>
          <gpxdata:speed>0.773</gpxdata:speed>
        </extensions>
      </trkpt>
      <trkpt lat="46.6943661" lon="9.4650478">
        <ele>1071.3</ele>
        <time>2026-09-15T11:49:41Z</time>
        <extensions>
          <gpxdata:distance>5610.88</gpxdata:distance>
          <gpxdata:speed>0.788</gpxdata:speed>
        </extensions>
      </trkpt>
      <trkpt lat="46.6944390" lon="9.4649458">
        <ele>1071.7</ele>
        <time>2026-09-15T11:49:55Z</time>
        <extensions>
          <gpxdata:distance>5622.12</gpxdata:distance>
          <gpxdata:speed>0.804</gpxdata:speed>
        </extensions>
      </trkpt>
      <trkpt lat="46.6945230" lon="9.4647918">
        <ele>1072.9</ele>
        <time>2026-09-15T11:50:13Z</time>
        <extensions>
          <gpxdata:distance>5637.13</gpxdata:distance>
          <gpxdata:speed>0.822</gpxdata:speed>
        </extensions>
      </trkpt>
      <trkpt lat="46.6945520" lon="9.4647148">
        <ele>1073.7</ele>
        <time>2026-09-15T11:50:21Z</time>
        <extensions>
          <gpxdata:distance>5643.83</gpxdata:distance>
          <gpxdata:speed>0.825</gpxdata:speed>
        </extensions>
      </trkpt>
      <trkpt lat="46.6945610" lon="9.4646628">
        <ele>1074.2</ele>
        <time>2026-09-15T11:50:26Z</time>
        <extensions>
          <gpxdata:distance>5647.92</gpxdata:distance>
          <gpxdata:speed>0.834</gpxdata:speed>
        </extensions>
      </trkpt>
      <trkpt lat="46.6945720" lon="9.4645978">
        <ele>1074.7</ele>
        <time>2026-09-15T11:50:32Z</time>
        <extensions>
          <gpxdata:distance>5653.02</gpxdata:distance>
          <gpxdata:speed>0.852</gpxdata:speed>
        </extensions>
      </trkpt>
      <trkpt lat="46.6945640" lon="9.4645188">
        <ele>1074.9</ele>
        <time>2026-09-15T11:50:39Z</time>
        <extensions>
          <gpxdata:distance>5659.11</gpxdata:distance>
          <gpxdata:speed>0.866</gpxdata:speed>
        </extensions>
      </trkpt>
      <trkpt lat="46.6945080" lon="9.4641507">
        <ele>1077.0</ele>
        <time>2026-09-15T11:51:13Z</time>
        <extensions>
          <gpxdata:distance>5687.87</gpxdata:distance>
          <gpxdata:speed>0.857</gpxdata:speed>
        </extensions>
      </trkpt>
      <trkpt lat="46.6944740" lon="9.4639917">
        <ele>1077.9</ele>
        <time>2026-09-15T11:51:28Z</time>
        <extensions>
          <gpxdata:distance>5700.57</gpxdata:distance>
          <gpxdata:speed>0.831</gpxdata:speed>
        </extensions>
      </trkpt>
      <trkpt lat="46.6944580" lon="9.4639127">
        <ele>1078.3</ele>
        <time>2026-09-15T11:51:36Z</time>
        <extensions>
          <gpxdata:distance>5706.85</gpxdata:distance>
          <gpxdata:speed>0.825</gpxdata:speed>
        </extensions>
      </trkpt>
      <trkpt lat="46.6944320" lon="9.4638337">
        <ele>1078.9</ele>
        <time>2026-09-15T11:51:44Z</time>
        <extensions>
          <gpxdata:distance>5713.54</gpxdata:distance>
          <gpxdata:speed>0.810</gpxdata:speed>
        </extensions>
      </trkpt>
      <trkpt lat="46.6944060" lon="9.4637807">
        <ele>1079.2</ele>
        <time>2026-09-15T11:51:50Z</time>
        <extensions>
          <gpxdata:distance>5718.51</gpxdata:distance>
          <gpxdata:speed>0.813</gpxdata:speed>
        </extensions>
      </trkpt>
      <trkpt lat="46.6943890" lon="9.4637537">
        <ele>1079.4</ele>
        <time>2026-09-15T11:51:53Z</time>
        <extensions>
          <gpxdata:distance>5721.30</gpxdata:distance>
          <gpxdata:speed>0.823</gpxdata:speed>
        </extensions>
      </trkpt>
      <trkpt lat="46.6943620" lon="9.4637397">
        <ele>1079.7</ele>
        <time>2026-09-15T11:51:57Z</time>
        <extensions>
          <gpxdata:distance>5724.49</gpxdata:distance>
          <gpxdata:speed>0.828</gpxdata:speed>
        </extensions>
      </trkpt>
      <trkpt lat="46.6943530" lon="9.4637387">
        <ele>1079.7</ele>
        <time>2026-09-15T11:51:58Z</time>
        <extensions>
          <gpxdata:distance>5725.49</gpxdata:distance>
          <gpxdata:speed>0.835</gpxdata:speed>
        </extensions>
      </trkpt>
      <trkpt lat="46.6943530" lon="9.4637387">
        <ele>1079.7</ele>
        <time>2026-09-15T11:51:58Z</time>
        <extensions>
          <gpxdata:distance>5725.49</gpxdata:distance>
          <gpxdata:speed>0.000</gpxdata:speed>
        </extensions>
      </trkpt>
      <trkpt lat="46.6943260" lon="9.4637377">
        <ele>1080.0</ele>
        <time>2026-09-15T11:52:02Z</time>
        <extensions>
          <gpxdata:distance>5728.49</gpxdata:distance>
          <gpxdata:speed>0.823</gpxdata:speed>
        </extensions>
      </trkpt>
      <trkpt lat="46.6942990" lon="9.4637497">
        <ele>1080.3</ele>
        <time>2026-09-15T11:52:06Z</time>
        <extensions>
          <gpxdata:distance>5731.63</gpxdata:distance>
          <gpxdata:speed>0.814</gpxdata:speed>
        </extensions>
      </trkpt>
      <trkpt lat="46.6942800" lon="9.4637757">
        <ele>1080.6</ele>
        <time>2026-09-15T11:52:10Z</time>
        <extensions>
          <gpxdata:distance>5734.53</gpxdata:distance>
          <gpxdata:speed>0.798</gpxdata:speed>
        </extensions>
      </trkpt>
      <trkpt lat="46.6942430" lon="9.4638267">
        <ele>1081.2</ele>
        <time>2026-09-15T11:52:17Z</time>
        <extensions>
          <gpxdata:distance>5740.19</gpxdata:distance>
          <gpxdata:speed>0.790</gpxdata:speed>
        </extensions>
      </trkpt>
      <trkpt lat="46.6942140" lon="9.4639557">
        <ele>1082.4</ele>
        <time>2026-09-15T11:52:31Z</time>
        <extensions>
          <gpxdata:distance>5750.55</gpxdata:distance>
          <gpxdata:speed>0.754</gpxdata:speed>
        </extensions>
      </trkpt>
      <trkpt lat="46.6941760" lon="9.4640467">
        <ele>1083.2</ele>
        <time>2026-09-15T11:52:41Z</time>
        <extensions>
          <gpxdata:distance>5758.67</gpxdata:distance>
          <gpxdata:speed>0.750</gpxdata:speed>
        </extensions>
      </trkpt>
      <trkpt lat="46.6941210" lon="9.4641487">
        <ele>1084.2</ele>
        <time>2026-09-15T11:52:55Z</time>
        <extensions>
          <gpxdata:distance>5768.57</gpxdata:distance>
          <gpxdata:speed>0.749</gpxdata:speed>
        </extensions>
      </trkpt>
      <trkpt lat="46.6940460" lon="9.4642767">
        <ele>1085.9</ele>
        <time>2026-09-15T11:53:12Z</time>
        <extensions>
          <gpxdata:distance>5781.41</gpxdata:distance>
          <gpxdata:speed>0.727</gpxdata:speed>
        </extensions>
      </trkpt>
      <trkpt lat="46.6940100" lon="9.4643147">
        <ele>1086.5</ele>
        <time>2026-09-15T11:53:19Z</time>
        <extensions>
          <gpxdata:distance>5786.35</gpxdata:distance>
          <gpxdata:speed>0.725</gpxdata:speed>
        </extensions>
      </trkpt>
      <trkpt lat="46.6939730" lon="9.4643527">
        <ele>1087.0</ele>
        <time>2026-09-15T11:53:26Z</time>
        <extensions>
          <gpxdata:distance>5791.38</gpxdata:distance>
          <gpxdata:speed>0.726</gpxdata:speed>
        </extensions>
      </trkpt>
      <trkpt lat="46.6939460" lon="9.4643777">
        <ele>1087.5</ele>
        <time>2026-09-15T11:53:31Z</time>
        <extensions>
          <gpxdata:distance>5794.94</gpxdata:distance>
          <gpxdata:speed>0.720</gpxdata:speed>
        </extensions>
      </trkpt>
      <trkpt lat="46.6939090" lon="9.4644027">
        <ele>1088.0</ele>
        <time>2026-09-15T11:53:37Z</time>
        <extensions>
          <gpxdata:distance>5799.47</gpxdata:distance>
          <gpxdata:speed>0.719</gpxdata:speed>
        </extensions>
      </trkpt>
      <trkpt lat="46.6937821" lon="9.4644627">
        <ele>1089.7</ele>
        <time>2026-09-15T11:53:58Z</time>
        <extensions>
          <gpxdata:distance>5814.31</gpxdata:distance>
          <gpxdata:speed>0.718</gpxdata:speed>
        </extensions>
      </trkpt>
      <trkpt lat="46.6937551" lon="9.4644617">
        <ele>1090.1</ele>
        <time>2026-09-15T11:54:02Z</time>
        <extensions>
          <gpxdata:distance>5817.31</gpxdata:distance>
          <gpxdata:speed>0.716</gpxdata:speed>
        </extensions>
      </trkpt>
      <trkpt lat="46.6937281" lon="9.4644607">
        <ele>1090.4</ele>
        <time>2026-09-15T11:54:06Z</time>
        <extensions>
          <gpxdata:distance>5820.31</gpxdata:distance>
          <gpxdata:speed>0.712</gpxdata:speed>
        </extensions>
      </trkpt>
      <trkpt lat="46.6936921" lon="9.4644597">
        <ele>1090.8</ele>
        <time>2026-09-15T11:54:12Z</time>
        <extensions>
          <gpxdata:distance>5824.32</gpxdata:distance>
          <gpxdata:speed>0.708</gpxdata:speed>
        </extensions>
      </trkpt>
      <trkpt lat="46.6936661" lon="9.4644327">
        <ele>1091.2</ele>
        <time>2026-09-15T11:54:17Z</time>
        <extensions>
          <gpxdata:distance>5827.87</gpxdata:distance>
          <gpxdata:speed>0.719</gpxdata:speed>
        </extensions>
      </trkpt>
      <trkpt lat="46.6936661" lon="9.4644327">
        <ele>1091.2</ele>
        <time>2026-09-15T11:54:17Z</time>
        <extensions>
          <gpxdata:distance>5827.87</gpxdata:distance>
          <gpxdata:speed>0.000</gpxdata:speed>
        </extensions>
      </trkpt>
      <trkpt lat="46.6936391" lon="9.4644057">
        <ele>1091.8</ele>
        <time>2026-09-15T11:54:22Z</time>
        <extensions>
          <gpxdata:distance>5831.51</gpxdata:distance>
          <gpxdata:speed>0.705</gpxdata:speed>
        </extensions>
      </trkpt>
      <trkpt lat="46.6936041" lon="9.4643647">
        <ele>1092.4</ele>
        <time>2026-09-15T11:54:29Z</time>
        <extensions>
          <gpxdata:distance>5836.50</gpxdata:distance>
          <gpxdata:speed>0.710</gpxdata:speed>
        </extensions>
      </trkpt>
      <trkpt lat="46.6935871" lon="9.4643117">
        <ele>1093.0</ele>
        <time>2026-09-15T11:54:35Z</time>
        <extensions>
          <gpxdata:distance>5840.96</gpxdata:distance>
          <gpxdata:speed>0.703</gpxdata:speed>
        </extensions>
      </trkpt>
      <trkpt lat="46.6935791" lon="9.4642597">
        <ele>1093.5</ele>
        <time>2026-09-15T11:54:41Z</time>
        <extensions>
          <gpxdata:distance>5845.03</gpxdata:distance>
          <gpxdata:speed>0.695</gpxdata:speed>
        </extensions>
      </trkpt>
      <trkpt lat="46.6935711" lon="9.4642067">
        <ele>1094.0</ele>
        <time>2026-09-15T11:54:47Z</time>
        <extensions>
          <gpxdata:distance>5849.16</gpxdata:distance>
          <gpxdata:speed>0.698</gpxdata:speed>
        </extensions>
      </trkpt>
      <trkpt lat="46.6935721" lon="9.4641277">
        <ele>1094.8</ele>
        <time>2026-09-15T11:54:56Z</time>
        <extensions>
          <gpxdata:distance>5855.19</gpxdata:distance>
          <gpxdata:speed>0.689</gpxdata:speed>
        </extensions>
      </trkpt>
      <trkpt lat="46.6935960" lon="9.4637757">
        <ele>1097.7</ele>
        <time>2026-09-15T11:55:34Z</time>
        <extensions>
          <gpxdata:distance>5882.17</gpxdata:distance>
          <gpxdata:speed>0.706</gpxdata:speed>
        </extensions>
      </trkpt>
      <trkpt lat="46.6935980" lon="9.4636977">
        <ele>1098.4</ele>
        <time>2026-09-15T11:55:43Z</time>
        <extensions>
          <gpxdata:distance>5888.12</gpxdata:distance>
          <gpxdata:speed>0.706</gpxdata:speed>
        </extensions>
      </trkpt>
      <trkpt lat="46.6935900" lon="9.4636317">
        <ele>1098.9</ele>
        <time>2026-09-15T11:55:50Z</time>
        <extensions>
          <gpxdata:distance>5893.23</gpxdata:distance>
          <gpxdata:speed>0.710</gpxdata:speed>
        </extensions>
      </trkpt>
      <trkpt lat="46.6935900" lon="9.4636317">
        <ele>1098.9</ele>
        <time>2026-09-15T11:55:50Z</time>
        <extensions>
          <gpxdata:distance>5893.23</gpxdata:distance>
          <gpxdata:speed>0.000</gpxdata:speed>
        </extensions>
      </trkpt>
      <trkpt lat="46.6935910" lon="9.4635797">
        <ele>1099.2</ele>
        <time>2026-09-15T11:55:55Z</time>
        <extensions>
          <gpxdata:distance>5897.20</gpxdata:distance>
          <gpxdata:speed>0.724</gpxdata:speed>
        </extensions>
      </trkpt>
      <trkpt lat="46.6936010" lon="9.4635017">
        <ele>1100.4</ele>
        <time>2026-09-15T11:56:04Z</time>
        <extensions>
          <gpxdata:distance>5903.25</gpxdata:distance>
          <gpxdata:speed>0.707</gpxdata:speed>
        </extensions>
      </trkpt>
      <trkpt lat="46.6936110" lon="9.4634367">
        <ele>1101.5</ele>
        <time>2026-09-15T11:56:11Z</time>
        <extensions>
          <gpxdata:distance>5908.33</gpxdata:distance>
          <gpxdata:speed>0.689</gpxdata:speed>
        </extensions>
      </trkpt>
      <trkpt lat="46.6936490" lon="9.4633727">
        <ele>1103.3</ele>
        <time>2026-09-15T11:56:21Z</time>
        <extensions>
          <gpxdata:distance>5914.79</gpxdata:distance>
          <gpxdata:speed>0.651</gpxdata:speed>
        </extensions>
      </trkpt>
      <trkpt lat="46.6936850" lon="9.4633347">
        <ele>1104.8</ele>
        <time>2026-09-15T11:56:29Z</time>
        <extensions>
          <gpxdata:distance>5919.73</gpxdata:distance>
          <gpxdata:speed>0.632</gpxdata:speed>
        </extensions>
      </trkpt>
      <trkpt lat="46.6937310" lon="9.4632837">
        <ele>1105.6</ele>
        <time>2026-09-15T11:56:39Z</time>
        <extensions>
          <gpxdata:distance>5926.16</gpxdata:distance>
          <gpxdata:speed>0.641</gpxdata:speed>
        </extensions>
      </trkpt>
      <trkpt lat="46.6937500" lon="9.4632587">
        <ele>1106.2</ele>
        <time>2026-09-15T11:56:43Z</time>
        <extensions>
          <gpxdata:distance>5929.00</gpxdata:distance>
          <gpxdata:speed>0.645</gpxdata:speed>
        </extensions>
      </trkpt>
      <trkpt lat="46.6937860" lon="9.4632207">
        <ele>1106.3</ele>
        <time>2026-09-15T11:56:51Z</time>
        <extensions>
          <gpxdata:distance>5933.95</gpxdata:distance>
          <gpxdata:speed>0.642</gpxdata:speed>
        </extensions>
      </trkpt>
      <trkpt lat="46.6938690" lon="9.4630927">
        <ele>1106.5</ele>
        <time>2026-09-15T11:57:12Z</time>
        <extensions>
          <gpxdata:distance>5947.38</gpxdata:distance>
          <gpxdata:speed>0.654</gpxdata:speed>
        </extensions>
      </trkpt>
      <trkpt lat="46.6939070" lon="9.4630287">
        <ele>1106.6</ele>
        <time>2026-09-15T11:57:21Z</time>
        <extensions>
          <gpxdata:distance>5953.84</gpxdata:distance>
          <gpxdata:speed>0.678</gpxdata:speed>
        </extensions>
      </trkpt>
      <trkpt lat="46.6939340" lon="9.4629777">
        <ele>1106.5</ele>
        <time>2026-09-15T11:57:28Z</time>
        <extensions>
          <gpxdata:distance>5958.75</gpxdata:distance>
          <gpxdata:speed>0.729</gpxdata:speed>
        </extensions>
      </trkpt>
      <trkpt lat="46.6939630" lon="9.4629137">
        <ele>1106.8</ele>
        <time>2026-09-15T11:57:35Z</time>
        <extensions>
          <gpxdata:distance>5964.60</gpxdata:distance>
          <gpxdata:speed>0.769</gpxdata:speed>
        </extensions>
      </trkpt>
      <trkpt lat="46.6939730" lon="9.4628617">
        <ele>1106.9</ele>
        <time>2026-09-15T11:57:40Z</time>
        <extensions>
          <gpxdata:distance>5968.72</gpxdata:distance>
          <gpxdata:speed>0.841</gpxdata:speed>
        </extensions>
      </trkpt>
      <trkpt lat="46.6940010" lon="9.4627837">
        <ele>1107.3</ele>
        <time>2026-09-15T11:57:48Z</time>
        <extensions>
          <gpxdata:distance>5975.43</gpxdata:distance>
          <gpxdata:speed>0.898</gpxdata:speed>
        </extensions>
      </trkpt>
      <trkpt lat="46.6940120" lon="9.4626797">
        <ele>1108.3</ele>
        <time>2026-09-15T11:57:57Z</time>
        <extensions>
          <gpxdata:distance>5983.46</gpxdata:distance>
          <gpxdata:speed>0.893</gpxdata:speed>
        </extensions>
      </trkpt>
      <trkpt lat="46.6940140" lon="9.4625757">
        <ele>1109.6</ele>
        <time>2026-09-15T11:58:06Z</time>
        <extensions>
          <gpxdata:distance>5991.39</gpxdata:distance>
          <gpxdata:speed>0.874</gpxdata:speed>
        </extensions>
      </trkpt>
      <trkpt lat="46.6939980" lon="9.4624177">
        <ele>1111.9</ele>
        <time>2026-09-15T11:58:21Z</time>
        <extensions>
          <gpxdata:distance>6003.57</gpxdata:distance>
          <gpxdata:speed>0.805</gpxdata:speed>
        </extensions>
      </trkpt>
      <trkpt lat="46.6939750" lon="9.4622077">
        <ele>1114.8</ele>
        <time>2026-09-15T11:58:44Z</time>
        <extensions>
          <gpxdata:distance>6019.79</gpxdata:distance>
          <gpxdata:speed>0.718</gpxdata:speed>
        </extensions>
      </trkpt>
      <trkpt lat="46.6938710" lon="9.4614847">
        <ele>1119.1</ele>
        <time>2026-09-15T11:59:59Z</time>
        <extensions>
          <gpxdata:distance>6076.13</gpxdata:distance>
          <gpxdata:speed>0.748</gpxdata:speed>
        </extensions>
      </trkpt>
      <trkpt lat="46.6938630" lon="9.4614447">
        <ele>1119.2</ele>
        <time>2026-09-15T12:00:03Z</time>
        <extensions>
          <gpxdata:distance>6079.31</gpxdata:distance>
          <gpxdata:speed>0.741</gpxdata:speed>
        </extensions>
      </trkpt>
      <trkpt lat="46.6938630" lon="9.4614447">
        <ele>1119.2</ele>
        <time>2026-09-15T12:00:03Z</time>
        <extensions>
          <gpxdata:distance>6079.31</gpxdata:distance>
          <gpxdata:speed>0.000</gpxdata:speed>
        </extensions>
      </trkpt>
      <trkpt lat="46.6938290" lon="9.4613257">
        <ele>1119.5</ele>
        <time>2026-09-15T12:00:16Z</time>
        <extensions>
          <gpxdata:distance>6089.14</gpxdata:distance>
          <gpxdata:speed>0.742</gpxdata:speed>
        </extensions>
      </trkpt>
      <trkpt lat="46.6938120" lon="9.4612337">
        <ele>1120.0</ele>
        <time>2026-09-15T12:00:26Z</time>
        <extensions>
          <gpxdata:distance>6096.41</gpxdata:distance>
          <gpxdata:speed>0.742</gpxdata:speed>
        </extensions>
      </trkpt>
      <trkpt lat="46.6937860" lon="9.4611937">
        <ele>1120.4</ele>
        <time>2026-09-15T12:00:32Z</time>
        <extensions>
          <gpxdata:distance>6100.61</gpxdata:distance>
          <gpxdata:speed>0.746</gpxdata:speed>
        </extensions>
      </trkpt>
      <trkpt lat="46.6937700" lon="9.4611147">
        <ele>1121.5</ele>
        <time>2026-09-15T12:00:40Z</time>
        <extensions>
          <gpxdata:distance>6106.90</gpxdata:distance>
          <gpxdata:speed>0.746</gpxdata:speed>
        </extensions>
      </trkpt>
      <trkpt lat="46.6937440" lon="9.4610217">
        <ele>1122.5</ele>
        <time>2026-09-15T12:00:50Z</time>
        <extensions>
          <gpxdata:distance>6114.56</gpxdata:distance>
          <gpxdata:speed>0.766</gpxdata:speed>
        </extensions>
      </trkpt>
      <trkpt lat="46.6936680" lon="9.4607317">
        <ele>1129.1</ele>
        <time>2026-09-15T12:01:24Z</time>
        <extensions>
          <gpxdata:distance>6138.23</gpxdata:distance>
          <gpxdata:speed>0.703</gpxdata:speed>
        </extensions>
      </trkpt>
      <trkpt lat="46.6936690" lon="9.4606927">
        <ele>1129.8</ele>
        <time>2026-09-15T12:01:29Z</time>
        <extensions>
          <gpxdata:distance>6141.21</gpxdata:distance>
          <gpxdata:speed>0.636</gpxdata:speed>
        </extensions>
      </trkpt>
      <trkpt lat="46.6936700" lon="9.4606397">
        <ele>1130.8</ele>
        <time>2026-09-15T12:01:35Z</time>
        <extensions>
          <gpxdata:distance>6145.25</gpxdata:distance>
          <gpxdata:speed>0.640</gpxdata:speed>
        </extensions>
      </trkpt>
      <trkpt lat="46.6936710" lon="9.4606007">
        <ele>1131.7</ele>
        <time>2026-09-15T12:01:40Z</time>
        <extensions>
          <gpxdata:distance>6148.23</gpxdata:distance>
          <gpxdata:speed>0.642</gpxdata:speed>
        </extensions>
      </trkpt>
      <trkpt lat="46.6936800" lon="9.4605617">
        <ele>1132.1</ele>
        <time>2026-09-15T12:01:45Z</time>
        <extensions>
          <gpxdata:distance>6151.37</gpxdata:distance>
          <gpxdata:speed>0.639</gpxdata:speed>
        </extensions>
      </trkpt>
      <trkpt lat="46.6936900" lon="9.4605227">
        <ele>1132.6</ele>
        <time>2026-09-15T12:01:50Z</time>
        <extensions>
          <gpxdata:distance>6154.54</gpxdata:distance>
          <gpxdata:speed>0.586</gpxdata:speed>
        </extensions>
      </trkpt>
      <trkpt lat="46.6936910" lon="9.4604707">
        <ele>1133.8</ele>
        <time>2026-09-15T12:01:57Z</time>
        <extensions>
          <gpxdata:distance>6158.51</gpxdata:distance>
          <gpxdata:speed>0.531</gpxdata:speed>
        </extensions>
      </trkpt>
      <trkpt lat="46.6936830" lon="9.4604187">
        <ele>1134.7</ele>
        <time>2026-09-15T12:02:05Z</time>
        <extensions>
          <gpxdata:distance>6162.58</gpxdata:distance>
          <gpxdata:speed>0.510</gpxdata:speed>
        </extensions>
      </trkpt>
      <trkpt lat="46.6936740" lon="9.4604177">
        <ele>1135.2</ele>
        <time>2026-09-15T12:02:08Z</time>
        <extensions>
          <gpxdata:distance>6163.58</gpxdata:distance>
          <gpxdata:speed>0.461</gpxdata:speed>
        </extensions>
      </trkpt>
      <trkpt lat="46.6936380" lon="9.4604167">
        <ele>1136.2</ele>
        <time>2026-09-15T12:02:16Z</time>
        <extensions>
          <gpxdata:distance>6167.58</gpxdata:distance>
          <gpxdata:speed>0.492</gpxdata:speed>
        </extensions>
      </trkpt>
      <trkpt lat="46.6935920" lon="9.4604537">
        <ele>1137.7</ele>
        <time>2026-09-15T12:02:28Z</time>
        <extensions>
          <gpxdata:distance>6173.43</gpxdata:distance>
          <gpxdata:speed>0.479</gpxdata:speed>
        </extensions>
      </trkpt>
      <trkpt lat="46.6935650" lon="9.4604797">
        <ele>1138.3</ele>
        <time>2026-09-15T12:02:35Z</time>
        <extensions>
          <gpxdata:distance>6177.02</gpxdata:distance>
          <gpxdata:speed>0.514</gpxdata:speed>
        </extensions>
      </trkpt>
      <trkpt lat="46.6935280" lon="9.4605037">
        <ele>1139.2</ele>
        <time>2026-09-15T12:02:43Z</time>
        <extensions>
          <gpxdata:distance>6181.53</gpxdata:distance>
          <gpxdata:speed>0.554</gpxdata:speed>
        </extensions>
      </trkpt>
      <trkpt lat="46.6935100" lon="9.4605037">
        <ele>1139.5</ele>
        <time>2026-09-15T12:02:47Z</time>
        <extensions>
          <gpxdata:distance>6183.53</gpxdata:distance>
          <gpxdata:speed>0.536</gpxdata:speed>
        </extensions>
      </trkpt>
      <trkpt lat="46.6935010" lon="9.4605027">
        <ele>1139.5</ele>
        <time>2026-09-15T12:02:49Z</time>
        <extensions>
          <gpxdata:distance>6184.53</gpxdata:distance>
          <gpxdata:speed>0.536</gpxdata:speed>
        </extensions>
      </trkpt>
      <trkpt lat="46.6935020" lon="9.4604767">
        <ele>1139.8</ele>
        <time>2026-09-15T12:02:52Z</time>
        <extensions>
          <gpxdata:distance>6186.52</gpxdata:distance>
          <gpxdata:speed>0.595</gpxdata:speed>
        </extensions>
      </trkpt>
      <trkpt lat="46.6935590" lon="9.4602827">
        <ele>1141.8</ele>
        <time>2026-09-15T12:03:17Z</time>
        <extensions>
          <gpxdata:distance>6202.61</gpxdata:distance>
          <gpxdata:speed>0.640</gpxdata:speed>
        </extensions>
      </trkpt>
      <trkpt lat="46.6935790" lon="9.4601917">
        <ele>1142.4</ele>
        <time>2026-09-15T12:03:29Z</time>
        <extensions>
          <gpxdata:distance>6209.90</gpxdata:distance>
          <gpxdata:speed>0.632</gpxdata:speed>
        </extensions>
      </trkpt>
      <trkpt lat="46.6935909" lon="9.4600227">
        <ele>1143.0</ele>
        <time>2026-09-15T12:03:47Z</time>
        <extensions>
          <gpxdata:distance>6222.86</gpxdata:distance>
          <gpxdata:speed>0.697</gpxdata:speed>
        </extensions>
      </trkpt>
      <trkpt lat="46.6935979" lon="9.4596176">
        <ele>1141.3</ele>
        <time>2026-09-15T12:04:22Z</time>
        <extensions>
          <gpxdata:distance>6253.77</gpxdata:distance>
          <gpxdata:speed>0.899</gpxdata:speed>
        </extensions>
      </trkpt>
      <trkpt lat="46.6936019" lon="9.4593946">
        <ele>1141.1</ele>
        <time>2026-09-15T12:04:40Z</time>
        <extensions>
          <gpxdata:distance>6270.78</gpxdata:distance>
          <gpxdata:speed>0.937</gpxdata:speed>
        </extensions>
      </trkpt>
      <trkpt lat="46.6935949" lon="9.4592906">
        <ele>1140.2</ele>
        <time>2026-09-15T12:04:48Z</time>
        <extensions>
          <gpxdata:distance>6278.75</gpxdata:distance>
          <gpxdata:speed>0.986</gpxdata:speed>
        </extensions>
      </trkpt>
      <trkpt lat="46.6935529" lon="9.4591056">
        <ele>1138.5</ele>
        <time>2026-09-15T12:05:03Z</time>
        <extensions>
          <gpxdata:distance>6293.61</gpxdata:distance>
          <gpxdata:speed>1.001</gpxdata:speed>
        </extensions>
      </trkpt>
      <trkpt lat="46.6935199" lon="9.4589736">
        <ele>1137.3</ele>
        <time>2026-09-15T12:05:14Z</time>
        <extensions>
          <gpxdata:distance>6304.33</gpxdata:distance>
          <gpxdata:speed>0.989</gpxdata:speed>
        </extensions>
      </trkpt>
      <trkpt lat="46.6935199" lon="9.4589736">
        <ele>1137.3</ele>
        <time>2026-09-15T12:05:14Z</time>
        <extensions>
          <gpxdata:distance>6304.33</gpxdata:distance>
          <gpxdata:speed>0.000</gpxdata:speed>
        </extensions>
      </trkpt>
      <trkpt lat="46.6934799" lon="9.4586716">
        <ele>1138.9</ele>
        <time>2026-09-15T12:05:37Z</time>
        <extensions>
          <gpxdata:distance>6327.79</gpxdata:distance>
          <gpxdata:speed>0.983</gpxdata:speed>
        </extensions>
      </trkpt>
      <trkpt lat="46.6934809" lon="9.4585926">
        <ele>1139.6</ele>
        <time>2026-09-15T12:05:44Z</time>
        <extensions>
          <gpxdata:distance>6333.81</gpxdata:distance>
          <gpxdata:speed>0.983</gpxdata:speed>
        </extensions>
      </trkpt>
      <trkpt lat="46.6934649" lon="9.4585006">
        <ele>1140.7</ele>
        <time>2026-09-15T12:05:51Z</time>
        <extensions>
          <gpxdata:distance>6341.05</gpxdata:distance>
          <gpxdata:speed>0.987</gpxdata:speed>
        </extensions>
      </trkpt>
      <trkpt lat="46.6934489" lon="9.4584086">
        <ele>1141.3</ele>
        <time>2026-09-15T12:05:58Z</time>
        <extensions>
          <gpxdata:distance>6348.29</gpxdata:distance>
          <gpxdata:speed>1.012</gpxdata:speed>
        </extensions>
      </trkpt>
      <trkpt lat="46.6934149" lon="9.4582636">
        <ele>1141.4</ele>
        <time>2026-09-15T12:06:10Z</time>
        <extensions>
          <gpxdata:distance>6359.98</gpxdata:distance>
          <gpxdata:speed>1.004</gpxdata:speed>
        </extensions>
      </trkpt>
      <trkpt lat="46.6933809" lon="9.4581576">
        <ele>1140.4</ele>
        <time>2026-09-15T12:06:19Z</time>
        <extensions>
          <gpxdata:distance>6368.90</gpxdata:distance>
          <gpxdata:speed>1.007</gpxdata:speed>
        </extensions>
      </trkpt>
      <trkpt lat="46.6933469" lon="9.4580516">
        <ele>1139.7</ele>
        <time>2026-09-15T12:06:28Z</time>
        <extensions>
          <gpxdata:distance>6377.83</gpxdata:distance>
          <gpxdata:speed>0.976</gpxdata:speed>
        </extensions>
      </trkpt>
      <trkpt lat="46.6933389" lon="9.4579986">
        <ele>1139.4</ele>
        <time>2026-09-15T12:06:32Z</time>
        <extensions>
          <gpxdata:distance>6381.97</gpxdata:distance>
          <gpxdata:speed>0.944</gpxdata:speed>
        </extensions>
      </trkpt>
      <trkpt lat="46.6933319" lon="9.4578936">
        <ele>1138.7</ele>
        <time>2026-09-15T12:06:40Z</time>
        <extensions>
          <gpxdata:distance>6390.01</gpxdata:distance>
          <gpxdata:speed>0.971</gpxdata:speed>
        </extensions>
      </trkpt>
      <trkpt lat="46.6933239" lon="9.4578156">
        <ele>1137.9</ele>
        <time>2026-09-15T12:06:46Z</time>
        <extensions>
          <gpxdata:distance>6396.03</gpxdata:distance>
          <gpxdata:speed>0.994</gpxdata:speed>
        </extensions>
      </trkpt>
      <trkpt lat="46.6932989" lon="9.4577356">
        <ele>1136.6</ele>
        <time>2026-09-15T12:06:53Z</time>
        <extensions>
          <gpxdata:distance>6402.73</gpxdata:distance>
          <gpxdata:speed>0.956</gpxdata:speed>
        </extensions>
      </trkpt>
      <trkpt lat="46.6932989" lon="9.4577356">
        <ele>1136.6</ele>
        <time>2026-09-15T12:06:53Z</time>
        <extensions>
          <gpxdata:distance>6402.73</gpxdata:distance>
          <gpxdata:speed>0.000</gpxdata:speed>
        </extensions>
      </trkpt>
      <trkpt lat="46.6932549" lon="9.4576816">
        <ele>1134.7</ele>
        <time>2026-09-15T12:07:01Z</time>
        <extensions>
          <gpxdata:distance>6409.13</gpxdata:distance>
          <gpxdata:speed>0.902</gpxdata:speed>
        </extensions>
      </trkpt>
      <trkpt lat="46.6932279" lon="9.4576676">
        <ele>1133.0</ele>
        <time>2026-09-15T12:07:04Z</time>
        <extensions>
          <gpxdata:distance>6412.31</gpxdata:distance>
          <gpxdata:speed>0.926</gpxdata:speed>
        </extensions>
      </trkpt>
      <trkpt lat="46.6932009" lon="9.4576796">
        <ele>1132.2</ele>
        <time>2026-09-15T12:07:07Z</time>
        <extensions>
          <gpxdata:distance>6415.45</gpxdata:distance>
          <gpxdata:speed>0.904</gpxdata:speed>
        </extensions>
      </trkpt>
      <trkpt lat="46.6931909" lon="9.4577186">
        <ele>1131.6</ele>
        <time>2026-09-15T12:07:11Z</time>
        <extensions>
          <gpxdata:distance>6418.63</gpxdata:distance>
          <gpxdata:speed>0.874</gpxdata:speed>
        </extensions>
      </trkpt>
      <trkpt lat="46.6931899" lon="9.4577976">
        <ele>1130.6</ele>
        <time>2026-09-15T12:07:18Z</time>
        <extensions>
          <gpxdata:distance>6424.65</gpxdata:distance>
          <gpxdata:speed>0.872</gpxdata:speed>
        </extensions>
      </trkpt>
      <trkpt lat="46.6931699" lon="9.4578746">
        <ele>1129.6</ele>
        <time>2026-09-15T12:07:25Z</time>
        <extensions>
          <gpxdata:distance>6430.93</gpxdata:distance>
          <gpxdata:speed>0.872</gpxdata:speed>
        </extensions>
      </trkpt>
      <trkpt lat="46.6931509" lon="9.4579526">
        <ele>1129.3</ele>
        <time>2026-09-15T12:07:32Z</time>
        <extensions>
          <gpxdata:distance>6437.25</gpxdata:distance>
          <gpxdata:speed>0.872</gpxdata:speed>
        </extensions>
      </trkpt>
      <trkpt lat="46.6931409" lon="9.4579916">
        <ele>1129.4</ele>
        <time>2026-09-15T12:07:36Z</time>
        <extensions>
          <gpxdata:distance>6440.42</gpxdata:distance>
          <gpxdata:speed>0.884</gpxdata:speed>
        </extensions>
      </trkpt>
      <trkpt lat="46.6931039" lon="9.4580296">
        <ele>1128.9</ele>
        <time>2026-09-15T12:07:42Z</time>
        <extensions>
          <gpxdata:distance>6445.45</gpxdata:distance>
          <gpxdata:speed>0.899</gpxdata:speed>
        </extensions>
      </trkpt>
      <trkpt lat="46.6930769" lon="9.4580416">
        <ele>1128.1</ele>
        <time>2026-09-15T12:07:45Z</time>
        <extensions>
          <gpxdata:distance>6448.59</gpxdata:distance>
          <gpxdata:speed>0.917</gpxdata:speed>
        </extensions>
      </trkpt>
      <trkpt lat="46.6929949" lon="9.4580906">
        <ele>1125.3</ele>
        <time>2026-09-15T12:07:56Z</time>
        <extensions>
          <gpxdata:distance>6458.45</gpxdata:distance>
          <gpxdata:speed>0.917</gpxdata:speed>
        </extensions>
      </trkpt>
      <trkpt lat="46.6929129" lon="9.4581526">
        <ele>1121.9</ele>
        <time>2026-09-15T12:08:07Z</time>
        <extensions>
          <gpxdata:distance>6468.72</gpxdata:distance>
          <gpxdata:speed>0.881</gpxdata:speed>
        </extensions>
      </trkpt>
      <trkpt lat="46.6928209" lon="9.4582806">
        <ele>1117.6</ele>
        <time>2026-09-15T12:08:24Z</time>
        <extensions>
          <gpxdata:distance>6482.86</gpxdata:distance>
          <gpxdata:speed>0.872</gpxdata:speed>
        </extensions>
      </trkpt>
      <trkpt lat="46.6927749" lon="9.4583436">
        <ele>1115.7</ele>
        <time>2026-09-15T12:08:32Z</time>
        <extensions>
          <gpxdata:distance>6489.88</gpxdata:distance>
          <gpxdata:speed>0.872</gpxdata:speed>
        </extensions>
      </trkpt>
      <trkpt lat="46.6927289" lon="9.4584076">
        <ele>1113.7</ele>
        <time>2026-09-15T12:08:40Z</time>
        <extensions>
          <gpxdata:distance>6496.95</gpxdata:distance>
          <gpxdata:speed>0.872</gpxdata:speed>
        </extensions>
      </trkpt>
      <trkpt lat="46.6926919" lon="9.4584326">
        <ele>1112.2</ele>
        <time>2026-09-15T12:08:45Z</time>
        <extensions>
          <gpxdata:distance>6501.48</gpxdata:distance>
          <gpxdata:speed>0.872</gpxdata:speed>
        </extensions>
      </trkpt>
      <trkpt lat="46.6926919" lon="9.4584326">
        <ele>1112.2</ele>
        <time>2026-09-15T12:08:45Z</time>
        <extensions>
          <gpxdata:distance>6501.48</gpxdata:distance>
          <gpxdata:speed>0.000</gpxdata:speed>
        </extensions>
      </trkpt>
      <trkpt lat="46.6926379" lon="9.4584566">
        <ele>1110.2</ele>
        <time>2026-09-15T12:08:52Z</time>
        <extensions>
          <gpxdata:distance>6507.76</gpxdata:distance>
          <gpxdata:speed>0.872</gpxdata:speed>
        </extensions>
      </trkpt>
      <trkpt lat="46.6926109" lon="9.4584686">
        <ele>1109.3</ele>
        <time>2026-09-15T12:08:56Z</time>
        <extensions>
          <gpxdata:distance>6510.90</gpxdata:distance>
          <gpxdata:speed>0.872</gpxdata:speed>
        </extensions>
      </trkpt>
      <trkpt lat="46.6925569" lon="9.4584536">
        <ele>1108.0</ele>
        <time>2026-09-15T12:09:03Z</time>
        <extensions>
          <gpxdata:distance>6517.01</gpxdata:distance>
          <gpxdata:speed>0.872</gpxdata:speed>
        </extensions>
      </trkpt>
      <trkpt lat="46.6925029" lon="9.4584516">
        <ele>1107.7</ele>
        <time>2026-09-15T12:09:10Z</time>
        <extensions>
          <gpxdata:distance>6523.02</gpxdata:distance>
          <gpxdata:speed>0.872</gpxdata:speed>
        </extensions>
      </trkpt>
      <trkpt lat="46.6924129" lon="9.4584616">
        <ele>1108.2</ele>
        <time>2026-09-15T12:09:21Z</time>
        <extensions>
          <gpxdata:distance>6533.05</gpxdata:distance>
          <gpxdata:speed>0.889</gpxdata:speed>
        </extensions>
      </trkpt>
      <trkpt lat="46.6922679" lon="9.4584946">
        <ele>1109.2</ele>
        <time>2026-09-15T12:09:39Z</time>
        <extensions>
          <gpxdata:distance>6549.37</gpxdata:distance>
          <gpxdata:speed>0.903</gpxdata:speed>
        </extensions>
      </trkpt>
      <trkpt lat="46.6922049" lon="9.4585056">
        <ele>1109.7</ele>
        <time>2026-09-15T12:09:47Z</time>
        <extensions>
          <gpxdata:distance>6556.43</gpxdata:distance>
          <gpxdata:speed>0.930</gpxdata:speed>
        </extensions>
      </trkpt>
      <trkpt lat="46.6922049" lon="9.4585056">
        <ele>1109.7</ele>
        <time>2026-09-15T12:09:47Z</time>
        <extensions>
          <gpxdata:distance>6556.43</gpxdata:distance>
          <gpxdata:speed>0.000</gpxdata:speed>
        </extensions>
      </trkpt>
      <trkpt lat="46.6921249" lon="9.4584766">
        <ele>1109.3</ele>
        <time>2026-09-15T12:09:56Z</time>
        <extensions>
          <gpxdata:distance>6565.59</gpxdata:distance>
          <gpxdata:speed>0.954</gpxdata:speed>
        </extensions>
      </trkpt>
      <trkpt lat="46.6920799" lon="9.4584616">
        <ele>1108.6</ele>
        <time>2026-09-15T12:10:02Z</time>
        <extensions>
          <gpxdata:distance>6570.73</gpxdata:distance>
          <gpxdata:speed>0.980</gpxdata:speed>
        </extensions>
      </trkpt>
      <trkpt lat="46.6920259" lon="9.4584336">
        <ele>1108.0</ele>
        <time>2026-09-15T12:10:08Z</time>
        <extensions>
          <gpxdata:distance>6577.10</gpxdata:distance>
          <gpxdata:speed>0.987</gpxdata:speed>
        </extensions>
      </trkpt>
      <trkpt lat="46.6919999" lon="9.4584196">
        <ele>1107.5</ele>
        <time>2026-09-15T12:10:11Z</time>
        <extensions>
          <gpxdata:distance>6580.18</gpxdata:distance>
          <gpxdata:speed>1.002</gpxdata:speed>
        </extensions>
      </trkpt>
      <trkpt lat="46.6919729" lon="9.4583796">
        <ele>1107.2</ele>
        <time>2026-09-15T12:10:15Z</time>
        <extensions>
          <gpxdata:distance>6584.46</gpxdata:distance>
          <gpxdata:speed>1.002</gpxdata:speed>
        </extensions>
      </trkpt>
      <trkpt lat="46.6919469" lon="9.4583396">
        <ele>1106.9</ele>
        <time>2026-09-15T12:10:20Z</time>
        <extensions>
          <gpxdata:distance>6588.67</gpxdata:distance>
          <gpxdata:speed>0.982</gpxdata:speed>
        </extensions>
      </trkpt>
      <trkpt lat="46.6919129" lon="9.4582596">
        <ele>1107.0</ele>
        <time>2026-09-15T12:10:27Z</time>
        <extensions>
          <gpxdata:distance>6595.84</gpxdata:distance>
          <gpxdata:speed>0.952</gpxdata:speed>
        </extensions>
      </trkpt>
      <trkpt lat="46.6918599" lon="9.4581526">
        <ele>1107.7</ele>
        <time>2026-09-15T12:10:38Z</time>
        <extensions>
          <gpxdata:distance>6605.91</gpxdata:distance>
          <gpxdata:speed>0.960</gpxdata:speed>
        </extensions>
      </trkpt>
      <trkpt lat="46.6918179" lon="9.4580076">
        <ele>1108.7</ele>
        <time>2026-09-15T12:10:50Z</time>
        <extensions>
          <gpxdata:distance>6617.91</gpxdata:distance>
          <gpxdata:speed>0.991</gpxdata:speed>
        </extensions>
      </trkpt>
      <trkpt lat="46.6917499" lon="9.4577566">
        <ele>1109.4</ele>
        <time>2026-09-15T12:11:10Z</time>
        <extensions>
          <gpxdata:distance>6638.50</gpxdata:distance>
          <gpxdata:speed>1.009</gpxdata:speed>
        </extensions>
      </trkpt>
      <trkpt lat="46.6916919" lon="9.4575056">
        <ele>1109.1</ele>
        <time>2026-09-15T12:11:30Z</time>
        <extensions>
          <gpxdata:distance>6658.70</gpxdata:distance>
          <gpxdata:speed>0.998</gpxdata:speed>
        </extensions>
      </trkpt>
      <trkpt lat="46.6916589" lon="9.4573606">
        <ele>1109.0</ele>
        <time>2026-09-15T12:11:42Z</time>
        <extensions>
          <gpxdata:distance>6670.35</gpxdata:distance>
          <gpxdata:speed>0.985</gpxdata:speed>
        </extensions>
      </trkpt>
      <trkpt lat="46.6916419" lon="9.4572946">
        <ele>1108.9</ele>
        <time>2026-09-15T12:11:48Z</time>
        <extensions>
          <gpxdata:distance>6675.73</gpxdata:distance>
          <gpxdata:speed>0.975</gpxdata:speed>
        </extensions>
      </trkpt>
      <trkpt lat="46.6916149" lon="9.4572546">
        <ele>1108.7</ele>
        <time>2026-09-15T12:11:52Z</time>
        <extensions>
          <gpxdata:distance>6680.01</gpxdata:distance>
          <gpxdata:speed>0.973</gpxdata:speed>
        </extensions>
      </trkpt>
      <trkpt lat="46.6915359" lon="9.4571596">
        <ele>1108.2</ele>
        <time>2026-09-15T12:12:04Z</time>
        <extensions>
          <gpxdata:distance>6691.40</gpxdata:distance>
          <gpxdata:speed>0.980</gpxdata:speed>
        </extensions>
      </trkpt>
      <trkpt lat="46.6915099" lon="9.4571196">
        <ele>1108.0</ele>
        <time>2026-09-15T12:12:08Z</time>
        <extensions>
          <gpxdata:distance>6695.60</gpxdata:distance>
          <gpxdata:speed>0.987</gpxdata:speed>
        </extensions>
      </trkpt>
      <trkpt lat="46.6914749" lon="9.4570666">
        <ele>1107.9</ele>
        <time>2026-09-15T12:12:14Z</time>
        <extensions>
          <gpxdata:distance>6701.21</gpxdata:distance>
          <gpxdata:speed>1.007</gpxdata:speed>
        </extensions>
      </trkpt>
      <trkpt lat="46.6912399" lon="9.4566256">
        <ele>1106.0</ele>
        <time>2026-09-15T12:12:57Z</time>
        <extensions>
          <gpxdata:distance>6743.80</gpxdata:distance>
          <gpxdata:speed>0.985</gpxdata:speed>
        </extensions>
      </trkpt>
      <trkpt lat="46.6911869" lon="9.4565456">
        <ele>1104.9</ele>
        <time>2026-09-15T12:13:06Z</time>
        <extensions>
          <gpxdata:distance>6752.29</gpxdata:distance>
          <gpxdata:speed>0.962</gpxdata:speed>
        </extensions>
      </trkpt>
      <trkpt lat="46.6910299" lon="9.4562906">
        <ele>1101.8</ele>
        <time>2026-09-15T12:13:34Z</time>
        <extensions>
          <gpxdata:distance>6778.42</gpxdata:distance>
          <gpxdata:speed>0.936</gpxdata:speed>
        </extensions>
      </trkpt>
      <trkpt lat="46.6909589" lon="9.4561836">
        <ele>1100.4</ele>
        <time>2026-09-15T12:13:46Z</time>
        <extensions>
          <gpxdata:distance>6789.78</gpxdata:distance>
          <gpxdata:speed>0.924</gpxdata:speed>
        </extensions>
      </trkpt>
      <trkpt lat="46.6908459" lon="9.4559706">
        <ele>1097.7</ele>
        <time>2026-09-15T12:14:08Z</time>
        <extensions>
          <gpxdata:distance>6810.31</gpxdata:distance>
          <gpxdata:speed>0.912</gpxdata:speed>
        </extensions>
      </trkpt>
      <trkpt lat="46.6907849" lon="9.4558636">
        <ele>1096.3</ele>
        <time>2026-09-15T12:14:20Z</time>
        <extensions>
          <gpxdata:distance>6820.93</gpxdata:distance>
          <gpxdata:speed>0.907</gpxdata:speed>
        </extensions>
      </trkpt>
      <trkpt lat="46.6907499" lon="9.4557965">
        <ele>1095.6</ele>
        <time>2026-09-15T12:14:27Z</time>
        <extensions>
          <gpxdata:distance>6827.36</gpxdata:distance>
          <gpxdata:speed>0.902</gpxdata:speed>
        </extensions>
      </trkpt>
      <trkpt lat="46.6907059" lon="9.4557425">
        <ele>1094.8</ele>
        <time>2026-09-15T12:14:34Z</time>
        <extensions>
          <gpxdata:distance>6833.75</gpxdata:distance>
          <gpxdata:speed>0.899</gpxdata:speed>
        </extensions>
      </trkpt>
      <trkpt lat="46.6906539" lon="9.4556755">
        <ele>1093.9</ele>
        <time>2026-09-15T12:14:43Z</time>
        <extensions>
          <gpxdata:distance>6841.47</gpxdata:distance>
          <gpxdata:speed>0.895</gpxdata:speed>
        </extensions>
      </trkpt>
      <trkpt lat="46.6905119" lon="9.4555265">
        <ele>1091.8</ele>
        <time>2026-09-15T12:15:04Z</time>
        <extensions>
          <gpxdata:distance>6860.92</gpxdata:distance>
          <gpxdata:speed>0.914</gpxdata:speed>
        </extensions>
      </trkpt>
      <trkpt lat="46.6904499" lon="9.4554585">
        <ele>1090.9</ele>
        <time>2026-09-15T12:15:14Z</time>
        <extensions>
          <gpxdata:distance>6869.55</gpxdata:distance>
          <gpxdata:speed>0.912</gpxdata:speed>
        </extensions>
      </trkpt>
      <trkpt lat="46.6904069" lon="9.4553915">
        <ele>1089.9</ele>
        <time>2026-09-15T12:15:21Z</time>
        <extensions>
          <gpxdata:distance>6876.55</gpxdata:distance>
          <gpxdata:speed>0.914</gpxdata:speed>
        </extensions>
      </trkpt>
      <trkpt lat="46.6903629" lon="9.4553245">
        <ele>1088.9</ele>
        <time>2026-09-15T12:15:29Z</time>
        <extensions>
          <gpxdata:distance>6883.62</gpxdata:distance>
          <gpxdata:speed>0.915</gpxdata:speed>
        </extensions>
      </trkpt>
      <trkpt lat="46.6903279" lon="9.4552445">
        <ele>1087.9</ele>
        <time>2026-09-15T12:15:37Z</time>
        <extensions>
          <gpxdata:distance>6890.86</gpxdata:distance>
          <gpxdata:speed>0.914</gpxdata:speed>
        </extensions>
      </trkpt>
      <trkpt lat="46.6902669" lon="9.4551245">
        <ele>1086.3</ele>
        <time>2026-09-15T12:15:49Z</time>
        <extensions>
          <gpxdata:distance>6902.25</gpxdata:distance>
          <gpxdata:speed>0.915</gpxdata:speed>
        </extensions>
      </trkpt>
      <trkpt lat="46.6901529" lon="9.4549505">
        <ele>1084.3</ele>
        <time>2026-09-15T12:16:10Z</time>
        <extensions>
          <gpxdata:distance>6920.60</gpxdata:distance>
          <gpxdata:speed>0.914</gpxdata:speed>
        </extensions>
      </trkpt>
      <trkpt lat="46.6901529" lon="9.4549505">
        <ele>1084.3</ele>
        <time>2026-09-15T12:16:10Z</time>
        <extensions>
          <gpxdata:distance>6920.60</gpxdata:distance>
          <gpxdata:speed>0.000</gpxdata:speed>
        </extensions>
      </trkpt>
      <trkpt lat="46.6899869" lon="9.4546695">
        <ele>1081.2</ele>
        <time>2026-09-15T12:16:41Z</time>
        <extensions>
          <gpxdata:distance>6948.89</gpxdata:distance>
          <gpxdata:speed>0.911</gpxdata:speed>
        </extensions>
      </trkpt>
      <trkpt lat="46.6899089" lon="9.4545355">
        <ele>1079.6</ele>
        <time>2026-09-15T12:16:55Z</time>
        <extensions>
          <gpxdata:distance>6962.30</gpxdata:distance>
          <gpxdata:speed>0.913</gpxdata:speed>
        </extensions>
      </trkpt>
      <trkpt lat="46.6898569" lon="9.4544165">
        <ele>1078.7</ele>
        <time>2026-09-15T12:17:07Z</time>
        <extensions>
          <gpxdata:distance>6973.06</gpxdata:distance>
          <gpxdata:speed>0.911</gpxdata:speed>
        </extensions>
      </trkpt>
      <trkpt lat="46.6898309" lon="9.4543495">
        <ele>1078.2</ele>
        <time>2026-09-15T12:17:14Z</time>
        <extensions>
          <gpxdata:distance>6978.93</gpxdata:distance>
          <gpxdata:speed>0.907</gpxdata:speed>
        </extensions>
      </trkpt>
      <trkpt lat="46.6897959" lon="9.4542835">
        <ele>1077.6</ele>
        <time>2026-09-15T12:17:21Z</time>
        <extensions>
          <gpxdata:distance>6985.29</gpxdata:distance>
          <gpxdata:speed>0.905</gpxdata:speed>
        </extensions>
      </trkpt>
      <trkpt lat="46.6897709" lon="9.4542035">
        <ele>1076.7</ele>
        <time>2026-09-15T12:17:28Z</time>
        <extensions>
          <gpxdata:distance>6992.00</gpxdata:distance>
          <gpxdata:speed>0.904</gpxdata:speed>
        </extensions>
      </trkpt>
      <trkpt lat="46.6897449" lon="9.4541115">
        <ele>1075.6</ele>
        <time>2026-09-15T12:17:36Z</time>
        <extensions>
          <gpxdata:distance>6999.59</gpxdata:distance>
          <gpxdata:speed>0.903</gpxdata:speed>
        </extensions>
      </trkpt>
      <trkpt lat="46.6896499" lon="9.4538985">
        <ele>1072.9</ele>
        <time>2026-09-15T12:17:58Z</time>
        <extensions>
          <gpxdata:distance>7018.97</gpxdata:distance>
          <gpxdata:speed>0.909</gpxdata:speed>
        </extensions>
      </trkpt>
      <trkpt lat="46.6896069" lon="9.4537925">
        <ele>1071.6</ele>
        <time>2026-09-15T12:18:08Z</time>
        <extensions>
          <gpxdata:distance>7028.36</gpxdata:distance>
          <gpxdata:speed>0.911</gpxdata:speed>
        </extensions>
      </trkpt>
      <trkpt lat="46.6895459" lon="9.4536724">
        <ele>1070.0</ele>
        <time>2026-09-15T12:18:20Z</time>
        <extensions>
          <gpxdata:distance>7039.76</gpxdata:distance>
          <gpxdata:speed>0.916</gpxdata:speed>
        </extensions>
      </trkpt>
      <trkpt lat="46.6894589" lon="9.4535384">
        <ele>1068.4</ele>
        <time>2026-09-15T12:18:36Z</time>
        <extensions>
          <gpxdata:distance>7053.83</gpxdata:distance>
          <gpxdata:speed>0.915</gpxdata:speed>
        </extensions>
      </trkpt>
      <trkpt lat="46.6893449" lon="9.4533644">
        <ele>1066.1</ele>
        <time>2026-09-15T12:18:56Z</time>
        <extensions>
          <gpxdata:distance>7072.18</gpxdata:distance>
          <gpxdata:speed>0.919</gpxdata:speed>
        </extensions>
      </trkpt>
      <trkpt lat="46.6892399" lon="9.4531904">
        <ele>1063.7</ele>
        <time>2026-09-15T12:19:15Z</time>
        <extensions>
          <gpxdata:distance>7089.86</gpxdata:distance>
          <gpxdata:speed>0.922</gpxdata:speed>
        </extensions>
      </trkpt>
      <trkpt lat="46.6891869" lon="9.4531094">
        <ele>1062.4</ele>
        <time>2026-09-15T12:19:24Z</time>
        <extensions>
          <gpxdata:distance>7098.40</gpxdata:distance>
          <gpxdata:speed>0.926</gpxdata:speed>
        </extensions>
      </trkpt>
      <trkpt lat="46.6891429" lon="9.4530554">
        <ele>1061.5</ele>
        <time>2026-09-15T12:19:31Z</time>
        <extensions>
          <gpxdata:distance>7104.79</gpxdata:distance>
          <gpxdata:speed>0.926</gpxdata:speed>
        </extensions>
      </trkpt>
      <trkpt lat="46.6890989" lon="9.4529884">
        <ele>1060.6</ele>
        <time>2026-09-15T12:19:39Z</time>
        <extensions>
          <gpxdata:distance>7111.87</gpxdata:distance>
          <gpxdata:speed>0.925</gpxdata:speed>
        </extensions>
      </trkpt>
      <trkpt lat="46.6890289" lon="9.4529074">
        <ele>1059.2</ele>
        <time>2026-09-15T12:19:49Z</time>
        <extensions>
          <gpxdata:distance>7121.80</gpxdata:distance>
          <gpxdata:speed>0.925</gpxdata:speed>
        </extensions>
      </trkpt>
      <trkpt lat="46.6889140" lon="9.4527984">
        <ele>1057.0</ele>
        <time>2026-09-15T12:20:06Z</time>
        <extensions>
          <gpxdata:distance>7137.05</gpxdata:distance>
          <gpxdata:speed>0.926</gpxdata:speed>
        </extensions>
      </trkpt>
      <trkpt lat="46.6888080" lon="9.4526644">
        <ele>1054.5</ele>
        <time>2026-09-15T12:20:23Z</time>
        <extensions>
          <gpxdata:distance>7152.65</gpxdata:distance>
          <gpxdata:speed>0.928</gpxdata:speed>
        </extensions>
      </trkpt>
      <trkpt lat="46.6886580" lon="9.4524884">
        <ele>1051.3</ele>
        <time>2026-09-15T12:20:46Z</time>
        <extensions>
          <gpxdata:distance>7174.06</gpxdata:distance>
          <gpxdata:speed>0.933</gpxdata:speed>
        </extensions>
      </trkpt>
      <trkpt lat="46.6885970" lon="9.4524074">
        <ele>1049.9</ele>
        <time>2026-09-15T12:20:56Z</time>
        <extensions>
          <gpxdata:distance>7183.23</gpxdata:distance>
          <gpxdata:speed>0.936</gpxdata:speed>
        </extensions>
      </trkpt>
      <trkpt lat="46.6885620" lon="9.4523544">
        <ele>1049.1</ele>
        <time>2026-09-15T12:21:01Z</time>
        <extensions>
          <gpxdata:distance>7188.85</gpxdata:distance>
          <gpxdata:speed>0.938</gpxdata:speed>
        </extensions>
      </trkpt>
      <trkpt lat="46.6885270" lon="9.4522874">
        <ele>1048.3</ele>
        <time>2026-09-15T12:21:08Z</time>
        <extensions>
          <gpxdata:distance>7195.27</gpxdata:distance>
          <gpxdata:speed>0.936</gpxdata:speed>
        </extensions>
      </trkpt>
      <trkpt lat="46.6884920" lon="9.4521944">
        <ele>1047.1</ele>
        <time>2026-09-15T12:21:17Z</time>
        <extensions>
          <gpxdata:distance>7203.36</gpxdata:distance>
          <gpxdata:speed>0.937</gpxdata:speed>
        </extensions>
      </trkpt>
      <trkpt lat="46.6884490" lon="9.4520884">
        <ele>1045.8</ele>
        <time>2026-09-15T12:21:27Z</time>
        <extensions>
          <gpxdata:distance>7212.75</gpxdata:distance>
          <gpxdata:speed>0.937</gpxdata:speed>
        </extensions>
      </trkpt>
      <trkpt lat="46.6884150" lon="9.4519824">
        <ele>1044.7</ele>
        <time>2026-09-15T12:21:37Z</time>
        <extensions>
          <gpxdata:distance>7221.68</gpxdata:distance>
          <gpxdata:speed>0.936</gpxdata:speed>
        </extensions>
      </trkpt>
      <trkpt lat="46.6883120" lon="9.4517174">
        <ele>1041.9</ele>
        <time>2026-09-15T12:22:02Z</time>
        <extensions>
          <gpxdata:distance>7244.91</gpxdata:distance>
          <gpxdata:speed>0.931</gpxdata:speed>
        </extensions>
      </trkpt>
      <trkpt lat="46.6882870" lon="9.4516244">
        <ele>1040.9</ele>
        <time>2026-09-15T12:22:10Z</time>
        <extensions>
          <gpxdata:distance>7252.53</gpxdata:distance>
          <gpxdata:speed>0.927</gpxdata:speed>
        </extensions>
      </trkpt>
      <trkpt lat="46.6882790" lon="9.4515584">
        <ele>1040.3</ele>
        <time>2026-09-15T12:22:15Z</time>
        <extensions>
          <gpxdata:distance>7257.64</gpxdata:distance>
          <gpxdata:speed>0.923</gpxdata:speed>
        </extensions>
      </trkpt>
      <trkpt lat="46.6882710" lon="9.4514933">
        <ele>1039.6</ele>
        <time>2026-09-15T12:22:21Z</time>
        <extensions>
          <gpxdata:distance>7262.69</gpxdata:distance>
          <gpxdata:speed>0.921</gpxdata:speed>
        </extensions>
      </trkpt>
      <trkpt lat="46.6882720" lon="9.4514273">
        <ele>1038.8</ele>
        <time>2026-09-15T12:22:26Z</time>
        <extensions>
          <gpxdata:distance>7267.72</gpxdata:distance>
          <gpxdata:speed>0.922</gpxdata:speed>
        </extensions>
      </trkpt>
      <trkpt lat="46.6882730" lon="9.4513753">
        <ele>1038.2</ele>
        <time>2026-09-15T12:22:30Z</time>
        <extensions>
          <gpxdata:distance>7271.69</gpxdata:distance>
          <gpxdata:speed>0.924</gpxdata:speed>
        </extensions>
      </trkpt>
      <trkpt lat="46.6882650" lon="9.4513363">
        <ele>1037.6</ele>
        <time>2026-09-15T12:22:34Z</time>
        <extensions>
          <gpxdata:distance>7274.80</gpxdata:distance>
          <gpxdata:speed>0.925</gpxdata:speed>
        </extensions>
      </trkpt>
      <trkpt lat="46.6882470" lon="9.4512963">
        <ele>1037.1</ele>
        <time>2026-09-15T12:22:38Z</time>
        <extensions>
          <gpxdata:distance>7278.45</gpxdata:distance>
          <gpxdata:speed>0.924</gpxdata:speed>
        </extensions>
      </trkpt>
      <trkpt lat="46.6882120" lon="9.4512813">
        <ele>1036.6</ele>
        <time>2026-09-15T12:22:42Z</time>
        <extensions>
          <gpxdata:distance>7282.50</gpxdata:distance>
          <gpxdata:speed>0.925</gpxdata:speed>
        </extensions>
      </trkpt>
      <trkpt lat="46.6881850" lon="9.4512803">
        <ele>1036.0</ele>
        <time>2026-09-15T12:22:45Z</time>
        <extensions>
          <gpxdata:distance>7285.50</gpxdata:distance>
          <gpxdata:speed>0.936</gpxdata:speed>
        </extensions>
      </trkpt>
      <trkpt lat="46.6881390" lon="9.4512923">
        <ele>1035.3</ele>
        <time>2026-09-15T12:22:51Z</time>
        <extensions>
          <gpxdata:distance>7290.70</gpxdata:distance>
          <gpxdata:speed>0.937</gpxdata:speed>
        </extensions>
      </trkpt>
      <trkpt lat="46.6881120" lon="9.4513043">
        <ele>1034.6</ele>
        <time>2026-09-15T12:22:54Z</time>
        <extensions>
          <gpxdata:distance>7293.84</gpxdata:distance>
          <gpxdata:speed>0.930</gpxdata:speed>
        </extensions>
      </trkpt>
      <trkpt lat="46.6880760" lon="9.4513423">
        <ele>1034.0</ele>
        <time>2026-09-15T12:23:00Z</time>
        <extensions>
          <gpxdata:distance>7298.78</gpxdata:distance>
          <gpxdata:speed>0.933</gpxdata:speed>
        </extensions>
      </trkpt>
      <trkpt lat="46.6880390" lon="9.4513803">
        <ele>1033.4</ele>
        <time>2026-09-15T12:23:05Z</time>
        <extensions>
          <gpxdata:distance>7303.81</gpxdata:distance>
          <gpxdata:speed>0.940</gpxdata:speed>
        </extensions>
      </trkpt>
      <trkpt lat="46.6880110" lon="9.4514183">
        <ele>1032.6</ele>
        <time>2026-09-15T12:23:10Z</time>
        <extensions>
          <gpxdata:distance>7308.07</gpxdata:distance>
          <gpxdata:speed>0.935</gpxdata:speed>
        </extensions>
      </trkpt>
      <trkpt lat="46.6879740" lon="9.4514953">
        <ele>1031.6</ele>
        <time>2026-09-15T12:23:17Z</time>
        <extensions>
          <gpxdata:distance>7315.24</gpxdata:distance>
          <gpxdata:speed>0.939</gpxdata:speed>
        </extensions>
      </trkpt>
      <trkpt lat="46.6879370" lon="9.4515593">
        <ele>1030.6</ele>
        <time>2026-09-15T12:23:24Z</time>
        <extensions>
          <gpxdata:distance>7321.62</gpxdata:distance>
          <gpxdata:speed>0.939</gpxdata:speed>
        </extensions>
      </trkpt>
      <trkpt lat="46.6879270" lon="9.4516244">
        <ele>1029.9</ele>
        <time>2026-09-15T12:23:29Z</time>
        <extensions>
          <gpxdata:distance>7326.71</gpxdata:distance>
          <gpxdata:speed>0.938</gpxdata:speed>
        </extensions>
      </trkpt>
      <trkpt lat="46.6879160" lon="9.4516894">
        <ele>1029.3</ele>
        <time>2026-09-15T12:23:35Z</time>
        <extensions>
          <gpxdata:distance>7331.82</gpxdata:distance>
          <gpxdata:speed>0.935</gpxdata:speed>
        </extensions>
      </trkpt>
      <trkpt lat="46.6879160" lon="9.4517414">
        <ele>1028.6</ele>
        <time>2026-09-15T12:23:39Z</time>
        <extensions>
          <gpxdata:distance>7335.79</gpxdata:distance>
          <gpxdata:speed>0.939</gpxdata:speed>
        </extensions>
      </trkpt>
      <trkpt lat="46.6879230" lon="9.4518074">
        <ele>1027.8</ele>
        <time>2026-09-15T12:23:45Z</time>
        <extensions>
          <gpxdata:distance>7340.88</gpxdata:distance>
          <gpxdata:speed>0.935</gpxdata:speed>
        </extensions>
      </trkpt>
      <trkpt lat="46.6879570" lon="9.4519524">
        <ele>1026.3</ele>
        <time>2026-09-15T12:23:57Z</time>
        <extensions>
          <gpxdata:distance>7352.57</gpxdata:distance>
          <gpxdata:speed>0.934</gpxdata:speed>
        </extensions>
      </trkpt>
      <trkpt lat="46.6879560" lon="9.4519784">
        <ele>1025.8</ele>
        <time>2026-09-15T12:23:59Z</time>
        <extensions>
          <gpxdata:distance>7354.55</gpxdata:distance>
          <gpxdata:speed>0.940</gpxdata:speed>
        </extensions>
      </trkpt>
      <trkpt lat="46.6879550" lon="9.4520304">
        <ele>1025.2</ele>
        <time>2026-09-15T12:24:03Z</time>
        <extensions>
          <gpxdata:distance>7358.52</gpxdata:distance>
          <gpxdata:speed>0.937</gpxdata:speed>
        </extensions>
      </trkpt>
      <trkpt lat="46.6879370" lon="9.4520694">
        <ele>1024.7</ele>
        <time>2026-09-15T12:24:07Z</time>
        <extensions>
          <gpxdata:distance>7362.11</gpxdata:distance>
          <gpxdata:speed>0.938</gpxdata:speed>
        </extensions>
      </trkpt>
      <trkpt lat="46.6879190" lon="9.4520814">
        <ele>1024.3</ele>
        <time>2026-09-15T12:24:10Z</time>
        <extensions>
          <gpxdata:distance>7364.31</gpxdata:distance>
          <gpxdata:speed>0.938</gpxdata:speed>
        </extensions>
      </trkpt>
      <trkpt lat="46.6878910" lon="9.4520934">
        <ele>1023.8</ele>
        <time>2026-09-15T12:24:13Z</time>
        <extensions>
          <gpxdata:distance>7367.55</gpxdata:distance>
          <gpxdata:speed>0.939</gpxdata:speed>
        </extensions>
      </trkpt>
      <trkpt lat="46.6878650" lon="9.4520794">
        <ele>1023.2</ele>
        <time>2026-09-15T12:24:16Z</time>
        <extensions>
          <gpxdata:distance>7370.64</gpxdata:distance>
          <gpxdata:speed>0.930</gpxdata:speed>
        </extensions>
      </trkpt>
      <trkpt lat="46.6878290" lon="9.4520524">
        <ele>1022.4</ele>
        <time>2026-09-15T12:24:21Z</time>
        <extensions>
          <gpxdata:distance>7375.14</gpxdata:distance>
          <gpxdata:speed>0.930</gpxdata:speed>
        </extensions>
      </trkpt>
      <trkpt lat="46.6877850" lon="9.4519984">
        <ele>1021.6</ele>
        <time>2026-09-15T12:24:28Z</time>
        <extensions>
          <gpxdata:distance>7381.53</gpxdata:distance>
          <gpxdata:speed>0.937</gpxdata:speed>
        </extensions>
      </trkpt>
      <trkpt lat="46.6877230" lon="9.4519304">
        <ele>1020.3</ele>
        <time>2026-09-15T12:24:37Z</time>
        <extensions>
          <gpxdata:distance>7390.16</gpxdata:distance>
          <gpxdata:speed>0.927</gpxdata:speed>
        </extensions>
      </trkpt>
      <trkpt lat="46.6876970" lon="9.4519034">
        <ele>1019.6</ele>
        <time>2026-09-15T12:24:41Z</time>
        <extensions>
          <gpxdata:distance>7393.71</gpxdata:distance>
          <gpxdata:speed>0.929</gpxdata:speed>
        </extensions>
      </trkpt>
      <trkpt lat="46.6876700" lon="9.4518894">
        <ele>1019.1</ele>
        <time>2026-09-15T12:24:45Z</time>
        <extensions>
          <gpxdata:distance>7396.90</gpxdata:distance>
          <gpxdata:speed>0.928</gpxdata:speed>
        </extensions>
      </trkpt>
      <trkpt lat="46.6876430" lon="9.4518884">
        <ele>1018.6</ele>
        <time>2026-09-15T12:24:48Z</time>
        <extensions>
          <gpxdata:distance>7399.90</gpxdata:distance>
          <gpxdata:speed>0.925</gpxdata:speed>
        </extensions>
      </trkpt>
      <trkpt lat="46.6876250" lon="9.4519134">
        <ele>1018.2</ele>
        <time>2026-09-15T12:24:51Z</time>
        <extensions>
          <gpxdata:distance>7402.66</gpxdata:distance>
          <gpxdata:speed>0.928</gpxdata:speed>
        </extensions>
      </trkpt>
      <trkpt lat="46.6875970" lon="9.4519514">
        <ele>1017.8</ele>
        <time>2026-09-15T12:24:55Z</time>
        <extensions>
          <gpxdata:distance>7406.92</gpxdata:distance>
          <gpxdata:speed>0.937</gpxdata:speed>
        </extensions>
      </trkpt>
      <trkpt lat="46.6875130" lon="9.4521314">
        <ele>1015.6</ele>
        <time>2026-09-15T12:25:13Z</time>
        <extensions>
          <gpxdata:distance>7423.52</gpxdata:distance>
          <gpxdata:speed>0.934</gpxdata:speed>
        </extensions>
      </trkpt>
      <trkpt lat="46.6874760" lon="9.4521824">
        <ele>1014.8</ele>
        <time>2026-09-15T12:25:19Z</time>
        <extensions>
          <gpxdata:distance>7429.19</gpxdata:distance>
          <gpxdata:speed>0.932</gpxdata:speed>
        </extensions>
      </trkpt>
      <trkpt lat="46.6874480" lon="9.4522344">
        <ele>1014.2</ele>
        <time>2026-09-15T12:25:25Z</time>
        <extensions>
          <gpxdata:distance>7434.23</gpxdata:distance>
          <gpxdata:speed>0.931</gpxdata:speed>
        </extensions>
      </trkpt>
      <trkpt lat="46.6874110" lon="9.4522714">
        <ele>1013.8</ele>
        <time>2026-09-15T12:25:30Z</time>
        <extensions>
          <gpxdata:distance>7439.22</gpxdata:distance>
          <gpxdata:speed>0.924</gpxdata:speed>
        </extensions>
      </trkpt>
      <trkpt lat="46.6873750" lon="9.4522964">
        <ele>1013.3</ele>
        <time>2026-09-15T12:25:35Z</time>
        <extensions>
          <gpxdata:distance>7443.65</gpxdata:distance>
          <gpxdata:speed>0.918</gpxdata:speed>
        </extensions>
      </trkpt>
      <trkpt lat="46.6873480" lon="9.4523084">
        <ele>1012.8</ele>
        <time>2026-09-15T12:25:38Z</time>
        <extensions>
          <gpxdata:distance>7446.79</gpxdata:distance>
          <gpxdata:speed>0.918</gpxdata:speed>
        </extensions>
      </trkpt>
      <trkpt lat="46.6873120" lon="9.4523074">
        <ele>1012.2</ele>
        <time>2026-09-15T12:25:43Z</time>
        <extensions>
          <gpxdata:distance>7450.79</gpxdata:distance>
          <gpxdata:speed>0.918</gpxdata:speed>
        </extensions>
      </trkpt>
      <trkpt lat="46.6872850" lon="9.4523064">
        <ele>1011.8</ele>
        <time>2026-09-15T12:25:46Z</time>
        <extensions>
          <gpxdata:distance>7453.80</gpxdata:distance>
          <gpxdata:speed>0.917</gpxdata:speed>
        </extensions>
      </trkpt>
      <trkpt lat="46.6872850" lon="9.4523064">
        <ele>1011.8</ele>
        <time>2026-09-15T12:25:46Z</time>
        <extensions>
          <gpxdata:distance>7453.80</gpxdata:distance>
          <gpxdata:speed>0.000</gpxdata:speed>
        </extensions>
      </trkpt>
      <trkpt lat="46.6872670" lon="9.4522924">
        <ele>1011.5</ele>
        <time>2026-09-15T12:25:48Z</time>
        <extensions>
          <gpxdata:distance>7456.07</gpxdata:distance>
          <gpxdata:speed>0.918</gpxdata:speed>
        </extensions>
      </trkpt>
      <trkpt lat="46.6872400" lon="9.4522654">
        <ele>1011.0</ele>
        <time>2026-09-15T12:25:52Z</time>
        <extensions>
          <gpxdata:distance>7459.71</gpxdata:distance>
          <gpxdata:speed>0.917</gpxdata:speed>
        </extensions>
      </trkpt>
      <trkpt lat="46.6872150" lon="9.4521994">
        <ele>1010.3</ele>
        <time>2026-09-15T12:25:59Z</time>
        <extensions>
          <gpxdata:distance>7465.46</gpxdata:distance>
          <gpxdata:speed>0.917</gpxdata:speed>
        </extensions>
      </trkpt>
      <trkpt lat="46.6871890" lon="9.4521194">
        <ele>1009.1</ele>
        <time>2026-09-15T12:26:06Z</time>
        <extensions>
          <gpxdata:distance>7472.21</gpxdata:distance>
          <gpxdata:speed>0.933</gpxdata:speed>
        </extensions>
      </trkpt>
      <trkpt lat="46.6871720" lon="9.4520534">
        <ele>1008.4</ele>
        <time>2026-09-15T12:26:12Z</time>
        <extensions>
          <gpxdata:distance>7477.59</gpxdata:distance>
          <gpxdata:speed>0.935</gpxdata:speed>
        </extensions>
      </trkpt>
      <trkpt lat="46.6871550" lon="9.4519874">
        <ele>1007.8</ele>
        <time>2026-09-15T12:26:17Z</time>
        <extensions>
          <gpxdata:distance>7482.96</gpxdata:distance>
          <gpxdata:speed>0.929</gpxdata:speed>
        </extensions>
      </trkpt>
      <trkpt lat="46.6871470" lon="9.4519224">
        <ele>1006.7</ele>
        <time>2026-09-15T12:26:23Z</time>
        <extensions>
          <gpxdata:distance>7488.00</gpxdata:distance>
          <gpxdata:speed>0.938</gpxdata:speed>
        </extensions>
      </trkpt>
      <trkpt lat="46.6871510" lon="9.4517393">
        <ele>1004.7</ele>
        <time>2026-09-15T12:26:38Z</time>
        <extensions>
          <gpxdata:distance>7501.98</gpxdata:distance>
          <gpxdata:speed>0.938</gpxdata:speed>
        </extensions>
      </trkpt>
      <trkpt lat="46.6871430" lon="9.4516473">
        <ele>1003.2</ele>
        <time>2026-09-15T12:26:45Z</time>
        <extensions>
          <gpxdata:distance>7509.05</gpxdata:distance>
          <gpxdata:speed>0.932</gpxdata:speed>
        </extensions>
      </trkpt>
      <trkpt lat="46.6871350" lon="9.4515943">
        <ele>1002.6</ele>
        <time>2026-09-15T12:26:50Z</time>
        <extensions>
          <gpxdata:distance>7513.19</gpxdata:distance>
          <gpxdata:speed>0.932</gpxdata:speed>
        </extensions>
      </trkpt>
      <trkpt lat="46.6871090" lon="9.4515283">
        <ele>1001.7</ele>
        <time>2026-09-15T12:26:56Z</time>
        <extensions>
          <gpxdata:distance>7518.99</gpxdata:distance>
          <gpxdata:speed>0.931</gpxdata:speed>
        </extensions>
      </trkpt>
      <trkpt lat="46.6869010" lon="9.4510893">
        <ele>996.7</ele>
        <time>2026-09-15T12:27:39Z</time>
        <extensions>
          <gpxdata:distance>7559.69</gpxdata:distance>
          <gpxdata:speed>0.935</gpxdata:speed>
        </extensions>
      </trkpt>
      <trkpt lat="46.6867970" lon="9.4508623">
        <ele>995.0</ele>
        <time>2026-09-15T12:28:02Z</time>
        <extensions>
          <gpxdata:distance>7580.51</gpxdata:distance>
          <gpxdata:speed>0.922</gpxdata:speed>
        </extensions>
      </trkpt>
      <trkpt lat="46.6867190" lon="9.4507033">
        <ele>994.0</ele>
        <time>2026-09-15T12:28:18Z</time>
        <extensions>
          <gpxdata:distance>7595.42</gpxdata:distance>
          <gpxdata:speed>0.915</gpxdata:speed>
        </extensions>
      </trkpt>
      <trkpt lat="46.6866760" lon="9.4506103">
        <ele>993.5</ele>
        <time>2026-09-15T12:28:28Z</time>
        <extensions>
          <gpxdata:distance>7603.98</gpxdata:distance>
          <gpxdata:speed>0.911</gpxdata:speed>
        </extensions>
      </trkpt>
      <trkpt lat="46.6866500" lon="9.4505563">
        <ele>993.1</ele>
        <time>2026-09-15T12:28:33Z</time>
        <extensions>
          <gpxdata:distance>7609.01</gpxdata:distance>
          <gpxdata:speed>0.906</gpxdata:speed>
        </extensions>
      </trkpt>
      <trkpt lat="46.6866330" lon="9.4505033">
        <ele>992.8</ele>
        <time>2026-09-15T12:28:38Z</time>
        <extensions>
          <gpxdata:distance>7613.47</gpxdata:distance>
          <gpxdata:speed>0.901</gpxdata:speed>
        </extensions>
      </trkpt>
      <trkpt lat="46.6866250" lon="9.4504513">
        <ele>992.4</ele>
        <time>2026-09-15T12:28:43Z</time>
        <extensions>
          <gpxdata:distance>7617.54</gpxdata:distance>
          <gpxdata:speed>0.895</gpxdata:speed>
        </extensions>
      </trkpt>
      <trkpt lat="46.6866250" lon="9.4503983">
        <ele>992.1</ele>
        <time>2026-09-15T12:28:47Z</time>
        <extensions>
          <gpxdata:distance>7621.58</gpxdata:distance>
          <gpxdata:speed>0.898</gpxdata:speed>
        </extensions>
      </trkpt>
      <trkpt lat="46.6866490" lon="9.4500993">
        <ele>989.9</ele>
        <time>2026-09-15T12:29:13Z</time>
        <extensions>
          <gpxdata:distance>7644.54</gpxdata:distance>
          <gpxdata:speed>0.901</gpxdata:speed>
        </extensions>
      </trkpt>
      <trkpt lat="46.6866690" lon="9.4499823">
        <ele>989.2</ele>
        <time>2026-09-15T12:29:23Z</time>
        <extensions>
          <gpxdata:distance>7653.74</gpxdata:distance>
          <gpxdata:speed>0.916</gpxdata:speed>
        </extensions>
      </trkpt>
      <trkpt lat="46.6866790" lon="9.4498903">
        <ele>988.4</ele>
        <time>2026-09-15T12:29:31Z</time>
        <extensions>
          <gpxdata:distance>7660.85</gpxdata:distance>
          <gpxdata:speed>0.914</gpxdata:speed>
        </extensions>
      </trkpt>
      <trkpt lat="46.6867080" lon="9.4498003">
        <ele>987.0</ele>
        <time>2026-09-15T12:29:39Z</time>
        <extensions>
          <gpxdata:distance>7668.43</gpxdata:distance>
          <gpxdata:speed>0.899</gpxdata:speed>
        </extensions>
      </trkpt>
      <trkpt lat="46.6867640" lon="9.4496973">
        <ele>985.5</ele>
        <time>2026-09-15T12:29:50Z</time>
        <extensions>
          <gpxdata:distance>7678.46</gpxdata:distance>
          <gpxdata:speed>0.901</gpxdata:speed>
        </extensions>
      </trkpt>
      <trkpt lat="46.6868110" lon="9.4495953">
        <ele>984.2</ele>
        <time>2026-09-15T12:30:00Z</time>
        <extensions>
          <gpxdata:distance>7687.83</gpxdata:distance>
          <gpxdata:speed>0.906</gpxdata:speed>
        </extensions>
      </trkpt>
      <trkpt lat="46.6868390" lon="9.4494913">
        <ele>983.2</ele>
        <time>2026-09-15T12:30:10Z</time>
        <extensions>
          <gpxdata:distance>7696.35</gpxdata:distance>
          <gpxdata:speed>0.909</gpxdata:speed>
        </extensions>
      </trkpt>
      <trkpt lat="46.6868590" lon="9.4494133">
        <ele>982.5</ele>
        <time>2026-09-15T12:30:17Z</time>
        <extensions>
          <gpxdata:distance>7702.70</gpxdata:distance>
          <gpxdata:speed>0.909</gpxdata:speed>
        </extensions>
      </trkpt>
      <trkpt lat="46.6868600" lon="9.4493353">
        <ele>981.5</ele>
        <time>2026-09-15T12:30:23Z</time>
        <extensions>
          <gpxdata:distance>7708.65</gpxdata:distance>
          <gpxdata:speed>0.914</gpxdata:speed>
        </extensions>
      </trkpt>
      <trkpt lat="46.6868530" lon="9.4492303">
        <ele>980.6</ele>
        <time>2026-09-15T12:30:32Z</time>
        <extensions>
          <gpxdata:distance>7716.70</gpxdata:distance>
          <gpxdata:speed>0.921</gpxdata:speed>
        </extensions>
      </trkpt>
      <trkpt lat="46.6868370" lon="9.4491383">
        <ele>979.7</ele>
        <time>2026-09-15T12:30:40Z</time>
        <extensions>
          <gpxdata:distance>7723.94</gpxdata:distance>
          <gpxdata:speed>0.927</gpxdata:speed>
        </extensions>
      </trkpt>
      <trkpt lat="46.6868200" lon="9.4490723">
        <ele>978.9</ele>
        <time>2026-09-15T12:30:46Z</time>
        <extensions>
          <gpxdata:distance>7729.32</gpxdata:distance>
          <gpxdata:speed>0.930</gpxdata:speed>
        </extensions>
      </trkpt>
      <trkpt lat="46.6867500" lon="9.4489253">
        <ele>977.2</ele>
        <time>2026-09-15T12:31:00Z</time>
        <extensions>
          <gpxdata:distance>7742.97</gpxdata:distance>
          <gpxdata:speed>0.923</gpxdata:speed>
        </extensions>
      </trkpt>
      <trkpt lat="46.6867250" lon="9.4488463">
        <ele>976.4</ele>
        <time>2026-09-15T12:31:08Z</time>
        <extensions>
          <gpxdata:distance>7749.60</gpxdata:distance>
          <gpxdata:speed>0.920</gpxdata:speed>
        </extensions>
      </trkpt>
      <trkpt lat="46.6867080" lon="9.4487803">
        <ele>975.8</ele>
        <time>2026-09-15T12:31:14Z</time>
        <extensions>
          <gpxdata:distance>7754.98</gpxdata:distance>
          <gpxdata:speed>0.917</gpxdata:speed>
        </extensions>
      </trkpt>
      <trkpt lat="46.6866920" lon="9.4486752">
        <ele>974.6</ele>
        <time>2026-09-15T12:31:22Z</time>
        <extensions>
          <gpxdata:distance>7763.19</gpxdata:distance>
          <gpxdata:speed>0.921</gpxdata:speed>
        </extensions>
      </trkpt>
      <trkpt lat="46.6866920" lon="9.4486752">
        <ele>974.6</ele>
        <time>2026-09-15T12:31:22Z</time>
        <extensions>
          <gpxdata:distance>7763.19</gpxdata:distance>
          <gpxdata:speed>0.000</gpxdata:speed>
        </extensions>
      </trkpt>
      <trkpt lat="46.6866930" lon="9.4486232">
        <ele>974.2</ele>
        <time>2026-09-15T12:31:27Z</time>
        <extensions>
          <gpxdata:distance>7767.16</gpxdata:distance>
          <gpxdata:speed>0.917</gpxdata:speed>
        </extensions>
      </trkpt>
      <trkpt lat="46.6866930" lon="9.4486232">
        <ele>974.2</ele>
        <time>2026-09-15T12:31:27Z</time>
        <extensions>
          <gpxdata:distance>7767.16</gpxdata:distance>
          <gpxdata:speed>0.000</gpxdata:speed>
        </extensions>
      </trkpt>
      <trkpt lat="46.6867030" lon="9.4485712">
        <ele>973.5</ele>
        <time>2026-09-15T12:31:31Z</time>
        <extensions>
          <gpxdata:distance>7771.28</gpxdata:distance>
          <gpxdata:speed>0.923</gpxdata:speed>
        </extensions>
      </trkpt>
      <trkpt lat="46.6867220" lon="9.4485192">
        <ele>972.8</ele>
        <time>2026-09-15T12:31:36Z</time>
        <extensions>
          <gpxdata:distance>7775.77</gpxdata:distance>
          <gpxdata:speed>0.923</gpxdata:speed>
        </extensions>
      </trkpt>
      <trkpt lat="46.6867500" lon="9.4484552">
        <ele>972.0</ele>
        <time>2026-09-15T12:31:42Z</time>
        <extensions>
          <gpxdata:distance>7781.56</gpxdata:distance>
          <gpxdata:speed>0.926</gpxdata:speed>
        </extensions>
      </trkpt>
      <trkpt lat="46.6867780" lon="9.4484032">
        <ele>971.3</ele>
        <time>2026-09-15T12:31:48Z</time>
        <extensions>
          <gpxdata:distance>7786.61</gpxdata:distance>
          <gpxdata:speed>0.929</gpxdata:speed>
        </extensions>
      </trkpt>
      <trkpt lat="46.6868140" lon="9.4483662">
        <ele>970.4</ele>
        <time>2026-09-15T12:31:53Z</time>
        <extensions>
          <gpxdata:distance>7791.50</gpxdata:distance>
          <gpxdata:speed>0.938</gpxdata:speed>
        </extensions>
      </trkpt>
      <trkpt lat="46.6868690" lon="9.4483282">
        <ele>969.6</ele>
        <time>2026-09-15T12:32:00Z</time>
        <extensions>
          <gpxdata:distance>7798.27</gpxdata:distance>
          <gpxdata:speed>0.933</gpxdata:speed>
        </extensions>
      </trkpt>
      <trkpt lat="46.6871410" lon="9.4481952">
        <ele>964.8</ele>
        <time>2026-09-15T12:32:34Z</time>
        <extensions>
          <gpxdata:distance>7830.17</gpxdata:distance>
          <gpxdata:speed>0.937</gpxdata:speed>
        </extensions>
      </trkpt>
      <trkpt lat="46.6874400" lon="9.4480752">
        <ele>960.0</ele>
        <time>2026-09-15T12:33:11Z</time>
        <extensions>
          <gpxdata:distance>7864.66</gpxdata:distance>
          <gpxdata:speed>0.936</gpxdata:speed>
        </extensions>
      </trkpt>
      <trkpt lat="46.6875310" lon="9.4480392">
        <ele>958.7</ele>
        <time>2026-09-15T12:33:22Z</time>
        <extensions>
          <gpxdata:distance>7875.14</gpxdata:distance>
          <gpxdata:speed>0.934</gpxdata:speed>
        </extensions>
      </trkpt>
      <trkpt lat="46.6875950" lon="9.4480022">
        <ele>957.7</ele>
        <time>2026-09-15T12:33:31Z</time>
        <extensions>
          <gpxdata:distance>7882.80</gpxdata:distance>
          <gpxdata:speed>0.932</gpxdata:speed>
        </extensions>
      </trkpt>
      <trkpt lat="46.6876490" lon="9.4479652">
        <ele>956.7</ele>
        <time>2026-09-15T12:33:38Z</time>
        <extensions>
          <gpxdata:distance>7889.43</gpxdata:distance>
          <gpxdata:speed>0.932</gpxdata:speed>
        </extensions>
      </trkpt>
      <trkpt lat="46.6877220" lon="9.4479162">
        <ele>955.2</ele>
        <time>2026-09-15T12:33:47Z</time>
        <extensions>
          <gpxdata:distance>7898.37</gpxdata:distance>
          <gpxdata:speed>0.934</gpxdata:speed>
        </extensions>
      </trkpt>
      <trkpt lat="46.6879050" lon="9.4477522">
        <ele>952.1</ele>
        <time>2026-09-15T12:34:13Z</time>
        <extensions>
          <gpxdata:distance>7922.26</gpxdata:distance>
          <gpxdata:speed>0.932</gpxdata:speed>
        </extensions>
      </trkpt>
      <trkpt lat="46.6879510" lon="9.4477152">
        <ele>951.3</ele>
        <time>2026-09-15T12:34:19Z</time>
        <extensions>
          <gpxdata:distance>7928.10</gpxdata:distance>
          <gpxdata:speed>0.931</gpxdata:speed>
        </extensions>
      </trkpt>
      <trkpt lat="46.6879960" lon="9.4476902">
        <ele>950.5</ele>
        <time>2026-09-15T12:34:25Z</time>
        <extensions>
          <gpxdata:distance>7933.45</gpxdata:distance>
          <gpxdata:speed>0.932</gpxdata:speed>
        </extensions>
      </trkpt>
      <trkpt lat="46.6880500" lon="9.4476662">
        <ele>949.7</ele>
        <time>2026-09-15T12:34:32Z</time>
        <extensions>
          <gpxdata:distance>7939.73</gpxdata:distance>
          <gpxdata:speed>0.929</gpxdata:speed>
        </extensions>
      </trkpt>
      <trkpt lat="46.6883570" lon="9.4476522">
        <ele>945.5</ele>
        <time>2026-09-15T12:35:09Z</time>
        <extensions>
          <gpxdata:distance>7973.88</gpxdata:distance>
          <gpxdata:speed>0.924</gpxdata:speed>
        </extensions>
      </trkpt>
      <trkpt lat="46.6884290" lon="9.4476412">
        <ele>944.6</ele>
        <time>2026-09-15T12:35:17Z</time>
        <extensions>
          <gpxdata:distance>7981.93</gpxdata:distance>
          <gpxdata:speed>0.924</gpxdata:speed>
        </extensions>
      </trkpt>
      <trkpt lat="46.6886999" lon="9.4475472">
        <ele>940.9</ele>
        <time>2026-09-15T12:35:51Z</time>
        <extensions>
          <gpxdata:distance>8012.90</gpxdata:distance>
          <gpxdata:speed>0.921</gpxdata:speed>
        </extensions>
      </trkpt>
      <trkpt lat="46.6886999" lon="9.4475472">
        <ele>940.9</ele>
        <time>2026-09-15T12:35:51Z</time>
        <extensions>
          <gpxdata:distance>8012.90</gpxdata:distance>
          <gpxdata:speed>0.000</gpxdata:speed>
        </extensions>
      </trkpt>
      <trkpt lat="46.6887549" lon="9.4475362">
        <ele>940.2</ele>
        <time>2026-09-15T12:35:58Z</time>
        <extensions>
          <gpxdata:distance>8019.07</gpxdata:distance>
          <gpxdata:speed>0.917</gpxdata:speed>
        </extensions>
      </trkpt>
      <trkpt lat="46.6888539" lon="9.4475002">
        <ele>938.8</ele>
        <time>2026-09-15T12:36:10Z</time>
        <extensions>
          <gpxdata:distance>8030.42</gpxdata:distance>
          <gpxdata:speed>0.915</gpxdata:speed>
        </extensions>
      </trkpt>
      <trkpt lat="46.6889809" lon="9.4474662">
        <ele>937.0</ele>
        <time>2026-09-15T12:36:26Z</time>
        <extensions>
          <gpxdata:distance>8044.77</gpxdata:distance>
          <gpxdata:speed>0.915</gpxdata:speed>
        </extensions>
      </trkpt>
      <trkpt lat="46.6890799" lon="9.4474432">
        <ele>935.6</ele>
        <time>2026-09-15T12:36:38Z</time>
        <extensions>
          <gpxdata:distance>8055.92</gpxdata:distance>
          <gpxdata:speed>0.914</gpxdata:speed>
        </extensions>
      </trkpt>
      <trkpt lat="46.6891709" lon="9.4474202">
        <ele>934.5</ele>
        <time>2026-09-15T12:36:49Z</time>
        <extensions>
          <gpxdata:distance>8066.19</gpxdata:distance>
          <gpxdata:speed>0.913</gpxdata:speed>
        </extensions>
      </trkpt>
      <trkpt lat="46.6892789" lon="9.4473722">
        <ele>933.1</ele>
        <time>2026-09-15T12:37:03Z</time>
        <extensions>
          <gpxdata:distance>8078.75</gpxdata:distance>
          <gpxdata:speed>0.911</gpxdata:speed>
        </extensions>
      </trkpt>
      <trkpt lat="46.6893429" lon="9.4473352">
        <ele>932.3</ele>
        <time>2026-09-15T12:37:11Z</time>
        <extensions>
          <gpxdata:distance>8086.40</gpxdata:distance>
          <gpxdata:speed>0.911</gpxdata:speed>
        </extensions>
      </trkpt>
      <trkpt lat="46.6893969" lon="9.4473242">
        <ele>931.8</ele>
        <time>2026-09-15T12:37:18Z</time>
        <extensions>
          <gpxdata:distance>8092.46</gpxdata:distance>
          <gpxdata:speed>0.907</gpxdata:speed>
        </extensions>
      </trkpt>
      <trkpt lat="46.6894419" lon="9.4473132">
        <ele>931.4</ele>
        <time>2026-09-15T12:37:24Z</time>
        <extensions>
          <gpxdata:distance>8097.54</gpxdata:distance>
          <gpxdata:speed>0.906</gpxdata:speed>
        </extensions>
      </trkpt>
      <trkpt lat="46.6894879" lon="9.4473012">
        <ele>931.0</ele>
        <time>2026-09-15T12:37:29Z</time>
        <extensions>
          <gpxdata:distance>8102.73</gpxdata:distance>
          <gpxdata:speed>0.903</gpxdata:speed>
        </extensions>
      </trkpt>
      <trkpt lat="46.6897479" lon="9.4473242">
        <ele>928.9</ele>
        <time>2026-09-15T12:38:02Z</time>
        <extensions>
          <gpxdata:distance>8131.70</gpxdata:distance>
          <gpxdata:speed>0.897</gpxdata:speed>
        </extensions>
      </trkpt>
      <trkpt lat="46.6898289" lon="9.4473402">
        <ele>928.6</ele>
        <time>2026-09-15T12:38:12Z</time>
        <extensions>
          <gpxdata:distance>8140.79</gpxdata:distance>
          <gpxdata:speed>0.908</gpxdata:speed>
        </extensions>
      </trkpt>
      <trkpt lat="46.6898739" lon="9.4473422">
        <ele>928.3</ele>
        <time>2026-09-15T12:38:17Z</time>
        <extensions>
          <gpxdata:distance>8145.79</gpxdata:distance>
          <gpxdata:speed>0.915</gpxdata:speed>
        </extensions>
      </trkpt>
      <trkpt lat="46.6899279" lon="9.4473572">
        <ele>928.0</ele>
        <time>2026-09-15T12:38:24Z</time>
        <extensions>
          <gpxdata:distance>8151.91</gpxdata:distance>
          <gpxdata:speed>0.920</gpxdata:speed>
        </extensions>
      </trkpt>
      <trkpt lat="46.6899279" lon="9.4473572">
        <ele>928.0</ele>
        <time>2026-09-15T12:38:24Z</time>
        <extensions>
          <gpxdata:distance>8151.91</gpxdata:distance>
          <gpxdata:speed>0.000</gpxdata:speed>
        </extensions>
      </trkpt>
      <trkpt lat="46.6899279" lon="9.4473312">
        <ele>928.0</ele>
        <time>2026-09-15T12:38:26Z</time>
        <extensions>
          <gpxdata:distance>8153.89</gpxdata:distance>
          <gpxdata:speed>0.933</gpxdata:speed>
        </extensions>
      </trkpt>
      <trkpt lat="46.6899459" lon="9.4473182">
        <ele>927.4</ele>
        <time>2026-09-15T12:38:28Z</time>
        <extensions>
          <gpxdata:distance>8156.12</gpxdata:distance>
          <gpxdata:speed>0.928</gpxdata:speed>
        </extensions>
      </trkpt>
      <trkpt lat="46.6899909" lon="9.4473072">
        <ele>926.4</ele>
        <time>2026-09-15T12:38:34Z</time>
        <extensions>
          <gpxdata:distance>8161.20</gpxdata:distance>
          <gpxdata:speed>0.917</gpxdata:speed>
        </extensions>
      </trkpt>
      <trkpt lat="46.6900279" lon="9.4472952">
        <ele>925.7</ele>
        <time>2026-09-15T12:38:39Z</time>
        <extensions>
          <gpxdata:distance>8165.41</gpxdata:distance>
          <gpxdata:speed>0.911</gpxdata:speed>
        </extensions>
      </trkpt>
      <trkpt lat="46.6901269" lon="9.4472992">
        <ele>923.8</ele>
        <time>2026-09-15T12:38:51Z</time>
        <extensions>
          <gpxdata:distance>8176.42</gpxdata:distance>
          <gpxdata:speed>0.907</gpxdata:speed>
        </extensions>
      </trkpt>
      <trkpt lat="46.6901719" lon="9.4472882">
        <ele>923.4</ele>
        <time>2026-09-15T12:38:56Z</time>
        <extensions>
          <gpxdata:distance>8181.50</gpxdata:distance>
          <gpxdata:speed>0.920</gpxdata:speed>
        </extensions>
      </trkpt>
      <trkpt lat="46.6902079" lon="9.4472762">
        <ele>922.5</ele>
        <time>2026-09-15T12:39:01Z</time>
        <extensions>
          <gpxdata:distance>8185.60</gpxdata:distance>
          <gpxdata:speed>0.936</gpxdata:speed>
        </extensions>
      </trkpt>
      <trkpt lat="46.6902439" lon="9.4472512">
        <ele>921.4</ele>
        <time>2026-09-15T12:39:05Z</time>
        <extensions>
          <gpxdata:distance>8190.04</gpxdata:distance>
          <gpxdata:speed>0.909</gpxdata:speed>
        </extensions>
      </trkpt>
      <trkpt lat="46.6902899" lon="9.4472272">
        <ele>919.7</ele>
        <time>2026-09-15T12:39:12Z</time>
        <extensions>
          <gpxdata:distance>8195.47</gpxdata:distance>
          <gpxdata:speed>0.885</gpxdata:speed>
        </extensions>
      </trkpt>
      <trkpt lat="46.6904259" lon="9.4471662">
        <ele>918.2</ele>
        <time>2026-09-15T12:39:29Z</time>
        <extensions>
          <gpxdata:distance>8211.29</gpxdata:distance>
          <gpxdata:speed>0.912</gpxdata:speed>
        </extensions>
      </trkpt>
      <trkpt lat="46.6904889" lon="9.4471292">
        <ele>916.9</ele>
        <time>2026-09-15T12:39:37Z</time>
        <extensions>
          <gpxdata:distance>8218.84</gpxdata:distance>
          <gpxdata:speed>0.916</gpxdata:speed>
        </extensions>
      </trkpt>
      <trkpt lat="46.6905709" lon="9.4470932">
        <ele>915.5</ele>
        <time>2026-09-15T12:39:48Z</time>
        <extensions>
          <gpxdata:distance>8228.37</gpxdata:distance>
          <gpxdata:speed>0.923</gpxdata:speed>
        </extensions>
      </trkpt>
      <trkpt lat="46.6907719" lon="9.4469442">
        <ele>912.9</ele>
        <time>2026-09-15T12:40:14Z</time>
        <extensions>
          <gpxdata:distance>8253.44</gpxdata:distance>
          <gpxdata:speed>0.936</gpxdata:speed>
        </extensions>
      </trkpt>
      <trkpt lat="46.6910449" lon="9.4467322">
        <ele>908.3</ele>
        <time>2026-09-15T12:40:51Z</time>
        <extensions>
          <gpxdata:distance>8287.83</gpxdata:distance>
          <gpxdata:speed>0.930</gpxdata:speed>
        </extensions>
      </trkpt>
      <trkpt lat="46.6912909" lon="9.4465582">
        <ele>904.1</ele>
        <time>2026-09-15T12:41:24Z</time>
        <extensions>
          <gpxdata:distance>8318.24</gpxdata:distance>
          <gpxdata:speed>0.932</gpxdata:speed>
        </extensions>
      </trkpt>
      <trkpt lat="46.6913549" lon="9.4465082">
        <ele>902.0</ele>
        <time>2026-09-15T12:41:33Z</time>
        <extensions>
          <gpxdata:distance>8326.31</gpxdata:distance>
          <gpxdata:speed>0.936</gpxdata:speed>
        </extensions>
      </trkpt>
      <trkpt lat="46.6914459" lon="9.4464722">
        <ele>899.5</ele>
        <time>2026-09-15T12:41:44Z</time>
        <extensions>
          <gpxdata:distance>8336.80</gpxdata:distance>
          <gpxdata:speed>0.939</gpxdata:speed>
        </extensions>
      </trkpt>
      <trkpt lat="46.6915809" lon="9.4464512">
        <ele>895.6</ele>
        <time>2026-09-15T12:42:00Z</time>
        <extensions>
          <gpxdata:distance>8351.89</gpxdata:distance>
          <gpxdata:speed>0.935</gpxdata:speed>
        </extensions>
      </trkpt>
      <trkpt lat="46.6916089" lon="9.4464262">
        <ele>894.9</ele>
        <time>2026-09-15T12:42:04Z</time>
        <extensions>
          <gpxdata:distance>8355.54</gpxdata:distance>
          <gpxdata:speed>0.924</gpxdata:speed>
        </extensions>
      </trkpt>
      <trkpt lat="46.6916179" lon="9.4464002">
        <ele>894.4</ele>
        <time>2026-09-15T12:42:06Z</time>
        <extensions>
          <gpxdata:distance>8357.77</gpxdata:distance>
          <gpxdata:speed>0.924</gpxdata:speed>
        </extensions>
      </trkpt>
      <trkpt lat="46.6916099" lon="9.4463602">
        <ele>894.0</ele>
        <time>2026-09-15T12:42:10Z</time>
        <extensions>
          <gpxdata:distance>8360.94</gpxdata:distance>
          <gpxdata:speed>0.923</gpxdata:speed>
        </extensions>
      </trkpt>
      <trkpt lat="46.6916009" lon="9.4463342">
        <ele>893.5</ele>
        <time>2026-09-15T12:42:12Z</time>
        <extensions>
          <gpxdata:distance>8363.16</gpxdata:distance>
          <gpxdata:speed>0.903</gpxdata:speed>
        </extensions>
      </trkpt>
      <trkpt lat="46.6915659" lon="9.4462932">
        <ele>893.0</ele>
        <time>2026-09-15T12:42:18Z</time>
        <extensions>
          <gpxdata:distance>8368.16</gpxdata:distance>
          <gpxdata:speed>0.885</gpxdata:speed>
        </extensions>
      </trkpt>
      <trkpt lat="46.6915219" lon="9.4462392">
        <ele>893.0</ele>
        <time>2026-09-15T12:42:25Z</time>
        <extensions>
          <gpxdata:distance>8374.55</gpxdata:distance>
          <gpxdata:speed>0.876</gpxdata:speed>
        </extensions>
      </trkpt>
      <trkpt lat="46.6915219" lon="9.4462392">
        <ele>893.0</ele>
        <time>2026-09-15T12:42:25Z</time>
        <extensions>
          <gpxdata:distance>8374.55</gpxdata:distance>
          <gpxdata:speed>0.000</gpxdata:speed>
        </extensions>
      </trkpt>
      <trkpt lat="46.6915579" lon="9.4462152">
        <ele>891.9</ele>
        <time>2026-09-15T12:42:30Z</time>
        <extensions>
          <gpxdata:distance>8378.95</gpxdata:distance>
          <gpxdata:speed>0.899</gpxdata:speed>
        </extensions>
      </trkpt>
      <trkpt lat="46.6916219" lon="9.4462042">
        <ele>890.8</ele>
        <time>2026-09-15T12:42:38Z</time>
        <extensions>
          <gpxdata:distance>8386.12</gpxdata:distance>
          <gpxdata:speed>0.931</gpxdata:speed>
        </extensions>
      </trkpt>
      <trkpt lat="46.6917209" lon="9.4461942">
        <ele>888.5</ele>
        <time>2026-09-15T12:42:49Z</time>
        <extensions>
          <gpxdata:distance>8397.15</gpxdata:distance>
          <gpxdata:speed>0.935</gpxdata:speed>
        </extensions>
      </trkpt>
      <trkpt lat="46.6918109" lon="9.4461722">
        <ele>886.7</ele>
        <time>2026-09-15T12:43:00Z</time>
        <extensions>
          <gpxdata:distance>8407.30</gpxdata:distance>
          <gpxdata:speed>0.933</gpxdata:speed>
        </extensions>
      </trkpt>
      <trkpt lat="46.6919009" lon="9.4461752">
        <ele>884.9</ele>
        <time>2026-09-15T12:43:11Z</time>
        <extensions>
          <gpxdata:distance>8417.31</gpxdata:distance>
          <gpxdata:speed>0.924</gpxdata:speed>
        </extensions>
      </trkpt>
      <trkpt lat="46.6919279" lon="9.4461762">
        <ele>884.4</ele>
        <time>2026-09-15T12:43:14Z</time>
        <extensions>
          <gpxdata:distance>8420.31</gpxdata:distance>
          <gpxdata:speed>0.927</gpxdata:speed>
        </extensions>
      </trkpt>
      <trkpt lat="46.6919549" lon="9.4461902">
        <ele>883.8</ele>
        <time>2026-09-15T12:43:18Z</time>
        <extensions>
          <gpxdata:distance>8423.50</gpxdata:distance>
          <gpxdata:speed>0.918</gpxdata:speed>
        </extensions>
      </trkpt>
      <trkpt lat="46.6919819" lon="9.4461912">
        <ele>883.4</ele>
        <time>2026-09-15T12:43:21Z</time>
        <extensions>
          <gpxdata:distance>8426.50</gpxdata:distance>
          <gpxdata:speed>0.893</gpxdata:speed>
        </extensions>
      </trkpt>
      <trkpt lat="46.6919999" lon="9.4461923">
        <ele>883.2</ele>
        <time>2026-09-15T12:43:23Z</time>
        <extensions>
          <gpxdata:distance>8428.51</gpxdata:distance>
          <gpxdata:speed>0.897</gpxdata:speed>
        </extensions>
      </trkpt>
      <trkpt lat="46.6920359" lon="9.4461673">
        <ele>881.9</ele>
        <time>2026-09-15T12:43:28Z</time>
        <extensions>
          <gpxdata:distance>8432.94</gpxdata:distance>
          <gpxdata:speed>0.892</gpxdata:speed>
        </extensions>
      </trkpt>
      <trkpt lat="46.6920719" lon="9.4461553">
        <ele>880.7</ele>
        <time>2026-09-15T12:43:33Z</time>
        <extensions>
          <gpxdata:distance>8437.05</gpxdata:distance>
          <gpxdata:speed>0.874</gpxdata:speed>
        </extensions>
      </trkpt>
      <trkpt lat="46.6921359" lon="9.4461313">
        <ele>879.5</ele>
        <time>2026-09-15T12:43:41Z</time>
        <extensions>
          <gpxdata:distance>8444.40</gpxdata:distance>
          <gpxdata:speed>0.885</gpxdata:speed>
        </extensions>
      </trkpt>
      <trkpt lat="46.6922349" lon="9.4461223">
        <ele>877.8</ele>
        <time>2026-09-15T12:43:54Z</time>
        <extensions>
          <gpxdata:distance>8455.43</gpxdata:distance>
          <gpxdata:speed>0.892</gpxdata:speed>
        </extensions>
      </trkpt>
      <trkpt lat="46.6923069" lon="9.4461253">
        <ele>877.0</ele>
        <time>2026-09-15T12:44:03Z</time>
        <extensions>
          <gpxdata:distance>8463.44</gpxdata:distance>
          <gpxdata:speed>0.911</gpxdata:speed>
        </extensions>
      </trkpt>
      <trkpt lat="46.6923609" lon="9.4461273">
        <ele>876.6</ele>
        <time>2026-09-15T12:44:09Z</time>
        <extensions>
          <gpxdata:distance>8469.44</gpxdata:distance>
          <gpxdata:speed>0.928</gpxdata:speed>
        </extensions>
      </trkpt>
      <trkpt lat="46.6923879" lon="9.4461413">
        <ele>876.2</ele>
        <time>2026-09-15T12:44:12Z</time>
        <extensions>
          <gpxdata:distance>8472.63</gpxdata:distance>
          <gpxdata:speed>0.934</gpxdata:speed>
        </extensions>
      </trkpt>
      <trkpt lat="46.6923959" lon="9.4461543">
        <ele>875.9</ele>
        <time>2026-09-15T12:44:14Z</time>
        <extensions>
          <gpxdata:distance>8473.96</gpxdata:distance>
          <gpxdata:speed>0.929</gpxdata:speed>
        </extensions>
      </trkpt>
      <trkpt lat="46.6923959" lon="9.4461673">
        <ele>875.7</ele>
        <time>2026-09-15T12:44:15Z</time>
        <extensions>
          <gpxdata:distance>8474.95</gpxdata:distance>
          <gpxdata:speed>0.924</gpxdata:speed>
        </extensions>
      </trkpt>
      <trkpt lat="46.6923779" lon="9.4461803">
        <ele>875.3</ele>
        <time>2026-09-15T12:44:17Z</time>
        <extensions>
          <gpxdata:distance>8477.19</gpxdata:distance>
          <gpxdata:speed>0.939</gpxdata:speed>
        </extensions>
      </trkpt>
      <trkpt lat="46.6923329" lon="9.4461783">
        <ele>874.6</ele>
        <time>2026-09-15T12:44:23Z</time>
        <extensions>
          <gpxdata:distance>8482.19</gpxdata:distance>
          <gpxdata:speed>0.926</gpxdata:speed>
        </extensions>
      </trkpt>
      <trkpt lat="46.6922689" lon="9.4462153">
        <ele>873.6</ele>
        <time>2026-09-15T12:44:31Z</time>
        <extensions>
          <gpxdata:distance>8489.85</gpxdata:distance>
          <gpxdata:speed>0.922</gpxdata:speed>
        </extensions>
      </trkpt>
      <trkpt lat="46.6922239" lon="9.4462393">
        <ele>872.7</ele>
        <time>2026-09-15T12:44:37Z</time>
        <extensions>
          <gpxdata:distance>8495.18</gpxdata:distance>
          <gpxdata:speed>0.920</gpxdata:speed>
        </extensions>
      </trkpt>
      <trkpt lat="46.6922239" lon="9.4462523">
        <ele>872.5</ele>
        <time>2026-09-15T12:44:38Z</time>
        <extensions>
          <gpxdata:distance>8496.17</gpxdata:distance>
          <gpxdata:speed>0.929</gpxdata:speed>
        </extensions>
      </trkpt>
      <trkpt lat="46.6922319" lon="9.4462663">
        <ele>872.4</ele>
        <time>2026-09-15T12:44:39Z</time>
        <extensions>
          <gpxdata:distance>8497.56</gpxdata:distance>
          <gpxdata:speed>0.940</gpxdata:speed>
        </extensions>
      </trkpt>
      <trkpt lat="46.6922509" lon="9.4462533">
        <ele>871.8</ele>
        <time>2026-09-15T12:44:42Z</time>
        <extensions>
          <gpxdata:distance>8499.89</gpxdata:distance>
          <gpxdata:speed>0.925</gpxdata:speed>
        </extensions>
      </trkpt>
      <trkpt lat="46.6922689" lon="9.4462543">
        <ele>870.9</ele>
        <time>2026-09-15T12:44:44Z</time>
        <extensions>
          <gpxdata:distance>8501.89</gpxdata:distance>
          <gpxdata:speed>0.900</gpxdata:speed>
        </extensions>
      </trkpt>
      <trkpt lat="46.6922949" lon="9.4462683">
        <ele>870.1</ele>
        <time>2026-09-15T12:44:48Z</time>
        <extensions>
          <gpxdata:distance>8504.98</gpxdata:distance>
          <gpxdata:speed>0.890</gpxdata:speed>
        </extensions>
      </trkpt>
      <trkpt lat="46.6923219" lon="9.4462823">
        <ele>869.5</ele>
        <time>2026-09-15T12:44:51Z</time>
        <extensions>
          <gpxdata:distance>8508.16</gpxdata:distance>
          <gpxdata:speed>0.889</gpxdata:speed>
        </extensions>
      </trkpt>
      <trkpt lat="46.6923569" lon="9.4463233">
        <ele>868.9</ele>
        <time>2026-09-15T12:44:57Z</time>
        <extensions>
          <gpxdata:distance>8513.15</gpxdata:distance>
          <gpxdata:speed>0.894</gpxdata:speed>
        </extensions>
      </trkpt>
      <trkpt lat="46.6924369" lon="9.4463783">
        <ele>866.7</ele>
        <time>2026-09-15T12:45:08Z</time>
        <extensions>
          <gpxdata:distance>8522.99</gpxdata:distance>
          <gpxdata:speed>0.872</gpxdata:speed>
        </extensions>
      </trkpt>
      <trkpt lat="46.6924729" lon="9.4463923">
        <ele>866.0</ele>
        <time>2026-09-15T12:45:13Z</time>
        <extensions>
          <gpxdata:distance>8527.13</gpxdata:distance>
          <gpxdata:speed>0.872</gpxdata:speed>
        </extensions>
      </trkpt>
      <trkpt lat="46.6925089" lon="9.4463943">
        <ele>865.6</ele>
        <time>2026-09-15T12:45:17Z</time>
        <extensions>
          <gpxdata:distance>8531.14</gpxdata:distance>
          <gpxdata:speed>0.876</gpxdata:speed>
        </extensions>
      </trkpt>
      <trkpt lat="46.6925899" lon="9.4463843">
        <ele>863.5</ele>
        <time>2026-09-15T12:45:28Z</time>
        <extensions>
          <gpxdata:distance>8540.18</gpxdata:distance>
          <gpxdata:speed>0.872</gpxdata:speed>
        </extensions>
      </trkpt>
      <trkpt lat="46.6925989" lon="9.4463843">
        <ele>862.8</ele>
        <time>2026-09-15T12:45:29Z</time>
        <extensions>
          <gpxdata:distance>8541.18</gpxdata:distance>
          <gpxdata:speed>0.872</gpxdata:speed>
        </extensions>
      </trkpt>
      <trkpt lat="46.6925989" lon="9.4463973">
        <ele>862.5</ele>
        <time>2026-09-15T12:45:30Z</time>
        <extensions>
          <gpxdata:distance>8542.17</gpxdata:distance>
          <gpxdata:speed>0.872</gpxdata:speed>
        </extensions>
      </trkpt>
      <trkpt lat="46.6925989" lon="9.4464103">
        <ele>862.0</ele>
        <time>2026-09-15T12:45:31Z</time>
        <extensions>
          <gpxdata:distance>8543.16</gpxdata:distance>
          <gpxdata:speed>0.872</gpxdata:speed>
        </extensions>
      </trkpt>
      <trkpt lat="46.6925619" lon="9.4464353">
        <ele>861.6</ele>
        <time>2026-09-15T12:45:36Z</time>
        <extensions>
          <gpxdata:distance>8547.70</gpxdata:distance>
          <gpxdata:speed>0.872</gpxdata:speed>
        </extensions>
      </trkpt>
      <trkpt lat="46.6925259" lon="9.4464733">
        <ele>861.1</ele>
        <time>2026-09-15T12:45:42Z</time>
        <extensions>
          <gpxdata:distance>8552.64</gpxdata:distance>
          <gpxdata:speed>0.875</gpxdata:speed>
        </extensions>
      </trkpt>
      <trkpt lat="46.6924799" lon="9.4465363">
        <ele>859.5</ele>
        <time>2026-09-15T12:45:50Z</time>
        <extensions>
          <gpxdata:distance>8559.66</gpxdata:distance>
          <gpxdata:speed>0.877</gpxdata:speed>
        </extensions>
      </trkpt>
      <trkpt lat="46.6924609" lon="9.4465883">
        <ele>857.5</ele>
        <time>2026-09-15T12:45:55Z</time>
        <extensions>
          <gpxdata:distance>8564.15</gpxdata:distance>
          <gpxdata:speed>0.872</gpxdata:speed>
        </extensions>
      </trkpt>
      <trkpt lat="46.6924599" lon="9.4466273">
        <ele>856.9</ele>
        <time>2026-09-15T12:45:59Z</time>
        <extensions>
          <gpxdata:distance>8567.13</gpxdata:distance>
          <gpxdata:speed>0.872</gpxdata:speed>
        </extensions>
      </trkpt>
      <trkpt lat="46.6924589" lon="9.4466673">
        <ele>855.7</ele>
        <time>2026-09-15T12:46:02Z</time>
        <extensions>
          <gpxdata:distance>8570.18</gpxdata:distance>
          <gpxdata:speed>0.872</gpxdata:speed>
        </extensions>
      </trkpt>
      <trkpt lat="46.6924759" lon="9.4467333">
        <ele>854.0</ele>
        <time>2026-09-15T12:46:08Z</time>
        <extensions>
          <gpxdata:distance>8575.56</gpxdata:distance>
          <gpxdata:speed>0.872</gpxdata:speed>
        </extensions>
      </trkpt>
      <trkpt lat="46.6924839" lon="9.4467853">
        <ele>853.1</ele>
        <time>2026-09-15T12:46:13Z</time>
        <extensions>
          <gpxdata:distance>8579.62</gpxdata:distance>
          <gpxdata:speed>0.872</gpxdata:speed>
        </extensions>
      </trkpt>
      <trkpt lat="46.6924919" lon="9.4468513">
        <ele>852.4</ele>
        <time>2026-09-15T12:46:19Z</time>
        <extensions>
          <gpxdata:distance>8584.73</gpxdata:distance>
          <gpxdata:speed>0.872</gpxdata:speed>
        </extensions>
      </trkpt>
      <trkpt lat="46.6924989" lon="9.4469433">
        <ele>850.6</ele>
        <time>2026-09-15T12:46:27Z</time>
        <extensions>
          <gpxdata:distance>8591.79</gpxdata:distance>
          <gpxdata:speed>0.872</gpxdata:speed>
        </extensions>
      </trkpt>
      <trkpt lat="46.6925079" lon="9.4469693">
        <ele>849.8</ele>
        <time>2026-09-15T12:46:29Z</time>
        <extensions>
          <gpxdata:distance>8594.01</gpxdata:distance>
          <gpxdata:speed>0.872</gpxdata:speed>
        </extensions>
      </trkpt>
      <trkpt lat="46.6925169" lon="9.4469833">
        <ele>848.9</ele>
        <time>2026-09-15T12:46:31Z</time>
        <extensions>
          <gpxdata:distance>8595.48</gpxdata:distance>
          <gpxdata:speed>0.872</gpxdata:speed>
        </extensions>
      </trkpt>
      <trkpt lat="46.6925349" lon="9.4469573">
        <ele>848.3</ele>
        <time>2026-09-15T12:46:34Z</time>
        <extensions>
          <gpxdata:distance>8598.29</gpxdata:distance>
          <gpxdata:speed>0.872</gpxdata:speed>
        </extensions>
      </trkpt>
      <trkpt lat="46.6925439" lon="9.4469443">
        <ele>847.3</ele>
        <time>2026-09-15T12:46:36Z</time>
        <extensions>
          <gpxdata:distance>8599.70</gpxdata:distance>
          <gpxdata:speed>0.872</gpxdata:speed>
        </extensions>
      </trkpt>
      <trkpt lat="46.6925629" lon="9.4468933">
        <ele>845.0</ele>
        <time>2026-09-15T12:46:41Z</time>
        <extensions>
          <gpxdata:distance>8604.13</gpxdata:distance>
          <gpxdata:speed>0.872</gpxdata:speed>
        </extensions>
      </trkpt>
      <trkpt lat="46.6925729" lon="9.4468803">
        <ele>844.2</ele>
        <time>2026-09-15T12:46:43Z</time>
        <extensions>
          <gpxdata:distance>8605.62</gpxdata:distance>
          <gpxdata:speed>0.872</gpxdata:speed>
        </extensions>
      </trkpt>
      <trkpt lat="46.6925819" lon="9.4468803">
        <ele>843.7</ele>
        <time>2026-09-15T12:46:44Z</time>
        <extensions>
          <gpxdata:distance>8606.62</gpxdata:distance>
          <gpxdata:speed>0.872</gpxdata:speed>
        </extensions>
      </trkpt>
      <trkpt lat="46.6925989" lon="9.4468813">
        <ele>843.2</ele>
        <time>2026-09-15T12:46:46Z</time>
        <extensions>
          <gpxdata:distance>8608.51</gpxdata:distance>
          <gpxdata:speed>0.872</gpxdata:speed>
        </extensions>
      </trkpt>
      <trkpt lat="46.6926079" lon="9.4469073">
        <ele>842.5</ele>
        <time>2026-09-15T12:46:49Z</time>
        <extensions>
          <gpxdata:distance>8610.73</gpxdata:distance>
          <gpxdata:speed>0.872</gpxdata:speed>
        </extensions>
      </trkpt>
      <trkpt lat="46.6926159" lon="9.4469473">
        <ele>841.9</ele>
        <time>2026-09-15T12:46:52Z</time>
        <extensions>
          <gpxdata:distance>8613.91</gpxdata:distance>
          <gpxdata:speed>0.872</gpxdata:speed>
        </extensions>
      </trkpt>
      <trkpt lat="46.6926239" lon="9.4470003">
        <ele>841.4</ele>
        <time>2026-09-15T12:46:57Z</time>
        <extensions>
          <gpxdata:distance>8618.05</gpxdata:distance>
          <gpxdata:speed>0.872</gpxdata:speed>
        </extensions>
      </trkpt>
      <trkpt lat="46.6926399" lon="9.4471183">
        <ele>840.6</ele>
        <time>2026-09-15T12:47:08Z</time>
        <extensions>
          <gpxdata:distance>8627.22</gpxdata:distance>
          <gpxdata:speed>0.872</gpxdata:speed>
        </extensions>
      </trkpt>
      <trkpt lat="46.6926479" lon="9.4471703">
        <ele>839.4</ele>
        <time>2026-09-15T12:47:12Z</time>
        <extensions>
          <gpxdata:distance>8631.29</gpxdata:distance>
          <gpxdata:speed>0.872</gpxdata:speed>
        </extensions>
      </trkpt>
      <trkpt lat="46.6926659" lon="9.4471843">
        <ele>838.5</ele>
        <time>2026-09-15T12:47:15Z</time>
        <extensions>
          <gpxdata:distance>8633.56</gpxdata:distance>
          <gpxdata:speed>0.872</gpxdata:speed>
        </extensions>
      </trkpt>
      <trkpt lat="46.6926749" lon="9.4471713">
        <ele>838.0</ele>
        <time>2026-09-15T12:47:16Z</time>
        <extensions>
          <gpxdata:distance>8634.97</gpxdata:distance>
          <gpxdata:speed>0.872</gpxdata:speed>
        </extensions>
      </trkpt>
      <trkpt lat="46.6926849" lon="9.4471333">
        <ele>837.3</ele>
        <time>2026-09-15T12:47:20Z</time>
        <extensions>
          <gpxdata:distance>8638.07</gpxdata:distance>
          <gpxdata:speed>0.872</gpxdata:speed>
        </extensions>
      </trkpt>
      <trkpt lat="46.6927129" lon="9.4470683">
        <ele>835.2</ele>
        <time>2026-09-15T12:47:27Z</time>
        <extensions>
          <gpxdata:distance>8643.92</gpxdata:distance>
          <gpxdata:speed>0.872</gpxdata:speed>
        </extensions>
      </trkpt>
      <trkpt lat="46.6927229" lon="9.4470293">
        <ele>834.1</ele>
        <time>2026-09-15T12:47:30Z</time>
        <extensions>
          <gpxdata:distance>8647.10</gpxdata:distance>
          <gpxdata:speed>0.872</gpxdata:speed>
        </extensions>
      </trkpt>
      <trkpt lat="46.6927319" lon="9.4470303">
        <ele>833.7</ele>
        <time>2026-09-15T12:47:32Z</time>
        <extensions>
          <gpxdata:distance>8648.10</gpxdata:distance>
          <gpxdata:speed>0.872</gpxdata:speed>
        </extensions>
      </trkpt>
      <trkpt lat="46.6927669" lon="9.4470573">
        <ele>832.7</ele>
        <time>2026-09-15T12:47:37Z</time>
        <extensions>
          <gpxdata:distance>8652.51</gpxdata:distance>
          <gpxdata:speed>0.872</gpxdata:speed>
        </extensions>
      </trkpt>
      <trkpt lat="46.6928019" lon="9.4471113">
        <ele>831.7</ele>
        <time>2026-09-15T12:47:43Z</time>
        <extensions>
          <gpxdata:distance>8658.17</gpxdata:distance>
          <gpxdata:speed>0.872</gpxdata:speed>
        </extensions>
      </trkpt>
      <trkpt lat="46.6928189" lon="9.4471643">
        <ele>831.2</ele>
        <time>2026-09-15T12:47:48Z</time>
        <extensions>
          <gpxdata:distance>8662.64</gpxdata:distance>
          <gpxdata:speed>0.872</gpxdata:speed>
        </extensions>
      </trkpt>
      <trkpt lat="46.6928279" lon="9.4472033">
        <ele>830.2</ele>
        <time>2026-09-15T12:47:52Z</time>
        <extensions>
          <gpxdata:distance>8665.77</gpxdata:distance>
          <gpxdata:speed>0.872</gpxdata:speed>
        </extensions>
      </trkpt>
      <trkpt lat="46.6928449" lon="9.4472303">
        <ele>829.4</ele>
        <time>2026-09-15T12:47:55Z</time>
        <extensions>
          <gpxdata:distance>8668.57</gpxdata:distance>
          <gpxdata:speed>0.872</gpxdata:speed>
        </extensions>
      </trkpt>
      <trkpt lat="46.6928719" lon="9.4472443">
        <ele>828.5</ele>
        <time>2026-09-15T12:47:59Z</time>
        <extensions>
          <gpxdata:distance>8671.76</gpxdata:distance>
          <gpxdata:speed>0.872</gpxdata:speed>
        </extensions>
      </trkpt>
      <trkpt lat="46.6929419" lon="9.4473513">
        <ele>825.0</ele>
        <time>2026-09-15T12:48:12Z</time>
        <extensions>
          <gpxdata:distance>8683.03</gpxdata:distance>
          <gpxdata:speed>0.872</gpxdata:speed>
        </extensions>
      </trkpt>
      <trkpt lat="46.6929679" lon="9.4474053">
        <ele>823.9</ele>
        <time>2026-09-15T12:48:17Z</time>
        <extensions>
          <gpxdata:distance>8688.07</gpxdata:distance>
          <gpxdata:speed>0.872</gpxdata:speed>
        </extensions>
      </trkpt>
      <trkpt lat="46.6929949" lon="9.4474323">
        <ele>822.6</ele>
        <time>2026-09-15T12:48:22Z</time>
        <extensions>
          <gpxdata:distance>8691.71</gpxdata:distance>
          <gpxdata:speed>0.872</gpxdata:speed>
        </extensions>
      </trkpt>
      <trkpt lat="46.6930299" lon="9.4474463">
        <ele>820.9</ele>
        <time>2026-09-15T12:48:26Z</time>
        <extensions>
          <gpxdata:distance>8695.74</gpxdata:distance>
          <gpxdata:speed>0.872</gpxdata:speed>
        </extensions>
      </trkpt>
      <trkpt lat="46.6930749" lon="9.4474613">
        <ele>818.8</ele>
        <time>2026-09-15T12:48:32Z</time>
        <extensions>
          <gpxdata:distance>8700.87</gpxdata:distance>
          <gpxdata:speed>0.872</gpxdata:speed>
        </extensions>
      </trkpt>
      <trkpt lat="46.6931109" lon="9.4474753">
        <ele>817.3</ele>
        <time>2026-09-15T12:48:37Z</time>
        <extensions>
          <gpxdata:distance>8705.02</gpxdata:distance>
          <gpxdata:speed>0.872</gpxdata:speed>
        </extensions>
      </trkpt>
      <trkpt lat="46.6932259" lon="9.4475844">
        <ele>813.0</ele>
        <time>2026-09-15T12:48:54Z</time>
        <extensions>
          <gpxdata:distance>8720.27</gpxdata:distance>
          <gpxdata:speed>0.872</gpxdata:speed>
        </extensions>
      </trkpt>
      <trkpt lat="46.6932879" lon="9.4476134">
        <ele>810.2</ele>
        <time>2026-09-15T12:49:03Z</time>
        <extensions>
          <gpxdata:distance>8727.51</gpxdata:distance>
          <gpxdata:speed>0.872</gpxdata:speed>
        </extensions>
      </trkpt>
      <trkpt lat="46.6933329" lon="9.4476284">
        <ele>808.4</ele>
        <time>2026-09-15T12:49:08Z</time>
        <extensions>
          <gpxdata:distance>8732.65</gpxdata:distance>
          <gpxdata:speed>0.872</gpxdata:speed>
        </extensions>
      </trkpt>
      <trkpt lat="46.6933949" lon="9.4476694">
        <ele>806.6</ele>
        <time>2026-09-15T12:49:17Z</time>
        <extensions>
          <gpxdata:distance>8740.22</gpxdata:distance>
          <gpxdata:speed>0.872</gpxdata:speed>
        </extensions>
      </trkpt>
      <trkpt lat="46.6934929" lon="9.4477384">
        <ele>804.6</ele>
        <time>2026-09-15T12:49:31Z</time>
        <extensions>
          <gpxdata:distance>8752.32</gpxdata:distance>
          <gpxdata:speed>0.872</gpxdata:speed>
        </extensions>
      </trkpt>
      <trkpt lat="46.6935989" lon="9.4478474">
        <ele>802.2</ele>
        <time>2026-09-15T12:49:48Z</time>
        <extensions>
          <gpxdata:distance>8766.74</gpxdata:distance>
          <gpxdata:speed>0.872</gpxdata:speed>
        </extensions>
      </trkpt>
      <trkpt lat="46.6935989" lon="9.4478474">
        <ele>802.2</ele>
        <time>2026-09-15T12:49:48Z</time>
        <extensions>
          <gpxdata:distance>8766.74</gpxdata:distance>
          <gpxdata:speed>0.000</gpxdata:speed>
        </extensions>
      </trkpt>
      <trkpt lat="46.6936259" lon="9.4478744">
        <ele>802.1</ele>
        <time>2026-09-15T12:49:52Z</time>
        <extensions>
          <gpxdata:distance>8770.38</gpxdata:distance>
          <gpxdata:speed>0.872</gpxdata:speed>
        </extensions>
      </trkpt>
      <trkpt lat="46.6936519" lon="9.4479144">
        <ele>802.0</ele>
        <time>2026-09-15T12:49:57Z</time>
        <extensions>
          <gpxdata:distance>8774.59</gpxdata:distance>
          <gpxdata:speed>0.872</gpxdata:speed>
        </extensions>
      </trkpt>
      <trkpt lat="46.6936789" lon="9.4479284">
        <ele>801.3</ele>
        <time>2026-09-15T12:50:00Z</time>
        <extensions>
          <gpxdata:distance>8777.77</gpxdata:distance>
          <gpxdata:speed>0.872</gpxdata:speed>
        </extensions>
      </trkpt>
      <trkpt lat="46.6937149" lon="9.4479434">
        <ele>799.9</ele>
        <time>2026-09-15T12:50:05Z</time>
        <extensions>
          <gpxdata:distance>8781.94</gpxdata:distance>
          <gpxdata:speed>0.886</gpxdata:speed>
        </extensions>
      </trkpt>
      <trkpt lat="46.6937599" lon="9.4479444">
        <ele>798.1</ele>
        <time>2026-09-15T12:50:11Z</time>
        <extensions>
          <gpxdata:distance>8786.94</gpxdata:distance>
          <gpxdata:speed>0.886</gpxdata:speed>
        </extensions>
      </trkpt>
      <trkpt lat="46.6937949" lon="9.4479594">
        <ele>796.4</ele>
        <time>2026-09-15T12:50:15Z</time>
        <extensions>
          <gpxdata:distance>8791.00</gpxdata:distance>
          <gpxdata:speed>0.872</gpxdata:speed>
        </extensions>
      </trkpt>
      <trkpt lat="46.6938489" lon="9.4480004">
        <ele>794.8</ele>
        <time>2026-09-15T12:50:23Z</time>
        <extensions>
          <gpxdata:distance>8797.77</gpxdata:distance>
          <gpxdata:speed>0.872</gpxdata:speed>
        </extensions>
      </trkpt>
      <trkpt lat="46.6938839" lon="9.4480274">
        <ele>793.9</ele>
        <time>2026-09-15T12:50:28Z</time>
        <extensions>
          <gpxdata:distance>8802.17</gpxdata:distance>
          <gpxdata:speed>0.872</gpxdata:speed>
        </extensions>
      </trkpt>
      <trkpt lat="46.6939109" lon="9.4480544">
        <ele>792.9</ele>
        <time>2026-09-15T12:50:32Z</time>
        <extensions>
          <gpxdata:distance>8805.81</gpxdata:distance>
          <gpxdata:speed>0.872</gpxdata:speed>
        </extensions>
      </trkpt>
      <trkpt lat="46.6939549" lon="9.4480694">
        <ele>791.7</ele>
        <time>2026-09-15T12:50:38Z</time>
        <extensions>
          <gpxdata:distance>8810.83</gpxdata:distance>
          <gpxdata:speed>0.872</gpxdata:speed>
        </extensions>
      </trkpt>
      <trkpt lat="46.6940179" lon="9.4480724">
        <ele>789.8</ele>
        <time>2026-09-15T12:50:46Z</time>
        <extensions>
          <gpxdata:distance>8817.84</gpxdata:distance>
          <gpxdata:speed>0.872</gpxdata:speed>
        </extensions>
      </trkpt>
      <trkpt lat="46.6940449" lon="9.4480734">
        <ele>789.2</ele>
        <time>2026-09-15T12:50:49Z</time>
        <extensions>
          <gpxdata:distance>8820.85</gpxdata:distance>
          <gpxdata:speed>0.872</gpxdata:speed>
        </extensions>
      </trkpt>
      <trkpt lat="46.6940899" lon="9.4480744">
        <ele>788.3</ele>
        <time>2026-09-15T12:50:55Z</time>
        <extensions>
          <gpxdata:distance>8825.85</gpxdata:distance>
          <gpxdata:speed>0.872</gpxdata:speed>
        </extensions>
      </trkpt>
      <trkpt lat="46.6941259" lon="9.4480894">
        <ele>787.4</ele>
        <time>2026-09-15T12:51:00Z</time>
        <extensions>
          <gpxdata:distance>8830.01</gpxdata:distance>
          <gpxdata:speed>0.872</gpxdata:speed>
        </extensions>
      </trkpt>
      <trkpt lat="46.6941529" lon="9.4481034">
        <ele>786.8</ele>
        <time>2026-09-15T12:51:04Z</time>
        <extensions>
          <gpxdata:distance>8833.20</gpxdata:distance>
          <gpxdata:speed>0.872</gpxdata:speed>
        </extensions>
      </trkpt>
      <trkpt lat="46.6941969" lon="9.4481314">
        <ele>786.2</ele>
        <time>2026-09-15T12:51:10Z</time>
        <extensions>
          <gpxdata:distance>8838.54</gpxdata:distance>
          <gpxdata:speed>0.872</gpxdata:speed>
        </extensions>
      </trkpt>
      <trkpt lat="46.6942679" lon="9.4481724">
        <ele>784.6</ele>
        <time>2026-09-15T12:51:20Z</time>
        <extensions>
          <gpxdata:distance>8847.03</gpxdata:distance>
          <gpxdata:speed>0.872</gpxdata:speed>
        </extensions>
      </trkpt>
      <trkpt lat="46.6942949" lon="9.4482134">
        <ele>784.3</ele>
        <time>2026-09-15T12:51:24Z</time>
        <extensions>
          <gpxdata:distance>8851.37</gpxdata:distance>
          <gpxdata:speed>0.887</gpxdata:speed>
        </extensions>
      </trkpt>
      <trkpt lat="46.6943569" lon="9.4482674">
        <ele>783.3</ele>
        <time>2026-09-15T12:51:33Z</time>
        <extensions>
          <gpxdata:distance>8859.40</gpxdata:distance>
          <gpxdata:speed>0.909</gpxdata:speed>
        </extensions>
      </trkpt>
      <trkpt lat="46.6944179" lon="9.4483484">
        <ele>782.4</ele>
        <time>2026-09-15T12:51:43Z</time>
        <extensions>
          <gpxdata:distance>8868.57</gpxdata:distance>
          <gpxdata:speed>0.936</gpxdata:speed>
        </extensions>
      </trkpt>
      <trkpt lat="46.6944709" lon="9.4484284">
        <ele>782.8</ele>
        <time>2026-09-15T12:51:52Z</time>
        <extensions>
          <gpxdata:distance>8877.05</gpxdata:distance>
          <gpxdata:speed>0.907</gpxdata:speed>
        </extensions>
      </trkpt>
      <trkpt lat="46.6945049" lon="9.4485084">
        <ele>784.7</ele>
        <time>2026-09-15T12:52:00Z</time>
        <extensions>
          <gpxdata:distance>8884.23</gpxdata:distance>
          <gpxdata:speed>0.936</gpxdata:speed>
        </extensions>
      </trkpt>
      <trkpt lat="46.6945489" lon="9.4485754">
        <ele>785.3</ele>
        <time>2026-09-15T12:52:07Z</time>
        <extensions>
          <gpxdata:distance>8891.31</gpxdata:distance>
          <gpxdata:speed>0.968</gpxdata:speed>
        </extensions>
      </trkpt>
      <trkpt lat="46.6946459" lon="9.4486835">
        <ele>783.9</ele>
        <time>2026-09-15T12:52:21Z</time>
        <extensions>
          <gpxdata:distance>8904.88</gpxdata:distance>
          <gpxdata:speed>0.960</gpxdata:speed>
        </extensions>
      </trkpt>
      <trkpt lat="46.6946899" lon="9.4487375">
        <ele>782.7</ele>
        <time>2026-09-15T12:52:28Z</time>
        <extensions>
          <gpxdata:distance>8911.28</gpxdata:distance>
          <gpxdata:speed>0.951</gpxdata:speed>
        </extensions>
      </trkpt>
      <trkpt lat="46.6947249" lon="9.4488045">
        <ele>782.1</ele>
        <time>2026-09-15T12:52:35Z</time>
        <extensions>
          <gpxdata:distance>8917.70</gpxdata:distance>
          <gpxdata:speed>0.967</gpxdata:speed>
        </extensions>
      </trkpt>
      <trkpt lat="46.6947599" lon="9.4488975">
        <ele>781.7</ele>
        <time>2026-09-15T12:52:43Z</time>
        <extensions>
          <gpxdata:distance>8925.79</gpxdata:distance>
          <gpxdata:speed>0.967</gpxdata:speed>
        </extensions>
      </trkpt>
      <trkpt lat="46.6948019" lon="9.4490165">
        <ele>781.0</ele>
        <time>2026-09-15T12:52:54Z</time>
        <extensions>
          <gpxdata:distance>8936.00</gpxdata:distance>
          <gpxdata:speed>0.974</gpxdata:speed>
        </extensions>
      </trkpt>
      <trkpt lat="46.6948689" lon="9.4493195">
        <ele>776.9</ele>
        <time>2026-09-15T12:53:20Z</time>
        <extensions>
          <gpxdata:distance>8960.28</gpxdata:distance>
          <gpxdata:speed>0.937</gpxdata:speed>
        </extensions>
      </trkpt>
      <trkpt lat="46.6948949" lon="9.4493865">
        <ele>776.4</ele>
        <time>2026-09-15T12:53:26Z</time>
        <extensions>
          <gpxdata:distance>8966.15</gpxdata:distance>
          <gpxdata:speed>0.925</gpxdata:speed>
        </extensions>
      </trkpt>
      <trkpt lat="46.6949209" lon="9.4494395">
        <ele>775.8</ele>
        <time>2026-09-15T12:53:32Z</time>
        <extensions>
          <gpxdata:distance>8971.12</gpxdata:distance>
          <gpxdata:speed>0.897</gpxdata:speed>
        </extensions>
      </trkpt>
      <trkpt lat="46.6949559" lon="9.4494935">
        <ele>774.7</ele>
        <time>2026-09-15T12:53:38Z</time>
        <extensions>
          <gpxdata:distance>8976.78</gpxdata:distance>
          <gpxdata:speed>0.916</gpxdata:speed>
        </extensions>
      </trkpt>
      <trkpt lat="46.6949999" lon="9.4495475">
        <ele>773.5</ele>
        <time>2026-09-15T12:53:45Z</time>
        <extensions>
          <gpxdata:distance>8983.18</gpxdata:distance>
          <gpxdata:speed>0.924</gpxdata:speed>
        </extensions>
      </trkpt>
      <trkpt lat="46.6952049" lon="9.4496465">
        <ele>770.2</ele>
        <time>2026-09-15T12:54:11Z</time>
        <extensions>
          <gpxdata:distance>9007.19</gpxdata:distance>
          <gpxdata:speed>0.922</gpxdata:speed>
        </extensions>
      </trkpt>
      <trkpt lat="46.6953209" lon="9.4497165">
        <ele>768.2</ele>
        <time>2026-09-15T12:54:26Z</time>
        <extensions>
          <gpxdata:distance>9021.15</gpxdata:distance>
          <gpxdata:speed>0.926</gpxdata:speed>
        </extensions>
      </trkpt>
      <trkpt lat="46.6953739" lon="9.4497575">
        <ele>768.1</ele>
        <time>2026-09-15T12:54:33Z</time>
        <extensions>
          <gpxdata:distance>9027.82</gpxdata:distance>
          <gpxdata:speed>0.925</gpxdata:speed>
        </extensions>
      </trkpt>
      <trkpt lat="46.6954189" lon="9.4497985">
        <ele>767.8</ele>
        <time>2026-09-15T12:54:39Z</time>
        <extensions>
          <gpxdata:distance>9033.72</gpxdata:distance>
          <gpxdata:speed>0.926</gpxdata:speed>
        </extensions>
      </trkpt>
      <trkpt lat="46.6954889" lon="9.4499055">
        <ele>767.3</ele>
        <time>2026-09-15T12:54:52Z</time>
        <extensions>
          <gpxdata:distance>9045.00</gpxdata:distance>
          <gpxdata:speed>0.907</gpxdata:speed>
        </extensions>
      </trkpt>
      <trkpt lat="46.6954889" lon="9.4499055">
        <ele>767.3</ele>
        <time>2026-09-15T12:54:52Z</time>
        <extensions>
          <gpxdata:distance>9045.00</gpxdata:distance>
          <gpxdata:speed>0.000</gpxdata:speed>
        </extensions>
      </trkpt>
      <trkpt lat="46.6955059" lon="9.4499195">
        <ele>767.6</ele>
        <time>2026-09-15T12:54:54Z</time>
        <extensions>
          <gpxdata:distance>9047.17</gpxdata:distance>
          <gpxdata:speed>0.902</gpxdata:speed>
        </extensions>
      </trkpt>
      <trkpt lat="46.6955419" lon="9.4499465">
        <ele>767.2</ele>
        <time>2026-09-15T12:54:59Z</time>
        <extensions>
          <gpxdata:distance>9051.67</gpxdata:distance>
          <gpxdata:speed>0.894</gpxdata:speed>
        </extensions>
      </trkpt>
      <trkpt lat="46.6955769" lon="9.4500135">
        <ele>765.6</ele>
        <time>2026-09-15T12:55:06Z</time>
        <extensions>
          <gpxdata:distance>9058.10</gpxdata:distance>
          <gpxdata:speed>0.899</gpxdata:speed>
        </extensions>
      </trkpt>
      <trkpt lat="46.6956739" lon="9.4501345">
        <ele>762.2</ele>
        <time>2026-09-15T12:55:22Z</time>
        <extensions>
          <gpxdata:distance>9072.29</gpxdata:distance>
          <gpxdata:speed>0.915</gpxdata:speed>
        </extensions>
      </trkpt>
      <trkpt lat="46.6957179" lon="9.4501755">
        <ele>760.8</ele>
        <time>2026-09-15T12:55:28Z</time>
        <extensions>
          <gpxdata:distance>9078.10</gpxdata:distance>
          <gpxdata:speed>0.922</gpxdata:speed>
        </extensions>
      </trkpt>
      <trkpt lat="46.6957889" lon="9.4502305">
        <ele>758.8</ele>
        <time>2026-09-15T12:55:38Z</time>
        <extensions>
          <gpxdata:distance>9087.04</gpxdata:distance>
          <gpxdata:speed>0.930</gpxdata:speed>
        </extensions>
      </trkpt>
      <trkpt lat="46.6959209" lon="9.4503925">
        <ele>755.8</ele>
        <time>2026-09-15T12:55:59Z</time>
        <extensions>
          <gpxdata:distance>9106.22</gpxdata:distance>
          <gpxdata:speed>0.919</gpxdata:speed>
        </extensions>
      </trkpt>
      <trkpt lat="46.6959829" lon="9.4504465">
        <ele>754.0</ele>
        <time>2026-09-15T12:56:08Z</time>
        <extensions>
          <gpxdata:distance>9114.25</gpxdata:distance>
          <gpxdata:speed>0.883</gpxdata:speed>
        </extensions>
      </trkpt>
      <trkpt lat="46.6960629" lon="9.4504896">
        <ele>752.7</ele>
        <time>2026-09-15T12:56:18Z</time>
        <extensions>
          <gpxdata:distance>9123.74</gpxdata:distance>
          <gpxdata:speed>0.892</gpxdata:speed>
        </extensions>
      </trkpt>
      <trkpt lat="46.6961439" lon="9.4505316">
        <ele>750.9</ele>
        <time>2026-09-15T12:56:29Z</time>
        <extensions>
          <gpxdata:distance>9133.30</gpxdata:distance>
          <gpxdata:speed>0.880</gpxdata:speed>
        </extensions>
      </trkpt>
      <trkpt lat="46.6962499" lon="9.4506266">
        <ele>749.3</ele>
        <time>2026-09-15T12:56:45Z</time>
        <extensions>
          <gpxdata:distance>9147.13</gpxdata:distance>
          <gpxdata:speed>0.889</gpxdata:speed>
        </extensions>
      </trkpt>
      <trkpt lat="46.6964359" lon="9.4508036">
        <ele>747.4</ele>
        <time>2026-09-15T12:57:11Z</time>
        <extensions>
          <gpxdata:distance>9171.83</gpxdata:distance>
          <gpxdata:speed>0.926</gpxdata:speed>
        </extensions>
      </trkpt>
      <trkpt lat="46.6965499" lon="9.4509256">
        <ele>746.8</ele>
        <time>2026-09-15T12:57:28Z</time>
        <extensions>
          <gpxdata:distance>9187.55</gpxdata:distance>
          <gpxdata:speed>0.925</gpxdata:speed>
        </extensions>
      </trkpt>
      <trkpt lat="46.6966649" lon="9.4510606">
        <ele>746.9</ele>
        <time>2026-09-15T12:57:47Z</time>
        <extensions>
          <gpxdata:distance>9203.97</gpxdata:distance>
          <gpxdata:speed>0.904</gpxdata:speed>
        </extensions>
      </trkpt>
      <trkpt lat="46.6967089" lon="9.4511016">
        <ele>746.6</ele>
        <time>2026-09-15T12:57:53Z</time>
        <extensions>
          <gpxdata:distance>9209.78</gpxdata:distance>
          <gpxdata:speed>0.895</gpxdata:speed>
        </extensions>
      </trkpt>
      <trkpt lat="46.6967539" lon="9.4511426">
        <ele>746.4</ele>
        <time>2026-09-15T12:58:00Z</time>
        <extensions>
          <gpxdata:distance>9215.68</gpxdata:distance>
          <gpxdata:speed>0.910</gpxdata:speed>
        </extensions>
      </trkpt>
      <trkpt lat="46.6968319" lon="9.4512636">
        <ele>746.1</ele>
        <time>2026-09-15T12:58:13Z</time>
        <extensions>
          <gpxdata:distance>9228.34</gpxdata:distance>
          <gpxdata:speed>0.927</gpxdata:speed>
        </extensions>
      </trkpt>
      <trkpt lat="46.6968839" lon="9.4513836">
        <ele>746.4</ele>
        <time>2026-09-15T12:58:25Z</time>
        <extensions>
          <gpxdata:distance>9239.17</gpxdata:distance>
          <gpxdata:speed>0.943</gpxdata:speed>
        </extensions>
      </trkpt>
      <trkpt lat="46.6969269" lon="9.4515026">
        <ele>746.3</ele>
        <time>2026-09-15T12:58:35Z</time>
        <extensions>
          <gpxdata:distance>9249.43</gpxdata:distance>
          <gpxdata:speed>0.961</gpxdata:speed>
        </extensions>
      </trkpt>
      <trkpt lat="46.6969519" lon="9.4516476">
        <ele>745.7</ele>
        <time>2026-09-15T12:58:47Z</time>
        <extensions>
          <gpxdata:distance>9260.83</gpxdata:distance>
          <gpxdata:speed>0.972</gpxdata:speed>
        </extensions>
      </trkpt>
      <trkpt lat="46.6969749" lon="9.4518576">
        <ele>745.5</ele>
        <time>2026-09-15T12:59:04Z</time>
        <extensions>
          <gpxdata:distance>9277.05</gpxdata:distance>
          <gpxdata:speed>0.989</gpxdata:speed>
        </extensions>
      </trkpt>
      <trkpt lat="46.6969979" lon="9.4520936">
        <ele>745.6</ele>
        <time>2026-09-15T12:59:22Z</time>
        <extensions>
          <gpxdata:distance>9295.23</gpxdata:distance>
          <gpxdata:speed>0.998</gpxdata:speed>
        </extensions>
      </trkpt>
      <trkpt lat="46.6970129" lon="9.4522376">
        <ele>745.3</ele>
        <time>2026-09-15T12:59:33Z</time>
        <extensions>
          <gpxdata:distance>9306.33</gpxdata:distance>
          <gpxdata:speed>0.992</gpxdata:speed>
        </extensions>
      </trkpt>
      <trkpt lat="46.6970379" lon="9.4523566">
        <ele>745.9</ele>
        <time>2026-09-15T12:59:42Z</time>
        <extensions>
          <gpxdata:distance>9315.82</gpxdata:distance>
          <gpxdata:speed>1.004</gpxdata:speed>
        </extensions>
      </trkpt>
      <trkpt lat="46.6970369" lon="9.4524086">
        <ele>746.1</ele>
        <time>2026-09-15T12:59:46Z</time>
        <extensions>
          <gpxdata:distance>9319.79</gpxdata:distance>
          <gpxdata:speed>1.009</gpxdata:speed>
        </extensions>
      </trkpt>
      <trkpt lat="46.6970369" lon="9.4524086">
        <ele>746.1</ele>
        <time>2026-09-15T12:59:46Z</time>
        <extensions>
          <gpxdata:distance>9319.79</gpxdata:distance>
          <gpxdata:speed>0.000</gpxdata:speed>
        </extensions>
      </trkpt>
      <trkpt lat="46.6971079" lon="9.4524636">
        <ele>744.6</ele>
        <time>2026-09-15T12:59:55Z</time>
        <extensions>
          <gpxdata:distance>9328.73</gpxdata:distance>
          <gpxdata:speed>0.987</gpxdata:speed>
        </extensions>
      </trkpt>
      <trkpt lat="46.6971699" lon="9.4525446">
        <ele>742.8</ele>
        <time>2026-09-15T13:00:05Z</time>
        <extensions>
          <gpxdata:distance>9337.99</gpxdata:distance>
          <gpxdata:speed>0.962</gpxdata:speed>
        </extensions>
      </trkpt>
      <trkpt lat="46.6972839" lon="9.4527056">
        <ele>741.0</ele>
        <time>2026-09-15T13:00:24Z</time>
        <extensions>
          <gpxdata:distance>9355.64</gpxdata:distance>
          <gpxdata:speed>0.949</gpxdata:speed>
        </extensions>
      </trkpt>
      <trkpt lat="46.6974689" lon="9.4529486">
        <ele>736.9</ele>
        <time>2026-09-15T13:00:54Z</time>
        <extensions>
          <gpxdata:distance>9383.32</gpxdata:distance>
          <gpxdata:speed>0.915</gpxdata:speed>
        </extensions>
      </trkpt>
      <trkpt lat="46.6975299" lon="9.4530157">
        <ele>735.3</ele>
        <time>2026-09-15T13:01:03Z</time>
        <extensions>
          <gpxdata:distance>9391.82</gpxdata:distance>
          <gpxdata:speed>0.900</gpxdata:speed>
        </extensions>
      </trkpt>
      <trkpt lat="46.6976709" lon="9.4531917">
        <ele>731.2</ele>
        <time>2026-09-15T13:01:26Z</time>
        <extensions>
          <gpxdata:distance>9412.46</gpxdata:distance>
          <gpxdata:speed>0.924</gpxdata:speed>
        </extensions>
      </trkpt>
      <trkpt lat="46.6977769" lon="9.4533257">
        <ele>728.1</ele>
        <time>2026-09-15T13:01:42Z</time>
        <extensions>
          <gpxdata:distance>9428.06</gpxdata:distance>
          <gpxdata:speed>0.928</gpxdata:speed>
        </extensions>
      </trkpt>
      <trkpt lat="46.6978209" lon="9.4533797">
        <ele>726.7</ele>
        <time>2026-09-15T13:01:49Z</time>
        <extensions>
          <gpxdata:distance>9434.45</gpxdata:distance>
          <gpxdata:speed>0.914</gpxdata:speed>
        </extensions>
      </trkpt>
      <trkpt lat="46.6978469" lon="9.4534067">
        <ele>726.2</ele>
        <time>2026-09-15T13:01:53Z</time>
        <extensions>
          <gpxdata:distance>9438.00</gpxdata:distance>
          <gpxdata:speed>0.915</gpxdata:speed>
        </extensions>
      </trkpt>
      <trkpt lat="46.6978469" lon="9.4534067">
        <ele>726.2</ele>
        <time>2026-09-15T13:01:53Z</time>
        <extensions>
          <gpxdata:distance>9438.00</gpxdata:distance>
          <gpxdata:speed>0.000</gpxdata:speed>
        </extensions>
      </trkpt>
      <trkpt lat="46.6978739" lon="9.4534477">
        <ele>725.9</ele>
        <time>2026-09-15T13:01:58Z</time>
        <extensions>
          <gpxdata:distance>9442.34</gpxdata:distance>
          <gpxdata:speed>0.924</gpxdata:speed>
        </extensions>
      </trkpt>
      <trkpt lat="46.6978819" lon="9.4534737">
        <ele>725.8</ele>
        <time>2026-09-15T13:02:00Z</time>
        <extensions>
          <gpxdata:distance>9444.51</gpxdata:distance>
          <gpxdata:speed>0.911</gpxdata:speed>
        </extensions>
      </trkpt>
      <trkpt lat="46.6978899" lon="9.4535267">
        <ele>724.9</ele>
        <time>2026-09-15T13:02:05Z</time>
        <extensions>
          <gpxdata:distance>9448.65</gpxdata:distance>
          <gpxdata:speed>0.894</gpxdata:speed>
        </extensions>
      </trkpt>
      <trkpt lat="46.6979079" lon="9.4535537">
        <ele>724.4</ele>
        <time>2026-09-15T13:02:08Z</time>
        <extensions>
          <gpxdata:distance>9451.52</gpxdata:distance>
          <gpxdata:speed>0.896</gpxdata:speed>
        </extensions>
      </trkpt>
      <trkpt lat="46.6979249" lon="9.4535797">
        <ele>723.6</ele>
        <time>2026-09-15T13:02:11Z</time>
        <extensions>
          <gpxdata:distance>9454.26</gpxdata:distance>
          <gpxdata:speed>0.897</gpxdata:speed>
        </extensions>
      </trkpt>
      <trkpt lat="46.6979339" lon="9.4535807">
        <ele>723.2</ele>
        <time>2026-09-15T13:02:12Z</time>
        <extensions>
          <gpxdata:distance>9455.27</gpxdata:distance>
          <gpxdata:speed>0.899</gpxdata:speed>
        </extensions>
      </trkpt>
      <trkpt lat="46.6979609" lon="9.4535817">
        <ele>722.6</ele>
        <time>2026-09-15T13:02:16Z</time>
        <extensions>
          <gpxdata:distance>9458.27</gpxdata:distance>
          <gpxdata:speed>0.910</gpxdata:speed>
        </extensions>
      </trkpt>
      <trkpt lat="46.6980529" lon="9.4535067">
        <ele>721.7</ele>
        <time>2026-09-15T13:02:28Z</time>
        <extensions>
          <gpxdata:distance>9469.99</gpxdata:distance>
          <gpxdata:speed>0.932</gpxdata:speed>
        </extensions>
      </trkpt>
      <trkpt lat="46.6980709" lon="9.4534937">
        <ele>721.5</ele>
        <time>2026-09-15T13:02:31Z</time>
        <extensions>
          <gpxdata:distance>9472.22</gpxdata:distance>
          <gpxdata:speed>0.929</gpxdata:speed>
        </extensions>
      </trkpt>
      <trkpt lat="46.6980889" lon="9.4534947">
        <ele>720.9</ele>
        <time>2026-09-15T13:02:33Z</time>
        <extensions>
          <gpxdata:distance>9474.23</gpxdata:distance>
          <gpxdata:speed>0.931</gpxdata:speed>
        </extensions>
      </trkpt>
      <trkpt lat="46.6981429" lon="9.4534967">
        <ele>719.8</ele>
        <time>2026-09-15T13:02:39Z</time>
        <extensions>
          <gpxdata:distance>9480.23</gpxdata:distance>
          <gpxdata:speed>0.916</gpxdata:speed>
        </extensions>
      </trkpt>
      <trkpt lat="46.6981959" lon="9.4535247">
        <ele>718.5</ele>
        <time>2026-09-15T13:02:46Z</time>
        <extensions>
          <gpxdata:distance>9486.50</gpxdata:distance>
          <gpxdata:speed>0.914</gpxdata:speed>
        </extensions>
      </trkpt>
      <trkpt lat="46.6984019" lon="9.4536107">
        <ele>712.7</ele>
        <time>2026-09-15T13:03:14Z</time>
        <extensions>
          <gpxdata:distance>9510.33</gpxdata:distance>
          <gpxdata:speed>0.873</gpxdata:speed>
        </extensions>
      </trkpt>
      <trkpt lat="46.6985359" lon="9.4536687">
        <ele>709.7</ele>
        <time>2026-09-15T13:03:31Z</time>
        <extensions>
          <gpxdata:distance>9525.87</gpxdata:distance>
          <gpxdata:speed>0.880</gpxdata:speed>
        </extensions>
      </trkpt>
      <trkpt lat="46.6986609" lon="9.4537257">
        <ele>708.1</ele>
        <time>2026-09-15T13:03:47Z</time>
        <extensions>
          <gpxdata:distance>9540.43</gpxdata:distance>
          <gpxdata:speed>0.903</gpxdata:speed>
        </extensions>
      </trkpt>
      <trkpt lat="46.6987409" lon="9.4537677">
        <ele>705.2</ele>
        <time>2026-09-15T13:03:58Z</time>
        <extensions>
          <gpxdata:distance>9549.89</gpxdata:distance>
          <gpxdata:speed>0.886</gpxdata:speed>
        </extensions>
      </trkpt>
      <trkpt lat="46.6988469" lon="9.4538627">
        <ele>701.0</ele>
        <time>2026-09-15T13:04:14Z</time>
        <extensions>
          <gpxdata:distance>9563.72</gpxdata:distance>
          <gpxdata:speed>0.872</gpxdata:speed>
        </extensions>
      </trkpt>
      <trkpt lat="46.6989439" lon="9.4540107">
        <ele>699.8</ele>
        <time>2026-09-15T13:04:32Z</time>
        <extensions>
          <gpxdata:distance>9579.33</gpxdata:distance>
          <gpxdata:speed>0.872</gpxdata:speed>
        </extensions>
      </trkpt>
      <trkpt lat="46.6990399" lon="9.4541707">
        <ele>697.2</ele>
        <time>2026-09-15T13:04:50Z</time>
        <extensions>
          <gpxdata:distance>9595.55</gpxdata:distance>
          <gpxdata:speed>0.878</gpxdata:speed>
        </extensions>
      </trkpt>
      <trkpt lat="46.6990919" lon="9.4542777">
        <ele>695.8</ele>
        <time>2026-09-15T13:05:02Z</time>
        <extensions>
          <gpxdata:distance>9605.55</gpxdata:distance>
          <gpxdata:speed>0.883</gpxdata:speed>
        </extensions>
      </trkpt>
      <trkpt lat="46.6991689" lon="9.4544897">
        <ele>693.7</ele>
        <time>2026-09-15T13:05:22Z</time>
        <extensions>
          <gpxdata:distance>9623.84</gpxdata:distance>
          <gpxdata:speed>0.898</gpxdata:speed>
        </extensions>
      </trkpt>
      <trkpt lat="46.6992129" lon="9.4545697">
        <ele>692.9</ele>
        <time>2026-09-15T13:05:30Z</time>
        <extensions>
          <gpxdata:distance>9631.66</gpxdata:distance>
          <gpxdata:speed>0.922</gpxdata:speed>
        </extensions>
      </trkpt>
      <trkpt lat="46.6992559" lon="9.4546367">
        <ele>692.2</ele>
        <time>2026-09-15T13:05:38Z</time>
        <extensions>
          <gpxdata:distance>9638.66</gpxdata:distance>
          <gpxdata:speed>0.933</gpxdata:speed>
        </extensions>
      </trkpt>
      <trkpt lat="46.6992999" lon="9.4546908">
        <ele>691.4</ele>
        <time>2026-09-15T13:05:45Z</time>
        <extensions>
          <gpxdata:distance>9645.06</gpxdata:distance>
          <gpxdata:speed>0.927</gpxdata:speed>
        </extensions>
      </trkpt>
      <trkpt lat="46.6993449" lon="9.4547318">
        <ele>690.6</ele>
        <time>2026-09-15T13:05:51Z</time>
        <extensions>
          <gpxdata:distance>9650.96</gpxdata:distance>
          <gpxdata:speed>0.935</gpxdata:speed>
        </extensions>
      </trkpt>
      <trkpt lat="46.6994509" lon="9.4548138">
        <ele>689.6</ele>
        <time>2026-09-15T13:06:06Z</time>
        <extensions>
          <gpxdata:distance>9664.30</gpxdata:distance>
          <gpxdata:speed>0.907</gpxdata:speed>
        </extensions>
      </trkpt>
      <trkpt lat="46.6994959" lon="9.4548418">
        <ele>689.1</ele>
        <time>2026-09-15T13:06:12Z</time>
        <extensions>
          <gpxdata:distance>9669.74</gpxdata:distance>
          <gpxdata:speed>0.911</gpxdata:speed>
        </extensions>
      </trkpt>
      <trkpt lat="46.6995399" lon="9.4548568">
        <ele>688.6</ele>
        <time>2026-09-15T13:06:17Z</time>
        <extensions>
          <gpxdata:distance>9674.77</gpxdata:distance>
          <gpxdata:speed>0.902</gpxdata:speed>
        </extensions>
      </trkpt>
      <trkpt lat="46.6995399" lon="9.4548568">
        <ele>688.6</ele>
        <time>2026-09-15T13:06:17Z</time>
        <extensions>
          <gpxdata:distance>9674.77</gpxdata:distance>
          <gpxdata:speed>0.000</gpxdata:speed>
        </extensions>
      </trkpt>
      <trkpt lat="46.6995849" lon="9.4548718">
        <ele>688.2</ele>
        <time>2026-09-15T13:06:23Z</time>
        <extensions>
          <gpxdata:distance>9679.90</gpxdata:distance>
          <gpxdata:speed>0.896</gpxdata:speed>
        </extensions>
      </trkpt>
      <trkpt lat="46.6995849" lon="9.4548718">
        <ele>688.2</ele>
        <time>2026-09-15T13:06:23Z</time>
        <extensions>
          <gpxdata:distance>9679.90</gpxdata:distance>
          <gpxdata:speed>0.000</gpxdata:speed>
        </extensions>
      </trkpt>
      <trkpt lat="46.6996039" lon="9.4548328">
        <ele>688.0</ele>
        <time>2026-09-15T13:06:27Z</time>
        <extensions>
          <gpxdata:distance>9683.55</gpxdata:distance>
          <gpxdata:speed>0.901</gpxdata:speed>
        </extensions>
      </trkpt>
      <trkpt lat="46.6996219" lon="9.4548078">
        <ele>687.8</ele>
        <time>2026-09-15T13:06:30Z</time>
        <extensions>
          <gpxdata:distance>9686.31</gpxdata:distance>
          <gpxdata:speed>0.908</gpxdata:speed>
        </extensions>
      </trkpt>
      <trkpt lat="46.6996409" lon="9.4547818">
        <ele>687.5</ele>
        <time>2026-09-15T13:06:33Z</time>
        <extensions>
          <gpxdata:distance>9689.21</gpxdata:distance>
          <gpxdata:speed>0.915</gpxdata:speed>
        </extensions>
      </trkpt>
      <trkpt lat="46.6996679" lon="9.4547698">
        <ele>687.3</ele>
        <time>2026-09-15T13:06:37Z</time>
        <extensions>
          <gpxdata:distance>9692.35</gpxdata:distance>
          <gpxdata:speed>0.914</gpxdata:speed>
        </extensions>
      </trkpt>
      <trkpt lat="46.6997039" lon="9.4547448">
        <ele>686.9</ele>
        <time>2026-09-15T13:06:42Z</time>
        <extensions>
          <gpxdata:distance>9696.78</gpxdata:distance>
          <gpxdata:speed>0.914</gpxdata:speed>
        </extensions>
      </trkpt>
      <trkpt lat="46.6998139" lon="9.4546838">
        <ele>685.8</ele>
        <time>2026-09-15T13:06:56Z</time>
        <extensions>
          <gpxdata:distance>9709.87</gpxdata:distance>
          <gpxdata:speed>0.916</gpxdata:speed>
        </extensions>
      </trkpt>
      <trkpt lat="46.6998409" lon="9.4546718">
        <ele>685.6</ele>
        <time>2026-09-15T13:06:59Z</time>
        <extensions>
          <gpxdata:distance>9713.01</gpxdata:distance>
          <gpxdata:speed>0.918</gpxdata:speed>
        </extensions>
      </trkpt>
      <trkpt lat="46.6998589" lon="9.4546468">
        <ele>685.3</ele>
        <time>2026-09-15T13:07:02Z</time>
        <extensions>
          <gpxdata:distance>9715.77</gpxdata:distance>
          <gpxdata:speed>0.915</gpxdata:speed>
        </extensions>
      </trkpt>
      <trkpt lat="46.6998959" lon="9.4546088">
        <ele>685.0</ele>
        <time>2026-09-15T13:07:08Z</time>
        <extensions>
          <gpxdata:distance>9720.80</gpxdata:distance>
          <gpxdata:speed>0.918</gpxdata:speed>
        </extensions>
      </trkpt>
      <trkpt lat="46.6998959" lon="9.4546088">
        <ele>685.0</ele>
        <time>2026-09-15T13:07:08Z</time>
        <extensions>
          <gpxdata:distance>9720.80</gpxdata:distance>
          <gpxdata:speed>0.000</gpxdata:speed>
        </extensions>
      </trkpt>
      <trkpt lat="46.6999509" lon="9.4545318">
        <ele>684.4</ele>
        <time>2026-09-15T13:07:17Z</time>
        <extensions>
          <gpxdata:distance>9729.28</gpxdata:distance>
          <gpxdata:speed>0.917</gpxdata:speed>
        </extensions>
      </trkpt>
      <trkpt lat="46.7000530" lon="9.4543788">
        <ele>683.7</ele>
        <time>2026-09-15T13:07:35Z</time>
        <extensions>
          <gpxdata:distance>9745.56</gpxdata:distance>
          <gpxdata:speed>0.929</gpxdata:speed>
        </extensions>
      </trkpt>
      <trkpt lat="46.7000810" lon="9.4543278">
        <ele>683.5</ele>
        <time>2026-09-15T13:07:40Z</time>
        <extensions>
          <gpxdata:distance>9750.54</gpxdata:distance>
          <gpxdata:speed>0.932</gpxdata:speed>
        </extensions>
      </trkpt>
      <trkpt lat="46.7001090" lon="9.4542768">
        <ele>683.4</ele>
        <time>2026-09-15T13:07:45Z</time>
        <extensions>
          <gpxdata:distance>9755.53</gpxdata:distance>
          <gpxdata:speed>0.938</gpxdata:speed>
        </extensions>
      </trkpt>
      <trkpt lat="46.7001280" lon="9.4542118">
        <ele>683.2</ele>
        <time>2026-09-15T13:07:51Z</time>
        <extensions>
          <gpxdata:distance>9760.91</gpxdata:distance>
          <gpxdata:speed>0.947</gpxdata:speed>
        </extensions>
      </trkpt>
      <trkpt lat="46.7001470" lon="9.4541468">
        <ele>683.1</ele>
        <time>2026-09-15T13:07:57Z</time>
        <extensions>
          <gpxdata:distance>9766.30</gpxdata:distance>
          <gpxdata:speed>0.952</gpxdata:speed>
        </extensions>
      </trkpt>
      <trkpt lat="46.7001470" lon="9.4541468">
        <ele>683.1</ele>
        <time>2026-09-15T13:07:57Z</time>
        <extensions>
          <gpxdata:distance>9766.30</gpxdata:distance>
          <gpxdata:speed>0.000</gpxdata:speed>
        </extensions>
      </trkpt>
      <trkpt lat="46.7001570" lon="9.4540688">
        <ele>683.0</ele>
        <time>2026-09-15T13:08:03Z</time>
        <extensions>
          <gpxdata:distance>9772.35</gpxdata:distance>
          <gpxdata:speed>0.963</gpxdata:speed>
        </extensions>
      </trkpt>
      <trkpt lat="46.7001580" lon="9.4540038">
        <ele>683.0</ele>
        <time>2026-09-15T13:08:08Z</time>
        <extensions>
          <gpxdata:distance>9777.31</gpxdata:distance>
          <gpxdata:speed>0.967</gpxdata:speed>
        </extensions>
      </trkpt>
      <trkpt lat="46.7001600" lon="9.4539248">
        <ele>682.9</ele>
        <time>2026-09-15T13:08:14Z</time>
        <extensions>
          <gpxdata:distance>9783.34</gpxdata:distance>
          <gpxdata:speed>0.977</gpxdata:speed>
        </extensions>
      </trkpt>
      <trkpt lat="46.7001430" lon="9.4538458">
        <ele>683.0</ele>
        <time>2026-09-15T13:08:21Z</time>
        <extensions>
          <gpxdata:distance>9789.65</gpxdata:distance>
          <gpxdata:speed>0.992</gpxdata:speed>
        </extensions>
      </trkpt>
      <trkpt lat="46.7001270" lon="9.4537408">
        <ele>683.2</ele>
        <time>2026-09-15T13:08:29Z</time>
        <extensions>
          <gpxdata:distance>9797.86</gpxdata:distance>
          <gpxdata:speed>1.004</gpxdata:speed>
        </extensions>
      </trkpt>
      <trkpt lat="46.7001270" lon="9.4537408">
        <ele>683.2</ele>
        <time>2026-09-15T13:08:29Z</time>
        <extensions>
          <gpxdata:distance>9797.86</gpxdata:distance>
          <gpxdata:speed>0.000</gpxdata:speed>
        </extensions>
      </trkpt>
      <trkpt lat="46.7001010" lon="9.4537138">
        <ele>683.2</ele>
        <time>2026-09-15T13:08:32Z</time>
        <extensions>
          <gpxdata:distance>9801.41</gpxdata:distance>
          <gpxdata:speed>1.012</gpxdata:speed>
        </extensions>
      </trkpt>
      <trkpt lat="46.7000660" lon="9.4536598">
        <ele>683.2</ele>
        <time>2026-09-15T13:08:38Z</time>
        <extensions>
          <gpxdata:distance>9807.07</gpxdata:distance>
          <gpxdata:speed>1.006</gpxdata:speed>
        </extensions>
      </trkpt>
      <trkpt lat="46.7000660" lon="9.4536598">
        <ele>683.2</ele>
        <time>2026-09-15T13:08:38Z</time>
        <extensions>
          <gpxdata:distance>9807.07</gpxdata:distance>
          <gpxdata:speed>0.000</gpxdata:speed>
        </extensions>
      </trkpt>
      <trkpt lat="46.7000840" lon="9.4536218">
        <ele>683.1</ele>
        <time>2026-09-15T13:08:41Z</time>
        <extensions>
          <gpxdata:distance>9810.59</gpxdata:distance>
          <gpxdata:speed>1.006</gpxdata:speed>
        </extensions>
      </trkpt>
      <trkpt lat="46.7001030" lon="9.4535698">
        <ele>682.7</ele>
        <time>2026-09-15T13:08:46Z</time>
        <extensions>
          <gpxdata:distance>9815.09</gpxdata:distance>
          <gpxdata:speed>1.002</gpxdata:speed>
        </extensions>
      </trkpt>
      <trkpt lat="46.7001220" lon="9.4535318">
        <ele>682.3</ele>
        <time>2026-09-15T13:08:50Z</time>
        <extensions>
          <gpxdata:distance>9818.67</gpxdata:distance>
          <gpxdata:speed>0.991</gpxdata:speed>
        </extensions>
      </trkpt>
      <trkpt lat="46.7001230" lon="9.4534788">
        <ele>682.0</ele>
        <time>2026-09-15T13:08:54Z</time>
        <extensions>
          <gpxdata:distance>9822.72</gpxdata:distance>
          <gpxdata:speed>0.974</gpxdata:speed>
        </extensions>
      </trkpt>
      <trkpt lat="46.7001330" lon="9.4534138">
        <ele>681.4</ele>
        <time>2026-09-15T13:08:59Z</time>
        <extensions>
          <gpxdata:distance>9827.80</gpxdata:distance>
          <gpxdata:speed>0.937</gpxdata:speed>
        </extensions>
      </trkpt>
      <trkpt lat="46.7001390" lon="9.4530868">
        <ele>679.4</ele>
        <time>2026-09-15T13:09:26Z</time>
        <extensions>
          <gpxdata:distance>9852.74</gpxdata:distance>
          <gpxdata:speed>0.927</gpxdata:speed>
        </extensions>
      </trkpt>
      <trkpt lat="46.7001390" lon="9.4530868">
        <ele>679.4</ele>
        <time>2026-09-15T13:09:26Z</time>
        <extensions>
          <gpxdata:distance>9852.74</gpxdata:distance>
          <gpxdata:speed>0.000</gpxdata:speed>
        </extensions>
      </trkpt>
      <trkpt lat="46.7001530" lon="9.4528128">
        <ele>678.9</ele>
        <time>2026-09-15T13:09:48Z</time>
        <extensions>
          <gpxdata:distance>9873.70</gpxdata:distance>
          <gpxdata:speed>0.932</gpxdata:speed>
        </extensions>
      </trkpt>
      <trkpt lat="46.7001540" lon="9.4527218">
        <ele>678.8</ele>
        <time>2026-09-15T13:09:56Z</time>
        <extensions>
          <gpxdata:distance>9880.64</gpxdata:distance>
          <gpxdata:speed>0.938</gpxdata:speed>
        </extensions>
      </trkpt>
      <trkpt lat="46.7001740" lon="9.4526308">
        <ele>678.7</ele>
        <time>2026-09-15T13:10:04Z</time>
        <extensions>
          <gpxdata:distance>9887.92</gpxdata:distance>
          <gpxdata:speed>0.941</gpxdata:speed>
        </extensions>
      </trkpt>
      <trkpt lat="46.7001850" lon="9.4525268">
        <ele>678.6</ele>
        <time>2026-09-15T13:10:12Z</time>
        <extensions>
          <gpxdata:distance>9895.95</gpxdata:distance>
          <gpxdata:speed>0.947</gpxdata:speed>
        </extensions>
      </trkpt>
      <trkpt lat="46.7002330" lon="9.4523588">
        <ele>678.4</ele>
        <time>2026-09-15T13:10:27Z</time>
        <extensions>
          <gpxdata:distance>9909.83</gpxdata:distance>
          <gpxdata:speed>0.957</gpxdata:speed>
        </extensions>
      </trkpt>
      <trkpt lat="46.7002900" lon="9.4521648">
        <ele>678.2</ele>
        <time>2026-09-15T13:10:43Z</time>
        <extensions>
          <gpxdata:distance>9925.92</gpxdata:distance>
          <gpxdata:speed>0.965</gpxdata:speed>
        </extensions>
      </trkpt>
      <trkpt lat="46.7003380" lon="9.4520088">
        <ele>678.0</ele>
        <time>2026-09-15T13:10:57Z</time>
        <extensions>
          <gpxdata:distance>9938.96</gpxdata:distance>
          <gpxdata:speed>0.973</gpxdata:speed>
        </extensions>
      </trkpt>
      <trkpt lat="46.7003670" lon="9.4518928">
        <ele>678.0</ele>
        <time>2026-09-15T13:11:06Z</time>
        <extensions>
          <gpxdata:distance>9948.38</gpxdata:distance>
          <gpxdata:speed>0.994</gpxdata:speed>
        </extensions>
      </trkpt>
      <trkpt lat="46.7003670" lon="9.4518928">
        <ele>678.0</ele>
        <time>2026-09-15T13:11:06Z</time>
        <extensions>
          <gpxdata:distance>9948.38</gpxdata:distance>
          <gpxdata:speed>0.000</gpxdata:speed>
        </extensions>
      </trkpt>
      <trkpt lat="46.7006280" lon="9.4508817">
        <ele>675.2</ele>
        <time>2026-09-15T13:12:30Z</time>
        <extensions>
          <gpxdata:distance>10030.76</gpxdata:distance>
          <gpxdata:speed>0.982</gpxdata:speed>
        </extensions>
      </trkpt>
      <trkpt lat="46.7006850" lon="9.4506747">
        <ele>675.0</ele>
        <time>2026-09-15T13:12:47Z</time>
        <extensions>
          <gpxdata:distance>10047.77</gpxdata:distance>
          <gpxdata:speed>0.983</gpxdata:speed>
        </extensions>
      </trkpt>
      <trkpt lat="46.7006850" lon="9.4506747">
        <ele>675.0</ele>
        <time>2026-09-15T13:12:47Z</time>
        <extensions>
          <gpxdata:distance>10047.77</gpxdata:distance>
          <gpxdata:speed>0.000</gpxdata:speed>
        </extensions>
      </trkpt>
      <trkpt lat="46.7007720" lon="9.4503637">
        <ele>674.7</ele>
        <time>2026-09-15T13:13:13Z</time>
        <extensions>
          <gpxdata:distance>10073.39</gpxdata:distance>
          <gpxdata:speed>0.984</gpxdata:speed>
        </extensions>
      </trkpt>
      <trkpt lat="46.7007910" lon="9.4502867">
        <ele>674.6</ele>
        <time>2026-09-15T13:13:20Z</time>
        <extensions>
          <gpxdata:distance>10079.63</gpxdata:distance>
          <gpxdata:speed>0.984</gpxdata:speed>
        </extensions>
      </trkpt>
      <trkpt lat="46.7008100" lon="9.4502477">
        <ele>674.6</ele>
        <time>2026-09-15T13:13:23Z</time>
        <extensions>
          <gpxdata:distance>10083.28</gpxdata:distance>
          <gpxdata:speed>0.983</gpxdata:speed>
        </extensions>
      </trkpt>
      <trkpt lat="46.7008280" lon="9.4502227">
        <ele>674.6</ele>
        <time>2026-09-15T13:13:26Z</time>
        <extensions>
          <gpxdata:distance>10086.04</gpxdata:distance>
          <gpxdata:speed>0.983</gpxdata:speed>
        </extensions>
      </trkpt>
      <trkpt lat="46.7008280" lon="9.4502227">
        <ele>674.6</ele>
        <time>2026-09-15T13:13:26Z</time>
        <extensions>
          <gpxdata:distance>10086.04</gpxdata:distance>
          <gpxdata:speed>0.000</gpxdata:speed>
        </extensions>
      </trkpt>
      <trkpt lat="46.7008200" lon="9.4501697">
        <ele>674.5</ele>
        <time>2026-09-15T13:13:30Z</time>
        <extensions>
          <gpxdata:distance>10090.18</gpxdata:distance>
          <gpxdata:speed>0.981</gpxdata:speed>
        </extensions>
      </trkpt>
      <trkpt lat="46.7008200" lon="9.4501697">
        <ele>674.5</ele>
        <time>2026-09-15T13:13:30Z</time>
        <extensions>
          <gpxdata:distance>10090.18</gpxdata:distance>
          <gpxdata:speed>0.000</gpxdata:speed>
        </extensions>
      </trkpt>
      <trkpt lat="46.7008880" lon="9.4499107">
        <ele>673.9</ele>
        <time>2026-09-15T13:13:52Z</time>
        <extensions>
          <gpxdata:distance>10111.33</gpxdata:distance>
          <gpxdata:speed>0.990</gpxdata:speed>
        </extensions>
      </trkpt>
      <trkpt lat="46.7012540" lon="9.4485247">
        <ele>673.3</ele>
        <time>2026-09-15T13:15:45Z</time>
        <extensions>
          <gpxdata:distance>10224.58</gpxdata:distance>
          <gpxdata:speed>1.000</gpxdata:speed>
        </extensions>
      </trkpt>
      <trkpt lat="46.7013120" lon="9.4483177">
        <ele>673.2</ele>
        <time>2026-09-15T13:16:02Z</time>
        <extensions>
          <gpxdata:distance>10241.64</gpxdata:distance>
          <gpxdata:speed>1.001</gpxdata:speed>
        </extensions>
      </trkpt>
      <trkpt lat="46.7013130" lon="9.4482527">
        <ele>673.0</ele>
        <time>2026-09-15T13:16:07Z</time>
        <extensions>
          <gpxdata:distance>10246.59</gpxdata:distance>
          <gpxdata:speed>1.000</gpxdata:speed>
        </extensions>
      </trkpt>
      <trkpt lat="46.7013140" lon="9.4482127">
        <ele>672.7</ele>
        <time>2026-09-15T13:16:10Z</time>
        <extensions>
          <gpxdata:distance>10249.65</gpxdata:distance>
          <gpxdata:speed>0.998</gpxdata:speed>
        </extensions>
      </trkpt>
      <trkpt lat="46.7012650" lon="9.4479107">
        <ele>669.9</ele>
        <time>2026-09-15T13:16:34Z</time>
        <extensions>
          <gpxdata:distance>10273.31</gpxdata:distance>
          <gpxdata:speed>0.980</gpxdata:speed>
        </extensions>
      </trkpt>
      <trkpt lat="46.7012580" lon="9.4477927">
        <ele>669.1</ele>
        <time>2026-09-15T13:16:43Z</time>
        <extensions>
          <gpxdata:distance>10282.34</gpxdata:distance>
          <gpxdata:speed>0.976</gpxdata:speed>
        </extensions>
      </trkpt>
      <trkpt lat="46.7012590" lon="9.4477267">
        <ele>669.0</ele>
        <time>2026-09-15T13:16:49Z</time>
        <extensions>
          <gpxdata:distance>10287.38</gpxdata:distance>
          <gpxdata:speed>0.977</gpxdata:speed>
        </extensions>
      </trkpt>
      <trkpt lat="46.7012590" lon="9.4477267">
        <ele>669.0</ele>
        <time>2026-09-15T13:16:49Z</time>
        <extensions>
          <gpxdata:distance>10287.38</gpxdata:distance>
          <gpxdata:speed>0.000</gpxdata:speed>
        </extensions>
      </trkpt>
      <trkpt lat="46.7013200" lon="9.4473497">
        <ele>668.3</ele>
        <time>2026-09-15T13:17:19Z</time>
        <extensions>
          <gpxdata:distance>10316.92</gpxdata:distance>
          <gpxdata:speed>0.977</gpxdata:speed>
        </extensions>
      </trkpt>
      <trkpt lat="46.7013200" lon="9.4473497">
        <ele>668.3</ele>
        <time>2026-09-15T13:17:19Z</time>
        <extensions>
          <gpxdata:distance>10316.92</gpxdata:distance>
          <gpxdata:speed>0.000</gpxdata:speed>
        </extensions>
      </trkpt>
      <trkpt lat="46.7013390" lon="9.4472597">
        <ele>668.2</ele>
        <time>2026-09-15T13:17:27Z</time>
        <extensions>
          <gpxdata:distance>10324.10</gpxdata:distance>
          <gpxdata:speed>0.937</gpxdata:speed>
        </extensions>
      </trkpt>
      <trkpt lat="46.7013390" lon="9.4472597">
        <ele>668.2</ele>
        <time>2026-09-15T13:17:27Z</time>
        <extensions>
          <gpxdata:distance>10324.10</gpxdata:distance>
          <gpxdata:speed>0.000</gpxdata:speed>
        </extensions>
      </trkpt>
      <trkpt lat="46.7014380" lon="9.4472497">
        <ele>668.0</ele>
        <time>2026-09-15T13:17:38Z</time>
        <extensions>
          <gpxdata:distance>10335.13</gpxdata:distance>
          <gpxdata:speed>0.943</gpxdata:speed>
        </extensions>
      </trkpt>
      <trkpt lat="46.7014380" lon="9.4472497">
        <ele>668.0</ele>
        <time>2026-09-15T13:17:38Z</time>
        <extensions>
          <gpxdata:distance>10335.13</gpxdata:distance>
          <gpxdata:speed>0.000</gpxdata:speed>
        </extensions>
      </trkpt>
      <trkpt lat="46.7015650" lon="9.4472287">
        <ele>668.3</ele>
        <time>2026-09-15T13:17:52Z</time>
        <extensions>
          <gpxdata:distance>10349.35</gpxdata:distance>
          <gpxdata:speed>0.997</gpxdata:speed>
        </extensions>
      </trkpt>
      <trkpt lat="46.7016910" lon="9.4472327">
        <ele>668.7</ele>
        <time>2026-09-15T13:18:06Z</time>
        <extensions>
          <gpxdata:distance>10363.36</gpxdata:distance>
          <gpxdata:speed>1.007</gpxdata:speed>
        </extensions>
      </trkpt>
      <trkpt lat="46.7017710" lon="9.4472487">
        <ele>669.1</ele>
        <time>2026-09-15T13:18:15Z</time>
        <extensions>
          <gpxdata:distance>10372.34</gpxdata:distance>
          <gpxdata:speed>1.009</gpxdata:speed>
        </extensions>
      </trkpt>
      <trkpt lat="46.7017890" lon="9.4472627">
        <ele>669.3</ele>
        <time>2026-09-15T13:18:18Z</time>
        <extensions>
          <gpxdata:distance>10374.61</gpxdata:distance>
          <gpxdata:speed>0.968</gpxdata:speed>
        </extensions>
      </trkpt>
      <trkpt lat="46.7017890" lon="9.4472627">
        <ele>669.3</ele>
        <time>2026-09-15T13:18:18Z</time>
        <extensions>
          <gpxdata:distance>10374.61</gpxdata:distance>
          <gpxdata:speed>0.000</gpxdata:speed>
        </extensions>
      </trkpt>
      <trkpt lat="46.7018340" lon="9.4472907">
        <ele>669.7</ele>
        <time>2026-09-15T13:18:23Z</time>
        <extensions>
          <gpxdata:distance>10380.05</gpxdata:distance>
          <gpxdata:speed>0.944</gpxdata:speed>
        </extensions>
      </trkpt>
      <trkpt lat="46.7019130" lon="9.4473717">
        <ele>670.7</ele>
        <time>2026-09-15T13:18:35Z</time>
        <extensions>
          <gpxdata:distance>10390.79</gpxdata:distance>
          <gpxdata:speed>0.917</gpxdata:speed>
        </extensions>
      </trkpt>
      <trkpt lat="46.7019740" lon="9.4474787">
        <ele>671.2</ele>
        <time>2026-09-15T13:18:47Z</time>
        <extensions>
          <gpxdata:distance>10401.40</gpxdata:distance>
          <gpxdata:speed>0.890</gpxdata:speed>
        </extensions>
      </trkpt>
      <trkpt lat="46.7019740" lon="9.4474787">
        <ele>671.2</ele>
        <time>2026-09-15T13:18:47Z</time>
        <extensions>
          <gpxdata:distance>10401.40</gpxdata:distance>
          <gpxdata:speed>0.000</gpxdata:speed>
        </extensions>
      </trkpt>
      <trkpt lat="46.7018490" lon="9.4474487">
        <ele>672.1</ele>
        <time>2026-09-15T13:19:03Z</time>
        <extensions>
          <gpxdata:distance>10415.48</gpxdata:distance>
          <gpxdata:speed>0.866</gpxdata:speed>
        </extensions>
      </trkpt>
      <trkpt lat="46.7018040" lon="9.4474337">
        <ele>672.8</ele>
        <time>2026-09-15T13:19:09Z</time>
        <extensions>
          <gpxdata:distance>10420.62</gpxdata:distance>
          <gpxdata:speed>0.829</gpxdata:speed>
        </extensions>
      </trkpt>
      <trkpt lat="46.7017600" lon="9.4474057">
        <ele>673.4</ele>
        <time>2026-09-15T13:19:16Z</time>
        <extensions>
          <gpxdata:distance>10425.95</gpxdata:distance>
          <gpxdata:speed>0.806</gpxdata:speed>
        </extensions>
      </trkpt>
      <trkpt lat="46.7017600" lon="9.4474057">
        <ele>673.4</ele>
        <time>2026-09-15T13:19:16Z</time>
        <extensions>
          <gpxdata:distance>10425.95</gpxdata:distance>
          <gpxdata:speed>0.000</gpxdata:speed>
        </extensions>
      </trkpt>
      <trkpt lat="46.7017690" lon="9.4473667">
        <ele>673.5</ele>
        <time>2026-09-15T13:19:20Z</time>
        <extensions>
          <gpxdata:distance>10429.09</gpxdata:distance>
          <gpxdata:speed>0.814</gpxdata:speed>
        </extensions>
      </trkpt>
      <trkpt lat="46.7017690" lon="9.4473667">
        <ele>673.5</ele>
        <time>2026-09-15T13:19:20Z</time>
        <extensions>
          <gpxdata:distance>10429.09</gpxdata:distance>
          <gpxdata:speed>0.000</gpxdata:speed>
        </extensions>
      </trkpt>
      <trkpt lat="46.7017890" lon="9.4472627">
        <ele>674.0</ele>
        <time>2026-09-15T13:19:30Z</time>
        <extensions>
          <gpxdata:distance>10437.33</gpxdata:distance>
          <gpxdata:speed>0.830</gpxdata:speed>
        </extensions>
      </trkpt>
      <trkpt lat="46.7017890" lon="9.4472627">
        <ele>674.0</ele>
        <time>2026-09-15T13:19:30Z</time>
        <extensions>
          <gpxdata:distance>10437.33</gpxdata:distance>
          <gpxdata:speed>0.000</gpxdata:speed>
        </extensions>
      </trkpt>
      <trkpt lat="46.7019280" lon="9.4465616">
        <ele>675.6</ele>
        <time>2026-09-15T13:20:32Z</time>
        <extensions>
          <gpxdata:distance>10492.98</gpxdata:distance>
          <gpxdata:speed>0.890</gpxdata:speed>
        </extensions>
      </trkpt>
      <trkpt lat="46.7019280" lon="9.4465616">
        <ele>675.6</ele>
        <time>2026-09-15T13:20:32Z</time>
        <extensions>
          <gpxdata:distance>10492.98</gpxdata:distance>
          <gpxdata:speed>0.000</gpxdata:speed>
        </extensions>
      </trkpt>
      <trkpt lat="46.7019470" lon="9.4464576">
        <ele>675.9</ele>
        <time>2026-09-15T13:20:41Z</time>
        <extensions>
          <gpxdata:distance>10501.19</gpxdata:distance>
          <gpxdata:speed>0.915</gpxdata:speed>
        </extensions>
      </trkpt>
      <trkpt lat="46.7019770" lon="9.4463276">
        <ele>676.0</ele>
        <time>2026-09-15T13:20:53Z</time>
        <extensions>
          <gpxdata:distance>10511.65</gpxdata:distance>
          <gpxdata:speed>0.935</gpxdata:speed>
        </extensions>
      </trkpt>
      <trkpt lat="46.7019770" lon="9.4463276">
        <ele>676.0</ele>
        <time>2026-09-15T13:20:53Z</time>
        <extensions>
          <gpxdata:distance>10511.65</gpxdata:distance>
          <gpxdata:speed>0.000</gpxdata:speed>
        </extensions>
      </trkpt>
      <trkpt lat="46.7019220" lon="9.4463656">
        <ele>675.7</ele>
        <time>2026-09-15T13:21:00Z</time>
        <extensions>
          <gpxdata:distance>10518.42</gpxdata:distance>
          <gpxdata:speed>0.950</gpxdata:speed>
        </extensions>
      </trkpt>
      <trkpt lat="46.7018860" lon="9.4463766">
        <ele>675.4</ele>
        <time>2026-09-15T13:21:04Z</time>
        <extensions>
          <gpxdata:distance>10522.51</gpxdata:distance>
          <gpxdata:speed>0.961</gpxdata:speed>
        </extensions>
      </trkpt>
      <trkpt lat="46.7018590" lon="9.4463756">
        <ele>675.1</ele>
        <time>2026-09-15T13:21:07Z</time>
        <extensions>
          <gpxdata:distance>10525.51</gpxdata:distance>
          <gpxdata:speed>0.981</gpxdata:speed>
        </extensions>
      </trkpt>
      <trkpt lat="46.7018140" lon="9.4463616">
        <ele>674.7</ele>
        <time>2026-09-15T13:21:12Z</time>
        <extensions>
          <gpxdata:distance>10530.63</gpxdata:distance>
          <gpxdata:speed>0.993</gpxdata:speed>
        </extensions>
      </trkpt>
      <trkpt lat="46.7016980" lon="9.4463046">
        <ele>674.1</ele>
        <time>2026-09-15T13:21:26Z</time>
        <extensions>
          <gpxdata:distance>10544.24</gpxdata:distance>
          <gpxdata:speed>0.975</gpxdata:speed>
        </extensions>
      </trkpt>
      <trkpt lat="46.7015730" lon="9.4462346">
        <ele>673.9</ele>
        <time>2026-09-15T13:21:41Z</time>
        <extensions>
          <gpxdata:distance>10559.13</gpxdata:distance>
          <gpxdata:speed>0.979</gpxdata:speed>
        </extensions>
      </trkpt>
      <trkpt lat="46.7014840" lon="9.4462046">
        <ele>674.0</ele>
        <time>2026-09-15T13:21:52Z</time>
        <extensions>
          <gpxdata:distance>10569.28</gpxdata:distance>
          <gpxdata:speed>0.977</gpxdata:speed>
        </extensions>
      </trkpt>
      <trkpt lat="46.7013850" lon="9.4461756">
        <ele>674.2</ele>
        <time>2026-09-15T13:22:03Z</time>
        <extensions>
          <gpxdata:distance>10580.51</gpxdata:distance>
          <gpxdata:speed>0.979</gpxdata:speed>
        </extensions>
      </trkpt>
      <trkpt lat="46.7013050" lon="9.4461466">
        <ele>674.2</ele>
        <time>2026-09-15T13:22:13Z</time>
        <extensions>
          <gpxdata:distance>10589.68</gpxdata:distance>
          <gpxdata:speed>0.983</gpxdata:speed>
        </extensions>
      </trkpt>
      <trkpt lat="46.7011700" lon="9.4461276">
        <ele>674.5</ele>
        <time>2026-09-15T13:22:28Z</time>
        <extensions>
          <gpxdata:distance>10604.76</gpxdata:distance>
          <gpxdata:speed>0.995</gpxdata:speed>
        </extensions>
      </trkpt>
      <trkpt lat="46.7010090" lon="9.4460826">
        <ele>674.7</ele>
        <time>2026-09-15T13:22:46Z</time>
        <extensions>
          <gpxdata:distance>10622.99</gpxdata:distance>
          <gpxdata:speed>1.003</gpxdata:speed>
        </extensions>
      </trkpt>
      <trkpt lat="46.7008750" lon="9.4460516">
        <ele>674.9</ele>
        <time>2026-09-15T13:23:01Z</time>
        <extensions>
          <gpxdata:distance>10638.07</gpxdata:distance>
          <gpxdata:speed>1.010</gpxdata:speed>
        </extensions>
      </trkpt>
      <trkpt lat="46.7007410" lon="9.4459946">
        <ele>675.3</ele>
        <time>2026-09-15T13:23:16Z</time>
        <extensions>
          <gpxdata:distance>10653.59</gpxdata:distance>
          <gpxdata:speed>1.000</gpxdata:speed>
        </extensions>
      </trkpt>
      <trkpt lat="46.7007410" lon="9.4459946">
        <ele>675.3</ele>
        <time>2026-09-15T13:23:16Z</time>
        <extensions>
          <gpxdata:distance>10653.59</gpxdata:distance>
          <gpxdata:speed>0.000</gpxdata:speed>
        </extensions>
      </trkpt>
      <trkpt lat="46.7004370" lon="9.4458785">
        <ele>675.4</ele>
        <time>2026-09-15T13:23:52Z</time>
        <extensions>
          <gpxdata:distance>10688.54</gpxdata:distance>
          <gpxdata:speed>0.983</gpxdata:speed>
        </extensions>
      </trkpt>
      <trkpt lat="46.7002040" lon="9.4457915">
        <ele>675.7</ele>
        <time>2026-09-15T13:24:19Z</time>
        <extensions>
          <gpxdata:distance>10715.28</gpxdata:distance>
          <gpxdata:speed>0.983</gpxdata:speed>
        </extensions>
      </trkpt>
      <trkpt lat="46.6999990" lon="9.4457055">
        <ele>676.1</ele>
        <time>2026-09-15T13:24:43Z</time>
        <extensions>
          <gpxdata:distance>10739.00</gpxdata:distance>
          <gpxdata:speed>0.982</gpxdata:speed>
        </extensions>
      </trkpt>
      <trkpt lat="46.6997490" lon="9.4455915">
        <ele>676.6</ele>
        <time>2026-09-15T13:25:13Z</time>
        <extensions>
          <gpxdata:distance>10768.13</gpxdata:distance>
          <gpxdata:speed>0.978</gpxdata:speed>
        </extensions>
      </trkpt>
      <trkpt lat="46.6997490" lon="9.4455915">
        <ele>676.6</ele>
        <time>2026-09-15T13:25:13Z</time>
        <extensions>
          <gpxdata:distance>10768.13</gpxdata:distance>
          <gpxdata:speed>0.000</gpxdata:speed>
        </extensions>
      </trkpt>
      <trkpt lat="46.6991060" lon="9.4452925">
        <ele>677.9</ele>
        <time>2026-09-15T13:26:30Z</time>
        <extensions>
          <gpxdata:distance>10843.17</gpxdata:distance>
          <gpxdata:speed>0.975</gpxdata:speed>
        </extensions>
      </trkpt>
      <trkpt lat="46.6989900" lon="9.4452355">
        <ele>678.1</ele>
        <time>2026-09-15T13:26:44Z</time>
        <extensions>
          <gpxdata:distance>10856.79</gpxdata:distance>
          <gpxdata:speed>0.975</gpxdata:speed>
        </extensions>
      </trkpt>
      <trkpt lat="46.6988480" lon="9.4451524">
        <ele>678.4</ele>
        <time>2026-09-15T13:27:01Z</time>
        <extensions>
          <gpxdata:distance>10873.80</gpxdata:distance>
          <gpxdata:speed>0.977</gpxdata:speed>
        </extensions>
      </trkpt>
      <trkpt lat="46.6987320" lon="9.4450954">
        <ele>678.7</ele>
        <time>2026-09-15T13:27:15Z</time>
        <extensions>
          <gpxdata:distance>10887.41</gpxdata:distance>
          <gpxdata:speed>0.975</gpxdata:speed>
        </extensions>
      </trkpt>
      <trkpt lat="46.6985720" lon="9.4449844">
        <ele>679.1</ele>
        <time>2026-09-15T13:27:36Z</time>
        <extensions>
          <gpxdata:distance>10907.11</gpxdata:distance>
          <gpxdata:speed>0.969</gpxdata:speed>
        </extensions>
      </trkpt>
      <trkpt lat="46.6983410" lon="9.4448324">
        <ele>679.7</ele>
        <time>2026-09-15T13:28:05Z</time>
        <extensions>
          <gpxdata:distance>10935.29</gpxdata:distance>
          <gpxdata:speed>0.966</gpxdata:speed>
        </extensions>
      </trkpt>
      <trkpt lat="46.6983410" lon="9.4448324">
        <ele>679.7</ele>
        <time>2026-09-15T13:28:05Z</time>
        <extensions>
          <gpxdata:distance>10935.29</gpxdata:distance>
          <gpxdata:speed>0.000</gpxdata:speed>
        </extensions>
      </trkpt>
      <trkpt lat="46.6978330" lon="9.4445254">
        <ele>681.0</ele>
        <time>2026-09-15T13:29:08Z</time>
        <extensions>
          <gpxdata:distance>10996.44</gpxdata:distance>
          <gpxdata:speed>0.963</gpxdata:speed>
        </extensions>
      </trkpt>
      <trkpt lat="46.6975840" lon="9.4443724">
        <ele>682.1</ele>
        <time>2026-09-15T13:29:40Z</time>
        <extensions>
          <gpxdata:distance>11026.49</gpxdata:distance>
          <gpxdata:speed>0.958</gpxdata:speed>
        </extensions>
      </trkpt>
      <trkpt lat="46.6975220" lon="9.4443184">
        <ele>682.5</ele>
        <time>2026-09-15T13:29:48Z</time>
        <extensions>
          <gpxdata:distance>11034.52</gpxdata:distance>
          <gpxdata:speed>0.951</gpxdata:speed>
        </extensions>
      </trkpt>
      <trkpt lat="46.6974950" lon="9.4442904">
        <ele>682.6</ele>
        <time>2026-09-15T13:29:52Z</time>
        <extensions>
          <gpxdata:distance>11038.20</gpxdata:distance>
          <gpxdata:speed>0.949</gpxdata:speed>
        </extensions>
      </trkpt>
      <trkpt lat="46.6974950" lon="9.4442904">
        <ele>682.6</ele>
        <time>2026-09-15T13:29:52Z</time>
        <extensions>
          <gpxdata:distance>11038.20</gpxdata:distance>
          <gpxdata:speed>0.000</gpxdata:speed>
        </extensions>
      </trkpt>
      <trkpt lat="46.6974780" lon="9.4442514">
        <ele>683.0</ele>
        <time>2026-09-15T13:29:56Z</time>
        <extensions>
          <gpxdata:distance>11041.73</gpxdata:distance>
          <gpxdata:speed>0.942</gpxdata:speed>
        </extensions>
      </trkpt>
      <trkpt lat="46.6974790" lon="9.4441984">
        <ele>683.3</ele>
        <time>2026-09-15T13:30:00Z</time>
        <extensions>
          <gpxdata:distance>11045.77</gpxdata:distance>
          <gpxdata:speed>0.935</gpxdata:speed>
        </extensions>
      </trkpt>
      <trkpt lat="46.6974790" lon="9.4441984">
        <ele>683.3</ele>
        <time>2026-09-15T13:30:00Z</time>
        <extensions>
          <gpxdata:distance>11045.77</gpxdata:distance>
          <gpxdata:speed>0.000</gpxdata:speed>
        </extensions>
      </trkpt>
      <trkpt lat="46.6974800" lon="9.4441464">
        <ele>683.5</ele>
        <time>2026-09-15T13:30:04Z</time>
        <extensions>
          <gpxdata:distance>11049.74</gpxdata:distance>
          <gpxdata:speed>0.928</gpxdata:speed>
        </extensions>
      </trkpt>
      <trkpt lat="46.6975090" lon="9.4440294">
        <ele>683.7</ele>
        <time>2026-09-15T13:30:15Z</time>
        <extensions>
          <gpxdata:distance>11059.22</gpxdata:distance>
          <gpxdata:speed>0.903</gpxdata:speed>
        </extensions>
      </trkpt>
      <trkpt lat="46.6975570" lon="9.4438614">
        <ele>684.3</ele>
        <time>2026-09-15T13:30:30Z</time>
        <extensions>
          <gpxdata:distance>11073.10</gpxdata:distance>
          <gpxdata:speed>0.893</gpxdata:speed>
        </extensions>
      </trkpt>
      <trkpt lat="46.6975860" lon="9.4437583">
        <ele>684.8</ele>
        <time>2026-09-15T13:30:40Z</time>
        <extensions>
          <gpxdata:distance>11081.60</gpxdata:distance>
          <gpxdata:speed>0.888</gpxdata:speed>
        </extensions>
      </trkpt>
      <trkpt lat="46.6975960" lon="9.4436533">
        <ele>685.5</ele>
        <time>2026-09-15T13:30:49Z</time>
        <extensions>
          <gpxdata:distance>11089.69</gpxdata:distance>
          <gpxdata:speed>0.869</gpxdata:speed>
        </extensions>
      </trkpt>
      <trkpt lat="46.6975970" lon="9.4436273">
        <ele>685.7</ele>
        <time>2026-09-15T13:30:51Z</time>
        <extensions>
          <gpxdata:distance>11091.67</gpxdata:distance>
          <gpxdata:speed>0.864</gpxdata:speed>
        </extensions>
      </trkpt>
      <trkpt lat="46.6975970" lon="9.4436273">
        <ele>685.7</ele>
        <time>2026-09-15T13:30:51Z</time>
        <extensions>
          <gpxdata:distance>11091.67</gpxdata:distance>
          <gpxdata:speed>0.000</gpxdata:speed>
        </extensions>
      </trkpt>
      <trkpt lat="46.6976080" lon="9.4435233">
        <ele>686.4</ele>
        <time>2026-09-15T13:31:01Z</time>
        <extensions>
          <gpxdata:distance>11099.70</gpxdata:distance>
          <gpxdata:speed>0.866</gpxdata:speed>
        </extensions>
      </trkpt>
      <trkpt lat="46.6976100" lon="9.4433793">
        <ele>687.5</ele>
        <time>2026-09-15T13:31:14Z</time>
        <extensions>
          <gpxdata:distance>11110.68</gpxdata:distance>
          <gpxdata:speed>0.847</gpxdata:speed>
        </extensions>
      </trkpt>
      <trkpt lat="46.6976040" lon="9.4432093">
        <ele>688.8</ele>
        <time>2026-09-15T13:31:29Z</time>
        <extensions>
          <gpxdata:distance>11123.66</gpxdata:distance>
          <gpxdata:speed>0.828</gpxdata:speed>
        </extensions>
      </trkpt>
      <trkpt lat="46.6976040" lon="9.4432093">
        <ele>688.8</ele>
        <time>2026-09-15T13:31:29Z</time>
        <extensions>
          <gpxdata:distance>11123.66</gpxdata:distance>
          <gpxdata:speed>0.000</gpxdata:speed>
        </extensions>
      </trkpt>
      <trkpt lat="46.6976010" lon="9.4428563">
        <ele>691.3</ele>
        <time>2026-09-15T13:32:04Z</time>
        <extensions>
          <gpxdata:distance>11150.59</gpxdata:distance>
          <gpxdata:speed>0.779</gpxdata:speed>
        </extensions>
      </trkpt>
      <trkpt lat="46.6976010" lon="9.4428563">
        <ele>691.3</ele>
        <time>2026-09-15T13:32:04Z</time>
        <extensions>
          <gpxdata:distance>11150.59</gpxdata:distance>
          <gpxdata:speed>0.000</gpxdata:speed>
        </extensions>
      </trkpt>
      <trkpt lat="46.6975890" lon="9.4425543">
        <ele>692.9</ele>
        <time>2026-09-15T13:32:33Z</time>
        <extensions>
          <gpxdata:distance>11173.66</gpxdata:distance>
          <gpxdata:speed>0.785</gpxdata:speed>
        </extensions>
      </trkpt>
      <trkpt lat="46.6975740" lon="9.4423713">
        <ele>693.7</ele>
        <time>2026-09-15T13:32:51Z</time>
        <extensions>
          <gpxdata:distance>11187.71</gpxdata:distance>
          <gpxdata:speed>0.798</gpxdata:speed>
        </extensions>
      </trkpt>
      <trkpt lat="46.6975510" lon="9.4421223">
        <ele>694.5</ele>
        <time>2026-09-15T13:33:14Z</time>
        <extensions>
          <gpxdata:distance>11206.87</gpxdata:distance>
          <gpxdata:speed>0.816</gpxdata:speed>
        </extensions>
      </trkpt>
      <trkpt lat="46.6975440" lon="9.4420173">
        <ele>694.7</ele>
        <time>2026-09-15T13:33:24Z</time>
        <extensions>
          <gpxdata:distance>11214.92</gpxdata:distance>
          <gpxdata:speed>0.827</gpxdata:speed>
        </extensions>
      </trkpt>
      <trkpt lat="46.6975190" lon="9.4419113">
        <ele>694.9</ele>
        <time>2026-09-15T13:33:34Z</time>
        <extensions>
          <gpxdata:distance>11223.47</gpxdata:distance>
          <gpxdata:speed>0.844</gpxdata:speed>
        </extensions>
      </trkpt>
      <trkpt lat="46.6975190" lon="9.4419113">
        <ele>694.9</ele>
        <time>2026-09-15T13:33:34Z</time>
        <extensions>
          <gpxdata:distance>11223.47</gpxdata:distance>
          <gpxdata:speed>0.000</gpxdata:speed>
        </extensions>
      </trkpt>
      <trkpt lat="46.6981350" lon="9.4416983">
        <ele>693.3</ele>
        <time>2026-09-15T13:34:49Z</time>
        <extensions>
          <gpxdata:distance>11293.86</gpxdata:distance>
          <gpxdata:speed>0.945</gpxdata:speed>
        </extensions>
      </trkpt>
      <trkpt lat="46.6984150" lon="9.4416173">
        <ele>692.7</ele>
        <time>2026-09-15T13:35:21Z</time>
        <extensions>
          <gpxdata:distance>11325.60</gpxdata:distance>
          <gpxdata:speed>0.992</gpxdata:speed>
        </extensions>
      </trkpt>
      <trkpt lat="46.6984150" lon="9.4416173">
        <ele>692.7</ele>
        <time>2026-09-15T13:35:21Z</time>
        <extensions>
          <gpxdata:distance>11325.60</gpxdata:distance>
          <gpxdata:speed>0.000</gpxdata:speed>
        </extensions>
      </trkpt>
      <trkpt lat="46.6983990" lon="9.4415123">
        <ele>692.9</ele>
        <time>2026-09-15T13:35:29Z</time>
        <extensions>
          <gpxdata:distance>11333.81</gpxdata:distance>
          <gpxdata:speed>1.012</gpxdata:speed>
        </extensions>
      </trkpt>
      <trkpt lat="46.6983990" lon="9.4415123">
        <ele>692.9</ele>
        <time>2026-09-15T13:35:29Z</time>
        <extensions>
          <gpxdata:distance>11333.81</gpxdata:distance>
          <gpxdata:speed>0.000</gpxdata:speed>
        </extensions>
      </trkpt>
      <trkpt lat="46.6983520" lon="9.4411182">
        <ele>693.6</ele>
        <time>2026-09-15T13:35:59Z</time>
        <extensions>
          <gpxdata:distance>11364.31</gpxdata:distance>
          <gpxdata:speed>1.005</gpxdata:speed>
        </extensions>
      </trkpt>
      <trkpt lat="46.6983270" lon="9.4410262">
        <ele>692.8</ele>
        <time>2026-09-15T13:36:07Z</time>
        <extensions>
          <gpxdata:distance>11371.86</gpxdata:distance>
          <gpxdata:speed>0.997</gpxdata:speed>
        </extensions>
      </trkpt>
      <trkpt lat="46.6983270" lon="9.4410262">
        <ele>692.8</ele>
        <time>2026-09-15T13:36:07Z</time>
        <extensions>
          <gpxdata:distance>11371.86</gpxdata:distance>
          <gpxdata:speed>0.000</gpxdata:speed>
        </extensions>
      </trkpt>
      <trkpt lat="46.6982770" lon="9.4407882">
        <ele>692.8</ele>
        <time>2026-09-15T13:36:26Z</time>
        <extensions>
          <gpxdata:distance>11390.84</gpxdata:distance>
          <gpxdata:speed>0.996</gpxdata:speed>
        </extensions>
      </trkpt>
      <trkpt lat="46.6982770" lon="9.4407882">
        <ele>692.8</ele>
        <time>2026-09-15T13:36:26Z</time>
        <extensions>
          <gpxdata:distance>11390.84</gpxdata:distance>
          <gpxdata:speed>0.000</gpxdata:speed>
        </extensions>
      </trkpt>
      <trkpt lat="46.6982440" lon="9.4405912">
        <ele>692.8</ele>
        <time>2026-09-15T13:36:41Z</time>
        <extensions>
          <gpxdata:distance>11406.31</gpxdata:distance>
          <gpxdata:speed>1.009</gpxdata:speed>
        </extensions>
      </trkpt>
      <trkpt lat="46.6982440" lon="9.4405912">
        <ele>692.8</ele>
        <time>2026-09-15T13:36:41Z</time>
        <extensions>
          <gpxdata:distance>11406.31</gpxdata:distance>
          <gpxdata:speed>0.000</gpxdata:speed>
        </extensions>
      </trkpt>
      <trkpt lat="46.6982190" lon="9.4404722">
        <ele>692.8</ele>
        <time>2026-09-15T13:36:50Z</time>
        <extensions>
          <gpxdata:distance>11415.80</gpxdata:distance>
          <gpxdata:speed>1.011</gpxdata:speed>
        </extensions>
      </trkpt>
      <trkpt lat="46.6982190" lon="9.4404722">
        <ele>692.8</ele>
        <time>2026-09-15T13:36:50Z</time>
        <extensions>
          <gpxdata:distance>11415.80</gpxdata:distance>
          <gpxdata:speed>0.000</gpxdata:speed>
        </extensions>
      </trkpt>
      <trkpt lat="46.6982280" lon="9.4404732">
        <ele>693.5</ele>
        <time>2026-09-15T13:36:51Z</time>
        <extensions>
          <gpxdata:distance>11416.80</gpxdata:distance>
          <gpxdata:speed>1.010</gpxdata:speed>
        </extensions>
      </trkpt>
      <trkpt lat="46.6982370" lon="9.4404732">
        <ele>693.6</ele>
        <time>2026-09-15T13:36:53Z</time>
        <extensions>
          <gpxdata:distance>11417.80</gpxdata:distance>
          <gpxdata:speed>0.968</gpxdata:speed>
        </extensions>
      </trkpt>
      <trkpt lat="46.6982460" lon="9.4404862">
        <ele>693.7</ele>
        <time>2026-09-15T13:36:54Z</time>
        <extensions>
          <gpxdata:distance>11419.21</gpxdata:distance>
          <gpxdata:speed>0.964</gpxdata:speed>
        </extensions>
      </trkpt>
      <trkpt lat="46.6982550" lon="9.4404872">
        <ele>693.9</ele>
        <time>2026-09-15T13:36:55Z</time>
        <extensions>
          <gpxdata:distance>11420.21</gpxdata:distance>
          <gpxdata:speed>0.917</gpxdata:speed>
        </extensions>
      </trkpt>
      <trkpt lat="46.6982640" lon="9.4405002">
        <ele>693.9</ele>
        <time>2026-09-15T13:36:57Z</time>
        <extensions>
          <gpxdata:distance>11421.62</gpxdata:distance>
          <gpxdata:speed>0.922</gpxdata:speed>
        </extensions>
      </trkpt>
      <trkpt lat="46.6982640" lon="9.4405132">
        <ele>694.0</ele>
        <time>2026-09-15T13:36:58Z</time>
        <extensions>
          <gpxdata:distance>11422.61</gpxdata:distance>
          <gpxdata:speed>0.823</gpxdata:speed>
        </extensions>
      </trkpt>
      <trkpt lat="46.6982720" lon="9.4405272">
        <ele>694.2</ele>
        <time>2026-09-15T13:37:00Z</time>
        <extensions>
          <gpxdata:distance>11424.00</gpxdata:distance>
          <gpxdata:speed>0.809</gpxdata:speed>
        </extensions>
      </trkpt>
      <trkpt lat="46.6982720" lon="9.4405532">
        <ele>694.3</ele>
        <time>2026-09-15T13:37:03Z</time>
        <extensions>
          <gpxdata:distance>11425.99</gpxdata:distance>
          <gpxdata:speed>0.637</gpxdata:speed>
        </extensions>
      </trkpt>
      <trkpt lat="46.6982630" lon="9.4405652">
        <ele>694.5</ele>
        <time>2026-09-15T13:37:05Z</time>
        <extensions>
          <gpxdata:distance>11427.34</gpxdata:distance>
          <gpxdata:speed>0.637</gpxdata:speed>
        </extensions>
      </trkpt>
      <trkpt lat="46.6982530" lon="9.4405782">
        <ele>694.7</ele>
        <time>2026-09-15T13:37:07Z</time>
        <extensions>
          <gpxdata:distance>11428.83</gpxdata:distance>
          <gpxdata:speed>0.755</gpxdata:speed>
        </extensions>
      </trkpt>
      <trkpt lat="46.6982440" lon="9.4405912">
        <ele>694.8</ele>
        <time>2026-09-15T13:37:09Z</time>
        <extensions>
          <gpxdata:distance>11430.24</gpxdata:distance>
          <gpxdata:speed>0.763</gpxdata:speed>
        </extensions>
      </trkpt>
      <trkpt lat="46.6982440" lon="9.4405912">
        <ele>694.8</ele>
        <time>2026-09-15T13:37:09Z</time>
        <extensions>
          <gpxdata:distance>11430.24</gpxdata:distance>
          <gpxdata:speed>0.000</gpxdata:speed>
        </extensions>
      </trkpt>
      <trkpt lat="46.6982260" lon="9.4406032">
        <ele>695.0</ele>
        <time>2026-09-15T13:37:11Z</time>
        <extensions>
          <gpxdata:distance>11432.44</gpxdata:distance>
          <gpxdata:speed>0.780</gpxdata:speed>
        </extensions>
      </trkpt>
      <trkpt lat="46.6982080" lon="9.4405902">
        <ele>695.2</ele>
        <time>2026-09-15T13:37:14Z</time>
        <extensions>
          <gpxdata:distance>11434.68</gpxdata:distance>
          <gpxdata:speed>0.755</gpxdata:speed>
        </extensions>
      </trkpt>
      <trkpt lat="46.6982080" lon="9.4405902">
        <ele>695.3</ele>
        <time>2026-09-15T13:37:14Z</time>
        <extensions>
          <gpxdata:distance>11434.68</gpxdata:distance>
          <gpxdata:speed>0.000</gpxdata:speed>
        </extensions>
      </trkpt>
      <trkpt lat="46.6981900" lon="9.4405762">
        <ele>695.4</ele>
        <time>2026-09-15T13:37:17Z</time>
        <extensions>
          <gpxdata:distance>11436.94</gpxdata:distance>
          <gpxdata:speed>0.773</gpxdata:speed>
        </extensions>
      </trkpt>
      <trkpt lat="46.6981900" lon="9.4405762">
        <ele>695.5</ele>
        <time>2026-09-15T13:37:17Z</time>
        <extensions>
          <gpxdata:distance>11436.94</gpxdata:distance>
          <gpxdata:speed>0.000</gpxdata:speed>
        </extensions>
      </trkpt>
      <trkpt lat="46.6981820" lon="9.4405492">
        <ele>695.7</ele>
        <time>2026-09-15T13:37:20Z</time>
        <extensions>
          <gpxdata:distance>11439.19</gpxdata:distance>
          <gpxdata:speed>0.751</gpxdata:speed>
        </extensions>
      </trkpt>
      <trkpt lat="46.6981820" lon="9.4405362">
        <ele>695.8</ele>
        <time>2026-09-15T13:37:22Z</time>
        <extensions>
          <gpxdata:distance>11440.18</gpxdata:distance>
          <gpxdata:speed>0.762</gpxdata:speed>
        </extensions>
      </trkpt>
      <trkpt lat="46.6981820" lon="9.4405232">
        <ele>695.9</ele>
        <time>2026-09-15T13:37:23Z</time>
        <extensions>
          <gpxdata:distance>11441.17</gpxdata:distance>
          <gpxdata:speed>0.752</gpxdata:speed>
        </extensions>
      </trkpt>
      <trkpt lat="46.6981830" lon="9.4405102">
        <ele>696.0</ele>
        <time>2026-09-15T13:37:24Z</time>
        <extensions>
          <gpxdata:distance>11442.17</gpxdata:distance>
          <gpxdata:speed>0.752</gpxdata:speed>
        </extensions>
      </trkpt>
      <trkpt lat="46.6981920" lon="9.4404842">
        <ele>696.2</ele>
        <time>2026-09-15T13:37:27Z</time>
        <extensions>
          <gpxdata:distance>11444.39</gpxdata:distance>
          <gpxdata:speed>0.753</gpxdata:speed>
        </extensions>
      </trkpt>
      <trkpt lat="46.6982010" lon="9.4404852">
        <ele>696.3</ele>
        <time>2026-09-15T13:37:29Z</time>
        <extensions>
          <gpxdata:distance>11445.39</gpxdata:distance>
          <gpxdata:speed>0.747</gpxdata:speed>
        </extensions>
      </trkpt>
      <trkpt lat="46.6982100" lon="9.4404722">
        <ele>696.4</ele>
        <time>2026-09-15T13:37:30Z</time>
        <extensions>
          <gpxdata:distance>11446.80</gpxdata:distance>
          <gpxdata:speed>0.778</gpxdata:speed>
        </extensions>
      </trkpt>
      <trkpt lat="46.6981850" lon="9.4403532">
        <ele>697.4</ele>
        <time>2026-09-15T13:37:43Z</time>
        <extensions>
          <gpxdata:distance>11456.29</gpxdata:distance>
          <gpxdata:speed>0.746</gpxdata:speed>
        </extensions>
      </trkpt>
    </trkseg>
  </trk>
</gpx>